[2026-08-12T04:31:13.937+0000] {processor.py:186} INFO - Started process (PID=122) to work on /home/airflow/.local/lib/python3.12/site-packages/airflow/example_dags/plugins/event_listener.py
[2026-08-12T04:31:13.939+0000] {processor.py:914} INFO - Processing file /home/airflow/.local/lib/python3.12/site-packages/airflow/example_dags/plugins/event_listener.py for tasks to queue
[2026-08-12T04:31:13.943+0000] {logging_mixin.py:190} INFO - [2026-08-12T04:31:13.942+0000] {dagbag.py:587} INFO - Filling up the DagBag from /home/airflow/.local/lib/python3.12/site-packages/airflow/example_dags/plugins/event_listener.py
[2026-08-12T04:31:13.946+0000] {processor.py:927} WARNING - No viable dags retrieved from /home/airflow/.local/lib/python3.12/site-packages/airflow/example_dags/plugins/event_listener.py
[2026-08-12T04:31:13.961+0000] {processor.py:208} INFO - Processing /home/airflow/.local/lib/python3.12/site-packages/airflow/example_dags/plugins/event_listener.py took 0.030 seconds
[2026-08-12T04:31:44.310+0000] {processor.py:186} INFO - Started process (PID=184) to work on /home/airflow/.local/lib/python3.12/site-packages/airflow/example_dags/plugins/event_listener.py
[2026-08-12T04:31:44.312+0000] {processor.py:914} INFO - Processing file /home/airflow/.local/lib/python3.12/site-packages/airflow/example_dags/plugins/event_listener.py for tasks to queue
[2026-08-12T04:31:44.316+0000] {logging_mixin.py:190} INFO - [2026-08-12T04:31:44.315+0000] {dagbag.py:587} INFO - Filling up the DagBag from /home/airflow/.local/lib/python3.12/site-packages/airflow/example_dags/plugins/event_listener.py
[2026-08-12T04:31:44.319+0000] {processor.py:927} WARNING - No viable dags retrieved from /home/airflow/.local/lib/python3.12/site-packages/airflow/example_dags/plugins/event_listener.py
[2026-08-12T04:31:44.337+0000] {processor.py:208} INFO - Processing /home/airflow/.local/lib/python3.12/site-packages/airflow/example_dags/plugins/event_listener.py took 0.033 seconds
[2026-08-12T04:33:03.016+0000] {processor.py:186} INFO - Started process (PID=116) to work on /home/airflow/.local/lib/python3.12/site-packages/airflow/example_dags/plugins/event_listener.py
[2026-08-12T04:33:03.019+0000] {processor.py:914} INFO - Processing file /home/airflow/.local/lib/python3.12/site-packages/airflow/example_dags/plugins/event_listener.py for tasks to queue
[2026-08-12T04:33:03.025+0000] {logging_mixin.py:190} INFO - [2026-08-12T04:33:03.024+0000] {dagbag.py:587} INFO - Filling up the DagBag from /home/airflow/.local/lib/python3.12/site-packages/airflow/example_dags/plugins/event_listener.py
[2026-08-12T04:33:03.032+0000] {processor.py:927} WARNING - No viable dags retrieved from /home/airflow/.local/lib/python3.12/site-packages/airflow/example_dags/plugins/event_listener.py
[2026-08-12T04:33:03.052+0000] {processor.py:208} INFO - Processing /home/airflow/.local/lib/python3.12/site-packages/airflow/example_dags/plugins/event_listener.py took 0.045 seconds
[2026-08-12T04:33:34.034+0000] {processor.py:186} INFO - Started process (PID=178) to work on /home/airflow/.local/lib/python3.12/site-packages/airflow/example_dags/plugins/event_listener.py
[2026-08-12T04:33:34.040+0000] {processor.py:914} INFO - Processing file /home/airflow/.local/lib/python3.12/site-packages/airflow/example_dags/plugins/event_listener.py for tasks to queue
[2026-08-12T04:33:34.046+0000] {logging_mixin.py:190} INFO - [2026-08-12T04:33:34.045+0000] {dagbag.py:587} INFO - Filling up the DagBag from /home/airflow/.local/lib/python3.12/site-packages/airflow/example_dags/plugins/event_listener.py
[2026-08-12T04:33:34.051+0000] {processor.py:927} WARNING - No viable dags retrieved from /home/airflow/.local/lib/python3.12/site-packages/airflow/example_dags/plugins/event_listener.py
[2026-08-12T04:33:34.073+0000] {processor.py:208} INFO - Processing /home/airflow/.local/lib/python3.12/site-packages/airflow/example_dags/plugins/event_listener.py took 0.047 seconds
[2026-08-12T04:34:04.551+0000] {processor.py:186} INFO - Started process (PID=240) to work on /home/airflow/.local/lib/python3.12/site-packages/airflow/example_dags/plugins/event_listener.py
[2026-08-12T04:34:04.555+0000] {processor.py:914} INFO - Processing file /home/airflow/.local/lib/python3.12/site-packages/airflow/example_dags/plugins/event_listener.py for tasks to queue
[2026-08-12T04:34:04.558+0000] {logging_mixin.py:190} INFO - [2026-08-12T04:34:04.558+0000] {dagbag.py:587} INFO - Filling up the DagBag from /home/airflow/.local/lib/python3.12/site-packages/airflow/example_dags/plugins/event_listener.py
[2026-08-12T04:34:04.562+0000] {processor.py:927} WARNING - No viable dags retrieved from /home/airflow/.local/lib/python3.12/site-packages/airflow/example_dags/plugins/event_listener.py
[2026-08-12T04:34:04.582+0000] {processor.py:208} INFO - Processing /home/airflow/.local/lib/python3.12/site-packages/airflow/example_dags/plugins/event_listener.py took 0.036 seconds
[2026-08-12T04:34:35.286+0000] {processor.py:186} INFO - Started process (PID=302) to work on /home/airflow/.local/lib/python3.12/site-packages/airflow/example_dags/plugins/event_listener.py
[2026-08-12T04:34:35.288+0000] {processor.py:914} INFO - Processing file /home/airflow/.local/lib/python3.12/site-packages/airflow/example_dags/plugins/event_listener.py for tasks to queue
[2026-08-12T04:34:35.292+0000] {logging_mixin.py:190} INFO - [2026-08-12T04:34:35.292+0000] {dagbag.py:587} INFO - Filling up the DagBag from /home/airflow/.local/lib/python3.12/site-packages/airflow/example_dags/plugins/event_listener.py
[2026-08-12T04:34:35.296+0000] {processor.py:927} WARNING - No viable dags retrieved from /home/airflow/.local/lib/python3.12/site-packages/airflow/example_dags/plugins/event_listener.py
[2026-08-12T04:34:35.325+0000] {processor.py:208} INFO - Processing /home/airflow/.local/lib/python3.12/site-packages/airflow/example_dags/plugins/event_listener.py took 0.046 seconds
[2026-08-12T04:35:06.020+0000] {processor.py:186} INFO - Started process (PID=364) to work on /home/airflow/.local/lib/python3.12/site-packages/airflow/example_dags/plugins/event_listener.py
[2026-08-12T04:35:06.022+0000] {processor.py:914} INFO - Processing file /home/airflow/.local/lib/python3.12/site-packages/airflow/example_dags/plugins/event_listener.py for tasks to queue
[2026-08-12T04:35:06.026+0000] {logging_mixin.py:190} INFO - [2026-08-12T04:35:06.026+0000] {dagbag.py:587} INFO - Filling up the DagBag from /home/airflow/.local/lib/python3.12/site-packages/airflow/example_dags/plugins/event_listener.py
[2026-08-12T04:35:06.030+0000] {processor.py:927} WARNING - No viable dags retrieved from /home/airflow/.local/lib/python3.12/site-packages/airflow/example_dags/plugins/event_listener.py
[2026-08-12T04:35:06.047+0000] {processor.py:208} INFO - Processing /home/airflow/.local/lib/python3.12/site-packages/airflow/example_dags/plugins/event_listener.py took 0.033 seconds
[2026-08-12T04:35:36.384+0000] {processor.py:186} INFO - Started process (PID=426) to work on /home/airflow/.local/lib/python3.12/site-packages/airflow/example_dags/plugins/event_listener.py
[2026-08-12T04:35:36.386+0000] {processor.py:914} INFO - Processing file /home/airflow/.local/lib/python3.12/site-packages/airflow/example_dags/plugins/event_listener.py for tasks to queue
[2026-08-12T04:35:36.390+0000] {logging_mixin.py:190} INFO - [2026-08-12T04:35:36.390+0000] {dagbag.py:587} INFO - Filling up the DagBag from /home/airflow/.local/lib/python3.12/site-packages/airflow/example_dags/plugins/event_listener.py
[2026-08-12T04:35:36.394+0000] {processor.py:927} WARNING - No viable dags retrieved from /home/airflow/.local/lib/python3.12/site-packages/airflow/example_dags/plugins/event_listener.py
[2026-08-12T04:35:36.421+0000] {processor.py:208} INFO - Processing /home/airflow/.local/lib/python3.12/site-packages/airflow/example_dags/plugins/event_listener.py took 0.044 seconds
[2026-08-12T04:36:07.002+0000] {processor.py:186} INFO - Started process (PID=488) to work on /home/airflow/.local/lib/python3.12/site-packages/airflow/example_dags/plugins/event_listener.py
[2026-08-12T04:36:07.005+0000] {processor.py:914} INFO - Processing file /home/airflow/.local/lib/python3.12/site-packages/airflow/example_dags/plugins/event_listener.py for tasks to queue
[2026-08-12T04:36:07.010+0000] {logging_mixin.py:190} INFO - [2026-08-12T04:36:07.010+0000] {dagbag.py:587} INFO - Filling up the DagBag from /home/airflow/.local/lib/python3.12/site-packages/airflow/example_dags/plugins/event_listener.py
[2026-08-12T04:36:07.014+0000] {processor.py:927} WARNING - No viable dags retrieved from /home/airflow/.local/lib/python3.12/site-packages/airflow/example_dags/plugins/event_listener.py
[2026-08-12T04:36:07.030+0000] {processor.py:208} INFO - Processing /home/airflow/.local/lib/python3.12/site-packages/airflow/example_dags/plugins/event_listener.py took 0.036 seconds
[2026-08-12T04:36:37.493+0000] {processor.py:186} INFO - Started process (PID=550) to work on /home/airflow/.local/lib/python3.12/site-packages/airflow/example_dags/plugins/event_listener.py
[2026-08-12T04:36:37.497+0000] {processor.py:914} INFO - Processing file /home/airflow/.local/lib/python3.12/site-packages/airflow/example_dags/plugins/event_listener.py for tasks to queue
[2026-08-12T04:36:37.502+0000] {logging_mixin.py:190} INFO - [2026-08-12T04:36:37.501+0000] {dagbag.py:587} INFO - Filling up the DagBag from /home/airflow/.local/lib/python3.12/site-packages/airflow/example_dags/plugins/event_listener.py
[2026-08-12T04:36:37.509+0000] {processor.py:927} WARNING - No viable dags retrieved from /home/airflow/.local/lib/python3.12/site-packages/airflow/example_dags/plugins/event_listener.py
[2026-08-12T04:36:37.531+0000] {processor.py:208} INFO - Processing /home/airflow/.local/lib/python3.12/site-packages/airflow/example_dags/plugins/event_listener.py took 0.048 seconds
[2026-08-12T04:37:07.962+0000] {processor.py:186} INFO - Started process (PID=612) to work on /home/airflow/.local/lib/python3.12/site-packages/airflow/example_dags/plugins/event_listener.py
[2026-08-12T04:37:07.965+0000] {processor.py:914} INFO - Processing file /home/airflow/.local/lib/python3.12/site-packages/airflow/example_dags/plugins/event_listener.py for tasks to queue
[2026-08-12T04:37:07.969+0000] {logging_mixin.py:190} INFO - [2026-08-12T04:37:07.968+0000] {dagbag.py:587} INFO - Filling up the DagBag from /home/airflow/.local/lib/python3.12/site-packages/airflow/example_dags/plugins/event_listener.py
[2026-08-12T04:37:07.972+0000] {processor.py:927} WARNING - No viable dags retrieved from /home/airflow/.local/lib/python3.12/site-packages/airflow/example_dags/plugins/event_listener.py
[2026-08-12T04:37:07.991+0000] {processor.py:208} INFO - Processing /home/airflow/.local/lib/python3.12/site-packages/airflow/example_dags/plugins/event_listener.py took 0.035 seconds
[2026-08-12T04:37:38.169+0000] {processor.py:186} INFO - Started process (PID=674) to work on /home/airflow/.local/lib/python3.12/site-packages/airflow/example_dags/plugins/event_listener.py
[2026-08-12T04:37:38.172+0000] {processor.py:914} INFO - Processing file /home/airflow/.local/lib/python3.12/site-packages/airflow/example_dags/plugins/event_listener.py for tasks to queue
[2026-08-12T04:37:38.177+0000] {logging_mixin.py:190} INFO - [2026-08-12T04:37:38.176+0000] {dagbag.py:587} INFO - Filling up the DagBag from /home/airflow/.local/lib/python3.12/site-packages/airflow/example_dags/plugins/event_listener.py
[2026-08-12T04:37:38.180+0000] {processor.py:927} WARNING - No viable dags retrieved from /home/airflow/.local/lib/python3.12/site-packages/airflow/example_dags/plugins/event_listener.py
[2026-08-12T04:37:38.196+0000] {processor.py:208} INFO - Processing /home/airflow/.local/lib/python3.12/site-packages/airflow/example_dags/plugins/event_listener.py took 0.034 seconds
[2026-08-12T04:38:08.303+0000] {processor.py:186} INFO - Started process (PID=735) to work on /home/airflow/.local/lib/python3.12/site-packages/airflow/example_dags/plugins/event_listener.py
[2026-08-12T04:38:08.306+0000] {processor.py:914} INFO - Processing file /home/airflow/.local/lib/python3.12/site-packages/airflow/example_dags/plugins/event_listener.py for tasks to queue
[2026-08-12T04:38:08.311+0000] {logging_mixin.py:190} INFO - [2026-08-12T04:38:08.311+0000] {dagbag.py:587} INFO - Filling up the DagBag from /home/airflow/.local/lib/python3.12/site-packages/airflow/example_dags/plugins/event_listener.py
[2026-08-12T04:38:08.315+0000] {processor.py:927} WARNING - No viable dags retrieved from /home/airflow/.local/lib/python3.12/site-packages/airflow/example_dags/plugins/event_listener.py
[2026-08-12T04:38:08.338+0000] {processor.py:208} INFO - Processing /home/airflow/.local/lib/python3.12/site-packages/airflow/example_dags/plugins/event_listener.py took 0.043 seconds
[2026-08-12T04:38:38.539+0000] {processor.py:186} INFO - Started process (PID=797) to work on /home/airflow/.local/lib/python3.12/site-packages/airflow/example_dags/plugins/event_listener.py
[2026-08-12T04:38:38.543+0000] {processor.py:914} INFO - Processing file /home/airflow/.local/lib/python3.12/site-packages/airflow/example_dags/plugins/event_listener.py for tasks to queue
[2026-08-12T04:38:38.547+0000] {logging_mixin.py:190} INFO - [2026-08-12T04:38:38.547+0000] {dagbag.py:587} INFO - Filling up the DagBag from /home/airflow/.local/lib/python3.12/site-packages/airflow/example_dags/plugins/event_listener.py
[2026-08-12T04:38:38.552+0000] {processor.py:927} WARNING - No viable dags retrieved from /home/airflow/.local/lib/python3.12/site-packages/airflow/example_dags/plugins/event_listener.py
[2026-08-12T04:38:38.572+0000] {processor.py:208} INFO - Processing /home/airflow/.local/lib/python3.12/site-packages/airflow/example_dags/plugins/event_listener.py took 0.043 seconds
[2026-08-12T04:39:08.653+0000] {processor.py:186} INFO - Started process (PID=859) to work on /home/airflow/.local/lib/python3.12/site-packages/airflow/example_dags/plugins/event_listener.py
[2026-08-12T04:39:08.655+0000] {processor.py:914} INFO - Processing file /home/airflow/.local/lib/python3.12/site-packages/airflow/example_dags/plugins/event_listener.py for tasks to queue
[2026-08-12T04:39:08.659+0000] {logging_mixin.py:190} INFO - [2026-08-12T04:39:08.658+0000] {dagbag.py:587} INFO - Filling up the DagBag from /home/airflow/.local/lib/python3.12/site-packages/airflow/example_dags/plugins/event_listener.py
[2026-08-12T04:39:08.663+0000] {processor.py:927} WARNING - No viable dags retrieved from /home/airflow/.local/lib/python3.12/site-packages/airflow/example_dags/plugins/event_listener.py
[2026-08-12T04:39:08.678+0000] {processor.py:208} INFO - Processing /home/airflow/.local/lib/python3.12/site-packages/airflow/example_dags/plugins/event_listener.py took 0.030 seconds
[2026-08-12T04:39:40.074+0000] {processor.py:186} INFO - Started process (PID=921) to work on /home/airflow/.local/lib/python3.12/site-packages/airflow/example_dags/plugins/event_listener.py
[2026-08-12T04:39:40.080+0000] {processor.py:914} INFO - Processing file /home/airflow/.local/lib/python3.12/site-packages/airflow/example_dags/plugins/event_listener.py for tasks to queue
[2026-08-12T04:39:40.088+0000] {logging_mixin.py:190} INFO - [2026-08-12T04:39:40.087+0000] {dagbag.py:587} INFO - Filling up the DagBag from /home/airflow/.local/lib/python3.12/site-packages/airflow/example_dags/plugins/event_listener.py
[2026-08-12T04:39:40.094+0000] {processor.py:927} WARNING - No viable dags retrieved from /home/airflow/.local/lib/python3.12/site-packages/airflow/example_dags/plugins/event_listener.py
[2026-08-12T04:39:40.110+0000] {processor.py:208} INFO - Processing /home/airflow/.local/lib/python3.12/site-packages/airflow/example_dags/plugins/event_listener.py took 0.053 seconds
[2026-08-12T04:40:10.392+0000] {processor.py:186} INFO - Started process (PID=983) to work on /home/airflow/.local/lib/python3.12/site-packages/airflow/example_dags/plugins/event_listener.py
[2026-08-12T04:40:10.395+0000] {processor.py:914} INFO - Processing file /home/airflow/.local/lib/python3.12/site-packages/airflow/example_dags/plugins/event_listener.py for tasks to queue
[2026-08-12T04:40:10.399+0000] {logging_mixin.py:190} INFO - [2026-08-12T04:40:10.398+0000] {dagbag.py:587} INFO - Filling up the DagBag from /home/airflow/.local/lib/python3.12/site-packages/airflow/example_dags/plugins/event_listener.py
[2026-08-12T04:40:10.405+0000] {processor.py:927} WARNING - No viable dags retrieved from /home/airflow/.local/lib/python3.12/site-packages/airflow/example_dags/plugins/event_listener.py
[2026-08-12T04:40:10.427+0000] {processor.py:208} INFO - Processing /home/airflow/.local/lib/python3.12/site-packages/airflow/example_dags/plugins/event_listener.py took 0.041 seconds
[2026-08-12T04:40:40.702+0000] {processor.py:186} INFO - Started process (PID=1045) to work on /home/airflow/.local/lib/python3.12/site-packages/airflow/example_dags/plugins/event_listener.py
[2026-08-12T04:40:40.704+0000] {processor.py:914} INFO - Processing file /home/airflow/.local/lib/python3.12/site-packages/airflow/example_dags/plugins/event_listener.py for tasks to queue
[2026-08-12T04:40:40.709+0000] {logging_mixin.py:190} INFO - [2026-08-12T04:40:40.708+0000] {dagbag.py:587} INFO - Filling up the DagBag from /home/airflow/.local/lib/python3.12/site-packages/airflow/example_dags/plugins/event_listener.py
[2026-08-12T04:40:40.713+0000] {processor.py:927} WARNING - No viable dags retrieved from /home/airflow/.local/lib/python3.12/site-packages/airflow/example_dags/plugins/event_listener.py
[2026-08-12T04:40:40.732+0000] {processor.py:208} INFO - Processing /home/airflow/.local/lib/python3.12/site-packages/airflow/example_dags/plugins/event_listener.py took 0.037 seconds
[2026-08-12T04:41:12.254+0000] {processor.py:186} INFO - Started process (PID=1107) to work on /home/airflow/.local/lib/python3.12/site-packages/airflow/example_dags/plugins/event_listener.py
[2026-08-12T04:41:12.257+0000] {processor.py:914} INFO - Processing file /home/airflow/.local/lib/python3.12/site-packages/airflow/example_dags/plugins/event_listener.py for tasks to queue
[2026-08-12T04:41:12.262+0000] {logging_mixin.py:190} INFO - [2026-08-12T04:41:12.261+0000] {dagbag.py:587} INFO - Filling up the DagBag from /home/airflow/.local/lib/python3.12/site-packages/airflow/example_dags/plugins/event_listener.py
[2026-08-12T04:41:12.266+0000] {processor.py:927} WARNING - No viable dags retrieved from /home/airflow/.local/lib/python3.12/site-packages/airflow/example_dags/plugins/event_listener.py
[2026-08-12T04:41:12.284+0000] {processor.py:208} INFO - Processing /home/airflow/.local/lib/python3.12/site-packages/airflow/example_dags/plugins/event_listener.py took 0.041 seconds
[2026-08-12T04:41:42.902+0000] {processor.py:186} INFO - Started process (PID=1169) to work on /home/airflow/.local/lib/python3.12/site-packages/airflow/example_dags/plugins/event_listener.py
[2026-08-12T04:41:42.911+0000] {processor.py:914} INFO - Processing file /home/airflow/.local/lib/python3.12/site-packages/airflow/example_dags/plugins/event_listener.py for tasks to queue
[2026-08-12T04:41:42.917+0000] {logging_mixin.py:190} INFO - [2026-08-12T04:41:42.917+0000] {dagbag.py:587} INFO - Filling up the DagBag from /home/airflow/.local/lib/python3.12/site-packages/airflow/example_dags/plugins/event_listener.py
[2026-08-12T04:41:42.923+0000] {processor.py:927} WARNING - No viable dags retrieved from /home/airflow/.local/lib/python3.12/site-packages/airflow/example_dags/plugins/event_listener.py
[2026-08-12T04:41:42.943+0000] {processor.py:208} INFO - Processing /home/airflow/.local/lib/python3.12/site-packages/airflow/example_dags/plugins/event_listener.py took 0.057 seconds
[2026-08-12T04:42:13.504+0000] {processor.py:186} INFO - Started process (PID=1231) to work on /home/airflow/.local/lib/python3.12/site-packages/airflow/example_dags/plugins/event_listener.py
[2026-08-12T04:42:13.507+0000] {processor.py:914} INFO - Processing file /home/airflow/.local/lib/python3.12/site-packages/airflow/example_dags/plugins/event_listener.py for tasks to queue
[2026-08-12T04:42:13.514+0000] {logging_mixin.py:190} INFO - [2026-08-12T04:42:13.513+0000] {dagbag.py:587} INFO - Filling up the DagBag from /home/airflow/.local/lib/python3.12/site-packages/airflow/example_dags/plugins/event_listener.py
[2026-08-12T04:42:13.518+0000] {processor.py:927} WARNING - No viable dags retrieved from /home/airflow/.local/lib/python3.12/site-packages/airflow/example_dags/plugins/event_listener.py
[2026-08-12T04:42:13.536+0000] {processor.py:208} INFO - Processing /home/airflow/.local/lib/python3.12/site-packages/airflow/example_dags/plugins/event_listener.py took 0.038 seconds
[2026-08-12T04:42:43.612+0000] {processor.py:186} INFO - Started process (PID=1293) to work on /home/airflow/.local/lib/python3.12/site-packages/airflow/example_dags/plugins/event_listener.py
[2026-08-12T04:42:43.614+0000] {processor.py:914} INFO - Processing file /home/airflow/.local/lib/python3.12/site-packages/airflow/example_dags/plugins/event_listener.py for tasks to queue
[2026-08-12T04:42:43.618+0000] {logging_mixin.py:190} INFO - [2026-08-12T04:42:43.617+0000] {dagbag.py:587} INFO - Filling up the DagBag from /home/airflow/.local/lib/python3.12/site-packages/airflow/example_dags/plugins/event_listener.py
[2026-08-12T04:42:43.621+0000] {processor.py:927} WARNING - No viable dags retrieved from /home/airflow/.local/lib/python3.12/site-packages/airflow/example_dags/plugins/event_listener.py
[2026-08-12T04:42:43.640+0000] {processor.py:208} INFO - Processing /home/airflow/.local/lib/python3.12/site-packages/airflow/example_dags/plugins/event_listener.py took 0.034 seconds
[2026-08-12T04:43:14.532+0000] {processor.py:186} INFO - Started process (PID=1355) to work on /home/airflow/.local/lib/python3.12/site-packages/airflow/example_dags/plugins/event_listener.py
[2026-08-12T04:43:14.533+0000] {processor.py:914} INFO - Processing file /home/airflow/.local/lib/python3.12/site-packages/airflow/example_dags/plugins/event_listener.py for tasks to queue
[2026-08-12T04:43:14.537+0000] {logging_mixin.py:190} INFO - [2026-08-12T04:43:14.537+0000] {dagbag.py:587} INFO - Filling up the DagBag from /home/airflow/.local/lib/python3.12/site-packages/airflow/example_dags/plugins/event_listener.py
[2026-08-12T04:43:14.544+0000] {processor.py:927} WARNING - No viable dags retrieved from /home/airflow/.local/lib/python3.12/site-packages/airflow/example_dags/plugins/event_listener.py
[2026-08-12T04:43:14.562+0000] {processor.py:208} INFO - Processing /home/airflow/.local/lib/python3.12/site-packages/airflow/example_dags/plugins/event_listener.py took 0.036 seconds
[2026-08-12T04:43:45.108+0000] {processor.py:186} INFO - Started process (PID=1417) to work on /home/airflow/.local/lib/python3.12/site-packages/airflow/example_dags/plugins/event_listener.py
[2026-08-12T04:43:45.111+0000] {processor.py:914} INFO - Processing file /home/airflow/.local/lib/python3.12/site-packages/airflow/example_dags/plugins/event_listener.py for tasks to queue
[2026-08-12T04:43:45.117+0000] {logging_mixin.py:190} INFO - [2026-08-12T04:43:45.116+0000] {dagbag.py:587} INFO - Filling up the DagBag from /home/airflow/.local/lib/python3.12/site-packages/airflow/example_dags/plugins/event_listener.py
[2026-08-12T04:43:45.121+0000] {processor.py:927} WARNING - No viable dags retrieved from /home/airflow/.local/lib/python3.12/site-packages/airflow/example_dags/plugins/event_listener.py
[2026-08-12T04:43:45.144+0000] {processor.py:208} INFO - Processing /home/airflow/.local/lib/python3.12/site-packages/airflow/example_dags/plugins/event_listener.py took 0.042 seconds
[2026-08-12T04:44:16.456+0000] {processor.py:186} INFO - Started process (PID=1479) to work on /home/airflow/.local/lib/python3.12/site-packages/airflow/example_dags/plugins/event_listener.py
[2026-08-12T04:44:16.458+0000] {processor.py:914} INFO - Processing file /home/airflow/.local/lib/python3.12/site-packages/airflow/example_dags/plugins/event_listener.py for tasks to queue
[2026-08-12T04:44:16.463+0000] {logging_mixin.py:190} INFO - [2026-08-12T04:44:16.463+0000] {dagbag.py:587} INFO - Filling up the DagBag from /home/airflow/.local/lib/python3.12/site-packages/airflow/example_dags/plugins/event_listener.py
[2026-08-12T04:44:16.468+0000] {processor.py:927} WARNING - No viable dags retrieved from /home/airflow/.local/lib/python3.12/site-packages/airflow/example_dags/plugins/event_listener.py
[2026-08-12T04:44:16.483+0000] {processor.py:208} INFO - Processing /home/airflow/.local/lib/python3.12/site-packages/airflow/example_dags/plugins/event_listener.py took 0.037 seconds
[2026-08-12T04:44:47.182+0000] {processor.py:186} INFO - Started process (PID=1542) to work on /home/airflow/.local/lib/python3.12/site-packages/airflow/example_dags/plugins/event_listener.py
[2026-08-12T04:44:47.184+0000] {processor.py:914} INFO - Processing file /home/airflow/.local/lib/python3.12/site-packages/airflow/example_dags/plugins/event_listener.py for tasks to queue
[2026-08-12T04:44:47.188+0000] {logging_mixin.py:190} INFO - [2026-08-12T04:44:47.188+0000] {dagbag.py:587} INFO - Filling up the DagBag from /home/airflow/.local/lib/python3.12/site-packages/airflow/example_dags/plugins/event_listener.py
[2026-08-12T04:44:47.192+0000] {processor.py:927} WARNING - No viable dags retrieved from /home/airflow/.local/lib/python3.12/site-packages/airflow/example_dags/plugins/event_listener.py
[2026-08-12T04:44:47.207+0000] {processor.py:208} INFO - Processing /home/airflow/.local/lib/python3.12/site-packages/airflow/example_dags/plugins/event_listener.py took 0.032 seconds
[2026-08-12T04:45:18.208+0000] {processor.py:186} INFO - Started process (PID=1604) to work on /home/airflow/.local/lib/python3.12/site-packages/airflow/example_dags/plugins/event_listener.py
[2026-08-12T04:45:18.211+0000] {processor.py:914} INFO - Processing file /home/airflow/.local/lib/python3.12/site-packages/airflow/example_dags/plugins/event_listener.py for tasks to queue
[2026-08-12T04:45:18.216+0000] {logging_mixin.py:190} INFO - [2026-08-12T04:45:18.216+0000] {dagbag.py:587} INFO - Filling up the DagBag from /home/airflow/.local/lib/python3.12/site-packages/airflow/example_dags/plugins/event_listener.py
[2026-08-12T04:45:18.221+0000] {processor.py:927} WARNING - No viable dags retrieved from /home/airflow/.local/lib/python3.12/site-packages/airflow/example_dags/plugins/event_listener.py
[2026-08-12T04:45:18.242+0000] {processor.py:208} INFO - Processing /home/airflow/.local/lib/python3.12/site-packages/airflow/example_dags/plugins/event_listener.py took 0.044 seconds
[2026-08-12T04:45:48.478+0000] {processor.py:186} INFO - Started process (PID=1666) to work on /home/airflow/.local/lib/python3.12/site-packages/airflow/example_dags/plugins/event_listener.py
[2026-08-12T04:45:48.482+0000] {processor.py:914} INFO - Processing file /home/airflow/.local/lib/python3.12/site-packages/airflow/example_dags/plugins/event_listener.py for tasks to queue
[2026-08-12T04:45:48.490+0000] {logging_mixin.py:190} INFO - [2026-08-12T04:45:48.489+0000] {dagbag.py:587} INFO - Filling up the DagBag from /home/airflow/.local/lib/python3.12/site-packages/airflow/example_dags/plugins/event_listener.py
[2026-08-12T04:45:48.497+0000] {processor.py:927} WARNING - No viable dags retrieved from /home/airflow/.local/lib/python3.12/site-packages/airflow/example_dags/plugins/event_listener.py
[2026-08-12T04:45:48.516+0000] {processor.py:208} INFO - Processing /home/airflow/.local/lib/python3.12/site-packages/airflow/example_dags/plugins/event_listener.py took 0.051 seconds
[2026-08-12T04:46:18.855+0000] {processor.py:186} INFO - Started process (PID=1728) to work on /home/airflow/.local/lib/python3.12/site-packages/airflow/example_dags/plugins/event_listener.py
[2026-08-12T04:46:18.859+0000] {processor.py:914} INFO - Processing file /home/airflow/.local/lib/python3.12/site-packages/airflow/example_dags/plugins/event_listener.py for tasks to queue
[2026-08-12T04:46:18.864+0000] {logging_mixin.py:190} INFO - [2026-08-12T04:46:18.864+0000] {dagbag.py:587} INFO - Filling up the DagBag from /home/airflow/.local/lib/python3.12/site-packages/airflow/example_dags/plugins/event_listener.py
[2026-08-12T04:46:18.869+0000] {processor.py:927} WARNING - No viable dags retrieved from /home/airflow/.local/lib/python3.12/site-packages/airflow/example_dags/plugins/event_listener.py
[2026-08-12T04:46:18.897+0000] {processor.py:208} INFO - Processing /home/airflow/.local/lib/python3.12/site-packages/airflow/example_dags/plugins/event_listener.py took 0.050 seconds
[2026-08-12T04:46:49.585+0000] {processor.py:186} INFO - Started process (PID=1790) to work on /home/airflow/.local/lib/python3.12/site-packages/airflow/example_dags/plugins/event_listener.py
[2026-08-12T04:46:49.587+0000] {processor.py:914} INFO - Processing file /home/airflow/.local/lib/python3.12/site-packages/airflow/example_dags/plugins/event_listener.py for tasks to queue
[2026-08-12T04:46:49.592+0000] {logging_mixin.py:190} INFO - [2026-08-12T04:46:49.592+0000] {dagbag.py:587} INFO - Filling up the DagBag from /home/airflow/.local/lib/python3.12/site-packages/airflow/example_dags/plugins/event_listener.py
[2026-08-12T04:46:49.599+0000] {processor.py:927} WARNING - No viable dags retrieved from /home/airflow/.local/lib/python3.12/site-packages/airflow/example_dags/plugins/event_listener.py
[2026-08-12T04:46:49.625+0000] {processor.py:208} INFO - Processing /home/airflow/.local/lib/python3.12/site-packages/airflow/example_dags/plugins/event_listener.py took 0.052 seconds
[2026-08-12T04:47:20.269+0000] {processor.py:186} INFO - Started process (PID=1853) to work on /home/airflow/.local/lib/python3.12/site-packages/airflow/example_dags/plugins/event_listener.py
[2026-08-12T04:47:20.271+0000] {processor.py:914} INFO - Processing file /home/airflow/.local/lib/python3.12/site-packages/airflow/example_dags/plugins/event_listener.py for tasks to queue
[2026-08-12T04:47:20.275+0000] {logging_mixin.py:190} INFO - [2026-08-12T04:47:20.274+0000] {dagbag.py:587} INFO - Filling up the DagBag from /home/airflow/.local/lib/python3.12/site-packages/airflow/example_dags/plugins/event_listener.py
[2026-08-12T04:47:20.278+0000] {processor.py:927} WARNING - No viable dags retrieved from /home/airflow/.local/lib/python3.12/site-packages/airflow/example_dags/plugins/event_listener.py
[2026-08-12T04:47:20.294+0000] {processor.py:208} INFO - Processing /home/airflow/.local/lib/python3.12/site-packages/airflow/example_dags/plugins/event_listener.py took 0.034 seconds
[2026-08-12T04:47:50.974+0000] {processor.py:186} INFO - Started process (PID=1915) to work on /home/airflow/.local/lib/python3.12/site-packages/airflow/example_dags/plugins/event_listener.py
[2026-08-12T04:47:50.976+0000] {processor.py:914} INFO - Processing file /home/airflow/.local/lib/python3.12/site-packages/airflow/example_dags/plugins/event_listener.py for tasks to queue
[2026-08-12T04:47:50.980+0000] {logging_mixin.py:190} INFO - [2026-08-12T04:47:50.980+0000] {dagbag.py:587} INFO - Filling up the DagBag from /home/airflow/.local/lib/python3.12/site-packages/airflow/example_dags/plugins/event_listener.py
[2026-08-12T04:47:50.984+0000] {processor.py:927} WARNING - No viable dags retrieved from /home/airflow/.local/lib/python3.12/site-packages/airflow/example_dags/plugins/event_listener.py
[2026-08-12T04:47:51.005+0000] {processor.py:208} INFO - Processing /home/airflow/.local/lib/python3.12/site-packages/airflow/example_dags/plugins/event_listener.py took 0.037 seconds
[2026-08-12T04:48:21.360+0000] {processor.py:186} INFO - Started process (PID=1977) to work on /home/airflow/.local/lib/python3.12/site-packages/airflow/example_dags/plugins/event_listener.py
[2026-08-12T04:48:21.363+0000] {processor.py:914} INFO - Processing file /home/airflow/.local/lib/python3.12/site-packages/airflow/example_dags/plugins/event_listener.py for tasks to queue
[2026-08-12T04:48:21.368+0000] {logging_mixin.py:190} INFO - [2026-08-12T04:48:21.367+0000] {dagbag.py:587} INFO - Filling up the DagBag from /home/airflow/.local/lib/python3.12/site-packages/airflow/example_dags/plugins/event_listener.py
[2026-08-12T04:48:21.371+0000] {processor.py:927} WARNING - No viable dags retrieved from /home/airflow/.local/lib/python3.12/site-packages/airflow/example_dags/plugins/event_listener.py
[2026-08-12T04:48:21.388+0000] {processor.py:208} INFO - Processing /home/airflow/.local/lib/python3.12/site-packages/airflow/example_dags/plugins/event_listener.py took 0.034 seconds
[2026-08-12T04:48:52.347+0000] {processor.py:186} INFO - Started process (PID=2039) to work on /home/airflow/.local/lib/python3.12/site-packages/airflow/example_dags/plugins/event_listener.py
[2026-08-12T04:48:52.349+0000] {processor.py:914} INFO - Processing file /home/airflow/.local/lib/python3.12/site-packages/airflow/example_dags/plugins/event_listener.py for tasks to queue
[2026-08-12T04:48:52.354+0000] {logging_mixin.py:190} INFO - [2026-08-12T04:48:52.354+0000] {dagbag.py:587} INFO - Filling up the DagBag from /home/airflow/.local/lib/python3.12/site-packages/airflow/example_dags/plugins/event_listener.py
[2026-08-12T04:48:52.358+0000] {processor.py:927} WARNING - No viable dags retrieved from /home/airflow/.local/lib/python3.12/site-packages/airflow/example_dags/plugins/event_listener.py
[2026-08-12T04:48:52.373+0000] {processor.py:208} INFO - Processing /home/airflow/.local/lib/python3.12/site-packages/airflow/example_dags/plugins/event_listener.py took 0.034 seconds
[2026-08-12T04:49:23.062+0000] {processor.py:186} INFO - Started process (PID=2101) to work on /home/airflow/.local/lib/python3.12/site-packages/airflow/example_dags/plugins/event_listener.py
[2026-08-12T04:49:23.066+0000] {processor.py:914} INFO - Processing file /home/airflow/.local/lib/python3.12/site-packages/airflow/example_dags/plugins/event_listener.py for tasks to queue
[2026-08-12T04:49:23.072+0000] {logging_mixin.py:190} INFO - [2026-08-12T04:49:23.071+0000] {dagbag.py:587} INFO - Filling up the DagBag from /home/airflow/.local/lib/python3.12/site-packages/airflow/example_dags/plugins/event_listener.py
[2026-08-12T04:49:23.079+0000] {processor.py:927} WARNING - No viable dags retrieved from /home/airflow/.local/lib/python3.12/site-packages/airflow/example_dags/plugins/event_listener.py
[2026-08-12T04:49:23.103+0000] {processor.py:208} INFO - Processing /home/airflow/.local/lib/python3.12/site-packages/airflow/example_dags/plugins/event_listener.py took 0.052 seconds
[2026-08-12T04:49:53.852+0000] {processor.py:186} INFO - Started process (PID=2163) to work on /home/airflow/.local/lib/python3.12/site-packages/airflow/example_dags/plugins/event_listener.py
[2026-08-12T04:49:53.855+0000] {processor.py:914} INFO - Processing file /home/airflow/.local/lib/python3.12/site-packages/airflow/example_dags/plugins/event_listener.py for tasks to queue
[2026-08-12T04:49:53.858+0000] {logging_mixin.py:190} INFO - [2026-08-12T04:49:53.858+0000] {dagbag.py:587} INFO - Filling up the DagBag from /home/airflow/.local/lib/python3.12/site-packages/airflow/example_dags/plugins/event_listener.py
[2026-08-12T04:49:53.862+0000] {processor.py:927} WARNING - No viable dags retrieved from /home/airflow/.local/lib/python3.12/site-packages/airflow/example_dags/plugins/event_listener.py
[2026-08-12T04:49:53.877+0000] {processor.py:208} INFO - Processing /home/airflow/.local/lib/python3.12/site-packages/airflow/example_dags/plugins/event_listener.py took 0.031 seconds
[2026-08-12T04:50:24.613+0000] {processor.py:186} INFO - Started process (PID=2231) to work on /home/airflow/.local/lib/python3.12/site-packages/airflow/example_dags/plugins/event_listener.py
[2026-08-12T04:50:24.615+0000] {processor.py:914} INFO - Processing file /home/airflow/.local/lib/python3.12/site-packages/airflow/example_dags/plugins/event_listener.py for tasks to queue
[2026-08-12T04:50:24.618+0000] {logging_mixin.py:190} INFO - [2026-08-12T04:50:24.618+0000] {dagbag.py:587} INFO - Filling up the DagBag from /home/airflow/.local/lib/python3.12/site-packages/airflow/example_dags/plugins/event_listener.py
[2026-08-12T04:50:24.623+0000] {processor.py:927} WARNING - No viable dags retrieved from /home/airflow/.local/lib/python3.12/site-packages/airflow/example_dags/plugins/event_listener.py
[2026-08-12T04:50:24.640+0000] {processor.py:208} INFO - Processing /home/airflow/.local/lib/python3.12/site-packages/airflow/example_dags/plugins/event_listener.py took 0.033 seconds
[2026-08-12T04:50:55.475+0000] {processor.py:186} INFO - Started process (PID=2293) to work on /home/airflow/.local/lib/python3.12/site-packages/airflow/example_dags/plugins/event_listener.py
[2026-08-12T04:50:55.479+0000] {processor.py:914} INFO - Processing file /home/airflow/.local/lib/python3.12/site-packages/airflow/example_dags/plugins/event_listener.py for tasks to queue
[2026-08-12T04:50:55.485+0000] {logging_mixin.py:190} INFO - [2026-08-12T04:50:55.485+0000] {dagbag.py:587} INFO - Filling up the DagBag from /home/airflow/.local/lib/python3.12/site-packages/airflow/example_dags/plugins/event_listener.py
[2026-08-12T04:50:55.494+0000] {processor.py:927} WARNING - No viable dags retrieved from /home/airflow/.local/lib/python3.12/site-packages/airflow/example_dags/plugins/event_listener.py
[2026-08-12T04:50:55.520+0000] {processor.py:208} INFO - Processing /home/airflow/.local/lib/python3.12/site-packages/airflow/example_dags/plugins/event_listener.py took 0.055 seconds
[2026-08-12T04:51:25.812+0000] {processor.py:186} INFO - Started process (PID=2355) to work on /home/airflow/.local/lib/python3.12/site-packages/airflow/example_dags/plugins/event_listener.py
[2026-08-12T04:51:25.815+0000] {processor.py:914} INFO - Processing file /home/airflow/.local/lib/python3.12/site-packages/airflow/example_dags/plugins/event_listener.py for tasks to queue
[2026-08-12T04:51:25.819+0000] {logging_mixin.py:190} INFO - [2026-08-12T04:51:25.819+0000] {dagbag.py:587} INFO - Filling up the DagBag from /home/airflow/.local/lib/python3.12/site-packages/airflow/example_dags/plugins/event_listener.py
[2026-08-12T04:51:25.823+0000] {processor.py:927} WARNING - No viable dags retrieved from /home/airflow/.local/lib/python3.12/site-packages/airflow/example_dags/plugins/event_listener.py
[2026-08-12T04:51:25.839+0000] {processor.py:208} INFO - Processing /home/airflow/.local/lib/python3.12/site-packages/airflow/example_dags/plugins/event_listener.py took 0.033 seconds
[2026-08-12T04:51:55.999+0000] {processor.py:186} INFO - Started process (PID=2417) to work on /home/airflow/.local/lib/python3.12/site-packages/airflow/example_dags/plugins/event_listener.py
[2026-08-12T04:51:56.002+0000] {processor.py:914} INFO - Processing file /home/airflow/.local/lib/python3.12/site-packages/airflow/example_dags/plugins/event_listener.py for tasks to queue
[2026-08-12T04:51:56.007+0000] {logging_mixin.py:190} INFO - [2026-08-12T04:51:56.006+0000] {dagbag.py:587} INFO - Filling up the DagBag from /home/airflow/.local/lib/python3.12/site-packages/airflow/example_dags/plugins/event_listener.py
[2026-08-12T04:51:56.013+0000] {processor.py:927} WARNING - No viable dags retrieved from /home/airflow/.local/lib/python3.12/site-packages/airflow/example_dags/plugins/event_listener.py
[2026-08-12T04:51:56.029+0000] {processor.py:208} INFO - Processing /home/airflow/.local/lib/python3.12/site-packages/airflow/example_dags/plugins/event_listener.py took 0.037 seconds
[2026-08-12T04:52:26.633+0000] {processor.py:186} INFO - Started process (PID=2479) to work on /home/airflow/.local/lib/python3.12/site-packages/airflow/example_dags/plugins/event_listener.py
[2026-08-12T04:52:26.635+0000] {processor.py:914} INFO - Processing file /home/airflow/.local/lib/python3.12/site-packages/airflow/example_dags/plugins/event_listener.py for tasks to queue
[2026-08-12T04:52:26.641+0000] {logging_mixin.py:190} INFO - [2026-08-12T04:52:26.641+0000] {dagbag.py:587} INFO - Filling up the DagBag from /home/airflow/.local/lib/python3.12/site-packages/airflow/example_dags/plugins/event_listener.py
[2026-08-12T04:52:26.648+0000] {processor.py:927} WARNING - No viable dags retrieved from /home/airflow/.local/lib/python3.12/site-packages/airflow/example_dags/plugins/event_listener.py
[2026-08-12T04:52:26.670+0000] {processor.py:208} INFO - Processing /home/airflow/.local/lib/python3.12/site-packages/airflow/example_dags/plugins/event_listener.py took 0.043 seconds
[2026-08-12T04:52:56.992+0000] {processor.py:186} INFO - Started process (PID=2543) to work on /home/airflow/.local/lib/python3.12/site-packages/airflow/example_dags/plugins/event_listener.py
[2026-08-12T04:52:56.995+0000] {processor.py:914} INFO - Processing file /home/airflow/.local/lib/python3.12/site-packages/airflow/example_dags/plugins/event_listener.py for tasks to queue
[2026-08-12T04:52:57.000+0000] {logging_mixin.py:190} INFO - [2026-08-12T04:52:56.999+0000] {dagbag.py:587} INFO - Filling up the DagBag from /home/airflow/.local/lib/python3.12/site-packages/airflow/example_dags/plugins/event_listener.py
[2026-08-12T04:52:57.004+0000] {processor.py:927} WARNING - No viable dags retrieved from /home/airflow/.local/lib/python3.12/site-packages/airflow/example_dags/plugins/event_listener.py
[2026-08-12T04:52:57.027+0000] {processor.py:208} INFO - Processing /home/airflow/.local/lib/python3.12/site-packages/airflow/example_dags/plugins/event_listener.py took 0.045 seconds
[2026-08-12T04:53:27.241+0000] {processor.py:186} INFO - Started process (PID=2605) to work on /home/airflow/.local/lib/python3.12/site-packages/airflow/example_dags/plugins/event_listener.py
[2026-08-12T04:53:27.244+0000] {processor.py:914} INFO - Processing file /home/airflow/.local/lib/python3.12/site-packages/airflow/example_dags/plugins/event_listener.py for tasks to queue
[2026-08-12T04:53:27.248+0000] {logging_mixin.py:190} INFO - [2026-08-12T04:53:27.247+0000] {dagbag.py:587} INFO - Filling up the DagBag from /home/airflow/.local/lib/python3.12/site-packages/airflow/example_dags/plugins/event_listener.py
[2026-08-12T04:53:27.251+0000] {processor.py:927} WARNING - No viable dags retrieved from /home/airflow/.local/lib/python3.12/site-packages/airflow/example_dags/plugins/event_listener.py
[2026-08-12T04:53:27.267+0000] {processor.py:208} INFO - Processing /home/airflow/.local/lib/python3.12/site-packages/airflow/example_dags/plugins/event_listener.py took 0.033 seconds
[2026-08-12T04:53:58.430+0000] {processor.py:186} INFO - Started process (PID=2668) to work on /home/airflow/.local/lib/python3.12/site-packages/airflow/example_dags/plugins/event_listener.py
[2026-08-12T04:53:58.433+0000] {processor.py:914} INFO - Processing file /home/airflow/.local/lib/python3.12/site-packages/airflow/example_dags/plugins/event_listener.py for tasks to queue
[2026-08-12T04:53:58.437+0000] {logging_mixin.py:190} INFO - [2026-08-12T04:53:58.437+0000] {dagbag.py:587} INFO - Filling up the DagBag from /home/airflow/.local/lib/python3.12/site-packages/airflow/example_dags/plugins/event_listener.py
[2026-08-12T04:53:58.441+0000] {processor.py:927} WARNING - No viable dags retrieved from /home/airflow/.local/lib/python3.12/site-packages/airflow/example_dags/plugins/event_listener.py
[2026-08-12T04:53:58.459+0000] {processor.py:208} INFO - Processing /home/airflow/.local/lib/python3.12/site-packages/airflow/example_dags/plugins/event_listener.py took 0.037 seconds
[2026-08-12T04:54:28.905+0000] {processor.py:186} INFO - Started process (PID=2730) to work on /home/airflow/.local/lib/python3.12/site-packages/airflow/example_dags/plugins/event_listener.py
[2026-08-12T04:54:28.907+0000] {processor.py:914} INFO - Processing file /home/airflow/.local/lib/python3.12/site-packages/airflow/example_dags/plugins/event_listener.py for tasks to queue
[2026-08-12T04:54:28.910+0000] {logging_mixin.py:190} INFO - [2026-08-12T04:54:28.910+0000] {dagbag.py:587} INFO - Filling up the DagBag from /home/airflow/.local/lib/python3.12/site-packages/airflow/example_dags/plugins/event_listener.py
[2026-08-12T04:54:28.914+0000] {processor.py:927} WARNING - No viable dags retrieved from /home/airflow/.local/lib/python3.12/site-packages/airflow/example_dags/plugins/event_listener.py
[2026-08-12T04:54:28.929+0000] {processor.py:208} INFO - Processing /home/airflow/.local/lib/python3.12/site-packages/airflow/example_dags/plugins/event_listener.py took 0.031 seconds
[2026-08-12T04:54:59.294+0000] {processor.py:186} INFO - Started process (PID=2793) to work on /home/airflow/.local/lib/python3.12/site-packages/airflow/example_dags/plugins/event_listener.py
[2026-08-12T04:54:59.297+0000] {processor.py:914} INFO - Processing file /home/airflow/.local/lib/python3.12/site-packages/airflow/example_dags/plugins/event_listener.py for tasks to queue
[2026-08-12T04:54:59.300+0000] {logging_mixin.py:190} INFO - [2026-08-12T04:54:59.300+0000] {dagbag.py:587} INFO - Filling up the DagBag from /home/airflow/.local/lib/python3.12/site-packages/airflow/example_dags/plugins/event_listener.py
[2026-08-12T04:54:59.304+0000] {processor.py:927} WARNING - No viable dags retrieved from /home/airflow/.local/lib/python3.12/site-packages/airflow/example_dags/plugins/event_listener.py
[2026-08-12T04:54:59.320+0000] {processor.py:208} INFO - Processing /home/airflow/.local/lib/python3.12/site-packages/airflow/example_dags/plugins/event_listener.py took 0.033 seconds
[2026-08-12T04:55:30.456+0000] {processor.py:186} INFO - Started process (PID=2856) to work on /home/airflow/.local/lib/python3.12/site-packages/airflow/example_dags/plugins/event_listener.py
[2026-08-12T04:55:30.460+0000] {processor.py:914} INFO - Processing file /home/airflow/.local/lib/python3.12/site-packages/airflow/example_dags/plugins/event_listener.py for tasks to queue
[2026-08-12T04:55:30.466+0000] {logging_mixin.py:190} INFO - [2026-08-12T04:55:30.465+0000] {dagbag.py:587} INFO - Filling up the DagBag from /home/airflow/.local/lib/python3.12/site-packages/airflow/example_dags/plugins/event_listener.py
[2026-08-12T04:55:30.470+0000] {processor.py:927} WARNING - No viable dags retrieved from /home/airflow/.local/lib/python3.12/site-packages/airflow/example_dags/plugins/event_listener.py
[2026-08-12T04:55:30.486+0000] {processor.py:208} INFO - Processing /home/airflow/.local/lib/python3.12/site-packages/airflow/example_dags/plugins/event_listener.py took 0.040 seconds
[2026-08-12T04:56:01.343+0000] {processor.py:186} INFO - Started process (PID=2919) to work on /home/airflow/.local/lib/python3.12/site-packages/airflow/example_dags/plugins/event_listener.py
[2026-08-12T04:56:01.345+0000] {processor.py:914} INFO - Processing file /home/airflow/.local/lib/python3.12/site-packages/airflow/example_dags/plugins/event_listener.py for tasks to queue
[2026-08-12T04:56:01.349+0000] {logging_mixin.py:190} INFO - [2026-08-12T04:56:01.349+0000] {dagbag.py:587} INFO - Filling up the DagBag from /home/airflow/.local/lib/python3.12/site-packages/airflow/example_dags/plugins/event_listener.py
[2026-08-12T04:56:01.353+0000] {processor.py:927} WARNING - No viable dags retrieved from /home/airflow/.local/lib/python3.12/site-packages/airflow/example_dags/plugins/event_listener.py
[2026-08-12T04:56:01.369+0000] {processor.py:208} INFO - Processing /home/airflow/.local/lib/python3.12/site-packages/airflow/example_dags/plugins/event_listener.py took 0.031 seconds
[2026-08-12T04:56:31.903+0000] {processor.py:186} INFO - Started process (PID=2982) to work on /home/airflow/.local/lib/python3.12/site-packages/airflow/example_dags/plugins/event_listener.py
[2026-08-12T04:56:31.906+0000] {processor.py:914} INFO - Processing file /home/airflow/.local/lib/python3.12/site-packages/airflow/example_dags/plugins/event_listener.py for tasks to queue
[2026-08-12T04:56:31.913+0000] {logging_mixin.py:190} INFO - [2026-08-12T04:56:31.912+0000] {dagbag.py:587} INFO - Filling up the DagBag from /home/airflow/.local/lib/python3.12/site-packages/airflow/example_dags/plugins/event_listener.py
[2026-08-12T04:56:31.917+0000] {processor.py:927} WARNING - No viable dags retrieved from /home/airflow/.local/lib/python3.12/site-packages/airflow/example_dags/plugins/event_listener.py
[2026-08-12T04:56:31.937+0000] {processor.py:208} INFO - Processing /home/airflow/.local/lib/python3.12/site-packages/airflow/example_dags/plugins/event_listener.py took 0.042 seconds
[2026-08-12T04:57:03.091+0000] {processor.py:186} INFO - Started process (PID=3045) to work on /home/airflow/.local/lib/python3.12/site-packages/airflow/example_dags/plugins/event_listener.py
[2026-08-12T04:57:03.094+0000] {processor.py:914} INFO - Processing file /home/airflow/.local/lib/python3.12/site-packages/airflow/example_dags/plugins/event_listener.py for tasks to queue
[2026-08-12T04:57:03.100+0000] {logging_mixin.py:190} INFO - [2026-08-12T04:57:03.099+0000] {dagbag.py:587} INFO - Filling up the DagBag from /home/airflow/.local/lib/python3.12/site-packages/airflow/example_dags/plugins/event_listener.py
[2026-08-12T04:57:03.105+0000] {processor.py:927} WARNING - No viable dags retrieved from /home/airflow/.local/lib/python3.12/site-packages/airflow/example_dags/plugins/event_listener.py
[2026-08-12T04:57:03.129+0000] {processor.py:208} INFO - Processing /home/airflow/.local/lib/python3.12/site-packages/airflow/example_dags/plugins/event_listener.py took 0.050 seconds
[2026-08-12T04:57:34.069+0000] {processor.py:186} INFO - Started process (PID=3108) to work on /home/airflow/.local/lib/python3.12/site-packages/airflow/example_dags/plugins/event_listener.py
[2026-08-12T04:57:34.072+0000] {processor.py:914} INFO - Processing file /home/airflow/.local/lib/python3.12/site-packages/airflow/example_dags/plugins/event_listener.py for tasks to queue
[2026-08-12T04:57:34.077+0000] {logging_mixin.py:190} INFO - [2026-08-12T04:57:34.076+0000] {dagbag.py:587} INFO - Filling up the DagBag from /home/airflow/.local/lib/python3.12/site-packages/airflow/example_dags/plugins/event_listener.py
[2026-08-12T04:57:34.081+0000] {processor.py:927} WARNING - No viable dags retrieved from /home/airflow/.local/lib/python3.12/site-packages/airflow/example_dags/plugins/event_listener.py
[2026-08-12T04:57:34.102+0000] {processor.py:208} INFO - Processing /home/airflow/.local/lib/python3.12/site-packages/airflow/example_dags/plugins/event_listener.py took 0.040 seconds
[2026-08-12T04:58:04.602+0000] {processor.py:186} INFO - Started process (PID=3171) to work on /home/airflow/.local/lib/python3.12/site-packages/airflow/example_dags/plugins/event_listener.py
[2026-08-12T04:58:04.605+0000] {processor.py:914} INFO - Processing file /home/airflow/.local/lib/python3.12/site-packages/airflow/example_dags/plugins/event_listener.py for tasks to queue
[2026-08-12T04:58:04.610+0000] {logging_mixin.py:190} INFO - [2026-08-12T04:58:04.609+0000] {dagbag.py:587} INFO - Filling up the DagBag from /home/airflow/.local/lib/python3.12/site-packages/airflow/example_dags/plugins/event_listener.py
[2026-08-12T04:58:04.617+0000] {processor.py:927} WARNING - No viable dags retrieved from /home/airflow/.local/lib/python3.12/site-packages/airflow/example_dags/plugins/event_listener.py
[2026-08-12T04:58:04.637+0000] {processor.py:208} INFO - Processing /home/airflow/.local/lib/python3.12/site-packages/airflow/example_dags/plugins/event_listener.py took 0.044 seconds
[2026-08-12T04:58:36.249+0000] {processor.py:186} INFO - Started process (PID=3234) to work on /home/airflow/.local/lib/python3.12/site-packages/airflow/example_dags/plugins/event_listener.py
[2026-08-12T04:58:36.251+0000] {processor.py:914} INFO - Processing file /home/airflow/.local/lib/python3.12/site-packages/airflow/example_dags/plugins/event_listener.py for tasks to queue
[2026-08-12T04:58:36.256+0000] {logging_mixin.py:190} INFO - [2026-08-12T04:58:36.255+0000] {dagbag.py:587} INFO - Filling up the DagBag from /home/airflow/.local/lib/python3.12/site-packages/airflow/example_dags/plugins/event_listener.py
[2026-08-12T04:58:36.260+0000] {processor.py:927} WARNING - No viable dags retrieved from /home/airflow/.local/lib/python3.12/site-packages/airflow/example_dags/plugins/event_listener.py
[2026-08-12T04:58:36.281+0000] {processor.py:208} INFO - Processing /home/airflow/.local/lib/python3.12/site-packages/airflow/example_dags/plugins/event_listener.py took 0.039 seconds
[2026-08-12T04:59:07.622+0000] {processor.py:186} INFO - Started process (PID=3297) to work on /home/airflow/.local/lib/python3.12/site-packages/airflow/example_dags/plugins/event_listener.py
[2026-08-12T04:59:07.625+0000] {processor.py:914} INFO - Processing file /home/airflow/.local/lib/python3.12/site-packages/airflow/example_dags/plugins/event_listener.py for tasks to queue
[2026-08-12T04:59:07.630+0000] {logging_mixin.py:190} INFO - [2026-08-12T04:59:07.630+0000] {dagbag.py:587} INFO - Filling up the DagBag from /home/airflow/.local/lib/python3.12/site-packages/airflow/example_dags/plugins/event_listener.py
[2026-08-12T04:59:07.634+0000] {processor.py:927} WARNING - No viable dags retrieved from /home/airflow/.local/lib/python3.12/site-packages/airflow/example_dags/plugins/event_listener.py
[2026-08-12T04:59:07.654+0000] {processor.py:208} INFO - Processing /home/airflow/.local/lib/python3.12/site-packages/airflow/example_dags/plugins/event_listener.py took 0.038 seconds
[2026-08-12T04:59:38.526+0000] {processor.py:186} INFO - Started process (PID=3360) to work on /home/airflow/.local/lib/python3.12/site-packages/airflow/example_dags/plugins/event_listener.py
[2026-08-12T04:59:38.531+0000] {processor.py:914} INFO - Processing file /home/airflow/.local/lib/python3.12/site-packages/airflow/example_dags/plugins/event_listener.py for tasks to queue
[2026-08-12T04:59:38.539+0000] {logging_mixin.py:190} INFO - [2026-08-12T04:59:38.538+0000] {dagbag.py:587} INFO - Filling up the DagBag from /home/airflow/.local/lib/python3.12/site-packages/airflow/example_dags/plugins/event_listener.py
[2026-08-12T04:59:38.548+0000] {processor.py:927} WARNING - No viable dags retrieved from /home/airflow/.local/lib/python3.12/site-packages/airflow/example_dags/plugins/event_listener.py
[2026-08-12T04:59:38.572+0000] {processor.py:208} INFO - Processing /home/airflow/.local/lib/python3.12/site-packages/airflow/example_dags/plugins/event_listener.py took 0.061 seconds
[2026-08-12T05:00:09.515+0000] {processor.py:186} INFO - Started process (PID=3423) to work on /home/airflow/.local/lib/python3.12/site-packages/airflow/example_dags/plugins/event_listener.py
[2026-08-12T05:00:09.518+0000] {processor.py:914} INFO - Processing file /home/airflow/.local/lib/python3.12/site-packages/airflow/example_dags/plugins/event_listener.py for tasks to queue
[2026-08-12T05:00:09.523+0000] {logging_mixin.py:190} INFO - [2026-08-12T05:00:09.523+0000] {dagbag.py:587} INFO - Filling up the DagBag from /home/airflow/.local/lib/python3.12/site-packages/airflow/example_dags/plugins/event_listener.py
[2026-08-12T05:00:09.527+0000] {processor.py:927} WARNING - No viable dags retrieved from /home/airflow/.local/lib/python3.12/site-packages/airflow/example_dags/plugins/event_listener.py
[2026-08-12T05:00:09.543+0000] {processor.py:208} INFO - Processing /home/airflow/.local/lib/python3.12/site-packages/airflow/example_dags/plugins/event_listener.py took 0.034 seconds
[2026-08-12T05:00:39.734+0000] {processor.py:186} INFO - Started process (PID=3486) to work on /home/airflow/.local/lib/python3.12/site-packages/airflow/example_dags/plugins/event_listener.py
[2026-08-12T05:00:39.737+0000] {processor.py:914} INFO - Processing file /home/airflow/.local/lib/python3.12/site-packages/airflow/example_dags/plugins/event_listener.py for tasks to queue
[2026-08-12T05:00:39.740+0000] {logging_mixin.py:190} INFO - [2026-08-12T05:00:39.740+0000] {dagbag.py:587} INFO - Filling up the DagBag from /home/airflow/.local/lib/python3.12/site-packages/airflow/example_dags/plugins/event_listener.py
[2026-08-12T05:00:39.746+0000] {processor.py:927} WARNING - No viable dags retrieved from /home/airflow/.local/lib/python3.12/site-packages/airflow/example_dags/plugins/event_listener.py
[2026-08-12T05:00:39.769+0000] {processor.py:208} INFO - Processing /home/airflow/.local/lib/python3.12/site-packages/airflow/example_dags/plugins/event_listener.py took 0.046 seconds
[2026-08-12T05:01:10.153+0000] {processor.py:186} INFO - Started process (PID=3549) to work on /home/airflow/.local/lib/python3.12/site-packages/airflow/example_dags/plugins/event_listener.py
[2026-08-12T05:01:10.156+0000] {processor.py:914} INFO - Processing file /home/airflow/.local/lib/python3.12/site-packages/airflow/example_dags/plugins/event_listener.py for tasks to queue
[2026-08-12T05:01:10.161+0000] {logging_mixin.py:190} INFO - [2026-08-12T05:01:10.160+0000] {dagbag.py:587} INFO - Filling up the DagBag from /home/airflow/.local/lib/python3.12/site-packages/airflow/example_dags/plugins/event_listener.py
[2026-08-12T05:01:10.165+0000] {processor.py:927} WARNING - No viable dags retrieved from /home/airflow/.local/lib/python3.12/site-packages/airflow/example_dags/plugins/event_listener.py
[2026-08-12T05:01:10.181+0000] {processor.py:208} INFO - Processing /home/airflow/.local/lib/python3.12/site-packages/airflow/example_dags/plugins/event_listener.py took 0.036 seconds
[2026-08-12T05:01:40.805+0000] {processor.py:186} INFO - Started process (PID=3612) to work on /home/airflow/.local/lib/python3.12/site-packages/airflow/example_dags/plugins/event_listener.py
[2026-08-12T05:01:40.809+0000] {processor.py:914} INFO - Processing file /home/airflow/.local/lib/python3.12/site-packages/airflow/example_dags/plugins/event_listener.py for tasks to queue
[2026-08-12T05:01:40.815+0000] {logging_mixin.py:190} INFO - [2026-08-12T05:01:40.814+0000] {dagbag.py:587} INFO - Filling up the DagBag from /home/airflow/.local/lib/python3.12/site-packages/airflow/example_dags/plugins/event_listener.py
[2026-08-12T05:01:40.819+0000] {processor.py:927} WARNING - No viable dags retrieved from /home/airflow/.local/lib/python3.12/site-packages/airflow/example_dags/plugins/event_listener.py
[2026-08-12T05:01:40.838+0000] {processor.py:208} INFO - Processing /home/airflow/.local/lib/python3.12/site-packages/airflow/example_dags/plugins/event_listener.py took 0.040 seconds
[2026-08-12T05:02:11.421+0000] {processor.py:186} INFO - Started process (PID=3676) to work on /home/airflow/.local/lib/python3.12/site-packages/airflow/example_dags/plugins/event_listener.py
[2026-08-12T05:02:11.424+0000] {processor.py:914} INFO - Processing file /home/airflow/.local/lib/python3.12/site-packages/airflow/example_dags/plugins/event_listener.py for tasks to queue
[2026-08-12T05:02:11.430+0000] {logging_mixin.py:190} INFO - [2026-08-12T05:02:11.428+0000] {dagbag.py:587} INFO - Filling up the DagBag from /home/airflow/.local/lib/python3.12/site-packages/airflow/example_dags/plugins/event_listener.py
[2026-08-12T05:02:11.434+0000] {processor.py:927} WARNING - No viable dags retrieved from /home/airflow/.local/lib/python3.12/site-packages/airflow/example_dags/plugins/event_listener.py
[2026-08-12T05:02:11.458+0000] {processor.py:208} INFO - Processing /home/airflow/.local/lib/python3.12/site-packages/airflow/example_dags/plugins/event_listener.py took 0.049 seconds
[2026-08-12T05:02:43.368+0000] {processor.py:186} INFO - Started process (PID=3739) to work on /home/airflow/.local/lib/python3.12/site-packages/airflow/example_dags/plugins/event_listener.py
[2026-08-12T05:02:43.373+0000] {processor.py:914} INFO - Processing file /home/airflow/.local/lib/python3.12/site-packages/airflow/example_dags/plugins/event_listener.py for tasks to queue
[2026-08-12T05:02:43.380+0000] {logging_mixin.py:190} INFO - [2026-08-12T05:02:43.379+0000] {dagbag.py:587} INFO - Filling up the DagBag from /home/airflow/.local/lib/python3.12/site-packages/airflow/example_dags/plugins/event_listener.py
[2026-08-12T05:02:43.390+0000] {processor.py:927} WARNING - No viable dags retrieved from /home/airflow/.local/lib/python3.12/site-packages/airflow/example_dags/plugins/event_listener.py
[2026-08-12T05:02:43.421+0000] {processor.py:208} INFO - Processing /home/airflow/.local/lib/python3.12/site-packages/airflow/example_dags/plugins/event_listener.py took 0.064 seconds
[2026-08-12T05:03:14.076+0000] {processor.py:186} INFO - Started process (PID=3802) to work on /home/airflow/.local/lib/python3.12/site-packages/airflow/example_dags/plugins/event_listener.py
[2026-08-12T05:03:14.080+0000] {processor.py:914} INFO - Processing file /home/airflow/.local/lib/python3.12/site-packages/airflow/example_dags/plugins/event_listener.py for tasks to queue
[2026-08-12T05:03:14.085+0000] {logging_mixin.py:190} INFO - [2026-08-12T05:03:14.084+0000] {dagbag.py:587} INFO - Filling up the DagBag from /home/airflow/.local/lib/python3.12/site-packages/airflow/example_dags/plugins/event_listener.py
[2026-08-12T05:03:14.088+0000] {processor.py:927} WARNING - No viable dags retrieved from /home/airflow/.local/lib/python3.12/site-packages/airflow/example_dags/plugins/event_listener.py
[2026-08-12T05:03:14.105+0000] {processor.py:208} INFO - Processing /home/airflow/.local/lib/python3.12/site-packages/airflow/example_dags/plugins/event_listener.py took 0.041 seconds
[2026-08-12T05:03:45.131+0000] {processor.py:186} INFO - Started process (PID=3865) to work on /home/airflow/.local/lib/python3.12/site-packages/airflow/example_dags/plugins/event_listener.py
[2026-08-12T05:03:45.136+0000] {processor.py:914} INFO - Processing file /home/airflow/.local/lib/python3.12/site-packages/airflow/example_dags/plugins/event_listener.py for tasks to queue
[2026-08-12T05:03:45.143+0000] {logging_mixin.py:190} INFO - [2026-08-12T05:03:45.142+0000] {dagbag.py:587} INFO - Filling up the DagBag from /home/airflow/.local/lib/python3.12/site-packages/airflow/example_dags/plugins/event_listener.py
[2026-08-12T05:03:45.151+0000] {processor.py:927} WARNING - No viable dags retrieved from /home/airflow/.local/lib/python3.12/site-packages/airflow/example_dags/plugins/event_listener.py
[2026-08-12T05:03:45.197+0000] {processor.py:208} INFO - Processing /home/airflow/.local/lib/python3.12/site-packages/airflow/example_dags/plugins/event_listener.py took 0.083 seconds
[2026-08-12T05:04:16.326+0000] {processor.py:186} INFO - Started process (PID=3928) to work on /home/airflow/.local/lib/python3.12/site-packages/airflow/example_dags/plugins/event_listener.py
[2026-08-12T05:04:16.328+0000] {processor.py:914} INFO - Processing file /home/airflow/.local/lib/python3.12/site-packages/airflow/example_dags/plugins/event_listener.py for tasks to queue
[2026-08-12T05:04:16.332+0000] {logging_mixin.py:190} INFO - [2026-08-12T05:04:16.331+0000] {dagbag.py:587} INFO - Filling up the DagBag from /home/airflow/.local/lib/python3.12/site-packages/airflow/example_dags/plugins/event_listener.py
[2026-08-12T05:04:16.337+0000] {processor.py:927} WARNING - No viable dags retrieved from /home/airflow/.local/lib/python3.12/site-packages/airflow/example_dags/plugins/event_listener.py
[2026-08-12T05:04:16.358+0000] {processor.py:208} INFO - Processing /home/airflow/.local/lib/python3.12/site-packages/airflow/example_dags/plugins/event_listener.py took 0.040 seconds
[2026-08-12T05:04:47.365+0000] {processor.py:186} INFO - Started process (PID=3991) to work on /home/airflow/.local/lib/python3.12/site-packages/airflow/example_dags/plugins/event_listener.py
[2026-08-12T05:04:47.368+0000] {processor.py:914} INFO - Processing file /home/airflow/.local/lib/python3.12/site-packages/airflow/example_dags/plugins/event_listener.py for tasks to queue
[2026-08-12T05:04:47.374+0000] {logging_mixin.py:190} INFO - [2026-08-12T05:04:47.373+0000] {dagbag.py:587} INFO - Filling up the DagBag from /home/airflow/.local/lib/python3.12/site-packages/airflow/example_dags/plugins/event_listener.py
[2026-08-12T05:04:47.381+0000] {processor.py:927} WARNING - No viable dags retrieved from /home/airflow/.local/lib/python3.12/site-packages/airflow/example_dags/plugins/event_listener.py
[2026-08-12T05:04:47.405+0000] {processor.py:208} INFO - Processing /home/airflow/.local/lib/python3.12/site-packages/airflow/example_dags/plugins/event_listener.py took 0.047 seconds
[2026-08-12T05:05:18.196+0000] {processor.py:186} INFO - Started process (PID=4054) to work on /home/airflow/.local/lib/python3.12/site-packages/airflow/example_dags/plugins/event_listener.py
[2026-08-12T05:05:18.199+0000] {processor.py:914} INFO - Processing file /home/airflow/.local/lib/python3.12/site-packages/airflow/example_dags/plugins/event_listener.py for tasks to queue
[2026-08-12T05:05:18.204+0000] {logging_mixin.py:190} INFO - [2026-08-12T05:05:18.204+0000] {dagbag.py:587} INFO - Filling up the DagBag from /home/airflow/.local/lib/python3.12/site-packages/airflow/example_dags/plugins/event_listener.py
[2026-08-12T05:05:18.210+0000] {processor.py:927} WARNING - No viable dags retrieved from /home/airflow/.local/lib/python3.12/site-packages/airflow/example_dags/plugins/event_listener.py
[2026-08-12T05:05:18.232+0000] {processor.py:208} INFO - Processing /home/airflow/.local/lib/python3.12/site-packages/airflow/example_dags/plugins/event_listener.py took 0.043 seconds
[2026-08-12T05:05:48.383+0000] {processor.py:186} INFO - Started process (PID=4117) to work on /home/airflow/.local/lib/python3.12/site-packages/airflow/example_dags/plugins/event_listener.py
[2026-08-12T05:05:48.386+0000] {processor.py:914} INFO - Processing file /home/airflow/.local/lib/python3.12/site-packages/airflow/example_dags/plugins/event_listener.py for tasks to queue
[2026-08-12T05:05:48.391+0000] {logging_mixin.py:190} INFO - [2026-08-12T05:05:48.391+0000] {dagbag.py:587} INFO - Filling up the DagBag from /home/airflow/.local/lib/python3.12/site-packages/airflow/example_dags/plugins/event_listener.py
[2026-08-12T05:05:48.395+0000] {processor.py:927} WARNING - No viable dags retrieved from /home/airflow/.local/lib/python3.12/site-packages/airflow/example_dags/plugins/event_listener.py
[2026-08-12T05:05:48.428+0000] {processor.py:208} INFO - Processing /home/airflow/.local/lib/python3.12/site-packages/airflow/example_dags/plugins/event_listener.py took 0.055 seconds
[2026-08-12T05:06:18.615+0000] {processor.py:186} INFO - Started process (PID=4180) to work on /home/airflow/.local/lib/python3.12/site-packages/airflow/example_dags/plugins/event_listener.py
[2026-08-12T05:06:18.618+0000] {processor.py:914} INFO - Processing file /home/airflow/.local/lib/python3.12/site-packages/airflow/example_dags/plugins/event_listener.py for tasks to queue
[2026-08-12T05:06:18.623+0000] {logging_mixin.py:190} INFO - [2026-08-12T05:06:18.622+0000] {dagbag.py:587} INFO - Filling up the DagBag from /home/airflow/.local/lib/python3.12/site-packages/airflow/example_dags/plugins/event_listener.py
[2026-08-12T05:06:18.628+0000] {processor.py:927} WARNING - No viable dags retrieved from /home/airflow/.local/lib/python3.12/site-packages/airflow/example_dags/plugins/event_listener.py
[2026-08-12T05:06:18.647+0000] {processor.py:208} INFO - Processing /home/airflow/.local/lib/python3.12/site-packages/airflow/example_dags/plugins/event_listener.py took 0.038 seconds
[2026-08-12T05:06:49.391+0000] {processor.py:186} INFO - Started process (PID=4242) to work on /home/airflow/.local/lib/python3.12/site-packages/airflow/example_dags/plugins/event_listener.py
[2026-08-12T05:06:49.393+0000] {processor.py:914} INFO - Processing file /home/airflow/.local/lib/python3.12/site-packages/airflow/example_dags/plugins/event_listener.py for tasks to queue
[2026-08-12T05:06:49.398+0000] {logging_mixin.py:190} INFO - [2026-08-12T05:06:49.397+0000] {dagbag.py:587} INFO - Filling up the DagBag from /home/airflow/.local/lib/python3.12/site-packages/airflow/example_dags/plugins/event_listener.py
[2026-08-12T05:06:49.402+0000] {processor.py:927} WARNING - No viable dags retrieved from /home/airflow/.local/lib/python3.12/site-packages/airflow/example_dags/plugins/event_listener.py
[2026-08-12T05:06:49.421+0000] {processor.py:208} INFO - Processing /home/airflow/.local/lib/python3.12/site-packages/airflow/example_dags/plugins/event_listener.py took 0.036 seconds
[2026-08-12T05:07:19.785+0000] {processor.py:186} INFO - Started process (PID=4305) to work on /home/airflow/.local/lib/python3.12/site-packages/airflow/example_dags/plugins/event_listener.py
[2026-08-12T05:07:19.789+0000] {processor.py:914} INFO - Processing file /home/airflow/.local/lib/python3.12/site-packages/airflow/example_dags/plugins/event_listener.py for tasks to queue
[2026-08-12T05:07:19.796+0000] {logging_mixin.py:190} INFO - [2026-08-12T05:07:19.796+0000] {dagbag.py:587} INFO - Filling up the DagBag from /home/airflow/.local/lib/python3.12/site-packages/airflow/example_dags/plugins/event_listener.py
[2026-08-12T05:07:19.802+0000] {processor.py:927} WARNING - No viable dags retrieved from /home/airflow/.local/lib/python3.12/site-packages/airflow/example_dags/plugins/event_listener.py
[2026-08-12T05:07:19.837+0000] {processor.py:208} INFO - Processing /home/airflow/.local/lib/python3.12/site-packages/airflow/example_dags/plugins/event_listener.py took 0.064 seconds
[2026-08-12T05:07:50.573+0000] {processor.py:186} INFO - Started process (PID=4369) to work on /home/airflow/.local/lib/python3.12/site-packages/airflow/example_dags/plugins/event_listener.py
[2026-08-12T05:07:50.575+0000] {processor.py:914} INFO - Processing file /home/airflow/.local/lib/python3.12/site-packages/airflow/example_dags/plugins/event_listener.py for tasks to queue
[2026-08-12T05:07:50.579+0000] {logging_mixin.py:190} INFO - [2026-08-12T05:07:50.579+0000] {dagbag.py:587} INFO - Filling up the DagBag from /home/airflow/.local/lib/python3.12/site-packages/airflow/example_dags/plugins/event_listener.py
[2026-08-12T05:07:50.583+0000] {processor.py:927} WARNING - No viable dags retrieved from /home/airflow/.local/lib/python3.12/site-packages/airflow/example_dags/plugins/event_listener.py
[2026-08-12T05:07:50.598+0000] {processor.py:208} INFO - Processing /home/airflow/.local/lib/python3.12/site-packages/airflow/example_dags/plugins/event_listener.py took 0.031 seconds
[2026-08-12T05:08:20.760+0000] {processor.py:186} INFO - Started process (PID=4432) to work on /home/airflow/.local/lib/python3.12/site-packages/airflow/example_dags/plugins/event_listener.py
[2026-08-12T05:08:20.763+0000] {processor.py:914} INFO - Processing file /home/airflow/.local/lib/python3.12/site-packages/airflow/example_dags/plugins/event_listener.py for tasks to queue
[2026-08-12T05:08:20.768+0000] {logging_mixin.py:190} INFO - [2026-08-12T05:08:20.767+0000] {dagbag.py:587} INFO - Filling up the DagBag from /home/airflow/.local/lib/python3.12/site-packages/airflow/example_dags/plugins/event_listener.py
[2026-08-12T05:08:20.773+0000] {processor.py:927} WARNING - No viable dags retrieved from /home/airflow/.local/lib/python3.12/site-packages/airflow/example_dags/plugins/event_listener.py
[2026-08-12T05:08:20.792+0000] {processor.py:208} INFO - Processing /home/airflow/.local/lib/python3.12/site-packages/airflow/example_dags/plugins/event_listener.py took 0.038 seconds
[2026-08-12T05:08:51.141+0000] {processor.py:186} INFO - Started process (PID=4495) to work on /home/airflow/.local/lib/python3.12/site-packages/airflow/example_dags/plugins/event_listener.py
[2026-08-12T05:08:51.144+0000] {processor.py:914} INFO - Processing file /home/airflow/.local/lib/python3.12/site-packages/airflow/example_dags/plugins/event_listener.py for tasks to queue
[2026-08-12T05:08:51.149+0000] {logging_mixin.py:190} INFO - [2026-08-12T05:08:51.148+0000] {dagbag.py:587} INFO - Filling up the DagBag from /home/airflow/.local/lib/python3.12/site-packages/airflow/example_dags/plugins/event_listener.py
[2026-08-12T05:08:51.153+0000] {processor.py:927} WARNING - No viable dags retrieved from /home/airflow/.local/lib/python3.12/site-packages/airflow/example_dags/plugins/event_listener.py
[2026-08-12T05:08:51.172+0000] {processor.py:208} INFO - Processing /home/airflow/.local/lib/python3.12/site-packages/airflow/example_dags/plugins/event_listener.py took 0.038 seconds
[2026-08-12T05:09:21.580+0000] {processor.py:186} INFO - Started process (PID=4558) to work on /home/airflow/.local/lib/python3.12/site-packages/airflow/example_dags/plugins/event_listener.py
[2026-08-12T05:09:21.582+0000] {processor.py:914} INFO - Processing file /home/airflow/.local/lib/python3.12/site-packages/airflow/example_dags/plugins/event_listener.py for tasks to queue
[2026-08-12T05:09:21.587+0000] {logging_mixin.py:190} INFO - [2026-08-12T05:09:21.586+0000] {dagbag.py:587} INFO - Filling up the DagBag from /home/airflow/.local/lib/python3.12/site-packages/airflow/example_dags/plugins/event_listener.py
[2026-08-12T05:09:21.591+0000] {processor.py:927} WARNING - No viable dags retrieved from /home/airflow/.local/lib/python3.12/site-packages/airflow/example_dags/plugins/event_listener.py
[2026-08-12T05:09:21.609+0000] {processor.py:208} INFO - Processing /home/airflow/.local/lib/python3.12/site-packages/airflow/example_dags/plugins/event_listener.py took 0.035 seconds
[2026-08-12T05:09:52.249+0000] {processor.py:186} INFO - Started process (PID=4621) to work on /home/airflow/.local/lib/python3.12/site-packages/airflow/example_dags/plugins/event_listener.py
[2026-08-12T05:09:52.251+0000] {processor.py:914} INFO - Processing file /home/airflow/.local/lib/python3.12/site-packages/airflow/example_dags/plugins/event_listener.py for tasks to queue
[2026-08-12T05:09:52.255+0000] {logging_mixin.py:190} INFO - [2026-08-12T05:09:52.255+0000] {dagbag.py:587} INFO - Filling up the DagBag from /home/airflow/.local/lib/python3.12/site-packages/airflow/example_dags/plugins/event_listener.py
[2026-08-12T05:09:52.260+0000] {processor.py:927} WARNING - No viable dags retrieved from /home/airflow/.local/lib/python3.12/site-packages/airflow/example_dags/plugins/event_listener.py
[2026-08-12T05:09:52.280+0000] {processor.py:208} INFO - Processing /home/airflow/.local/lib/python3.12/site-packages/airflow/example_dags/plugins/event_listener.py took 0.037 seconds
[2026-08-12T05:10:22.803+0000] {processor.py:186} INFO - Started process (PID=4684) to work on /home/airflow/.local/lib/python3.12/site-packages/airflow/example_dags/plugins/event_listener.py
[2026-08-12T05:10:22.807+0000] {processor.py:914} INFO - Processing file /home/airflow/.local/lib/python3.12/site-packages/airflow/example_dags/plugins/event_listener.py for tasks to queue
[2026-08-12T05:10:22.813+0000] {logging_mixin.py:190} INFO - [2026-08-12T05:10:22.813+0000] {dagbag.py:587} INFO - Filling up the DagBag from /home/airflow/.local/lib/python3.12/site-packages/airflow/example_dags/plugins/event_listener.py
[2026-08-12T05:10:22.819+0000] {processor.py:927} WARNING - No viable dags retrieved from /home/airflow/.local/lib/python3.12/site-packages/airflow/example_dags/plugins/event_listener.py
[2026-08-12T05:10:22.840+0000] {processor.py:208} INFO - Processing /home/airflow/.local/lib/python3.12/site-packages/airflow/example_dags/plugins/event_listener.py took 0.048 seconds
[2026-08-12T05:10:53.503+0000] {processor.py:186} INFO - Started process (PID=4747) to work on /home/airflow/.local/lib/python3.12/site-packages/airflow/example_dags/plugins/event_listener.py
[2026-08-12T05:10:53.506+0000] {processor.py:914} INFO - Processing file /home/airflow/.local/lib/python3.12/site-packages/airflow/example_dags/plugins/event_listener.py for tasks to queue
[2026-08-12T05:10:53.510+0000] {logging_mixin.py:190} INFO - [2026-08-12T05:10:53.509+0000] {dagbag.py:587} INFO - Filling up the DagBag from /home/airflow/.local/lib/python3.12/site-packages/airflow/example_dags/plugins/event_listener.py
[2026-08-12T05:10:53.516+0000] {processor.py:927} WARNING - No viable dags retrieved from /home/airflow/.local/lib/python3.12/site-packages/airflow/example_dags/plugins/event_listener.py
[2026-08-12T05:10:53.539+0000] {processor.py:208} INFO - Processing /home/airflow/.local/lib/python3.12/site-packages/airflow/example_dags/plugins/event_listener.py took 0.044 seconds
[2026-08-12T05:11:24.263+0000] {processor.py:186} INFO - Started process (PID=4810) to work on /home/airflow/.local/lib/python3.12/site-packages/airflow/example_dags/plugins/event_listener.py
[2026-08-12T05:11:24.266+0000] {processor.py:914} INFO - Processing file /home/airflow/.local/lib/python3.12/site-packages/airflow/example_dags/plugins/event_listener.py for tasks to queue
[2026-08-12T05:11:24.276+0000] {logging_mixin.py:190} INFO - [2026-08-12T05:11:24.275+0000] {dagbag.py:587} INFO - Filling up the DagBag from /home/airflow/.local/lib/python3.12/site-packages/airflow/example_dags/plugins/event_listener.py
[2026-08-12T05:11:24.285+0000] {processor.py:927} WARNING - No viable dags retrieved from /home/airflow/.local/lib/python3.12/site-packages/airflow/example_dags/plugins/event_listener.py
[2026-08-12T05:11:24.311+0000] {processor.py:208} INFO - Processing /home/airflow/.local/lib/python3.12/site-packages/airflow/example_dags/plugins/event_listener.py took 0.060 seconds
[2026-08-12T05:11:55.496+0000] {processor.py:186} INFO - Started process (PID=4873) to work on /home/airflow/.local/lib/python3.12/site-packages/airflow/example_dags/plugins/event_listener.py
[2026-08-12T05:11:55.499+0000] {processor.py:914} INFO - Processing file /home/airflow/.local/lib/python3.12/site-packages/airflow/example_dags/plugins/event_listener.py for tasks to queue
[2026-08-12T05:11:55.504+0000] {logging_mixin.py:190} INFO - [2026-08-12T05:11:55.504+0000] {dagbag.py:587} INFO - Filling up the DagBag from /home/airflow/.local/lib/python3.12/site-packages/airflow/example_dags/plugins/event_listener.py
[2026-08-12T05:11:55.510+0000] {processor.py:927} WARNING - No viable dags retrieved from /home/airflow/.local/lib/python3.12/site-packages/airflow/example_dags/plugins/event_listener.py
[2026-08-12T05:11:55.526+0000] {processor.py:208} INFO - Processing /home/airflow/.local/lib/python3.12/site-packages/airflow/example_dags/plugins/event_listener.py took 0.041 seconds
[2026-08-12T05:12:25.874+0000] {processor.py:186} INFO - Started process (PID=4936) to work on /home/airflow/.local/lib/python3.12/site-packages/airflow/example_dags/plugins/event_listener.py
[2026-08-12T05:12:25.878+0000] {processor.py:914} INFO - Processing file /home/airflow/.local/lib/python3.12/site-packages/airflow/example_dags/plugins/event_listener.py for tasks to queue
[2026-08-12T05:12:25.883+0000] {logging_mixin.py:190} INFO - [2026-08-12T05:12:25.882+0000] {dagbag.py:587} INFO - Filling up the DagBag from /home/airflow/.local/lib/python3.12/site-packages/airflow/example_dags/plugins/event_listener.py
[2026-08-12T05:12:25.887+0000] {processor.py:927} WARNING - No viable dags retrieved from /home/airflow/.local/lib/python3.12/site-packages/airflow/example_dags/plugins/event_listener.py
[2026-08-12T05:12:25.910+0000] {processor.py:208} INFO - Processing /home/airflow/.local/lib/python3.12/site-packages/airflow/example_dags/plugins/event_listener.py took 0.045 seconds
[2026-08-12T05:12:57.047+0000] {processor.py:186} INFO - Started process (PID=4999) to work on /home/airflow/.local/lib/python3.12/site-packages/airflow/example_dags/plugins/event_listener.py
[2026-08-12T05:12:57.049+0000] {processor.py:914} INFO - Processing file /home/airflow/.local/lib/python3.12/site-packages/airflow/example_dags/plugins/event_listener.py for tasks to queue
[2026-08-12T05:12:57.053+0000] {logging_mixin.py:190} INFO - [2026-08-12T05:12:57.053+0000] {dagbag.py:587} INFO - Filling up the DagBag from /home/airflow/.local/lib/python3.12/site-packages/airflow/example_dags/plugins/event_listener.py
[2026-08-12T05:12:57.057+0000] {processor.py:927} WARNING - No viable dags retrieved from /home/airflow/.local/lib/python3.12/site-packages/airflow/example_dags/plugins/event_listener.py
[2026-08-12T05:12:57.073+0000] {processor.py:208} INFO - Processing /home/airflow/.local/lib/python3.12/site-packages/airflow/example_dags/plugins/event_listener.py took 0.032 seconds
[2026-08-12T05:13:27.399+0000] {processor.py:186} INFO - Started process (PID=5062) to work on /home/airflow/.local/lib/python3.12/site-packages/airflow/example_dags/plugins/event_listener.py
[2026-08-12T05:13:27.401+0000] {processor.py:914} INFO - Processing file /home/airflow/.local/lib/python3.12/site-packages/airflow/example_dags/plugins/event_listener.py for tasks to queue
[2026-08-12T05:13:27.405+0000] {logging_mixin.py:190} INFO - [2026-08-12T05:13:27.405+0000] {dagbag.py:587} INFO - Filling up the DagBag from /home/airflow/.local/lib/python3.12/site-packages/airflow/example_dags/plugins/event_listener.py
[2026-08-12T05:13:27.411+0000] {processor.py:927} WARNING - No viable dags retrieved from /home/airflow/.local/lib/python3.12/site-packages/airflow/example_dags/plugins/event_listener.py
[2026-08-12T05:13:27.427+0000] {processor.py:208} INFO - Processing /home/airflow/.local/lib/python3.12/site-packages/airflow/example_dags/plugins/event_listener.py took 0.036 seconds
[2026-08-12T05:13:58.411+0000] {processor.py:186} INFO - Started process (PID=5125) to work on /home/airflow/.local/lib/python3.12/site-packages/airflow/example_dags/plugins/event_listener.py
[2026-08-12T05:13:58.414+0000] {processor.py:914} INFO - Processing file /home/airflow/.local/lib/python3.12/site-packages/airflow/example_dags/plugins/event_listener.py for tasks to queue
[2026-08-12T05:13:58.418+0000] {logging_mixin.py:190} INFO - [2026-08-12T05:13:58.418+0000] {dagbag.py:587} INFO - Filling up the DagBag from /home/airflow/.local/lib/python3.12/site-packages/airflow/example_dags/plugins/event_listener.py
[2026-08-12T05:13:58.422+0000] {processor.py:927} WARNING - No viable dags retrieved from /home/airflow/.local/lib/python3.12/site-packages/airflow/example_dags/plugins/event_listener.py
[2026-08-12T05:13:58.438+0000] {processor.py:208} INFO - Processing /home/airflow/.local/lib/python3.12/site-packages/airflow/example_dags/plugins/event_listener.py took 0.034 seconds
[2026-08-12T05:14:29.170+0000] {processor.py:186} INFO - Started process (PID=5194) to work on /home/airflow/.local/lib/python3.12/site-packages/airflow/example_dags/plugins/event_listener.py
[2026-08-12T05:14:29.173+0000] {processor.py:914} INFO - Processing file /home/airflow/.local/lib/python3.12/site-packages/airflow/example_dags/plugins/event_listener.py for tasks to queue
[2026-08-12T05:14:29.177+0000] {logging_mixin.py:190} INFO - [2026-08-12T05:14:29.176+0000] {dagbag.py:587} INFO - Filling up the DagBag from /home/airflow/.local/lib/python3.12/site-packages/airflow/example_dags/plugins/event_listener.py
[2026-08-12T05:14:29.180+0000] {processor.py:927} WARNING - No viable dags retrieved from /home/airflow/.local/lib/python3.12/site-packages/airflow/example_dags/plugins/event_listener.py
[2026-08-12T05:14:29.195+0000] {processor.py:208} INFO - Processing /home/airflow/.local/lib/python3.12/site-packages/airflow/example_dags/plugins/event_listener.py took 0.031 seconds
[2026-08-12T05:15:00.021+0000] {processor.py:186} INFO - Started process (PID=5257) to work on /home/airflow/.local/lib/python3.12/site-packages/airflow/example_dags/plugins/event_listener.py
[2026-08-12T05:15:00.024+0000] {processor.py:914} INFO - Processing file /home/airflow/.local/lib/python3.12/site-packages/airflow/example_dags/plugins/event_listener.py for tasks to queue
[2026-08-12T05:15:00.029+0000] {logging_mixin.py:190} INFO - [2026-08-12T05:15:00.029+0000] {dagbag.py:587} INFO - Filling up the DagBag from /home/airflow/.local/lib/python3.12/site-packages/airflow/example_dags/plugins/event_listener.py
[2026-08-12T05:15:00.033+0000] {processor.py:927} WARNING - No viable dags retrieved from /home/airflow/.local/lib/python3.12/site-packages/airflow/example_dags/plugins/event_listener.py
[2026-08-12T05:15:00.052+0000] {processor.py:208} INFO - Processing /home/airflow/.local/lib/python3.12/site-packages/airflow/example_dags/plugins/event_listener.py took 0.043 seconds
[2026-08-12T05:15:30.682+0000] {processor.py:186} INFO - Started process (PID=5320) to work on /home/airflow/.local/lib/python3.12/site-packages/airflow/example_dags/plugins/event_listener.py
[2026-08-12T05:15:30.684+0000] {processor.py:914} INFO - Processing file /home/airflow/.local/lib/python3.12/site-packages/airflow/example_dags/plugins/event_listener.py for tasks to queue
[2026-08-12T05:15:30.690+0000] {logging_mixin.py:190} INFO - [2026-08-12T05:15:30.689+0000] {dagbag.py:587} INFO - Filling up the DagBag from /home/airflow/.local/lib/python3.12/site-packages/airflow/example_dags/plugins/event_listener.py
[2026-08-12T05:15:30.695+0000] {processor.py:927} WARNING - No viable dags retrieved from /home/airflow/.local/lib/python3.12/site-packages/airflow/example_dags/plugins/event_listener.py
[2026-08-12T05:15:30.714+0000] {processor.py:208} INFO - Processing /home/airflow/.local/lib/python3.12/site-packages/airflow/example_dags/plugins/event_listener.py took 0.038 seconds
[2026-08-12T05:16:01.228+0000] {processor.py:186} INFO - Started process (PID=5383) to work on /home/airflow/.local/lib/python3.12/site-packages/airflow/example_dags/plugins/event_listener.py
[2026-08-12T05:16:01.230+0000] {processor.py:914} INFO - Processing file /home/airflow/.local/lib/python3.12/site-packages/airflow/example_dags/plugins/event_listener.py for tasks to queue
[2026-08-12T05:16:01.234+0000] {logging_mixin.py:190} INFO - [2026-08-12T05:16:01.234+0000] {dagbag.py:587} INFO - Filling up the DagBag from /home/airflow/.local/lib/python3.12/site-packages/airflow/example_dags/plugins/event_listener.py
[2026-08-12T05:16:01.237+0000] {processor.py:927} WARNING - No viable dags retrieved from /home/airflow/.local/lib/python3.12/site-packages/airflow/example_dags/plugins/event_listener.py
[2026-08-12T05:16:01.253+0000] {processor.py:208} INFO - Processing /home/airflow/.local/lib/python3.12/site-packages/airflow/example_dags/plugins/event_listener.py took 0.032 seconds
[2026-08-12T05:16:31.793+0000] {processor.py:186} INFO - Started process (PID=5446) to work on /home/airflow/.local/lib/python3.12/site-packages/airflow/example_dags/plugins/event_listener.py
[2026-08-12T05:16:31.798+0000] {processor.py:914} INFO - Processing file /home/airflow/.local/lib/python3.12/site-packages/airflow/example_dags/plugins/event_listener.py for tasks to queue
[2026-08-12T05:16:31.807+0000] {logging_mixin.py:190} INFO - [2026-08-12T05:16:31.806+0000] {dagbag.py:587} INFO - Filling up the DagBag from /home/airflow/.local/lib/python3.12/site-packages/airflow/example_dags/plugins/event_listener.py
[2026-08-12T05:16:31.814+0000] {processor.py:927} WARNING - No viable dags retrieved from /home/airflow/.local/lib/python3.12/site-packages/airflow/example_dags/plugins/event_listener.py
[2026-08-12T05:16:31.844+0000] {processor.py:208} INFO - Processing /home/airflow/.local/lib/python3.12/site-packages/airflow/example_dags/plugins/event_listener.py took 0.065 seconds
[2026-08-12T05:17:02.558+0000] {processor.py:186} INFO - Started process (PID=5509) to work on /home/airflow/.local/lib/python3.12/site-packages/airflow/example_dags/plugins/event_listener.py
[2026-08-12T05:17:02.562+0000] {processor.py:914} INFO - Processing file /home/airflow/.local/lib/python3.12/site-packages/airflow/example_dags/plugins/event_listener.py for tasks to queue
[2026-08-12T05:17:02.568+0000] {logging_mixin.py:190} INFO - [2026-08-12T05:17:02.567+0000] {dagbag.py:587} INFO - Filling up the DagBag from /home/airflow/.local/lib/python3.12/site-packages/airflow/example_dags/plugins/event_listener.py
[2026-08-12T05:17:02.576+0000] {processor.py:927} WARNING - No viable dags retrieved from /home/airflow/.local/lib/python3.12/site-packages/airflow/example_dags/plugins/event_listener.py
[2026-08-12T05:17:02.609+0000] {processor.py:208} INFO - Processing /home/airflow/.local/lib/python3.12/site-packages/airflow/example_dags/plugins/event_listener.py took 0.063 seconds
[2026-08-12T05:17:32.866+0000] {processor.py:186} INFO - Started process (PID=5573) to work on /home/airflow/.local/lib/python3.12/site-packages/airflow/example_dags/plugins/event_listener.py
[2026-08-12T05:17:32.869+0000] {processor.py:914} INFO - Processing file /home/airflow/.local/lib/python3.12/site-packages/airflow/example_dags/plugins/event_listener.py for tasks to queue
[2026-08-12T05:17:32.873+0000] {logging_mixin.py:190} INFO - [2026-08-12T05:17:32.872+0000] {dagbag.py:587} INFO - Filling up the DagBag from /home/airflow/.local/lib/python3.12/site-packages/airflow/example_dags/plugins/event_listener.py
[2026-08-12T05:17:32.879+0000] {processor.py:927} WARNING - No viable dags retrieved from /home/airflow/.local/lib/python3.12/site-packages/airflow/example_dags/plugins/event_listener.py
[2026-08-12T05:17:32.896+0000] {processor.py:208} INFO - Processing /home/airflow/.local/lib/python3.12/site-packages/airflow/example_dags/plugins/event_listener.py took 0.038 seconds
[2026-08-12T05:18:03.456+0000] {processor.py:186} INFO - Started process (PID=5636) to work on /home/airflow/.local/lib/python3.12/site-packages/airflow/example_dags/plugins/event_listener.py
[2026-08-12T05:18:03.458+0000] {processor.py:914} INFO - Processing file /home/airflow/.local/lib/python3.12/site-packages/airflow/example_dags/plugins/event_listener.py for tasks to queue
[2026-08-12T05:18:03.462+0000] {logging_mixin.py:190} INFO - [2026-08-12T05:18:03.462+0000] {dagbag.py:587} INFO - Filling up the DagBag from /home/airflow/.local/lib/python3.12/site-packages/airflow/example_dags/plugins/event_listener.py
[2026-08-12T05:18:03.467+0000] {processor.py:927} WARNING - No viable dags retrieved from /home/airflow/.local/lib/python3.12/site-packages/airflow/example_dags/plugins/event_listener.py
[2026-08-12T05:18:03.483+0000] {processor.py:208} INFO - Processing /home/airflow/.local/lib/python3.12/site-packages/airflow/example_dags/plugins/event_listener.py took 0.033 seconds
[2026-08-12T05:18:33.722+0000] {processor.py:186} INFO - Started process (PID=5699) to work on /home/airflow/.local/lib/python3.12/site-packages/airflow/example_dags/plugins/event_listener.py
[2026-08-12T05:18:33.724+0000] {processor.py:914} INFO - Processing file /home/airflow/.local/lib/python3.12/site-packages/airflow/example_dags/plugins/event_listener.py for tasks to queue
[2026-08-12T05:18:33.728+0000] {logging_mixin.py:190} INFO - [2026-08-12T05:18:33.727+0000] {dagbag.py:587} INFO - Filling up the DagBag from /home/airflow/.local/lib/python3.12/site-packages/airflow/example_dags/plugins/event_listener.py
[2026-08-12T05:18:33.732+0000] {processor.py:927} WARNING - No viable dags retrieved from /home/airflow/.local/lib/python3.12/site-packages/airflow/example_dags/plugins/event_listener.py
[2026-08-12T05:18:33.751+0000] {processor.py:208} INFO - Processing /home/airflow/.local/lib/python3.12/site-packages/airflow/example_dags/plugins/event_listener.py took 0.036 seconds
[2026-08-12T05:19:04.463+0000] {processor.py:186} INFO - Started process (PID=5762) to work on /home/airflow/.local/lib/python3.12/site-packages/airflow/example_dags/plugins/event_listener.py
[2026-08-12T05:19:04.466+0000] {processor.py:914} INFO - Processing file /home/airflow/.local/lib/python3.12/site-packages/airflow/example_dags/plugins/event_listener.py for tasks to queue
[2026-08-12T05:19:04.471+0000] {logging_mixin.py:190} INFO - [2026-08-12T05:19:04.471+0000] {dagbag.py:587} INFO - Filling up the DagBag from /home/airflow/.local/lib/python3.12/site-packages/airflow/example_dags/plugins/event_listener.py
[2026-08-12T05:19:04.475+0000] {processor.py:927} WARNING - No viable dags retrieved from /home/airflow/.local/lib/python3.12/site-packages/airflow/example_dags/plugins/event_listener.py
[2026-08-12T05:19:04.494+0000] {processor.py:208} INFO - Processing /home/airflow/.local/lib/python3.12/site-packages/airflow/example_dags/plugins/event_listener.py took 0.042 seconds
[2026-08-12T05:19:35.194+0000] {processor.py:186} INFO - Started process (PID=5825) to work on /home/airflow/.local/lib/python3.12/site-packages/airflow/example_dags/plugins/event_listener.py
[2026-08-12T05:19:35.196+0000] {processor.py:914} INFO - Processing file /home/airflow/.local/lib/python3.12/site-packages/airflow/example_dags/plugins/event_listener.py for tasks to queue
[2026-08-12T05:19:35.201+0000] {logging_mixin.py:190} INFO - [2026-08-12T05:19:35.200+0000] {dagbag.py:587} INFO - Filling up the DagBag from /home/airflow/.local/lib/python3.12/site-packages/airflow/example_dags/plugins/event_listener.py
[2026-08-12T05:19:35.207+0000] {processor.py:927} WARNING - No viable dags retrieved from /home/airflow/.local/lib/python3.12/site-packages/airflow/example_dags/plugins/event_listener.py
[2026-08-12T05:19:35.222+0000] {processor.py:208} INFO - Processing /home/airflow/.local/lib/python3.12/site-packages/airflow/example_dags/plugins/event_listener.py took 0.034 seconds
[2026-08-12T05:20:05.711+0000] {processor.py:186} INFO - Started process (PID=5888) to work on /home/airflow/.local/lib/python3.12/site-packages/airflow/example_dags/plugins/event_listener.py
[2026-08-12T05:20:05.713+0000] {processor.py:914} INFO - Processing file /home/airflow/.local/lib/python3.12/site-packages/airflow/example_dags/plugins/event_listener.py for tasks to queue
[2026-08-12T05:20:05.717+0000] {logging_mixin.py:190} INFO - [2026-08-12T05:20:05.716+0000] {dagbag.py:587} INFO - Filling up the DagBag from /home/airflow/.local/lib/python3.12/site-packages/airflow/example_dags/plugins/event_listener.py
[2026-08-12T05:20:05.720+0000] {processor.py:927} WARNING - No viable dags retrieved from /home/airflow/.local/lib/python3.12/site-packages/airflow/example_dags/plugins/event_listener.py
[2026-08-12T05:20:05.735+0000] {processor.py:208} INFO - Processing /home/airflow/.local/lib/python3.12/site-packages/airflow/example_dags/plugins/event_listener.py took 0.030 seconds
[2026-08-12T05:20:36.352+0000] {processor.py:186} INFO - Started process (PID=5951) to work on /home/airflow/.local/lib/python3.12/site-packages/airflow/example_dags/plugins/event_listener.py
[2026-08-12T05:20:36.354+0000] {processor.py:914} INFO - Processing file /home/airflow/.local/lib/python3.12/site-packages/airflow/example_dags/plugins/event_listener.py for tasks to queue
[2026-08-12T05:20:36.361+0000] {logging_mixin.py:190} INFO - [2026-08-12T05:20:36.360+0000] {dagbag.py:587} INFO - Filling up the DagBag from /home/airflow/.local/lib/python3.12/site-packages/airflow/example_dags/plugins/event_listener.py
[2026-08-12T05:20:36.367+0000] {processor.py:927} WARNING - No viable dags retrieved from /home/airflow/.local/lib/python3.12/site-packages/airflow/example_dags/plugins/event_listener.py
[2026-08-12T05:20:36.397+0000] {processor.py:208} INFO - Processing /home/airflow/.local/lib/python3.12/site-packages/airflow/example_dags/plugins/event_listener.py took 0.053 seconds
[2026-08-12T05:21:07.097+0000] {processor.py:186} INFO - Started process (PID=6014) to work on /home/airflow/.local/lib/python3.12/site-packages/airflow/example_dags/plugins/event_listener.py
[2026-08-12T05:21:07.100+0000] {processor.py:914} INFO - Processing file /home/airflow/.local/lib/python3.12/site-packages/airflow/example_dags/plugins/event_listener.py for tasks to queue
[2026-08-12T05:21:07.104+0000] {logging_mixin.py:190} INFO - [2026-08-12T05:21:07.104+0000] {dagbag.py:587} INFO - Filling up the DagBag from /home/airflow/.local/lib/python3.12/site-packages/airflow/example_dags/plugins/event_listener.py
[2026-08-12T05:21:07.108+0000] {processor.py:927} WARNING - No viable dags retrieved from /home/airflow/.local/lib/python3.12/site-packages/airflow/example_dags/plugins/event_listener.py
[2026-08-12T05:21:07.124+0000] {processor.py:208} INFO - Processing /home/airflow/.local/lib/python3.12/site-packages/airflow/example_dags/plugins/event_listener.py took 0.033 seconds
[2026-08-12T05:21:37.614+0000] {processor.py:186} INFO - Started process (PID=6077) to work on /home/airflow/.local/lib/python3.12/site-packages/airflow/example_dags/plugins/event_listener.py
[2026-08-12T05:21:37.617+0000] {processor.py:914} INFO - Processing file /home/airflow/.local/lib/python3.12/site-packages/airflow/example_dags/plugins/event_listener.py for tasks to queue
[2026-08-12T05:21:37.621+0000] {logging_mixin.py:190} INFO - [2026-08-12T05:21:37.620+0000] {dagbag.py:587} INFO - Filling up the DagBag from /home/airflow/.local/lib/python3.12/site-packages/airflow/example_dags/plugins/event_listener.py
[2026-08-12T05:21:37.625+0000] {processor.py:927} WARNING - No viable dags retrieved from /home/airflow/.local/lib/python3.12/site-packages/airflow/example_dags/plugins/event_listener.py
[2026-08-12T05:21:37.640+0000] {processor.py:208} INFO - Processing /home/airflow/.local/lib/python3.12/site-packages/airflow/example_dags/plugins/event_listener.py took 0.032 seconds
[2026-08-12T05:22:08.395+0000] {processor.py:186} INFO - Started process (PID=6140) to work on /home/airflow/.local/lib/python3.12/site-packages/airflow/example_dags/plugins/event_listener.py
[2026-08-12T05:22:08.397+0000] {processor.py:914} INFO - Processing file /home/airflow/.local/lib/python3.12/site-packages/airflow/example_dags/plugins/event_listener.py for tasks to queue
[2026-08-12T05:22:08.401+0000] {logging_mixin.py:190} INFO - [2026-08-12T05:22:08.401+0000] {dagbag.py:587} INFO - Filling up the DagBag from /home/airflow/.local/lib/python3.12/site-packages/airflow/example_dags/plugins/event_listener.py
[2026-08-12T05:22:08.406+0000] {processor.py:927} WARNING - No viable dags retrieved from /home/airflow/.local/lib/python3.12/site-packages/airflow/example_dags/plugins/event_listener.py
[2026-08-12T05:22:08.423+0000] {processor.py:208} INFO - Processing /home/airflow/.local/lib/python3.12/site-packages/airflow/example_dags/plugins/event_listener.py took 0.035 seconds
[2026-08-12T05:22:39.161+0000] {processor.py:186} INFO - Started process (PID=6203) to work on /home/airflow/.local/lib/python3.12/site-packages/airflow/example_dags/plugins/event_listener.py
[2026-08-12T05:22:39.163+0000] {processor.py:914} INFO - Processing file /home/airflow/.local/lib/python3.12/site-packages/airflow/example_dags/plugins/event_listener.py for tasks to queue
[2026-08-12T05:22:39.168+0000] {logging_mixin.py:190} INFO - [2026-08-12T05:22:39.168+0000] {dagbag.py:587} INFO - Filling up the DagBag from /home/airflow/.local/lib/python3.12/site-packages/airflow/example_dags/plugins/event_listener.py
[2026-08-12T05:22:39.175+0000] {processor.py:927} WARNING - No viable dags retrieved from /home/airflow/.local/lib/python3.12/site-packages/airflow/example_dags/plugins/event_listener.py
[2026-08-12T05:22:39.203+0000] {processor.py:208} INFO - Processing /home/airflow/.local/lib/python3.12/site-packages/airflow/example_dags/plugins/event_listener.py took 0.050 seconds
[2026-08-12T05:23:09.670+0000] {processor.py:186} INFO - Started process (PID=6266) to work on /home/airflow/.local/lib/python3.12/site-packages/airflow/example_dags/plugins/event_listener.py
[2026-08-12T05:23:09.673+0000] {processor.py:914} INFO - Processing file /home/airflow/.local/lib/python3.12/site-packages/airflow/example_dags/plugins/event_listener.py for tasks to queue
[2026-08-12T05:23:09.678+0000] {logging_mixin.py:190} INFO - [2026-08-12T05:23:09.678+0000] {dagbag.py:587} INFO - Filling up the DagBag from /home/airflow/.local/lib/python3.12/site-packages/airflow/example_dags/plugins/event_listener.py
[2026-08-12T05:23:09.682+0000] {processor.py:927} WARNING - No viable dags retrieved from /home/airflow/.local/lib/python3.12/site-packages/airflow/example_dags/plugins/event_listener.py
[2026-08-12T05:23:09.699+0000] {processor.py:208} INFO - Processing /home/airflow/.local/lib/python3.12/site-packages/airflow/example_dags/plugins/event_listener.py took 0.038 seconds
[2026-08-12T05:23:41.154+0000] {processor.py:186} INFO - Started process (PID=6329) to work on /home/airflow/.local/lib/python3.12/site-packages/airflow/example_dags/plugins/event_listener.py
[2026-08-12T05:23:41.157+0000] {processor.py:914} INFO - Processing file /home/airflow/.local/lib/python3.12/site-packages/airflow/example_dags/plugins/event_listener.py for tasks to queue
[2026-08-12T05:23:41.162+0000] {logging_mixin.py:190} INFO - [2026-08-12T05:23:41.161+0000] {dagbag.py:587} INFO - Filling up the DagBag from /home/airflow/.local/lib/python3.12/site-packages/airflow/example_dags/plugins/event_listener.py
[2026-08-12T05:23:41.167+0000] {processor.py:927} WARNING - No viable dags retrieved from /home/airflow/.local/lib/python3.12/site-packages/airflow/example_dags/plugins/event_listener.py
[2026-08-12T05:23:41.207+0000] {processor.py:208} INFO - Processing /home/airflow/.local/lib/python3.12/site-packages/airflow/example_dags/plugins/event_listener.py took 0.061 seconds
[2026-08-12T05:24:11.368+0000] {processor.py:186} INFO - Started process (PID=6392) to work on /home/airflow/.local/lib/python3.12/site-packages/airflow/example_dags/plugins/event_listener.py
[2026-08-12T05:24:11.371+0000] {processor.py:914} INFO - Processing file /home/airflow/.local/lib/python3.12/site-packages/airflow/example_dags/plugins/event_listener.py for tasks to queue
[2026-08-12T05:24:11.380+0000] {logging_mixin.py:190} INFO - [2026-08-12T05:24:11.379+0000] {dagbag.py:587} INFO - Filling up the DagBag from /home/airflow/.local/lib/python3.12/site-packages/airflow/example_dags/plugins/event_listener.py
[2026-08-12T05:24:11.386+0000] {processor.py:927} WARNING - No viable dags retrieved from /home/airflow/.local/lib/python3.12/site-packages/airflow/example_dags/plugins/event_listener.py
[2026-08-12T05:24:11.413+0000] {processor.py:208} INFO - Processing /home/airflow/.local/lib/python3.12/site-packages/airflow/example_dags/plugins/event_listener.py took 0.053 seconds
[2026-08-12T05:24:41.977+0000] {processor.py:186} INFO - Started process (PID=6456) to work on /home/airflow/.local/lib/python3.12/site-packages/airflow/example_dags/plugins/event_listener.py
[2026-08-12T05:24:41.980+0000] {processor.py:914} INFO - Processing file /home/airflow/.local/lib/python3.12/site-packages/airflow/example_dags/plugins/event_listener.py for tasks to queue
[2026-08-12T05:24:41.985+0000] {logging_mixin.py:190} INFO - [2026-08-12T05:24:41.984+0000] {dagbag.py:587} INFO - Filling up the DagBag from /home/airflow/.local/lib/python3.12/site-packages/airflow/example_dags/plugins/event_listener.py
[2026-08-12T05:24:41.989+0000] {processor.py:927} WARNING - No viable dags retrieved from /home/airflow/.local/lib/python3.12/site-packages/airflow/example_dags/plugins/event_listener.py
[2026-08-12T05:24:42.015+0000] {processor.py:208} INFO - Processing /home/airflow/.local/lib/python3.12/site-packages/airflow/example_dags/plugins/event_listener.py took 0.048 seconds
[2026-08-12T05:25:12.716+0000] {processor.py:186} INFO - Started process (PID=6519) to work on /home/airflow/.local/lib/python3.12/site-packages/airflow/example_dags/plugins/event_listener.py
[2026-08-12T05:25:12.720+0000] {processor.py:914} INFO - Processing file /home/airflow/.local/lib/python3.12/site-packages/airflow/example_dags/plugins/event_listener.py for tasks to queue
[2026-08-12T05:25:12.727+0000] {logging_mixin.py:190} INFO - [2026-08-12T05:25:12.726+0000] {dagbag.py:587} INFO - Filling up the DagBag from /home/airflow/.local/lib/python3.12/site-packages/airflow/example_dags/plugins/event_listener.py
[2026-08-12T05:25:12.733+0000] {processor.py:927} WARNING - No viable dags retrieved from /home/airflow/.local/lib/python3.12/site-packages/airflow/example_dags/plugins/event_listener.py
[2026-08-12T05:25:12.760+0000] {processor.py:208} INFO - Processing /home/airflow/.local/lib/python3.12/site-packages/airflow/example_dags/plugins/event_listener.py took 0.053 seconds
[2026-08-12T05:25:43.271+0000] {processor.py:186} INFO - Started process (PID=6582) to work on /home/airflow/.local/lib/python3.12/site-packages/airflow/example_dags/plugins/event_listener.py
[2026-08-12T05:25:43.275+0000] {processor.py:914} INFO - Processing file /home/airflow/.local/lib/python3.12/site-packages/airflow/example_dags/plugins/event_listener.py for tasks to queue
[2026-08-12T05:25:43.279+0000] {logging_mixin.py:190} INFO - [2026-08-12T05:25:43.279+0000] {dagbag.py:587} INFO - Filling up the DagBag from /home/airflow/.local/lib/python3.12/site-packages/airflow/example_dags/plugins/event_listener.py
[2026-08-12T05:25:43.284+0000] {processor.py:927} WARNING - No viable dags retrieved from /home/airflow/.local/lib/python3.12/site-packages/airflow/example_dags/plugins/event_listener.py
[2026-08-12T05:25:43.305+0000] {processor.py:208} INFO - Processing /home/airflow/.local/lib/python3.12/site-packages/airflow/example_dags/plugins/event_listener.py took 0.042 seconds
[2026-08-12T05:26:15.016+0000] {processor.py:186} INFO - Started process (PID=6645) to work on /home/airflow/.local/lib/python3.12/site-packages/airflow/example_dags/plugins/event_listener.py
[2026-08-12T05:26:15.019+0000] {processor.py:914} INFO - Processing file /home/airflow/.local/lib/python3.12/site-packages/airflow/example_dags/plugins/event_listener.py for tasks to queue
[2026-08-12T05:26:15.024+0000] {logging_mixin.py:190} INFO - [2026-08-12T05:26:15.024+0000] {dagbag.py:587} INFO - Filling up the DagBag from /home/airflow/.local/lib/python3.12/site-packages/airflow/example_dags/plugins/event_listener.py
[2026-08-12T05:26:15.028+0000] {processor.py:927} WARNING - No viable dags retrieved from /home/airflow/.local/lib/python3.12/site-packages/airflow/example_dags/plugins/event_listener.py
[2026-08-12T05:26:15.052+0000] {processor.py:208} INFO - Processing /home/airflow/.local/lib/python3.12/site-packages/airflow/example_dags/plugins/event_listener.py took 0.044 seconds
[2026-08-12T05:26:45.326+0000] {processor.py:186} INFO - Started process (PID=6708) to work on /home/airflow/.local/lib/python3.12/site-packages/airflow/example_dags/plugins/event_listener.py
[2026-08-12T05:26:45.331+0000] {processor.py:914} INFO - Processing file /home/airflow/.local/lib/python3.12/site-packages/airflow/example_dags/plugins/event_listener.py for tasks to queue
[2026-08-12T05:26:45.339+0000] {logging_mixin.py:190} INFO - [2026-08-12T05:26:45.338+0000] {dagbag.py:587} INFO - Filling up the DagBag from /home/airflow/.local/lib/python3.12/site-packages/airflow/example_dags/plugins/event_listener.py
[2026-08-12T05:26:45.345+0000] {processor.py:927} WARNING - No viable dags retrieved from /home/airflow/.local/lib/python3.12/site-packages/airflow/example_dags/plugins/event_listener.py
[2026-08-12T05:26:45.379+0000] {processor.py:208} INFO - Processing /home/airflow/.local/lib/python3.12/site-packages/airflow/example_dags/plugins/event_listener.py took 0.066 seconds
[2026-08-12T05:27:15.535+0000] {processor.py:186} INFO - Started process (PID=6771) to work on /home/airflow/.local/lib/python3.12/site-packages/airflow/example_dags/plugins/event_listener.py
[2026-08-12T05:27:15.538+0000] {processor.py:914} INFO - Processing file /home/airflow/.local/lib/python3.12/site-packages/airflow/example_dags/plugins/event_listener.py for tasks to queue
[2026-08-12T05:27:15.542+0000] {logging_mixin.py:190} INFO - [2026-08-12T05:27:15.542+0000] {dagbag.py:587} INFO - Filling up the DagBag from /home/airflow/.local/lib/python3.12/site-packages/airflow/example_dags/plugins/event_listener.py
[2026-08-12T05:27:15.547+0000] {processor.py:927} WARNING - No viable dags retrieved from /home/airflow/.local/lib/python3.12/site-packages/airflow/example_dags/plugins/event_listener.py
[2026-08-12T05:27:15.562+0000] {processor.py:208} INFO - Processing /home/airflow/.local/lib/python3.12/site-packages/airflow/example_dags/plugins/event_listener.py took 0.033 seconds
[2026-08-12T05:27:46.134+0000] {processor.py:186} INFO - Started process (PID=6834) to work on /home/airflow/.local/lib/python3.12/site-packages/airflow/example_dags/plugins/event_listener.py
[2026-08-12T05:27:46.137+0000] {processor.py:914} INFO - Processing file /home/airflow/.local/lib/python3.12/site-packages/airflow/example_dags/plugins/event_listener.py for tasks to queue
[2026-08-12T05:27:46.141+0000] {logging_mixin.py:190} INFO - [2026-08-12T05:27:46.141+0000] {dagbag.py:587} INFO - Filling up the DagBag from /home/airflow/.local/lib/python3.12/site-packages/airflow/example_dags/plugins/event_listener.py
[2026-08-12T05:27:46.146+0000] {processor.py:927} WARNING - No viable dags retrieved from /home/airflow/.local/lib/python3.12/site-packages/airflow/example_dags/plugins/event_listener.py
[2026-08-12T05:27:46.177+0000] {processor.py:208} INFO - Processing /home/airflow/.local/lib/python3.12/site-packages/airflow/example_dags/plugins/event_listener.py took 0.051 seconds
[2026-08-12T05:28:16.902+0000] {processor.py:186} INFO - Started process (PID=6897) to work on /home/airflow/.local/lib/python3.12/site-packages/airflow/example_dags/plugins/event_listener.py
[2026-08-12T05:28:16.904+0000] {processor.py:914} INFO - Processing file /home/airflow/.local/lib/python3.12/site-packages/airflow/example_dags/plugins/event_listener.py for tasks to queue
[2026-08-12T05:28:16.910+0000] {logging_mixin.py:190} INFO - [2026-08-12T05:28:16.909+0000] {dagbag.py:587} INFO - Filling up the DagBag from /home/airflow/.local/lib/python3.12/site-packages/airflow/example_dags/plugins/event_listener.py
[2026-08-12T05:28:16.915+0000] {processor.py:927} WARNING - No viable dags retrieved from /home/airflow/.local/lib/python3.12/site-packages/airflow/example_dags/plugins/event_listener.py
[2026-08-12T05:28:16.936+0000] {processor.py:208} INFO - Processing /home/airflow/.local/lib/python3.12/site-packages/airflow/example_dags/plugins/event_listener.py took 0.041 seconds
[2026-08-12T05:28:47.729+0000] {processor.py:186} INFO - Started process (PID=6960) to work on /home/airflow/.local/lib/python3.12/site-packages/airflow/example_dags/plugins/event_listener.py
[2026-08-12T05:28:47.731+0000] {processor.py:914} INFO - Processing file /home/airflow/.local/lib/python3.12/site-packages/airflow/example_dags/plugins/event_listener.py for tasks to queue
[2026-08-12T05:28:47.735+0000] {logging_mixin.py:190} INFO - [2026-08-12T05:28:47.735+0000] {dagbag.py:587} INFO - Filling up the DagBag from /home/airflow/.local/lib/python3.12/site-packages/airflow/example_dags/plugins/event_listener.py
[2026-08-12T05:28:47.739+0000] {processor.py:927} WARNING - No viable dags retrieved from /home/airflow/.local/lib/python3.12/site-packages/airflow/example_dags/plugins/event_listener.py
[2026-08-12T05:28:47.759+0000] {processor.py:208} INFO - Processing /home/airflow/.local/lib/python3.12/site-packages/airflow/example_dags/plugins/event_listener.py took 0.038 seconds
[2026-08-12T05:29:18.727+0000] {processor.py:186} INFO - Started process (PID=7023) to work on /home/airflow/.local/lib/python3.12/site-packages/airflow/example_dags/plugins/event_listener.py
[2026-08-12T05:29:18.730+0000] {processor.py:914} INFO - Processing file /home/airflow/.local/lib/python3.12/site-packages/airflow/example_dags/plugins/event_listener.py for tasks to queue
[2026-08-12T05:29:18.740+0000] {logging_mixin.py:190} INFO - [2026-08-12T05:29:18.739+0000] {dagbag.py:587} INFO - Filling up the DagBag from /home/airflow/.local/lib/python3.12/site-packages/airflow/example_dags/plugins/event_listener.py
[2026-08-12T05:29:18.746+0000] {processor.py:927} WARNING - No viable dags retrieved from /home/airflow/.local/lib/python3.12/site-packages/airflow/example_dags/plugins/event_listener.py
[2026-08-12T05:29:18.792+0000] {processor.py:208} INFO - Processing /home/airflow/.local/lib/python3.12/site-packages/airflow/example_dags/plugins/event_listener.py took 0.074 seconds
[2026-08-12T05:29:49.549+0000] {processor.py:186} INFO - Started process (PID=7086) to work on /home/airflow/.local/lib/python3.12/site-packages/airflow/example_dags/plugins/event_listener.py
[2026-08-12T05:29:49.554+0000] {processor.py:914} INFO - Processing file /home/airflow/.local/lib/python3.12/site-packages/airflow/example_dags/plugins/event_listener.py for tasks to queue
[2026-08-12T05:29:49.560+0000] {logging_mixin.py:190} INFO - [2026-08-12T05:29:49.559+0000] {dagbag.py:587} INFO - Filling up the DagBag from /home/airflow/.local/lib/python3.12/site-packages/airflow/example_dags/plugins/event_listener.py
[2026-08-12T05:29:49.565+0000] {processor.py:927} WARNING - No viable dags retrieved from /home/airflow/.local/lib/python3.12/site-packages/airflow/example_dags/plugins/event_listener.py
[2026-08-12T05:29:49.594+0000] {processor.py:208} INFO - Processing /home/airflow/.local/lib/python3.12/site-packages/airflow/example_dags/plugins/event_listener.py took 0.058 seconds
[2026-08-12T05:30:20.156+0000] {processor.py:186} INFO - Started process (PID=7149) to work on /home/airflow/.local/lib/python3.12/site-packages/airflow/example_dags/plugins/event_listener.py
[2026-08-12T05:30:20.159+0000] {processor.py:914} INFO - Processing file /home/airflow/.local/lib/python3.12/site-packages/airflow/example_dags/plugins/event_listener.py for tasks to queue
[2026-08-12T05:30:20.163+0000] {logging_mixin.py:190} INFO - [2026-08-12T05:30:20.162+0000] {dagbag.py:587} INFO - Filling up the DagBag from /home/airflow/.local/lib/python3.12/site-packages/airflow/example_dags/plugins/event_listener.py
[2026-08-12T05:30:20.167+0000] {processor.py:927} WARNING - No viable dags retrieved from /home/airflow/.local/lib/python3.12/site-packages/airflow/example_dags/plugins/event_listener.py
[2026-08-12T05:30:20.188+0000] {processor.py:208} INFO - Processing /home/airflow/.local/lib/python3.12/site-packages/airflow/example_dags/plugins/event_listener.py took 0.039 seconds
[2026-08-12T05:30:50.721+0000] {processor.py:186} INFO - Started process (PID=7212) to work on /home/airflow/.local/lib/python3.12/site-packages/airflow/example_dags/plugins/event_listener.py
[2026-08-12T05:30:50.723+0000] {processor.py:914} INFO - Processing file /home/airflow/.local/lib/python3.12/site-packages/airflow/example_dags/plugins/event_listener.py for tasks to queue
[2026-08-12T05:30:50.727+0000] {logging_mixin.py:190} INFO - [2026-08-12T05:30:50.727+0000] {dagbag.py:587} INFO - Filling up the DagBag from /home/airflow/.local/lib/python3.12/site-packages/airflow/example_dags/plugins/event_listener.py
[2026-08-12T05:30:50.731+0000] {processor.py:927} WARNING - No viable dags retrieved from /home/airflow/.local/lib/python3.12/site-packages/airflow/example_dags/plugins/event_listener.py
[2026-08-12T05:30:50.750+0000] {processor.py:208} INFO - Processing /home/airflow/.local/lib/python3.12/site-packages/airflow/example_dags/plugins/event_listener.py took 0.035 seconds
[2026-08-12T05:31:21.244+0000] {processor.py:186} INFO - Started process (PID=7275) to work on /home/airflow/.local/lib/python3.12/site-packages/airflow/example_dags/plugins/event_listener.py
[2026-08-12T05:31:21.247+0000] {processor.py:914} INFO - Processing file /home/airflow/.local/lib/python3.12/site-packages/airflow/example_dags/plugins/event_listener.py for tasks to queue
[2026-08-12T05:31:21.251+0000] {logging_mixin.py:190} INFO - [2026-08-12T05:31:21.251+0000] {dagbag.py:587} INFO - Filling up the DagBag from /home/airflow/.local/lib/python3.12/site-packages/airflow/example_dags/plugins/event_listener.py
[2026-08-12T05:31:21.257+0000] {processor.py:927} WARNING - No viable dags retrieved from /home/airflow/.local/lib/python3.12/site-packages/airflow/example_dags/plugins/event_listener.py
[2026-08-12T05:31:21.278+0000] {processor.py:208} INFO - Processing /home/airflow/.local/lib/python3.12/site-packages/airflow/example_dags/plugins/event_listener.py took 0.042 seconds
[2026-08-12T05:31:52.085+0000] {processor.py:186} INFO - Started process (PID=7339) to work on /home/airflow/.local/lib/python3.12/site-packages/airflow/example_dags/plugins/event_listener.py
[2026-08-12T05:31:52.088+0000] {processor.py:914} INFO - Processing file /home/airflow/.local/lib/python3.12/site-packages/airflow/example_dags/plugins/event_listener.py for tasks to queue
[2026-08-12T05:31:52.092+0000] {logging_mixin.py:190} INFO - [2026-08-12T05:31:52.091+0000] {dagbag.py:587} INFO - Filling up the DagBag from /home/airflow/.local/lib/python3.12/site-packages/airflow/example_dags/plugins/event_listener.py
[2026-08-12T05:31:52.100+0000] {processor.py:927} WARNING - No viable dags retrieved from /home/airflow/.local/lib/python3.12/site-packages/airflow/example_dags/plugins/event_listener.py
[2026-08-12T05:31:52.120+0000] {processor.py:208} INFO - Processing /home/airflow/.local/lib/python3.12/site-packages/airflow/example_dags/plugins/event_listener.py took 0.044 seconds
[2026-08-12T05:32:22.505+0000] {processor.py:186} INFO - Started process (PID=7402) to work on /home/airflow/.local/lib/python3.12/site-packages/airflow/example_dags/plugins/event_listener.py
[2026-08-12T05:32:22.507+0000] {processor.py:914} INFO - Processing file /home/airflow/.local/lib/python3.12/site-packages/airflow/example_dags/plugins/event_listener.py for tasks to queue
[2026-08-12T05:32:22.512+0000] {logging_mixin.py:190} INFO - [2026-08-12T05:32:22.511+0000] {dagbag.py:587} INFO - Filling up the DagBag from /home/airflow/.local/lib/python3.12/site-packages/airflow/example_dags/plugins/event_listener.py
[2026-08-12T05:32:22.516+0000] {processor.py:927} WARNING - No viable dags retrieved from /home/airflow/.local/lib/python3.12/site-packages/airflow/example_dags/plugins/event_listener.py
[2026-08-12T05:32:22.537+0000] {processor.py:208} INFO - Processing /home/airflow/.local/lib/python3.12/site-packages/airflow/example_dags/plugins/event_listener.py took 0.040 seconds
[2026-08-12T05:32:53.227+0000] {processor.py:186} INFO - Started process (PID=7465) to work on /home/airflow/.local/lib/python3.12/site-packages/airflow/example_dags/plugins/event_listener.py
[2026-08-12T05:32:53.229+0000] {processor.py:914} INFO - Processing file /home/airflow/.local/lib/python3.12/site-packages/airflow/example_dags/plugins/event_listener.py for tasks to queue
[2026-08-12T05:32:53.234+0000] {logging_mixin.py:190} INFO - [2026-08-12T05:32:53.233+0000] {dagbag.py:587} INFO - Filling up the DagBag from /home/airflow/.local/lib/python3.12/site-packages/airflow/example_dags/plugins/event_listener.py
[2026-08-12T05:32:53.238+0000] {processor.py:927} WARNING - No viable dags retrieved from /home/airflow/.local/lib/python3.12/site-packages/airflow/example_dags/plugins/event_listener.py
[2026-08-12T05:32:53.257+0000] {processor.py:208} INFO - Processing /home/airflow/.local/lib/python3.12/site-packages/airflow/example_dags/plugins/event_listener.py took 0.039 seconds
[2026-08-12T05:33:24.208+0000] {processor.py:186} INFO - Started process (PID=7528) to work on /home/airflow/.local/lib/python3.12/site-packages/airflow/example_dags/plugins/event_listener.py
[2026-08-12T05:33:24.211+0000] {processor.py:914} INFO - Processing file /home/airflow/.local/lib/python3.12/site-packages/airflow/example_dags/plugins/event_listener.py for tasks to queue
[2026-08-12T05:33:24.221+0000] {logging_mixin.py:190} INFO - [2026-08-12T05:33:24.220+0000] {dagbag.py:587} INFO - Filling up the DagBag from /home/airflow/.local/lib/python3.12/site-packages/airflow/example_dags/plugins/event_listener.py
[2026-08-12T05:33:24.232+0000] {processor.py:927} WARNING - No viable dags retrieved from /home/airflow/.local/lib/python3.12/site-packages/airflow/example_dags/plugins/event_listener.py
[2026-08-12T05:33:24.261+0000] {processor.py:208} INFO - Processing /home/airflow/.local/lib/python3.12/site-packages/airflow/example_dags/plugins/event_listener.py took 0.066 seconds
[2026-08-12T05:33:54.663+0000] {processor.py:186} INFO - Started process (PID=7591) to work on /home/airflow/.local/lib/python3.12/site-packages/airflow/example_dags/plugins/event_listener.py
[2026-08-12T05:33:54.665+0000] {processor.py:914} INFO - Processing file /home/airflow/.local/lib/python3.12/site-packages/airflow/example_dags/plugins/event_listener.py for tasks to queue
[2026-08-12T05:33:54.669+0000] {logging_mixin.py:190} INFO - [2026-08-12T05:33:54.669+0000] {dagbag.py:587} INFO - Filling up the DagBag from /home/airflow/.local/lib/python3.12/site-packages/airflow/example_dags/plugins/event_listener.py
[2026-08-12T05:33:54.673+0000] {processor.py:927} WARNING - No viable dags retrieved from /home/airflow/.local/lib/python3.12/site-packages/airflow/example_dags/plugins/event_listener.py
[2026-08-12T05:33:54.692+0000] {processor.py:208} INFO - Processing /home/airflow/.local/lib/python3.12/site-packages/airflow/example_dags/plugins/event_listener.py took 0.035 seconds
[2026-08-12T05:34:25.384+0000] {processor.py:186} INFO - Started process (PID=7654) to work on /home/airflow/.local/lib/python3.12/site-packages/airflow/example_dags/plugins/event_listener.py
[2026-08-12T05:34:25.388+0000] {processor.py:914} INFO - Processing file /home/airflow/.local/lib/python3.12/site-packages/airflow/example_dags/plugins/event_listener.py for tasks to queue
[2026-08-12T05:34:25.393+0000] {logging_mixin.py:190} INFO - [2026-08-12T05:34:25.392+0000] {dagbag.py:587} INFO - Filling up the DagBag from /home/airflow/.local/lib/python3.12/site-packages/airflow/example_dags/plugins/event_listener.py
[2026-08-12T05:34:25.397+0000] {processor.py:927} WARNING - No viable dags retrieved from /home/airflow/.local/lib/python3.12/site-packages/airflow/example_dags/plugins/event_listener.py
[2026-08-12T05:34:25.419+0000] {processor.py:208} INFO - Processing /home/airflow/.local/lib/python3.12/site-packages/airflow/example_dags/plugins/event_listener.py took 0.047 seconds
[2026-08-12T05:34:55.651+0000] {processor.py:186} INFO - Started process (PID=7717) to work on /home/airflow/.local/lib/python3.12/site-packages/airflow/example_dags/plugins/event_listener.py
[2026-08-12T05:34:55.653+0000] {processor.py:914} INFO - Processing file /home/airflow/.local/lib/python3.12/site-packages/airflow/example_dags/plugins/event_listener.py for tasks to queue
[2026-08-12T05:34:55.657+0000] {logging_mixin.py:190} INFO - [2026-08-12T05:34:55.656+0000] {dagbag.py:587} INFO - Filling up the DagBag from /home/airflow/.local/lib/python3.12/site-packages/airflow/example_dags/plugins/event_listener.py
[2026-08-12T05:34:55.661+0000] {processor.py:927} WARNING - No viable dags retrieved from /home/airflow/.local/lib/python3.12/site-packages/airflow/example_dags/plugins/event_listener.py
[2026-08-12T05:34:55.686+0000] {processor.py:208} INFO - Processing /home/airflow/.local/lib/python3.12/site-packages/airflow/example_dags/plugins/event_listener.py took 0.043 seconds
[2026-08-12T05:35:26.269+0000] {processor.py:186} INFO - Started process (PID=7780) to work on /home/airflow/.local/lib/python3.12/site-packages/airflow/example_dags/plugins/event_listener.py
[2026-08-12T05:35:26.272+0000] {processor.py:914} INFO - Processing file /home/airflow/.local/lib/python3.12/site-packages/airflow/example_dags/plugins/event_listener.py for tasks to queue
[2026-08-12T05:35:26.279+0000] {logging_mixin.py:190} INFO - [2026-08-12T05:35:26.279+0000] {dagbag.py:587} INFO - Filling up the DagBag from /home/airflow/.local/lib/python3.12/site-packages/airflow/example_dags/plugins/event_listener.py
[2026-08-12T05:35:26.287+0000] {processor.py:927} WARNING - No viable dags retrieved from /home/airflow/.local/lib/python3.12/site-packages/airflow/example_dags/plugins/event_listener.py
[2026-08-12T05:35:26.322+0000] {processor.py:208} INFO - Processing /home/airflow/.local/lib/python3.12/site-packages/airflow/example_dags/plugins/event_listener.py took 0.065 seconds
[2026-08-12T05:35:56.613+0000] {processor.py:186} INFO - Started process (PID=7843) to work on /home/airflow/.local/lib/python3.12/site-packages/airflow/example_dags/plugins/event_listener.py
[2026-08-12T05:35:56.615+0000] {processor.py:914} INFO - Processing file /home/airflow/.local/lib/python3.12/site-packages/airflow/example_dags/plugins/event_listener.py for tasks to queue
[2026-08-12T05:35:56.620+0000] {logging_mixin.py:190} INFO - [2026-08-12T05:35:56.619+0000] {dagbag.py:587} INFO - Filling up the DagBag from /home/airflow/.local/lib/python3.12/site-packages/airflow/example_dags/plugins/event_listener.py
[2026-08-12T05:35:56.624+0000] {processor.py:927} WARNING - No viable dags retrieved from /home/airflow/.local/lib/python3.12/site-packages/airflow/example_dags/plugins/event_listener.py
[2026-08-12T05:35:56.641+0000] {processor.py:208} INFO - Processing /home/airflow/.local/lib/python3.12/site-packages/airflow/example_dags/plugins/event_listener.py took 0.037 seconds
[2026-08-12T05:36:26.955+0000] {processor.py:186} INFO - Started process (PID=7906) to work on /home/airflow/.local/lib/python3.12/site-packages/airflow/example_dags/plugins/event_listener.py
[2026-08-12T05:36:26.957+0000] {processor.py:914} INFO - Processing file /home/airflow/.local/lib/python3.12/site-packages/airflow/example_dags/plugins/event_listener.py for tasks to queue
[2026-08-12T05:36:26.962+0000] {logging_mixin.py:190} INFO - [2026-08-12T05:36:26.961+0000] {dagbag.py:587} INFO - Filling up the DagBag from /home/airflow/.local/lib/python3.12/site-packages/airflow/example_dags/plugins/event_listener.py
[2026-08-12T05:36:26.966+0000] {processor.py:927} WARNING - No viable dags retrieved from /home/airflow/.local/lib/python3.12/site-packages/airflow/example_dags/plugins/event_listener.py
[2026-08-12T05:36:26.984+0000] {processor.py:208} INFO - Processing /home/airflow/.local/lib/python3.12/site-packages/airflow/example_dags/plugins/event_listener.py took 0.040 seconds
[2026-08-12T05:36:57.209+0000] {processor.py:186} INFO - Started process (PID=7970) to work on /home/airflow/.local/lib/python3.12/site-packages/airflow/example_dags/plugins/event_listener.py
[2026-08-12T05:36:57.211+0000] {processor.py:914} INFO - Processing file /home/airflow/.local/lib/python3.12/site-packages/airflow/example_dags/plugins/event_listener.py for tasks to queue
[2026-08-12T05:36:57.216+0000] {logging_mixin.py:190} INFO - [2026-08-12T05:36:57.215+0000] {dagbag.py:587} INFO - Filling up the DagBag from /home/airflow/.local/lib/python3.12/site-packages/airflow/example_dags/plugins/event_listener.py
[2026-08-12T05:36:57.220+0000] {processor.py:927} WARNING - No viable dags retrieved from /home/airflow/.local/lib/python3.12/site-packages/airflow/example_dags/plugins/event_listener.py
[2026-08-12T05:36:57.237+0000] {processor.py:208} INFO - Processing /home/airflow/.local/lib/python3.12/site-packages/airflow/example_dags/plugins/event_listener.py took 0.036 seconds
[2026-08-12T05:37:28.053+0000] {processor.py:186} INFO - Started process (PID=8033) to work on /home/airflow/.local/lib/python3.12/site-packages/airflow/example_dags/plugins/event_listener.py
[2026-08-12T05:37:28.055+0000] {processor.py:914} INFO - Processing file /home/airflow/.local/lib/python3.12/site-packages/airflow/example_dags/plugins/event_listener.py for tasks to queue
[2026-08-12T05:37:28.058+0000] {logging_mixin.py:190} INFO - [2026-08-12T05:37:28.058+0000] {dagbag.py:587} INFO - Filling up the DagBag from /home/airflow/.local/lib/python3.12/site-packages/airflow/example_dags/plugins/event_listener.py
[2026-08-12T05:37:28.062+0000] {processor.py:927} WARNING - No viable dags retrieved from /home/airflow/.local/lib/python3.12/site-packages/airflow/example_dags/plugins/event_listener.py
[2026-08-12T05:37:28.080+0000] {processor.py:208} INFO - Processing /home/airflow/.local/lib/python3.12/site-packages/airflow/example_dags/plugins/event_listener.py took 0.035 seconds
[2026-08-12T05:37:58.719+0000] {processor.py:186} INFO - Started process (PID=8096) to work on /home/airflow/.local/lib/python3.12/site-packages/airflow/example_dags/plugins/event_listener.py
[2026-08-12T05:37:58.722+0000] {processor.py:914} INFO - Processing file /home/airflow/.local/lib/python3.12/site-packages/airflow/example_dags/plugins/event_listener.py for tasks to queue
[2026-08-12T05:37:58.727+0000] {logging_mixin.py:190} INFO - [2026-08-12T05:37:58.726+0000] {dagbag.py:587} INFO - Filling up the DagBag from /home/airflow/.local/lib/python3.12/site-packages/airflow/example_dags/plugins/event_listener.py
[2026-08-12T05:37:58.733+0000] {processor.py:927} WARNING - No viable dags retrieved from /home/airflow/.local/lib/python3.12/site-packages/airflow/example_dags/plugins/event_listener.py
[2026-08-12T05:37:58.750+0000] {processor.py:208} INFO - Processing /home/airflow/.local/lib/python3.12/site-packages/airflow/example_dags/plugins/event_listener.py took 0.039 seconds
[2026-08-12T05:38:29.806+0000] {processor.py:186} INFO - Started process (PID=8160) to work on /home/airflow/.local/lib/python3.12/site-packages/airflow/example_dags/plugins/event_listener.py
[2026-08-12T05:38:29.810+0000] {processor.py:914} INFO - Processing file /home/airflow/.local/lib/python3.12/site-packages/airflow/example_dags/plugins/event_listener.py for tasks to queue
[2026-08-12T05:38:29.816+0000] {logging_mixin.py:190} INFO - [2026-08-12T05:38:29.816+0000] {dagbag.py:587} INFO - Filling up the DagBag from /home/airflow/.local/lib/python3.12/site-packages/airflow/example_dags/plugins/event_listener.py
[2026-08-12T05:38:29.823+0000] {processor.py:927} WARNING - No viable dags retrieved from /home/airflow/.local/lib/python3.12/site-packages/airflow/example_dags/plugins/event_listener.py
[2026-08-12T05:38:29.853+0000] {processor.py:208} INFO - Processing /home/airflow/.local/lib/python3.12/site-packages/airflow/example_dags/plugins/event_listener.py took 0.062 seconds
[2026-08-12T05:39:00.775+0000] {processor.py:186} INFO - Started process (PID=8223) to work on /home/airflow/.local/lib/python3.12/site-packages/airflow/example_dags/plugins/event_listener.py
[2026-08-12T05:39:00.778+0000] {processor.py:914} INFO - Processing file /home/airflow/.local/lib/python3.12/site-packages/airflow/example_dags/plugins/event_listener.py for tasks to queue
[2026-08-12T05:39:00.785+0000] {logging_mixin.py:190} INFO - [2026-08-12T05:39:00.785+0000] {dagbag.py:587} INFO - Filling up the DagBag from /home/airflow/.local/lib/python3.12/site-packages/airflow/example_dags/plugins/event_listener.py
[2026-08-12T05:39:00.792+0000] {processor.py:927} WARNING - No viable dags retrieved from /home/airflow/.local/lib/python3.12/site-packages/airflow/example_dags/plugins/event_listener.py
[2026-08-12T05:39:00.821+0000] {processor.py:208} INFO - Processing /home/airflow/.local/lib/python3.12/site-packages/airflow/example_dags/plugins/event_listener.py took 0.059 seconds
[2026-08-12T05:39:31.487+0000] {processor.py:186} INFO - Started process (PID=8287) to work on /home/airflow/.local/lib/python3.12/site-packages/airflow/example_dags/plugins/event_listener.py
[2026-08-12T05:39:31.490+0000] {processor.py:914} INFO - Processing file /home/airflow/.local/lib/python3.12/site-packages/airflow/example_dags/plugins/event_listener.py for tasks to queue
[2026-08-12T05:39:31.495+0000] {logging_mixin.py:190} INFO - [2026-08-12T05:39:31.494+0000] {dagbag.py:587} INFO - Filling up the DagBag from /home/airflow/.local/lib/python3.12/site-packages/airflow/example_dags/plugins/event_listener.py
[2026-08-12T05:39:31.498+0000] {processor.py:927} WARNING - No viable dags retrieved from /home/airflow/.local/lib/python3.12/site-packages/airflow/example_dags/plugins/event_listener.py
[2026-08-12T05:39:31.516+0000] {processor.py:208} INFO - Processing /home/airflow/.local/lib/python3.12/site-packages/airflow/example_dags/plugins/event_listener.py took 0.034 seconds
[2026-08-12T05:40:02.191+0000] {processor.py:186} INFO - Started process (PID=8350) to work on /home/airflow/.local/lib/python3.12/site-packages/airflow/example_dags/plugins/event_listener.py
[2026-08-12T05:40:02.194+0000] {processor.py:914} INFO - Processing file /home/airflow/.local/lib/python3.12/site-packages/airflow/example_dags/plugins/event_listener.py for tasks to queue
[2026-08-12T05:40:02.198+0000] {logging_mixin.py:190} INFO - [2026-08-12T05:40:02.198+0000] {dagbag.py:587} INFO - Filling up the DagBag from /home/airflow/.local/lib/python3.12/site-packages/airflow/example_dags/plugins/event_listener.py
[2026-08-12T05:40:02.202+0000] {processor.py:927} WARNING - No viable dags retrieved from /home/airflow/.local/lib/python3.12/site-packages/airflow/example_dags/plugins/event_listener.py
[2026-08-12T05:40:02.221+0000] {processor.py:208} INFO - Processing /home/airflow/.local/lib/python3.12/site-packages/airflow/example_dags/plugins/event_listener.py took 0.036 seconds
[2026-08-12T05:40:32.769+0000] {processor.py:186} INFO - Started process (PID=8413) to work on /home/airflow/.local/lib/python3.12/site-packages/airflow/example_dags/plugins/event_listener.py
[2026-08-12T05:40:32.771+0000] {processor.py:914} INFO - Processing file /home/airflow/.local/lib/python3.12/site-packages/airflow/example_dags/plugins/event_listener.py for tasks to queue
[2026-08-12T05:40:32.775+0000] {logging_mixin.py:190} INFO - [2026-08-12T05:40:32.775+0000] {dagbag.py:587} INFO - Filling up the DagBag from /home/airflow/.local/lib/python3.12/site-packages/airflow/example_dags/plugins/event_listener.py
[2026-08-12T05:40:32.779+0000] {processor.py:927} WARNING - No viable dags retrieved from /home/airflow/.local/lib/python3.12/site-packages/airflow/example_dags/plugins/event_listener.py
[2026-08-12T05:40:32.798+0000] {processor.py:208} INFO - Processing /home/airflow/.local/lib/python3.12/site-packages/airflow/example_dags/plugins/event_listener.py took 0.036 seconds
[2026-08-12T05:41:03.079+0000] {processor.py:186} INFO - Started process (PID=8476) to work on /home/airflow/.local/lib/python3.12/site-packages/airflow/example_dags/plugins/event_listener.py
[2026-08-12T05:41:03.081+0000] {processor.py:914} INFO - Processing file /home/airflow/.local/lib/python3.12/site-packages/airflow/example_dags/plugins/event_listener.py for tasks to queue
[2026-08-12T05:41:03.085+0000] {logging_mixin.py:190} INFO - [2026-08-12T05:41:03.084+0000] {dagbag.py:587} INFO - Filling up the DagBag from /home/airflow/.local/lib/python3.12/site-packages/airflow/example_dags/plugins/event_listener.py
[2026-08-12T05:41:03.088+0000] {processor.py:927} WARNING - No viable dags retrieved from /home/airflow/.local/lib/python3.12/site-packages/airflow/example_dags/plugins/event_listener.py
[2026-08-12T05:41:03.104+0000] {processor.py:208} INFO - Processing /home/airflow/.local/lib/python3.12/site-packages/airflow/example_dags/plugins/event_listener.py took 0.032 seconds
[2026-08-12T05:41:34.006+0000] {processor.py:186} INFO - Started process (PID=8545) to work on /home/airflow/.local/lib/python3.12/site-packages/airflow/example_dags/plugins/event_listener.py
[2026-08-12T05:41:34.011+0000] {processor.py:914} INFO - Processing file /home/airflow/.local/lib/python3.12/site-packages/airflow/example_dags/plugins/event_listener.py for tasks to queue
[2026-08-12T05:41:34.019+0000] {logging_mixin.py:190} INFO - [2026-08-12T05:41:34.018+0000] {dagbag.py:587} INFO - Filling up the DagBag from /home/airflow/.local/lib/python3.12/site-packages/airflow/example_dags/plugins/event_listener.py
[2026-08-12T05:41:34.026+0000] {processor.py:927} WARNING - No viable dags retrieved from /home/airflow/.local/lib/python3.12/site-packages/airflow/example_dags/plugins/event_listener.py
[2026-08-12T05:41:34.051+0000] {processor.py:208} INFO - Processing /home/airflow/.local/lib/python3.12/site-packages/airflow/example_dags/plugins/event_listener.py took 0.064 seconds
[2026-08-12T05:42:04.385+0000] {processor.py:186} INFO - Started process (PID=8608) to work on /home/airflow/.local/lib/python3.12/site-packages/airflow/example_dags/plugins/event_listener.py
[2026-08-12T05:42:04.388+0000] {processor.py:914} INFO - Processing file /home/airflow/.local/lib/python3.12/site-packages/airflow/example_dags/plugins/event_listener.py for tasks to queue
[2026-08-12T05:42:04.394+0000] {logging_mixin.py:190} INFO - [2026-08-12T05:42:04.394+0000] {dagbag.py:587} INFO - Filling up the DagBag from /home/airflow/.local/lib/python3.12/site-packages/airflow/example_dags/plugins/event_listener.py
[2026-08-12T05:42:04.400+0000] {processor.py:927} WARNING - No viable dags retrieved from /home/airflow/.local/lib/python3.12/site-packages/airflow/example_dags/plugins/event_listener.py
[2026-08-12T05:42:04.427+0000] {processor.py:208} INFO - Processing /home/airflow/.local/lib/python3.12/site-packages/airflow/example_dags/plugins/event_listener.py took 0.055 seconds
[2026-08-12T05:42:34.609+0000] {processor.py:186} INFO - Started process (PID=8671) to work on /home/airflow/.local/lib/python3.12/site-packages/airflow/example_dags/plugins/event_listener.py
[2026-08-12T05:42:34.613+0000] {processor.py:914} INFO - Processing file /home/airflow/.local/lib/python3.12/site-packages/airflow/example_dags/plugins/event_listener.py for tasks to queue
[2026-08-12T05:42:34.618+0000] {logging_mixin.py:190} INFO - [2026-08-12T05:42:34.617+0000] {dagbag.py:587} INFO - Filling up the DagBag from /home/airflow/.local/lib/python3.12/site-packages/airflow/example_dags/plugins/event_listener.py
[2026-08-12T05:42:34.624+0000] {processor.py:927} WARNING - No viable dags retrieved from /home/airflow/.local/lib/python3.12/site-packages/airflow/example_dags/plugins/event_listener.py
[2026-08-12T05:42:34.656+0000] {processor.py:208} INFO - Processing /home/airflow/.local/lib/python3.12/site-packages/airflow/example_dags/plugins/event_listener.py took 0.057 seconds
[2026-08-12T05:43:05.297+0000] {processor.py:186} INFO - Started process (PID=8734) to work on /home/airflow/.local/lib/python3.12/site-packages/airflow/example_dags/plugins/event_listener.py
[2026-08-12T05:43:05.300+0000] {processor.py:914} INFO - Processing file /home/airflow/.local/lib/python3.12/site-packages/airflow/example_dags/plugins/event_listener.py for tasks to queue
[2026-08-12T05:43:05.305+0000] {logging_mixin.py:190} INFO - [2026-08-12T05:43:05.304+0000] {dagbag.py:587} INFO - Filling up the DagBag from /home/airflow/.local/lib/python3.12/site-packages/airflow/example_dags/plugins/event_listener.py
[2026-08-12T05:43:05.309+0000] {processor.py:927} WARNING - No viable dags retrieved from /home/airflow/.local/lib/python3.12/site-packages/airflow/example_dags/plugins/event_listener.py
[2026-08-12T05:43:05.330+0000] {processor.py:208} INFO - Processing /home/airflow/.local/lib/python3.12/site-packages/airflow/example_dags/plugins/event_listener.py took 0.039 seconds
[2026-08-12T05:43:36.776+0000] {processor.py:186} INFO - Started process (PID=8797) to work on /home/airflow/.local/lib/python3.12/site-packages/airflow/example_dags/plugins/event_listener.py
[2026-08-12T05:43:36.779+0000] {processor.py:914} INFO - Processing file /home/airflow/.local/lib/python3.12/site-packages/airflow/example_dags/plugins/event_listener.py for tasks to queue
[2026-08-12T05:43:36.782+0000] {logging_mixin.py:190} INFO - [2026-08-12T05:43:36.782+0000] {dagbag.py:587} INFO - Filling up the DagBag from /home/airflow/.local/lib/python3.12/site-packages/airflow/example_dags/plugins/event_listener.py
[2026-08-12T05:43:36.787+0000] {processor.py:927} WARNING - No viable dags retrieved from /home/airflow/.local/lib/python3.12/site-packages/airflow/example_dags/plugins/event_listener.py
[2026-08-12T05:43:36.808+0000] {processor.py:208} INFO - Processing /home/airflow/.local/lib/python3.12/site-packages/airflow/example_dags/plugins/event_listener.py took 0.041 seconds
[2026-08-12T05:44:07.317+0000] {processor.py:186} INFO - Started process (PID=8859) to work on /home/airflow/.local/lib/python3.12/site-packages/airflow/example_dags/plugins/event_listener.py
[2026-08-12T05:44:07.319+0000] {processor.py:914} INFO - Processing file /home/airflow/.local/lib/python3.12/site-packages/airflow/example_dags/plugins/event_listener.py for tasks to queue
[2026-08-12T05:44:07.323+0000] {logging_mixin.py:190} INFO - [2026-08-12T05:44:07.323+0000] {dagbag.py:587} INFO - Filling up the DagBag from /home/airflow/.local/lib/python3.12/site-packages/airflow/example_dags/plugins/event_listener.py
[2026-08-12T05:44:07.328+0000] {processor.py:927} WARNING - No viable dags retrieved from /home/airflow/.local/lib/python3.12/site-packages/airflow/example_dags/plugins/event_listener.py
[2026-08-12T05:44:07.343+0000] {processor.py:208} INFO - Processing /home/airflow/.local/lib/python3.12/site-packages/airflow/example_dags/plugins/event_listener.py took 0.035 seconds
[2026-08-12T05:44:38.108+0000] {processor.py:186} INFO - Started process (PID=8922) to work on /home/airflow/.local/lib/python3.12/site-packages/airflow/example_dags/plugins/event_listener.py
[2026-08-12T05:44:38.110+0000] {processor.py:914} INFO - Processing file /home/airflow/.local/lib/python3.12/site-packages/airflow/example_dags/plugins/event_listener.py for tasks to queue
[2026-08-12T05:44:38.116+0000] {logging_mixin.py:190} INFO - [2026-08-12T05:44:38.115+0000] {dagbag.py:587} INFO - Filling up the DagBag from /home/airflow/.local/lib/python3.12/site-packages/airflow/example_dags/plugins/event_listener.py
[2026-08-12T05:44:38.121+0000] {processor.py:927} WARNING - No viable dags retrieved from /home/airflow/.local/lib/python3.12/site-packages/airflow/example_dags/plugins/event_listener.py
[2026-08-12T05:44:38.143+0000] {processor.py:208} INFO - Processing /home/airflow/.local/lib/python3.12/site-packages/airflow/example_dags/plugins/event_listener.py took 0.042 seconds
[2026-08-12T05:45:08.653+0000] {processor.py:186} INFO - Started process (PID=8985) to work on /home/airflow/.local/lib/python3.12/site-packages/airflow/example_dags/plugins/event_listener.py
[2026-08-12T05:45:08.659+0000] {processor.py:914} INFO - Processing file /home/airflow/.local/lib/python3.12/site-packages/airflow/example_dags/plugins/event_listener.py for tasks to queue
[2026-08-12T05:45:08.665+0000] {logging_mixin.py:190} INFO - [2026-08-12T05:45:08.663+0000] {dagbag.py:587} INFO - Filling up the DagBag from /home/airflow/.local/lib/python3.12/site-packages/airflow/example_dags/plugins/event_listener.py
[2026-08-12T05:45:08.670+0000] {processor.py:927} WARNING - No viable dags retrieved from /home/airflow/.local/lib/python3.12/site-packages/airflow/example_dags/plugins/event_listener.py
[2026-08-12T05:45:08.695+0000] {processor.py:208} INFO - Processing /home/airflow/.local/lib/python3.12/site-packages/airflow/example_dags/plugins/event_listener.py took 0.051 seconds
[2026-08-12T05:45:39.200+0000] {processor.py:186} INFO - Started process (PID=9048) to work on /home/airflow/.local/lib/python3.12/site-packages/airflow/example_dags/plugins/event_listener.py
[2026-08-12T05:45:39.203+0000] {processor.py:914} INFO - Processing file /home/airflow/.local/lib/python3.12/site-packages/airflow/example_dags/plugins/event_listener.py for tasks to queue
[2026-08-12T05:45:39.208+0000] {logging_mixin.py:190} INFO - [2026-08-12T05:45:39.208+0000] {dagbag.py:587} INFO - Filling up the DagBag from /home/airflow/.local/lib/python3.12/site-packages/airflow/example_dags/plugins/event_listener.py
[2026-08-12T05:45:39.213+0000] {processor.py:927} WARNING - No viable dags retrieved from /home/airflow/.local/lib/python3.12/site-packages/airflow/example_dags/plugins/event_listener.py
[2026-08-12T05:45:39.229+0000] {processor.py:208} INFO - Processing /home/airflow/.local/lib/python3.12/site-packages/airflow/example_dags/plugins/event_listener.py took 0.046 seconds
[2026-08-12T05:46:09.762+0000] {processor.py:186} INFO - Started process (PID=9111) to work on /home/airflow/.local/lib/python3.12/site-packages/airflow/example_dags/plugins/event_listener.py
[2026-08-12T05:46:09.765+0000] {processor.py:914} INFO - Processing file /home/airflow/.local/lib/python3.12/site-packages/airflow/example_dags/plugins/event_listener.py for tasks to queue
[2026-08-12T05:46:09.774+0000] {logging_mixin.py:190} INFO - [2026-08-12T05:46:09.773+0000] {dagbag.py:587} INFO - Filling up the DagBag from /home/airflow/.local/lib/python3.12/site-packages/airflow/example_dags/plugins/event_listener.py
[2026-08-12T05:46:09.778+0000] {processor.py:927} WARNING - No viable dags retrieved from /home/airflow/.local/lib/python3.12/site-packages/airflow/example_dags/plugins/event_listener.py
[2026-08-12T05:46:09.798+0000] {processor.py:208} INFO - Processing /home/airflow/.local/lib/python3.12/site-packages/airflow/example_dags/plugins/event_listener.py took 0.044 seconds
[2026-08-12T05:46:40.482+0000] {processor.py:186} INFO - Started process (PID=9174) to work on /home/airflow/.local/lib/python3.12/site-packages/airflow/example_dags/plugins/event_listener.py
[2026-08-12T05:46:40.485+0000] {processor.py:914} INFO - Processing file /home/airflow/.local/lib/python3.12/site-packages/airflow/example_dags/plugins/event_listener.py for tasks to queue
[2026-08-12T05:46:40.489+0000] {logging_mixin.py:190} INFO - [2026-08-12T05:46:40.488+0000] {dagbag.py:587} INFO - Filling up the DagBag from /home/airflow/.local/lib/python3.12/site-packages/airflow/example_dags/plugins/event_listener.py
[2026-08-12T05:46:40.493+0000] {processor.py:927} WARNING - No viable dags retrieved from /home/airflow/.local/lib/python3.12/site-packages/airflow/example_dags/plugins/event_listener.py
[2026-08-12T05:46:40.510+0000] {processor.py:208} INFO - Processing /home/airflow/.local/lib/python3.12/site-packages/airflow/example_dags/plugins/event_listener.py took 0.033 seconds
[2026-08-12T05:47:10.648+0000] {processor.py:186} INFO - Started process (PID=9237) to work on /home/airflow/.local/lib/python3.12/site-packages/airflow/example_dags/plugins/event_listener.py
[2026-08-12T05:47:10.650+0000] {processor.py:914} INFO - Processing file /home/airflow/.local/lib/python3.12/site-packages/airflow/example_dags/plugins/event_listener.py for tasks to queue
[2026-08-12T05:47:10.655+0000] {logging_mixin.py:190} INFO - [2026-08-12T05:47:10.654+0000] {dagbag.py:587} INFO - Filling up the DagBag from /home/airflow/.local/lib/python3.12/site-packages/airflow/example_dags/plugins/event_listener.py
[2026-08-12T05:47:10.659+0000] {processor.py:927} WARNING - No viable dags retrieved from /home/airflow/.local/lib/python3.12/site-packages/airflow/example_dags/plugins/event_listener.py
[2026-08-12T05:47:10.678+0000] {processor.py:208} INFO - Processing /home/airflow/.local/lib/python3.12/site-packages/airflow/example_dags/plugins/event_listener.py took 0.037 seconds
[2026-08-12T05:47:41.599+0000] {processor.py:186} INFO - Started process (PID=9300) to work on /home/airflow/.local/lib/python3.12/site-packages/airflow/example_dags/plugins/event_listener.py
[2026-08-12T05:47:41.603+0000] {processor.py:914} INFO - Processing file /home/airflow/.local/lib/python3.12/site-packages/airflow/example_dags/plugins/event_listener.py for tasks to queue
[2026-08-12T05:47:41.609+0000] {logging_mixin.py:190} INFO - [2026-08-12T05:47:41.609+0000] {dagbag.py:587} INFO - Filling up the DagBag from /home/airflow/.local/lib/python3.12/site-packages/airflow/example_dags/plugins/event_listener.py
[2026-08-12T05:47:41.613+0000] {processor.py:927} WARNING - No viable dags retrieved from /home/airflow/.local/lib/python3.12/site-packages/airflow/example_dags/plugins/event_listener.py
[2026-08-12T05:47:41.633+0000] {processor.py:208} INFO - Processing /home/airflow/.local/lib/python3.12/site-packages/airflow/example_dags/plugins/event_listener.py took 0.040 seconds
[2026-08-12T05:48:12.155+0000] {processor.py:186} INFO - Started process (PID=9363) to work on /home/airflow/.local/lib/python3.12/site-packages/airflow/example_dags/plugins/event_listener.py
[2026-08-12T05:48:12.158+0000] {processor.py:914} INFO - Processing file /home/airflow/.local/lib/python3.12/site-packages/airflow/example_dags/plugins/event_listener.py for tasks to queue
[2026-08-12T05:48:12.164+0000] {logging_mixin.py:190} INFO - [2026-08-12T05:48:12.163+0000] {dagbag.py:587} INFO - Filling up the DagBag from /home/airflow/.local/lib/python3.12/site-packages/airflow/example_dags/plugins/event_listener.py
[2026-08-12T05:48:12.169+0000] {processor.py:927} WARNING - No viable dags retrieved from /home/airflow/.local/lib/python3.12/site-packages/airflow/example_dags/plugins/event_listener.py
[2026-08-12T05:48:12.192+0000] {processor.py:208} INFO - Processing /home/airflow/.local/lib/python3.12/site-packages/airflow/example_dags/plugins/event_listener.py took 0.043 seconds
[2026-08-12T05:48:42.401+0000] {processor.py:186} INFO - Started process (PID=9426) to work on /home/airflow/.local/lib/python3.12/site-packages/airflow/example_dags/plugins/event_listener.py
[2026-08-12T05:48:42.403+0000] {processor.py:914} INFO - Processing file /home/airflow/.local/lib/python3.12/site-packages/airflow/example_dags/plugins/event_listener.py for tasks to queue
[2026-08-12T05:48:42.408+0000] {logging_mixin.py:190} INFO - [2026-08-12T05:48:42.407+0000] {dagbag.py:587} INFO - Filling up the DagBag from /home/airflow/.local/lib/python3.12/site-packages/airflow/example_dags/plugins/event_listener.py
[2026-08-12T05:48:42.412+0000] {processor.py:927} WARNING - No viable dags retrieved from /home/airflow/.local/lib/python3.12/site-packages/airflow/example_dags/plugins/event_listener.py
[2026-08-12T05:48:42.432+0000] {processor.py:208} INFO - Processing /home/airflow/.local/lib/python3.12/site-packages/airflow/example_dags/plugins/event_listener.py took 0.039 seconds
[2026-08-12T05:49:12.755+0000] {processor.py:186} INFO - Started process (PID=9489) to work on /home/airflow/.local/lib/python3.12/site-packages/airflow/example_dags/plugins/event_listener.py
[2026-08-12T05:49:12.758+0000] {processor.py:914} INFO - Processing file /home/airflow/.local/lib/python3.12/site-packages/airflow/example_dags/plugins/event_listener.py for tasks to queue
[2026-08-12T05:49:12.763+0000] {logging_mixin.py:190} INFO - [2026-08-12T05:49:12.763+0000] {dagbag.py:587} INFO - Filling up the DagBag from /home/airflow/.local/lib/python3.12/site-packages/airflow/example_dags/plugins/event_listener.py
[2026-08-12T05:49:12.767+0000] {processor.py:927} WARNING - No viable dags retrieved from /home/airflow/.local/lib/python3.12/site-packages/airflow/example_dags/plugins/event_listener.py
[2026-08-12T05:49:12.789+0000] {processor.py:208} INFO - Processing /home/airflow/.local/lib/python3.12/site-packages/airflow/example_dags/plugins/event_listener.py took 0.041 seconds
[2026-08-12T05:49:44.042+0000] {processor.py:186} INFO - Started process (PID=9552) to work on /home/airflow/.local/lib/python3.12/site-packages/airflow/example_dags/plugins/event_listener.py
[2026-08-12T05:49:44.045+0000] {processor.py:914} INFO - Processing file /home/airflow/.local/lib/python3.12/site-packages/airflow/example_dags/plugins/event_listener.py for tasks to queue
[2026-08-12T05:49:44.051+0000] {logging_mixin.py:190} INFO - [2026-08-12T05:49:44.050+0000] {dagbag.py:587} INFO - Filling up the DagBag from /home/airflow/.local/lib/python3.12/site-packages/airflow/example_dags/plugins/event_listener.py
[2026-08-12T05:49:44.057+0000] {processor.py:927} WARNING - No viable dags retrieved from /home/airflow/.local/lib/python3.12/site-packages/airflow/example_dags/plugins/event_listener.py
[2026-08-12T05:49:44.100+0000] {processor.py:208} INFO - Processing /home/airflow/.local/lib/python3.12/site-packages/airflow/example_dags/plugins/event_listener.py took 0.066 seconds
[2026-08-12T05:50:14.298+0000] {processor.py:186} INFO - Started process (PID=9616) to work on /home/airflow/.local/lib/python3.12/site-packages/airflow/example_dags/plugins/event_listener.py
[2026-08-12T05:50:14.301+0000] {processor.py:914} INFO - Processing file /home/airflow/.local/lib/python3.12/site-packages/airflow/example_dags/plugins/event_listener.py for tasks to queue
[2026-08-12T05:50:14.305+0000] {logging_mixin.py:190} INFO - [2026-08-12T05:50:14.304+0000] {dagbag.py:587} INFO - Filling up the DagBag from /home/airflow/.local/lib/python3.12/site-packages/airflow/example_dags/plugins/event_listener.py
[2026-08-12T05:50:14.309+0000] {processor.py:927} WARNING - No viable dags retrieved from /home/airflow/.local/lib/python3.12/site-packages/airflow/example_dags/plugins/event_listener.py
[2026-08-12T05:50:14.326+0000] {processor.py:208} INFO - Processing /home/airflow/.local/lib/python3.12/site-packages/airflow/example_dags/plugins/event_listener.py took 0.034 seconds
[2026-08-12T05:50:44.803+0000] {processor.py:186} INFO - Started process (PID=9679) to work on /home/airflow/.local/lib/python3.12/site-packages/airflow/example_dags/plugins/event_listener.py
[2026-08-12T05:50:44.805+0000] {processor.py:914} INFO - Processing file /home/airflow/.local/lib/python3.12/site-packages/airflow/example_dags/plugins/event_listener.py for tasks to queue
[2026-08-12T05:50:44.810+0000] {logging_mixin.py:190} INFO - [2026-08-12T05:50:44.809+0000] {dagbag.py:587} INFO - Filling up the DagBag from /home/airflow/.local/lib/python3.12/site-packages/airflow/example_dags/plugins/event_listener.py
[2026-08-12T05:50:44.813+0000] {processor.py:927} WARNING - No viable dags retrieved from /home/airflow/.local/lib/python3.12/site-packages/airflow/example_dags/plugins/event_listener.py
[2026-08-12T05:50:44.831+0000] {processor.py:208} INFO - Processing /home/airflow/.local/lib/python3.12/site-packages/airflow/example_dags/plugins/event_listener.py took 0.033 seconds
[2026-08-12T05:51:15.841+0000] {processor.py:186} INFO - Started process (PID=9743) to work on /home/airflow/.local/lib/python3.12/site-packages/airflow/example_dags/plugins/event_listener.py
[2026-08-12T05:51:15.843+0000] {processor.py:914} INFO - Processing file /home/airflow/.local/lib/python3.12/site-packages/airflow/example_dags/plugins/event_listener.py for tasks to queue
[2026-08-12T05:51:15.848+0000] {logging_mixin.py:190} INFO - [2026-08-12T05:51:15.848+0000] {dagbag.py:587} INFO - Filling up the DagBag from /home/airflow/.local/lib/python3.12/site-packages/airflow/example_dags/plugins/event_listener.py
[2026-08-12T05:51:15.851+0000] {processor.py:927} WARNING - No viable dags retrieved from /home/airflow/.local/lib/python3.12/site-packages/airflow/example_dags/plugins/event_listener.py
[2026-08-12T05:51:15.867+0000] {processor.py:208} INFO - Processing /home/airflow/.local/lib/python3.12/site-packages/airflow/example_dags/plugins/event_listener.py took 0.033 seconds
[2026-08-12T05:51:47.158+0000] {processor.py:186} INFO - Started process (PID=9806) to work on /home/airflow/.local/lib/python3.12/site-packages/airflow/example_dags/plugins/event_listener.py
[2026-08-12T05:51:47.161+0000] {processor.py:914} INFO - Processing file /home/airflow/.local/lib/python3.12/site-packages/airflow/example_dags/plugins/event_listener.py for tasks to queue
[2026-08-12T05:51:47.165+0000] {logging_mixin.py:190} INFO - [2026-08-12T05:51:47.165+0000] {dagbag.py:587} INFO - Filling up the DagBag from /home/airflow/.local/lib/python3.12/site-packages/airflow/example_dags/plugins/event_listener.py
[2026-08-12T05:51:47.170+0000] {processor.py:927} WARNING - No viable dags retrieved from /home/airflow/.local/lib/python3.12/site-packages/airflow/example_dags/plugins/event_listener.py
[2026-08-12T05:51:47.190+0000] {processor.py:208} INFO - Processing /home/airflow/.local/lib/python3.12/site-packages/airflow/example_dags/plugins/event_listener.py took 0.043 seconds
[2026-08-12T05:52:17.778+0000] {processor.py:186} INFO - Started process (PID=9869) to work on /home/airflow/.local/lib/python3.12/site-packages/airflow/example_dags/plugins/event_listener.py
[2026-08-12T05:52:17.780+0000] {processor.py:914} INFO - Processing file /home/airflow/.local/lib/python3.12/site-packages/airflow/example_dags/plugins/event_listener.py for tasks to queue
[2026-08-12T05:52:17.784+0000] {logging_mixin.py:190} INFO - [2026-08-12T05:52:17.783+0000] {dagbag.py:587} INFO - Filling up the DagBag from /home/airflow/.local/lib/python3.12/site-packages/airflow/example_dags/plugins/event_listener.py
[2026-08-12T05:52:17.788+0000] {processor.py:927} WARNING - No viable dags retrieved from /home/airflow/.local/lib/python3.12/site-packages/airflow/example_dags/plugins/event_listener.py
[2026-08-12T05:52:17.802+0000] {processor.py:208} INFO - Processing /home/airflow/.local/lib/python3.12/site-packages/airflow/example_dags/plugins/event_listener.py took 0.031 seconds
[2026-08-12T05:52:48.795+0000] {processor.py:186} INFO - Started process (PID=9932) to work on /home/airflow/.local/lib/python3.12/site-packages/airflow/example_dags/plugins/event_listener.py
[2026-08-12T05:52:48.797+0000] {processor.py:914} INFO - Processing file /home/airflow/.local/lib/python3.12/site-packages/airflow/example_dags/plugins/event_listener.py for tasks to queue
[2026-08-12T05:52:48.801+0000] {logging_mixin.py:190} INFO - [2026-08-12T05:52:48.800+0000] {dagbag.py:587} INFO - Filling up the DagBag from /home/airflow/.local/lib/python3.12/site-packages/airflow/example_dags/plugins/event_listener.py
[2026-08-12T05:52:48.805+0000] {processor.py:927} WARNING - No viable dags retrieved from /home/airflow/.local/lib/python3.12/site-packages/airflow/example_dags/plugins/event_listener.py
[2026-08-12T05:52:48.827+0000] {processor.py:208} INFO - Processing /home/airflow/.local/lib/python3.12/site-packages/airflow/example_dags/plugins/event_listener.py took 0.042 seconds
[2026-08-12T05:53:19.377+0000] {processor.py:186} INFO - Started process (PID=9995) to work on /home/airflow/.local/lib/python3.12/site-packages/airflow/example_dags/plugins/event_listener.py
[2026-08-12T05:53:19.379+0000] {processor.py:914} INFO - Processing file /home/airflow/.local/lib/python3.12/site-packages/airflow/example_dags/plugins/event_listener.py for tasks to queue
[2026-08-12T05:53:19.384+0000] {logging_mixin.py:190} INFO - [2026-08-12T05:53:19.383+0000] {dagbag.py:587} INFO - Filling up the DagBag from /home/airflow/.local/lib/python3.12/site-packages/airflow/example_dags/plugins/event_listener.py
[2026-08-12T05:53:19.389+0000] {processor.py:927} WARNING - No viable dags retrieved from /home/airflow/.local/lib/python3.12/site-packages/airflow/example_dags/plugins/event_listener.py
[2026-08-12T05:53:19.408+0000] {processor.py:208} INFO - Processing /home/airflow/.local/lib/python3.12/site-packages/airflow/example_dags/plugins/event_listener.py took 0.036 seconds
[2026-08-12T05:53:50.494+0000] {processor.py:186} INFO - Started process (PID=10058) to work on /home/airflow/.local/lib/python3.12/site-packages/airflow/example_dags/plugins/event_listener.py
[2026-08-12T05:53:50.500+0000] {processor.py:914} INFO - Processing file /home/airflow/.local/lib/python3.12/site-packages/airflow/example_dags/plugins/event_listener.py for tasks to queue
[2026-08-12T05:53:50.510+0000] {logging_mixin.py:190} INFO - [2026-08-12T05:53:50.510+0000] {dagbag.py:587} INFO - Filling up the DagBag from /home/airflow/.local/lib/python3.12/site-packages/airflow/example_dags/plugins/event_listener.py
[2026-08-12T05:53:50.516+0000] {processor.py:927} WARNING - No viable dags retrieved from /home/airflow/.local/lib/python3.12/site-packages/airflow/example_dags/plugins/event_listener.py
[2026-08-12T05:53:50.550+0000] {processor.py:208} INFO - Processing /home/airflow/.local/lib/python3.12/site-packages/airflow/example_dags/plugins/event_listener.py took 0.069 seconds
[2026-08-12T05:54:21.697+0000] {processor.py:186} INFO - Started process (PID=10123) to work on /home/airflow/.local/lib/python3.12/site-packages/airflow/example_dags/plugins/event_listener.py
[2026-08-12T05:54:21.699+0000] {processor.py:914} INFO - Processing file /home/airflow/.local/lib/python3.12/site-packages/airflow/example_dags/plugins/event_listener.py for tasks to queue
[2026-08-12T05:54:21.704+0000] {logging_mixin.py:190} INFO - [2026-08-12T05:54:21.703+0000] {dagbag.py:587} INFO - Filling up the DagBag from /home/airflow/.local/lib/python3.12/site-packages/airflow/example_dags/plugins/event_listener.py
[2026-08-12T05:54:21.708+0000] {processor.py:927} WARNING - No viable dags retrieved from /home/airflow/.local/lib/python3.12/site-packages/airflow/example_dags/plugins/event_listener.py
[2026-08-12T05:54:21.724+0000] {processor.py:208} INFO - Processing /home/airflow/.local/lib/python3.12/site-packages/airflow/example_dags/plugins/event_listener.py took 0.035 seconds
[2026-08-12T05:54:52.453+0000] {processor.py:186} INFO - Started process (PID=10186) to work on /home/airflow/.local/lib/python3.12/site-packages/airflow/example_dags/plugins/event_listener.py
[2026-08-12T05:54:52.456+0000] {processor.py:914} INFO - Processing file /home/airflow/.local/lib/python3.12/site-packages/airflow/example_dags/plugins/event_listener.py for tasks to queue
[2026-08-12T05:54:52.461+0000] {logging_mixin.py:190} INFO - [2026-08-12T05:54:52.460+0000] {dagbag.py:587} INFO - Filling up the DagBag from /home/airflow/.local/lib/python3.12/site-packages/airflow/example_dags/plugins/event_listener.py
[2026-08-12T05:54:52.465+0000] {processor.py:927} WARNING - No viable dags retrieved from /home/airflow/.local/lib/python3.12/site-packages/airflow/example_dags/plugins/event_listener.py
[2026-08-12T05:54:52.483+0000] {processor.py:208} INFO - Processing /home/airflow/.local/lib/python3.12/site-packages/airflow/example_dags/plugins/event_listener.py took 0.038 seconds
[2026-08-12T05:55:24.230+0000] {processor.py:186} INFO - Started process (PID=10249) to work on /home/airflow/.local/lib/python3.12/site-packages/airflow/example_dags/plugins/event_listener.py
[2026-08-12T05:55:24.232+0000] {processor.py:914} INFO - Processing file /home/airflow/.local/lib/python3.12/site-packages/airflow/example_dags/plugins/event_listener.py for tasks to queue
[2026-08-12T05:55:24.236+0000] {logging_mixin.py:190} INFO - [2026-08-12T05:55:24.236+0000] {dagbag.py:587} INFO - Filling up the DagBag from /home/airflow/.local/lib/python3.12/site-packages/airflow/example_dags/plugins/event_listener.py
[2026-08-12T05:55:24.239+0000] {processor.py:927} WARNING - No viable dags retrieved from /home/airflow/.local/lib/python3.12/site-packages/airflow/example_dags/plugins/event_listener.py
[2026-08-12T05:55:24.255+0000] {processor.py:208} INFO - Processing /home/airflow/.local/lib/python3.12/site-packages/airflow/example_dags/plugins/event_listener.py took 0.031 seconds
[2026-08-12T05:55:55.091+0000] {processor.py:186} INFO - Started process (PID=10313) to work on /home/airflow/.local/lib/python3.12/site-packages/airflow/example_dags/plugins/event_listener.py
[2026-08-12T05:55:55.094+0000] {processor.py:914} INFO - Processing file /home/airflow/.local/lib/python3.12/site-packages/airflow/example_dags/plugins/event_listener.py for tasks to queue
[2026-08-12T05:55:55.102+0000] {logging_mixin.py:190} INFO - [2026-08-12T05:55:55.101+0000] {dagbag.py:587} INFO - Filling up the DagBag from /home/airflow/.local/lib/python3.12/site-packages/airflow/example_dags/plugins/event_listener.py
[2026-08-12T05:55:55.108+0000] {processor.py:927} WARNING - No viable dags retrieved from /home/airflow/.local/lib/python3.12/site-packages/airflow/example_dags/plugins/event_listener.py
[2026-08-12T05:55:55.133+0000] {processor.py:208} INFO - Processing /home/airflow/.local/lib/python3.12/site-packages/airflow/example_dags/plugins/event_listener.py took 0.052 seconds
[2026-08-12T05:56:25.572+0000] {processor.py:186} INFO - Started process (PID=10376) to work on /home/airflow/.local/lib/python3.12/site-packages/airflow/example_dags/plugins/event_listener.py
[2026-08-12T05:56:25.575+0000] {processor.py:914} INFO - Processing file /home/airflow/.local/lib/python3.12/site-packages/airflow/example_dags/plugins/event_listener.py for tasks to queue
[2026-08-12T05:56:25.579+0000] {logging_mixin.py:190} INFO - [2026-08-12T05:56:25.579+0000] {dagbag.py:587} INFO - Filling up the DagBag from /home/airflow/.local/lib/python3.12/site-packages/airflow/example_dags/plugins/event_listener.py
[2026-08-12T05:56:25.583+0000] {processor.py:927} WARNING - No viable dags retrieved from /home/airflow/.local/lib/python3.12/site-packages/airflow/example_dags/plugins/event_listener.py
[2026-08-12T05:56:25.600+0000] {processor.py:208} INFO - Processing /home/airflow/.local/lib/python3.12/site-packages/airflow/example_dags/plugins/event_listener.py took 0.037 seconds
[2026-08-12T05:56:56.480+0000] {processor.py:186} INFO - Started process (PID=10440) to work on /home/airflow/.local/lib/python3.12/site-packages/airflow/example_dags/plugins/event_listener.py
[2026-08-12T05:56:56.483+0000] {processor.py:914} INFO - Processing file /home/airflow/.local/lib/python3.12/site-packages/airflow/example_dags/plugins/event_listener.py for tasks to queue
[2026-08-12T05:56:56.487+0000] {logging_mixin.py:190} INFO - [2026-08-12T05:56:56.486+0000] {dagbag.py:587} INFO - Filling up the DagBag from /home/airflow/.local/lib/python3.12/site-packages/airflow/example_dags/plugins/event_listener.py
[2026-08-12T05:56:56.491+0000] {processor.py:927} WARNING - No viable dags retrieved from /home/airflow/.local/lib/python3.12/site-packages/airflow/example_dags/plugins/event_listener.py
[2026-08-12T05:56:56.506+0000] {processor.py:208} INFO - Processing /home/airflow/.local/lib/python3.12/site-packages/airflow/example_dags/plugins/event_listener.py took 0.034 seconds
[2026-08-12T05:57:28.459+0000] {processor.py:186} INFO - Started process (PID=10503) to work on /home/airflow/.local/lib/python3.12/site-packages/airflow/example_dags/plugins/event_listener.py
[2026-08-12T05:57:28.462+0000] {processor.py:914} INFO - Processing file /home/airflow/.local/lib/python3.12/site-packages/airflow/example_dags/plugins/event_listener.py for tasks to queue
[2026-08-12T05:57:28.467+0000] {logging_mixin.py:190} INFO - [2026-08-12T05:57:28.466+0000] {dagbag.py:587} INFO - Filling up the DagBag from /home/airflow/.local/lib/python3.12/site-packages/airflow/example_dags/plugins/event_listener.py
[2026-08-12T05:57:28.470+0000] {processor.py:927} WARNING - No viable dags retrieved from /home/airflow/.local/lib/python3.12/site-packages/airflow/example_dags/plugins/event_listener.py
[2026-08-12T05:57:28.490+0000] {processor.py:208} INFO - Processing /home/airflow/.local/lib/python3.12/site-packages/airflow/example_dags/plugins/event_listener.py took 0.037 seconds
[2026-08-12T05:57:59.458+0000] {processor.py:186} INFO - Started process (PID=10570) to work on /home/airflow/.local/lib/python3.12/site-packages/airflow/example_dags/plugins/event_listener.py
[2026-08-12T05:57:59.460+0000] {processor.py:914} INFO - Processing file /home/airflow/.local/lib/python3.12/site-packages/airflow/example_dags/plugins/event_listener.py for tasks to queue
[2026-08-12T05:57:59.464+0000] {logging_mixin.py:190} INFO - [2026-08-12T05:57:59.464+0000] {dagbag.py:587} INFO - Filling up the DagBag from /home/airflow/.local/lib/python3.12/site-packages/airflow/example_dags/plugins/event_listener.py
[2026-08-12T05:57:59.468+0000] {processor.py:927} WARNING - No viable dags retrieved from /home/airflow/.local/lib/python3.12/site-packages/airflow/example_dags/plugins/event_listener.py
[2026-08-12T05:57:59.486+0000] {processor.py:208} INFO - Processing /home/airflow/.local/lib/python3.12/site-packages/airflow/example_dags/plugins/event_listener.py took 0.034 seconds
[2026-08-12T05:58:30.057+0000] {processor.py:186} INFO - Started process (PID=10635) to work on /home/airflow/.local/lib/python3.12/site-packages/airflow/example_dags/plugins/event_listener.py
[2026-08-12T05:58:30.058+0000] {processor.py:914} INFO - Processing file /home/airflow/.local/lib/python3.12/site-packages/airflow/example_dags/plugins/event_listener.py for tasks to queue
[2026-08-12T05:58:30.063+0000] {logging_mixin.py:190} INFO - [2026-08-12T05:58:30.063+0000] {dagbag.py:587} INFO - Filling up the DagBag from /home/airflow/.local/lib/python3.12/site-packages/airflow/example_dags/plugins/event_listener.py
[2026-08-12T05:58:30.067+0000] {processor.py:927} WARNING - No viable dags retrieved from /home/airflow/.local/lib/python3.12/site-packages/airflow/example_dags/plugins/event_listener.py
[2026-08-12T05:58:30.086+0000] {processor.py:208} INFO - Processing /home/airflow/.local/lib/python3.12/site-packages/airflow/example_dags/plugins/event_listener.py took 0.038 seconds
[2026-08-12T05:59:00.590+0000] {processor.py:186} INFO - Started process (PID=10698) to work on /home/airflow/.local/lib/python3.12/site-packages/airflow/example_dags/plugins/event_listener.py
[2026-08-12T05:59:00.592+0000] {processor.py:914} INFO - Processing file /home/airflow/.local/lib/python3.12/site-packages/airflow/example_dags/plugins/event_listener.py for tasks to queue
[2026-08-12T05:59:00.596+0000] {logging_mixin.py:190} INFO - [2026-08-12T05:59:00.596+0000] {dagbag.py:587} INFO - Filling up the DagBag from /home/airflow/.local/lib/python3.12/site-packages/airflow/example_dags/plugins/event_listener.py
[2026-08-12T05:59:00.601+0000] {processor.py:927} WARNING - No viable dags retrieved from /home/airflow/.local/lib/python3.12/site-packages/airflow/example_dags/plugins/event_listener.py
[2026-08-12T05:59:00.620+0000] {processor.py:208} INFO - Processing /home/airflow/.local/lib/python3.12/site-packages/airflow/example_dags/plugins/event_listener.py took 0.038 seconds
[2026-08-12T05:59:31.032+0000] {processor.py:186} INFO - Started process (PID=10761) to work on /home/airflow/.local/lib/python3.12/site-packages/airflow/example_dags/plugins/event_listener.py
[2026-08-12T05:59:31.034+0000] {processor.py:914} INFO - Processing file /home/airflow/.local/lib/python3.12/site-packages/airflow/example_dags/plugins/event_listener.py for tasks to queue
[2026-08-12T05:59:31.039+0000] {logging_mixin.py:190} INFO - [2026-08-12T05:59:31.038+0000] {dagbag.py:587} INFO - Filling up the DagBag from /home/airflow/.local/lib/python3.12/site-packages/airflow/example_dags/plugins/event_listener.py
[2026-08-12T05:59:31.043+0000] {processor.py:927} WARNING - No viable dags retrieved from /home/airflow/.local/lib/python3.12/site-packages/airflow/example_dags/plugins/event_listener.py
[2026-08-12T05:59:31.059+0000] {processor.py:208} INFO - Processing /home/airflow/.local/lib/python3.12/site-packages/airflow/example_dags/plugins/event_listener.py took 0.033 seconds
[2026-08-12T06:00:02.138+0000] {processor.py:186} INFO - Started process (PID=10826) to work on /home/airflow/.local/lib/python3.12/site-packages/airflow/example_dags/plugins/event_listener.py
[2026-08-12T06:00:02.141+0000] {processor.py:914} INFO - Processing file /home/airflow/.local/lib/python3.12/site-packages/airflow/example_dags/plugins/event_listener.py for tasks to queue
[2026-08-12T06:00:02.149+0000] {logging_mixin.py:190} INFO - [2026-08-12T06:00:02.147+0000] {dagbag.py:587} INFO - Filling up the DagBag from /home/airflow/.local/lib/python3.12/site-packages/airflow/example_dags/plugins/event_listener.py
[2026-08-12T06:00:02.153+0000] {processor.py:927} WARNING - No viable dags retrieved from /home/airflow/.local/lib/python3.12/site-packages/airflow/example_dags/plugins/event_listener.py
[2026-08-12T06:00:02.174+0000] {processor.py:208} INFO - Processing /home/airflow/.local/lib/python3.12/site-packages/airflow/example_dags/plugins/event_listener.py took 0.046 seconds
[2026-08-12T06:00:32.745+0000] {processor.py:186} INFO - Started process (PID=10889) to work on /home/airflow/.local/lib/python3.12/site-packages/airflow/example_dags/plugins/event_listener.py
[2026-08-12T06:00:32.748+0000] {processor.py:914} INFO - Processing file /home/airflow/.local/lib/python3.12/site-packages/airflow/example_dags/plugins/event_listener.py for tasks to queue
[2026-08-12T06:00:32.755+0000] {logging_mixin.py:190} INFO - [2026-08-12T06:00:32.755+0000] {dagbag.py:587} INFO - Filling up the DagBag from /home/airflow/.local/lib/python3.12/site-packages/airflow/example_dags/plugins/event_listener.py
[2026-08-12T06:00:32.760+0000] {processor.py:927} WARNING - No viable dags retrieved from /home/airflow/.local/lib/python3.12/site-packages/airflow/example_dags/plugins/event_listener.py
[2026-08-12T06:00:32.781+0000] {processor.py:208} INFO - Processing /home/airflow/.local/lib/python3.12/site-packages/airflow/example_dags/plugins/event_listener.py took 0.047 seconds
[2026-08-12T06:01:03.607+0000] {processor.py:186} INFO - Started process (PID=10952) to work on /home/airflow/.local/lib/python3.12/site-packages/airflow/example_dags/plugins/event_listener.py
[2026-08-12T06:01:03.610+0000] {processor.py:914} INFO - Processing file /home/airflow/.local/lib/python3.12/site-packages/airflow/example_dags/plugins/event_listener.py for tasks to queue
[2026-08-12T06:01:03.614+0000] {logging_mixin.py:190} INFO - [2026-08-12T06:01:03.614+0000] {dagbag.py:587} INFO - Filling up the DagBag from /home/airflow/.local/lib/python3.12/site-packages/airflow/example_dags/plugins/event_listener.py
[2026-08-12T06:01:03.618+0000] {processor.py:927} WARNING - No viable dags retrieved from /home/airflow/.local/lib/python3.12/site-packages/airflow/example_dags/plugins/event_listener.py
[2026-08-12T06:01:03.635+0000] {processor.py:208} INFO - Processing /home/airflow/.local/lib/python3.12/site-packages/airflow/example_dags/plugins/event_listener.py took 0.033 seconds
[2026-08-12T06:01:33.962+0000] {processor.py:186} INFO - Started process (PID=11015) to work on /home/airflow/.local/lib/python3.12/site-packages/airflow/example_dags/plugins/event_listener.py
[2026-08-12T06:01:33.966+0000] {processor.py:914} INFO - Processing file /home/airflow/.local/lib/python3.12/site-packages/airflow/example_dags/plugins/event_listener.py for tasks to queue
[2026-08-12T06:01:33.970+0000] {logging_mixin.py:190} INFO - [2026-08-12T06:01:33.970+0000] {dagbag.py:587} INFO - Filling up the DagBag from /home/airflow/.local/lib/python3.12/site-packages/airflow/example_dags/plugins/event_listener.py
[2026-08-12T06:01:33.975+0000] {processor.py:927} WARNING - No viable dags retrieved from /home/airflow/.local/lib/python3.12/site-packages/airflow/example_dags/plugins/event_listener.py
[2026-08-12T06:01:33.993+0000] {processor.py:208} INFO - Processing /home/airflow/.local/lib/python3.12/site-packages/airflow/example_dags/plugins/event_listener.py took 0.041 seconds
[2026-08-12T06:02:04.796+0000] {processor.py:186} INFO - Started process (PID=11078) to work on /home/airflow/.local/lib/python3.12/site-packages/airflow/example_dags/plugins/event_listener.py
[2026-08-12T06:02:04.799+0000] {processor.py:914} INFO - Processing file /home/airflow/.local/lib/python3.12/site-packages/airflow/example_dags/plugins/event_listener.py for tasks to queue
[2026-08-12T06:02:04.804+0000] {logging_mixin.py:190} INFO - [2026-08-12T06:02:04.803+0000] {dagbag.py:587} INFO - Filling up the DagBag from /home/airflow/.local/lib/python3.12/site-packages/airflow/example_dags/plugins/event_listener.py
[2026-08-12T06:02:04.809+0000] {processor.py:927} WARNING - No viable dags retrieved from /home/airflow/.local/lib/python3.12/site-packages/airflow/example_dags/plugins/event_listener.py
[2026-08-12T06:02:04.831+0000] {processor.py:208} INFO - Processing /home/airflow/.local/lib/python3.12/site-packages/airflow/example_dags/plugins/event_listener.py took 0.042 seconds
[2026-08-12T06:02:35.740+0000] {processor.py:186} INFO - Started process (PID=11141) to work on /home/airflow/.local/lib/python3.12/site-packages/airflow/example_dags/plugins/event_listener.py
[2026-08-12T06:02:35.744+0000] {processor.py:914} INFO - Processing file /home/airflow/.local/lib/python3.12/site-packages/airflow/example_dags/plugins/event_listener.py for tasks to queue
[2026-08-12T06:02:35.749+0000] {logging_mixin.py:190} INFO - [2026-08-12T06:02:35.748+0000] {dagbag.py:587} INFO - Filling up the DagBag from /home/airflow/.local/lib/python3.12/site-packages/airflow/example_dags/plugins/event_listener.py
[2026-08-12T06:02:35.754+0000] {processor.py:927} WARNING - No viable dags retrieved from /home/airflow/.local/lib/python3.12/site-packages/airflow/example_dags/plugins/event_listener.py
[2026-08-12T06:02:35.771+0000] {processor.py:208} INFO - Processing /home/airflow/.local/lib/python3.12/site-packages/airflow/example_dags/plugins/event_listener.py took 0.041 seconds
[2026-08-12T06:03:06.779+0000] {processor.py:186} INFO - Started process (PID=11204) to work on /home/airflow/.local/lib/python3.12/site-packages/airflow/example_dags/plugins/event_listener.py
[2026-08-12T06:03:06.782+0000] {processor.py:914} INFO - Processing file /home/airflow/.local/lib/python3.12/site-packages/airflow/example_dags/plugins/event_listener.py for tasks to queue
[2026-08-12T06:03:06.787+0000] {logging_mixin.py:190} INFO - [2026-08-12T06:03:06.787+0000] {dagbag.py:587} INFO - Filling up the DagBag from /home/airflow/.local/lib/python3.12/site-packages/airflow/example_dags/plugins/event_listener.py
[2026-08-12T06:03:06.792+0000] {processor.py:927} WARNING - No viable dags retrieved from /home/airflow/.local/lib/python3.12/site-packages/airflow/example_dags/plugins/event_listener.py
[2026-08-12T06:03:06.815+0000] {processor.py:208} INFO - Processing /home/airflow/.local/lib/python3.12/site-packages/airflow/example_dags/plugins/event_listener.py took 0.043 seconds
[2026-08-12T06:03:37.866+0000] {processor.py:186} INFO - Started process (PID=11273) to work on /home/airflow/.local/lib/python3.12/site-packages/airflow/example_dags/plugins/event_listener.py
[2026-08-12T06:03:37.869+0000] {processor.py:914} INFO - Processing file /home/airflow/.local/lib/python3.12/site-packages/airflow/example_dags/plugins/event_listener.py for tasks to queue
[2026-08-12T06:03:37.874+0000] {logging_mixin.py:190} INFO - [2026-08-12T06:03:37.874+0000] {dagbag.py:587} INFO - Filling up the DagBag from /home/airflow/.local/lib/python3.12/site-packages/airflow/example_dags/plugins/event_listener.py
[2026-08-12T06:03:37.879+0000] {processor.py:927} WARNING - No viable dags retrieved from /home/airflow/.local/lib/python3.12/site-packages/airflow/example_dags/plugins/event_listener.py
[2026-08-12T06:03:37.903+0000] {processor.py:208} INFO - Processing /home/airflow/.local/lib/python3.12/site-packages/airflow/example_dags/plugins/event_listener.py took 0.045 seconds
[2026-08-12T06:04:08.465+0000] {processor.py:186} INFO - Started process (PID=11336) to work on /home/airflow/.local/lib/python3.12/site-packages/airflow/example_dags/plugins/event_listener.py
[2026-08-12T06:04:08.468+0000] {processor.py:914} INFO - Processing file /home/airflow/.local/lib/python3.12/site-packages/airflow/example_dags/plugins/event_listener.py for tasks to queue
[2026-08-12T06:04:08.472+0000] {logging_mixin.py:190} INFO - [2026-08-12T06:04:08.472+0000] {dagbag.py:587} INFO - Filling up the DagBag from /home/airflow/.local/lib/python3.12/site-packages/airflow/example_dags/plugins/event_listener.py
[2026-08-12T06:04:08.476+0000] {processor.py:927} WARNING - No viable dags retrieved from /home/airflow/.local/lib/python3.12/site-packages/airflow/example_dags/plugins/event_listener.py
[2026-08-12T06:04:08.500+0000] {processor.py:208} INFO - Processing /home/airflow/.local/lib/python3.12/site-packages/airflow/example_dags/plugins/event_listener.py took 0.043 seconds
[2026-08-12T06:04:40.128+0000] {processor.py:186} INFO - Started process (PID=11400) to work on /home/airflow/.local/lib/python3.12/site-packages/airflow/example_dags/plugins/event_listener.py
[2026-08-12T06:04:40.132+0000] {processor.py:914} INFO - Processing file /home/airflow/.local/lib/python3.12/site-packages/airflow/example_dags/plugins/event_listener.py for tasks to queue
[2026-08-12T06:04:40.139+0000] {logging_mixin.py:190} INFO - [2026-08-12T06:04:40.138+0000] {dagbag.py:587} INFO - Filling up the DagBag from /home/airflow/.local/lib/python3.12/site-packages/airflow/example_dags/plugins/event_listener.py
[2026-08-12T06:04:40.146+0000] {processor.py:927} WARNING - No viable dags retrieved from /home/airflow/.local/lib/python3.12/site-packages/airflow/example_dags/plugins/event_listener.py
[2026-08-12T06:04:40.185+0000] {processor.py:208} INFO - Processing /home/airflow/.local/lib/python3.12/site-packages/airflow/example_dags/plugins/event_listener.py took 0.071 seconds
[2026-08-12T06:05:10.437+0000] {processor.py:186} INFO - Started process (PID=11463) to work on /home/airflow/.local/lib/python3.12/site-packages/airflow/example_dags/plugins/event_listener.py
[2026-08-12T06:05:10.440+0000] {processor.py:914} INFO - Processing file /home/airflow/.local/lib/python3.12/site-packages/airflow/example_dags/plugins/event_listener.py for tasks to queue
[2026-08-12T06:05:10.444+0000] {logging_mixin.py:190} INFO - [2026-08-12T06:05:10.443+0000] {dagbag.py:587} INFO - Filling up the DagBag from /home/airflow/.local/lib/python3.12/site-packages/airflow/example_dags/plugins/event_listener.py
[2026-08-12T06:05:10.447+0000] {processor.py:927} WARNING - No viable dags retrieved from /home/airflow/.local/lib/python3.12/site-packages/airflow/example_dags/plugins/event_listener.py
[2026-08-12T06:05:10.464+0000] {processor.py:208} INFO - Processing /home/airflow/.local/lib/python3.12/site-packages/airflow/example_dags/plugins/event_listener.py took 0.033 seconds
[2026-08-12T06:05:40.882+0000] {processor.py:186} INFO - Started process (PID=11527) to work on /home/airflow/.local/lib/python3.12/site-packages/airflow/example_dags/plugins/event_listener.py
[2026-08-12T06:05:40.884+0000] {processor.py:914} INFO - Processing file /home/airflow/.local/lib/python3.12/site-packages/airflow/example_dags/plugins/event_listener.py for tasks to queue
[2026-08-12T06:05:40.889+0000] {logging_mixin.py:190} INFO - [2026-08-12T06:05:40.889+0000] {dagbag.py:587} INFO - Filling up the DagBag from /home/airflow/.local/lib/python3.12/site-packages/airflow/example_dags/plugins/event_listener.py
[2026-08-12T06:05:40.894+0000] {processor.py:927} WARNING - No viable dags retrieved from /home/airflow/.local/lib/python3.12/site-packages/airflow/example_dags/plugins/event_listener.py
[2026-08-12T06:05:40.914+0000] {processor.py:208} INFO - Processing /home/airflow/.local/lib/python3.12/site-packages/airflow/example_dags/plugins/event_listener.py took 0.040 seconds
[2026-08-12T06:06:11.510+0000] {processor.py:186} INFO - Started process (PID=11591) to work on /home/airflow/.local/lib/python3.12/site-packages/airflow/example_dags/plugins/event_listener.py
[2026-08-12T06:06:11.513+0000] {processor.py:914} INFO - Processing file /home/airflow/.local/lib/python3.12/site-packages/airflow/example_dags/plugins/event_listener.py for tasks to queue
[2026-08-12T06:06:11.519+0000] {logging_mixin.py:190} INFO - [2026-08-12T06:06:11.519+0000] {dagbag.py:587} INFO - Filling up the DagBag from /home/airflow/.local/lib/python3.12/site-packages/airflow/example_dags/plugins/event_listener.py
[2026-08-12T06:06:11.524+0000] {processor.py:927} WARNING - No viable dags retrieved from /home/airflow/.local/lib/python3.12/site-packages/airflow/example_dags/plugins/event_listener.py
[2026-08-12T06:06:11.544+0000] {processor.py:208} INFO - Processing /home/airflow/.local/lib/python3.12/site-packages/airflow/example_dags/plugins/event_listener.py took 0.040 seconds
[2026-08-12T06:06:42.664+0000] {processor.py:186} INFO - Started process (PID=11654) to work on /home/airflow/.local/lib/python3.12/site-packages/airflow/example_dags/plugins/event_listener.py
[2026-08-12T06:06:42.666+0000] {processor.py:914} INFO - Processing file /home/airflow/.local/lib/python3.12/site-packages/airflow/example_dags/plugins/event_listener.py for tasks to queue
[2026-08-12T06:06:42.672+0000] {logging_mixin.py:190} INFO - [2026-08-12T06:06:42.671+0000] {dagbag.py:587} INFO - Filling up the DagBag from /home/airflow/.local/lib/python3.12/site-packages/airflow/example_dags/plugins/event_listener.py
[2026-08-12T06:06:42.678+0000] {processor.py:927} WARNING - No viable dags retrieved from /home/airflow/.local/lib/python3.12/site-packages/airflow/example_dags/plugins/event_listener.py
[2026-08-12T06:06:42.696+0000] {processor.py:208} INFO - Processing /home/airflow/.local/lib/python3.12/site-packages/airflow/example_dags/plugins/event_listener.py took 0.042 seconds
[2026-08-12T06:07:13.544+0000] {processor.py:186} INFO - Started process (PID=11721) to work on /home/airflow/.local/lib/python3.12/site-packages/airflow/example_dags/plugins/event_listener.py
[2026-08-12T06:07:13.546+0000] {processor.py:914} INFO - Processing file /home/airflow/.local/lib/python3.12/site-packages/airflow/example_dags/plugins/event_listener.py for tasks to queue
[2026-08-12T06:07:13.551+0000] {logging_mixin.py:190} INFO - [2026-08-12T06:07:13.551+0000] {dagbag.py:587} INFO - Filling up the DagBag from /home/airflow/.local/lib/python3.12/site-packages/airflow/example_dags/plugins/event_listener.py
[2026-08-12T06:07:13.555+0000] {processor.py:927} WARNING - No viable dags retrieved from /home/airflow/.local/lib/python3.12/site-packages/airflow/example_dags/plugins/event_listener.py
[2026-08-12T06:07:13.571+0000] {processor.py:208} INFO - Processing /home/airflow/.local/lib/python3.12/site-packages/airflow/example_dags/plugins/event_listener.py took 0.032 seconds
[2026-08-12T06:07:44.116+0000] {processor.py:186} INFO - Started process (PID=11787) to work on /home/airflow/.local/lib/python3.12/site-packages/airflow/example_dags/plugins/event_listener.py
[2026-08-12T06:07:44.118+0000] {processor.py:914} INFO - Processing file /home/airflow/.local/lib/python3.12/site-packages/airflow/example_dags/plugins/event_listener.py for tasks to queue
[2026-08-12T06:07:44.123+0000] {logging_mixin.py:190} INFO - [2026-08-12T06:07:44.122+0000] {dagbag.py:587} INFO - Filling up the DagBag from /home/airflow/.local/lib/python3.12/site-packages/airflow/example_dags/plugins/event_listener.py
[2026-08-12T06:07:44.127+0000] {processor.py:927} WARNING - No viable dags retrieved from /home/airflow/.local/lib/python3.12/site-packages/airflow/example_dags/plugins/event_listener.py
[2026-08-12T06:07:44.146+0000] {processor.py:208} INFO - Processing /home/airflow/.local/lib/python3.12/site-packages/airflow/example_dags/plugins/event_listener.py took 0.036 seconds
[2026-08-12T06:08:14.873+0000] {processor.py:186} INFO - Started process (PID=11852) to work on /home/airflow/.local/lib/python3.12/site-packages/airflow/example_dags/plugins/event_listener.py
[2026-08-12T06:08:14.875+0000] {processor.py:914} INFO - Processing file /home/airflow/.local/lib/python3.12/site-packages/airflow/example_dags/plugins/event_listener.py for tasks to queue
[2026-08-12T06:08:14.880+0000] {logging_mixin.py:190} INFO - [2026-08-12T06:08:14.880+0000] {dagbag.py:587} INFO - Filling up the DagBag from /home/airflow/.local/lib/python3.12/site-packages/airflow/example_dags/plugins/event_listener.py
[2026-08-12T06:08:14.884+0000] {processor.py:927} WARNING - No viable dags retrieved from /home/airflow/.local/lib/python3.12/site-packages/airflow/example_dags/plugins/event_listener.py
[2026-08-12T06:08:14.900+0000] {processor.py:208} INFO - Processing /home/airflow/.local/lib/python3.12/site-packages/airflow/example_dags/plugins/event_listener.py took 0.033 seconds
[2026-08-12T06:08:45.732+0000] {processor.py:186} INFO - Started process (PID=11917) to work on /home/airflow/.local/lib/python3.12/site-packages/airflow/example_dags/plugins/event_listener.py
[2026-08-12T06:08:45.734+0000] {processor.py:914} INFO - Processing file /home/airflow/.local/lib/python3.12/site-packages/airflow/example_dags/plugins/event_listener.py for tasks to queue
[2026-08-12T06:08:45.738+0000] {logging_mixin.py:190} INFO - [2026-08-12T06:08:45.738+0000] {dagbag.py:587} INFO - Filling up the DagBag from /home/airflow/.local/lib/python3.12/site-packages/airflow/example_dags/plugins/event_listener.py
[2026-08-12T06:08:45.742+0000] {processor.py:927} WARNING - No viable dags retrieved from /home/airflow/.local/lib/python3.12/site-packages/airflow/example_dags/plugins/event_listener.py
[2026-08-12T06:08:45.759+0000] {processor.py:208} INFO - Processing /home/airflow/.local/lib/python3.12/site-packages/airflow/example_dags/plugins/event_listener.py took 0.033 seconds
[2026-08-12T06:09:16.439+0000] {processor.py:186} INFO - Started process (PID=11980) to work on /home/airflow/.local/lib/python3.12/site-packages/airflow/example_dags/plugins/event_listener.py
[2026-08-12T06:09:16.442+0000] {processor.py:914} INFO - Processing file /home/airflow/.local/lib/python3.12/site-packages/airflow/example_dags/plugins/event_listener.py for tasks to queue
[2026-08-12T06:09:16.446+0000] {logging_mixin.py:190} INFO - [2026-08-12T06:09:16.445+0000] {dagbag.py:587} INFO - Filling up the DagBag from /home/airflow/.local/lib/python3.12/site-packages/airflow/example_dags/plugins/event_listener.py
[2026-08-12T06:09:16.449+0000] {processor.py:927} WARNING - No viable dags retrieved from /home/airflow/.local/lib/python3.12/site-packages/airflow/example_dags/plugins/event_listener.py
[2026-08-12T06:09:16.465+0000] {processor.py:208} INFO - Processing /home/airflow/.local/lib/python3.12/site-packages/airflow/example_dags/plugins/event_listener.py took 0.033 seconds
[2026-08-12T06:09:46.840+0000] {processor.py:186} INFO - Started process (PID=12042) to work on /home/airflow/.local/lib/python3.12/site-packages/airflow/example_dags/plugins/event_listener.py
[2026-08-12T06:09:46.843+0000] {processor.py:914} INFO - Processing file /home/airflow/.local/lib/python3.12/site-packages/airflow/example_dags/plugins/event_listener.py for tasks to queue
[2026-08-12T06:09:46.848+0000] {logging_mixin.py:190} INFO - [2026-08-12T06:09:46.848+0000] {dagbag.py:587} INFO - Filling up the DagBag from /home/airflow/.local/lib/python3.12/site-packages/airflow/example_dags/plugins/event_listener.py
[2026-08-12T06:09:46.853+0000] {processor.py:927} WARNING - No viable dags retrieved from /home/airflow/.local/lib/python3.12/site-packages/airflow/example_dags/plugins/event_listener.py
[2026-08-12T06:09:46.872+0000] {processor.py:208} INFO - Processing /home/airflow/.local/lib/python3.12/site-packages/airflow/example_dags/plugins/event_listener.py took 0.042 seconds
[2026-08-12T06:10:17.674+0000] {processor.py:186} INFO - Started process (PID=12106) to work on /home/airflow/.local/lib/python3.12/site-packages/airflow/example_dags/plugins/event_listener.py
[2026-08-12T06:10:17.676+0000] {processor.py:914} INFO - Processing file /home/airflow/.local/lib/python3.12/site-packages/airflow/example_dags/plugins/event_listener.py for tasks to queue
[2026-08-12T06:10:17.680+0000] {logging_mixin.py:190} INFO - [2026-08-12T06:10:17.680+0000] {dagbag.py:587} INFO - Filling up the DagBag from /home/airflow/.local/lib/python3.12/site-packages/airflow/example_dags/plugins/event_listener.py
[2026-08-12T06:10:17.683+0000] {processor.py:927} WARNING - No viable dags retrieved from /home/airflow/.local/lib/python3.12/site-packages/airflow/example_dags/plugins/event_listener.py
[2026-08-12T06:10:17.696+0000] {processor.py:208} INFO - Processing /home/airflow/.local/lib/python3.12/site-packages/airflow/example_dags/plugins/event_listener.py took 0.030 seconds
