[2026-08-12T04:31:00.808+0000] {processor.py:186} INFO - Started process (PID=65) to work on /home/airflow/.local/lib/python3.12/site-packages/airflow/example_dags/example_external_task_marker_dag.py
[2026-08-12T04:31:00.816+0000] {processor.py:914} INFO - Processing file /home/airflow/.local/lib/python3.12/site-packages/airflow/example_dags/example_external_task_marker_dag.py for tasks to queue
[2026-08-12T04:31:00.823+0000] {logging_mixin.py:190} INFO - [2026-08-12T04:31:00.823+0000] {dagbag.py:587} INFO - Filling up the DagBag from /home/airflow/.local/lib/python3.12/site-packages/airflow/example_dags/example_external_task_marker_dag.py
[2026-08-12T04:31:00.842+0000] {processor.py:925} INFO - DAG(s) 'example_external_task_marker_child', 'example_external_task_marker_parent' retrieved from /home/airflow/.local/lib/python3.12/site-packages/airflow/example_dags/example_external_task_marker_dag.py
[2026-08-12T04:31:01.706+0000] {logging_mixin.py:190} INFO - [2026-08-12T04:31:01.692+0000] {override.py:1858} INFO - Created Permission View: can delete on DAG:example_external_task_marker_child
[2026-08-12T04:31:01.734+0000] {logging_mixin.py:190} INFO - [2026-08-12T04:31:01.733+0000] {override.py:1858} INFO - Created Permission View: can read on DAG:example_external_task_marker_child
[2026-08-12T04:31:01.751+0000] {logging_mixin.py:190} INFO - [2026-08-12T04:31:01.750+0000] {override.py:1858} INFO - Created Permission View: can edit on DAG:example_external_task_marker_child
[2026-08-12T04:31:01.788+0000] {logging_mixin.py:190} INFO - [2026-08-12T04:31:01.787+0000] {override.py:1858} INFO - Created Permission View: can delete on DAG:example_external_task_marker_parent
[2026-08-12T04:31:01.808+0000] {logging_mixin.py:190} INFO - [2026-08-12T04:31:01.808+0000] {override.py:1858} INFO - Created Permission View: can read on DAG:example_external_task_marker_parent
[2026-08-12T04:31:01.822+0000] {logging_mixin.py:190} INFO - [2026-08-12T04:31:01.821+0000] {override.py:1858} INFO - Created Permission View: can edit on DAG:example_external_task_marker_parent
[2026-08-12T04:31:01.825+0000] {logging_mixin.py:190} INFO - [2026-08-12T04:31:01.824+0000] {dag.py:3211} INFO - Sync 2 DAGs
[2026-08-12T04:31:01.874+0000] {logging_mixin.py:190} INFO - [2026-08-12T04:31:01.874+0000] {dag.py:3234} INFO - Creating ORM DAG for example_external_task_marker_child
[2026-08-12T04:31:01.877+0000] {logging_mixin.py:190} INFO - [2026-08-12T04:31:01.876+0000] {dag.py:3234} INFO - Creating ORM DAG for example_external_task_marker_parent
[2026-08-12T04:31:01.880+0000] {logging_mixin.py:190} INFO - [2026-08-12T04:31:01.880+0000] {dag.py:4138} INFO - Setting next_dagrun for example_external_task_marker_child to None, run_after=None
[2026-08-12T04:31:01.883+0000] {logging_mixin.py:190} INFO - [2026-08-12T04:31:01.883+0000] {dag.py:4138} INFO - Setting next_dagrun for example_external_task_marker_parent to None, run_after=None
[2026-08-12T04:31:01.945+0000] {processor.py:208} INFO - Processing /home/airflow/.local/lib/python3.12/site-packages/airflow/example_dags/example_external_task_marker_dag.py took 1.145 seconds
[2026-08-12T04:31:32.318+0000] {processor.py:186} INFO - Started process (PID=127) to work on /home/airflow/.local/lib/python3.12/site-packages/airflow/example_dags/example_external_task_marker_dag.py
[2026-08-12T04:31:32.321+0000] {processor.py:914} INFO - Processing file /home/airflow/.local/lib/python3.12/site-packages/airflow/example_dags/example_external_task_marker_dag.py for tasks to queue
[2026-08-12T04:31:32.325+0000] {logging_mixin.py:190} INFO - [2026-08-12T04:31:32.325+0000] {dagbag.py:587} INFO - Filling up the DagBag from /home/airflow/.local/lib/python3.12/site-packages/airflow/example_dags/example_external_task_marker_dag.py
[2026-08-12T04:31:32.335+0000] {processor.py:925} INFO - DAG(s) 'example_external_task_marker_child', 'example_external_task_marker_parent' retrieved from /home/airflow/.local/lib/python3.12/site-packages/airflow/example_dags/example_external_task_marker_dag.py
[2026-08-12T04:31:32.364+0000] {logging_mixin.py:190} INFO - [2026-08-12T04:31:32.363+0000] {dag.py:3211} INFO - Sync 2 DAGs
[2026-08-12T04:31:32.379+0000] {logging_mixin.py:190} INFO - [2026-08-12T04:31:32.378+0000] {dag.py:4138} INFO - Setting next_dagrun for example_external_task_marker_child to None, run_after=None
[2026-08-12T04:31:32.384+0000] {logging_mixin.py:190} INFO - [2026-08-12T04:31:32.384+0000] {dag.py:4138} INFO - Setting next_dagrun for example_external_task_marker_parent to None, run_after=None
[2026-08-12T04:31:32.403+0000] {processor.py:208} INFO - Processing /home/airflow/.local/lib/python3.12/site-packages/airflow/example_dags/example_external_task_marker_dag.py took 0.092 seconds
[2026-08-12T04:32:49.952+0000] {processor.py:186} INFO - Started process (PID=59) to work on /home/airflow/.local/lib/python3.12/site-packages/airflow/example_dags/example_external_task_marker_dag.py
[2026-08-12T04:32:49.955+0000] {processor.py:914} INFO - Processing file /home/airflow/.local/lib/python3.12/site-packages/airflow/example_dags/example_external_task_marker_dag.py for tasks to queue
[2026-08-12T04:32:49.963+0000] {logging_mixin.py:190} INFO - [2026-08-12T04:32:49.962+0000] {dagbag.py:587} INFO - Filling up the DagBag from /home/airflow/.local/lib/python3.12/site-packages/airflow/example_dags/example_external_task_marker_dag.py
[2026-08-12T04:32:49.984+0000] {processor.py:925} INFO - DAG(s) 'example_external_task_marker_child', 'example_external_task_marker_parent' retrieved from /home/airflow/.local/lib/python3.12/site-packages/airflow/example_dags/example_external_task_marker_dag.py
[2026-08-12T04:32:50.056+0000] {logging_mixin.py:190} INFO - [2026-08-12T04:32:50.055+0000] {dag.py:3211} INFO - Sync 2 DAGs
[2026-08-12T04:32:50.108+0000] {logging_mixin.py:190} INFO - [2026-08-12T04:32:50.107+0000] {dag.py:4138} INFO - Setting next_dagrun for example_external_task_marker_child to None, run_after=None
[2026-08-12T04:32:50.122+0000] {logging_mixin.py:190} INFO - [2026-08-12T04:32:50.121+0000] {dag.py:4138} INFO - Setting next_dagrun for example_external_task_marker_parent to None, run_after=None
[2026-08-12T04:32:50.163+0000] {processor.py:208} INFO - Processing /home/airflow/.local/lib/python3.12/site-packages/airflow/example_dags/example_external_task_marker_dag.py took 0.236 seconds
[2026-08-12T04:33:20.457+0000] {processor.py:186} INFO - Started process (PID=121) to work on /home/airflow/.local/lib/python3.12/site-packages/airflow/example_dags/example_external_task_marker_dag.py
[2026-08-12T04:33:20.460+0000] {processor.py:914} INFO - Processing file /home/airflow/.local/lib/python3.12/site-packages/airflow/example_dags/example_external_task_marker_dag.py for tasks to queue
[2026-08-12T04:33:20.464+0000] {logging_mixin.py:190} INFO - [2026-08-12T04:33:20.463+0000] {dagbag.py:587} INFO - Filling up the DagBag from /home/airflow/.local/lib/python3.12/site-packages/airflow/example_dags/example_external_task_marker_dag.py
[2026-08-12T04:33:20.474+0000] {processor.py:925} INFO - DAG(s) 'example_external_task_marker_child', 'example_external_task_marker_parent' retrieved from /home/airflow/.local/lib/python3.12/site-packages/airflow/example_dags/example_external_task_marker_dag.py
[2026-08-12T04:33:20.500+0000] {logging_mixin.py:190} INFO - [2026-08-12T04:33:20.500+0000] {dag.py:3211} INFO - Sync 2 DAGs
[2026-08-12T04:33:20.519+0000] {logging_mixin.py:190} INFO - [2026-08-12T04:33:20.519+0000] {dag.py:4138} INFO - Setting next_dagrun for example_external_task_marker_child to None, run_after=None
[2026-08-12T04:33:20.528+0000] {logging_mixin.py:190} INFO - [2026-08-12T04:33:20.527+0000] {dag.py:4138} INFO - Setting next_dagrun for example_external_task_marker_parent to None, run_after=None
[2026-08-12T04:33:20.551+0000] {processor.py:208} INFO - Processing /home/airflow/.local/lib/python3.12/site-packages/airflow/example_dags/example_external_task_marker_dag.py took 0.100 seconds
[2026-08-12T04:33:51.547+0000] {processor.py:186} INFO - Started process (PID=189) to work on /home/airflow/.local/lib/python3.12/site-packages/airflow/example_dags/example_external_task_marker_dag.py
[2026-08-12T04:33:51.550+0000] {processor.py:914} INFO - Processing file /home/airflow/.local/lib/python3.12/site-packages/airflow/example_dags/example_external_task_marker_dag.py for tasks to queue
[2026-08-12T04:33:51.557+0000] {logging_mixin.py:190} INFO - [2026-08-12T04:33:51.555+0000] {dagbag.py:587} INFO - Filling up the DagBag from /home/airflow/.local/lib/python3.12/site-packages/airflow/example_dags/example_external_task_marker_dag.py
[2026-08-12T04:33:51.571+0000] {processor.py:925} INFO - DAG(s) 'example_external_task_marker_parent', 'example_external_task_marker_child' retrieved from /home/airflow/.local/lib/python3.12/site-packages/airflow/example_dags/example_external_task_marker_dag.py
[2026-08-12T04:33:51.608+0000] {logging_mixin.py:190} INFO - [2026-08-12T04:33:51.608+0000] {dag.py:3211} INFO - Sync 2 DAGs
[2026-08-12T04:33:51.629+0000] {logging_mixin.py:190} INFO - [2026-08-12T04:33:51.629+0000] {dag.py:4138} INFO - Setting next_dagrun for example_external_task_marker_child to None, run_after=None
[2026-08-12T04:33:51.635+0000] {logging_mixin.py:190} INFO - [2026-08-12T04:33:51.634+0000] {dag.py:4138} INFO - Setting next_dagrun for example_external_task_marker_parent to None, run_after=None
[2026-08-12T04:33:51.656+0000] {processor.py:208} INFO - Processing /home/airflow/.local/lib/python3.12/site-packages/airflow/example_dags/example_external_task_marker_dag.py took 0.116 seconds
[2026-08-12T04:34:22.018+0000] {processor.py:186} INFO - Started process (PID=251) to work on /home/airflow/.local/lib/python3.12/site-packages/airflow/example_dags/example_external_task_marker_dag.py
[2026-08-12T04:34:22.021+0000] {processor.py:914} INFO - Processing file /home/airflow/.local/lib/python3.12/site-packages/airflow/example_dags/example_external_task_marker_dag.py for tasks to queue
[2026-08-12T04:34:22.025+0000] {logging_mixin.py:190} INFO - [2026-08-12T04:34:22.024+0000] {dagbag.py:587} INFO - Filling up the DagBag from /home/airflow/.local/lib/python3.12/site-packages/airflow/example_dags/example_external_task_marker_dag.py
[2026-08-12T04:34:22.034+0000] {processor.py:925} INFO - DAG(s) 'example_external_task_marker_child', 'example_external_task_marker_parent' retrieved from /home/airflow/.local/lib/python3.12/site-packages/airflow/example_dags/example_external_task_marker_dag.py
[2026-08-12T04:34:22.058+0000] {logging_mixin.py:190} INFO - [2026-08-12T04:34:22.057+0000] {dag.py:3211} INFO - Sync 2 DAGs
[2026-08-12T04:34:22.072+0000] {logging_mixin.py:190} INFO - [2026-08-12T04:34:22.072+0000] {dag.py:4138} INFO - Setting next_dagrun for example_external_task_marker_child to None, run_after=None
[2026-08-12T04:34:22.077+0000] {logging_mixin.py:190} INFO - [2026-08-12T04:34:22.077+0000] {dag.py:4138} INFO - Setting next_dagrun for example_external_task_marker_parent to None, run_after=None
[2026-08-12T04:34:22.096+0000] {processor.py:208} INFO - Processing /home/airflow/.local/lib/python3.12/site-packages/airflow/example_dags/example_external_task_marker_dag.py took 0.085 seconds
[2026-08-12T04:34:52.835+0000] {processor.py:186} INFO - Started process (PID=313) to work on /home/airflow/.local/lib/python3.12/site-packages/airflow/example_dags/example_external_task_marker_dag.py
[2026-08-12T04:34:52.837+0000] {processor.py:914} INFO - Processing file /home/airflow/.local/lib/python3.12/site-packages/airflow/example_dags/example_external_task_marker_dag.py for tasks to queue
[2026-08-12T04:34:52.843+0000] {logging_mixin.py:190} INFO - [2026-08-12T04:34:52.842+0000] {dagbag.py:587} INFO - Filling up the DagBag from /home/airflow/.local/lib/python3.12/site-packages/airflow/example_dags/example_external_task_marker_dag.py
[2026-08-12T04:34:52.859+0000] {processor.py:925} INFO - DAG(s) 'example_external_task_marker_child', 'example_external_task_marker_parent' retrieved from /home/airflow/.local/lib/python3.12/site-packages/airflow/example_dags/example_external_task_marker_dag.py
[2026-08-12T04:34:52.897+0000] {logging_mixin.py:190} INFO - [2026-08-12T04:34:52.896+0000] {dag.py:3211} INFO - Sync 2 DAGs
[2026-08-12T04:34:52.921+0000] {logging_mixin.py:190} INFO - [2026-08-12T04:34:52.921+0000] {dag.py:4138} INFO - Setting next_dagrun for example_external_task_marker_child to None, run_after=None
[2026-08-12T04:34:52.928+0000] {logging_mixin.py:190} INFO - [2026-08-12T04:34:52.928+0000] {dag.py:4138} INFO - Setting next_dagrun for example_external_task_marker_parent to None, run_after=None
[2026-08-12T04:34:52.955+0000] {processor.py:208} INFO - Processing /home/airflow/.local/lib/python3.12/site-packages/airflow/example_dags/example_external_task_marker_dag.py took 0.127 seconds
[2026-08-12T04:35:23.482+0000] {processor.py:186} INFO - Started process (PID=375) to work on /home/airflow/.local/lib/python3.12/site-packages/airflow/example_dags/example_external_task_marker_dag.py
[2026-08-12T04:35:23.485+0000] {processor.py:914} INFO - Processing file /home/airflow/.local/lib/python3.12/site-packages/airflow/example_dags/example_external_task_marker_dag.py for tasks to queue
[2026-08-12T04:35:23.490+0000] {logging_mixin.py:190} INFO - [2026-08-12T04:35:23.490+0000] {dagbag.py:587} INFO - Filling up the DagBag from /home/airflow/.local/lib/python3.12/site-packages/airflow/example_dags/example_external_task_marker_dag.py
[2026-08-12T04:35:23.507+0000] {processor.py:925} INFO - DAG(s) 'example_external_task_marker_parent', 'example_external_task_marker_child' retrieved from /home/airflow/.local/lib/python3.12/site-packages/airflow/example_dags/example_external_task_marker_dag.py
[2026-08-12T04:35:23.546+0000] {logging_mixin.py:190} INFO - [2026-08-12T04:35:23.545+0000] {dag.py:3211} INFO - Sync 2 DAGs
[2026-08-12T04:35:23.566+0000] {logging_mixin.py:190} INFO - [2026-08-12T04:35:23.566+0000] {dag.py:4138} INFO - Setting next_dagrun for example_external_task_marker_child to None, run_after=None
[2026-08-12T04:35:23.574+0000] {logging_mixin.py:190} INFO - [2026-08-12T04:35:23.574+0000] {dag.py:4138} INFO - Setting next_dagrun for example_external_task_marker_parent to None, run_after=None
[2026-08-12T04:35:23.597+0000] {processor.py:208} INFO - Processing /home/airflow/.local/lib/python3.12/site-packages/airflow/example_dags/example_external_task_marker_dag.py took 0.124 seconds
[2026-08-12T04:35:53.896+0000] {processor.py:186} INFO - Started process (PID=437) to work on /home/airflow/.local/lib/python3.12/site-packages/airflow/example_dags/example_external_task_marker_dag.py
[2026-08-12T04:35:53.898+0000] {processor.py:914} INFO - Processing file /home/airflow/.local/lib/python3.12/site-packages/airflow/example_dags/example_external_task_marker_dag.py for tasks to queue
[2026-08-12T04:35:53.903+0000] {logging_mixin.py:190} INFO - [2026-08-12T04:35:53.902+0000] {dagbag.py:587} INFO - Filling up the DagBag from /home/airflow/.local/lib/python3.12/site-packages/airflow/example_dags/example_external_task_marker_dag.py
[2026-08-12T04:35:53.917+0000] {processor.py:925} INFO - DAG(s) 'example_external_task_marker_child', 'example_external_task_marker_parent' retrieved from /home/airflow/.local/lib/python3.12/site-packages/airflow/example_dags/example_external_task_marker_dag.py
[2026-08-12T04:35:53.946+0000] {logging_mixin.py:190} INFO - [2026-08-12T04:35:53.946+0000] {dag.py:3211} INFO - Sync 2 DAGs
[2026-08-12T04:35:53.963+0000] {logging_mixin.py:190} INFO - [2026-08-12T04:35:53.963+0000] {dag.py:4138} INFO - Setting next_dagrun for example_external_task_marker_child to None, run_after=None
[2026-08-12T04:35:53.968+0000] {logging_mixin.py:190} INFO - [2026-08-12T04:35:53.968+0000] {dag.py:4138} INFO - Setting next_dagrun for example_external_task_marker_parent to None, run_after=None
[2026-08-12T04:35:53.998+0000] {processor.py:208} INFO - Processing /home/airflow/.local/lib/python3.12/site-packages/airflow/example_dags/example_external_task_marker_dag.py took 0.110 seconds
[2026-08-12T04:36:24.436+0000] {processor.py:186} INFO - Started process (PID=499) to work on /home/airflow/.local/lib/python3.12/site-packages/airflow/example_dags/example_external_task_marker_dag.py
[2026-08-12T04:36:24.439+0000] {processor.py:914} INFO - Processing file /home/airflow/.local/lib/python3.12/site-packages/airflow/example_dags/example_external_task_marker_dag.py for tasks to queue
[2026-08-12T04:36:24.443+0000] {logging_mixin.py:190} INFO - [2026-08-12T04:36:24.443+0000] {dagbag.py:587} INFO - Filling up the DagBag from /home/airflow/.local/lib/python3.12/site-packages/airflow/example_dags/example_external_task_marker_dag.py
[2026-08-12T04:36:24.454+0000] {processor.py:925} INFO - DAG(s) 'example_external_task_marker_parent', 'example_external_task_marker_child' retrieved from /home/airflow/.local/lib/python3.12/site-packages/airflow/example_dags/example_external_task_marker_dag.py
[2026-08-12T04:36:24.481+0000] {logging_mixin.py:190} INFO - [2026-08-12T04:36:24.480+0000] {dag.py:3211} INFO - Sync 2 DAGs
[2026-08-12T04:36:24.497+0000] {logging_mixin.py:190} INFO - [2026-08-12T04:36:24.497+0000] {dag.py:4138} INFO - Setting next_dagrun for example_external_task_marker_child to None, run_after=None
[2026-08-12T04:36:24.503+0000] {logging_mixin.py:190} INFO - [2026-08-12T04:36:24.503+0000] {dag.py:4138} INFO - Setting next_dagrun for example_external_task_marker_parent to None, run_after=None
[2026-08-12T04:36:24.530+0000] {processor.py:208} INFO - Processing /home/airflow/.local/lib/python3.12/site-packages/airflow/example_dags/example_external_task_marker_dag.py took 0.101 seconds
[2026-08-12T04:36:54.991+0000] {processor.py:186} INFO - Started process (PID=561) to work on /home/airflow/.local/lib/python3.12/site-packages/airflow/example_dags/example_external_task_marker_dag.py
[2026-08-12T04:36:54.994+0000] {processor.py:914} INFO - Processing file /home/airflow/.local/lib/python3.12/site-packages/airflow/example_dags/example_external_task_marker_dag.py for tasks to queue
[2026-08-12T04:36:55.000+0000] {logging_mixin.py:190} INFO - [2026-08-12T04:36:54.999+0000] {dagbag.py:587} INFO - Filling up the DagBag from /home/airflow/.local/lib/python3.12/site-packages/airflow/example_dags/example_external_task_marker_dag.py
[2026-08-12T04:36:55.013+0000] {processor.py:925} INFO - DAG(s) 'example_external_task_marker_child', 'example_external_task_marker_parent' retrieved from /home/airflow/.local/lib/python3.12/site-packages/airflow/example_dags/example_external_task_marker_dag.py
[2026-08-12T04:36:55.043+0000] {logging_mixin.py:190} INFO - [2026-08-12T04:36:55.043+0000] {dag.py:3211} INFO - Sync 2 DAGs
[2026-08-12T04:36:55.059+0000] {logging_mixin.py:190} INFO - [2026-08-12T04:36:55.059+0000] {dag.py:4138} INFO - Setting next_dagrun for example_external_task_marker_child to None, run_after=None
[2026-08-12T04:36:55.065+0000] {logging_mixin.py:190} INFO - [2026-08-12T04:36:55.064+0000] {dag.py:4138} INFO - Setting next_dagrun for example_external_task_marker_parent to None, run_after=None
[2026-08-12T04:36:55.090+0000] {processor.py:208} INFO - Processing /home/airflow/.local/lib/python3.12/site-packages/airflow/example_dags/example_external_task_marker_dag.py took 0.106 seconds
[2026-08-12T04:37:25.413+0000] {processor.py:186} INFO - Started process (PID=623) to work on /home/airflow/.local/lib/python3.12/site-packages/airflow/example_dags/example_external_task_marker_dag.py
[2026-08-12T04:37:25.415+0000] {processor.py:914} INFO - Processing file /home/airflow/.local/lib/python3.12/site-packages/airflow/example_dags/example_external_task_marker_dag.py for tasks to queue
[2026-08-12T04:37:25.420+0000] {logging_mixin.py:190} INFO - [2026-08-12T04:37:25.419+0000] {dagbag.py:587} INFO - Filling up the DagBag from /home/airflow/.local/lib/python3.12/site-packages/airflow/example_dags/example_external_task_marker_dag.py
[2026-08-12T04:37:25.432+0000] {processor.py:925} INFO - DAG(s) 'example_external_task_marker_parent', 'example_external_task_marker_child' retrieved from /home/airflow/.local/lib/python3.12/site-packages/airflow/example_dags/example_external_task_marker_dag.py
[2026-08-12T04:37:25.463+0000] {logging_mixin.py:190} INFO - [2026-08-12T04:37:25.462+0000] {dag.py:3211} INFO - Sync 2 DAGs
[2026-08-12T04:37:25.483+0000] {logging_mixin.py:190} INFO - [2026-08-12T04:37:25.482+0000] {dag.py:4138} INFO - Setting next_dagrun for example_external_task_marker_child to None, run_after=None
[2026-08-12T04:37:25.489+0000] {logging_mixin.py:190} INFO - [2026-08-12T04:37:25.489+0000] {dag.py:4138} INFO - Setting next_dagrun for example_external_task_marker_parent to None, run_after=None
[2026-08-12T04:37:25.517+0000] {processor.py:208} INFO - Processing /home/airflow/.local/lib/python3.12/site-packages/airflow/example_dags/example_external_task_marker_dag.py took 0.114 seconds
[2026-08-12T04:37:55.686+0000] {processor.py:186} INFO - Started process (PID=685) to work on /home/airflow/.local/lib/python3.12/site-packages/airflow/example_dags/example_external_task_marker_dag.py
[2026-08-12T04:37:55.688+0000] {processor.py:914} INFO - Processing file /home/airflow/.local/lib/python3.12/site-packages/airflow/example_dags/example_external_task_marker_dag.py for tasks to queue
[2026-08-12T04:37:55.693+0000] {logging_mixin.py:190} INFO - [2026-08-12T04:37:55.693+0000] {dagbag.py:587} INFO - Filling up the DagBag from /home/airflow/.local/lib/python3.12/site-packages/airflow/example_dags/example_external_task_marker_dag.py
[2026-08-12T04:37:55.704+0000] {processor.py:925} INFO - DAG(s) 'example_external_task_marker_parent', 'example_external_task_marker_child' retrieved from /home/airflow/.local/lib/python3.12/site-packages/airflow/example_dags/example_external_task_marker_dag.py
[2026-08-12T04:37:55.736+0000] {logging_mixin.py:190} INFO - [2026-08-12T04:37:55.736+0000] {dag.py:3211} INFO - Sync 2 DAGs
[2026-08-12T04:37:55.762+0000] {logging_mixin.py:190} INFO - [2026-08-12T04:37:55.762+0000] {dag.py:4138} INFO - Setting next_dagrun for example_external_task_marker_child to None, run_after=None
[2026-08-12T04:37:55.768+0000] {logging_mixin.py:190} INFO - [2026-08-12T04:37:55.768+0000] {dag.py:4138} INFO - Setting next_dagrun for example_external_task_marker_parent to None, run_after=None
[2026-08-12T04:37:55.787+0000] {processor.py:208} INFO - Processing /home/airflow/.local/lib/python3.12/site-packages/airflow/example_dags/example_external_task_marker_dag.py took 0.110 seconds
[2026-08-12T04:38:25.940+0000] {processor.py:186} INFO - Started process (PID=747) to work on /home/airflow/.local/lib/python3.12/site-packages/airflow/example_dags/example_external_task_marker_dag.py
[2026-08-12T04:38:25.942+0000] {processor.py:914} INFO - Processing file /home/airflow/.local/lib/python3.12/site-packages/airflow/example_dags/example_external_task_marker_dag.py for tasks to queue
[2026-08-12T04:38:25.947+0000] {logging_mixin.py:190} INFO - [2026-08-12T04:38:25.946+0000] {dagbag.py:587} INFO - Filling up the DagBag from /home/airflow/.local/lib/python3.12/site-packages/airflow/example_dags/example_external_task_marker_dag.py
[2026-08-12T04:38:25.957+0000] {processor.py:925} INFO - DAG(s) 'example_external_task_marker_child', 'example_external_task_marker_parent' retrieved from /home/airflow/.local/lib/python3.12/site-packages/airflow/example_dags/example_external_task_marker_dag.py
[2026-08-12T04:38:25.983+0000] {logging_mixin.py:190} INFO - [2026-08-12T04:38:25.983+0000] {dag.py:3211} INFO - Sync 2 DAGs
[2026-08-12T04:38:26.000+0000] {logging_mixin.py:190} INFO - [2026-08-12T04:38:26.000+0000] {dag.py:4138} INFO - Setting next_dagrun for example_external_task_marker_child to None, run_after=None
[2026-08-12T04:38:26.007+0000] {logging_mixin.py:190} INFO - [2026-08-12T04:38:26.007+0000] {dag.py:4138} INFO - Setting next_dagrun for example_external_task_marker_parent to None, run_after=None
[2026-08-12T04:38:26.027+0000] {processor.py:208} INFO - Processing /home/airflow/.local/lib/python3.12/site-packages/airflow/example_dags/example_external_task_marker_dag.py took 0.094 seconds
[2026-08-12T04:38:56.374+0000] {processor.py:186} INFO - Started process (PID=809) to work on /home/airflow/.local/lib/python3.12/site-packages/airflow/example_dags/example_external_task_marker_dag.py
[2026-08-12T04:38:56.377+0000] {processor.py:914} INFO - Processing file /home/airflow/.local/lib/python3.12/site-packages/airflow/example_dags/example_external_task_marker_dag.py for tasks to queue
[2026-08-12T04:38:56.383+0000] {logging_mixin.py:190} INFO - [2026-08-12T04:38:56.382+0000] {dagbag.py:587} INFO - Filling up the DagBag from /home/airflow/.local/lib/python3.12/site-packages/airflow/example_dags/example_external_task_marker_dag.py
[2026-08-12T04:38:56.394+0000] {processor.py:925} INFO - DAG(s) 'example_external_task_marker_child', 'example_external_task_marker_parent' retrieved from /home/airflow/.local/lib/python3.12/site-packages/airflow/example_dags/example_external_task_marker_dag.py
[2026-08-12T04:38:56.423+0000] {logging_mixin.py:190} INFO - [2026-08-12T04:38:56.423+0000] {dag.py:3211} INFO - Sync 2 DAGs
[2026-08-12T04:38:56.440+0000] {logging_mixin.py:190} INFO - [2026-08-12T04:38:56.439+0000] {dag.py:4138} INFO - Setting next_dagrun for example_external_task_marker_child to None, run_after=None
[2026-08-12T04:38:56.448+0000] {logging_mixin.py:190} INFO - [2026-08-12T04:38:56.448+0000] {dag.py:4138} INFO - Setting next_dagrun for example_external_task_marker_parent to None, run_after=None
[2026-08-12T04:38:56.473+0000] {processor.py:208} INFO - Processing /home/airflow/.local/lib/python3.12/site-packages/airflow/example_dags/example_external_task_marker_dag.py took 0.106 seconds
[2026-08-12T04:39:27.280+0000] {processor.py:186} INFO - Started process (PID=871) to work on /home/airflow/.local/lib/python3.12/site-packages/airflow/example_dags/example_external_task_marker_dag.py
[2026-08-12T04:39:27.283+0000] {processor.py:914} INFO - Processing file /home/airflow/.local/lib/python3.12/site-packages/airflow/example_dags/example_external_task_marker_dag.py for tasks to queue
[2026-08-12T04:39:27.287+0000] {logging_mixin.py:190} INFO - [2026-08-12T04:39:27.287+0000] {dagbag.py:587} INFO - Filling up the DagBag from /home/airflow/.local/lib/python3.12/site-packages/airflow/example_dags/example_external_task_marker_dag.py
[2026-08-12T04:39:27.298+0000] {processor.py:925} INFO - DAG(s) 'example_external_task_marker_child', 'example_external_task_marker_parent' retrieved from /home/airflow/.local/lib/python3.12/site-packages/airflow/example_dags/example_external_task_marker_dag.py
[2026-08-12T04:39:27.322+0000] {logging_mixin.py:190} INFO - [2026-08-12T04:39:27.322+0000] {dag.py:3211} INFO - Sync 2 DAGs
[2026-08-12T04:39:27.341+0000] {logging_mixin.py:190} INFO - [2026-08-12T04:39:27.340+0000] {dag.py:4138} INFO - Setting next_dagrun for example_external_task_marker_child to None, run_after=None
[2026-08-12T04:39:27.346+0000] {logging_mixin.py:190} INFO - [2026-08-12T04:39:27.346+0000] {dag.py:4138} INFO - Setting next_dagrun for example_external_task_marker_parent to None, run_after=None
[2026-08-12T04:39:27.369+0000] {processor.py:208} INFO - Processing /home/airflow/.local/lib/python3.12/site-packages/airflow/example_dags/example_external_task_marker_dag.py took 0.095 seconds
[2026-08-12T04:39:57.834+0000] {processor.py:186} INFO - Started process (PID=933) to work on /home/airflow/.local/lib/python3.12/site-packages/airflow/example_dags/example_external_task_marker_dag.py
[2026-08-12T04:39:57.836+0000] {processor.py:914} INFO - Processing file /home/airflow/.local/lib/python3.12/site-packages/airflow/example_dags/example_external_task_marker_dag.py for tasks to queue
[2026-08-12T04:39:57.841+0000] {logging_mixin.py:190} INFO - [2026-08-12T04:39:57.841+0000] {dagbag.py:587} INFO - Filling up the DagBag from /home/airflow/.local/lib/python3.12/site-packages/airflow/example_dags/example_external_task_marker_dag.py
[2026-08-12T04:39:57.854+0000] {processor.py:925} INFO - DAG(s) 'example_external_task_marker_parent', 'example_external_task_marker_child' retrieved from /home/airflow/.local/lib/python3.12/site-packages/airflow/example_dags/example_external_task_marker_dag.py
[2026-08-12T04:39:57.884+0000] {logging_mixin.py:190} INFO - [2026-08-12T04:39:57.883+0000] {dag.py:3211} INFO - Sync 2 DAGs
[2026-08-12T04:39:57.905+0000] {logging_mixin.py:190} INFO - [2026-08-12T04:39:57.905+0000] {dag.py:4138} INFO - Setting next_dagrun for example_external_task_marker_child to None, run_after=None
[2026-08-12T04:39:57.911+0000] {logging_mixin.py:190} INFO - [2026-08-12T04:39:57.911+0000] {dag.py:4138} INFO - Setting next_dagrun for example_external_task_marker_parent to None, run_after=None
[2026-08-12T04:39:57.934+0000] {processor.py:208} INFO - Processing /home/airflow/.local/lib/python3.12/site-packages/airflow/example_dags/example_external_task_marker_dag.py took 0.108 seconds
[2026-08-12T04:40:28.006+0000] {processor.py:186} INFO - Started process (PID=995) to work on /home/airflow/.local/lib/python3.12/site-packages/airflow/example_dags/example_external_task_marker_dag.py
[2026-08-12T04:40:28.009+0000] {processor.py:914} INFO - Processing file /home/airflow/.local/lib/python3.12/site-packages/airflow/example_dags/example_external_task_marker_dag.py for tasks to queue
[2026-08-12T04:40:28.013+0000] {logging_mixin.py:190} INFO - [2026-08-12T04:40:28.013+0000] {dagbag.py:587} INFO - Filling up the DagBag from /home/airflow/.local/lib/python3.12/site-packages/airflow/example_dags/example_external_task_marker_dag.py
[2026-08-12T04:40:28.022+0000] {processor.py:925} INFO - DAG(s) 'example_external_task_marker_child', 'example_external_task_marker_parent' retrieved from /home/airflow/.local/lib/python3.12/site-packages/airflow/example_dags/example_external_task_marker_dag.py
[2026-08-12T04:40:28.046+0000] {logging_mixin.py:190} INFO - [2026-08-12T04:40:28.046+0000] {dag.py:3211} INFO - Sync 2 DAGs
[2026-08-12T04:40:28.061+0000] {logging_mixin.py:190} INFO - [2026-08-12T04:40:28.061+0000] {dag.py:4138} INFO - Setting next_dagrun for example_external_task_marker_child to None, run_after=None
[2026-08-12T04:40:28.067+0000] {logging_mixin.py:190} INFO - [2026-08-12T04:40:28.067+0000] {dag.py:4138} INFO - Setting next_dagrun for example_external_task_marker_parent to None, run_after=None
[2026-08-12T04:40:28.086+0000] {processor.py:208} INFO - Processing /home/airflow/.local/lib/python3.12/site-packages/airflow/example_dags/example_external_task_marker_dag.py took 0.086 seconds
[2026-08-12T04:40:58.253+0000] {processor.py:186} INFO - Started process (PID=1057) to work on /home/airflow/.local/lib/python3.12/site-packages/airflow/example_dags/example_external_task_marker_dag.py
[2026-08-12T04:40:58.256+0000] {processor.py:914} INFO - Processing file /home/airflow/.local/lib/python3.12/site-packages/airflow/example_dags/example_external_task_marker_dag.py for tasks to queue
[2026-08-12T04:40:58.261+0000] {logging_mixin.py:190} INFO - [2026-08-12T04:40:58.261+0000] {dagbag.py:587} INFO - Filling up the DagBag from /home/airflow/.local/lib/python3.12/site-packages/airflow/example_dags/example_external_task_marker_dag.py
[2026-08-12T04:40:58.273+0000] {processor.py:925} INFO - DAG(s) 'example_external_task_marker_parent', 'example_external_task_marker_child' retrieved from /home/airflow/.local/lib/python3.12/site-packages/airflow/example_dags/example_external_task_marker_dag.py
[2026-08-12T04:40:58.299+0000] {logging_mixin.py:190} INFO - [2026-08-12T04:40:58.299+0000] {dag.py:3211} INFO - Sync 2 DAGs
[2026-08-12T04:40:58.316+0000] {logging_mixin.py:190} INFO - [2026-08-12T04:40:58.316+0000] {dag.py:4138} INFO - Setting next_dagrun for example_external_task_marker_child to None, run_after=None
[2026-08-12T04:40:58.322+0000] {logging_mixin.py:190} INFO - [2026-08-12T04:40:58.322+0000] {dag.py:4138} INFO - Setting next_dagrun for example_external_task_marker_parent to None, run_after=None
[2026-08-12T04:40:58.361+0000] {processor.py:208} INFO - Processing /home/airflow/.local/lib/python3.12/site-packages/airflow/example_dags/example_external_task_marker_dag.py took 0.116 seconds
[2026-08-12T04:41:28.849+0000] {processor.py:186} INFO - Started process (PID=1119) to work on /home/airflow/.local/lib/python3.12/site-packages/airflow/example_dags/example_external_task_marker_dag.py
[2026-08-12T04:41:28.852+0000] {processor.py:914} INFO - Processing file /home/airflow/.local/lib/python3.12/site-packages/airflow/example_dags/example_external_task_marker_dag.py for tasks to queue
[2026-08-12T04:41:28.858+0000] {logging_mixin.py:190} INFO - [2026-08-12T04:41:28.858+0000] {dagbag.py:587} INFO - Filling up the DagBag from /home/airflow/.local/lib/python3.12/site-packages/airflow/example_dags/example_external_task_marker_dag.py
[2026-08-12T04:41:28.871+0000] {processor.py:925} INFO - DAG(s) 'example_external_task_marker_child', 'example_external_task_marker_parent' retrieved from /home/airflow/.local/lib/python3.12/site-packages/airflow/example_dags/example_external_task_marker_dag.py
[2026-08-12T04:41:28.900+0000] {logging_mixin.py:190} INFO - [2026-08-12T04:41:28.900+0000] {dag.py:3211} INFO - Sync 2 DAGs
[2026-08-12T04:41:28.922+0000] {logging_mixin.py:190} INFO - [2026-08-12T04:41:28.922+0000] {dag.py:4138} INFO - Setting next_dagrun for example_external_task_marker_child to None, run_after=None
[2026-08-12T04:41:28.928+0000] {logging_mixin.py:190} INFO - [2026-08-12T04:41:28.928+0000] {dag.py:4138} INFO - Setting next_dagrun for example_external_task_marker_parent to None, run_after=None
[2026-08-12T04:41:28.946+0000] {processor.py:208} INFO - Processing /home/airflow/.local/lib/python3.12/site-packages/airflow/example_dags/example_external_task_marker_dag.py took 0.105 seconds
[2026-08-12T04:41:59.707+0000] {processor.py:186} INFO - Started process (PID=1181) to work on /home/airflow/.local/lib/python3.12/site-packages/airflow/example_dags/example_external_task_marker_dag.py
[2026-08-12T04:41:59.710+0000] {processor.py:914} INFO - Processing file /home/airflow/.local/lib/python3.12/site-packages/airflow/example_dags/example_external_task_marker_dag.py for tasks to queue
[2026-08-12T04:41:59.716+0000] {logging_mixin.py:190} INFO - [2026-08-12T04:41:59.716+0000] {dagbag.py:587} INFO - Filling up the DagBag from /home/airflow/.local/lib/python3.12/site-packages/airflow/example_dags/example_external_task_marker_dag.py
[2026-08-12T04:41:59.727+0000] {processor.py:925} INFO - DAG(s) 'example_external_task_marker_child', 'example_external_task_marker_parent' retrieved from /home/airflow/.local/lib/python3.12/site-packages/airflow/example_dags/example_external_task_marker_dag.py
[2026-08-12T04:41:59.756+0000] {logging_mixin.py:190} INFO - [2026-08-12T04:41:59.755+0000] {dag.py:3211} INFO - Sync 2 DAGs
[2026-08-12T04:41:59.773+0000] {logging_mixin.py:190} INFO - [2026-08-12T04:41:59.773+0000] {dag.py:4138} INFO - Setting next_dagrun for example_external_task_marker_child to None, run_after=None
[2026-08-12T04:41:59.780+0000] {logging_mixin.py:190} INFO - [2026-08-12T04:41:59.779+0000] {dag.py:4138} INFO - Setting next_dagrun for example_external_task_marker_parent to None, run_after=None
[2026-08-12T04:41:59.800+0000] {processor.py:208} INFO - Processing /home/airflow/.local/lib/python3.12/site-packages/airflow/example_dags/example_external_task_marker_dag.py took 0.101 seconds
[2026-08-12T04:42:30.267+0000] {processor.py:186} INFO - Started process (PID=1243) to work on /home/airflow/.local/lib/python3.12/site-packages/airflow/example_dags/example_external_task_marker_dag.py
[2026-08-12T04:42:30.269+0000] {processor.py:914} INFO - Processing file /home/airflow/.local/lib/python3.12/site-packages/airflow/example_dags/example_external_task_marker_dag.py for tasks to queue
[2026-08-12T04:42:30.275+0000] {logging_mixin.py:190} INFO - [2026-08-12T04:42:30.274+0000] {dagbag.py:587} INFO - Filling up the DagBag from /home/airflow/.local/lib/python3.12/site-packages/airflow/example_dags/example_external_task_marker_dag.py
[2026-08-12T04:42:30.286+0000] {processor.py:925} INFO - DAG(s) 'example_external_task_marker_child', 'example_external_task_marker_parent' retrieved from /home/airflow/.local/lib/python3.12/site-packages/airflow/example_dags/example_external_task_marker_dag.py
[2026-08-12T04:42:30.312+0000] {logging_mixin.py:190} INFO - [2026-08-12T04:42:30.312+0000] {dag.py:3211} INFO - Sync 2 DAGs
[2026-08-12T04:42:30.330+0000] {logging_mixin.py:190} INFO - [2026-08-12T04:42:30.329+0000] {dag.py:4138} INFO - Setting next_dagrun for example_external_task_marker_child to None, run_after=None
[2026-08-12T04:42:30.335+0000] {logging_mixin.py:190} INFO - [2026-08-12T04:42:30.335+0000] {dag.py:4138} INFO - Setting next_dagrun for example_external_task_marker_parent to None, run_after=None
[2026-08-12T04:42:30.361+0000] {processor.py:208} INFO - Processing /home/airflow/.local/lib/python3.12/site-packages/airflow/example_dags/example_external_task_marker_dag.py took 0.100 seconds
[2026-08-12T04:43:01.188+0000] {processor.py:186} INFO - Started process (PID=1305) to work on /home/airflow/.local/lib/python3.12/site-packages/airflow/example_dags/example_external_task_marker_dag.py
[2026-08-12T04:43:01.191+0000] {processor.py:914} INFO - Processing file /home/airflow/.local/lib/python3.12/site-packages/airflow/example_dags/example_external_task_marker_dag.py for tasks to queue
[2026-08-12T04:43:01.196+0000] {logging_mixin.py:190} INFO - [2026-08-12T04:43:01.195+0000] {dagbag.py:587} INFO - Filling up the DagBag from /home/airflow/.local/lib/python3.12/site-packages/airflow/example_dags/example_external_task_marker_dag.py
[2026-08-12T04:43:01.205+0000] {processor.py:925} INFO - DAG(s) 'example_external_task_marker_parent', 'example_external_task_marker_child' retrieved from /home/airflow/.local/lib/python3.12/site-packages/airflow/example_dags/example_external_task_marker_dag.py
[2026-08-12T04:43:01.235+0000] {logging_mixin.py:190} INFO - [2026-08-12T04:43:01.235+0000] {dag.py:3211} INFO - Sync 2 DAGs
[2026-08-12T04:43:01.256+0000] {logging_mixin.py:190} INFO - [2026-08-12T04:43:01.256+0000] {dag.py:4138} INFO - Setting next_dagrun for example_external_task_marker_child to None, run_after=None
[2026-08-12T04:43:01.262+0000] {logging_mixin.py:190} INFO - [2026-08-12T04:43:01.262+0000] {dag.py:4138} INFO - Setting next_dagrun for example_external_task_marker_parent to None, run_after=None
[2026-08-12T04:43:01.287+0000] {processor.py:208} INFO - Processing /home/airflow/.local/lib/python3.12/site-packages/airflow/example_dags/example_external_task_marker_dag.py took 0.106 seconds
[2026-08-12T04:43:32.118+0000] {processor.py:186} INFO - Started process (PID=1367) to work on /home/airflow/.local/lib/python3.12/site-packages/airflow/example_dags/example_external_task_marker_dag.py
[2026-08-12T04:43:32.122+0000] {processor.py:914} INFO - Processing file /home/airflow/.local/lib/python3.12/site-packages/airflow/example_dags/example_external_task_marker_dag.py for tasks to queue
[2026-08-12T04:43:32.129+0000] {logging_mixin.py:190} INFO - [2026-08-12T04:43:32.128+0000] {dagbag.py:587} INFO - Filling up the DagBag from /home/airflow/.local/lib/python3.12/site-packages/airflow/example_dags/example_external_task_marker_dag.py
[2026-08-12T04:43:32.144+0000] {processor.py:925} INFO - DAG(s) 'example_external_task_marker_child', 'example_external_task_marker_parent' retrieved from /home/airflow/.local/lib/python3.12/site-packages/airflow/example_dags/example_external_task_marker_dag.py
[2026-08-12T04:43:32.181+0000] {logging_mixin.py:190} INFO - [2026-08-12T04:43:32.180+0000] {dag.py:3211} INFO - Sync 2 DAGs
[2026-08-12T04:43:32.202+0000] {logging_mixin.py:190} INFO - [2026-08-12T04:43:32.201+0000] {dag.py:4138} INFO - Setting next_dagrun for example_external_task_marker_child to None, run_after=None
[2026-08-12T04:43:32.207+0000] {logging_mixin.py:190} INFO - [2026-08-12T04:43:32.207+0000] {dag.py:4138} INFO - Setting next_dagrun for example_external_task_marker_parent to None, run_after=None
[2026-08-12T04:43:32.236+0000] {processor.py:208} INFO - Processing /home/airflow/.local/lib/python3.12/site-packages/airflow/example_dags/example_external_task_marker_dag.py took 0.129 seconds
[2026-08-12T04:44:02.580+0000] {processor.py:186} INFO - Started process (PID=1429) to work on /home/airflow/.local/lib/python3.12/site-packages/airflow/example_dags/example_external_task_marker_dag.py
[2026-08-12T04:44:02.582+0000] {processor.py:914} INFO - Processing file /home/airflow/.local/lib/python3.12/site-packages/airflow/example_dags/example_external_task_marker_dag.py for tasks to queue
[2026-08-12T04:44:02.587+0000] {logging_mixin.py:190} INFO - [2026-08-12T04:44:02.586+0000] {dagbag.py:587} INFO - Filling up the DagBag from /home/airflow/.local/lib/python3.12/site-packages/airflow/example_dags/example_external_task_marker_dag.py
[2026-08-12T04:44:02.597+0000] {processor.py:925} INFO - DAG(s) 'example_external_task_marker_child', 'example_external_task_marker_parent' retrieved from /home/airflow/.local/lib/python3.12/site-packages/airflow/example_dags/example_external_task_marker_dag.py
[2026-08-12T04:44:02.625+0000] {logging_mixin.py:190} INFO - [2026-08-12T04:44:02.625+0000] {dag.py:3211} INFO - Sync 2 DAGs
[2026-08-12T04:44:02.641+0000] {logging_mixin.py:190} INFO - [2026-08-12T04:44:02.641+0000] {dag.py:4138} INFO - Setting next_dagrun for example_external_task_marker_child to None, run_after=None
[2026-08-12T04:44:02.646+0000] {logging_mixin.py:190} INFO - [2026-08-12T04:44:02.646+0000] {dag.py:4138} INFO - Setting next_dagrun for example_external_task_marker_parent to None, run_after=None
[2026-08-12T04:44:02.667+0000] {processor.py:208} INFO - Processing /home/airflow/.local/lib/python3.12/site-packages/airflow/example_dags/example_external_task_marker_dag.py took 0.093 seconds
[2026-08-12T04:44:33.186+0000] {processor.py:186} INFO - Started process (PID=1491) to work on /home/airflow/.local/lib/python3.12/site-packages/airflow/example_dags/example_external_task_marker_dag.py
[2026-08-12T04:44:33.189+0000] {processor.py:914} INFO - Processing file /home/airflow/.local/lib/python3.12/site-packages/airflow/example_dags/example_external_task_marker_dag.py for tasks to queue
[2026-08-12T04:44:33.194+0000] {logging_mixin.py:190} INFO - [2026-08-12T04:44:33.194+0000] {dagbag.py:587} INFO - Filling up the DagBag from /home/airflow/.local/lib/python3.12/site-packages/airflow/example_dags/example_external_task_marker_dag.py
[2026-08-12T04:44:33.206+0000] {processor.py:925} INFO - DAG(s) 'example_external_task_marker_parent', 'example_external_task_marker_child' retrieved from /home/airflow/.local/lib/python3.12/site-packages/airflow/example_dags/example_external_task_marker_dag.py
[2026-08-12T04:44:33.239+0000] {logging_mixin.py:190} INFO - [2026-08-12T04:44:33.239+0000] {dag.py:3211} INFO - Sync 2 DAGs
[2026-08-12T04:44:33.261+0000] {logging_mixin.py:190} INFO - [2026-08-12T04:44:33.261+0000] {dag.py:4138} INFO - Setting next_dagrun for example_external_task_marker_child to None, run_after=None
[2026-08-12T04:44:33.267+0000] {logging_mixin.py:190} INFO - [2026-08-12T04:44:33.267+0000] {dag.py:4138} INFO - Setting next_dagrun for example_external_task_marker_parent to None, run_after=None
[2026-08-12T04:44:33.294+0000] {processor.py:208} INFO - Processing /home/airflow/.local/lib/python3.12/site-packages/airflow/example_dags/example_external_task_marker_dag.py took 0.116 seconds
[2026-08-12T04:45:03.733+0000] {processor.py:186} INFO - Started process (PID=1553) to work on /home/airflow/.local/lib/python3.12/site-packages/airflow/example_dags/example_external_task_marker_dag.py
[2026-08-12T04:45:03.736+0000] {processor.py:914} INFO - Processing file /home/airflow/.local/lib/python3.12/site-packages/airflow/example_dags/example_external_task_marker_dag.py for tasks to queue
[2026-08-12T04:45:03.741+0000] {logging_mixin.py:190} INFO - [2026-08-12T04:45:03.740+0000] {dagbag.py:587} INFO - Filling up the DagBag from /home/airflow/.local/lib/python3.12/site-packages/airflow/example_dags/example_external_task_marker_dag.py
[2026-08-12T04:45:03.758+0000] {processor.py:925} INFO - DAG(s) 'example_external_task_marker_parent', 'example_external_task_marker_child' retrieved from /home/airflow/.local/lib/python3.12/site-packages/airflow/example_dags/example_external_task_marker_dag.py
[2026-08-12T04:45:03.789+0000] {logging_mixin.py:190} INFO - [2026-08-12T04:45:03.789+0000] {dag.py:3211} INFO - Sync 2 DAGs
[2026-08-12T04:45:03.809+0000] {logging_mixin.py:190} INFO - [2026-08-12T04:45:03.809+0000] {dag.py:4138} INFO - Setting next_dagrun for example_external_task_marker_child to None, run_after=None
[2026-08-12T04:45:03.816+0000] {logging_mixin.py:190} INFO - [2026-08-12T04:45:03.816+0000] {dag.py:4138} INFO - Setting next_dagrun for example_external_task_marker_parent to None, run_after=None
[2026-08-12T04:45:03.841+0000] {processor.py:208} INFO - Processing /home/airflow/.local/lib/python3.12/site-packages/airflow/example_dags/example_external_task_marker_dag.py took 0.117 seconds
[2026-08-12T04:45:34.635+0000] {processor.py:186} INFO - Started process (PID=1615) to work on /home/airflow/.local/lib/python3.12/site-packages/airflow/example_dags/example_external_task_marker_dag.py
[2026-08-12T04:45:34.637+0000] {processor.py:914} INFO - Processing file /home/airflow/.local/lib/python3.12/site-packages/airflow/example_dags/example_external_task_marker_dag.py for tasks to queue
[2026-08-12T04:45:34.643+0000] {logging_mixin.py:190} INFO - [2026-08-12T04:45:34.643+0000] {dagbag.py:587} INFO - Filling up the DagBag from /home/airflow/.local/lib/python3.12/site-packages/airflow/example_dags/example_external_task_marker_dag.py
[2026-08-12T04:45:34.656+0000] {processor.py:925} INFO - DAG(s) 'example_external_task_marker_child', 'example_external_task_marker_parent' retrieved from /home/airflow/.local/lib/python3.12/site-packages/airflow/example_dags/example_external_task_marker_dag.py
[2026-08-12T04:45:34.693+0000] {logging_mixin.py:190} INFO - [2026-08-12T04:45:34.693+0000] {dag.py:3211} INFO - Sync 2 DAGs
[2026-08-12T04:45:34.711+0000] {logging_mixin.py:190} INFO - [2026-08-12T04:45:34.711+0000] {dag.py:4138} INFO - Setting next_dagrun for example_external_task_marker_child to None, run_after=None
[2026-08-12T04:45:34.717+0000] {logging_mixin.py:190} INFO - [2026-08-12T04:45:34.716+0000] {dag.py:4138} INFO - Setting next_dagrun for example_external_task_marker_parent to None, run_after=None
[2026-08-12T04:45:34.737+0000] {processor.py:208} INFO - Processing /home/airflow/.local/lib/python3.12/site-packages/airflow/example_dags/example_external_task_marker_dag.py took 0.109 seconds
[2026-08-12T04:46:04.874+0000] {processor.py:186} INFO - Started process (PID=1677) to work on /home/airflow/.local/lib/python3.12/site-packages/airflow/example_dags/example_external_task_marker_dag.py
[2026-08-12T04:46:04.877+0000] {processor.py:914} INFO - Processing file /home/airflow/.local/lib/python3.12/site-packages/airflow/example_dags/example_external_task_marker_dag.py for tasks to queue
[2026-08-12T04:46:04.881+0000] {logging_mixin.py:190} INFO - [2026-08-12T04:46:04.881+0000] {dagbag.py:587} INFO - Filling up the DagBag from /home/airflow/.local/lib/python3.12/site-packages/airflow/example_dags/example_external_task_marker_dag.py
[2026-08-12T04:46:04.895+0000] {processor.py:925} INFO - DAG(s) 'example_external_task_marker_parent', 'example_external_task_marker_child' retrieved from /home/airflow/.local/lib/python3.12/site-packages/airflow/example_dags/example_external_task_marker_dag.py
[2026-08-12T04:46:04.926+0000] {logging_mixin.py:190} INFO - [2026-08-12T04:46:04.925+0000] {dag.py:3211} INFO - Sync 2 DAGs
[2026-08-12T04:46:04.942+0000] {logging_mixin.py:190} INFO - [2026-08-12T04:46:04.941+0000] {dag.py:4138} INFO - Setting next_dagrun for example_external_task_marker_child to None, run_after=None
[2026-08-12T04:46:04.947+0000] {logging_mixin.py:190} INFO - [2026-08-12T04:46:04.947+0000] {dag.py:4138} INFO - Setting next_dagrun for example_external_task_marker_parent to None, run_after=None
[2026-08-12T04:46:04.973+0000] {processor.py:208} INFO - Processing /home/airflow/.local/lib/python3.12/site-packages/airflow/example_dags/example_external_task_marker_dag.py took 0.105 seconds
[2026-08-12T04:46:35.361+0000] {processor.py:186} INFO - Started process (PID=1739) to work on /home/airflow/.local/lib/python3.12/site-packages/airflow/example_dags/example_external_task_marker_dag.py
[2026-08-12T04:46:35.364+0000] {processor.py:914} INFO - Processing file /home/airflow/.local/lib/python3.12/site-packages/airflow/example_dags/example_external_task_marker_dag.py for tasks to queue
[2026-08-12T04:46:35.371+0000] {logging_mixin.py:190} INFO - [2026-08-12T04:46:35.370+0000] {dagbag.py:587} INFO - Filling up the DagBag from /home/airflow/.local/lib/python3.12/site-packages/airflow/example_dags/example_external_task_marker_dag.py
[2026-08-12T04:46:35.385+0000] {processor.py:925} INFO - DAG(s) 'example_external_task_marker_child', 'example_external_task_marker_parent' retrieved from /home/airflow/.local/lib/python3.12/site-packages/airflow/example_dags/example_external_task_marker_dag.py
[2026-08-12T04:46:35.416+0000] {logging_mixin.py:190} INFO - [2026-08-12T04:46:35.415+0000] {dag.py:3211} INFO - Sync 2 DAGs
[2026-08-12T04:46:35.435+0000] {logging_mixin.py:190} INFO - [2026-08-12T04:46:35.435+0000] {dag.py:4138} INFO - Setting next_dagrun for example_external_task_marker_child to None, run_after=None
[2026-08-12T04:46:35.441+0000] {logging_mixin.py:190} INFO - [2026-08-12T04:46:35.441+0000] {dag.py:4138} INFO - Setting next_dagrun for example_external_task_marker_parent to None, run_after=None
[2026-08-12T04:46:35.462+0000] {processor.py:208} INFO - Processing /home/airflow/.local/lib/python3.12/site-packages/airflow/example_dags/example_external_task_marker_dag.py took 0.112 seconds
[2026-08-12T04:47:06.032+0000] {processor.py:186} INFO - Started process (PID=1802) to work on /home/airflow/.local/lib/python3.12/site-packages/airflow/example_dags/example_external_task_marker_dag.py
[2026-08-12T04:47:06.034+0000] {processor.py:914} INFO - Processing file /home/airflow/.local/lib/python3.12/site-packages/airflow/example_dags/example_external_task_marker_dag.py for tasks to queue
[2026-08-12T04:47:06.040+0000] {logging_mixin.py:190} INFO - [2026-08-12T04:47:06.039+0000] {dagbag.py:587} INFO - Filling up the DagBag from /home/airflow/.local/lib/python3.12/site-packages/airflow/example_dags/example_external_task_marker_dag.py
[2026-08-12T04:47:06.051+0000] {processor.py:925} INFO - DAG(s) 'example_external_task_marker_child', 'example_external_task_marker_parent' retrieved from /home/airflow/.local/lib/python3.12/site-packages/airflow/example_dags/example_external_task_marker_dag.py
[2026-08-12T04:47:06.076+0000] {logging_mixin.py:190} INFO - [2026-08-12T04:47:06.076+0000] {dag.py:3211} INFO - Sync 2 DAGs
[2026-08-12T04:47:06.092+0000] {logging_mixin.py:190} INFO - [2026-08-12T04:47:06.092+0000] {dag.py:4138} INFO - Setting next_dagrun for example_external_task_marker_child to None, run_after=None
[2026-08-12T04:47:06.097+0000] {logging_mixin.py:190} INFO - [2026-08-12T04:47:06.097+0000] {dag.py:4138} INFO - Setting next_dagrun for example_external_task_marker_parent to None, run_after=None
[2026-08-12T04:47:06.115+0000] {processor.py:208} INFO - Processing /home/airflow/.local/lib/python3.12/site-packages/airflow/example_dags/example_external_task_marker_dag.py took 0.089 seconds
[2026-08-12T04:47:36.699+0000] {processor.py:186} INFO - Started process (PID=1864) to work on /home/airflow/.local/lib/python3.12/site-packages/airflow/example_dags/example_external_task_marker_dag.py
[2026-08-12T04:47:36.701+0000] {processor.py:914} INFO - Processing file /home/airflow/.local/lib/python3.12/site-packages/airflow/example_dags/example_external_task_marker_dag.py for tasks to queue
[2026-08-12T04:47:36.705+0000] {logging_mixin.py:190} INFO - [2026-08-12T04:47:36.705+0000] {dagbag.py:587} INFO - Filling up the DagBag from /home/airflow/.local/lib/python3.12/site-packages/airflow/example_dags/example_external_task_marker_dag.py
[2026-08-12T04:47:36.715+0000] {processor.py:925} INFO - DAG(s) 'example_external_task_marker_parent', 'example_external_task_marker_child' retrieved from /home/airflow/.local/lib/python3.12/site-packages/airflow/example_dags/example_external_task_marker_dag.py
[2026-08-12T04:47:36.742+0000] {logging_mixin.py:190} INFO - [2026-08-12T04:47:36.742+0000] {dag.py:3211} INFO - Sync 2 DAGs
[2026-08-12T04:47:36.760+0000] {logging_mixin.py:190} INFO - [2026-08-12T04:47:36.760+0000] {dag.py:4138} INFO - Setting next_dagrun for example_external_task_marker_child to None, run_after=None
[2026-08-12T04:47:36.767+0000] {logging_mixin.py:190} INFO - [2026-08-12T04:47:36.767+0000] {dag.py:4138} INFO - Setting next_dagrun for example_external_task_marker_parent to None, run_after=None
[2026-08-12T04:47:36.790+0000] {processor.py:208} INFO - Processing /home/airflow/.local/lib/python3.12/site-packages/airflow/example_dags/example_external_task_marker_dag.py took 0.098 seconds
[2026-08-12T04:48:07.448+0000] {processor.py:186} INFO - Started process (PID=1926) to work on /home/airflow/.local/lib/python3.12/site-packages/airflow/example_dags/example_external_task_marker_dag.py
[2026-08-12T04:48:07.451+0000] {processor.py:914} INFO - Processing file /home/airflow/.local/lib/python3.12/site-packages/airflow/example_dags/example_external_task_marker_dag.py for tasks to queue
[2026-08-12T04:48:07.456+0000] {logging_mixin.py:190} INFO - [2026-08-12T04:48:07.455+0000] {dagbag.py:587} INFO - Filling up the DagBag from /home/airflow/.local/lib/python3.12/site-packages/airflow/example_dags/example_external_task_marker_dag.py
[2026-08-12T04:48:07.468+0000] {processor.py:925} INFO - DAG(s) 'example_external_task_marker_parent', 'example_external_task_marker_child' retrieved from /home/airflow/.local/lib/python3.12/site-packages/airflow/example_dags/example_external_task_marker_dag.py
[2026-08-12T04:48:07.495+0000] {logging_mixin.py:190} INFO - [2026-08-12T04:48:07.494+0000] {dag.py:3211} INFO - Sync 2 DAGs
[2026-08-12T04:48:07.511+0000] {logging_mixin.py:190} INFO - [2026-08-12T04:48:07.511+0000] {dag.py:4138} INFO - Setting next_dagrun for example_external_task_marker_child to None, run_after=None
[2026-08-12T04:48:07.517+0000] {logging_mixin.py:190} INFO - [2026-08-12T04:48:07.517+0000] {dag.py:4138} INFO - Setting next_dagrun for example_external_task_marker_parent to None, run_after=None
[2026-08-12T04:48:07.539+0000] {processor.py:208} INFO - Processing /home/airflow/.local/lib/python3.12/site-packages/airflow/example_dags/example_external_task_marker_dag.py took 0.098 seconds
[2026-08-12T04:48:37.736+0000] {processor.py:186} INFO - Started process (PID=1988) to work on /home/airflow/.local/lib/python3.12/site-packages/airflow/example_dags/example_external_task_marker_dag.py
[2026-08-12T04:48:37.739+0000] {processor.py:914} INFO - Processing file /home/airflow/.local/lib/python3.12/site-packages/airflow/example_dags/example_external_task_marker_dag.py for tasks to queue
[2026-08-12T04:48:37.746+0000] {logging_mixin.py:190} INFO - [2026-08-12T04:48:37.746+0000] {dagbag.py:587} INFO - Filling up the DagBag from /home/airflow/.local/lib/python3.12/site-packages/airflow/example_dags/example_external_task_marker_dag.py
[2026-08-12T04:48:37.762+0000] {processor.py:925} INFO - DAG(s) 'example_external_task_marker_child', 'example_external_task_marker_parent' retrieved from /home/airflow/.local/lib/python3.12/site-packages/airflow/example_dags/example_external_task_marker_dag.py
[2026-08-12T04:48:37.794+0000] {logging_mixin.py:190} INFO - [2026-08-12T04:48:37.793+0000] {dag.py:3211} INFO - Sync 2 DAGs
[2026-08-12T04:48:37.811+0000] {logging_mixin.py:190} INFO - [2026-08-12T04:48:37.810+0000] {dag.py:4138} INFO - Setting next_dagrun for example_external_task_marker_child to None, run_after=None
[2026-08-12T04:48:37.816+0000] {logging_mixin.py:190} INFO - [2026-08-12T04:48:37.816+0000] {dag.py:4138} INFO - Setting next_dagrun for example_external_task_marker_parent to None, run_after=None
[2026-08-12T04:48:37.841+0000] {processor.py:208} INFO - Processing /home/airflow/.local/lib/python3.12/site-packages/airflow/example_dags/example_external_task_marker_dag.py took 0.111 seconds
[2026-08-12T04:49:08.769+0000] {processor.py:186} INFO - Started process (PID=2050) to work on /home/airflow/.local/lib/python3.12/site-packages/airflow/example_dags/example_external_task_marker_dag.py
[2026-08-12T04:49:08.771+0000] {processor.py:914} INFO - Processing file /home/airflow/.local/lib/python3.12/site-packages/airflow/example_dags/example_external_task_marker_dag.py for tasks to queue
[2026-08-12T04:49:08.775+0000] {logging_mixin.py:190} INFO - [2026-08-12T04:49:08.775+0000] {dagbag.py:587} INFO - Filling up the DagBag from /home/airflow/.local/lib/python3.12/site-packages/airflow/example_dags/example_external_task_marker_dag.py
[2026-08-12T04:49:08.789+0000] {processor.py:925} INFO - DAG(s) 'example_external_task_marker_child', 'example_external_task_marker_parent' retrieved from /home/airflow/.local/lib/python3.12/site-packages/airflow/example_dags/example_external_task_marker_dag.py
[2026-08-12T04:49:08.819+0000] {logging_mixin.py:190} INFO - [2026-08-12T04:49:08.818+0000] {dag.py:3211} INFO - Sync 2 DAGs
[2026-08-12T04:49:08.837+0000] {logging_mixin.py:190} INFO - [2026-08-12T04:49:08.836+0000] {dag.py:4138} INFO - Setting next_dagrun for example_external_task_marker_child to None, run_after=None
[2026-08-12T04:49:08.843+0000] {logging_mixin.py:190} INFO - [2026-08-12T04:49:08.843+0000] {dag.py:4138} INFO - Setting next_dagrun for example_external_task_marker_parent to None, run_after=None
[2026-08-12T04:49:08.869+0000] {processor.py:208} INFO - Processing /home/airflow/.local/lib/python3.12/site-packages/airflow/example_dags/example_external_task_marker_dag.py took 0.108 seconds
[2026-08-12T04:49:39.474+0000] {processor.py:186} INFO - Started process (PID=2112) to work on /home/airflow/.local/lib/python3.12/site-packages/airflow/example_dags/example_external_task_marker_dag.py
[2026-08-12T04:49:39.475+0000] {processor.py:914} INFO - Processing file /home/airflow/.local/lib/python3.12/site-packages/airflow/example_dags/example_external_task_marker_dag.py for tasks to queue
[2026-08-12T04:49:39.479+0000] {logging_mixin.py:190} INFO - [2026-08-12T04:49:39.479+0000] {dagbag.py:587} INFO - Filling up the DagBag from /home/airflow/.local/lib/python3.12/site-packages/airflow/example_dags/example_external_task_marker_dag.py
[2026-08-12T04:49:39.492+0000] {processor.py:925} INFO - DAG(s) 'example_external_task_marker_parent', 'example_external_task_marker_child' retrieved from /home/airflow/.local/lib/python3.12/site-packages/airflow/example_dags/example_external_task_marker_dag.py
[2026-08-12T04:49:39.519+0000] {logging_mixin.py:190} INFO - [2026-08-12T04:49:39.518+0000] {dag.py:3211} INFO - Sync 2 DAGs
[2026-08-12T04:49:39.534+0000] {logging_mixin.py:190} INFO - [2026-08-12T04:49:39.534+0000] {dag.py:4138} INFO - Setting next_dagrun for example_external_task_marker_child to None, run_after=None
[2026-08-12T04:49:39.540+0000] {logging_mixin.py:190} INFO - [2026-08-12T04:49:39.539+0000] {dag.py:4138} INFO - Setting next_dagrun for example_external_task_marker_parent to None, run_after=None
[2026-08-12T04:49:39.558+0000] {processor.py:208} INFO - Processing /home/airflow/.local/lib/python3.12/site-packages/airflow/example_dags/example_external_task_marker_dag.py took 0.091 seconds
[2026-08-12T04:50:10.246+0000] {processor.py:186} INFO - Started process (PID=2174) to work on /home/airflow/.local/lib/python3.12/site-packages/airflow/example_dags/example_external_task_marker_dag.py
[2026-08-12T04:50:10.249+0000] {processor.py:914} INFO - Processing file /home/airflow/.local/lib/python3.12/site-packages/airflow/example_dags/example_external_task_marker_dag.py for tasks to queue
[2026-08-12T04:50:10.253+0000] {logging_mixin.py:190} INFO - [2026-08-12T04:50:10.252+0000] {dagbag.py:587} INFO - Filling up the DagBag from /home/airflow/.local/lib/python3.12/site-packages/airflow/example_dags/example_external_task_marker_dag.py
[2026-08-12T04:50:10.264+0000] {processor.py:925} INFO - DAG(s) 'example_external_task_marker_parent', 'example_external_task_marker_child' retrieved from /home/airflow/.local/lib/python3.12/site-packages/airflow/example_dags/example_external_task_marker_dag.py
[2026-08-12T04:50:10.287+0000] {logging_mixin.py:190} INFO - [2026-08-12T04:50:10.287+0000] {dag.py:3211} INFO - Sync 2 DAGs
[2026-08-12T04:50:10.303+0000] {logging_mixin.py:190} INFO - [2026-08-12T04:50:10.302+0000] {dag.py:4138} INFO - Setting next_dagrun for example_external_task_marker_child to None, run_after=None
[2026-08-12T04:50:10.308+0000] {logging_mixin.py:190} INFO - [2026-08-12T04:50:10.308+0000] {dag.py:4138} INFO - Setting next_dagrun for example_external_task_marker_parent to None, run_after=None
[2026-08-12T04:50:10.332+0000] {processor.py:208} INFO - Processing /home/airflow/.local/lib/python3.12/site-packages/airflow/example_dags/example_external_task_marker_dag.py took 0.094 seconds
[2026-08-12T04:50:41.016+0000] {processor.py:186} INFO - Started process (PID=2236) to work on /home/airflow/.local/lib/python3.12/site-packages/airflow/example_dags/example_external_task_marker_dag.py
[2026-08-12T04:50:41.018+0000] {processor.py:914} INFO - Processing file /home/airflow/.local/lib/python3.12/site-packages/airflow/example_dags/example_external_task_marker_dag.py for tasks to queue
[2026-08-12T04:50:41.023+0000] {logging_mixin.py:190} INFO - [2026-08-12T04:50:41.022+0000] {dagbag.py:587} INFO - Filling up the DagBag from /home/airflow/.local/lib/python3.12/site-packages/airflow/example_dags/example_external_task_marker_dag.py
[2026-08-12T04:50:41.035+0000] {processor.py:925} INFO - DAG(s) 'example_external_task_marker_parent', 'example_external_task_marker_child' retrieved from /home/airflow/.local/lib/python3.12/site-packages/airflow/example_dags/example_external_task_marker_dag.py
[2026-08-12T04:50:41.061+0000] {logging_mixin.py:190} INFO - [2026-08-12T04:50:41.061+0000] {dag.py:3211} INFO - Sync 2 DAGs
[2026-08-12T04:50:41.079+0000] {logging_mixin.py:190} INFO - [2026-08-12T04:50:41.079+0000] {dag.py:4138} INFO - Setting next_dagrun for example_external_task_marker_child to None, run_after=None
[2026-08-12T04:50:41.084+0000] {logging_mixin.py:190} INFO - [2026-08-12T04:50:41.084+0000] {dag.py:4138} INFO - Setting next_dagrun for example_external_task_marker_parent to None, run_after=None
[2026-08-12T04:50:41.108+0000] {processor.py:208} INFO - Processing /home/airflow/.local/lib/python3.12/site-packages/airflow/example_dags/example_external_task_marker_dag.py took 0.098 seconds
[2026-08-12T04:51:11.878+0000] {processor.py:186} INFO - Started process (PID=2298) to work on /home/airflow/.local/lib/python3.12/site-packages/airflow/example_dags/example_external_task_marker_dag.py
[2026-08-12T04:51:11.880+0000] {processor.py:914} INFO - Processing file /home/airflow/.local/lib/python3.12/site-packages/airflow/example_dags/example_external_task_marker_dag.py for tasks to queue
[2026-08-12T04:51:11.884+0000] {logging_mixin.py:190} INFO - [2026-08-12T04:51:11.884+0000] {dagbag.py:587} INFO - Filling up the DagBag from /home/airflow/.local/lib/python3.12/site-packages/airflow/example_dags/example_external_task_marker_dag.py
[2026-08-12T04:51:11.893+0000] {processor.py:925} INFO - DAG(s) 'example_external_task_marker_parent', 'example_external_task_marker_child' retrieved from /home/airflow/.local/lib/python3.12/site-packages/airflow/example_dags/example_external_task_marker_dag.py
[2026-08-12T04:51:11.916+0000] {logging_mixin.py:190} INFO - [2026-08-12T04:51:11.916+0000] {dag.py:3211} INFO - Sync 2 DAGs
[2026-08-12T04:51:11.933+0000] {logging_mixin.py:190} INFO - [2026-08-12T04:51:11.933+0000] {dag.py:4138} INFO - Setting next_dagrun for example_external_task_marker_child to None, run_after=None
[2026-08-12T04:51:11.939+0000] {logging_mixin.py:190} INFO - [2026-08-12T04:51:11.939+0000] {dag.py:4138} INFO - Setting next_dagrun for example_external_task_marker_parent to None, run_after=None
[2026-08-12T04:51:11.962+0000] {processor.py:208} INFO - Processing /home/airflow/.local/lib/python3.12/site-packages/airflow/example_dags/example_external_task_marker_dag.py took 0.091 seconds
[2026-08-12T04:51:42.220+0000] {processor.py:186} INFO - Started process (PID=2360) to work on /home/airflow/.local/lib/python3.12/site-packages/airflow/example_dags/example_external_task_marker_dag.py
[2026-08-12T04:51:42.222+0000] {processor.py:914} INFO - Processing file /home/airflow/.local/lib/python3.12/site-packages/airflow/example_dags/example_external_task_marker_dag.py for tasks to queue
[2026-08-12T04:51:42.227+0000] {logging_mixin.py:190} INFO - [2026-08-12T04:51:42.226+0000] {dagbag.py:587} INFO - Filling up the DagBag from /home/airflow/.local/lib/python3.12/site-packages/airflow/example_dags/example_external_task_marker_dag.py
[2026-08-12T04:51:42.238+0000] {processor.py:925} INFO - DAG(s) 'example_external_task_marker_child', 'example_external_task_marker_parent' retrieved from /home/airflow/.local/lib/python3.12/site-packages/airflow/example_dags/example_external_task_marker_dag.py
[2026-08-12T04:51:42.264+0000] {logging_mixin.py:190} INFO - [2026-08-12T04:51:42.263+0000] {dag.py:3211} INFO - Sync 2 DAGs
[2026-08-12T04:51:42.279+0000] {logging_mixin.py:190} INFO - [2026-08-12T04:51:42.278+0000] {dag.py:4138} INFO - Setting next_dagrun for example_external_task_marker_child to None, run_after=None
[2026-08-12T04:51:42.284+0000] {logging_mixin.py:190} INFO - [2026-08-12T04:51:42.284+0000] {dag.py:4138} INFO - Setting next_dagrun for example_external_task_marker_parent to None, run_after=None
[2026-08-12T04:51:42.308+0000] {processor.py:208} INFO - Processing /home/airflow/.local/lib/python3.12/site-packages/airflow/example_dags/example_external_task_marker_dag.py took 0.096 seconds
[2026-08-12T04:52:12.504+0000] {processor.py:186} INFO - Started process (PID=2422) to work on /home/airflow/.local/lib/python3.12/site-packages/airflow/example_dags/example_external_task_marker_dag.py
[2026-08-12T04:52:12.508+0000] {processor.py:914} INFO - Processing file /home/airflow/.local/lib/python3.12/site-packages/airflow/example_dags/example_external_task_marker_dag.py for tasks to queue
[2026-08-12T04:52:12.512+0000] {logging_mixin.py:190} INFO - [2026-08-12T04:52:12.511+0000] {dagbag.py:587} INFO - Filling up the DagBag from /home/airflow/.local/lib/python3.12/site-packages/airflow/example_dags/example_external_task_marker_dag.py
[2026-08-12T04:52:12.525+0000] {processor.py:925} INFO - DAG(s) 'example_external_task_marker_parent', 'example_external_task_marker_child' retrieved from /home/airflow/.local/lib/python3.12/site-packages/airflow/example_dags/example_external_task_marker_dag.py
[2026-08-12T04:52:12.555+0000] {logging_mixin.py:190} INFO - [2026-08-12T04:52:12.554+0000] {dag.py:3211} INFO - Sync 2 DAGs
[2026-08-12T04:52:12.571+0000] {logging_mixin.py:190} INFO - [2026-08-12T04:52:12.571+0000] {dag.py:4138} INFO - Setting next_dagrun for example_external_task_marker_child to None, run_after=None
[2026-08-12T04:52:12.577+0000] {logging_mixin.py:190} INFO - [2026-08-12T04:52:12.577+0000] {dag.py:4138} INFO - Setting next_dagrun for example_external_task_marker_parent to None, run_after=None
[2026-08-12T04:52:12.597+0000] {processor.py:208} INFO - Processing /home/airflow/.local/lib/python3.12/site-packages/airflow/example_dags/example_external_task_marker_dag.py took 0.100 seconds
[2026-08-12T04:52:43.115+0000] {processor.py:186} INFO - Started process (PID=2484) to work on /home/airflow/.local/lib/python3.12/site-packages/airflow/example_dags/example_external_task_marker_dag.py
[2026-08-12T04:52:43.117+0000] {processor.py:914} INFO - Processing file /home/airflow/.local/lib/python3.12/site-packages/airflow/example_dags/example_external_task_marker_dag.py for tasks to queue
[2026-08-12T04:52:43.121+0000] {logging_mixin.py:190} INFO - [2026-08-12T04:52:43.121+0000] {dagbag.py:587} INFO - Filling up the DagBag from /home/airflow/.local/lib/python3.12/site-packages/airflow/example_dags/example_external_task_marker_dag.py
[2026-08-12T04:52:43.135+0000] {processor.py:925} INFO - DAG(s) 'example_external_task_marker_parent', 'example_external_task_marker_child' retrieved from /home/airflow/.local/lib/python3.12/site-packages/airflow/example_dags/example_external_task_marker_dag.py
[2026-08-12T04:52:43.167+0000] {logging_mixin.py:190} INFO - [2026-08-12T04:52:43.167+0000] {dag.py:3211} INFO - Sync 2 DAGs
[2026-08-12T04:52:43.183+0000] {logging_mixin.py:190} INFO - [2026-08-12T04:52:43.183+0000] {dag.py:4138} INFO - Setting next_dagrun for example_external_task_marker_child to None, run_after=None
[2026-08-12T04:52:43.190+0000] {logging_mixin.py:190} INFO - [2026-08-12T04:52:43.189+0000] {dag.py:4138} INFO - Setting next_dagrun for example_external_task_marker_parent to None, run_after=None
[2026-08-12T04:52:43.210+0000] {processor.py:208} INFO - Processing /home/airflow/.local/lib/python3.12/site-packages/airflow/example_dags/example_external_task_marker_dag.py took 0.103 seconds
[2026-08-12T04:53:13.683+0000] {processor.py:186} INFO - Started process (PID=2548) to work on /home/airflow/.local/lib/python3.12/site-packages/airflow/example_dags/example_external_task_marker_dag.py
[2026-08-12T04:53:13.686+0000] {processor.py:914} INFO - Processing file /home/airflow/.local/lib/python3.12/site-packages/airflow/example_dags/example_external_task_marker_dag.py for tasks to queue
[2026-08-12T04:53:13.693+0000] {logging_mixin.py:190} INFO - [2026-08-12T04:53:13.692+0000] {dagbag.py:587} INFO - Filling up the DagBag from /home/airflow/.local/lib/python3.12/site-packages/airflow/example_dags/example_external_task_marker_dag.py
[2026-08-12T04:53:13.710+0000] {processor.py:925} INFO - DAG(s) 'example_external_task_marker_parent', 'example_external_task_marker_child' retrieved from /home/airflow/.local/lib/python3.12/site-packages/airflow/example_dags/example_external_task_marker_dag.py
[2026-08-12T04:53:13.758+0000] {logging_mixin.py:190} INFO - [2026-08-12T04:53:13.757+0000] {dag.py:3211} INFO - Sync 2 DAGs
[2026-08-12T04:53:13.788+0000] {logging_mixin.py:190} INFO - [2026-08-12T04:53:13.787+0000] {dag.py:4138} INFO - Setting next_dagrun for example_external_task_marker_child to None, run_after=None
[2026-08-12T04:53:13.795+0000] {logging_mixin.py:190} INFO - [2026-08-12T04:53:13.794+0000] {dag.py:4138} INFO - Setting next_dagrun for example_external_task_marker_parent to None, run_after=None
[2026-08-12T04:53:13.829+0000] {processor.py:208} INFO - Processing /home/airflow/.local/lib/python3.12/site-packages/airflow/example_dags/example_external_task_marker_dag.py took 0.154 seconds
[2026-08-12T04:53:44.210+0000] {processor.py:186} INFO - Started process (PID=2611) to work on /home/airflow/.local/lib/python3.12/site-packages/airflow/example_dags/example_external_task_marker_dag.py
[2026-08-12T04:53:44.213+0000] {processor.py:914} INFO - Processing file /home/airflow/.local/lib/python3.12/site-packages/airflow/example_dags/example_external_task_marker_dag.py for tasks to queue
[2026-08-12T04:53:44.218+0000] {logging_mixin.py:190} INFO - [2026-08-12T04:53:44.217+0000] {dagbag.py:587} INFO - Filling up the DagBag from /home/airflow/.local/lib/python3.12/site-packages/airflow/example_dags/example_external_task_marker_dag.py
[2026-08-12T04:53:44.229+0000] {processor.py:925} INFO - DAG(s) 'example_external_task_marker_child', 'example_external_task_marker_parent' retrieved from /home/airflow/.local/lib/python3.12/site-packages/airflow/example_dags/example_external_task_marker_dag.py
[2026-08-12T04:53:44.255+0000] {logging_mixin.py:190} INFO - [2026-08-12T04:53:44.255+0000] {dag.py:3211} INFO - Sync 2 DAGs
[2026-08-12T04:53:44.273+0000] {logging_mixin.py:190} INFO - [2026-08-12T04:53:44.272+0000] {dag.py:4138} INFO - Setting next_dagrun for example_external_task_marker_child to None, run_after=None
[2026-08-12T04:53:44.279+0000] {logging_mixin.py:190} INFO - [2026-08-12T04:53:44.278+0000] {dag.py:4138} INFO - Setting next_dagrun for example_external_task_marker_parent to None, run_after=None
[2026-08-12T04:53:44.299+0000] {processor.py:208} INFO - Processing /home/airflow/.local/lib/python3.12/site-packages/airflow/example_dags/example_external_task_marker_dag.py took 0.095 seconds
[2026-08-12T04:54:14.470+0000] {processor.py:186} INFO - Started process (PID=2674) to work on /home/airflow/.local/lib/python3.12/site-packages/airflow/example_dags/example_external_task_marker_dag.py
[2026-08-12T04:54:14.472+0000] {processor.py:914} INFO - Processing file /home/airflow/.local/lib/python3.12/site-packages/airflow/example_dags/example_external_task_marker_dag.py for tasks to queue
[2026-08-12T04:54:14.477+0000] {logging_mixin.py:190} INFO - [2026-08-12T04:54:14.476+0000] {dagbag.py:587} INFO - Filling up the DagBag from /home/airflow/.local/lib/python3.12/site-packages/airflow/example_dags/example_external_task_marker_dag.py
[2026-08-12T04:54:14.488+0000] {processor.py:925} INFO - DAG(s) 'example_external_task_marker_parent', 'example_external_task_marker_child' retrieved from /home/airflow/.local/lib/python3.12/site-packages/airflow/example_dags/example_external_task_marker_dag.py
[2026-08-12T04:54:14.515+0000] {logging_mixin.py:190} INFO - [2026-08-12T04:54:14.515+0000] {dag.py:3211} INFO - Sync 2 DAGs
[2026-08-12T04:54:14.533+0000] {logging_mixin.py:190} INFO - [2026-08-12T04:54:14.533+0000] {dag.py:4138} INFO - Setting next_dagrun for example_external_task_marker_child to None, run_after=None
[2026-08-12T04:54:14.538+0000] {logging_mixin.py:190} INFO - [2026-08-12T04:54:14.538+0000] {dag.py:4138} INFO - Setting next_dagrun for example_external_task_marker_parent to None, run_after=None
[2026-08-12T04:54:14.563+0000] {processor.py:208} INFO - Processing /home/airflow/.local/lib/python3.12/site-packages/airflow/example_dags/example_external_task_marker_dag.py took 0.100 seconds
[2026-08-12T04:54:44.993+0000] {processor.py:186} INFO - Started process (PID=2736) to work on /home/airflow/.local/lib/python3.12/site-packages/airflow/example_dags/example_external_task_marker_dag.py
[2026-08-12T04:54:44.995+0000] {processor.py:914} INFO - Processing file /home/airflow/.local/lib/python3.12/site-packages/airflow/example_dags/example_external_task_marker_dag.py for tasks to queue
[2026-08-12T04:54:45.001+0000] {logging_mixin.py:190} INFO - [2026-08-12T04:54:45.000+0000] {dagbag.py:587} INFO - Filling up the DagBag from /home/airflow/.local/lib/python3.12/site-packages/airflow/example_dags/example_external_task_marker_dag.py
[2026-08-12T04:54:45.013+0000] {processor.py:925} INFO - DAG(s) 'example_external_task_marker_parent', 'example_external_task_marker_child' retrieved from /home/airflow/.local/lib/python3.12/site-packages/airflow/example_dags/example_external_task_marker_dag.py
[2026-08-12T04:54:45.038+0000] {logging_mixin.py:190} INFO - [2026-08-12T04:54:45.038+0000] {dag.py:3211} INFO - Sync 2 DAGs
[2026-08-12T04:54:45.054+0000] {logging_mixin.py:190} INFO - [2026-08-12T04:54:45.054+0000] {dag.py:4138} INFO - Setting next_dagrun for example_external_task_marker_child to None, run_after=None
[2026-08-12T04:54:45.060+0000] {logging_mixin.py:190} INFO - [2026-08-12T04:54:45.059+0000] {dag.py:4138} INFO - Setting next_dagrun for example_external_task_marker_parent to None, run_after=None
[2026-08-12T04:54:45.082+0000] {processor.py:208} INFO - Processing /home/airflow/.local/lib/python3.12/site-packages/airflow/example_dags/example_external_task_marker_dag.py took 0.097 seconds
[2026-08-12T04:55:15.254+0000] {processor.py:186} INFO - Started process (PID=2799) to work on /home/airflow/.local/lib/python3.12/site-packages/airflow/example_dags/example_external_task_marker_dag.py
[2026-08-12T04:55:15.256+0000] {processor.py:914} INFO - Processing file /home/airflow/.local/lib/python3.12/site-packages/airflow/example_dags/example_external_task_marker_dag.py for tasks to queue
[2026-08-12T04:55:15.260+0000] {logging_mixin.py:190} INFO - [2026-08-12T04:55:15.260+0000] {dagbag.py:587} INFO - Filling up the DagBag from /home/airflow/.local/lib/python3.12/site-packages/airflow/example_dags/example_external_task_marker_dag.py
[2026-08-12T04:55:15.270+0000] {processor.py:925} INFO - DAG(s) 'example_external_task_marker_child', 'example_external_task_marker_parent' retrieved from /home/airflow/.local/lib/python3.12/site-packages/airflow/example_dags/example_external_task_marker_dag.py
[2026-08-12T04:55:15.294+0000] {logging_mixin.py:190} INFO - [2026-08-12T04:55:15.294+0000] {dag.py:3211} INFO - Sync 2 DAGs
[2026-08-12T04:55:15.310+0000] {logging_mixin.py:190} INFO - [2026-08-12T04:55:15.309+0000] {dag.py:4138} INFO - Setting next_dagrun for example_external_task_marker_child to None, run_after=None
[2026-08-12T04:55:15.315+0000] {logging_mixin.py:190} INFO - [2026-08-12T04:55:15.315+0000] {dag.py:4138} INFO - Setting next_dagrun for example_external_task_marker_parent to None, run_after=None
[2026-08-12T04:55:15.333+0000] {processor.py:208} INFO - Processing /home/airflow/.local/lib/python3.12/site-packages/airflow/example_dags/example_external_task_marker_dag.py took 0.086 seconds
[2026-08-12T04:55:46.022+0000] {processor.py:186} INFO - Started process (PID=2862) to work on /home/airflow/.local/lib/python3.12/site-packages/airflow/example_dags/example_external_task_marker_dag.py
[2026-08-12T04:55:46.024+0000] {processor.py:914} INFO - Processing file /home/airflow/.local/lib/python3.12/site-packages/airflow/example_dags/example_external_task_marker_dag.py for tasks to queue
[2026-08-12T04:55:46.029+0000] {logging_mixin.py:190} INFO - [2026-08-12T04:55:46.028+0000] {dagbag.py:587} INFO - Filling up the DagBag from /home/airflow/.local/lib/python3.12/site-packages/airflow/example_dags/example_external_task_marker_dag.py
[2026-08-12T04:55:46.040+0000] {processor.py:925} INFO - DAG(s) 'example_external_task_marker_child', 'example_external_task_marker_parent' retrieved from /home/airflow/.local/lib/python3.12/site-packages/airflow/example_dags/example_external_task_marker_dag.py
[2026-08-12T04:55:46.065+0000] {logging_mixin.py:190} INFO - [2026-08-12T04:55:46.065+0000] {dag.py:3211} INFO - Sync 2 DAGs
[2026-08-12T04:55:46.082+0000] {logging_mixin.py:190} INFO - [2026-08-12T04:55:46.082+0000] {dag.py:4138} INFO - Setting next_dagrun for example_external_task_marker_child to None, run_after=None
[2026-08-12T04:55:46.087+0000] {logging_mixin.py:190} INFO - [2026-08-12T04:55:46.087+0000] {dag.py:4138} INFO - Setting next_dagrun for example_external_task_marker_parent to None, run_after=None
[2026-08-12T04:55:46.111+0000] {processor.py:208} INFO - Processing /home/airflow/.local/lib/python3.12/site-packages/airflow/example_dags/example_external_task_marker_dag.py took 0.096 seconds
[2026-08-12T04:56:16.377+0000] {processor.py:186} INFO - Started process (PID=2925) to work on /home/airflow/.local/lib/python3.12/site-packages/airflow/example_dags/example_external_task_marker_dag.py
[2026-08-12T04:56:16.380+0000] {processor.py:914} INFO - Processing file /home/airflow/.local/lib/python3.12/site-packages/airflow/example_dags/example_external_task_marker_dag.py for tasks to queue
[2026-08-12T04:56:16.387+0000] {logging_mixin.py:190} INFO - [2026-08-12T04:56:16.386+0000] {dagbag.py:587} INFO - Filling up the DagBag from /home/airflow/.local/lib/python3.12/site-packages/airflow/example_dags/example_external_task_marker_dag.py
[2026-08-12T04:56:16.399+0000] {processor.py:925} INFO - DAG(s) 'example_external_task_marker_parent', 'example_external_task_marker_child' retrieved from /home/airflow/.local/lib/python3.12/site-packages/airflow/example_dags/example_external_task_marker_dag.py
[2026-08-12T04:56:16.427+0000] {logging_mixin.py:190} INFO - [2026-08-12T04:56:16.426+0000] {dag.py:3211} INFO - Sync 2 DAGs
[2026-08-12T04:56:16.444+0000] {logging_mixin.py:190} INFO - [2026-08-12T04:56:16.443+0000] {dag.py:4138} INFO - Setting next_dagrun for example_external_task_marker_child to None, run_after=None
[2026-08-12T04:56:16.449+0000] {logging_mixin.py:190} INFO - [2026-08-12T04:56:16.449+0000] {dag.py:4138} INFO - Setting next_dagrun for example_external_task_marker_parent to None, run_after=None
[2026-08-12T04:56:16.476+0000] {processor.py:208} INFO - Processing /home/airflow/.local/lib/python3.12/site-packages/airflow/example_dags/example_external_task_marker_dag.py took 0.106 seconds
[2026-08-12T04:56:46.900+0000] {processor.py:186} INFO - Started process (PID=2988) to work on /home/airflow/.local/lib/python3.12/site-packages/airflow/example_dags/example_external_task_marker_dag.py
[2026-08-12T04:56:46.902+0000] {processor.py:914} INFO - Processing file /home/airflow/.local/lib/python3.12/site-packages/airflow/example_dags/example_external_task_marker_dag.py for tasks to queue
[2026-08-12T04:56:46.907+0000] {logging_mixin.py:190} INFO - [2026-08-12T04:56:46.906+0000] {dagbag.py:587} INFO - Filling up the DagBag from /home/airflow/.local/lib/python3.12/site-packages/airflow/example_dags/example_external_task_marker_dag.py
[2026-08-12T04:56:46.921+0000] {processor.py:925} INFO - DAG(s) 'example_external_task_marker_parent', 'example_external_task_marker_child' retrieved from /home/airflow/.local/lib/python3.12/site-packages/airflow/example_dags/example_external_task_marker_dag.py
[2026-08-12T04:56:46.954+0000] {logging_mixin.py:190} INFO - [2026-08-12T04:56:46.953+0000] {dag.py:3211} INFO - Sync 2 DAGs
[2026-08-12T04:56:46.979+0000] {logging_mixin.py:190} INFO - [2026-08-12T04:56:46.978+0000] {dag.py:4138} INFO - Setting next_dagrun for example_external_task_marker_child to None, run_after=None
[2026-08-12T04:56:46.986+0000] {logging_mixin.py:190} INFO - [2026-08-12T04:56:46.985+0000] {dag.py:4138} INFO - Setting next_dagrun for example_external_task_marker_parent to None, run_after=None
[2026-08-12T04:56:47.015+0000] {processor.py:208} INFO - Processing /home/airflow/.local/lib/python3.12/site-packages/airflow/example_dags/example_external_task_marker_dag.py took 0.123 seconds
[2026-08-12T04:57:17.121+0000] {processor.py:186} INFO - Started process (PID=3051) to work on /home/airflow/.local/lib/python3.12/site-packages/airflow/example_dags/example_external_task_marker_dag.py
[2026-08-12T04:57:17.124+0000] {processor.py:914} INFO - Processing file /home/airflow/.local/lib/python3.12/site-packages/airflow/example_dags/example_external_task_marker_dag.py for tasks to queue
[2026-08-12T04:57:17.132+0000] {logging_mixin.py:190} INFO - [2026-08-12T04:57:17.131+0000] {dagbag.py:587} INFO - Filling up the DagBag from /home/airflow/.local/lib/python3.12/site-packages/airflow/example_dags/example_external_task_marker_dag.py
[2026-08-12T04:57:17.150+0000] {processor.py:925} INFO - DAG(s) 'example_external_task_marker_child', 'example_external_task_marker_parent' retrieved from /home/airflow/.local/lib/python3.12/site-packages/airflow/example_dags/example_external_task_marker_dag.py
[2026-08-12T04:57:17.186+0000] {logging_mixin.py:190} INFO - [2026-08-12T04:57:17.186+0000] {dag.py:3211} INFO - Sync 2 DAGs
[2026-08-12T04:57:17.205+0000] {logging_mixin.py:190} INFO - [2026-08-12T04:57:17.204+0000] {dag.py:4138} INFO - Setting next_dagrun for example_external_task_marker_child to None, run_after=None
[2026-08-12T04:57:17.212+0000] {logging_mixin.py:190} INFO - [2026-08-12T04:57:17.212+0000] {dag.py:4138} INFO - Setting next_dagrun for example_external_task_marker_parent to None, run_after=None
[2026-08-12T04:57:17.236+0000] {processor.py:208} INFO - Processing /home/airflow/.local/lib/python3.12/site-packages/airflow/example_dags/example_external_task_marker_dag.py took 0.121 seconds
[2026-08-12T04:57:47.583+0000] {processor.py:186} INFO - Started process (PID=3114) to work on /home/airflow/.local/lib/python3.12/site-packages/airflow/example_dags/example_external_task_marker_dag.py
[2026-08-12T04:57:47.585+0000] {processor.py:914} INFO - Processing file /home/airflow/.local/lib/python3.12/site-packages/airflow/example_dags/example_external_task_marker_dag.py for tasks to queue
[2026-08-12T04:57:47.590+0000] {logging_mixin.py:190} INFO - [2026-08-12T04:57:47.590+0000] {dagbag.py:587} INFO - Filling up the DagBag from /home/airflow/.local/lib/python3.12/site-packages/airflow/example_dags/example_external_task_marker_dag.py
[2026-08-12T04:57:47.603+0000] {processor.py:925} INFO - DAG(s) 'example_external_task_marker_child', 'example_external_task_marker_parent' retrieved from /home/airflow/.local/lib/python3.12/site-packages/airflow/example_dags/example_external_task_marker_dag.py
[2026-08-12T04:57:47.635+0000] {logging_mixin.py:190} INFO - [2026-08-12T04:57:47.634+0000] {dag.py:3211} INFO - Sync 2 DAGs
[2026-08-12T04:57:47.655+0000] {logging_mixin.py:190} INFO - [2026-08-12T04:57:47.655+0000] {dag.py:4138} INFO - Setting next_dagrun for example_external_task_marker_child to None, run_after=None
[2026-08-12T04:57:47.662+0000] {logging_mixin.py:190} INFO - [2026-08-12T04:57:47.661+0000] {dag.py:4138} INFO - Setting next_dagrun for example_external_task_marker_parent to None, run_after=None
[2026-08-12T04:57:47.695+0000] {processor.py:208} INFO - Processing /home/airflow/.local/lib/python3.12/site-packages/airflow/example_dags/example_external_task_marker_dag.py took 0.122 seconds
[2026-08-12T04:58:17.916+0000] {processor.py:186} INFO - Started process (PID=3177) to work on /home/airflow/.local/lib/python3.12/site-packages/airflow/example_dags/example_external_task_marker_dag.py
[2026-08-12T04:58:17.919+0000] {processor.py:914} INFO - Processing file /home/airflow/.local/lib/python3.12/site-packages/airflow/example_dags/example_external_task_marker_dag.py for tasks to queue
[2026-08-12T04:58:17.924+0000] {logging_mixin.py:190} INFO - [2026-08-12T04:58:17.924+0000] {dagbag.py:587} INFO - Filling up the DagBag from /home/airflow/.local/lib/python3.12/site-packages/airflow/example_dags/example_external_task_marker_dag.py
[2026-08-12T04:58:17.934+0000] {processor.py:925} INFO - DAG(s) 'example_external_task_marker_child', 'example_external_task_marker_parent' retrieved from /home/airflow/.local/lib/python3.12/site-packages/airflow/example_dags/example_external_task_marker_dag.py
[2026-08-12T04:58:17.960+0000] {logging_mixin.py:190} INFO - [2026-08-12T04:58:17.960+0000] {dag.py:3211} INFO - Sync 2 DAGs
[2026-08-12T04:58:17.975+0000] {logging_mixin.py:190} INFO - [2026-08-12T04:58:17.975+0000] {dag.py:4138} INFO - Setting next_dagrun for example_external_task_marker_child to None, run_after=None
[2026-08-12T04:58:17.980+0000] {logging_mixin.py:190} INFO - [2026-08-12T04:58:17.980+0000] {dag.py:4138} INFO - Setting next_dagrun for example_external_task_marker_parent to None, run_after=None
[2026-08-12T04:58:18.004+0000] {processor.py:208} INFO - Processing /home/airflow/.local/lib/python3.12/site-packages/airflow/example_dags/example_external_task_marker_dag.py took 0.093 seconds
[2026-08-12T04:58:48.218+0000] {processor.py:186} INFO - Started process (PID=3240) to work on /home/airflow/.local/lib/python3.12/site-packages/airflow/example_dags/example_external_task_marker_dag.py
[2026-08-12T04:58:48.220+0000] {processor.py:914} INFO - Processing file /home/airflow/.local/lib/python3.12/site-packages/airflow/example_dags/example_external_task_marker_dag.py for tasks to queue
[2026-08-12T04:58:48.225+0000] {logging_mixin.py:190} INFO - [2026-08-12T04:58:48.224+0000] {dagbag.py:587} INFO - Filling up the DagBag from /home/airflow/.local/lib/python3.12/site-packages/airflow/example_dags/example_external_task_marker_dag.py
[2026-08-12T04:58:48.239+0000] {processor.py:925} INFO - DAG(s) 'example_external_task_marker_parent', 'example_external_task_marker_child' retrieved from /home/airflow/.local/lib/python3.12/site-packages/airflow/example_dags/example_external_task_marker_dag.py
[2026-08-12T04:58:48.268+0000] {logging_mixin.py:190} INFO - [2026-08-12T04:58:48.268+0000] {dag.py:3211} INFO - Sync 2 DAGs
[2026-08-12T04:58:48.289+0000] {logging_mixin.py:190} INFO - [2026-08-12T04:58:48.288+0000] {dag.py:4138} INFO - Setting next_dagrun for example_external_task_marker_child to None, run_after=None
[2026-08-12T04:58:48.294+0000] {logging_mixin.py:190} INFO - [2026-08-12T04:58:48.294+0000] {dag.py:4138} INFO - Setting next_dagrun for example_external_task_marker_parent to None, run_after=None
[2026-08-12T04:58:48.325+0000] {processor.py:208} INFO - Processing /home/airflow/.local/lib/python3.12/site-packages/airflow/example_dags/example_external_task_marker_dag.py took 0.116 seconds
[2026-08-12T04:59:18.635+0000] {processor.py:186} INFO - Started process (PID=3303) to work on /home/airflow/.local/lib/python3.12/site-packages/airflow/example_dags/example_external_task_marker_dag.py
[2026-08-12T04:59:18.638+0000] {processor.py:914} INFO - Processing file /home/airflow/.local/lib/python3.12/site-packages/airflow/example_dags/example_external_task_marker_dag.py for tasks to queue
[2026-08-12T04:59:18.643+0000] {logging_mixin.py:190} INFO - [2026-08-12T04:59:18.642+0000] {dagbag.py:587} INFO - Filling up the DagBag from /home/airflow/.local/lib/python3.12/site-packages/airflow/example_dags/example_external_task_marker_dag.py
[2026-08-12T04:59:18.656+0000] {processor.py:925} INFO - DAG(s) 'example_external_task_marker_parent', 'example_external_task_marker_child' retrieved from /home/airflow/.local/lib/python3.12/site-packages/airflow/example_dags/example_external_task_marker_dag.py
[2026-08-12T04:59:18.690+0000] {logging_mixin.py:190} INFO - [2026-08-12T04:59:18.690+0000] {dag.py:3211} INFO - Sync 2 DAGs
[2026-08-12T04:59:18.710+0000] {logging_mixin.py:190} INFO - [2026-08-12T04:59:18.710+0000] {dag.py:4138} INFO - Setting next_dagrun for example_external_task_marker_child to None, run_after=None
[2026-08-12T04:59:18.719+0000] {logging_mixin.py:190} INFO - [2026-08-12T04:59:18.719+0000] {dag.py:4138} INFO - Setting next_dagrun for example_external_task_marker_parent to None, run_after=None
[2026-08-12T04:59:18.752+0000] {processor.py:208} INFO - Processing /home/airflow/.local/lib/python3.12/site-packages/airflow/example_dags/example_external_task_marker_dag.py took 0.125 seconds
[2026-08-12T04:59:49.054+0000] {processor.py:186} INFO - Started process (PID=3366) to work on /home/airflow/.local/lib/python3.12/site-packages/airflow/example_dags/example_external_task_marker_dag.py
[2026-08-12T04:59:49.056+0000] {processor.py:914} INFO - Processing file /home/airflow/.local/lib/python3.12/site-packages/airflow/example_dags/example_external_task_marker_dag.py for tasks to queue
[2026-08-12T04:59:49.062+0000] {logging_mixin.py:190} INFO - [2026-08-12T04:59:49.061+0000] {dagbag.py:587} INFO - Filling up the DagBag from /home/airflow/.local/lib/python3.12/site-packages/airflow/example_dags/example_external_task_marker_dag.py
[2026-08-12T04:59:49.072+0000] {processor.py:925} INFO - DAG(s) 'example_external_task_marker_parent', 'example_external_task_marker_child' retrieved from /home/airflow/.local/lib/python3.12/site-packages/airflow/example_dags/example_external_task_marker_dag.py
[2026-08-12T04:59:49.098+0000] {logging_mixin.py:190} INFO - [2026-08-12T04:59:49.098+0000] {dag.py:3211} INFO - Sync 2 DAGs
[2026-08-12T04:59:49.114+0000] {logging_mixin.py:190} INFO - [2026-08-12T04:59:49.114+0000] {dag.py:4138} INFO - Setting next_dagrun for example_external_task_marker_child to None, run_after=None
[2026-08-12T04:59:49.120+0000] {logging_mixin.py:190} INFO - [2026-08-12T04:59:49.119+0000] {dag.py:4138} INFO - Setting next_dagrun for example_external_task_marker_parent to None, run_after=None
[2026-08-12T04:59:49.138+0000] {processor.py:208} INFO - Processing /home/airflow/.local/lib/python3.12/site-packages/airflow/example_dags/example_external_task_marker_dag.py took 0.091 seconds
[2026-08-12T05:00:19.442+0000] {processor.py:186} INFO - Started process (PID=3429) to work on /home/airflow/.local/lib/python3.12/site-packages/airflow/example_dags/example_external_task_marker_dag.py
[2026-08-12T05:00:19.444+0000] {processor.py:914} INFO - Processing file /home/airflow/.local/lib/python3.12/site-packages/airflow/example_dags/example_external_task_marker_dag.py for tasks to queue
[2026-08-12T05:00:19.450+0000] {logging_mixin.py:190} INFO - [2026-08-12T05:00:19.450+0000] {dagbag.py:587} INFO - Filling up the DagBag from /home/airflow/.local/lib/python3.12/site-packages/airflow/example_dags/example_external_task_marker_dag.py
[2026-08-12T05:00:19.462+0000] {processor.py:925} INFO - DAG(s) 'example_external_task_marker_parent', 'example_external_task_marker_child' retrieved from /home/airflow/.local/lib/python3.12/site-packages/airflow/example_dags/example_external_task_marker_dag.py
[2026-08-12T05:00:19.487+0000] {logging_mixin.py:190} INFO - [2026-08-12T05:00:19.487+0000] {dag.py:3211} INFO - Sync 2 DAGs
[2026-08-12T05:00:19.503+0000] {logging_mixin.py:190} INFO - [2026-08-12T05:00:19.503+0000] {dag.py:4138} INFO - Setting next_dagrun for example_external_task_marker_child to None, run_after=None
[2026-08-12T05:00:19.509+0000] {logging_mixin.py:190} INFO - [2026-08-12T05:00:19.509+0000] {dag.py:4138} INFO - Setting next_dagrun for example_external_task_marker_parent to None, run_after=None
[2026-08-12T05:00:19.528+0000] {processor.py:208} INFO - Processing /home/airflow/.local/lib/python3.12/site-packages/airflow/example_dags/example_external_task_marker_dag.py took 0.093 seconds
[2026-08-12T05:00:49.932+0000] {processor.py:186} INFO - Started process (PID=3492) to work on /home/airflow/.local/lib/python3.12/site-packages/airflow/example_dags/example_external_task_marker_dag.py
[2026-08-12T05:00:49.935+0000] {processor.py:914} INFO - Processing file /home/airflow/.local/lib/python3.12/site-packages/airflow/example_dags/example_external_task_marker_dag.py for tasks to queue
[2026-08-12T05:00:49.942+0000] {logging_mixin.py:190} INFO - [2026-08-12T05:00:49.941+0000] {dagbag.py:587} INFO - Filling up the DagBag from /home/airflow/.local/lib/python3.12/site-packages/airflow/example_dags/example_external_task_marker_dag.py
[2026-08-12T05:00:49.955+0000] {processor.py:925} INFO - DAG(s) 'example_external_task_marker_child', 'example_external_task_marker_parent' retrieved from /home/airflow/.local/lib/python3.12/site-packages/airflow/example_dags/example_external_task_marker_dag.py
[2026-08-12T05:00:49.984+0000] {logging_mixin.py:190} INFO - [2026-08-12T05:00:49.984+0000] {dag.py:3211} INFO - Sync 2 DAGs
[2026-08-12T05:00:50.002+0000] {logging_mixin.py:190} INFO - [2026-08-12T05:00:50.002+0000] {dag.py:4138} INFO - Setting next_dagrun for example_external_task_marker_child to None, run_after=None
[2026-08-12T05:00:50.013+0000] {logging_mixin.py:190} INFO - [2026-08-12T05:00:50.013+0000] {dag.py:4138} INFO - Setting next_dagrun for example_external_task_marker_parent to None, run_after=None
[2026-08-12T05:00:50.035+0000] {processor.py:208} INFO - Processing /home/airflow/.local/lib/python3.12/site-packages/airflow/example_dags/example_external_task_marker_dag.py took 0.111 seconds
[2026-08-12T05:01:20.254+0000] {processor.py:186} INFO - Started process (PID=3555) to work on /home/airflow/.local/lib/python3.12/site-packages/airflow/example_dags/example_external_task_marker_dag.py
[2026-08-12T05:01:20.258+0000] {processor.py:914} INFO - Processing file /home/airflow/.local/lib/python3.12/site-packages/airflow/example_dags/example_external_task_marker_dag.py for tasks to queue
[2026-08-12T05:01:20.264+0000] {logging_mixin.py:190} INFO - [2026-08-12T05:01:20.264+0000] {dagbag.py:587} INFO - Filling up the DagBag from /home/airflow/.local/lib/python3.12/site-packages/airflow/example_dags/example_external_task_marker_dag.py
[2026-08-12T05:01:20.275+0000] {processor.py:925} INFO - DAG(s) 'example_external_task_marker_parent', 'example_external_task_marker_child' retrieved from /home/airflow/.local/lib/python3.12/site-packages/airflow/example_dags/example_external_task_marker_dag.py
[2026-08-12T05:01:20.304+0000] {logging_mixin.py:190} INFO - [2026-08-12T05:01:20.303+0000] {dag.py:3211} INFO - Sync 2 DAGs
[2026-08-12T05:01:20.323+0000] {logging_mixin.py:190} INFO - [2026-08-12T05:01:20.322+0000] {dag.py:4138} INFO - Setting next_dagrun for example_external_task_marker_child to None, run_after=None
[2026-08-12T05:01:20.331+0000] {logging_mixin.py:190} INFO - [2026-08-12T05:01:20.331+0000] {dag.py:4138} INFO - Setting next_dagrun for example_external_task_marker_parent to None, run_after=None
[2026-08-12T05:01:20.354+0000] {processor.py:208} INFO - Processing /home/airflow/.local/lib/python3.12/site-packages/airflow/example_dags/example_external_task_marker_dag.py took 0.113 seconds
[2026-08-12T05:01:50.987+0000] {processor.py:186} INFO - Started process (PID=3618) to work on /home/airflow/.local/lib/python3.12/site-packages/airflow/example_dags/example_external_task_marker_dag.py
[2026-08-12T05:01:50.990+0000] {processor.py:914} INFO - Processing file /home/airflow/.local/lib/python3.12/site-packages/airflow/example_dags/example_external_task_marker_dag.py for tasks to queue
[2026-08-12T05:01:50.994+0000] {logging_mixin.py:190} INFO - [2026-08-12T05:01:50.993+0000] {dagbag.py:587} INFO - Filling up the DagBag from /home/airflow/.local/lib/python3.12/site-packages/airflow/example_dags/example_external_task_marker_dag.py
[2026-08-12T05:01:51.008+0000] {processor.py:925} INFO - DAG(s) 'example_external_task_marker_child', 'example_external_task_marker_parent' retrieved from /home/airflow/.local/lib/python3.12/site-packages/airflow/example_dags/example_external_task_marker_dag.py
[2026-08-12T05:01:51.044+0000] {logging_mixin.py:190} INFO - [2026-08-12T05:01:51.044+0000] {dag.py:3211} INFO - Sync 2 DAGs
[2026-08-12T05:01:51.062+0000] {logging_mixin.py:190} INFO - [2026-08-12T05:01:51.061+0000] {dag.py:4138} INFO - Setting next_dagrun for example_external_task_marker_child to None, run_after=None
[2026-08-12T05:01:51.067+0000] {logging_mixin.py:190} INFO - [2026-08-12T05:01:51.067+0000] {dag.py:4138} INFO - Setting next_dagrun for example_external_task_marker_parent to None, run_after=None
[2026-08-12T05:01:51.092+0000] {processor.py:208} INFO - Processing /home/airflow/.local/lib/python3.12/site-packages/airflow/example_dags/example_external_task_marker_dag.py took 0.113 seconds
[2026-08-12T05:02:21.635+0000] {processor.py:186} INFO - Started process (PID=3682) to work on /home/airflow/.local/lib/python3.12/site-packages/airflow/example_dags/example_external_task_marker_dag.py
[2026-08-12T05:02:21.637+0000] {processor.py:914} INFO - Processing file /home/airflow/.local/lib/python3.12/site-packages/airflow/example_dags/example_external_task_marker_dag.py for tasks to queue
[2026-08-12T05:02:21.643+0000] {logging_mixin.py:190} INFO - [2026-08-12T05:02:21.642+0000] {dagbag.py:587} INFO - Filling up the DagBag from /home/airflow/.local/lib/python3.12/site-packages/airflow/example_dags/example_external_task_marker_dag.py
[2026-08-12T05:02:21.655+0000] {processor.py:925} INFO - DAG(s) 'example_external_task_marker_child', 'example_external_task_marker_parent' retrieved from /home/airflow/.local/lib/python3.12/site-packages/airflow/example_dags/example_external_task_marker_dag.py
[2026-08-12T05:02:21.686+0000] {logging_mixin.py:190} INFO - [2026-08-12T05:02:21.686+0000] {dag.py:3211} INFO - Sync 2 DAGs
[2026-08-12T05:02:21.704+0000] {logging_mixin.py:190} INFO - [2026-08-12T05:02:21.704+0000] {dag.py:4138} INFO - Setting next_dagrun for example_external_task_marker_child to None, run_after=None
[2026-08-12T05:02:21.713+0000] {logging_mixin.py:190} INFO - [2026-08-12T05:02:21.713+0000] {dag.py:4138} INFO - Setting next_dagrun for example_external_task_marker_parent to None, run_after=None
[2026-08-12T05:02:21.735+0000] {processor.py:208} INFO - Processing /home/airflow/.local/lib/python3.12/site-packages/airflow/example_dags/example_external_task_marker_dag.py took 0.107 seconds
[2026-08-12T05:02:52.032+0000] {processor.py:186} INFO - Started process (PID=3745) to work on /home/airflow/.local/lib/python3.12/site-packages/airflow/example_dags/example_external_task_marker_dag.py
[2026-08-12T05:02:52.034+0000] {processor.py:914} INFO - Processing file /home/airflow/.local/lib/python3.12/site-packages/airflow/example_dags/example_external_task_marker_dag.py for tasks to queue
[2026-08-12T05:02:52.039+0000] {logging_mixin.py:190} INFO - [2026-08-12T05:02:52.038+0000] {dagbag.py:587} INFO - Filling up the DagBag from /home/airflow/.local/lib/python3.12/site-packages/airflow/example_dags/example_external_task_marker_dag.py
[2026-08-12T05:02:52.050+0000] {processor.py:925} INFO - DAG(s) 'example_external_task_marker_child', 'example_external_task_marker_parent' retrieved from /home/airflow/.local/lib/python3.12/site-packages/airflow/example_dags/example_external_task_marker_dag.py
[2026-08-12T05:02:52.081+0000] {logging_mixin.py:190} INFO - [2026-08-12T05:02:52.081+0000] {dag.py:3211} INFO - Sync 2 DAGs
[2026-08-12T05:02:52.102+0000] {logging_mixin.py:190} INFO - [2026-08-12T05:02:52.102+0000] {dag.py:4138} INFO - Setting next_dagrun for example_external_task_marker_child to None, run_after=None
[2026-08-12T05:02:52.108+0000] {logging_mixin.py:190} INFO - [2026-08-12T05:02:52.108+0000] {dag.py:4138} INFO - Setting next_dagrun for example_external_task_marker_parent to None, run_after=None
[2026-08-12T05:02:52.136+0000] {processor.py:208} INFO - Processing /home/airflow/.local/lib/python3.12/site-packages/airflow/example_dags/example_external_task_marker_dag.py took 0.113 seconds
[2026-08-12T05:03:22.506+0000] {processor.py:186} INFO - Started process (PID=3808) to work on /home/airflow/.local/lib/python3.12/site-packages/airflow/example_dags/example_external_task_marker_dag.py
[2026-08-12T05:03:22.508+0000] {processor.py:914} INFO - Processing file /home/airflow/.local/lib/python3.12/site-packages/airflow/example_dags/example_external_task_marker_dag.py for tasks to queue
[2026-08-12T05:03:22.513+0000] {logging_mixin.py:190} INFO - [2026-08-12T05:03:22.512+0000] {dagbag.py:587} INFO - Filling up the DagBag from /home/airflow/.local/lib/python3.12/site-packages/airflow/example_dags/example_external_task_marker_dag.py
[2026-08-12T05:03:22.524+0000] {processor.py:925} INFO - DAG(s) 'example_external_task_marker_parent', 'example_external_task_marker_child' retrieved from /home/airflow/.local/lib/python3.12/site-packages/airflow/example_dags/example_external_task_marker_dag.py
[2026-08-12T05:03:22.556+0000] {logging_mixin.py:190} INFO - [2026-08-12T05:03:22.556+0000] {dag.py:3211} INFO - Sync 2 DAGs
[2026-08-12T05:03:22.575+0000] {logging_mixin.py:190} INFO - [2026-08-12T05:03:22.575+0000] {dag.py:4138} INFO - Setting next_dagrun for example_external_task_marker_child to None, run_after=None
[2026-08-12T05:03:22.581+0000] {logging_mixin.py:190} INFO - [2026-08-12T05:03:22.581+0000] {dag.py:4138} INFO - Setting next_dagrun for example_external_task_marker_parent to None, run_after=None
[2026-08-12T05:03:22.609+0000] {processor.py:208} INFO - Processing /home/airflow/.local/lib/python3.12/site-packages/airflow/example_dags/example_external_task_marker_dag.py took 0.116 seconds
[2026-08-12T05:03:53.189+0000] {processor.py:186} INFO - Started process (PID=3871) to work on /home/airflow/.local/lib/python3.12/site-packages/airflow/example_dags/example_external_task_marker_dag.py
[2026-08-12T05:03:53.192+0000] {processor.py:914} INFO - Processing file /home/airflow/.local/lib/python3.12/site-packages/airflow/example_dags/example_external_task_marker_dag.py for tasks to queue
[2026-08-12T05:03:53.198+0000] {logging_mixin.py:190} INFO - [2026-08-12T05:03:53.197+0000] {dagbag.py:587} INFO - Filling up the DagBag from /home/airflow/.local/lib/python3.12/site-packages/airflow/example_dags/example_external_task_marker_dag.py
[2026-08-12T05:03:53.211+0000] {processor.py:925} INFO - DAG(s) 'example_external_task_marker_parent', 'example_external_task_marker_child' retrieved from /home/airflow/.local/lib/python3.12/site-packages/airflow/example_dags/example_external_task_marker_dag.py
[2026-08-12T05:03:53.244+0000] {logging_mixin.py:190} INFO - [2026-08-12T05:03:53.244+0000] {dag.py:3211} INFO - Sync 2 DAGs
[2026-08-12T05:03:53.263+0000] {logging_mixin.py:190} INFO - [2026-08-12T05:03:53.263+0000] {dag.py:4138} INFO - Setting next_dagrun for example_external_task_marker_child to None, run_after=None
[2026-08-12T05:03:53.269+0000] {logging_mixin.py:190} INFO - [2026-08-12T05:03:53.269+0000] {dag.py:4138} INFO - Setting next_dagrun for example_external_task_marker_parent to None, run_after=None
[2026-08-12T05:03:53.301+0000] {processor.py:208} INFO - Processing /home/airflow/.local/lib/python3.12/site-packages/airflow/example_dags/example_external_task_marker_dag.py took 0.120 seconds
[2026-08-12T05:04:23.782+0000] {processor.py:186} INFO - Started process (PID=3934) to work on /home/airflow/.local/lib/python3.12/site-packages/airflow/example_dags/example_external_task_marker_dag.py
[2026-08-12T05:04:23.786+0000] {processor.py:914} INFO - Processing file /home/airflow/.local/lib/python3.12/site-packages/airflow/example_dags/example_external_task_marker_dag.py for tasks to queue
[2026-08-12T05:04:23.791+0000] {logging_mixin.py:190} INFO - [2026-08-12T05:04:23.791+0000] {dagbag.py:587} INFO - Filling up the DagBag from /home/airflow/.local/lib/python3.12/site-packages/airflow/example_dags/example_external_task_marker_dag.py
[2026-08-12T05:04:23.805+0000] {processor.py:925} INFO - DAG(s) 'example_external_task_marker_parent', 'example_external_task_marker_child' retrieved from /home/airflow/.local/lib/python3.12/site-packages/airflow/example_dags/example_external_task_marker_dag.py
[2026-08-12T05:04:23.840+0000] {logging_mixin.py:190} INFO - [2026-08-12T05:04:23.840+0000] {dag.py:3211} INFO - Sync 2 DAGs
[2026-08-12T05:04:23.860+0000] {logging_mixin.py:190} INFO - [2026-08-12T05:04:23.860+0000] {dag.py:4138} INFO - Setting next_dagrun for example_external_task_marker_child to None, run_after=None
[2026-08-12T05:04:23.869+0000] {logging_mixin.py:190} INFO - [2026-08-12T05:04:23.869+0000] {dag.py:4138} INFO - Setting next_dagrun for example_external_task_marker_parent to None, run_after=None
[2026-08-12T05:04:23.897+0000] {processor.py:208} INFO - Processing /home/airflow/.local/lib/python3.12/site-packages/airflow/example_dags/example_external_task_marker_dag.py took 0.124 seconds
[2026-08-12T05:04:54.622+0000] {processor.py:186} INFO - Started process (PID=3997) to work on /home/airflow/.local/lib/python3.12/site-packages/airflow/example_dags/example_external_task_marker_dag.py
[2026-08-12T05:04:54.625+0000] {processor.py:914} INFO - Processing file /home/airflow/.local/lib/python3.12/site-packages/airflow/example_dags/example_external_task_marker_dag.py for tasks to queue
[2026-08-12T05:04:54.633+0000] {logging_mixin.py:190} INFO - [2026-08-12T05:04:54.632+0000] {dagbag.py:587} INFO - Filling up the DagBag from /home/airflow/.local/lib/python3.12/site-packages/airflow/example_dags/example_external_task_marker_dag.py
[2026-08-12T05:04:54.649+0000] {processor.py:925} INFO - DAG(s) 'example_external_task_marker_parent', 'example_external_task_marker_child' retrieved from /home/airflow/.local/lib/python3.12/site-packages/airflow/example_dags/example_external_task_marker_dag.py
[2026-08-12T05:04:54.684+0000] {logging_mixin.py:190} INFO - [2026-08-12T05:04:54.683+0000] {dag.py:3211} INFO - Sync 2 DAGs
[2026-08-12T05:04:54.927+0000] {logging_mixin.py:190} INFO - [2026-08-12T05:04:54.926+0000] {dag.py:4138} INFO - Setting next_dagrun for example_external_task_marker_child to None, run_after=None
[2026-08-12T05:04:54.932+0000] {logging_mixin.py:190} INFO - [2026-08-12T05:04:54.932+0000] {dag.py:4138} INFO - Setting next_dagrun for example_external_task_marker_parent to None, run_after=None
[2026-08-12T05:04:54.957+0000] {processor.py:208} INFO - Processing /home/airflow/.local/lib/python3.12/site-packages/airflow/example_dags/example_external_task_marker_dag.py took 0.345 seconds
[2026-08-12T05:05:25.716+0000] {processor.py:186} INFO - Started process (PID=4060) to work on /home/airflow/.local/lib/python3.12/site-packages/airflow/example_dags/example_external_task_marker_dag.py
[2026-08-12T05:05:25.719+0000] {processor.py:914} INFO - Processing file /home/airflow/.local/lib/python3.12/site-packages/airflow/example_dags/example_external_task_marker_dag.py for tasks to queue
[2026-08-12T05:05:25.724+0000] {logging_mixin.py:190} INFO - [2026-08-12T05:05:25.724+0000] {dagbag.py:587} INFO - Filling up the DagBag from /home/airflow/.local/lib/python3.12/site-packages/airflow/example_dags/example_external_task_marker_dag.py
[2026-08-12T05:05:25.736+0000] {processor.py:925} INFO - DAG(s) 'example_external_task_marker_child', 'example_external_task_marker_parent' retrieved from /home/airflow/.local/lib/python3.12/site-packages/airflow/example_dags/example_external_task_marker_dag.py
[2026-08-12T05:05:25.771+0000] {logging_mixin.py:190} INFO - [2026-08-12T05:05:25.770+0000] {dag.py:3211} INFO - Sync 2 DAGs
[2026-08-12T05:05:25.790+0000] {logging_mixin.py:190} INFO - [2026-08-12T05:05:25.789+0000] {dag.py:4138} INFO - Setting next_dagrun for example_external_task_marker_child to None, run_after=None
[2026-08-12T05:05:25.797+0000] {logging_mixin.py:190} INFO - [2026-08-12T05:05:25.797+0000] {dag.py:4138} INFO - Setting next_dagrun for example_external_task_marker_parent to None, run_after=None
[2026-08-12T05:05:26.022+0000] {processor.py:208} INFO - Processing /home/airflow/.local/lib/python3.12/site-packages/airflow/example_dags/example_external_task_marker_dag.py took 0.313 seconds
[2026-08-12T05:05:56.358+0000] {processor.py:186} INFO - Started process (PID=4123) to work on /home/airflow/.local/lib/python3.12/site-packages/airflow/example_dags/example_external_task_marker_dag.py
[2026-08-12T05:05:56.360+0000] {processor.py:914} INFO - Processing file /home/airflow/.local/lib/python3.12/site-packages/airflow/example_dags/example_external_task_marker_dag.py for tasks to queue
[2026-08-12T05:05:56.365+0000] {logging_mixin.py:190} INFO - [2026-08-12T05:05:56.364+0000] {dagbag.py:587} INFO - Filling up the DagBag from /home/airflow/.local/lib/python3.12/site-packages/airflow/example_dags/example_external_task_marker_dag.py
[2026-08-12T05:05:56.377+0000] {processor.py:925} INFO - DAG(s) 'example_external_task_marker_child', 'example_external_task_marker_parent' retrieved from /home/airflow/.local/lib/python3.12/site-packages/airflow/example_dags/example_external_task_marker_dag.py
[2026-08-12T05:05:56.410+0000] {logging_mixin.py:190} INFO - [2026-08-12T05:05:56.410+0000] {dag.py:3211} INFO - Sync 2 DAGs
[2026-08-12T05:05:56.432+0000] {logging_mixin.py:190} INFO - [2026-08-12T05:05:56.432+0000] {dag.py:4138} INFO - Setting next_dagrun for example_external_task_marker_child to None, run_after=None
[2026-08-12T05:05:56.439+0000] {logging_mixin.py:190} INFO - [2026-08-12T05:05:56.439+0000] {dag.py:4138} INFO - Setting next_dagrun for example_external_task_marker_parent to None, run_after=None
[2026-08-12T05:05:56.463+0000] {processor.py:208} INFO - Processing /home/airflow/.local/lib/python3.12/site-packages/airflow/example_dags/example_external_task_marker_dag.py took 0.114 seconds
[2026-08-12T05:06:27.175+0000] {processor.py:186} INFO - Started process (PID=4186) to work on /home/airflow/.local/lib/python3.12/site-packages/airflow/example_dags/example_external_task_marker_dag.py
[2026-08-12T05:06:27.177+0000] {processor.py:914} INFO - Processing file /home/airflow/.local/lib/python3.12/site-packages/airflow/example_dags/example_external_task_marker_dag.py for tasks to queue
[2026-08-12T05:06:27.182+0000] {logging_mixin.py:190} INFO - [2026-08-12T05:06:27.181+0000] {dagbag.py:587} INFO - Filling up the DagBag from /home/airflow/.local/lib/python3.12/site-packages/airflow/example_dags/example_external_task_marker_dag.py
[2026-08-12T05:06:27.202+0000] {processor.py:925} INFO - DAG(s) 'example_external_task_marker_parent', 'example_external_task_marker_child' retrieved from /home/airflow/.local/lib/python3.12/site-packages/airflow/example_dags/example_external_task_marker_dag.py
[2026-08-12T05:06:27.248+0000] {logging_mixin.py:190} INFO - [2026-08-12T05:06:27.247+0000] {dag.py:3211} INFO - Sync 2 DAGs
[2026-08-12T05:06:27.269+0000] {logging_mixin.py:190} INFO - [2026-08-12T05:06:27.269+0000] {dag.py:4138} INFO - Setting next_dagrun for example_external_task_marker_child to None, run_after=None
[2026-08-12T05:06:27.279+0000] {logging_mixin.py:190} INFO - [2026-08-12T05:06:27.278+0000] {dag.py:4138} INFO - Setting next_dagrun for example_external_task_marker_parent to None, run_after=None
[2026-08-12T05:06:27.297+0000] {processor.py:208} INFO - Processing /home/airflow/.local/lib/python3.12/site-packages/airflow/example_dags/example_external_task_marker_dag.py took 0.134 seconds
[2026-08-12T05:06:57.435+0000] {processor.py:186} INFO - Started process (PID=4255) to work on /home/airflow/.local/lib/python3.12/site-packages/airflow/example_dags/example_external_task_marker_dag.py
[2026-08-12T05:06:57.438+0000] {processor.py:914} INFO - Processing file /home/airflow/.local/lib/python3.12/site-packages/airflow/example_dags/example_external_task_marker_dag.py for tasks to queue
[2026-08-12T05:06:57.443+0000] {logging_mixin.py:190} INFO - [2026-08-12T05:06:57.442+0000] {dagbag.py:587} INFO - Filling up the DagBag from /home/airflow/.local/lib/python3.12/site-packages/airflow/example_dags/example_external_task_marker_dag.py
[2026-08-12T05:06:57.456+0000] {processor.py:925} INFO - DAG(s) 'example_external_task_marker_child', 'example_external_task_marker_parent' retrieved from /home/airflow/.local/lib/python3.12/site-packages/airflow/example_dags/example_external_task_marker_dag.py
[2026-08-12T05:06:57.486+0000] {logging_mixin.py:190} INFO - [2026-08-12T05:06:57.485+0000] {dag.py:3211} INFO - Sync 2 DAGs
[2026-08-12T05:06:57.501+0000] {logging_mixin.py:190} INFO - [2026-08-12T05:06:57.500+0000] {dag.py:4138} INFO - Setting next_dagrun for example_external_task_marker_child to None, run_after=None
[2026-08-12T05:06:57.507+0000] {logging_mixin.py:190} INFO - [2026-08-12T05:06:57.506+0000] {dag.py:4138} INFO - Setting next_dagrun for example_external_task_marker_parent to None, run_after=None
[2026-08-12T05:06:57.526+0000] {processor.py:208} INFO - Processing /home/airflow/.local/lib/python3.12/site-packages/airflow/example_dags/example_external_task_marker_dag.py took 0.099 seconds
