[2026-08-12T04:31:09.742+0000] {processor.py:186} INFO - Started process (PID=99) to work on /home/airflow/.local/lib/python3.12/site-packages/airflow/example_dags/example_latest_only.py
[2026-08-12T04:31:09.745+0000] {processor.py:914} INFO - Processing file /home/airflow/.local/lib/python3.12/site-packages/airflow/example_dags/example_latest_only.py for tasks to queue
[2026-08-12T04:31:09.751+0000] {logging_mixin.py:190} INFO - [2026-08-12T04:31:09.750+0000] {dagbag.py:587} INFO - Filling up the DagBag from /home/airflow/.local/lib/python3.12/site-packages/airflow/example_dags/example_latest_only.py
[2026-08-12T04:31:09.766+0000] {processor.py:925} INFO - DAG(s) 'latest_only' retrieved from /home/airflow/.local/lib/python3.12/site-packages/airflow/example_dags/example_latest_only.py
[2026-08-12T04:31:09.912+0000] {logging_mixin.py:190} INFO - [2026-08-12T04:31:09.911+0000] {override.py:1858} INFO - Created Permission View: can delete on DAG:latest_only
[2026-08-12T04:31:09.926+0000] {logging_mixin.py:190} INFO - [2026-08-12T04:31:09.926+0000] {override.py:1858} INFO - Created Permission View: can read on DAG:latest_only
[2026-08-12T04:31:09.936+0000] {logging_mixin.py:190} INFO - [2026-08-12T04:31:09.936+0000] {override.py:1858} INFO - Created Permission View: can edit on DAG:latest_only
[2026-08-12T04:31:09.938+0000] {logging_mixin.py:190} INFO - [2026-08-12T04:31:09.938+0000] {dag.py:3211} INFO - Sync 1 DAGs
[2026-08-12T04:31:09.954+0000] {logging_mixin.py:190} INFO - [2026-08-12T04:31:09.954+0000] {dag.py:3234} INFO - Creating ORM DAG for latest_only
[2026-08-12T04:31:09.968+0000] {logging_mixin.py:190} INFO - [2026-08-12T04:31:09.967+0000] {dag.py:4138} INFO - Setting next_dagrun for latest_only to 2026-08-12 00:00:00+00:00, run_after=2026-08-12 04:00:00+00:00
[2026-08-12T04:31:09.987+0000] {processor.py:208} INFO - Processing /home/airflow/.local/lib/python3.12/site-packages/airflow/example_dags/example_latest_only.py took 0.253 seconds
[2026-08-12T04:31:40.550+0000] {processor.py:186} INFO - Started process (PID=161) to work on /home/airflow/.local/lib/python3.12/site-packages/airflow/example_dags/example_latest_only.py
[2026-08-12T04:31:40.552+0000] {processor.py:914} INFO - Processing file /home/airflow/.local/lib/python3.12/site-packages/airflow/example_dags/example_latest_only.py for tasks to queue
[2026-08-12T04:31:40.556+0000] {logging_mixin.py:190} INFO - [2026-08-12T04:31:40.555+0000] {dagbag.py:587} INFO - Filling up the DagBag from /home/airflow/.local/lib/python3.12/site-packages/airflow/example_dags/example_latest_only.py
[2026-08-12T04:31:40.565+0000] {processor.py:925} INFO - DAG(s) 'latest_only' retrieved from /home/airflow/.local/lib/python3.12/site-packages/airflow/example_dags/example_latest_only.py
[2026-08-12T04:31:40.587+0000] {logging_mixin.py:190} INFO - [2026-08-12T04:31:40.586+0000] {dag.py:3211} INFO - Sync 1 DAGs
[2026-08-12T04:31:40.622+0000] {logging_mixin.py:190} INFO - [2026-08-12T04:31:40.622+0000] {dag.py:4138} INFO - Setting next_dagrun for latest_only to 2026-08-12 00:00:00+00:00, run_after=2026-08-12 04:00:00+00:00
[2026-08-12T04:31:40.650+0000] {processor.py:208} INFO - Processing /home/airflow/.local/lib/python3.12/site-packages/airflow/example_dags/example_latest_only.py took 0.106 seconds
[2026-08-12T04:32:59.084+0000] {processor.py:186} INFO - Started process (PID=93) to work on /home/airflow/.local/lib/python3.12/site-packages/airflow/example_dags/example_latest_only.py
[2026-08-12T04:32:59.089+0000] {processor.py:914} INFO - Processing file /home/airflow/.local/lib/python3.12/site-packages/airflow/example_dags/example_latest_only.py for tasks to queue
[2026-08-12T04:32:59.094+0000] {logging_mixin.py:190} INFO - [2026-08-12T04:32:59.093+0000] {dagbag.py:587} INFO - Filling up the DagBag from /home/airflow/.local/lib/python3.12/site-packages/airflow/example_dags/example_latest_only.py
[2026-08-12T04:32:59.107+0000] {processor.py:925} INFO - DAG(s) 'latest_only' retrieved from /home/airflow/.local/lib/python3.12/site-packages/airflow/example_dags/example_latest_only.py
[2026-08-12T04:32:59.153+0000] {logging_mixin.py:190} INFO - [2026-08-12T04:32:59.152+0000] {dag.py:3211} INFO - Sync 1 DAGs
[2026-08-12T04:32:59.201+0000] {logging_mixin.py:190} INFO - [2026-08-12T04:32:59.201+0000] {dag.py:4138} INFO - Setting next_dagrun for latest_only to 2026-08-12 00:00:00+00:00, run_after=2026-08-12 04:00:00+00:00
[2026-08-12T04:32:59.243+0000] {processor.py:208} INFO - Processing /home/airflow/.local/lib/python3.12/site-packages/airflow/example_dags/example_latest_only.py took 0.168 seconds
[2026-08-12T04:33:29.319+0000] {processor.py:186} INFO - Started process (PID=154) to work on /home/airflow/.local/lib/python3.12/site-packages/airflow/example_dags/example_latest_only.py
[2026-08-12T04:33:29.323+0000] {processor.py:914} INFO - Processing file /home/airflow/.local/lib/python3.12/site-packages/airflow/example_dags/example_latest_only.py for tasks to queue
[2026-08-12T04:33:29.327+0000] {logging_mixin.py:190} INFO - [2026-08-12T04:33:29.327+0000] {dagbag.py:587} INFO - Filling up the DagBag from /home/airflow/.local/lib/python3.12/site-packages/airflow/example_dags/example_latest_only.py
[2026-08-12T04:33:29.344+0000] {processor.py:925} INFO - DAG(s) 'latest_only' retrieved from /home/airflow/.local/lib/python3.12/site-packages/airflow/example_dags/example_latest_only.py
[2026-08-12T04:33:29.369+0000] {logging_mixin.py:190} INFO - [2026-08-12T04:33:29.369+0000] {dag.py:3211} INFO - Sync 1 DAGs
[2026-08-12T04:33:29.404+0000] {logging_mixin.py:190} INFO - [2026-08-12T04:33:29.403+0000] {dag.py:4138} INFO - Setting next_dagrun for latest_only to 2026-08-12 00:00:00+00:00, run_after=2026-08-12 04:00:00+00:00
[2026-08-12T04:33:29.444+0000] {processor.py:208} INFO - Processing /home/airflow/.local/lib/python3.12/site-packages/airflow/example_dags/example_latest_only.py took 0.131 seconds
[2026-08-12T04:34:00.081+0000] {processor.py:186} INFO - Started process (PID=215) to work on /home/airflow/.local/lib/python3.12/site-packages/airflow/example_dags/example_latest_only.py
[2026-08-12T04:34:00.084+0000] {processor.py:914} INFO - Processing file /home/airflow/.local/lib/python3.12/site-packages/airflow/example_dags/example_latest_only.py for tasks to queue
[2026-08-12T04:34:00.088+0000] {logging_mixin.py:190} INFO - [2026-08-12T04:34:00.088+0000] {dagbag.py:587} INFO - Filling up the DagBag from /home/airflow/.local/lib/python3.12/site-packages/airflow/example_dags/example_latest_only.py
[2026-08-12T04:34:00.098+0000] {processor.py:925} INFO - DAG(s) 'latest_only' retrieved from /home/airflow/.local/lib/python3.12/site-packages/airflow/example_dags/example_latest_only.py
[2026-08-12T04:34:00.129+0000] {logging_mixin.py:190} INFO - [2026-08-12T04:34:00.127+0000] {dag.py:3211} INFO - Sync 1 DAGs
[2026-08-12T04:34:00.160+0000] {logging_mixin.py:190} INFO - [2026-08-12T04:34:00.159+0000] {dag.py:4138} INFO - Setting next_dagrun for latest_only to 2026-08-12 00:00:00+00:00, run_after=2026-08-12 04:00:00+00:00
[2026-08-12T04:34:00.185+0000] {processor.py:208} INFO - Processing /home/airflow/.local/lib/python3.12/site-packages/airflow/example_dags/example_latest_only.py took 0.112 seconds
[2026-08-12T04:34:30.262+0000] {processor.py:186} INFO - Started process (PID=277) to work on /home/airflow/.local/lib/python3.12/site-packages/airflow/example_dags/example_latest_only.py
[2026-08-12T04:34:30.265+0000] {processor.py:914} INFO - Processing file /home/airflow/.local/lib/python3.12/site-packages/airflow/example_dags/example_latest_only.py for tasks to queue
[2026-08-12T04:34:30.269+0000] {logging_mixin.py:190} INFO - [2026-08-12T04:34:30.268+0000] {dagbag.py:587} INFO - Filling up the DagBag from /home/airflow/.local/lib/python3.12/site-packages/airflow/example_dags/example_latest_only.py
[2026-08-12T04:34:30.280+0000] {processor.py:925} INFO - DAG(s) 'latest_only' retrieved from /home/airflow/.local/lib/python3.12/site-packages/airflow/example_dags/example_latest_only.py
[2026-08-12T04:34:30.300+0000] {logging_mixin.py:190} INFO - [2026-08-12T04:34:30.300+0000] {dag.py:3211} INFO - Sync 1 DAGs
[2026-08-12T04:34:30.324+0000] {logging_mixin.py:190} INFO - [2026-08-12T04:34:30.324+0000] {dag.py:4138} INFO - Setting next_dagrun for latest_only to 2026-08-12 00:00:00+00:00, run_after=2026-08-12 04:00:00+00:00
[2026-08-12T04:34:30.348+0000] {processor.py:208} INFO - Processing /home/airflow/.local/lib/python3.12/site-packages/airflow/example_dags/example_latest_only.py took 0.091 seconds
[2026-08-12T04:35:00.630+0000] {processor.py:186} INFO - Started process (PID=339) to work on /home/airflow/.local/lib/python3.12/site-packages/airflow/example_dags/example_latest_only.py
[2026-08-12T04:35:00.632+0000] {processor.py:914} INFO - Processing file /home/airflow/.local/lib/python3.12/site-packages/airflow/example_dags/example_latest_only.py for tasks to queue
[2026-08-12T04:35:00.636+0000] {logging_mixin.py:190} INFO - [2026-08-12T04:35:00.635+0000] {dagbag.py:587} INFO - Filling up the DagBag from /home/airflow/.local/lib/python3.12/site-packages/airflow/example_dags/example_latest_only.py
[2026-08-12T04:35:00.648+0000] {processor.py:925} INFO - DAG(s) 'latest_only' retrieved from /home/airflow/.local/lib/python3.12/site-packages/airflow/example_dags/example_latest_only.py
[2026-08-12T04:35:00.675+0000] {logging_mixin.py:190} INFO - [2026-08-12T04:35:00.675+0000] {dag.py:3211} INFO - Sync 1 DAGs
[2026-08-12T04:35:00.700+0000] {logging_mixin.py:190} INFO - [2026-08-12T04:35:00.700+0000] {dag.py:4138} INFO - Setting next_dagrun for latest_only to 2026-08-12 00:00:00+00:00, run_after=2026-08-12 04:00:00+00:00
[2026-08-12T04:35:00.727+0000] {processor.py:208} INFO - Processing /home/airflow/.local/lib/python3.12/site-packages/airflow/example_dags/example_latest_only.py took 0.105 seconds
[2026-08-12T04:35:31.641+0000] {processor.py:186} INFO - Started process (PID=401) to work on /home/airflow/.local/lib/python3.12/site-packages/airflow/example_dags/example_latest_only.py
[2026-08-12T04:35:31.645+0000] {processor.py:914} INFO - Processing file /home/airflow/.local/lib/python3.12/site-packages/airflow/example_dags/example_latest_only.py for tasks to queue
[2026-08-12T04:35:31.655+0000] {logging_mixin.py:190} INFO - [2026-08-12T04:35:31.655+0000] {dagbag.py:587} INFO - Filling up the DagBag from /home/airflow/.local/lib/python3.12/site-packages/airflow/example_dags/example_latest_only.py
[2026-08-12T04:35:31.670+0000] {processor.py:925} INFO - DAG(s) 'latest_only' retrieved from /home/airflow/.local/lib/python3.12/site-packages/airflow/example_dags/example_latest_only.py
[2026-08-12T04:35:31.703+0000] {logging_mixin.py:190} INFO - [2026-08-12T04:35:31.703+0000] {dag.py:3211} INFO - Sync 1 DAGs
[2026-08-12T04:35:31.735+0000] {logging_mixin.py:190} INFO - [2026-08-12T04:35:31.734+0000] {dag.py:4138} INFO - Setting next_dagrun for latest_only to 2026-08-12 00:00:00+00:00, run_after=2026-08-12 04:00:00+00:00
[2026-08-12T04:35:31.763+0000] {processor.py:208} INFO - Processing /home/airflow/.local/lib/python3.12/site-packages/airflow/example_dags/example_latest_only.py took 0.131 seconds
[2026-08-12T04:36:02.613+0000] {processor.py:186} INFO - Started process (PID=463) to work on /home/airflow/.local/lib/python3.12/site-packages/airflow/example_dags/example_latest_only.py
[2026-08-12T04:36:02.616+0000] {processor.py:914} INFO - Processing file /home/airflow/.local/lib/python3.12/site-packages/airflow/example_dags/example_latest_only.py for tasks to queue
[2026-08-12T04:36:02.623+0000] {logging_mixin.py:190} INFO - [2026-08-12T04:36:02.623+0000] {dagbag.py:587} INFO - Filling up the DagBag from /home/airflow/.local/lib/python3.12/site-packages/airflow/example_dags/example_latest_only.py
[2026-08-12T04:36:02.646+0000] {processor.py:925} INFO - DAG(s) 'latest_only' retrieved from /home/airflow/.local/lib/python3.12/site-packages/airflow/example_dags/example_latest_only.py
[2026-08-12T04:36:02.672+0000] {logging_mixin.py:190} INFO - [2026-08-12T04:36:02.672+0000] {dag.py:3211} INFO - Sync 1 DAGs
[2026-08-12T04:36:02.700+0000] {logging_mixin.py:190} INFO - [2026-08-12T04:36:02.700+0000] {dag.py:4138} INFO - Setting next_dagrun for latest_only to 2026-08-12 00:00:00+00:00, run_after=2026-08-12 04:00:00+00:00
[2026-08-12T04:36:02.731+0000] {processor.py:208} INFO - Processing /home/airflow/.local/lib/python3.12/site-packages/airflow/example_dags/example_latest_only.py took 0.130 seconds
[2026-08-12T04:36:32.928+0000] {processor.py:186} INFO - Started process (PID=525) to work on /home/airflow/.local/lib/python3.12/site-packages/airflow/example_dags/example_latest_only.py
[2026-08-12T04:36:32.930+0000] {processor.py:914} INFO - Processing file /home/airflow/.local/lib/python3.12/site-packages/airflow/example_dags/example_latest_only.py for tasks to queue
[2026-08-12T04:36:32.938+0000] {logging_mixin.py:190} INFO - [2026-08-12T04:36:32.937+0000] {dagbag.py:587} INFO - Filling up the DagBag from /home/airflow/.local/lib/python3.12/site-packages/airflow/example_dags/example_latest_only.py
[2026-08-12T04:36:32.950+0000] {processor.py:925} INFO - DAG(s) 'latest_only' retrieved from /home/airflow/.local/lib/python3.12/site-packages/airflow/example_dags/example_latest_only.py
[2026-08-12T04:36:32.978+0000] {logging_mixin.py:190} INFO - [2026-08-12T04:36:32.978+0000] {dag.py:3211} INFO - Sync 1 DAGs
[2026-08-12T04:36:33.003+0000] {logging_mixin.py:190} INFO - [2026-08-12T04:36:33.003+0000] {dag.py:4138} INFO - Setting next_dagrun for latest_only to 2026-08-12 00:00:00+00:00, run_after=2026-08-12 04:00:00+00:00
[2026-08-12T04:36:33.027+0000] {processor.py:208} INFO - Processing /home/airflow/.local/lib/python3.12/site-packages/airflow/example_dags/example_latest_only.py took 0.113 seconds
[2026-08-12T04:37:03.695+0000] {processor.py:186} INFO - Started process (PID=587) to work on /home/airflow/.local/lib/python3.12/site-packages/airflow/example_dags/example_latest_only.py
[2026-08-12T04:37:03.699+0000] {processor.py:914} INFO - Processing file /home/airflow/.local/lib/python3.12/site-packages/airflow/example_dags/example_latest_only.py for tasks to queue
[2026-08-12T04:37:03.705+0000] {logging_mixin.py:190} INFO - [2026-08-12T04:37:03.704+0000] {dagbag.py:587} INFO - Filling up the DagBag from /home/airflow/.local/lib/python3.12/site-packages/airflow/example_dags/example_latest_only.py
[2026-08-12T04:37:03.727+0000] {processor.py:925} INFO - DAG(s) 'latest_only' retrieved from /home/airflow/.local/lib/python3.12/site-packages/airflow/example_dags/example_latest_only.py
[2026-08-12T04:37:03.790+0000] {logging_mixin.py:190} INFO - [2026-08-12T04:37:03.789+0000] {dag.py:3211} INFO - Sync 1 DAGs
[2026-08-12T04:37:03.823+0000] {logging_mixin.py:190} INFO - [2026-08-12T04:37:03.823+0000] {dag.py:4138} INFO - Setting next_dagrun for latest_only to 2026-08-12 00:00:00+00:00, run_after=2026-08-12 04:00:00+00:00
[2026-08-12T04:37:03.847+0000] {processor.py:208} INFO - Processing /home/airflow/.local/lib/python3.12/site-packages/airflow/example_dags/example_latest_only.py took 0.164 seconds
[2026-08-12T04:37:34.059+0000] {processor.py:186} INFO - Started process (PID=649) to work on /home/airflow/.local/lib/python3.12/site-packages/airflow/example_dags/example_latest_only.py
[2026-08-12T04:37:34.061+0000] {processor.py:914} INFO - Processing file /home/airflow/.local/lib/python3.12/site-packages/airflow/example_dags/example_latest_only.py for tasks to queue
[2026-08-12T04:37:34.065+0000] {logging_mixin.py:190} INFO - [2026-08-12T04:37:34.065+0000] {dagbag.py:587} INFO - Filling up the DagBag from /home/airflow/.local/lib/python3.12/site-packages/airflow/example_dags/example_latest_only.py
[2026-08-12T04:37:34.078+0000] {processor.py:925} INFO - DAG(s) 'latest_only' retrieved from /home/airflow/.local/lib/python3.12/site-packages/airflow/example_dags/example_latest_only.py
[2026-08-12T04:37:34.104+0000] {logging_mixin.py:190} INFO - [2026-08-12T04:37:34.104+0000] {dag.py:3211} INFO - Sync 1 DAGs
[2026-08-12T04:37:34.134+0000] {logging_mixin.py:190} INFO - [2026-08-12T04:37:34.134+0000] {dag.py:4138} INFO - Setting next_dagrun for latest_only to 2026-08-12 00:00:00+00:00, run_after=2026-08-12 04:00:00+00:00
[2026-08-12T04:37:34.162+0000] {processor.py:208} INFO - Processing /home/airflow/.local/lib/python3.12/site-packages/airflow/example_dags/example_latest_only.py took 0.111 seconds
[2026-08-12T04:38:04.234+0000] {processor.py:186} INFO - Started process (PID=711) to work on /home/airflow/.local/lib/python3.12/site-packages/airflow/example_dags/example_latest_only.py
[2026-08-12T04:38:04.236+0000] {processor.py:914} INFO - Processing file /home/airflow/.local/lib/python3.12/site-packages/airflow/example_dags/example_latest_only.py for tasks to queue
[2026-08-12T04:38:04.240+0000] {logging_mixin.py:190} INFO - [2026-08-12T04:38:04.239+0000] {dagbag.py:587} INFO - Filling up the DagBag from /home/airflow/.local/lib/python3.12/site-packages/airflow/example_dags/example_latest_only.py
[2026-08-12T04:38:04.250+0000] {processor.py:925} INFO - DAG(s) 'latest_only' retrieved from /home/airflow/.local/lib/python3.12/site-packages/airflow/example_dags/example_latest_only.py
[2026-08-12T04:38:04.278+0000] {logging_mixin.py:190} INFO - [2026-08-12T04:38:04.278+0000] {dag.py:3211} INFO - Sync 1 DAGs
[2026-08-12T04:38:04.304+0000] {logging_mixin.py:190} INFO - [2026-08-12T04:38:04.304+0000] {dag.py:4138} INFO - Setting next_dagrun for latest_only to 2026-08-12 00:00:00+00:00, run_after=2026-08-12 04:00:00+00:00
[2026-08-12T04:38:04.326+0000] {processor.py:208} INFO - Processing /home/airflow/.local/lib/python3.12/site-packages/airflow/example_dags/example_latest_only.py took 0.099 seconds
[2026-08-12T04:38:34.576+0000] {processor.py:186} INFO - Started process (PID=773) to work on /home/airflow/.local/lib/python3.12/site-packages/airflow/example_dags/example_latest_only.py
[2026-08-12T04:38:34.579+0000] {processor.py:914} INFO - Processing file /home/airflow/.local/lib/python3.12/site-packages/airflow/example_dags/example_latest_only.py for tasks to queue
[2026-08-12T04:38:34.586+0000] {logging_mixin.py:190} INFO - [2026-08-12T04:38:34.585+0000] {dagbag.py:587} INFO - Filling up the DagBag from /home/airflow/.local/lib/python3.12/site-packages/airflow/example_dags/example_latest_only.py
[2026-08-12T04:38:34.599+0000] {processor.py:925} INFO - DAG(s) 'latest_only' retrieved from /home/airflow/.local/lib/python3.12/site-packages/airflow/example_dags/example_latest_only.py
[2026-08-12T04:38:34.636+0000] {logging_mixin.py:190} INFO - [2026-08-12T04:38:34.636+0000] {dag.py:3211} INFO - Sync 1 DAGs
[2026-08-12T04:38:34.664+0000] {logging_mixin.py:190} INFO - [2026-08-12T04:38:34.664+0000] {dag.py:4138} INFO - Setting next_dagrun for latest_only to 2026-08-12 00:00:00+00:00, run_after=2026-08-12 04:00:00+00:00
[2026-08-12T04:38:34.691+0000] {processor.py:208} INFO - Processing /home/airflow/.local/lib/python3.12/site-packages/airflow/example_dags/example_latest_only.py took 0.122 seconds
[2026-08-12T04:39:04.855+0000] {processor.py:186} INFO - Started process (PID=835) to work on /home/airflow/.local/lib/python3.12/site-packages/airflow/example_dags/example_latest_only.py
[2026-08-12T04:39:04.858+0000] {processor.py:914} INFO - Processing file /home/airflow/.local/lib/python3.12/site-packages/airflow/example_dags/example_latest_only.py for tasks to queue
[2026-08-12T04:39:04.862+0000] {logging_mixin.py:190} INFO - [2026-08-12T04:39:04.862+0000] {dagbag.py:587} INFO - Filling up the DagBag from /home/airflow/.local/lib/python3.12/site-packages/airflow/example_dags/example_latest_only.py
[2026-08-12T04:39:04.871+0000] {processor.py:925} INFO - DAG(s) 'latest_only' retrieved from /home/airflow/.local/lib/python3.12/site-packages/airflow/example_dags/example_latest_only.py
[2026-08-12T04:39:04.896+0000] {logging_mixin.py:190} INFO - [2026-08-12T04:39:04.896+0000] {dag.py:3211} INFO - Sync 1 DAGs
[2026-08-12T04:39:04.920+0000] {logging_mixin.py:190} INFO - [2026-08-12T04:39:04.920+0000] {dag.py:4138} INFO - Setting next_dagrun for latest_only to 2026-08-12 00:00:00+00:00, run_after=2026-08-12 04:00:00+00:00
[2026-08-12T04:39:04.947+0000] {processor.py:208} INFO - Processing /home/airflow/.local/lib/python3.12/site-packages/airflow/example_dags/example_latest_only.py took 0.100 seconds
[2026-08-12T04:39:35.813+0000] {processor.py:186} INFO - Started process (PID=897) to work on /home/airflow/.local/lib/python3.12/site-packages/airflow/example_dags/example_latest_only.py
[2026-08-12T04:39:35.816+0000] {processor.py:914} INFO - Processing file /home/airflow/.local/lib/python3.12/site-packages/airflow/example_dags/example_latest_only.py for tasks to queue
[2026-08-12T04:39:35.822+0000] {logging_mixin.py:190} INFO - [2026-08-12T04:39:35.821+0000] {dagbag.py:587} INFO - Filling up the DagBag from /home/airflow/.local/lib/python3.12/site-packages/airflow/example_dags/example_latest_only.py
[2026-08-12T04:39:35.835+0000] {processor.py:925} INFO - DAG(s) 'latest_only' retrieved from /home/airflow/.local/lib/python3.12/site-packages/airflow/example_dags/example_latest_only.py
[2026-08-12T04:39:35.869+0000] {logging_mixin.py:190} INFO - [2026-08-12T04:39:35.869+0000] {dag.py:3211} INFO - Sync 1 DAGs
[2026-08-12T04:39:35.899+0000] {logging_mixin.py:190} INFO - [2026-08-12T04:39:35.898+0000] {dag.py:4138} INFO - Setting next_dagrun for latest_only to 2026-08-12 00:00:00+00:00, run_after=2026-08-12 04:00:00+00:00
[2026-08-12T04:39:35.925+0000] {processor.py:208} INFO - Processing /home/airflow/.local/lib/python3.12/site-packages/airflow/example_dags/example_latest_only.py took 0.121 seconds
[2026-08-12T04:40:06.352+0000] {processor.py:186} INFO - Started process (PID=959) to work on /home/airflow/.local/lib/python3.12/site-packages/airflow/example_dags/example_latest_only.py
[2026-08-12T04:40:06.355+0000] {processor.py:914} INFO - Processing file /home/airflow/.local/lib/python3.12/site-packages/airflow/example_dags/example_latest_only.py for tasks to queue
[2026-08-12T04:40:06.359+0000] {logging_mixin.py:190} INFO - [2026-08-12T04:40:06.358+0000] {dagbag.py:587} INFO - Filling up the DagBag from /home/airflow/.local/lib/python3.12/site-packages/airflow/example_dags/example_latest_only.py
[2026-08-12T04:40:06.367+0000] {processor.py:925} INFO - DAG(s) 'latest_only' retrieved from /home/airflow/.local/lib/python3.12/site-packages/airflow/example_dags/example_latest_only.py
[2026-08-12T04:40:06.392+0000] {logging_mixin.py:190} INFO - [2026-08-12T04:40:06.392+0000] {dag.py:3211} INFO - Sync 1 DAGs
[2026-08-12T04:40:06.424+0000] {logging_mixin.py:190} INFO - [2026-08-12T04:40:06.423+0000] {dag.py:4138} INFO - Setting next_dagrun for latest_only to 2026-08-12 00:00:00+00:00, run_after=2026-08-12 04:00:00+00:00
[2026-08-12T04:40:06.449+0000] {processor.py:208} INFO - Processing /home/airflow/.local/lib/python3.12/site-packages/airflow/example_dags/example_latest_only.py took 0.103 seconds
[2026-08-12T04:40:36.669+0000] {processor.py:186} INFO - Started process (PID=1021) to work on /home/airflow/.local/lib/python3.12/site-packages/airflow/example_dags/example_latest_only.py
[2026-08-12T04:40:36.672+0000] {processor.py:914} INFO - Processing file /home/airflow/.local/lib/python3.12/site-packages/airflow/example_dags/example_latest_only.py for tasks to queue
[2026-08-12T04:40:36.676+0000] {logging_mixin.py:190} INFO - [2026-08-12T04:40:36.675+0000] {dagbag.py:587} INFO - Filling up the DagBag from /home/airflow/.local/lib/python3.12/site-packages/airflow/example_dags/example_latest_only.py
[2026-08-12T04:40:36.685+0000] {processor.py:925} INFO - DAG(s) 'latest_only' retrieved from /home/airflow/.local/lib/python3.12/site-packages/airflow/example_dags/example_latest_only.py
[2026-08-12T04:40:36.707+0000] {logging_mixin.py:190} INFO - [2026-08-12T04:40:36.707+0000] {dag.py:3211} INFO - Sync 1 DAGs
[2026-08-12T04:40:36.732+0000] {logging_mixin.py:190} INFO - [2026-08-12T04:40:36.731+0000] {dag.py:4138} INFO - Setting next_dagrun for latest_only to 2026-08-12 00:00:00+00:00, run_after=2026-08-12 04:00:00+00:00
[2026-08-12T04:40:36.760+0000] {processor.py:208} INFO - Processing /home/airflow/.local/lib/python3.12/site-packages/airflow/example_dags/example_latest_only.py took 0.096 seconds
[2026-08-12T04:41:07.091+0000] {processor.py:186} INFO - Started process (PID=1083) to work on /home/airflow/.local/lib/python3.12/site-packages/airflow/example_dags/example_latest_only.py
[2026-08-12T04:41:07.093+0000] {processor.py:914} INFO - Processing file /home/airflow/.local/lib/python3.12/site-packages/airflow/example_dags/example_latest_only.py for tasks to queue
[2026-08-12T04:41:07.097+0000] {logging_mixin.py:190} INFO - [2026-08-12T04:41:07.097+0000] {dagbag.py:587} INFO - Filling up the DagBag from /home/airflow/.local/lib/python3.12/site-packages/airflow/example_dags/example_latest_only.py
[2026-08-12T04:41:07.106+0000] {processor.py:925} INFO - DAG(s) 'latest_only' retrieved from /home/airflow/.local/lib/python3.12/site-packages/airflow/example_dags/example_latest_only.py
[2026-08-12T04:41:07.127+0000] {logging_mixin.py:190} INFO - [2026-08-12T04:41:07.127+0000] {dag.py:3211} INFO - Sync 1 DAGs
[2026-08-12T04:41:07.151+0000] {logging_mixin.py:190} INFO - [2026-08-12T04:41:07.151+0000] {dag.py:4138} INFO - Setting next_dagrun for latest_only to 2026-08-12 00:00:00+00:00, run_after=2026-08-12 04:00:00+00:00
[2026-08-12T04:41:07.172+0000] {processor.py:208} INFO - Processing /home/airflow/.local/lib/python3.12/site-packages/airflow/example_dags/example_latest_only.py took 0.087 seconds
[2026-08-12T04:41:37.560+0000] {processor.py:186} INFO - Started process (PID=1145) to work on /home/airflow/.local/lib/python3.12/site-packages/airflow/example_dags/example_latest_only.py
[2026-08-12T04:41:37.562+0000] {processor.py:914} INFO - Processing file /home/airflow/.local/lib/python3.12/site-packages/airflow/example_dags/example_latest_only.py for tasks to queue
[2026-08-12T04:41:37.566+0000] {logging_mixin.py:190} INFO - [2026-08-12T04:41:37.565+0000] {dagbag.py:587} INFO - Filling up the DagBag from /home/airflow/.local/lib/python3.12/site-packages/airflow/example_dags/example_latest_only.py
[2026-08-12T04:41:37.577+0000] {processor.py:925} INFO - DAG(s) 'latest_only' retrieved from /home/airflow/.local/lib/python3.12/site-packages/airflow/example_dags/example_latest_only.py
[2026-08-12T04:41:37.604+0000] {logging_mixin.py:190} INFO - [2026-08-12T04:41:37.603+0000] {dag.py:3211} INFO - Sync 1 DAGs
[2026-08-12T04:41:37.645+0000] {logging_mixin.py:190} INFO - [2026-08-12T04:41:37.644+0000] {dag.py:4138} INFO - Setting next_dagrun for latest_only to 2026-08-12 00:00:00+00:00, run_after=2026-08-12 04:00:00+00:00
[2026-08-12T04:41:37.670+0000] {processor.py:208} INFO - Processing /home/airflow/.local/lib/python3.12/site-packages/airflow/example_dags/example_latest_only.py took 0.117 seconds
[2026-08-12T04:42:08.165+0000] {processor.py:186} INFO - Started process (PID=1207) to work on /home/airflow/.local/lib/python3.12/site-packages/airflow/example_dags/example_latest_only.py
[2026-08-12T04:42:08.167+0000] {processor.py:914} INFO - Processing file /home/airflow/.local/lib/python3.12/site-packages/airflow/example_dags/example_latest_only.py for tasks to queue
[2026-08-12T04:42:08.171+0000] {logging_mixin.py:190} INFO - [2026-08-12T04:42:08.171+0000] {dagbag.py:587} INFO - Filling up the DagBag from /home/airflow/.local/lib/python3.12/site-packages/airflow/example_dags/example_latest_only.py
[2026-08-12T04:42:08.184+0000] {processor.py:925} INFO - DAG(s) 'latest_only' retrieved from /home/airflow/.local/lib/python3.12/site-packages/airflow/example_dags/example_latest_only.py
[2026-08-12T04:42:08.207+0000] {logging_mixin.py:190} INFO - [2026-08-12T04:42:08.207+0000] {dag.py:3211} INFO - Sync 1 DAGs
[2026-08-12T04:42:08.242+0000] {logging_mixin.py:190} INFO - [2026-08-12T04:42:08.242+0000] {dag.py:4138} INFO - Setting next_dagrun for latest_only to 2026-08-12 00:00:00+00:00, run_after=2026-08-12 04:00:00+00:00
[2026-08-12T04:42:08.265+0000] {processor.py:208} INFO - Processing /home/airflow/.local/lib/python3.12/site-packages/airflow/example_dags/example_latest_only.py took 0.107 seconds
[2026-08-12T04:42:38.820+0000] {processor.py:186} INFO - Started process (PID=1269) to work on /home/airflow/.local/lib/python3.12/site-packages/airflow/example_dags/example_latest_only.py
[2026-08-12T04:42:38.823+0000] {processor.py:914} INFO - Processing file /home/airflow/.local/lib/python3.12/site-packages/airflow/example_dags/example_latest_only.py for tasks to queue
[2026-08-12T04:42:38.828+0000] {logging_mixin.py:190} INFO - [2026-08-12T04:42:38.828+0000] {dagbag.py:587} INFO - Filling up the DagBag from /home/airflow/.local/lib/python3.12/site-packages/airflow/example_dags/example_latest_only.py
[2026-08-12T04:42:38.840+0000] {processor.py:925} INFO - DAG(s) 'latest_only' retrieved from /home/airflow/.local/lib/python3.12/site-packages/airflow/example_dags/example_latest_only.py
[2026-08-12T04:42:38.873+0000] {logging_mixin.py:190} INFO - [2026-08-12T04:42:38.873+0000] {dag.py:3211} INFO - Sync 1 DAGs
[2026-08-12T04:42:38.905+0000] {logging_mixin.py:190} INFO - [2026-08-12T04:42:38.905+0000] {dag.py:4138} INFO - Setting next_dagrun for latest_only to 2026-08-12 00:00:00+00:00, run_after=2026-08-12 04:00:00+00:00
[2026-08-12T04:42:38.932+0000] {processor.py:208} INFO - Processing /home/airflow/.local/lib/python3.12/site-packages/airflow/example_dags/example_latest_only.py took 0.119 seconds
[2026-08-12T04:43:09.687+0000] {processor.py:186} INFO - Started process (PID=1331) to work on /home/airflow/.local/lib/python3.12/site-packages/airflow/example_dags/example_latest_only.py
[2026-08-12T04:43:09.690+0000] {processor.py:914} INFO - Processing file /home/airflow/.local/lib/python3.12/site-packages/airflow/example_dags/example_latest_only.py for tasks to queue
[2026-08-12T04:43:09.695+0000] {logging_mixin.py:190} INFO - [2026-08-12T04:43:09.695+0000] {dagbag.py:587} INFO - Filling up the DagBag from /home/airflow/.local/lib/python3.12/site-packages/airflow/example_dags/example_latest_only.py
[2026-08-12T04:43:09.715+0000] {processor.py:925} INFO - DAG(s) 'latest_only' retrieved from /home/airflow/.local/lib/python3.12/site-packages/airflow/example_dags/example_latest_only.py
[2026-08-12T04:43:09.745+0000] {logging_mixin.py:190} INFO - [2026-08-12T04:43:09.745+0000] {dag.py:3211} INFO - Sync 1 DAGs
[2026-08-12T04:43:09.772+0000] {logging_mixin.py:190} INFO - [2026-08-12T04:43:09.771+0000] {dag.py:4138} INFO - Setting next_dagrun for latest_only to 2026-08-12 00:00:00+00:00, run_after=2026-08-12 04:00:00+00:00
[2026-08-12T04:43:09.810+0000] {processor.py:208} INFO - Processing /home/airflow/.local/lib/python3.12/site-packages/airflow/example_dags/example_latest_only.py took 0.130 seconds
[2026-08-12T04:43:40.001+0000] {processor.py:186} INFO - Started process (PID=1393) to work on /home/airflow/.local/lib/python3.12/site-packages/airflow/example_dags/example_latest_only.py
[2026-08-12T04:43:40.003+0000] {processor.py:914} INFO - Processing file /home/airflow/.local/lib/python3.12/site-packages/airflow/example_dags/example_latest_only.py for tasks to queue
[2026-08-12T04:43:40.007+0000] {logging_mixin.py:190} INFO - [2026-08-12T04:43:40.007+0000] {dagbag.py:587} INFO - Filling up the DagBag from /home/airflow/.local/lib/python3.12/site-packages/airflow/example_dags/example_latest_only.py
[2026-08-12T04:43:40.016+0000] {processor.py:925} INFO - DAG(s) 'latest_only' retrieved from /home/airflow/.local/lib/python3.12/site-packages/airflow/example_dags/example_latest_only.py
[2026-08-12T04:43:40.039+0000] {logging_mixin.py:190} INFO - [2026-08-12T04:43:40.039+0000] {dag.py:3211} INFO - Sync 1 DAGs
[2026-08-12T04:43:40.063+0000] {logging_mixin.py:190} INFO - [2026-08-12T04:43:40.063+0000] {dag.py:4138} INFO - Setting next_dagrun for latest_only to 2026-08-12 00:00:00+00:00, run_after=2026-08-12 04:00:00+00:00
[2026-08-12T04:43:40.086+0000] {processor.py:208} INFO - Processing /home/airflow/.local/lib/python3.12/site-packages/airflow/example_dags/example_latest_only.py took 0.091 seconds
[2026-08-12T04:44:10.351+0000] {processor.py:186} INFO - Started process (PID=1455) to work on /home/airflow/.local/lib/python3.12/site-packages/airflow/example_dags/example_latest_only.py
[2026-08-12T04:44:10.353+0000] {processor.py:914} INFO - Processing file /home/airflow/.local/lib/python3.12/site-packages/airflow/example_dags/example_latest_only.py for tasks to queue
[2026-08-12T04:44:10.357+0000] {logging_mixin.py:190} INFO - [2026-08-12T04:44:10.356+0000] {dagbag.py:587} INFO - Filling up the DagBag from /home/airflow/.local/lib/python3.12/site-packages/airflow/example_dags/example_latest_only.py
[2026-08-12T04:44:10.366+0000] {processor.py:925} INFO - DAG(s) 'latest_only' retrieved from /home/airflow/.local/lib/python3.12/site-packages/airflow/example_dags/example_latest_only.py
[2026-08-12T04:44:10.390+0000] {logging_mixin.py:190} INFO - [2026-08-12T04:44:10.390+0000] {dag.py:3211} INFO - Sync 1 DAGs
[2026-08-12T04:44:10.418+0000] {logging_mixin.py:190} INFO - [2026-08-12T04:44:10.418+0000] {dag.py:4138} INFO - Setting next_dagrun for latest_only to 2026-08-12 00:00:00+00:00, run_after=2026-08-12 04:00:00+00:00
[2026-08-12T04:44:10.446+0000] {processor.py:208} INFO - Processing /home/airflow/.local/lib/python3.12/site-packages/airflow/example_dags/example_latest_only.py took 0.101 seconds
[2026-08-12T04:44:40.582+0000] {processor.py:186} INFO - Started process (PID=1517) to work on /home/airflow/.local/lib/python3.12/site-packages/airflow/example_dags/example_latest_only.py
[2026-08-12T04:44:40.585+0000] {processor.py:914} INFO - Processing file /home/airflow/.local/lib/python3.12/site-packages/airflow/example_dags/example_latest_only.py for tasks to queue
[2026-08-12T04:44:40.591+0000] {logging_mixin.py:190} INFO - [2026-08-12T04:44:40.589+0000] {dagbag.py:587} INFO - Filling up the DagBag from /home/airflow/.local/lib/python3.12/site-packages/airflow/example_dags/example_latest_only.py
[2026-08-12T04:44:40.603+0000] {processor.py:925} INFO - DAG(s) 'latest_only' retrieved from /home/airflow/.local/lib/python3.12/site-packages/airflow/example_dags/example_latest_only.py
[2026-08-12T04:44:40.633+0000] {logging_mixin.py:190} INFO - [2026-08-12T04:44:40.632+0000] {dag.py:3211} INFO - Sync 1 DAGs
[2026-08-12T04:44:40.663+0000] {logging_mixin.py:190} INFO - [2026-08-12T04:44:40.662+0000] {dag.py:4138} INFO - Setting next_dagrun for latest_only to 2026-08-12 00:00:00+00:00, run_after=2026-08-12 04:00:00+00:00
[2026-08-12T04:44:40.685+0000] {processor.py:208} INFO - Processing /home/airflow/.local/lib/python3.12/site-packages/airflow/example_dags/example_latest_only.py took 0.110 seconds
[2026-08-12T04:45:11.256+0000] {processor.py:186} INFO - Started process (PID=1579) to work on /home/airflow/.local/lib/python3.12/site-packages/airflow/example_dags/example_latest_only.py
[2026-08-12T04:45:11.259+0000] {processor.py:914} INFO - Processing file /home/airflow/.local/lib/python3.12/site-packages/airflow/example_dags/example_latest_only.py for tasks to queue
[2026-08-12T04:45:11.265+0000] {logging_mixin.py:190} INFO - [2026-08-12T04:45:11.264+0000] {dagbag.py:587} INFO - Filling up the DagBag from /home/airflow/.local/lib/python3.12/site-packages/airflow/example_dags/example_latest_only.py
[2026-08-12T04:45:11.277+0000] {processor.py:925} INFO - DAG(s) 'latest_only' retrieved from /home/airflow/.local/lib/python3.12/site-packages/airflow/example_dags/example_latest_only.py
[2026-08-12T04:45:11.304+0000] {logging_mixin.py:190} INFO - [2026-08-12T04:45:11.304+0000] {dag.py:3211} INFO - Sync 1 DAGs
[2026-08-12T04:45:11.337+0000] {logging_mixin.py:190} INFO - [2026-08-12T04:45:11.337+0000] {dag.py:4138} INFO - Setting next_dagrun for latest_only to 2026-08-12 00:00:00+00:00, run_after=2026-08-12 04:00:00+00:00
[2026-08-12T04:45:11.368+0000] {processor.py:208} INFO - Processing /home/airflow/.local/lib/python3.12/site-packages/airflow/example_dags/example_latest_only.py took 0.125 seconds
[2026-08-12T04:45:41.613+0000] {processor.py:186} INFO - Started process (PID=1641) to work on /home/airflow/.local/lib/python3.12/site-packages/airflow/example_dags/example_latest_only.py
[2026-08-12T04:45:41.616+0000] {processor.py:914} INFO - Processing file /home/airflow/.local/lib/python3.12/site-packages/airflow/example_dags/example_latest_only.py for tasks to queue
[2026-08-12T04:45:41.621+0000] {logging_mixin.py:190} INFO - [2026-08-12T04:45:41.620+0000] {dagbag.py:587} INFO - Filling up the DagBag from /home/airflow/.local/lib/python3.12/site-packages/airflow/example_dags/example_latest_only.py
[2026-08-12T04:45:41.630+0000] {processor.py:925} INFO - DAG(s) 'latest_only' retrieved from /home/airflow/.local/lib/python3.12/site-packages/airflow/example_dags/example_latest_only.py
[2026-08-12T04:45:41.657+0000] {logging_mixin.py:190} INFO - [2026-08-12T04:45:41.656+0000] {dag.py:3211} INFO - Sync 1 DAGs
[2026-08-12T04:45:41.683+0000] {logging_mixin.py:190} INFO - [2026-08-12T04:45:41.683+0000] {dag.py:4138} INFO - Setting next_dagrun for latest_only to 2026-08-12 00:00:00+00:00, run_after=2026-08-12 04:00:00+00:00
[2026-08-12T04:45:41.713+0000] {processor.py:208} INFO - Processing /home/airflow/.local/lib/python3.12/site-packages/airflow/example_dags/example_latest_only.py took 0.106 seconds
[2026-08-12T04:46:12.222+0000] {processor.py:186} INFO - Started process (PID=1703) to work on /home/airflow/.local/lib/python3.12/site-packages/airflow/example_dags/example_latest_only.py
[2026-08-12T04:46:12.224+0000] {processor.py:914} INFO - Processing file /home/airflow/.local/lib/python3.12/site-packages/airflow/example_dags/example_latest_only.py for tasks to queue
[2026-08-12T04:46:12.228+0000] {logging_mixin.py:190} INFO - [2026-08-12T04:46:12.228+0000] {dagbag.py:587} INFO - Filling up the DagBag from /home/airflow/.local/lib/python3.12/site-packages/airflow/example_dags/example_latest_only.py
[2026-08-12T04:46:12.238+0000] {processor.py:925} INFO - DAG(s) 'latest_only' retrieved from /home/airflow/.local/lib/python3.12/site-packages/airflow/example_dags/example_latest_only.py
[2026-08-12T04:46:12.264+0000] {logging_mixin.py:190} INFO - [2026-08-12T04:46:12.264+0000] {dag.py:3211} INFO - Sync 1 DAGs
[2026-08-12T04:46:12.293+0000] {logging_mixin.py:190} INFO - [2026-08-12T04:46:12.293+0000] {dag.py:4138} INFO - Setting next_dagrun for latest_only to 2026-08-12 00:00:00+00:00, run_after=2026-08-12 04:00:00+00:00
[2026-08-12T04:46:12.322+0000] {processor.py:208} INFO - Processing /home/airflow/.local/lib/python3.12/site-packages/airflow/example_dags/example_latest_only.py took 0.106 seconds
[2026-08-12T04:46:43.078+0000] {processor.py:186} INFO - Started process (PID=1765) to work on /home/airflow/.local/lib/python3.12/site-packages/airflow/example_dags/example_latest_only.py
[2026-08-12T04:46:43.083+0000] {processor.py:914} INFO - Processing file /home/airflow/.local/lib/python3.12/site-packages/airflow/example_dags/example_latest_only.py for tasks to queue
[2026-08-12T04:46:43.091+0000] {logging_mixin.py:190} INFO - [2026-08-12T04:46:43.090+0000] {dagbag.py:587} INFO - Filling up the DagBag from /home/airflow/.local/lib/python3.12/site-packages/airflow/example_dags/example_latest_only.py
[2026-08-12T04:46:43.102+0000] {processor.py:925} INFO - DAG(s) 'latest_only' retrieved from /home/airflow/.local/lib/python3.12/site-packages/airflow/example_dags/example_latest_only.py
[2026-08-12T04:46:43.131+0000] {logging_mixin.py:190} INFO - [2026-08-12T04:46:43.131+0000] {dag.py:3211} INFO - Sync 1 DAGs
[2026-08-12T04:46:43.168+0000] {logging_mixin.py:190} INFO - [2026-08-12T04:46:43.168+0000] {dag.py:4138} INFO - Setting next_dagrun for latest_only to 2026-08-12 00:00:00+00:00, run_after=2026-08-12 04:00:00+00:00
[2026-08-12T04:46:43.198+0000] {processor.py:208} INFO - Processing /home/airflow/.local/lib/python3.12/site-packages/airflow/example_dags/example_latest_only.py took 0.126 seconds
[2026-08-12T04:47:13.825+0000] {processor.py:186} INFO - Started process (PID=1828) to work on /home/airflow/.local/lib/python3.12/site-packages/airflow/example_dags/example_latest_only.py
[2026-08-12T04:47:13.828+0000] {processor.py:914} INFO - Processing file /home/airflow/.local/lib/python3.12/site-packages/airflow/example_dags/example_latest_only.py for tasks to queue
[2026-08-12T04:47:13.832+0000] {logging_mixin.py:190} INFO - [2026-08-12T04:47:13.832+0000] {dagbag.py:587} INFO - Filling up the DagBag from /home/airflow/.local/lib/python3.12/site-packages/airflow/example_dags/example_latest_only.py
[2026-08-12T04:47:13.842+0000] {processor.py:925} INFO - DAG(s) 'latest_only' retrieved from /home/airflow/.local/lib/python3.12/site-packages/airflow/example_dags/example_latest_only.py
[2026-08-12T04:47:13.864+0000] {logging_mixin.py:190} INFO - [2026-08-12T04:47:13.863+0000] {dag.py:3211} INFO - Sync 1 DAGs
[2026-08-12T04:47:13.889+0000] {logging_mixin.py:190} INFO - [2026-08-12T04:47:13.888+0000] {dag.py:4138} INFO - Setting next_dagrun for latest_only to 2026-08-12 00:00:00+00:00, run_after=2026-08-12 04:00:00+00:00
[2026-08-12T04:47:13.916+0000] {processor.py:208} INFO - Processing /home/airflow/.local/lib/python3.12/site-packages/airflow/example_dags/example_latest_only.py took 0.098 seconds
[2026-08-12T04:47:44.275+0000] {processor.py:186} INFO - Started process (PID=1890) to work on /home/airflow/.local/lib/python3.12/site-packages/airflow/example_dags/example_latest_only.py
[2026-08-12T04:47:44.281+0000] {processor.py:914} INFO - Processing file /home/airflow/.local/lib/python3.12/site-packages/airflow/example_dags/example_latest_only.py for tasks to queue
[2026-08-12T04:47:44.286+0000] {logging_mixin.py:190} INFO - [2026-08-12T04:47:44.286+0000] {dagbag.py:587} INFO - Filling up the DagBag from /home/airflow/.local/lib/python3.12/site-packages/airflow/example_dags/example_latest_only.py
[2026-08-12T04:47:44.306+0000] {processor.py:925} INFO - DAG(s) 'latest_only' retrieved from /home/airflow/.local/lib/python3.12/site-packages/airflow/example_dags/example_latest_only.py
[2026-08-12T04:47:44.339+0000] {logging_mixin.py:190} INFO - [2026-08-12T04:47:44.338+0000] {dag.py:3211} INFO - Sync 1 DAGs
[2026-08-12T04:47:44.367+0000] {logging_mixin.py:190} INFO - [2026-08-12T04:47:44.367+0000] {dag.py:4138} INFO - Setting next_dagrun for latest_only to 2026-08-12 00:00:00+00:00, run_after=2026-08-12 04:00:00+00:00
[2026-08-12T04:47:44.391+0000] {processor.py:208} INFO - Processing /home/airflow/.local/lib/python3.12/site-packages/airflow/example_dags/example_latest_only.py took 0.136 seconds
[2026-08-12T04:48:14.897+0000] {processor.py:186} INFO - Started process (PID=1952) to work on /home/airflow/.local/lib/python3.12/site-packages/airflow/example_dags/example_latest_only.py
[2026-08-12T04:48:14.900+0000] {processor.py:914} INFO - Processing file /home/airflow/.local/lib/python3.12/site-packages/airflow/example_dags/example_latest_only.py for tasks to queue
[2026-08-12T04:48:14.904+0000] {logging_mixin.py:190} INFO - [2026-08-12T04:48:14.903+0000] {dagbag.py:587} INFO - Filling up the DagBag from /home/airflow/.local/lib/python3.12/site-packages/airflow/example_dags/example_latest_only.py
[2026-08-12T04:48:14.912+0000] {processor.py:925} INFO - DAG(s) 'latest_only' retrieved from /home/airflow/.local/lib/python3.12/site-packages/airflow/example_dags/example_latest_only.py
[2026-08-12T04:48:14.933+0000] {logging_mixin.py:190} INFO - [2026-08-12T04:48:14.933+0000] {dag.py:3211} INFO - Sync 1 DAGs
[2026-08-12T04:48:14.958+0000] {logging_mixin.py:190} INFO - [2026-08-12T04:48:14.957+0000] {dag.py:4138} INFO - Setting next_dagrun for latest_only to 2026-08-12 00:00:00+00:00, run_after=2026-08-12 04:00:00+00:00
[2026-08-12T04:48:14.982+0000] {processor.py:208} INFO - Processing /home/airflow/.local/lib/python3.12/site-packages/airflow/example_dags/example_latest_only.py took 0.090 seconds
[2026-08-12T04:48:45.340+0000] {processor.py:186} INFO - Started process (PID=2014) to work on /home/airflow/.local/lib/python3.12/site-packages/airflow/example_dags/example_latest_only.py
[2026-08-12T04:48:45.343+0000] {processor.py:914} INFO - Processing file /home/airflow/.local/lib/python3.12/site-packages/airflow/example_dags/example_latest_only.py for tasks to queue
[2026-08-12T04:48:45.349+0000] {logging_mixin.py:190} INFO - [2026-08-12T04:48:45.348+0000] {dagbag.py:587} INFO - Filling up the DagBag from /home/airflow/.local/lib/python3.12/site-packages/airflow/example_dags/example_latest_only.py
[2026-08-12T04:48:45.366+0000] {processor.py:925} INFO - DAG(s) 'latest_only' retrieved from /home/airflow/.local/lib/python3.12/site-packages/airflow/example_dags/example_latest_only.py
[2026-08-12T04:48:45.406+0000] {logging_mixin.py:190} INFO - [2026-08-12T04:48:45.406+0000] {dag.py:3211} INFO - Sync 1 DAGs
[2026-08-12T04:48:45.447+0000] {logging_mixin.py:190} INFO - [2026-08-12T04:48:45.447+0000] {dag.py:4138} INFO - Setting next_dagrun for latest_only to 2026-08-12 00:00:00+00:00, run_after=2026-08-12 04:00:00+00:00
[2026-08-12T04:48:45.480+0000] {processor.py:208} INFO - Processing /home/airflow/.local/lib/python3.12/site-packages/airflow/example_dags/example_latest_only.py took 0.150 seconds
[2026-08-12T04:49:15.914+0000] {processor.py:186} INFO - Started process (PID=2076) to work on /home/airflow/.local/lib/python3.12/site-packages/airflow/example_dags/example_latest_only.py
[2026-08-12T04:49:15.917+0000] {processor.py:914} INFO - Processing file /home/airflow/.local/lib/python3.12/site-packages/airflow/example_dags/example_latest_only.py for tasks to queue
[2026-08-12T04:49:15.922+0000] {logging_mixin.py:190} INFO - [2026-08-12T04:49:15.921+0000] {dagbag.py:587} INFO - Filling up the DagBag from /home/airflow/.local/lib/python3.12/site-packages/airflow/example_dags/example_latest_only.py
[2026-08-12T04:49:15.937+0000] {processor.py:925} INFO - DAG(s) 'latest_only' retrieved from /home/airflow/.local/lib/python3.12/site-packages/airflow/example_dags/example_latest_only.py
[2026-08-12T04:49:15.963+0000] {logging_mixin.py:190} INFO - [2026-08-12T04:49:15.962+0000] {dag.py:3211} INFO - Sync 1 DAGs
[2026-08-12T04:49:15.989+0000] {logging_mixin.py:190} INFO - [2026-08-12T04:49:15.989+0000] {dag.py:4138} INFO - Setting next_dagrun for latest_only to 2026-08-12 00:00:00+00:00, run_after=2026-08-12 04:00:00+00:00
[2026-08-12T04:49:16.023+0000] {processor.py:208} INFO - Processing /home/airflow/.local/lib/python3.12/site-packages/airflow/example_dags/example_latest_only.py took 0.119 seconds
[2026-08-12T04:49:46.632+0000] {processor.py:186} INFO - Started process (PID=2138) to work on /home/airflow/.local/lib/python3.12/site-packages/airflow/example_dags/example_latest_only.py
[2026-08-12T04:49:46.637+0000] {processor.py:914} INFO - Processing file /home/airflow/.local/lib/python3.12/site-packages/airflow/example_dags/example_latest_only.py for tasks to queue
[2026-08-12T04:49:46.647+0000] {logging_mixin.py:190} INFO - [2026-08-12T04:49:46.646+0000] {dagbag.py:587} INFO - Filling up the DagBag from /home/airflow/.local/lib/python3.12/site-packages/airflow/example_dags/example_latest_only.py
[2026-08-12T04:49:46.676+0000] {processor.py:925} INFO - DAG(s) 'latest_only' retrieved from /home/airflow/.local/lib/python3.12/site-packages/airflow/example_dags/example_latest_only.py
[2026-08-12T04:49:46.731+0000] {logging_mixin.py:190} INFO - [2026-08-12T04:49:46.731+0000] {dag.py:3211} INFO - Sync 1 DAGs
[2026-08-12T04:49:46.763+0000] {logging_mixin.py:190} INFO - [2026-08-12T04:49:46.762+0000] {dag.py:4138} INFO - Setting next_dagrun for latest_only to 2026-08-12 00:00:00+00:00, run_after=2026-08-12 04:00:00+00:00
[2026-08-12T04:49:46.793+0000] {processor.py:208} INFO - Processing /home/airflow/.local/lib/python3.12/site-packages/airflow/example_dags/example_latest_only.py took 0.174 seconds
[2026-08-12T04:50:17.377+0000] {processor.py:186} INFO - Started process (PID=2200) to work on /home/airflow/.local/lib/python3.12/site-packages/airflow/example_dags/example_latest_only.py
[2026-08-12T04:50:17.379+0000] {processor.py:914} INFO - Processing file /home/airflow/.local/lib/python3.12/site-packages/airflow/example_dags/example_latest_only.py for tasks to queue
[2026-08-12T04:50:17.383+0000] {logging_mixin.py:190} INFO - [2026-08-12T04:50:17.382+0000] {dagbag.py:587} INFO - Filling up the DagBag from /home/airflow/.local/lib/python3.12/site-packages/airflow/example_dags/example_latest_only.py
[2026-08-12T04:50:17.394+0000] {processor.py:925} INFO - DAG(s) 'latest_only' retrieved from /home/airflow/.local/lib/python3.12/site-packages/airflow/example_dags/example_latest_only.py
[2026-08-12T04:50:17.421+0000] {logging_mixin.py:190} INFO - [2026-08-12T04:50:17.421+0000] {dag.py:3211} INFO - Sync 1 DAGs
[2026-08-12T04:50:17.448+0000] {logging_mixin.py:190} INFO - [2026-08-12T04:50:17.448+0000] {dag.py:4138} INFO - Setting next_dagrun for latest_only to 2026-08-12 00:00:00+00:00, run_after=2026-08-12 04:00:00+00:00
[2026-08-12T04:50:17.477+0000] {processor.py:208} INFO - Processing /home/airflow/.local/lib/python3.12/site-packages/airflow/example_dags/example_latest_only.py took 0.108 seconds
[2026-08-12T04:50:47.861+0000] {processor.py:186} INFO - Started process (PID=2262) to work on /home/airflow/.local/lib/python3.12/site-packages/airflow/example_dags/example_latest_only.py
[2026-08-12T04:50:47.864+0000] {processor.py:914} INFO - Processing file /home/airflow/.local/lib/python3.12/site-packages/airflow/example_dags/example_latest_only.py for tasks to queue
[2026-08-12T04:50:47.868+0000] {logging_mixin.py:190} INFO - [2026-08-12T04:50:47.867+0000] {dagbag.py:587} INFO - Filling up the DagBag from /home/airflow/.local/lib/python3.12/site-packages/airflow/example_dags/example_latest_only.py
[2026-08-12T04:50:47.877+0000] {processor.py:925} INFO - DAG(s) 'latest_only' retrieved from /home/airflow/.local/lib/python3.12/site-packages/airflow/example_dags/example_latest_only.py
[2026-08-12T04:50:47.898+0000] {logging_mixin.py:190} INFO - [2026-08-12T04:50:47.898+0000] {dag.py:3211} INFO - Sync 1 DAGs
[2026-08-12T04:50:47.922+0000] {logging_mixin.py:190} INFO - [2026-08-12T04:50:47.922+0000] {dag.py:4138} INFO - Setting next_dagrun for latest_only to 2026-08-12 00:00:00+00:00, run_after=2026-08-12 04:00:00+00:00
[2026-08-12T04:50:47.942+0000] {processor.py:208} INFO - Processing /home/airflow/.local/lib/python3.12/site-packages/airflow/example_dags/example_latest_only.py took 0.087 seconds
[2026-08-12T04:51:19.033+0000] {processor.py:186} INFO - Started process (PID=2324) to work on /home/airflow/.local/lib/python3.12/site-packages/airflow/example_dags/example_latest_only.py
[2026-08-12T04:51:19.036+0000] {processor.py:914} INFO - Processing file /home/airflow/.local/lib/python3.12/site-packages/airflow/example_dags/example_latest_only.py for tasks to queue
[2026-08-12T04:51:19.042+0000] {logging_mixin.py:190} INFO - [2026-08-12T04:51:19.042+0000] {dagbag.py:587} INFO - Filling up the DagBag from /home/airflow/.local/lib/python3.12/site-packages/airflow/example_dags/example_latest_only.py
[2026-08-12T04:51:19.058+0000] {processor.py:925} INFO - DAG(s) 'latest_only' retrieved from /home/airflow/.local/lib/python3.12/site-packages/airflow/example_dags/example_latest_only.py
[2026-08-12T04:51:19.094+0000] {logging_mixin.py:190} INFO - [2026-08-12T04:51:19.093+0000] {dag.py:3211} INFO - Sync 1 DAGs
[2026-08-12T04:51:19.121+0000] {logging_mixin.py:190} INFO - [2026-08-12T04:51:19.121+0000] {dag.py:4138} INFO - Setting next_dagrun for latest_only to 2026-08-12 00:00:00+00:00, run_after=2026-08-12 04:00:00+00:00
[2026-08-12T04:51:19.148+0000] {processor.py:208} INFO - Processing /home/airflow/.local/lib/python3.12/site-packages/airflow/example_dags/example_latest_only.py took 0.125 seconds
[2026-08-12T04:51:49.448+0000] {processor.py:186} INFO - Started process (PID=2386) to work on /home/airflow/.local/lib/python3.12/site-packages/airflow/example_dags/example_latest_only.py
[2026-08-12T04:51:49.451+0000] {processor.py:914} INFO - Processing file /home/airflow/.local/lib/python3.12/site-packages/airflow/example_dags/example_latest_only.py for tasks to queue
[2026-08-12T04:51:49.455+0000] {logging_mixin.py:190} INFO - [2026-08-12T04:51:49.455+0000] {dagbag.py:587} INFO - Filling up the DagBag from /home/airflow/.local/lib/python3.12/site-packages/airflow/example_dags/example_latest_only.py
[2026-08-12T04:51:49.468+0000] {processor.py:925} INFO - DAG(s) 'latest_only' retrieved from /home/airflow/.local/lib/python3.12/site-packages/airflow/example_dags/example_latest_only.py
[2026-08-12T04:51:49.493+0000] {logging_mixin.py:190} INFO - [2026-08-12T04:51:49.493+0000] {dag.py:3211} INFO - Sync 1 DAGs
[2026-08-12T04:51:49.518+0000] {logging_mixin.py:190} INFO - [2026-08-12T04:51:49.518+0000] {dag.py:4138} INFO - Setting next_dagrun for latest_only to 2026-08-12 00:00:00+00:00, run_after=2026-08-12 04:00:00+00:00
[2026-08-12T04:51:49.544+0000] {processor.py:208} INFO - Processing /home/airflow/.local/lib/python3.12/site-packages/airflow/example_dags/example_latest_only.py took 0.102 seconds
[2026-08-12T04:52:19.970+0000] {processor.py:186} INFO - Started process (PID=2448) to work on /home/airflow/.local/lib/python3.12/site-packages/airflow/example_dags/example_latest_only.py
[2026-08-12T04:52:19.972+0000] {processor.py:914} INFO - Processing file /home/airflow/.local/lib/python3.12/site-packages/airflow/example_dags/example_latest_only.py for tasks to queue
[2026-08-12T04:52:19.977+0000] {logging_mixin.py:190} INFO - [2026-08-12T04:52:19.976+0000] {dagbag.py:587} INFO - Filling up the DagBag from /home/airflow/.local/lib/python3.12/site-packages/airflow/example_dags/example_latest_only.py
[2026-08-12T04:52:19.989+0000] {processor.py:925} INFO - DAG(s) 'latest_only' retrieved from /home/airflow/.local/lib/python3.12/site-packages/airflow/example_dags/example_latest_only.py
[2026-08-12T04:52:20.012+0000] {logging_mixin.py:190} INFO - [2026-08-12T04:52:20.012+0000] {dag.py:3211} INFO - Sync 1 DAGs
[2026-08-12T04:52:20.038+0000] {logging_mixin.py:190} INFO - [2026-08-12T04:52:20.037+0000] {dag.py:4138} INFO - Setting next_dagrun for latest_only to 2026-08-12 00:00:00+00:00, run_after=2026-08-12 04:00:00+00:00
[2026-08-12T04:52:20.066+0000] {processor.py:208} INFO - Processing /home/airflow/.local/lib/python3.12/site-packages/airflow/example_dags/example_latest_only.py took 0.103 seconds
[2026-08-12T04:52:50.272+0000] {processor.py:186} INFO - Started process (PID=2511) to work on /home/airflow/.local/lib/python3.12/site-packages/airflow/example_dags/example_latest_only.py
[2026-08-12T04:52:50.274+0000] {processor.py:914} INFO - Processing file /home/airflow/.local/lib/python3.12/site-packages/airflow/example_dags/example_latest_only.py for tasks to queue
[2026-08-12T04:52:50.278+0000] {logging_mixin.py:190} INFO - [2026-08-12T04:52:50.278+0000] {dagbag.py:587} INFO - Filling up the DagBag from /home/airflow/.local/lib/python3.12/site-packages/airflow/example_dags/example_latest_only.py
[2026-08-12T04:52:50.288+0000] {processor.py:925} INFO - DAG(s) 'latest_only' retrieved from /home/airflow/.local/lib/python3.12/site-packages/airflow/example_dags/example_latest_only.py
[2026-08-12T04:52:50.313+0000] {logging_mixin.py:190} INFO - [2026-08-12T04:52:50.313+0000] {dag.py:3211} INFO - Sync 1 DAGs
[2026-08-12T04:52:50.344+0000] {logging_mixin.py:190} INFO - [2026-08-12T04:52:50.343+0000] {dag.py:4138} INFO - Setting next_dagrun for latest_only to 2026-08-12 00:00:00+00:00, run_after=2026-08-12 04:00:00+00:00
[2026-08-12T04:52:50.367+0000] {processor.py:208} INFO - Processing /home/airflow/.local/lib/python3.12/site-packages/airflow/example_dags/example_latest_only.py took 0.102 seconds
[2026-08-12T04:53:20.586+0000] {processor.py:186} INFO - Started process (PID=2574) to work on /home/airflow/.local/lib/python3.12/site-packages/airflow/example_dags/example_latest_only.py
[2026-08-12T04:53:20.588+0000] {processor.py:914} INFO - Processing file /home/airflow/.local/lib/python3.12/site-packages/airflow/example_dags/example_latest_only.py for tasks to queue
[2026-08-12T04:53:20.593+0000] {logging_mixin.py:190} INFO - [2026-08-12T04:53:20.592+0000] {dagbag.py:587} INFO - Filling up the DagBag from /home/airflow/.local/lib/python3.12/site-packages/airflow/example_dags/example_latest_only.py
[2026-08-12T04:53:20.602+0000] {processor.py:925} INFO - DAG(s) 'latest_only' retrieved from /home/airflow/.local/lib/python3.12/site-packages/airflow/example_dags/example_latest_only.py
[2026-08-12T04:53:20.627+0000] {logging_mixin.py:190} INFO - [2026-08-12T04:53:20.627+0000] {dag.py:3211} INFO - Sync 1 DAGs
[2026-08-12T04:53:20.655+0000] {logging_mixin.py:190} INFO - [2026-08-12T04:53:20.655+0000] {dag.py:4138} INFO - Setting next_dagrun for latest_only to 2026-08-12 00:00:00+00:00, run_after=2026-08-12 04:00:00+00:00
[2026-08-12T04:53:20.679+0000] {processor.py:208} INFO - Processing /home/airflow/.local/lib/python3.12/site-packages/airflow/example_dags/example_latest_only.py took 0.099 seconds
[2026-08-12T04:53:51.320+0000] {processor.py:186} INFO - Started process (PID=2637) to work on /home/airflow/.local/lib/python3.12/site-packages/airflow/example_dags/example_latest_only.py
[2026-08-12T04:53:51.324+0000] {processor.py:914} INFO - Processing file /home/airflow/.local/lib/python3.12/site-packages/airflow/example_dags/example_latest_only.py for tasks to queue
[2026-08-12T04:53:51.331+0000] {logging_mixin.py:190} INFO - [2026-08-12T04:53:51.330+0000] {dagbag.py:587} INFO - Filling up the DagBag from /home/airflow/.local/lib/python3.12/site-packages/airflow/example_dags/example_latest_only.py
[2026-08-12T04:53:51.350+0000] {processor.py:925} INFO - DAG(s) 'latest_only' retrieved from /home/airflow/.local/lib/python3.12/site-packages/airflow/example_dags/example_latest_only.py
[2026-08-12T04:53:51.390+0000] {logging_mixin.py:190} INFO - [2026-08-12T04:53:51.389+0000] {dag.py:3211} INFO - Sync 1 DAGs
[2026-08-12T04:53:51.424+0000] {logging_mixin.py:190} INFO - [2026-08-12T04:53:51.423+0000] {dag.py:4138} INFO - Setting next_dagrun for latest_only to 2026-08-12 00:00:00+00:00, run_after=2026-08-12 04:00:00+00:00
[2026-08-12T04:53:51.460+0000] {processor.py:208} INFO - Processing /home/airflow/.local/lib/python3.12/site-packages/airflow/example_dags/example_latest_only.py took 0.154 seconds
[2026-08-12T04:54:21.532+0000] {processor.py:186} INFO - Started process (PID=2700) to work on /home/airflow/.local/lib/python3.12/site-packages/airflow/example_dags/example_latest_only.py
[2026-08-12T04:54:21.535+0000] {processor.py:914} INFO - Processing file /home/airflow/.local/lib/python3.12/site-packages/airflow/example_dags/example_latest_only.py for tasks to queue
[2026-08-12T04:54:21.540+0000] {logging_mixin.py:190} INFO - [2026-08-12T04:54:21.540+0000] {dagbag.py:587} INFO - Filling up the DagBag from /home/airflow/.local/lib/python3.12/site-packages/airflow/example_dags/example_latest_only.py
[2026-08-12T04:54:21.549+0000] {processor.py:925} INFO - DAG(s) 'latest_only' retrieved from /home/airflow/.local/lib/python3.12/site-packages/airflow/example_dags/example_latest_only.py
[2026-08-12T04:54:21.572+0000] {logging_mixin.py:190} INFO - [2026-08-12T04:54:21.572+0000] {dag.py:3211} INFO - Sync 1 DAGs
[2026-08-12T04:54:21.598+0000] {logging_mixin.py:190} INFO - [2026-08-12T04:54:21.598+0000] {dag.py:4138} INFO - Setting next_dagrun for latest_only to 2026-08-12 00:00:00+00:00, run_after=2026-08-12 04:00:00+00:00
[2026-08-12T04:54:21.626+0000] {processor.py:208} INFO - Processing /home/airflow/.local/lib/python3.12/site-packages/airflow/example_dags/example_latest_only.py took 0.100 seconds
[2026-08-12T04:54:52.148+0000] {processor.py:186} INFO - Started process (PID=2762) to work on /home/airflow/.local/lib/python3.12/site-packages/airflow/example_dags/example_latest_only.py
[2026-08-12T04:54:52.151+0000] {processor.py:914} INFO - Processing file /home/airflow/.local/lib/python3.12/site-packages/airflow/example_dags/example_latest_only.py for tasks to queue
[2026-08-12T04:54:52.157+0000] {logging_mixin.py:190} INFO - [2026-08-12T04:54:52.156+0000] {dagbag.py:587} INFO - Filling up the DagBag from /home/airflow/.local/lib/python3.12/site-packages/airflow/example_dags/example_latest_only.py
[2026-08-12T04:54:52.169+0000] {processor.py:925} INFO - DAG(s) 'latest_only' retrieved from /home/airflow/.local/lib/python3.12/site-packages/airflow/example_dags/example_latest_only.py
[2026-08-12T04:54:52.197+0000] {logging_mixin.py:190} INFO - [2026-08-12T04:54:52.196+0000] {dag.py:3211} INFO - Sync 1 DAGs
[2026-08-12T04:54:52.223+0000] {logging_mixin.py:190} INFO - [2026-08-12T04:54:52.223+0000] {dag.py:4138} INFO - Setting next_dagrun for latest_only to 2026-08-12 00:00:00+00:00, run_after=2026-08-12 04:00:00+00:00
[2026-08-12T04:54:52.254+0000] {processor.py:208} INFO - Processing /home/airflow/.local/lib/python3.12/site-packages/airflow/example_dags/example_latest_only.py took 0.115 seconds
[2026-08-12T04:55:23.092+0000] {processor.py:186} INFO - Started process (PID=2825) to work on /home/airflow/.local/lib/python3.12/site-packages/airflow/example_dags/example_latest_only.py
[2026-08-12T04:55:23.095+0000] {processor.py:914} INFO - Processing file /home/airflow/.local/lib/python3.12/site-packages/airflow/example_dags/example_latest_only.py for tasks to queue
[2026-08-12T04:55:23.099+0000] {logging_mixin.py:190} INFO - [2026-08-12T04:55:23.098+0000] {dagbag.py:587} INFO - Filling up the DagBag from /home/airflow/.local/lib/python3.12/site-packages/airflow/example_dags/example_latest_only.py
[2026-08-12T04:55:23.108+0000] {processor.py:925} INFO - DAG(s) 'latest_only' retrieved from /home/airflow/.local/lib/python3.12/site-packages/airflow/example_dags/example_latest_only.py
[2026-08-12T04:55:23.131+0000] {logging_mixin.py:190} INFO - [2026-08-12T04:55:23.131+0000] {dag.py:3211} INFO - Sync 1 DAGs
[2026-08-12T04:55:23.158+0000] {logging_mixin.py:190} INFO - [2026-08-12T04:55:23.158+0000] {dag.py:4138} INFO - Setting next_dagrun for latest_only to 2026-08-12 00:00:00+00:00, run_after=2026-08-12 04:00:00+00:00
[2026-08-12T04:55:23.187+0000] {processor.py:208} INFO - Processing /home/airflow/.local/lib/python3.12/site-packages/airflow/example_dags/example_latest_only.py took 0.101 seconds
[2026-08-12T04:55:53.864+0000] {processor.py:186} INFO - Started process (PID=2888) to work on /home/airflow/.local/lib/python3.12/site-packages/airflow/example_dags/example_latest_only.py
[2026-08-12T04:55:53.866+0000] {processor.py:914} INFO - Processing file /home/airflow/.local/lib/python3.12/site-packages/airflow/example_dags/example_latest_only.py for tasks to queue
[2026-08-12T04:55:53.870+0000] {logging_mixin.py:190} INFO - [2026-08-12T04:55:53.870+0000] {dagbag.py:587} INFO - Filling up the DagBag from /home/airflow/.local/lib/python3.12/site-packages/airflow/example_dags/example_latest_only.py
[2026-08-12T04:55:53.879+0000] {processor.py:925} INFO - DAG(s) 'latest_only' retrieved from /home/airflow/.local/lib/python3.12/site-packages/airflow/example_dags/example_latest_only.py
[2026-08-12T04:55:53.901+0000] {logging_mixin.py:190} INFO - [2026-08-12T04:55:53.901+0000] {dag.py:3211} INFO - Sync 1 DAGs
[2026-08-12T04:55:53.925+0000] {logging_mixin.py:190} INFO - [2026-08-12T04:55:53.925+0000] {dag.py:4138} INFO - Setting next_dagrun for latest_only to 2026-08-12 00:00:00+00:00, run_after=2026-08-12 04:00:00+00:00
[2026-08-12T04:55:53.950+0000] {processor.py:208} INFO - Processing /home/airflow/.local/lib/python3.12/site-packages/airflow/example_dags/example_latest_only.py took 0.092 seconds
[2026-08-12T04:56:24.415+0000] {processor.py:186} INFO - Started process (PID=2951) to work on /home/airflow/.local/lib/python3.12/site-packages/airflow/example_dags/example_latest_only.py
[2026-08-12T04:56:24.418+0000] {processor.py:914} INFO - Processing file /home/airflow/.local/lib/python3.12/site-packages/airflow/example_dags/example_latest_only.py for tasks to queue
[2026-08-12T04:56:24.423+0000] {logging_mixin.py:190} INFO - [2026-08-12T04:56:24.422+0000] {dagbag.py:587} INFO - Filling up the DagBag from /home/airflow/.local/lib/python3.12/site-packages/airflow/example_dags/example_latest_only.py
[2026-08-12T04:56:24.436+0000] {processor.py:925} INFO - DAG(s) 'latest_only' retrieved from /home/airflow/.local/lib/python3.12/site-packages/airflow/example_dags/example_latest_only.py
[2026-08-12T04:56:24.459+0000] {logging_mixin.py:190} INFO - [2026-08-12T04:56:24.458+0000] {dag.py:3211} INFO - Sync 1 DAGs
[2026-08-12T04:56:24.485+0000] {logging_mixin.py:190} INFO - [2026-08-12T04:56:24.484+0000] {dag.py:4138} INFO - Setting next_dagrun for latest_only to 2026-08-12 00:00:00+00:00, run_after=2026-08-12 04:00:00+00:00
[2026-08-12T04:56:24.509+0000] {processor.py:208} INFO - Processing /home/airflow/.local/lib/python3.12/site-packages/airflow/example_dags/example_latest_only.py took 0.101 seconds
[2026-08-12T04:56:54.925+0000] {processor.py:186} INFO - Started process (PID=3014) to work on /home/airflow/.local/lib/python3.12/site-packages/airflow/example_dags/example_latest_only.py
[2026-08-12T04:56:54.927+0000] {processor.py:914} INFO - Processing file /home/airflow/.local/lib/python3.12/site-packages/airflow/example_dags/example_latest_only.py for tasks to queue
[2026-08-12T04:56:54.934+0000] {logging_mixin.py:190} INFO - [2026-08-12T04:56:54.933+0000] {dagbag.py:587} INFO - Filling up the DagBag from /home/airflow/.local/lib/python3.12/site-packages/airflow/example_dags/example_latest_only.py
[2026-08-12T04:56:54.944+0000] {processor.py:925} INFO - DAG(s) 'latest_only' retrieved from /home/airflow/.local/lib/python3.12/site-packages/airflow/example_dags/example_latest_only.py
[2026-08-12T04:56:54.968+0000] {logging_mixin.py:190} INFO - [2026-08-12T04:56:54.967+0000] {dag.py:3211} INFO - Sync 1 DAGs
[2026-08-12T04:56:54.994+0000] {logging_mixin.py:190} INFO - [2026-08-12T04:56:54.993+0000] {dag.py:4138} INFO - Setting next_dagrun for latest_only to 2026-08-12 00:00:00+00:00, run_after=2026-08-12 04:00:00+00:00
[2026-08-12T04:56:55.019+0000] {processor.py:208} INFO - Processing /home/airflow/.local/lib/python3.12/site-packages/airflow/example_dags/example_latest_only.py took 0.100 seconds
[2026-08-12T04:57:25.112+0000] {processor.py:186} INFO - Started process (PID=3076) to work on /home/airflow/.local/lib/python3.12/site-packages/airflow/example_dags/example_latest_only.py
[2026-08-12T04:57:25.115+0000] {processor.py:914} INFO - Processing file /home/airflow/.local/lib/python3.12/site-packages/airflow/example_dags/example_latest_only.py for tasks to queue
[2026-08-12T04:57:25.119+0000] {logging_mixin.py:190} INFO - [2026-08-12T04:57:25.118+0000] {dagbag.py:587} INFO - Filling up the DagBag from /home/airflow/.local/lib/python3.12/site-packages/airflow/example_dags/example_latest_only.py
[2026-08-12T04:57:25.129+0000] {processor.py:925} INFO - DAG(s) 'latest_only' retrieved from /home/airflow/.local/lib/python3.12/site-packages/airflow/example_dags/example_latest_only.py
[2026-08-12T04:57:25.152+0000] {logging_mixin.py:190} INFO - [2026-08-12T04:57:25.151+0000] {dag.py:3211} INFO - Sync 1 DAGs
[2026-08-12T04:57:25.177+0000] {logging_mixin.py:190} INFO - [2026-08-12T04:57:25.177+0000] {dag.py:4138} INFO - Setting next_dagrun for latest_only to 2026-08-12 00:00:00+00:00, run_after=2026-08-12 04:00:00+00:00
[2026-08-12T04:57:25.201+0000] {processor.py:208} INFO - Processing /home/airflow/.local/lib/python3.12/site-packages/airflow/example_dags/example_latest_only.py took 0.098 seconds
[2026-08-12T04:57:55.711+0000] {processor.py:186} INFO - Started process (PID=3145) to work on /home/airflow/.local/lib/python3.12/site-packages/airflow/example_dags/example_latest_only.py
[2026-08-12T04:57:55.714+0000] {processor.py:914} INFO - Processing file /home/airflow/.local/lib/python3.12/site-packages/airflow/example_dags/example_latest_only.py for tasks to queue
[2026-08-12T04:57:55.721+0000] {logging_mixin.py:190} INFO - [2026-08-12T04:57:55.720+0000] {dagbag.py:587} INFO - Filling up the DagBag from /home/airflow/.local/lib/python3.12/site-packages/airflow/example_dags/example_latest_only.py
[2026-08-12T04:57:55.739+0000] {processor.py:925} INFO - DAG(s) 'latest_only' retrieved from /home/airflow/.local/lib/python3.12/site-packages/airflow/example_dags/example_latest_only.py
[2026-08-12T04:57:55.771+0000] {logging_mixin.py:190} INFO - [2026-08-12T04:57:55.771+0000] {dag.py:3211} INFO - Sync 1 DAGs
[2026-08-12T04:57:55.806+0000] {logging_mixin.py:190} INFO - [2026-08-12T04:57:55.806+0000] {dag.py:4138} INFO - Setting next_dagrun for latest_only to 2026-08-12 00:00:00+00:00, run_after=2026-08-12 04:00:00+00:00
[2026-08-12T04:57:55.835+0000] {processor.py:208} INFO - Processing /home/airflow/.local/lib/python3.12/site-packages/airflow/example_dags/example_latest_only.py took 0.133 seconds
[2026-08-12T04:58:25.978+0000] {processor.py:186} INFO - Started process (PID=3207) to work on /home/airflow/.local/lib/python3.12/site-packages/airflow/example_dags/example_latest_only.py
[2026-08-12T04:58:25.982+0000] {processor.py:914} INFO - Processing file /home/airflow/.local/lib/python3.12/site-packages/airflow/example_dags/example_latest_only.py for tasks to queue
[2026-08-12T04:58:25.990+0000] {logging_mixin.py:190} INFO - [2026-08-12T04:58:25.989+0000] {dagbag.py:587} INFO - Filling up the DagBag from /home/airflow/.local/lib/python3.12/site-packages/airflow/example_dags/example_latest_only.py
[2026-08-12T04:58:26.006+0000] {processor.py:925} INFO - DAG(s) 'latest_only' retrieved from /home/airflow/.local/lib/python3.12/site-packages/airflow/example_dags/example_latest_only.py
[2026-08-12T04:58:26.036+0000] {logging_mixin.py:190} INFO - [2026-08-12T04:58:26.035+0000] {dag.py:3211} INFO - Sync 1 DAGs
[2026-08-12T04:58:26.065+0000] {logging_mixin.py:190} INFO - [2026-08-12T04:58:26.065+0000] {dag.py:4138} INFO - Setting next_dagrun for latest_only to 2026-08-12 00:00:00+00:00, run_after=2026-08-12 04:00:00+00:00
[2026-08-12T04:58:26.095+0000] {processor.py:208} INFO - Processing /home/airflow/.local/lib/python3.12/site-packages/airflow/example_dags/example_latest_only.py took 0.128 seconds
[2026-08-12T04:58:56.391+0000] {processor.py:186} INFO - Started process (PID=3271) to work on /home/airflow/.local/lib/python3.12/site-packages/airflow/example_dags/example_latest_only.py
[2026-08-12T04:58:56.394+0000] {processor.py:914} INFO - Processing file /home/airflow/.local/lib/python3.12/site-packages/airflow/example_dags/example_latest_only.py for tasks to queue
[2026-08-12T04:58:56.402+0000] {logging_mixin.py:190} INFO - [2026-08-12T04:58:56.401+0000] {dagbag.py:587} INFO - Filling up the DagBag from /home/airflow/.local/lib/python3.12/site-packages/airflow/example_dags/example_latest_only.py
[2026-08-12T04:58:56.415+0000] {processor.py:925} INFO - DAG(s) 'latest_only' retrieved from /home/airflow/.local/lib/python3.12/site-packages/airflow/example_dags/example_latest_only.py
[2026-08-12T04:58:56.437+0000] {logging_mixin.py:190} INFO - [2026-08-12T04:58:56.436+0000] {dag.py:3211} INFO - Sync 1 DAGs
[2026-08-12T04:58:56.463+0000] {logging_mixin.py:190} INFO - [2026-08-12T04:58:56.462+0000] {dag.py:4138} INFO - Setting next_dagrun for latest_only to 2026-08-12 00:00:00+00:00, run_after=2026-08-12 04:00:00+00:00
[2026-08-12T04:58:56.491+0000] {processor.py:208} INFO - Processing /home/airflow/.local/lib/python3.12/site-packages/airflow/example_dags/example_latest_only.py took 0.106 seconds
[2026-08-12T04:59:26.793+0000] {processor.py:186} INFO - Started process (PID=3334) to work on /home/airflow/.local/lib/python3.12/site-packages/airflow/example_dags/example_latest_only.py
[2026-08-12T04:59:26.795+0000] {processor.py:914} INFO - Processing file /home/airflow/.local/lib/python3.12/site-packages/airflow/example_dags/example_latest_only.py for tasks to queue
[2026-08-12T04:59:26.800+0000] {logging_mixin.py:190} INFO - [2026-08-12T04:59:26.799+0000] {dagbag.py:587} INFO - Filling up the DagBag from /home/airflow/.local/lib/python3.12/site-packages/airflow/example_dags/example_latest_only.py
[2026-08-12T04:59:26.809+0000] {processor.py:925} INFO - DAG(s) 'latest_only' retrieved from /home/airflow/.local/lib/python3.12/site-packages/airflow/example_dags/example_latest_only.py
[2026-08-12T04:59:26.832+0000] {logging_mixin.py:190} INFO - [2026-08-12T04:59:26.832+0000] {dag.py:3211} INFO - Sync 1 DAGs
[2026-08-12T04:59:26.858+0000] {logging_mixin.py:190} INFO - [2026-08-12T04:59:26.858+0000] {dag.py:4138} INFO - Setting next_dagrun for latest_only to 2026-08-12 00:00:00+00:00, run_after=2026-08-12 04:00:00+00:00
[2026-08-12T04:59:26.880+0000] {processor.py:208} INFO - Processing /home/airflow/.local/lib/python3.12/site-packages/airflow/example_dags/example_latest_only.py took 0.095 seconds
[2026-08-12T04:59:57.067+0000] {processor.py:186} INFO - Started process (PID=3397) to work on /home/airflow/.local/lib/python3.12/site-packages/airflow/example_dags/example_latest_only.py
[2026-08-12T04:59:57.071+0000] {processor.py:914} INFO - Processing file /home/airflow/.local/lib/python3.12/site-packages/airflow/example_dags/example_latest_only.py for tasks to queue
[2026-08-12T04:59:57.079+0000] {logging_mixin.py:190} INFO - [2026-08-12T04:59:57.078+0000] {dagbag.py:587} INFO - Filling up the DagBag from /home/airflow/.local/lib/python3.12/site-packages/airflow/example_dags/example_latest_only.py
[2026-08-12T04:59:57.096+0000] {processor.py:925} INFO - DAG(s) 'latest_only' retrieved from /home/airflow/.local/lib/python3.12/site-packages/airflow/example_dags/example_latest_only.py
[2026-08-12T04:59:57.128+0000] {logging_mixin.py:190} INFO - [2026-08-12T04:59:57.128+0000] {dag.py:3211} INFO - Sync 1 DAGs
[2026-08-12T04:59:57.154+0000] {logging_mixin.py:190} INFO - [2026-08-12T04:59:57.154+0000] {dag.py:4138} INFO - Setting next_dagrun for latest_only to 2026-08-12 00:00:00+00:00, run_after=2026-08-12 04:00:00+00:00
[2026-08-12T04:59:57.181+0000] {processor.py:208} INFO - Processing /home/airflow/.local/lib/python3.12/site-packages/airflow/example_dags/example_latest_only.py took 0.125 seconds
[2026-08-12T05:00:27.459+0000] {processor.py:186} INFO - Started process (PID=3460) to work on /home/airflow/.local/lib/python3.12/site-packages/airflow/example_dags/example_latest_only.py
[2026-08-12T05:00:27.462+0000] {processor.py:914} INFO - Processing file /home/airflow/.local/lib/python3.12/site-packages/airflow/example_dags/example_latest_only.py for tasks to queue
[2026-08-12T05:00:27.469+0000] {logging_mixin.py:190} INFO - [2026-08-12T05:00:27.468+0000] {dagbag.py:587} INFO - Filling up the DagBag from /home/airflow/.local/lib/python3.12/site-packages/airflow/example_dags/example_latest_only.py
[2026-08-12T05:00:27.478+0000] {processor.py:925} INFO - DAG(s) 'latest_only' retrieved from /home/airflow/.local/lib/python3.12/site-packages/airflow/example_dags/example_latest_only.py
[2026-08-12T05:00:27.502+0000] {logging_mixin.py:190} INFO - [2026-08-12T05:00:27.502+0000] {dag.py:3211} INFO - Sync 1 DAGs
[2026-08-12T05:00:27.530+0000] {logging_mixin.py:190} INFO - [2026-08-12T05:00:27.529+0000] {dag.py:4138} INFO - Setting next_dagrun for latest_only to 2026-08-12 00:00:00+00:00, run_after=2026-08-12 04:00:00+00:00
[2026-08-12T05:00:27.558+0000] {processor.py:208} INFO - Processing /home/airflow/.local/lib/python3.12/site-packages/airflow/example_dags/example_latest_only.py took 0.106 seconds
[2026-08-12T05:00:58.124+0000] {processor.py:186} INFO - Started process (PID=3523) to work on /home/airflow/.local/lib/python3.12/site-packages/airflow/example_dags/example_latest_only.py
[2026-08-12T05:00:58.126+0000] {processor.py:914} INFO - Processing file /home/airflow/.local/lib/python3.12/site-packages/airflow/example_dags/example_latest_only.py for tasks to queue
[2026-08-12T05:00:58.131+0000] {logging_mixin.py:190} INFO - [2026-08-12T05:00:58.131+0000] {dagbag.py:587} INFO - Filling up the DagBag from /home/airflow/.local/lib/python3.12/site-packages/airflow/example_dags/example_latest_only.py
[2026-08-12T05:00:58.148+0000] {processor.py:925} INFO - DAG(s) 'latest_only' retrieved from /home/airflow/.local/lib/python3.12/site-packages/airflow/example_dags/example_latest_only.py
[2026-08-12T05:00:58.177+0000] {logging_mixin.py:190} INFO - [2026-08-12T05:00:58.177+0000] {dag.py:3211} INFO - Sync 1 DAGs
[2026-08-12T05:00:58.211+0000] {logging_mixin.py:190} INFO - [2026-08-12T05:00:58.211+0000] {dag.py:4138} INFO - Setting next_dagrun for latest_only to 2026-08-12 00:00:00+00:00, run_after=2026-08-12 04:00:00+00:00
[2026-08-12T05:00:58.235+0000] {processor.py:208} INFO - Processing /home/airflow/.local/lib/python3.12/site-packages/airflow/example_dags/example_latest_only.py took 0.118 seconds
[2026-08-12T05:01:28.604+0000] {processor.py:186} INFO - Started process (PID=3586) to work on /home/airflow/.local/lib/python3.12/site-packages/airflow/example_dags/example_latest_only.py
[2026-08-12T05:01:28.606+0000] {processor.py:914} INFO - Processing file /home/airflow/.local/lib/python3.12/site-packages/airflow/example_dags/example_latest_only.py for tasks to queue
[2026-08-12T05:01:28.612+0000] {logging_mixin.py:190} INFO - [2026-08-12T05:01:28.611+0000] {dagbag.py:587} INFO - Filling up the DagBag from /home/airflow/.local/lib/python3.12/site-packages/airflow/example_dags/example_latest_only.py
[2026-08-12T05:01:28.625+0000] {processor.py:925} INFO - DAG(s) 'latest_only' retrieved from /home/airflow/.local/lib/python3.12/site-packages/airflow/example_dags/example_latest_only.py
[2026-08-12T05:01:28.659+0000] {logging_mixin.py:190} INFO - [2026-08-12T05:01:28.658+0000] {dag.py:3211} INFO - Sync 1 DAGs
[2026-08-12T05:01:28.695+0000] {logging_mixin.py:190} INFO - [2026-08-12T05:01:28.694+0000] {dag.py:4138} INFO - Setting next_dagrun for latest_only to 2026-08-12 00:00:00+00:00, run_after=2026-08-12 04:00:00+00:00
[2026-08-12T05:01:28.726+0000] {processor.py:208} INFO - Processing /home/airflow/.local/lib/python3.12/site-packages/airflow/example_dags/example_latest_only.py took 0.128 seconds
[2026-08-12T05:01:59.457+0000] {processor.py:186} INFO - Started process (PID=3650) to work on /home/airflow/.local/lib/python3.12/site-packages/airflow/example_dags/example_latest_only.py
[2026-08-12T05:01:59.460+0000] {processor.py:914} INFO - Processing file /home/airflow/.local/lib/python3.12/site-packages/airflow/example_dags/example_latest_only.py for tasks to queue
[2026-08-12T05:01:59.465+0000] {logging_mixin.py:190} INFO - [2026-08-12T05:01:59.464+0000] {dagbag.py:587} INFO - Filling up the DagBag from /home/airflow/.local/lib/python3.12/site-packages/airflow/example_dags/example_latest_only.py
[2026-08-12T05:01:59.475+0000] {processor.py:925} INFO - DAG(s) 'latest_only' retrieved from /home/airflow/.local/lib/python3.12/site-packages/airflow/example_dags/example_latest_only.py
[2026-08-12T05:01:59.505+0000] {logging_mixin.py:190} INFO - [2026-08-12T05:01:59.505+0000] {dag.py:3211} INFO - Sync 1 DAGs
[2026-08-12T05:01:59.538+0000] {logging_mixin.py:190} INFO - [2026-08-12T05:01:59.538+0000] {dag.py:4138} INFO - Setting next_dagrun for latest_only to 2026-08-12 00:00:00+00:00, run_after=2026-08-12 04:00:00+00:00
[2026-08-12T05:01:59.566+0000] {processor.py:208} INFO - Processing /home/airflow/.local/lib/python3.12/site-packages/airflow/example_dags/example_latest_only.py took 0.119 seconds
[2026-08-12T05:02:30.135+0000] {processor.py:186} INFO - Started process (PID=3713) to work on /home/airflow/.local/lib/python3.12/site-packages/airflow/example_dags/example_latest_only.py
[2026-08-12T05:02:30.139+0000] {processor.py:914} INFO - Processing file /home/airflow/.local/lib/python3.12/site-packages/airflow/example_dags/example_latest_only.py for tasks to queue
[2026-08-12T05:02:30.144+0000] {logging_mixin.py:190} INFO - [2026-08-12T05:02:30.143+0000] {dagbag.py:587} INFO - Filling up the DagBag from /home/airflow/.local/lib/python3.12/site-packages/airflow/example_dags/example_latest_only.py
[2026-08-12T05:02:30.155+0000] {processor.py:925} INFO - DAG(s) 'latest_only' retrieved from /home/airflow/.local/lib/python3.12/site-packages/airflow/example_dags/example_latest_only.py
[2026-08-12T05:02:30.181+0000] {logging_mixin.py:190} INFO - [2026-08-12T05:02:30.181+0000] {dag.py:3211} INFO - Sync 1 DAGs
[2026-08-12T05:02:30.213+0000] {logging_mixin.py:190} INFO - [2026-08-12T05:02:30.213+0000] {dag.py:4138} INFO - Setting next_dagrun for latest_only to 2026-08-12 00:00:00+00:00, run_after=2026-08-12 04:00:00+00:00
[2026-08-12T05:02:30.249+0000] {processor.py:208} INFO - Processing /home/airflow/.local/lib/python3.12/site-packages/airflow/example_dags/example_latest_only.py took 0.120 seconds
[2026-08-12T05:03:00.405+0000] {processor.py:186} INFO - Started process (PID=3776) to work on /home/airflow/.local/lib/python3.12/site-packages/airflow/example_dags/example_latest_only.py
[2026-08-12T05:03:00.408+0000] {processor.py:914} INFO - Processing file /home/airflow/.local/lib/python3.12/site-packages/airflow/example_dags/example_latest_only.py for tasks to queue
[2026-08-12T05:03:00.416+0000] {logging_mixin.py:190} INFO - [2026-08-12T05:03:00.415+0000] {dagbag.py:587} INFO - Filling up the DagBag from /home/airflow/.local/lib/python3.12/site-packages/airflow/example_dags/example_latest_only.py
[2026-08-12T05:03:00.432+0000] {processor.py:925} INFO - DAG(s) 'latest_only' retrieved from /home/airflow/.local/lib/python3.12/site-packages/airflow/example_dags/example_latest_only.py
[2026-08-12T05:03:00.457+0000] {logging_mixin.py:190} INFO - [2026-08-12T05:03:00.457+0000] {dag.py:3211} INFO - Sync 1 DAGs
[2026-08-12T05:03:00.680+0000] {logging_mixin.py:190} INFO - [2026-08-12T05:03:00.679+0000] {dag.py:4138} INFO - Setting next_dagrun for latest_only to 2026-08-12 00:00:00+00:00, run_after=2026-08-12 04:00:00+00:00
[2026-08-12T05:03:00.708+0000] {processor.py:208} INFO - Processing /home/airflow/.local/lib/python3.12/site-packages/airflow/example_dags/example_latest_only.py took 0.313 seconds
[2026-08-12T05:03:31.119+0000] {processor.py:186} INFO - Started process (PID=3839) to work on /home/airflow/.local/lib/python3.12/site-packages/airflow/example_dags/example_latest_only.py
[2026-08-12T05:03:31.121+0000] {processor.py:914} INFO - Processing file /home/airflow/.local/lib/python3.12/site-packages/airflow/example_dags/example_latest_only.py for tasks to queue
[2026-08-12T05:03:31.125+0000] {logging_mixin.py:190} INFO - [2026-08-12T05:03:31.125+0000] {dagbag.py:587} INFO - Filling up the DagBag from /home/airflow/.local/lib/python3.12/site-packages/airflow/example_dags/example_latest_only.py
[2026-08-12T05:03:31.136+0000] {processor.py:925} INFO - DAG(s) 'latest_only' retrieved from /home/airflow/.local/lib/python3.12/site-packages/airflow/example_dags/example_latest_only.py
[2026-08-12T05:03:31.164+0000] {logging_mixin.py:190} INFO - [2026-08-12T05:03:31.164+0000] {dag.py:3211} INFO - Sync 1 DAGs
[2026-08-12T05:03:31.199+0000] {logging_mixin.py:190} INFO - [2026-08-12T05:03:31.199+0000] {dag.py:4138} INFO - Setting next_dagrun for latest_only to 2026-08-12 00:00:00+00:00, run_after=2026-08-12 04:00:00+00:00
[2026-08-12T05:03:31.460+0000] {processor.py:208} INFO - Processing /home/airflow/.local/lib/python3.12/site-packages/airflow/example_dags/example_latest_only.py took 0.349 seconds
[2026-08-12T05:04:01.577+0000] {processor.py:186} INFO - Started process (PID=3902) to work on /home/airflow/.local/lib/python3.12/site-packages/airflow/example_dags/example_latest_only.py
[2026-08-12T05:04:01.580+0000] {processor.py:914} INFO - Processing file /home/airflow/.local/lib/python3.12/site-packages/airflow/example_dags/example_latest_only.py for tasks to queue
[2026-08-12T05:04:01.584+0000] {logging_mixin.py:190} INFO - [2026-08-12T05:04:01.584+0000] {dagbag.py:587} INFO - Filling up the DagBag from /home/airflow/.local/lib/python3.12/site-packages/airflow/example_dags/example_latest_only.py
[2026-08-12T05:04:01.596+0000] {processor.py:925} INFO - DAG(s) 'latest_only' retrieved from /home/airflow/.local/lib/python3.12/site-packages/airflow/example_dags/example_latest_only.py
[2026-08-12T05:04:01.624+0000] {logging_mixin.py:190} INFO - [2026-08-12T05:04:01.623+0000] {dag.py:3211} INFO - Sync 1 DAGs
[2026-08-12T05:04:01.656+0000] {logging_mixin.py:190} INFO - [2026-08-12T05:04:01.656+0000] {dag.py:4138} INFO - Setting next_dagrun for latest_only to 2026-08-12 00:00:00+00:00, run_after=2026-08-12 04:00:00+00:00
[2026-08-12T05:04:01.690+0000] {processor.py:208} INFO - Processing /home/airflow/.local/lib/python3.12/site-packages/airflow/example_dags/example_latest_only.py took 0.121 seconds
[2026-08-12T05:04:31.833+0000] {processor.py:186} INFO - Started process (PID=3964) to work on /home/airflow/.local/lib/python3.12/site-packages/airflow/example_dags/example_latest_only.py
[2026-08-12T05:04:31.836+0000] {processor.py:914} INFO - Processing file /home/airflow/.local/lib/python3.12/site-packages/airflow/example_dags/example_latest_only.py for tasks to queue
[2026-08-12T05:04:31.843+0000] {logging_mixin.py:190} INFO - [2026-08-12T05:04:31.842+0000] {dagbag.py:587} INFO - Filling up the DagBag from /home/airflow/.local/lib/python3.12/site-packages/airflow/example_dags/example_latest_only.py
[2026-08-12T05:04:31.859+0000] {processor.py:925} INFO - DAG(s) 'latest_only' retrieved from /home/airflow/.local/lib/python3.12/site-packages/airflow/example_dags/example_latest_only.py
[2026-08-12T05:04:31.898+0000] {logging_mixin.py:190} INFO - [2026-08-12T05:04:31.898+0000] {dag.py:3211} INFO - Sync 1 DAGs
[2026-08-12T05:04:31.930+0000] {logging_mixin.py:190} INFO - [2026-08-12T05:04:31.930+0000] {dag.py:4138} INFO - Setting next_dagrun for latest_only to 2026-08-12 00:00:00+00:00, run_after=2026-08-12 04:00:00+00:00
[2026-08-12T05:04:31.959+0000] {processor.py:208} INFO - Processing /home/airflow/.local/lib/python3.12/site-packages/airflow/example_dags/example_latest_only.py took 0.139 seconds
[2026-08-12T05:05:02.726+0000] {processor.py:186} INFO - Started process (PID=4028) to work on /home/airflow/.local/lib/python3.12/site-packages/airflow/example_dags/example_latest_only.py
[2026-08-12T05:05:02.728+0000] {processor.py:914} INFO - Processing file /home/airflow/.local/lib/python3.12/site-packages/airflow/example_dags/example_latest_only.py for tasks to queue
[2026-08-12T05:05:02.733+0000] {logging_mixin.py:190} INFO - [2026-08-12T05:05:02.732+0000] {dagbag.py:587} INFO - Filling up the DagBag from /home/airflow/.local/lib/python3.12/site-packages/airflow/example_dags/example_latest_only.py
[2026-08-12T05:05:02.743+0000] {processor.py:925} INFO - DAG(s) 'latest_only' retrieved from /home/airflow/.local/lib/python3.12/site-packages/airflow/example_dags/example_latest_only.py
[2026-08-12T05:05:02.767+0000] {logging_mixin.py:190} INFO - [2026-08-12T05:05:02.767+0000] {dag.py:3211} INFO - Sync 1 DAGs
[2026-08-12T05:05:02.795+0000] {logging_mixin.py:190} INFO - [2026-08-12T05:05:02.795+0000] {dag.py:4138} INFO - Setting next_dagrun for latest_only to 2026-08-12 00:00:00+00:00, run_after=2026-08-12 04:00:00+00:00
[2026-08-12T05:05:02.824+0000] {processor.py:208} INFO - Processing /home/airflow/.local/lib/python3.12/site-packages/airflow/example_dags/example_latest_only.py took 0.105 seconds
[2026-08-12T05:05:33.222+0000] {processor.py:186} INFO - Started process (PID=4091) to work on /home/airflow/.local/lib/python3.12/site-packages/airflow/example_dags/example_latest_only.py
[2026-08-12T05:05:33.225+0000] {processor.py:914} INFO - Processing file /home/airflow/.local/lib/python3.12/site-packages/airflow/example_dags/example_latest_only.py for tasks to queue
[2026-08-12T05:05:33.231+0000] {logging_mixin.py:190} INFO - [2026-08-12T05:05:33.229+0000] {dagbag.py:587} INFO - Filling up the DagBag from /home/airflow/.local/lib/python3.12/site-packages/airflow/example_dags/example_latest_only.py
[2026-08-12T05:05:33.244+0000] {processor.py:925} INFO - DAG(s) 'latest_only' retrieved from /home/airflow/.local/lib/python3.12/site-packages/airflow/example_dags/example_latest_only.py
[2026-08-12T05:05:33.532+0000] {logging_mixin.py:190} INFO - [2026-08-12T05:05:33.532+0000] {dag.py:3211} INFO - Sync 1 DAGs
[2026-08-12T05:05:33.569+0000] {logging_mixin.py:190} INFO - [2026-08-12T05:05:33.569+0000] {dag.py:4138} INFO - Setting next_dagrun for latest_only to 2026-08-12 00:00:00+00:00, run_after=2026-08-12 04:00:00+00:00
[2026-08-12T05:05:33.602+0000] {processor.py:208} INFO - Processing /home/airflow/.local/lib/python3.12/site-packages/airflow/example_dags/example_latest_only.py took 0.391 seconds
[2026-08-12T05:06:03.841+0000] {processor.py:186} INFO - Started process (PID=4154) to work on /home/airflow/.local/lib/python3.12/site-packages/airflow/example_dags/example_latest_only.py
[2026-08-12T05:06:03.844+0000] {processor.py:914} INFO - Processing file /home/airflow/.local/lib/python3.12/site-packages/airflow/example_dags/example_latest_only.py for tasks to queue
[2026-08-12T05:06:03.849+0000] {logging_mixin.py:190} INFO - [2026-08-12T05:06:03.849+0000] {dagbag.py:587} INFO - Filling up the DagBag from /home/airflow/.local/lib/python3.12/site-packages/airflow/example_dags/example_latest_only.py
[2026-08-12T05:06:03.858+0000] {processor.py:925} INFO - DAG(s) 'latest_only' retrieved from /home/airflow/.local/lib/python3.12/site-packages/airflow/example_dags/example_latest_only.py
[2026-08-12T05:06:03.884+0000] {logging_mixin.py:190} INFO - [2026-08-12T05:06:03.884+0000] {dag.py:3211} INFO - Sync 1 DAGs
[2026-08-12T05:06:03.911+0000] {logging_mixin.py:190} INFO - [2026-08-12T05:06:03.911+0000] {dag.py:4138} INFO - Setting next_dagrun for latest_only to 2026-08-12 00:00:00+00:00, run_after=2026-08-12 04:00:00+00:00
[2026-08-12T05:06:03.938+0000] {processor.py:208} INFO - Processing /home/airflow/.local/lib/python3.12/site-packages/airflow/example_dags/example_latest_only.py took 0.103 seconds
[2026-08-12T05:06:34.440+0000] {processor.py:186} INFO - Started process (PID=4217) to work on /home/airflow/.local/lib/python3.12/site-packages/airflow/example_dags/example_latest_only.py
[2026-08-12T05:06:34.442+0000] {processor.py:914} INFO - Processing file /home/airflow/.local/lib/python3.12/site-packages/airflow/example_dags/example_latest_only.py for tasks to queue
[2026-08-12T05:06:34.447+0000] {logging_mixin.py:190} INFO - [2026-08-12T05:06:34.446+0000] {dagbag.py:587} INFO - Filling up the DagBag from /home/airflow/.local/lib/python3.12/site-packages/airflow/example_dags/example_latest_only.py
[2026-08-12T05:06:34.457+0000] {processor.py:925} INFO - DAG(s) 'latest_only' retrieved from /home/airflow/.local/lib/python3.12/site-packages/airflow/example_dags/example_latest_only.py
[2026-08-12T05:06:34.480+0000] {logging_mixin.py:190} INFO - [2026-08-12T05:06:34.479+0000] {dag.py:3211} INFO - Sync 1 DAGs
[2026-08-12T05:06:34.520+0000] {logging_mixin.py:190} INFO - [2026-08-12T05:06:34.519+0000] {dag.py:4138} INFO - Setting next_dagrun for latest_only to 2026-08-12 00:00:00+00:00, run_after=2026-08-12 04:00:00+00:00
[2026-08-12T05:06:34.566+0000] {processor.py:208} INFO - Processing /home/airflow/.local/lib/python3.12/site-packages/airflow/example_dags/example_latest_only.py took 0.134 seconds
[2026-08-12T05:07:05.471+0000] {processor.py:186} INFO - Started process (PID=4280) to work on /home/airflow/.local/lib/python3.12/site-packages/airflow/example_dags/example_latest_only.py
[2026-08-12T05:07:05.473+0000] {processor.py:914} INFO - Processing file /home/airflow/.local/lib/python3.12/site-packages/airflow/example_dags/example_latest_only.py for tasks to queue
[2026-08-12T05:07:05.478+0000] {logging_mixin.py:190} INFO - [2026-08-12T05:07:05.478+0000] {dagbag.py:587} INFO - Filling up the DagBag from /home/airflow/.local/lib/python3.12/site-packages/airflow/example_dags/example_latest_only.py
[2026-08-12T05:07:05.488+0000] {processor.py:925} INFO - DAG(s) 'latest_only' retrieved from /home/airflow/.local/lib/python3.12/site-packages/airflow/example_dags/example_latest_only.py
[2026-08-12T05:07:05.515+0000] {logging_mixin.py:190} INFO - [2026-08-12T05:07:05.514+0000] {dag.py:3211} INFO - Sync 1 DAGs
[2026-08-12T05:07:05.545+0000] {logging_mixin.py:190} INFO - [2026-08-12T05:07:05.544+0000] {dag.py:4138} INFO - Setting next_dagrun for latest_only to 2026-08-12 00:00:00+00:00, run_after=2026-08-12 04:00:00+00:00
[2026-08-12T05:07:05.568+0000] {processor.py:208} INFO - Processing /home/airflow/.local/lib/python3.12/site-packages/airflow/example_dags/example_latest_only.py took 0.104 seconds
[2026-08-12T05:07:36.090+0000] {processor.py:186} INFO - Started process (PID=4343) to work on /home/airflow/.local/lib/python3.12/site-packages/airflow/example_dags/example_latest_only.py
[2026-08-12T05:07:36.093+0000] {processor.py:914} INFO - Processing file /home/airflow/.local/lib/python3.12/site-packages/airflow/example_dags/example_latest_only.py for tasks to queue
[2026-08-12T05:07:36.097+0000] {logging_mixin.py:190} INFO - [2026-08-12T05:07:36.096+0000] {dagbag.py:587} INFO - Filling up the DagBag from /home/airflow/.local/lib/python3.12/site-packages/airflow/example_dags/example_latest_only.py
[2026-08-12T05:07:36.106+0000] {processor.py:925} INFO - DAG(s) 'latest_only' retrieved from /home/airflow/.local/lib/python3.12/site-packages/airflow/example_dags/example_latest_only.py
[2026-08-12T05:07:36.128+0000] {logging_mixin.py:190} INFO - [2026-08-12T05:07:36.127+0000] {dag.py:3211} INFO - Sync 1 DAGs
[2026-08-12T05:07:36.157+0000] {logging_mixin.py:190} INFO - [2026-08-12T05:07:36.157+0000] {dag.py:4138} INFO - Setting next_dagrun for latest_only to 2026-08-12 00:00:00+00:00, run_after=2026-08-12 04:00:00+00:00
[2026-08-12T05:07:36.193+0000] {processor.py:208} INFO - Processing /home/airflow/.local/lib/python3.12/site-packages/airflow/example_dags/example_latest_only.py took 0.109 seconds
[2026-08-12T05:08:06.417+0000] {processor.py:186} INFO - Started process (PID=4406) to work on /home/airflow/.local/lib/python3.12/site-packages/airflow/example_dags/example_latest_only.py
[2026-08-12T05:08:06.419+0000] {processor.py:914} INFO - Processing file /home/airflow/.local/lib/python3.12/site-packages/airflow/example_dags/example_latest_only.py for tasks to queue
[2026-08-12T05:08:06.424+0000] {logging_mixin.py:190} INFO - [2026-08-12T05:08:06.423+0000] {dagbag.py:587} INFO - Filling up the DagBag from /home/airflow/.local/lib/python3.12/site-packages/airflow/example_dags/example_latest_only.py
[2026-08-12T05:08:06.434+0000] {processor.py:925} INFO - DAG(s) 'latest_only' retrieved from /home/airflow/.local/lib/python3.12/site-packages/airflow/example_dags/example_latest_only.py
[2026-08-12T05:08:06.459+0000] {logging_mixin.py:190} INFO - [2026-08-12T05:08:06.458+0000] {dag.py:3211} INFO - Sync 1 DAGs
[2026-08-12T05:08:06.486+0000] {logging_mixin.py:190} INFO - [2026-08-12T05:08:06.486+0000] {dag.py:4138} INFO - Setting next_dagrun for latest_only to 2026-08-12 00:00:00+00:00, run_after=2026-08-12 04:00:00+00:00
[2026-08-12T05:08:06.512+0000] {processor.py:208} INFO - Processing /home/airflow/.local/lib/python3.12/site-packages/airflow/example_dags/example_latest_only.py took 0.103 seconds
[2026-08-12T05:08:36.767+0000] {processor.py:186} INFO - Started process (PID=4469) to work on /home/airflow/.local/lib/python3.12/site-packages/airflow/example_dags/example_latest_only.py
[2026-08-12T05:08:36.770+0000] {processor.py:914} INFO - Processing file /home/airflow/.local/lib/python3.12/site-packages/airflow/example_dags/example_latest_only.py for tasks to queue
[2026-08-12T05:08:36.774+0000] {logging_mixin.py:190} INFO - [2026-08-12T05:08:36.773+0000] {dagbag.py:587} INFO - Filling up the DagBag from /home/airflow/.local/lib/python3.12/site-packages/airflow/example_dags/example_latest_only.py
[2026-08-12T05:08:36.785+0000] {processor.py:925} INFO - DAG(s) 'latest_only' retrieved from /home/airflow/.local/lib/python3.12/site-packages/airflow/example_dags/example_latest_only.py
[2026-08-12T05:08:36.809+0000] {logging_mixin.py:190} INFO - [2026-08-12T05:08:36.809+0000] {dag.py:3211} INFO - Sync 1 DAGs
[2026-08-12T05:08:36.837+0000] {logging_mixin.py:190} INFO - [2026-08-12T05:08:36.837+0000] {dag.py:4138} INFO - Setting next_dagrun for latest_only to 2026-08-12 00:00:00+00:00, run_after=2026-08-12 04:00:00+00:00
[2026-08-12T05:08:36.861+0000] {processor.py:208} INFO - Processing /home/airflow/.local/lib/python3.12/site-packages/airflow/example_dags/example_latest_only.py took 0.100 seconds
[2026-08-12T05:09:07.037+0000] {processor.py:186} INFO - Started process (PID=4532) to work on /home/airflow/.local/lib/python3.12/site-packages/airflow/example_dags/example_latest_only.py
[2026-08-12T05:09:07.040+0000] {processor.py:914} INFO - Processing file /home/airflow/.local/lib/python3.12/site-packages/airflow/example_dags/example_latest_only.py for tasks to queue
[2026-08-12T05:09:07.044+0000] {logging_mixin.py:190} INFO - [2026-08-12T05:09:07.044+0000] {dagbag.py:587} INFO - Filling up the DagBag from /home/airflow/.local/lib/python3.12/site-packages/airflow/example_dags/example_latest_only.py
[2026-08-12T05:09:07.053+0000] {processor.py:925} INFO - DAG(s) 'latest_only' retrieved from /home/airflow/.local/lib/python3.12/site-packages/airflow/example_dags/example_latest_only.py
[2026-08-12T05:09:07.076+0000] {logging_mixin.py:190} INFO - [2026-08-12T05:09:07.076+0000] {dag.py:3211} INFO - Sync 1 DAGs
[2026-08-12T05:09:07.105+0000] {logging_mixin.py:190} INFO - [2026-08-12T05:09:07.105+0000] {dag.py:4138} INFO - Setting next_dagrun for latest_only to 2026-08-12 00:00:00+00:00, run_after=2026-08-12 04:00:00+00:00
[2026-08-12T05:09:07.138+0000] {processor.py:208} INFO - Processing /home/airflow/.local/lib/python3.12/site-packages/airflow/example_dags/example_latest_only.py took 0.112 seconds
[2026-08-12T05:09:37.637+0000] {processor.py:186} INFO - Started process (PID=4595) to work on /home/airflow/.local/lib/python3.12/site-packages/airflow/example_dags/example_latest_only.py
[2026-08-12T05:09:37.640+0000] {processor.py:914} INFO - Processing file /home/airflow/.local/lib/python3.12/site-packages/airflow/example_dags/example_latest_only.py for tasks to queue
[2026-08-12T05:09:37.645+0000] {logging_mixin.py:190} INFO - [2026-08-12T05:09:37.644+0000] {dagbag.py:587} INFO - Filling up the DagBag from /home/airflow/.local/lib/python3.12/site-packages/airflow/example_dags/example_latest_only.py
[2026-08-12T05:09:37.654+0000] {processor.py:925} INFO - DAG(s) 'latest_only' retrieved from /home/airflow/.local/lib/python3.12/site-packages/airflow/example_dags/example_latest_only.py
[2026-08-12T05:09:37.679+0000] {logging_mixin.py:190} INFO - [2026-08-12T05:09:37.678+0000] {dag.py:3211} INFO - Sync 1 DAGs
[2026-08-12T05:09:37.706+0000] {logging_mixin.py:190} INFO - [2026-08-12T05:09:37.705+0000] {dag.py:4138} INFO - Setting next_dagrun for latest_only to 2026-08-12 00:00:00+00:00, run_after=2026-08-12 04:00:00+00:00
[2026-08-12T05:09:37.730+0000] {processor.py:208} INFO - Processing /home/airflow/.local/lib/python3.12/site-packages/airflow/example_dags/example_latest_only.py took 0.100 seconds
[2026-08-12T05:10:07.842+0000] {processor.py:186} INFO - Started process (PID=4658) to work on /home/airflow/.local/lib/python3.12/site-packages/airflow/example_dags/example_latest_only.py
[2026-08-12T05:10:07.845+0000] {processor.py:914} INFO - Processing file /home/airflow/.local/lib/python3.12/site-packages/airflow/example_dags/example_latest_only.py for tasks to queue
[2026-08-12T05:10:07.850+0000] {logging_mixin.py:190} INFO - [2026-08-12T05:10:07.849+0000] {dagbag.py:587} INFO - Filling up the DagBag from /home/airflow/.local/lib/python3.12/site-packages/airflow/example_dags/example_latest_only.py
[2026-08-12T05:10:07.858+0000] {processor.py:925} INFO - DAG(s) 'latest_only' retrieved from /home/airflow/.local/lib/python3.12/site-packages/airflow/example_dags/example_latest_only.py
[2026-08-12T05:10:07.880+0000] {logging_mixin.py:190} INFO - [2026-08-12T05:10:07.880+0000] {dag.py:3211} INFO - Sync 1 DAGs
[2026-08-12T05:10:07.906+0000] {logging_mixin.py:190} INFO - [2026-08-12T05:10:07.906+0000] {dag.py:4138} INFO - Setting next_dagrun for latest_only to 2026-08-12 00:00:00+00:00, run_after=2026-08-12 04:00:00+00:00
[2026-08-12T05:10:07.929+0000] {processor.py:208} INFO - Processing /home/airflow/.local/lib/python3.12/site-packages/airflow/example_dags/example_latest_only.py took 0.092 seconds
[2026-08-12T05:10:38.164+0000] {processor.py:186} INFO - Started process (PID=4721) to work on /home/airflow/.local/lib/python3.12/site-packages/airflow/example_dags/example_latest_only.py
[2026-08-12T05:10:38.167+0000] {processor.py:914} INFO - Processing file /home/airflow/.local/lib/python3.12/site-packages/airflow/example_dags/example_latest_only.py for tasks to queue
[2026-08-12T05:10:38.174+0000] {logging_mixin.py:190} INFO - [2026-08-12T05:10:38.173+0000] {dagbag.py:587} INFO - Filling up the DagBag from /home/airflow/.local/lib/python3.12/site-packages/airflow/example_dags/example_latest_only.py
[2026-08-12T05:10:38.183+0000] {processor.py:925} INFO - DAG(s) 'latest_only' retrieved from /home/airflow/.local/lib/python3.12/site-packages/airflow/example_dags/example_latest_only.py
[2026-08-12T05:10:38.208+0000] {logging_mixin.py:190} INFO - [2026-08-12T05:10:38.208+0000] {dag.py:3211} INFO - Sync 1 DAGs
[2026-08-12T05:10:38.232+0000] {logging_mixin.py:190} INFO - [2026-08-12T05:10:38.232+0000] {dag.py:4138} INFO - Setting next_dagrun for latest_only to 2026-08-12 00:00:00+00:00, run_after=2026-08-12 04:00:00+00:00
[2026-08-12T05:10:38.253+0000] {processor.py:208} INFO - Processing /home/airflow/.local/lib/python3.12/site-packages/airflow/example_dags/example_latest_only.py took 0.096 seconds
[2026-08-12T05:11:08.490+0000] {processor.py:186} INFO - Started process (PID=4784) to work on /home/airflow/.local/lib/python3.12/site-packages/airflow/example_dags/example_latest_only.py
[2026-08-12T05:11:08.493+0000] {processor.py:914} INFO - Processing file /home/airflow/.local/lib/python3.12/site-packages/airflow/example_dags/example_latest_only.py for tasks to queue
[2026-08-12T05:11:08.497+0000] {logging_mixin.py:190} INFO - [2026-08-12T05:11:08.496+0000] {dagbag.py:587} INFO - Filling up the DagBag from /home/airflow/.local/lib/python3.12/site-packages/airflow/example_dags/example_latest_only.py
[2026-08-12T05:11:08.508+0000] {processor.py:925} INFO - DAG(s) 'latest_only' retrieved from /home/airflow/.local/lib/python3.12/site-packages/airflow/example_dags/example_latest_only.py
[2026-08-12T05:11:08.531+0000] {logging_mixin.py:190} INFO - [2026-08-12T05:11:08.531+0000] {dag.py:3211} INFO - Sync 1 DAGs
[2026-08-12T05:11:08.555+0000] {logging_mixin.py:190} INFO - [2026-08-12T05:11:08.555+0000] {dag.py:4138} INFO - Setting next_dagrun for latest_only to 2026-08-12 00:00:00+00:00, run_after=2026-08-12 04:00:00+00:00
[2026-08-12T05:11:08.575+0000] {processor.py:208} INFO - Processing /home/airflow/.local/lib/python3.12/site-packages/airflow/example_dags/example_latest_only.py took 0.091 seconds
[2026-08-12T05:11:39.635+0000] {processor.py:186} INFO - Started process (PID=4847) to work on /home/airflow/.local/lib/python3.12/site-packages/airflow/example_dags/example_latest_only.py
[2026-08-12T05:11:39.638+0000] {processor.py:914} INFO - Processing file /home/airflow/.local/lib/python3.12/site-packages/airflow/example_dags/example_latest_only.py for tasks to queue
[2026-08-12T05:11:39.641+0000] {logging_mixin.py:190} INFO - [2026-08-12T05:11:39.641+0000] {dagbag.py:587} INFO - Filling up the DagBag from /home/airflow/.local/lib/python3.12/site-packages/airflow/example_dags/example_latest_only.py
[2026-08-12T05:11:39.651+0000] {processor.py:925} INFO - DAG(s) 'latest_only' retrieved from /home/airflow/.local/lib/python3.12/site-packages/airflow/example_dags/example_latest_only.py
[2026-08-12T05:11:39.672+0000] {logging_mixin.py:190} INFO - [2026-08-12T05:11:39.672+0000] {dag.py:3211} INFO - Sync 1 DAGs
[2026-08-12T05:11:39.696+0000] {logging_mixin.py:190} INFO - [2026-08-12T05:11:39.696+0000] {dag.py:4138} INFO - Setting next_dagrun for latest_only to 2026-08-12 00:00:00+00:00, run_after=2026-08-12 04:00:00+00:00
[2026-08-12T05:11:39.716+0000] {processor.py:208} INFO - Processing /home/airflow/.local/lib/python3.12/site-packages/airflow/example_dags/example_latest_only.py took 0.087 seconds
[2026-08-12T05:12:09.965+0000] {processor.py:186} INFO - Started process (PID=4910) to work on /home/airflow/.local/lib/python3.12/site-packages/airflow/example_dags/example_latest_only.py
[2026-08-12T05:12:09.968+0000] {processor.py:914} INFO - Processing file /home/airflow/.local/lib/python3.12/site-packages/airflow/example_dags/example_latest_only.py for tasks to queue
[2026-08-12T05:12:09.977+0000] {logging_mixin.py:190} INFO - [2026-08-12T05:12:09.976+0000] {dagbag.py:587} INFO - Filling up the DagBag from /home/airflow/.local/lib/python3.12/site-packages/airflow/example_dags/example_latest_only.py
[2026-08-12T05:12:09.992+0000] {processor.py:925} INFO - DAG(s) 'latest_only' retrieved from /home/airflow/.local/lib/python3.12/site-packages/airflow/example_dags/example_latest_only.py
[2026-08-12T05:12:10.017+0000] {logging_mixin.py:190} INFO - [2026-08-12T05:12:10.017+0000] {dag.py:3211} INFO - Sync 1 DAGs
[2026-08-12T05:12:10.042+0000] {logging_mixin.py:190} INFO - [2026-08-12T05:12:10.042+0000] {dag.py:4138} INFO - Setting next_dagrun for latest_only to 2026-08-12 00:00:00+00:00, run_after=2026-08-12 04:00:00+00:00
[2026-08-12T05:12:10.071+0000] {processor.py:208} INFO - Processing /home/airflow/.local/lib/python3.12/site-packages/airflow/example_dags/example_latest_only.py took 0.119 seconds
[2026-08-12T05:12:40.163+0000] {processor.py:186} INFO - Started process (PID=4973) to work on /home/airflow/.local/lib/python3.12/site-packages/airflow/example_dags/example_latest_only.py
[2026-08-12T05:12:40.166+0000] {processor.py:914} INFO - Processing file /home/airflow/.local/lib/python3.12/site-packages/airflow/example_dags/example_latest_only.py for tasks to queue
[2026-08-12T05:12:40.171+0000] {logging_mixin.py:190} INFO - [2026-08-12T05:12:40.170+0000] {dagbag.py:587} INFO - Filling up the DagBag from /home/airflow/.local/lib/python3.12/site-packages/airflow/example_dags/example_latest_only.py
[2026-08-12T05:12:40.185+0000] {processor.py:925} INFO - DAG(s) 'latest_only' retrieved from /home/airflow/.local/lib/python3.12/site-packages/airflow/example_dags/example_latest_only.py
[2026-08-12T05:12:40.222+0000] {logging_mixin.py:190} INFO - [2026-08-12T05:12:40.222+0000] {dag.py:3211} INFO - Sync 1 DAGs
[2026-08-12T05:12:40.251+0000] {logging_mixin.py:190} INFO - [2026-08-12T05:12:40.251+0000] {dag.py:4138} INFO - Setting next_dagrun for latest_only to 2026-08-12 00:00:00+00:00, run_after=2026-08-12 04:00:00+00:00
[2026-08-12T05:12:40.283+0000] {processor.py:208} INFO - Processing /home/airflow/.local/lib/python3.12/site-packages/airflow/example_dags/example_latest_only.py took 0.126 seconds
[2026-08-12T05:13:10.400+0000] {processor.py:186} INFO - Started process (PID=5036) to work on /home/airflow/.local/lib/python3.12/site-packages/airflow/example_dags/example_latest_only.py
[2026-08-12T05:13:10.403+0000] {processor.py:914} INFO - Processing file /home/airflow/.local/lib/python3.12/site-packages/airflow/example_dags/example_latest_only.py for tasks to queue
[2026-08-12T05:13:10.407+0000] {logging_mixin.py:190} INFO - [2026-08-12T05:13:10.407+0000] {dagbag.py:587} INFO - Filling up the DagBag from /home/airflow/.local/lib/python3.12/site-packages/airflow/example_dags/example_latest_only.py
[2026-08-12T05:13:10.415+0000] {processor.py:925} INFO - DAG(s) 'latest_only' retrieved from /home/airflow/.local/lib/python3.12/site-packages/airflow/example_dags/example_latest_only.py
[2026-08-12T05:13:10.438+0000] {logging_mixin.py:190} INFO - [2026-08-12T05:13:10.438+0000] {dag.py:3211} INFO - Sync 1 DAGs
[2026-08-12T05:13:10.461+0000] {logging_mixin.py:190} INFO - [2026-08-12T05:13:10.461+0000] {dag.py:4138} INFO - Setting next_dagrun for latest_only to 2026-08-12 00:00:00+00:00, run_after=2026-08-12 04:00:00+00:00
[2026-08-12T05:13:10.488+0000] {processor.py:208} INFO - Processing /home/airflow/.local/lib/python3.12/site-packages/airflow/example_dags/example_latest_only.py took 0.095 seconds
[2026-08-12T05:13:40.998+0000] {processor.py:186} INFO - Started process (PID=5099) to work on /home/airflow/.local/lib/python3.12/site-packages/airflow/example_dags/example_latest_only.py
[2026-08-12T05:13:41.000+0000] {processor.py:914} INFO - Processing file /home/airflow/.local/lib/python3.12/site-packages/airflow/example_dags/example_latest_only.py for tasks to queue
[2026-08-12T05:13:41.005+0000] {logging_mixin.py:190} INFO - [2026-08-12T05:13:41.005+0000] {dagbag.py:587} INFO - Filling up the DagBag from /home/airflow/.local/lib/python3.12/site-packages/airflow/example_dags/example_latest_only.py
[2026-08-12T05:13:41.018+0000] {processor.py:925} INFO - DAG(s) 'latest_only' retrieved from /home/airflow/.local/lib/python3.12/site-packages/airflow/example_dags/example_latest_only.py
[2026-08-12T05:13:41.047+0000] {logging_mixin.py:190} INFO - [2026-08-12T05:13:41.047+0000] {dag.py:3211} INFO - Sync 1 DAGs
[2026-08-12T05:13:41.076+0000] {logging_mixin.py:190} INFO - [2026-08-12T05:13:41.076+0000] {dag.py:4138} INFO - Setting next_dagrun for latest_only to 2026-08-12 00:00:00+00:00, run_after=2026-08-12 04:00:00+00:00
[2026-08-12T05:13:41.109+0000] {processor.py:208} INFO - Processing /home/airflow/.local/lib/python3.12/site-packages/airflow/example_dags/example_latest_only.py took 0.125 seconds
[2026-08-12T05:14:11.319+0000] {processor.py:186} INFO - Started process (PID=5162) to work on /home/airflow/.local/lib/python3.12/site-packages/airflow/example_dags/example_latest_only.py
[2026-08-12T05:14:11.323+0000] {processor.py:914} INFO - Processing file /home/airflow/.local/lib/python3.12/site-packages/airflow/example_dags/example_latest_only.py for tasks to queue
[2026-08-12T05:14:11.328+0000] {logging_mixin.py:190} INFO - [2026-08-12T05:14:11.328+0000] {dagbag.py:587} INFO - Filling up the DagBag from /home/airflow/.local/lib/python3.12/site-packages/airflow/example_dags/example_latest_only.py
[2026-08-12T05:14:11.346+0000] {processor.py:925} INFO - DAG(s) 'latest_only' retrieved from /home/airflow/.local/lib/python3.12/site-packages/airflow/example_dags/example_latest_only.py
[2026-08-12T05:14:11.389+0000] {logging_mixin.py:190} INFO - [2026-08-12T05:14:11.389+0000] {dag.py:3211} INFO - Sync 1 DAGs
[2026-08-12T05:14:11.425+0000] {logging_mixin.py:190} INFO - [2026-08-12T05:14:11.425+0000] {dag.py:4138} INFO - Setting next_dagrun for latest_only to 2026-08-12 00:00:00+00:00, run_after=2026-08-12 04:00:00+00:00
[2026-08-12T05:14:11.465+0000] {processor.py:208} INFO - Processing /home/airflow/.local/lib/python3.12/site-packages/airflow/example_dags/example_latest_only.py took 0.157 seconds
[2026-08-12T05:14:42.254+0000] {processor.py:186} INFO - Started process (PID=5225) to work on /home/airflow/.local/lib/python3.12/site-packages/airflow/example_dags/example_latest_only.py
[2026-08-12T05:14:42.258+0000] {processor.py:914} INFO - Processing file /home/airflow/.local/lib/python3.12/site-packages/airflow/example_dags/example_latest_only.py for tasks to queue
[2026-08-12T05:14:42.264+0000] {logging_mixin.py:190} INFO - [2026-08-12T05:14:42.263+0000] {dagbag.py:587} INFO - Filling up the DagBag from /home/airflow/.local/lib/python3.12/site-packages/airflow/example_dags/example_latest_only.py
[2026-08-12T05:14:42.274+0000] {processor.py:925} INFO - DAG(s) 'latest_only' retrieved from /home/airflow/.local/lib/python3.12/site-packages/airflow/example_dags/example_latest_only.py
[2026-08-12T05:14:42.295+0000] {logging_mixin.py:190} INFO - [2026-08-12T05:14:42.295+0000] {dag.py:3211} INFO - Sync 1 DAGs
[2026-08-12T05:14:42.319+0000] {logging_mixin.py:190} INFO - [2026-08-12T05:14:42.319+0000] {dag.py:4138} INFO - Setting next_dagrun for latest_only to 2026-08-12 00:00:00+00:00, run_after=2026-08-12 04:00:00+00:00
[2026-08-12T05:14:42.347+0000] {processor.py:208} INFO - Processing /home/airflow/.local/lib/python3.12/site-packages/airflow/example_dags/example_latest_only.py took 0.098 seconds
[2026-08-12T05:15:12.875+0000] {processor.py:186} INFO - Started process (PID=5288) to work on /home/airflow/.local/lib/python3.12/site-packages/airflow/example_dags/example_latest_only.py
[2026-08-12T05:15:12.878+0000] {processor.py:914} INFO - Processing file /home/airflow/.local/lib/python3.12/site-packages/airflow/example_dags/example_latest_only.py for tasks to queue
[2026-08-12T05:15:12.882+0000] {logging_mixin.py:190} INFO - [2026-08-12T05:15:12.882+0000] {dagbag.py:587} INFO - Filling up the DagBag from /home/airflow/.local/lib/python3.12/site-packages/airflow/example_dags/example_latest_only.py
[2026-08-12T05:15:12.891+0000] {processor.py:925} INFO - DAG(s) 'latest_only' retrieved from /home/airflow/.local/lib/python3.12/site-packages/airflow/example_dags/example_latest_only.py
[2026-08-12T05:15:12.911+0000] {logging_mixin.py:190} INFO - [2026-08-12T05:15:12.911+0000] {dag.py:3211} INFO - Sync 1 DAGs
[2026-08-12T05:15:12.935+0000] {logging_mixin.py:190} INFO - [2026-08-12T05:15:12.935+0000] {dag.py:4138} INFO - Setting next_dagrun for latest_only to 2026-08-12 00:00:00+00:00, run_after=2026-08-12 04:00:00+00:00
[2026-08-12T05:15:12.962+0000] {processor.py:208} INFO - Processing /home/airflow/.local/lib/python3.12/site-packages/airflow/example_dags/example_latest_only.py took 0.093 seconds
[2026-08-12T05:15:43.501+0000] {processor.py:186} INFO - Started process (PID=5351) to work on /home/airflow/.local/lib/python3.12/site-packages/airflow/example_dags/example_latest_only.py
[2026-08-12T05:15:43.503+0000] {processor.py:914} INFO - Processing file /home/airflow/.local/lib/python3.12/site-packages/airflow/example_dags/example_latest_only.py for tasks to queue
[2026-08-12T05:15:43.509+0000] {logging_mixin.py:190} INFO - [2026-08-12T05:15:43.509+0000] {dagbag.py:587} INFO - Filling up the DagBag from /home/airflow/.local/lib/python3.12/site-packages/airflow/example_dags/example_latest_only.py
[2026-08-12T05:15:43.523+0000] {processor.py:925} INFO - DAG(s) 'latest_only' retrieved from /home/airflow/.local/lib/python3.12/site-packages/airflow/example_dags/example_latest_only.py
[2026-08-12T05:15:43.561+0000] {logging_mixin.py:190} INFO - [2026-08-12T05:15:43.561+0000] {dag.py:3211} INFO - Sync 1 DAGs
[2026-08-12T05:15:43.599+0000] {logging_mixin.py:190} INFO - [2026-08-12T05:15:43.598+0000] {dag.py:4138} INFO - Setting next_dagrun for latest_only to 2026-08-12 00:00:00+00:00, run_after=2026-08-12 04:00:00+00:00
[2026-08-12T05:15:43.628+0000] {processor.py:208} INFO - Processing /home/airflow/.local/lib/python3.12/site-packages/airflow/example_dags/example_latest_only.py took 0.133 seconds
[2026-08-12T05:16:14.029+0000] {processor.py:186} INFO - Started process (PID=5414) to work on /home/airflow/.local/lib/python3.12/site-packages/airflow/example_dags/example_latest_only.py
[2026-08-12T05:16:14.031+0000] {processor.py:914} INFO - Processing file /home/airflow/.local/lib/python3.12/site-packages/airflow/example_dags/example_latest_only.py for tasks to queue
[2026-08-12T05:16:14.035+0000] {logging_mixin.py:190} INFO - [2026-08-12T05:16:14.035+0000] {dagbag.py:587} INFO - Filling up the DagBag from /home/airflow/.local/lib/python3.12/site-packages/airflow/example_dags/example_latest_only.py
[2026-08-12T05:16:14.047+0000] {processor.py:925} INFO - DAG(s) 'latest_only' retrieved from /home/airflow/.local/lib/python3.12/site-packages/airflow/example_dags/example_latest_only.py
[2026-08-12T05:16:14.075+0000] {logging_mixin.py:190} INFO - [2026-08-12T05:16:14.075+0000] {dag.py:3211} INFO - Sync 1 DAGs
[2026-08-12T05:16:14.103+0000] {logging_mixin.py:190} INFO - [2026-08-12T05:16:14.103+0000] {dag.py:4138} INFO - Setting next_dagrun for latest_only to 2026-08-12 00:00:00+00:00, run_after=2026-08-12 04:00:00+00:00
[2026-08-12T05:16:14.128+0000] {processor.py:208} INFO - Processing /home/airflow/.local/lib/python3.12/site-packages/airflow/example_dags/example_latest_only.py took 0.105 seconds
[2026-08-12T05:16:44.394+0000] {processor.py:186} INFO - Started process (PID=5477) to work on /home/airflow/.local/lib/python3.12/site-packages/airflow/example_dags/example_latest_only.py
[2026-08-12T05:16:44.397+0000] {processor.py:914} INFO - Processing file /home/airflow/.local/lib/python3.12/site-packages/airflow/example_dags/example_latest_only.py for tasks to queue
[2026-08-12T05:16:44.403+0000] {logging_mixin.py:190} INFO - [2026-08-12T05:16:44.403+0000] {dagbag.py:587} INFO - Filling up the DagBag from /home/airflow/.local/lib/python3.12/site-packages/airflow/example_dags/example_latest_only.py
[2026-08-12T05:16:44.419+0000] {processor.py:925} INFO - DAG(s) 'latest_only' retrieved from /home/airflow/.local/lib/python3.12/site-packages/airflow/example_dags/example_latest_only.py
[2026-08-12T05:16:44.456+0000] {logging_mixin.py:190} INFO - [2026-08-12T05:16:44.456+0000] {dag.py:3211} INFO - Sync 1 DAGs
[2026-08-12T05:16:44.496+0000] {logging_mixin.py:190} INFO - [2026-08-12T05:16:44.496+0000] {dag.py:4138} INFO - Setting next_dagrun for latest_only to 2026-08-12 00:00:00+00:00, run_after=2026-08-12 04:00:00+00:00
[2026-08-12T05:16:44.530+0000] {processor.py:208} INFO - Processing /home/airflow/.local/lib/python3.12/site-packages/airflow/example_dags/example_latest_only.py took 0.143 seconds
[2026-08-12T05:17:14.793+0000] {processor.py:186} INFO - Started process (PID=5540) to work on /home/airflow/.local/lib/python3.12/site-packages/airflow/example_dags/example_latest_only.py
[2026-08-12T05:17:14.795+0000] {processor.py:914} INFO - Processing file /home/airflow/.local/lib/python3.12/site-packages/airflow/example_dags/example_latest_only.py for tasks to queue
[2026-08-12T05:17:14.800+0000] {logging_mixin.py:190} INFO - [2026-08-12T05:17:14.799+0000] {dagbag.py:587} INFO - Filling up the DagBag from /home/airflow/.local/lib/python3.12/site-packages/airflow/example_dags/example_latest_only.py
[2026-08-12T05:17:14.809+0000] {processor.py:925} INFO - DAG(s) 'latest_only' retrieved from /home/airflow/.local/lib/python3.12/site-packages/airflow/example_dags/example_latest_only.py
[2026-08-12T05:17:14.842+0000] {logging_mixin.py:190} INFO - [2026-08-12T05:17:14.842+0000] {dag.py:3211} INFO - Sync 1 DAGs
[2026-08-12T05:17:14.876+0000] {logging_mixin.py:190} INFO - [2026-08-12T05:17:14.876+0000] {dag.py:4138} INFO - Setting next_dagrun for latest_only to 2026-08-12 00:00:00+00:00, run_after=2026-08-12 04:00:00+00:00
[2026-08-12T05:17:14.905+0000] {processor.py:208} INFO - Processing /home/airflow/.local/lib/python3.12/site-packages/airflow/example_dags/example_latest_only.py took 0.118 seconds
[2026-08-12T05:17:45.436+0000] {processor.py:186} INFO - Started process (PID=5604) to work on /home/airflow/.local/lib/python3.12/site-packages/airflow/example_dags/example_latest_only.py
[2026-08-12T05:17:45.439+0000] {processor.py:914} INFO - Processing file /home/airflow/.local/lib/python3.12/site-packages/airflow/example_dags/example_latest_only.py for tasks to queue
[2026-08-12T05:17:45.444+0000] {logging_mixin.py:190} INFO - [2026-08-12T05:17:45.443+0000] {dagbag.py:587} INFO - Filling up the DagBag from /home/airflow/.local/lib/python3.12/site-packages/airflow/example_dags/example_latest_only.py
[2026-08-12T05:17:45.454+0000] {processor.py:925} INFO - DAG(s) 'latest_only' retrieved from /home/airflow/.local/lib/python3.12/site-packages/airflow/example_dags/example_latest_only.py
[2026-08-12T05:17:45.484+0000] {logging_mixin.py:190} INFO - [2026-08-12T05:17:45.483+0000] {dag.py:3211} INFO - Sync 1 DAGs
[2026-08-12T05:17:45.521+0000] {logging_mixin.py:190} INFO - [2026-08-12T05:17:45.520+0000] {dag.py:4138} INFO - Setting next_dagrun for latest_only to 2026-08-12 00:00:00+00:00, run_after=2026-08-12 04:00:00+00:00
[2026-08-12T05:17:45.548+0000] {processor.py:208} INFO - Processing /home/airflow/.local/lib/python3.12/site-packages/airflow/example_dags/example_latest_only.py took 0.118 seconds
[2026-08-12T05:18:15.995+0000] {processor.py:186} INFO - Started process (PID=5667) to work on /home/airflow/.local/lib/python3.12/site-packages/airflow/example_dags/example_latest_only.py
[2026-08-12T05:18:15.998+0000] {processor.py:914} INFO - Processing file /home/airflow/.local/lib/python3.12/site-packages/airflow/example_dags/example_latest_only.py for tasks to queue
[2026-08-12T05:18:16.003+0000] {logging_mixin.py:190} INFO - [2026-08-12T05:18:16.002+0000] {dagbag.py:587} INFO - Filling up the DagBag from /home/airflow/.local/lib/python3.12/site-packages/airflow/example_dags/example_latest_only.py
[2026-08-12T05:18:16.016+0000] {processor.py:925} INFO - DAG(s) 'latest_only' retrieved from /home/airflow/.local/lib/python3.12/site-packages/airflow/example_dags/example_latest_only.py
[2026-08-12T05:18:16.042+0000] {logging_mixin.py:190} INFO - [2026-08-12T05:18:16.041+0000] {dag.py:3211} INFO - Sync 1 DAGs
[2026-08-12T05:18:16.076+0000] {logging_mixin.py:190} INFO - [2026-08-12T05:18:16.076+0000] {dag.py:4138} INFO - Setting next_dagrun for latest_only to 2026-08-12 00:00:00+00:00, run_after=2026-08-12 04:00:00+00:00
[2026-08-12T05:18:16.125+0000] {processor.py:208} INFO - Processing /home/airflow/.local/lib/python3.12/site-packages/airflow/example_dags/example_latest_only.py took 0.138 seconds
[2026-08-12T05:18:46.368+0000] {processor.py:186} INFO - Started process (PID=5730) to work on /home/airflow/.local/lib/python3.12/site-packages/airflow/example_dags/example_latest_only.py
[2026-08-12T05:18:46.372+0000] {processor.py:914} INFO - Processing file /home/airflow/.local/lib/python3.12/site-packages/airflow/example_dags/example_latest_only.py for tasks to queue
[2026-08-12T05:18:46.377+0000] {logging_mixin.py:190} INFO - [2026-08-12T05:18:46.376+0000] {dagbag.py:587} INFO - Filling up the DagBag from /home/airflow/.local/lib/python3.12/site-packages/airflow/example_dags/example_latest_only.py
[2026-08-12T05:18:46.389+0000] {processor.py:925} INFO - DAG(s) 'latest_only' retrieved from /home/airflow/.local/lib/python3.12/site-packages/airflow/example_dags/example_latest_only.py
[2026-08-12T05:18:46.413+0000] {logging_mixin.py:190} INFO - [2026-08-12T05:18:46.412+0000] {dag.py:3211} INFO - Sync 1 DAGs
[2026-08-12T05:18:46.438+0000] {logging_mixin.py:190} INFO - [2026-08-12T05:18:46.437+0000] {dag.py:4138} INFO - Setting next_dagrun for latest_only to 2026-08-12 00:00:00+00:00, run_after=2026-08-12 04:00:00+00:00
[2026-08-12T05:18:46.457+0000] {processor.py:208} INFO - Processing /home/airflow/.local/lib/python3.12/site-packages/airflow/example_dags/example_latest_only.py took 0.096 seconds
[2026-08-12T05:19:16.631+0000] {processor.py:186} INFO - Started process (PID=5792) to work on /home/airflow/.local/lib/python3.12/site-packages/airflow/example_dags/example_latest_only.py
[2026-08-12T05:19:16.634+0000] {processor.py:914} INFO - Processing file /home/airflow/.local/lib/python3.12/site-packages/airflow/example_dags/example_latest_only.py for tasks to queue
[2026-08-12T05:19:16.639+0000] {logging_mixin.py:190} INFO - [2026-08-12T05:19:16.638+0000] {dagbag.py:587} INFO - Filling up the DagBag from /home/airflow/.local/lib/python3.12/site-packages/airflow/example_dags/example_latest_only.py
[2026-08-12T05:19:16.649+0000] {processor.py:925} INFO - DAG(s) 'latest_only' retrieved from /home/airflow/.local/lib/python3.12/site-packages/airflow/example_dags/example_latest_only.py
[2026-08-12T05:19:16.671+0000] {logging_mixin.py:190} INFO - [2026-08-12T05:19:16.670+0000] {dag.py:3211} INFO - Sync 1 DAGs
[2026-08-12T05:19:16.696+0000] {logging_mixin.py:190} INFO - [2026-08-12T05:19:16.696+0000] {dag.py:4138} INFO - Setting next_dagrun for latest_only to 2026-08-12 00:00:00+00:00, run_after=2026-08-12 04:00:00+00:00
[2026-08-12T05:19:16.721+0000] {processor.py:208} INFO - Processing /home/airflow/.local/lib/python3.12/site-packages/airflow/example_dags/example_latest_only.py took 0.096 seconds
[2026-08-12T05:19:46.965+0000] {processor.py:186} INFO - Started process (PID=5855) to work on /home/airflow/.local/lib/python3.12/site-packages/airflow/example_dags/example_latest_only.py
[2026-08-12T05:19:46.968+0000] {processor.py:914} INFO - Processing file /home/airflow/.local/lib/python3.12/site-packages/airflow/example_dags/example_latest_only.py for tasks to queue
[2026-08-12T05:19:46.973+0000] {logging_mixin.py:190} INFO - [2026-08-12T05:19:46.973+0000] {dagbag.py:587} INFO - Filling up the DagBag from /home/airflow/.local/lib/python3.12/site-packages/airflow/example_dags/example_latest_only.py
[2026-08-12T05:19:46.983+0000] {processor.py:925} INFO - DAG(s) 'latest_only' retrieved from /home/airflow/.local/lib/python3.12/site-packages/airflow/example_dags/example_latest_only.py
[2026-08-12T05:19:47.005+0000] {logging_mixin.py:190} INFO - [2026-08-12T05:19:47.005+0000] {dag.py:3211} INFO - Sync 1 DAGs
[2026-08-12T05:19:47.030+0000] {logging_mixin.py:190} INFO - [2026-08-12T05:19:47.029+0000] {dag.py:4138} INFO - Setting next_dagrun for latest_only to 2026-08-12 00:00:00+00:00, run_after=2026-08-12 04:00:00+00:00
[2026-08-12T05:19:47.052+0000] {processor.py:208} INFO - Processing /home/airflow/.local/lib/python3.12/site-packages/airflow/example_dags/example_latest_only.py took 0.095 seconds
[2026-08-12T05:20:17.601+0000] {processor.py:186} INFO - Started process (PID=5918) to work on /home/airflow/.local/lib/python3.12/site-packages/airflow/example_dags/example_latest_only.py
[2026-08-12T05:20:17.606+0000] {processor.py:914} INFO - Processing file /home/airflow/.local/lib/python3.12/site-packages/airflow/example_dags/example_latest_only.py for tasks to queue
[2026-08-12T05:20:17.612+0000] {logging_mixin.py:190} INFO - [2026-08-12T05:20:17.611+0000] {dagbag.py:587} INFO - Filling up the DagBag from /home/airflow/.local/lib/python3.12/site-packages/airflow/example_dags/example_latest_only.py
[2026-08-12T05:20:17.631+0000] {processor.py:925} INFO - DAG(s) 'latest_only' retrieved from /home/airflow/.local/lib/python3.12/site-packages/airflow/example_dags/example_latest_only.py
[2026-08-12T05:20:17.681+0000] {logging_mixin.py:190} INFO - [2026-08-12T05:20:17.681+0000] {dag.py:3211} INFO - Sync 1 DAGs
[2026-08-12T05:20:17.730+0000] {logging_mixin.py:190} INFO - [2026-08-12T05:20:17.729+0000] {dag.py:4138} INFO - Setting next_dagrun for latest_only to 2026-08-12 00:00:00+00:00, run_after=2026-08-12 04:00:00+00:00
[2026-08-12T05:20:17.772+0000] {processor.py:208} INFO - Processing /home/airflow/.local/lib/python3.12/site-packages/airflow/example_dags/example_latest_only.py took 0.187 seconds
[2026-08-12T05:20:48.579+0000] {processor.py:186} INFO - Started process (PID=5981) to work on /home/airflow/.local/lib/python3.12/site-packages/airflow/example_dags/example_latest_only.py
[2026-08-12T05:20:48.582+0000] {processor.py:914} INFO - Processing file /home/airflow/.local/lib/python3.12/site-packages/airflow/example_dags/example_latest_only.py for tasks to queue
[2026-08-12T05:20:48.586+0000] {logging_mixin.py:190} INFO - [2026-08-12T05:20:48.585+0000] {dagbag.py:587} INFO - Filling up the DagBag from /home/airflow/.local/lib/python3.12/site-packages/airflow/example_dags/example_latest_only.py
[2026-08-12T05:20:48.595+0000] {processor.py:925} INFO - DAG(s) 'latest_only' retrieved from /home/airflow/.local/lib/python3.12/site-packages/airflow/example_dags/example_latest_only.py
[2026-08-12T05:20:48.618+0000] {logging_mixin.py:190} INFO - [2026-08-12T05:20:48.617+0000] {dag.py:3211} INFO - Sync 1 DAGs
[2026-08-12T05:20:48.643+0000] {logging_mixin.py:190} INFO - [2026-08-12T05:20:48.643+0000] {dag.py:4138} INFO - Setting next_dagrun for latest_only to 2026-08-12 00:00:00+00:00, run_after=2026-08-12 04:00:00+00:00
[2026-08-12T05:20:48.671+0000] {processor.py:208} INFO - Processing /home/airflow/.local/lib/python3.12/site-packages/airflow/example_dags/example_latest_only.py took 0.098 seconds
[2026-08-12T05:21:18.953+0000] {processor.py:186} INFO - Started process (PID=6044) to work on /home/airflow/.local/lib/python3.12/site-packages/airflow/example_dags/example_latest_only.py
[2026-08-12T05:21:18.957+0000] {processor.py:914} INFO - Processing file /home/airflow/.local/lib/python3.12/site-packages/airflow/example_dags/example_latest_only.py for tasks to queue
[2026-08-12T05:21:18.963+0000] {logging_mixin.py:190} INFO - [2026-08-12T05:21:18.962+0000] {dagbag.py:587} INFO - Filling up the DagBag from /home/airflow/.local/lib/python3.12/site-packages/airflow/example_dags/example_latest_only.py
[2026-08-12T05:21:18.979+0000] {processor.py:925} INFO - DAG(s) 'latest_only' retrieved from /home/airflow/.local/lib/python3.12/site-packages/airflow/example_dags/example_latest_only.py
[2026-08-12T05:21:19.004+0000] {logging_mixin.py:190} INFO - [2026-08-12T05:21:19.004+0000] {dag.py:3211} INFO - Sync 1 DAGs
[2026-08-12T05:21:19.031+0000] {logging_mixin.py:190} INFO - [2026-08-12T05:21:19.030+0000] {dag.py:4138} INFO - Setting next_dagrun for latest_only to 2026-08-12 00:00:00+00:00, run_after=2026-08-12 04:00:00+00:00
[2026-08-12T05:21:19.056+0000] {processor.py:208} INFO - Processing /home/airflow/.local/lib/python3.12/site-packages/airflow/example_dags/example_latest_only.py took 0.111 seconds
[2026-08-12T05:21:49.666+0000] {processor.py:186} INFO - Started process (PID=6107) to work on /home/airflow/.local/lib/python3.12/site-packages/airflow/example_dags/example_latest_only.py
[2026-08-12T05:21:49.668+0000] {processor.py:914} INFO - Processing file /home/airflow/.local/lib/python3.12/site-packages/airflow/example_dags/example_latest_only.py for tasks to queue
[2026-08-12T05:21:49.673+0000] {logging_mixin.py:190} INFO - [2026-08-12T05:21:49.672+0000] {dagbag.py:587} INFO - Filling up the DagBag from /home/airflow/.local/lib/python3.12/site-packages/airflow/example_dags/example_latest_only.py
[2026-08-12T05:21:49.682+0000] {processor.py:925} INFO - DAG(s) 'latest_only' retrieved from /home/airflow/.local/lib/python3.12/site-packages/airflow/example_dags/example_latest_only.py
[2026-08-12T05:21:49.706+0000] {logging_mixin.py:190} INFO - [2026-08-12T05:21:49.706+0000] {dag.py:3211} INFO - Sync 1 DAGs
[2026-08-12T05:21:49.731+0000] {logging_mixin.py:190} INFO - [2026-08-12T05:21:49.731+0000] {dag.py:4138} INFO - Setting next_dagrun for latest_only to 2026-08-12 00:00:00+00:00, run_after=2026-08-12 04:00:00+00:00
[2026-08-12T05:21:49.766+0000] {processor.py:208} INFO - Processing /home/airflow/.local/lib/python3.12/site-packages/airflow/example_dags/example_latest_only.py took 0.108 seconds
[2026-08-12T05:22:20.174+0000] {processor.py:186} INFO - Started process (PID=6170) to work on /home/airflow/.local/lib/python3.12/site-packages/airflow/example_dags/example_latest_only.py
[2026-08-12T05:22:20.177+0000] {processor.py:914} INFO - Processing file /home/airflow/.local/lib/python3.12/site-packages/airflow/example_dags/example_latest_only.py for tasks to queue
[2026-08-12T05:22:20.182+0000] {logging_mixin.py:190} INFO - [2026-08-12T05:22:20.181+0000] {dagbag.py:587} INFO - Filling up the DagBag from /home/airflow/.local/lib/python3.12/site-packages/airflow/example_dags/example_latest_only.py
[2026-08-12T05:22:20.190+0000] {processor.py:925} INFO - DAG(s) 'latest_only' retrieved from /home/airflow/.local/lib/python3.12/site-packages/airflow/example_dags/example_latest_only.py
[2026-08-12T05:22:20.216+0000] {logging_mixin.py:190} INFO - [2026-08-12T05:22:20.216+0000] {dag.py:3211} INFO - Sync 1 DAGs
[2026-08-12T05:22:20.243+0000] {logging_mixin.py:190} INFO - [2026-08-12T05:22:20.242+0000] {dag.py:4138} INFO - Setting next_dagrun for latest_only to 2026-08-12 00:00:00+00:00, run_after=2026-08-12 04:00:00+00:00
[2026-08-12T05:22:20.269+0000] {processor.py:208} INFO - Processing /home/airflow/.local/lib/python3.12/site-packages/airflow/example_dags/example_latest_only.py took 0.101 seconds
[2026-08-12T05:22:51.032+0000] {processor.py:186} INFO - Started process (PID=6233) to work on /home/airflow/.local/lib/python3.12/site-packages/airflow/example_dags/example_latest_only.py
[2026-08-12T05:22:51.035+0000] {processor.py:914} INFO - Processing file /home/airflow/.local/lib/python3.12/site-packages/airflow/example_dags/example_latest_only.py for tasks to queue
[2026-08-12T05:22:51.039+0000] {logging_mixin.py:190} INFO - [2026-08-12T05:22:51.039+0000] {dagbag.py:587} INFO - Filling up the DagBag from /home/airflow/.local/lib/python3.12/site-packages/airflow/example_dags/example_latest_only.py
[2026-08-12T05:22:51.050+0000] {processor.py:925} INFO - DAG(s) 'latest_only' retrieved from /home/airflow/.local/lib/python3.12/site-packages/airflow/example_dags/example_latest_only.py
[2026-08-12T05:22:51.084+0000] {logging_mixin.py:190} INFO - [2026-08-12T05:22:51.084+0000] {dag.py:3211} INFO - Sync 1 DAGs
[2026-08-12T05:22:51.120+0000] {logging_mixin.py:190} INFO - [2026-08-12T05:22:51.119+0000] {dag.py:4138} INFO - Setting next_dagrun for latest_only to 2026-08-12 00:00:00+00:00, run_after=2026-08-12 04:00:00+00:00
[2026-08-12T05:22:51.149+0000] {processor.py:208} INFO - Processing /home/airflow/.local/lib/python3.12/site-packages/airflow/example_dags/example_latest_only.py took 0.126 seconds
[2026-08-12T05:23:21.613+0000] {processor.py:186} INFO - Started process (PID=6296) to work on /home/airflow/.local/lib/python3.12/site-packages/airflow/example_dags/example_latest_only.py
[2026-08-12T05:23:21.616+0000] {processor.py:914} INFO - Processing file /home/airflow/.local/lib/python3.12/site-packages/airflow/example_dags/example_latest_only.py for tasks to queue
[2026-08-12T05:23:21.619+0000] {logging_mixin.py:190} INFO - [2026-08-12T05:23:21.619+0000] {dagbag.py:587} INFO - Filling up the DagBag from /home/airflow/.local/lib/python3.12/site-packages/airflow/example_dags/example_latest_only.py
[2026-08-12T05:23:21.631+0000] {processor.py:925} INFO - DAG(s) 'latest_only' retrieved from /home/airflow/.local/lib/python3.12/site-packages/airflow/example_dags/example_latest_only.py
[2026-08-12T05:23:21.655+0000] {logging_mixin.py:190} INFO - [2026-08-12T05:23:21.654+0000] {dag.py:3211} INFO - Sync 1 DAGs
[2026-08-12T05:23:21.681+0000] {logging_mixin.py:190} INFO - [2026-08-12T05:23:21.681+0000] {dag.py:4138} INFO - Setting next_dagrun for latest_only to 2026-08-12 00:00:00+00:00, run_after=2026-08-12 04:00:00+00:00
[2026-08-12T05:23:21.709+0000] {processor.py:208} INFO - Processing /home/airflow/.local/lib/python3.12/site-packages/airflow/example_dags/example_latest_only.py took 0.102 seconds
[2026-08-12T05:23:52.169+0000] {processor.py:186} INFO - Started process (PID=6359) to work on /home/airflow/.local/lib/python3.12/site-packages/airflow/example_dags/example_latest_only.py
[2026-08-12T05:23:52.172+0000] {processor.py:914} INFO - Processing file /home/airflow/.local/lib/python3.12/site-packages/airflow/example_dags/example_latest_only.py for tasks to queue
[2026-08-12T05:23:52.176+0000] {logging_mixin.py:190} INFO - [2026-08-12T05:23:52.176+0000] {dagbag.py:587} INFO - Filling up the DagBag from /home/airflow/.local/lib/python3.12/site-packages/airflow/example_dags/example_latest_only.py
[2026-08-12T05:23:52.194+0000] {processor.py:925} INFO - DAG(s) 'latest_only' retrieved from /home/airflow/.local/lib/python3.12/site-packages/airflow/example_dags/example_latest_only.py
[2026-08-12T05:23:52.223+0000] {logging_mixin.py:190} INFO - [2026-08-12T05:23:52.223+0000] {dag.py:3211} INFO - Sync 1 DAGs
[2026-08-12T05:23:52.250+0000] {logging_mixin.py:190} INFO - [2026-08-12T05:23:52.250+0000] {dag.py:4138} INFO - Setting next_dagrun for latest_only to 2026-08-12 00:00:00+00:00, run_after=2026-08-12 04:00:00+00:00
[2026-08-12T05:23:52.280+0000] {processor.py:208} INFO - Processing /home/airflow/.local/lib/python3.12/site-packages/airflow/example_dags/example_latest_only.py took 0.118 seconds
[2026-08-12T05:24:23.042+0000] {processor.py:186} INFO - Started process (PID=6422) to work on /home/airflow/.local/lib/python3.12/site-packages/airflow/example_dags/example_latest_only.py
[2026-08-12T05:24:23.045+0000] {processor.py:914} INFO - Processing file /home/airflow/.local/lib/python3.12/site-packages/airflow/example_dags/example_latest_only.py for tasks to queue
[2026-08-12T05:24:23.053+0000] {logging_mixin.py:190} INFO - [2026-08-12T05:24:23.052+0000] {dagbag.py:587} INFO - Filling up the DagBag from /home/airflow/.local/lib/python3.12/site-packages/airflow/example_dags/example_latest_only.py
[2026-08-12T05:24:23.070+0000] {processor.py:925} INFO - DAG(s) 'latest_only' retrieved from /home/airflow/.local/lib/python3.12/site-packages/airflow/example_dags/example_latest_only.py
[2026-08-12T05:24:23.107+0000] {logging_mixin.py:190} INFO - [2026-08-12T05:24:23.106+0000] {dag.py:3211} INFO - Sync 1 DAGs
[2026-08-12T05:24:23.147+0000] {logging_mixin.py:190} INFO - [2026-08-12T05:24:23.147+0000] {dag.py:4138} INFO - Setting next_dagrun for latest_only to 2026-08-12 00:00:00+00:00, run_after=2026-08-12 04:00:00+00:00
[2026-08-12T05:24:23.178+0000] {processor.py:208} INFO - Processing /home/airflow/.local/lib/python3.12/site-packages/airflow/example_dags/example_latest_only.py took 0.145 seconds
[2026-08-12T05:24:53.589+0000] {processor.py:186} INFO - Started process (PID=6486) to work on /home/airflow/.local/lib/python3.12/site-packages/airflow/example_dags/example_latest_only.py
[2026-08-12T05:24:53.592+0000] {processor.py:914} INFO - Processing file /home/airflow/.local/lib/python3.12/site-packages/airflow/example_dags/example_latest_only.py for tasks to queue
[2026-08-12T05:24:53.597+0000] {logging_mixin.py:190} INFO - [2026-08-12T05:24:53.596+0000] {dagbag.py:587} INFO - Filling up the DagBag from /home/airflow/.local/lib/python3.12/site-packages/airflow/example_dags/example_latest_only.py
[2026-08-12T05:24:53.606+0000] {processor.py:925} INFO - DAG(s) 'latest_only' retrieved from /home/airflow/.local/lib/python3.12/site-packages/airflow/example_dags/example_latest_only.py
[2026-08-12T05:24:53.634+0000] {logging_mixin.py:190} INFO - [2026-08-12T05:24:53.633+0000] {dag.py:3211} INFO - Sync 1 DAGs
[2026-08-12T05:24:53.668+0000] {logging_mixin.py:190} INFO - [2026-08-12T05:24:53.667+0000] {dag.py:4138} INFO - Setting next_dagrun for latest_only to 2026-08-12 00:00:00+00:00, run_after=2026-08-12 04:00:00+00:00
[2026-08-12T05:24:53.699+0000] {processor.py:208} INFO - Processing /home/airflow/.local/lib/python3.12/site-packages/airflow/example_dags/example_latest_only.py took 0.117 seconds
[2026-08-12T05:25:24.107+0000] {processor.py:186} INFO - Started process (PID=6549) to work on /home/airflow/.local/lib/python3.12/site-packages/airflow/example_dags/example_latest_only.py
[2026-08-12T05:25:24.111+0000] {processor.py:914} INFO - Processing file /home/airflow/.local/lib/python3.12/site-packages/airflow/example_dags/example_latest_only.py for tasks to queue
[2026-08-12T05:25:24.117+0000] {logging_mixin.py:190} INFO - [2026-08-12T05:25:24.116+0000] {dagbag.py:587} INFO - Filling up the DagBag from /home/airflow/.local/lib/python3.12/site-packages/airflow/example_dags/example_latest_only.py
[2026-08-12T05:25:24.130+0000] {processor.py:925} INFO - DAG(s) 'latest_only' retrieved from /home/airflow/.local/lib/python3.12/site-packages/airflow/example_dags/example_latest_only.py
[2026-08-12T05:25:24.160+0000] {logging_mixin.py:190} INFO - [2026-08-12T05:25:24.160+0000] {dag.py:3211} INFO - Sync 1 DAGs
[2026-08-12T05:25:24.195+0000] {logging_mixin.py:190} INFO - [2026-08-12T05:25:24.194+0000] {dag.py:4138} INFO - Setting next_dagrun for latest_only to 2026-08-12 00:00:00+00:00, run_after=2026-08-12 04:00:00+00:00
[2026-08-12T05:25:24.222+0000] {processor.py:208} INFO - Processing /home/airflow/.local/lib/python3.12/site-packages/airflow/example_dags/example_latest_only.py took 0.127 seconds
[2026-08-12T05:25:54.376+0000] {processor.py:186} INFO - Started process (PID=6612) to work on /home/airflow/.local/lib/python3.12/site-packages/airflow/example_dags/example_latest_only.py
[2026-08-12T05:25:54.379+0000] {processor.py:914} INFO - Processing file /home/airflow/.local/lib/python3.12/site-packages/airflow/example_dags/example_latest_only.py for tasks to queue
[2026-08-12T05:25:54.385+0000] {logging_mixin.py:190} INFO - [2026-08-12T05:25:54.384+0000] {dagbag.py:587} INFO - Filling up the DagBag from /home/airflow/.local/lib/python3.12/site-packages/airflow/example_dags/example_latest_only.py
[2026-08-12T05:25:54.397+0000] {processor.py:925} INFO - DAG(s) 'latest_only' retrieved from /home/airflow/.local/lib/python3.12/site-packages/airflow/example_dags/example_latest_only.py
[2026-08-12T05:25:54.429+0000] {logging_mixin.py:190} INFO - [2026-08-12T05:25:54.429+0000] {dag.py:3211} INFO - Sync 1 DAGs
[2026-08-12T05:25:54.459+0000] {logging_mixin.py:190} INFO - [2026-08-12T05:25:54.459+0000] {dag.py:4138} INFO - Setting next_dagrun for latest_only to 2026-08-12 00:00:00+00:00, run_after=2026-08-12 04:00:00+00:00
[2026-08-12T05:25:54.489+0000] {processor.py:208} INFO - Processing /home/airflow/.local/lib/python3.12/site-packages/airflow/example_dags/example_latest_only.py took 0.125 seconds
[2026-08-12T05:26:24.910+0000] {processor.py:186} INFO - Started process (PID=6676) to work on /home/airflow/.local/lib/python3.12/site-packages/airflow/example_dags/example_latest_only.py
[2026-08-12T05:26:24.912+0000] {processor.py:914} INFO - Processing file /home/airflow/.local/lib/python3.12/site-packages/airflow/example_dags/example_latest_only.py for tasks to queue
[2026-08-12T05:26:24.916+0000] {logging_mixin.py:190} INFO - [2026-08-12T05:26:24.916+0000] {dagbag.py:587} INFO - Filling up the DagBag from /home/airflow/.local/lib/python3.12/site-packages/airflow/example_dags/example_latest_only.py
[2026-08-12T05:26:24.927+0000] {processor.py:925} INFO - DAG(s) 'latest_only' retrieved from /home/airflow/.local/lib/python3.12/site-packages/airflow/example_dags/example_latest_only.py
[2026-08-12T05:26:24.964+0000] {logging_mixin.py:190} INFO - [2026-08-12T05:26:24.963+0000] {dag.py:3211} INFO - Sync 1 DAGs
[2026-08-12T05:26:24.998+0000] {logging_mixin.py:190} INFO - [2026-08-12T05:26:24.997+0000] {dag.py:4138} INFO - Setting next_dagrun for latest_only to 2026-08-12 00:00:00+00:00, run_after=2026-08-12 04:00:00+00:00
[2026-08-12T05:26:25.034+0000] {processor.py:208} INFO - Processing /home/airflow/.local/lib/python3.12/site-packages/airflow/example_dags/example_latest_only.py took 0.131 seconds
[2026-08-12T05:26:55.624+0000] {processor.py:186} INFO - Started process (PID=6739) to work on /home/airflow/.local/lib/python3.12/site-packages/airflow/example_dags/example_latest_only.py
[2026-08-12T05:26:55.627+0000] {processor.py:914} INFO - Processing file /home/airflow/.local/lib/python3.12/site-packages/airflow/example_dags/example_latest_only.py for tasks to queue
[2026-08-12T05:26:55.632+0000] {logging_mixin.py:190} INFO - [2026-08-12T05:26:55.631+0000] {dagbag.py:587} INFO - Filling up the DagBag from /home/airflow/.local/lib/python3.12/site-packages/airflow/example_dags/example_latest_only.py
[2026-08-12T05:26:55.647+0000] {processor.py:925} INFO - DAG(s) 'latest_only' retrieved from /home/airflow/.local/lib/python3.12/site-packages/airflow/example_dags/example_latest_only.py
[2026-08-12T05:26:55.675+0000] {logging_mixin.py:190} INFO - [2026-08-12T05:26:55.675+0000] {dag.py:3211} INFO - Sync 1 DAGs
[2026-08-12T05:26:55.703+0000] {logging_mixin.py:190} INFO - [2026-08-12T05:26:55.703+0000] {dag.py:4138} INFO - Setting next_dagrun for latest_only to 2026-08-12 00:00:00+00:00, run_after=2026-08-12 04:00:00+00:00
[2026-08-12T05:26:55.728+0000] {processor.py:208} INFO - Processing /home/airflow/.local/lib/python3.12/site-packages/airflow/example_dags/example_latest_only.py took 0.110 seconds
[2026-08-12T05:27:26.076+0000] {processor.py:186} INFO - Started process (PID=6802) to work on /home/airflow/.local/lib/python3.12/site-packages/airflow/example_dags/example_latest_only.py
[2026-08-12T05:27:26.078+0000] {processor.py:914} INFO - Processing file /home/airflow/.local/lib/python3.12/site-packages/airflow/example_dags/example_latest_only.py for tasks to queue
[2026-08-12T05:27:26.082+0000] {logging_mixin.py:190} INFO - [2026-08-12T05:27:26.082+0000] {dagbag.py:587} INFO - Filling up the DagBag from /home/airflow/.local/lib/python3.12/site-packages/airflow/example_dags/example_latest_only.py
[2026-08-12T05:27:26.091+0000] {processor.py:925} INFO - DAG(s) 'latest_only' retrieved from /home/airflow/.local/lib/python3.12/site-packages/airflow/example_dags/example_latest_only.py
[2026-08-12T05:27:26.115+0000] {logging_mixin.py:190} INFO - [2026-08-12T05:27:26.114+0000] {dag.py:3211} INFO - Sync 1 DAGs
[2026-08-12T05:27:26.141+0000] {logging_mixin.py:190} INFO - [2026-08-12T05:27:26.141+0000] {dag.py:4138} INFO - Setting next_dagrun for latest_only to 2026-08-12 00:00:00+00:00, run_after=2026-08-12 04:00:00+00:00
[2026-08-12T05:27:26.162+0000] {processor.py:208} INFO - Processing /home/airflow/.local/lib/python3.12/site-packages/airflow/example_dags/example_latest_only.py took 0.092 seconds
[2026-08-12T05:27:56.994+0000] {processor.py:186} INFO - Started process (PID=6865) to work on /home/airflow/.local/lib/python3.12/site-packages/airflow/example_dags/example_latest_only.py
[2026-08-12T05:27:56.996+0000] {processor.py:914} INFO - Processing file /home/airflow/.local/lib/python3.12/site-packages/airflow/example_dags/example_latest_only.py for tasks to queue
[2026-08-12T05:27:57.000+0000] {logging_mixin.py:190} INFO - [2026-08-12T05:27:57.000+0000] {dagbag.py:587} INFO - Filling up the DagBag from /home/airflow/.local/lib/python3.12/site-packages/airflow/example_dags/example_latest_only.py
[2026-08-12T05:27:57.013+0000] {processor.py:925} INFO - DAG(s) 'latest_only' retrieved from /home/airflow/.local/lib/python3.12/site-packages/airflow/example_dags/example_latest_only.py
[2026-08-12T05:27:57.047+0000] {logging_mixin.py:190} INFO - [2026-08-12T05:27:57.046+0000] {dag.py:3211} INFO - Sync 1 DAGs
[2026-08-12T05:27:57.079+0000] {logging_mixin.py:190} INFO - [2026-08-12T05:27:57.078+0000] {dag.py:4138} INFO - Setting next_dagrun for latest_only to 2026-08-12 00:00:00+00:00, run_after=2026-08-12 04:00:00+00:00
[2026-08-12T05:27:57.104+0000] {processor.py:208} INFO - Processing /home/airflow/.local/lib/python3.12/site-packages/airflow/example_dags/example_latest_only.py took 0.119 seconds
[2026-08-12T05:28:27.750+0000] {processor.py:186} INFO - Started process (PID=6928) to work on /home/airflow/.local/lib/python3.12/site-packages/airflow/example_dags/example_latest_only.py
[2026-08-12T05:28:27.752+0000] {processor.py:914} INFO - Processing file /home/airflow/.local/lib/python3.12/site-packages/airflow/example_dags/example_latest_only.py for tasks to queue
[2026-08-12T05:28:27.755+0000] {logging_mixin.py:190} INFO - [2026-08-12T05:28:27.755+0000] {dagbag.py:587} INFO - Filling up the DagBag from /home/airflow/.local/lib/python3.12/site-packages/airflow/example_dags/example_latest_only.py
[2026-08-12T05:28:27.766+0000] {processor.py:925} INFO - DAG(s) 'latest_only' retrieved from /home/airflow/.local/lib/python3.12/site-packages/airflow/example_dags/example_latest_only.py
[2026-08-12T05:28:27.796+0000] {logging_mixin.py:190} INFO - [2026-08-12T05:28:27.796+0000] {dag.py:3211} INFO - Sync 1 DAGs
[2026-08-12T05:28:27.836+0000] {logging_mixin.py:190} INFO - [2026-08-12T05:28:27.836+0000] {dag.py:4138} INFO - Setting next_dagrun for latest_only to 2026-08-12 00:00:00+00:00, run_after=2026-08-12 04:00:00+00:00
[2026-08-12T05:28:27.866+0000] {processor.py:208} INFO - Processing /home/airflow/.local/lib/python3.12/site-packages/airflow/example_dags/example_latest_only.py took 0.123 seconds
[2026-08-12T05:28:58.770+0000] {processor.py:186} INFO - Started process (PID=6991) to work on /home/airflow/.local/lib/python3.12/site-packages/airflow/example_dags/example_latest_only.py
[2026-08-12T05:28:58.772+0000] {processor.py:914} INFO - Processing file /home/airflow/.local/lib/python3.12/site-packages/airflow/example_dags/example_latest_only.py for tasks to queue
[2026-08-12T05:28:58.778+0000] {logging_mixin.py:190} INFO - [2026-08-12T05:28:58.777+0000] {dagbag.py:587} INFO - Filling up the DagBag from /home/airflow/.local/lib/python3.12/site-packages/airflow/example_dags/example_latest_only.py
[2026-08-12T05:28:58.788+0000] {processor.py:925} INFO - DAG(s) 'latest_only' retrieved from /home/airflow/.local/lib/python3.12/site-packages/airflow/example_dags/example_latest_only.py
[2026-08-12T05:28:58.812+0000] {logging_mixin.py:190} INFO - [2026-08-12T05:28:58.811+0000] {dag.py:3211} INFO - Sync 1 DAGs
[2026-08-12T05:28:58.842+0000] {logging_mixin.py:190} INFO - [2026-08-12T05:28:58.842+0000] {dag.py:4138} INFO - Setting next_dagrun for latest_only to 2026-08-12 00:00:00+00:00, run_after=2026-08-12 04:00:00+00:00
[2026-08-12T05:28:58.866+0000] {processor.py:208} INFO - Processing /home/airflow/.local/lib/python3.12/site-packages/airflow/example_dags/example_latest_only.py took 0.102 seconds
[2026-08-12T05:29:29.278+0000] {processor.py:186} INFO - Started process (PID=7054) to work on /home/airflow/.local/lib/python3.12/site-packages/airflow/example_dags/example_latest_only.py
[2026-08-12T05:29:29.282+0000] {processor.py:914} INFO - Processing file /home/airflow/.local/lib/python3.12/site-packages/airflow/example_dags/example_latest_only.py for tasks to queue
[2026-08-12T05:29:29.287+0000] {logging_mixin.py:190} INFO - [2026-08-12T05:29:29.286+0000] {dagbag.py:587} INFO - Filling up the DagBag from /home/airflow/.local/lib/python3.12/site-packages/airflow/example_dags/example_latest_only.py
[2026-08-12T05:29:29.299+0000] {processor.py:925} INFO - DAG(s) 'latest_only' retrieved from /home/airflow/.local/lib/python3.12/site-packages/airflow/example_dags/example_latest_only.py
[2026-08-12T05:29:29.332+0000] {logging_mixin.py:190} INFO - [2026-08-12T05:29:29.332+0000] {dag.py:3211} INFO - Sync 1 DAGs
[2026-08-12T05:29:29.367+0000] {logging_mixin.py:190} INFO - [2026-08-12T05:29:29.366+0000] {dag.py:4138} INFO - Setting next_dagrun for latest_only to 2026-08-12 00:00:00+00:00, run_after=2026-08-12 04:00:00+00:00
[2026-08-12T05:29:29.400+0000] {processor.py:208} INFO - Processing /home/airflow/.local/lib/python3.12/site-packages/airflow/example_dags/example_latest_only.py took 0.128 seconds
[2026-08-12T05:29:59.891+0000] {processor.py:186} INFO - Started process (PID=7117) to work on /home/airflow/.local/lib/python3.12/site-packages/airflow/example_dags/example_latest_only.py
[2026-08-12T05:29:59.893+0000] {processor.py:914} INFO - Processing file /home/airflow/.local/lib/python3.12/site-packages/airflow/example_dags/example_latest_only.py for tasks to queue
[2026-08-12T05:29:59.898+0000] {logging_mixin.py:190} INFO - [2026-08-12T05:29:59.897+0000] {dagbag.py:587} INFO - Filling up the DagBag from /home/airflow/.local/lib/python3.12/site-packages/airflow/example_dags/example_latest_only.py
[2026-08-12T05:29:59.911+0000] {processor.py:925} INFO - DAG(s) 'latest_only' retrieved from /home/airflow/.local/lib/python3.12/site-packages/airflow/example_dags/example_latest_only.py
[2026-08-12T05:29:59.942+0000] {logging_mixin.py:190} INFO - [2026-08-12T05:29:59.942+0000] {dag.py:3211} INFO - Sync 1 DAGs
[2026-08-12T05:29:59.974+0000] {logging_mixin.py:190} INFO - [2026-08-12T05:29:59.973+0000] {dag.py:4138} INFO - Setting next_dagrun for latest_only to 2026-08-12 00:00:00+00:00, run_after=2026-08-12 04:00:00+00:00
[2026-08-12T05:30:00.006+0000] {processor.py:208} INFO - Processing /home/airflow/.local/lib/python3.12/site-packages/airflow/example_dags/example_latest_only.py took 0.123 seconds
[2026-08-12T05:30:30.397+0000] {processor.py:186} INFO - Started process (PID=7180) to work on /home/airflow/.local/lib/python3.12/site-packages/airflow/example_dags/example_latest_only.py
[2026-08-12T05:30:30.399+0000] {processor.py:914} INFO - Processing file /home/airflow/.local/lib/python3.12/site-packages/airflow/example_dags/example_latest_only.py for tasks to queue
[2026-08-12T05:30:30.406+0000] {logging_mixin.py:190} INFO - [2026-08-12T05:30:30.405+0000] {dagbag.py:587} INFO - Filling up the DagBag from /home/airflow/.local/lib/python3.12/site-packages/airflow/example_dags/example_latest_only.py
[2026-08-12T05:30:30.423+0000] {processor.py:925} INFO - DAG(s) 'latest_only' retrieved from /home/airflow/.local/lib/python3.12/site-packages/airflow/example_dags/example_latest_only.py
[2026-08-12T05:30:30.460+0000] {logging_mixin.py:190} INFO - [2026-08-12T05:30:30.459+0000] {dag.py:3211} INFO - Sync 1 DAGs
[2026-08-12T05:30:30.498+0000] {logging_mixin.py:190} INFO - [2026-08-12T05:30:30.498+0000] {dag.py:4138} INFO - Setting next_dagrun for latest_only to 2026-08-12 00:00:00+00:00, run_after=2026-08-12 04:00:00+00:00
[2026-08-12T05:30:30.532+0000] {processor.py:208} INFO - Processing /home/airflow/.local/lib/python3.12/site-packages/airflow/example_dags/example_latest_only.py took 0.142 seconds
[2026-08-12T05:31:01.294+0000] {processor.py:186} INFO - Started process (PID=7243) to work on /home/airflow/.local/lib/python3.12/site-packages/airflow/example_dags/example_latest_only.py
[2026-08-12T05:31:01.297+0000] {processor.py:914} INFO - Processing file /home/airflow/.local/lib/python3.12/site-packages/airflow/example_dags/example_latest_only.py for tasks to queue
[2026-08-12T05:31:01.302+0000] {logging_mixin.py:190} INFO - [2026-08-12T05:31:01.302+0000] {dagbag.py:587} INFO - Filling up the DagBag from /home/airflow/.local/lib/python3.12/site-packages/airflow/example_dags/example_latest_only.py
[2026-08-12T05:31:01.311+0000] {processor.py:925} INFO - DAG(s) 'latest_only' retrieved from /home/airflow/.local/lib/python3.12/site-packages/airflow/example_dags/example_latest_only.py
[2026-08-12T05:31:01.336+0000] {logging_mixin.py:190} INFO - [2026-08-12T05:31:01.336+0000] {dag.py:3211} INFO - Sync 1 DAGs
[2026-08-12T05:31:01.367+0000] {logging_mixin.py:190} INFO - [2026-08-12T05:31:01.366+0000] {dag.py:4138} INFO - Setting next_dagrun for latest_only to 2026-08-12 00:00:00+00:00, run_after=2026-08-12 04:00:00+00:00
[2026-08-12T05:31:01.392+0000] {processor.py:208} INFO - Processing /home/airflow/.local/lib/python3.12/site-packages/airflow/example_dags/example_latest_only.py took 0.106 seconds
[2026-08-12T05:31:32.028+0000] {processor.py:186} INFO - Started process (PID=7312) to work on /home/airflow/.local/lib/python3.12/site-packages/airflow/example_dags/example_latest_only.py
[2026-08-12T05:31:32.030+0000] {processor.py:914} INFO - Processing file /home/airflow/.local/lib/python3.12/site-packages/airflow/example_dags/example_latest_only.py for tasks to queue
[2026-08-12T05:31:32.034+0000] {logging_mixin.py:190} INFO - [2026-08-12T05:31:32.033+0000] {dagbag.py:587} INFO - Filling up the DagBag from /home/airflow/.local/lib/python3.12/site-packages/airflow/example_dags/example_latest_only.py
[2026-08-12T05:31:32.044+0000] {processor.py:925} INFO - DAG(s) 'latest_only' retrieved from /home/airflow/.local/lib/python3.12/site-packages/airflow/example_dags/example_latest_only.py
[2026-08-12T05:31:32.069+0000] {logging_mixin.py:190} INFO - [2026-08-12T05:31:32.069+0000] {dag.py:3211} INFO - Sync 1 DAGs
[2026-08-12T05:31:32.095+0000] {logging_mixin.py:190} INFO - [2026-08-12T05:31:32.095+0000] {dag.py:4138} INFO - Setting next_dagrun for latest_only to 2026-08-12 00:00:00+00:00, run_after=2026-08-12 04:00:00+00:00
[2026-08-12T05:31:32.126+0000] {processor.py:208} INFO - Processing /home/airflow/.local/lib/python3.12/site-packages/airflow/example_dags/example_latest_only.py took 0.104 seconds
[2026-08-12T05:32:02.823+0000] {processor.py:186} INFO - Started process (PID=7375) to work on /home/airflow/.local/lib/python3.12/site-packages/airflow/example_dags/example_latest_only.py
[2026-08-12T05:32:02.826+0000] {processor.py:914} INFO - Processing file /home/airflow/.local/lib/python3.12/site-packages/airflow/example_dags/example_latest_only.py for tasks to queue
[2026-08-12T05:32:02.830+0000] {logging_mixin.py:190} INFO - [2026-08-12T05:32:02.829+0000] {dagbag.py:587} INFO - Filling up the DagBag from /home/airflow/.local/lib/python3.12/site-packages/airflow/example_dags/example_latest_only.py
[2026-08-12T05:32:02.839+0000] {processor.py:925} INFO - DAG(s) 'latest_only' retrieved from /home/airflow/.local/lib/python3.12/site-packages/airflow/example_dags/example_latest_only.py
[2026-08-12T05:32:02.863+0000] {logging_mixin.py:190} INFO - [2026-08-12T05:32:02.863+0000] {dag.py:3211} INFO - Sync 1 DAGs
[2026-08-12T05:32:02.894+0000] {logging_mixin.py:190} INFO - [2026-08-12T05:32:02.893+0000] {dag.py:4138} INFO - Setting next_dagrun for latest_only to 2026-08-12 00:00:00+00:00, run_after=2026-08-12 04:00:00+00:00
[2026-08-12T05:32:02.917+0000] {processor.py:208} INFO - Processing /home/airflow/.local/lib/python3.12/site-packages/airflow/example_dags/example_latest_only.py took 0.101 seconds
[2026-08-12T05:32:33.136+0000] {processor.py:186} INFO - Started process (PID=7438) to work on /home/airflow/.local/lib/python3.12/site-packages/airflow/example_dags/example_latest_only.py
[2026-08-12T05:32:33.138+0000] {processor.py:914} INFO - Processing file /home/airflow/.local/lib/python3.12/site-packages/airflow/example_dags/example_latest_only.py for tasks to queue
[2026-08-12T05:32:33.142+0000] {logging_mixin.py:190} INFO - [2026-08-12T05:32:33.141+0000] {dagbag.py:587} INFO - Filling up the DagBag from /home/airflow/.local/lib/python3.12/site-packages/airflow/example_dags/example_latest_only.py
[2026-08-12T05:32:33.153+0000] {processor.py:925} INFO - DAG(s) 'latest_only' retrieved from /home/airflow/.local/lib/python3.12/site-packages/airflow/example_dags/example_latest_only.py
[2026-08-12T05:32:33.176+0000] {logging_mixin.py:190} INFO - [2026-08-12T05:32:33.176+0000] {dag.py:3211} INFO - Sync 1 DAGs
[2026-08-12T05:32:33.210+0000] {logging_mixin.py:190} INFO - [2026-08-12T05:32:33.210+0000] {dag.py:4138} INFO - Setting next_dagrun for latest_only to 2026-08-12 00:00:00+00:00, run_after=2026-08-12 04:00:00+00:00
[2026-08-12T05:32:33.233+0000] {processor.py:208} INFO - Processing /home/airflow/.local/lib/python3.12/site-packages/airflow/example_dags/example_latest_only.py took 0.104 seconds
[2026-08-12T05:33:03.931+0000] {processor.py:186} INFO - Started process (PID=7501) to work on /home/airflow/.local/lib/python3.12/site-packages/airflow/example_dags/example_latest_only.py
[2026-08-12T05:33:03.934+0000] {processor.py:914} INFO - Processing file /home/airflow/.local/lib/python3.12/site-packages/airflow/example_dags/example_latest_only.py for tasks to queue
[2026-08-12T05:33:03.942+0000] {logging_mixin.py:190} INFO - [2026-08-12T05:33:03.941+0000] {dagbag.py:587} INFO - Filling up the DagBag from /home/airflow/.local/lib/python3.12/site-packages/airflow/example_dags/example_latest_only.py
[2026-08-12T05:33:03.953+0000] {processor.py:925} INFO - DAG(s) 'latest_only' retrieved from /home/airflow/.local/lib/python3.12/site-packages/airflow/example_dags/example_latest_only.py
[2026-08-12T05:33:03.983+0000] {logging_mixin.py:190} INFO - [2026-08-12T05:33:03.982+0000] {dag.py:3211} INFO - Sync 1 DAGs
[2026-08-12T05:33:04.014+0000] {logging_mixin.py:190} INFO - [2026-08-12T05:33:04.014+0000] {dag.py:4138} INFO - Setting next_dagrun for latest_only to 2026-08-12 00:00:00+00:00, run_after=2026-08-12 04:00:00+00:00
[2026-08-12T05:33:04.041+0000] {processor.py:208} INFO - Processing /home/airflow/.local/lib/python3.12/site-packages/airflow/example_dags/example_latest_only.py took 0.116 seconds
[2026-08-12T05:33:35.014+0000] {processor.py:186} INFO - Started process (PID=7564) to work on /home/airflow/.local/lib/python3.12/site-packages/airflow/example_dags/example_latest_only.py
[2026-08-12T05:33:35.016+0000] {processor.py:914} INFO - Processing file /home/airflow/.local/lib/python3.12/site-packages/airflow/example_dags/example_latest_only.py for tasks to queue
[2026-08-12T05:33:35.021+0000] {logging_mixin.py:190} INFO - [2026-08-12T05:33:35.021+0000] {dagbag.py:587} INFO - Filling up the DagBag from /home/airflow/.local/lib/python3.12/site-packages/airflow/example_dags/example_latest_only.py
[2026-08-12T05:33:35.033+0000] {processor.py:925} INFO - DAG(s) 'latest_only' retrieved from /home/airflow/.local/lib/python3.12/site-packages/airflow/example_dags/example_latest_only.py
[2026-08-12T05:33:35.071+0000] {logging_mixin.py:190} INFO - [2026-08-12T05:33:35.071+0000] {dag.py:3211} INFO - Sync 1 DAGs
[2026-08-12T05:33:35.105+0000] {logging_mixin.py:190} INFO - [2026-08-12T05:33:35.105+0000] {dag.py:4138} INFO - Setting next_dagrun for latest_only to 2026-08-12 00:00:00+00:00, run_after=2026-08-12 04:00:00+00:00
[2026-08-12T05:33:35.135+0000] {processor.py:208} INFO - Processing /home/airflow/.local/lib/python3.12/site-packages/airflow/example_dags/example_latest_only.py took 0.131 seconds
[2026-08-12T05:34:05.372+0000] {processor.py:186} INFO - Started process (PID=7627) to work on /home/airflow/.local/lib/python3.12/site-packages/airflow/example_dags/example_latest_only.py
[2026-08-12T05:34:05.374+0000] {processor.py:914} INFO - Processing file /home/airflow/.local/lib/python3.12/site-packages/airflow/example_dags/example_latest_only.py for tasks to queue
[2026-08-12T05:34:05.379+0000] {logging_mixin.py:190} INFO - [2026-08-12T05:34:05.378+0000] {dagbag.py:587} INFO - Filling up the DagBag from /home/airflow/.local/lib/python3.12/site-packages/airflow/example_dags/example_latest_only.py
[2026-08-12T05:34:05.390+0000] {processor.py:925} INFO - DAG(s) 'latest_only' retrieved from /home/airflow/.local/lib/python3.12/site-packages/airflow/example_dags/example_latest_only.py
[2026-08-12T05:34:05.413+0000] {logging_mixin.py:190} INFO - [2026-08-12T05:34:05.412+0000] {dag.py:3211} INFO - Sync 1 DAGs
[2026-08-12T05:34:05.442+0000] {logging_mixin.py:190} INFO - [2026-08-12T05:34:05.442+0000] {dag.py:4138} INFO - Setting next_dagrun for latest_only to 2026-08-12 00:00:00+00:00, run_after=2026-08-12 04:00:00+00:00
[2026-08-12T05:34:05.464+0000] {processor.py:208} INFO - Processing /home/airflow/.local/lib/python3.12/site-packages/airflow/example_dags/example_latest_only.py took 0.098 seconds
[2026-08-12T05:34:36.063+0000] {processor.py:186} INFO - Started process (PID=7690) to work on /home/airflow/.local/lib/python3.12/site-packages/airflow/example_dags/example_latest_only.py
[2026-08-12T05:34:36.065+0000] {processor.py:914} INFO - Processing file /home/airflow/.local/lib/python3.12/site-packages/airflow/example_dags/example_latest_only.py for tasks to queue
[2026-08-12T05:34:36.068+0000] {logging_mixin.py:190} INFO - [2026-08-12T05:34:36.068+0000] {dagbag.py:587} INFO - Filling up the DagBag from /home/airflow/.local/lib/python3.12/site-packages/airflow/example_dags/example_latest_only.py
[2026-08-12T05:34:36.081+0000] {processor.py:925} INFO - DAG(s) 'latest_only' retrieved from /home/airflow/.local/lib/python3.12/site-packages/airflow/example_dags/example_latest_only.py
[2026-08-12T05:34:36.104+0000] {logging_mixin.py:190} INFO - [2026-08-12T05:34:36.104+0000] {dag.py:3211} INFO - Sync 1 DAGs
[2026-08-12T05:34:36.130+0000] {logging_mixin.py:190} INFO - [2026-08-12T05:34:36.129+0000] {dag.py:4138} INFO - Setting next_dagrun for latest_only to 2026-08-12 00:00:00+00:00, run_after=2026-08-12 04:00:00+00:00
[2026-08-12T05:34:36.150+0000] {processor.py:208} INFO - Processing /home/airflow/.local/lib/python3.12/site-packages/airflow/example_dags/example_latest_only.py took 0.093 seconds
[2026-08-12T05:35:06.757+0000] {processor.py:186} INFO - Started process (PID=7753) to work on /home/airflow/.local/lib/python3.12/site-packages/airflow/example_dags/example_latest_only.py
[2026-08-12T05:35:06.760+0000] {processor.py:914} INFO - Processing file /home/airflow/.local/lib/python3.12/site-packages/airflow/example_dags/example_latest_only.py for tasks to queue
[2026-08-12T05:35:06.765+0000] {logging_mixin.py:190} INFO - [2026-08-12T05:35:06.765+0000] {dagbag.py:587} INFO - Filling up the DagBag from /home/airflow/.local/lib/python3.12/site-packages/airflow/example_dags/example_latest_only.py
[2026-08-12T05:35:06.775+0000] {processor.py:925} INFO - DAG(s) 'latest_only' retrieved from /home/airflow/.local/lib/python3.12/site-packages/airflow/example_dags/example_latest_only.py
[2026-08-12T05:35:06.806+0000] {logging_mixin.py:190} INFO - [2026-08-12T05:35:06.806+0000] {dag.py:3211} INFO - Sync 1 DAGs
[2026-08-12T05:35:06.848+0000] {logging_mixin.py:190} INFO - [2026-08-12T05:35:06.848+0000] {dag.py:4138} INFO - Setting next_dagrun for latest_only to 2026-08-12 00:00:00+00:00, run_after=2026-08-12 04:00:00+00:00
[2026-08-12T05:35:06.882+0000] {processor.py:208} INFO - Processing /home/airflow/.local/lib/python3.12/site-packages/airflow/example_dags/example_latest_only.py took 0.137 seconds
[2026-08-12T05:35:37.895+0000] {processor.py:186} INFO - Started process (PID=7816) to work on /home/airflow/.local/lib/python3.12/site-packages/airflow/example_dags/example_latest_only.py
[2026-08-12T05:35:37.897+0000] {processor.py:914} INFO - Processing file /home/airflow/.local/lib/python3.12/site-packages/airflow/example_dags/example_latest_only.py for tasks to queue
[2026-08-12T05:35:37.901+0000] {logging_mixin.py:190} INFO - [2026-08-12T05:35:37.901+0000] {dagbag.py:587} INFO - Filling up the DagBag from /home/airflow/.local/lib/python3.12/site-packages/airflow/example_dags/example_latest_only.py
[2026-08-12T05:35:37.912+0000] {processor.py:925} INFO - DAG(s) 'latest_only' retrieved from /home/airflow/.local/lib/python3.12/site-packages/airflow/example_dags/example_latest_only.py
[2026-08-12T05:35:37.934+0000] {logging_mixin.py:190} INFO - [2026-08-12T05:35:37.934+0000] {dag.py:3211} INFO - Sync 1 DAGs
[2026-08-12T05:35:37.960+0000] {logging_mixin.py:190} INFO - [2026-08-12T05:35:37.960+0000] {dag.py:4138} INFO - Setting next_dagrun for latest_only to 2026-08-12 00:00:00+00:00, run_after=2026-08-12 04:00:00+00:00
[2026-08-12T05:35:37.988+0000] {processor.py:208} INFO - Processing /home/airflow/.local/lib/python3.12/site-packages/airflow/example_dags/example_latest_only.py took 0.101 seconds
[2026-08-12T05:36:08.130+0000] {processor.py:186} INFO - Started process (PID=7879) to work on /home/airflow/.local/lib/python3.12/site-packages/airflow/example_dags/example_latest_only.py
[2026-08-12T05:36:08.133+0000] {processor.py:914} INFO - Processing file /home/airflow/.local/lib/python3.12/site-packages/airflow/example_dags/example_latest_only.py for tasks to queue
[2026-08-12T05:36:08.138+0000] {logging_mixin.py:190} INFO - [2026-08-12T05:36:08.137+0000] {dagbag.py:587} INFO - Filling up the DagBag from /home/airflow/.local/lib/python3.12/site-packages/airflow/example_dags/example_latest_only.py
[2026-08-12T05:36:08.147+0000] {processor.py:925} INFO - DAG(s) 'latest_only' retrieved from /home/airflow/.local/lib/python3.12/site-packages/airflow/example_dags/example_latest_only.py
[2026-08-12T05:36:08.167+0000] {logging_mixin.py:190} INFO - [2026-08-12T05:36:08.167+0000] {dag.py:3211} INFO - Sync 1 DAGs
[2026-08-12T05:36:08.192+0000] {logging_mixin.py:190} INFO - [2026-08-12T05:36:08.192+0000] {dag.py:4138} INFO - Setting next_dagrun for latest_only to 2026-08-12 00:00:00+00:00, run_after=2026-08-12 04:00:00+00:00
[2026-08-12T05:36:08.217+0000] {processor.py:208} INFO - Processing /home/airflow/.local/lib/python3.12/site-packages/airflow/example_dags/example_latest_only.py took 0.093 seconds
[2026-08-12T05:36:38.968+0000] {processor.py:186} INFO - Started process (PID=7943) to work on /home/airflow/.local/lib/python3.12/site-packages/airflow/example_dags/example_latest_only.py
[2026-08-12T05:36:38.971+0000] {processor.py:914} INFO - Processing file /home/airflow/.local/lib/python3.12/site-packages/airflow/example_dags/example_latest_only.py for tasks to queue
[2026-08-12T05:36:38.975+0000] {logging_mixin.py:190} INFO - [2026-08-12T05:36:38.975+0000] {dagbag.py:587} INFO - Filling up the DagBag from /home/airflow/.local/lib/python3.12/site-packages/airflow/example_dags/example_latest_only.py
[2026-08-12T05:36:38.988+0000] {processor.py:925} INFO - DAG(s) 'latest_only' retrieved from /home/airflow/.local/lib/python3.12/site-packages/airflow/example_dags/example_latest_only.py
[2026-08-12T05:36:39.015+0000] {logging_mixin.py:190} INFO - [2026-08-12T05:36:39.015+0000] {dag.py:3211} INFO - Sync 1 DAGs
[2026-08-12T05:36:39.040+0000] {logging_mixin.py:190} INFO - [2026-08-12T05:36:39.040+0000] {dag.py:4138} INFO - Setting next_dagrun for latest_only to 2026-08-12 00:00:00+00:00, run_after=2026-08-12 04:00:00+00:00
[2026-08-12T05:36:39.067+0000] {processor.py:208} INFO - Processing /home/airflow/.local/lib/python3.12/site-packages/airflow/example_dags/example_latest_only.py took 0.107 seconds
[2026-08-12T05:37:09.905+0000] {processor.py:186} INFO - Started process (PID=8006) to work on /home/airflow/.local/lib/python3.12/site-packages/airflow/example_dags/example_latest_only.py
[2026-08-12T05:37:09.908+0000] {processor.py:914} INFO - Processing file /home/airflow/.local/lib/python3.12/site-packages/airflow/example_dags/example_latest_only.py for tasks to queue
[2026-08-12T05:37:09.912+0000] {logging_mixin.py:190} INFO - [2026-08-12T05:37:09.911+0000] {dagbag.py:587} INFO - Filling up the DagBag from /home/airflow/.local/lib/python3.12/site-packages/airflow/example_dags/example_latest_only.py
[2026-08-12T05:37:09.922+0000] {processor.py:925} INFO - DAG(s) 'latest_only' retrieved from /home/airflow/.local/lib/python3.12/site-packages/airflow/example_dags/example_latest_only.py
[2026-08-12T05:37:09.948+0000] {logging_mixin.py:190} INFO - [2026-08-12T05:37:09.948+0000] {dag.py:3211} INFO - Sync 1 DAGs
[2026-08-12T05:37:09.979+0000] {logging_mixin.py:190} INFO - [2026-08-12T05:37:09.979+0000] {dag.py:4138} INFO - Setting next_dagrun for latest_only to 2026-08-12 00:00:00+00:00, run_after=2026-08-12 04:00:00+00:00
[2026-08-12T05:37:10.010+0000] {processor.py:208} INFO - Processing /home/airflow/.local/lib/python3.12/site-packages/airflow/example_dags/example_latest_only.py took 0.113 seconds
[2026-08-12T05:37:40.791+0000] {processor.py:186} INFO - Started process (PID=8069) to work on /home/airflow/.local/lib/python3.12/site-packages/airflow/example_dags/example_latest_only.py
[2026-08-12T05:37:40.795+0000] {processor.py:914} INFO - Processing file /home/airflow/.local/lib/python3.12/site-packages/airflow/example_dags/example_latest_only.py for tasks to queue
[2026-08-12T05:37:40.801+0000] {logging_mixin.py:190} INFO - [2026-08-12T05:37:40.800+0000] {dagbag.py:587} INFO - Filling up the DagBag from /home/airflow/.local/lib/python3.12/site-packages/airflow/example_dags/example_latest_only.py
[2026-08-12T05:37:40.815+0000] {processor.py:925} INFO - DAG(s) 'latest_only' retrieved from /home/airflow/.local/lib/python3.12/site-packages/airflow/example_dags/example_latest_only.py
[2026-08-12T05:37:40.845+0000] {logging_mixin.py:190} INFO - [2026-08-12T05:37:40.844+0000] {dag.py:3211} INFO - Sync 1 DAGs
[2026-08-12T05:37:40.883+0000] {logging_mixin.py:190} INFO - [2026-08-12T05:37:40.882+0000] {dag.py:4138} INFO - Setting next_dagrun for latest_only to 2026-08-12 00:00:00+00:00, run_after=2026-08-12 04:00:00+00:00
[2026-08-12T05:37:40.909+0000] {processor.py:208} INFO - Processing /home/airflow/.local/lib/python3.12/site-packages/airflow/example_dags/example_latest_only.py took 0.133 seconds
[2026-08-12T05:38:11.670+0000] {processor.py:186} INFO - Started process (PID=8132) to work on /home/airflow/.local/lib/python3.12/site-packages/airflow/example_dags/example_latest_only.py
[2026-08-12T05:38:11.672+0000] {processor.py:914} INFO - Processing file /home/airflow/.local/lib/python3.12/site-packages/airflow/example_dags/example_latest_only.py for tasks to queue
[2026-08-12T05:38:11.676+0000] {logging_mixin.py:190} INFO - [2026-08-12T05:38:11.676+0000] {dagbag.py:587} INFO - Filling up the DagBag from /home/airflow/.local/lib/python3.12/site-packages/airflow/example_dags/example_latest_only.py
[2026-08-12T05:38:11.688+0000] {processor.py:925} INFO - DAG(s) 'latest_only' retrieved from /home/airflow/.local/lib/python3.12/site-packages/airflow/example_dags/example_latest_only.py
[2026-08-12T05:38:11.710+0000] {logging_mixin.py:190} INFO - [2026-08-12T05:38:11.710+0000] {dag.py:3211} INFO - Sync 1 DAGs
[2026-08-12T05:38:11.738+0000] {logging_mixin.py:190} INFO - [2026-08-12T05:38:11.737+0000] {dag.py:4138} INFO - Setting next_dagrun for latest_only to 2026-08-12 00:00:00+00:00, run_after=2026-08-12 04:00:00+00:00
[2026-08-12T05:38:11.769+0000] {processor.py:208} INFO - Processing /home/airflow/.local/lib/python3.12/site-packages/airflow/example_dags/example_latest_only.py took 0.108 seconds
[2026-08-12T05:38:42.933+0000] {processor.py:186} INFO - Started process (PID=8196) to work on /home/airflow/.local/lib/python3.12/site-packages/airflow/example_dags/example_latest_only.py
[2026-08-12T05:38:42.936+0000] {processor.py:914} INFO - Processing file /home/airflow/.local/lib/python3.12/site-packages/airflow/example_dags/example_latest_only.py for tasks to queue
[2026-08-12T05:38:42.940+0000] {logging_mixin.py:190} INFO - [2026-08-12T05:38:42.940+0000] {dagbag.py:587} INFO - Filling up the DagBag from /home/airflow/.local/lib/python3.12/site-packages/airflow/example_dags/example_latest_only.py
[2026-08-12T05:38:42.953+0000] {processor.py:925} INFO - DAG(s) 'latest_only' retrieved from /home/airflow/.local/lib/python3.12/site-packages/airflow/example_dags/example_latest_only.py
[2026-08-12T05:38:42.983+0000] {logging_mixin.py:190} INFO - [2026-08-12T05:38:42.983+0000] {dag.py:3211} INFO - Sync 1 DAGs
[2026-08-12T05:38:43.012+0000] {logging_mixin.py:190} INFO - [2026-08-12T05:38:43.011+0000] {dag.py:4138} INFO - Setting next_dagrun for latest_only to 2026-08-12 00:00:00+00:00, run_after=2026-08-12 04:00:00+00:00
[2026-08-12T05:38:43.042+0000] {processor.py:208} INFO - Processing /home/airflow/.local/lib/python3.12/site-packages/airflow/example_dags/example_latest_only.py took 0.119 seconds
[2026-08-12T05:39:13.438+0000] {processor.py:186} INFO - Started process (PID=8260) to work on /home/airflow/.local/lib/python3.12/site-packages/airflow/example_dags/example_latest_only.py
[2026-08-12T05:39:13.441+0000] {processor.py:914} INFO - Processing file /home/airflow/.local/lib/python3.12/site-packages/airflow/example_dags/example_latest_only.py for tasks to queue
[2026-08-12T05:39:13.447+0000] {logging_mixin.py:190} INFO - [2026-08-12T05:39:13.446+0000] {dagbag.py:587} INFO - Filling up the DagBag from /home/airflow/.local/lib/python3.12/site-packages/airflow/example_dags/example_latest_only.py
[2026-08-12T05:39:13.456+0000] {processor.py:925} INFO - DAG(s) 'latest_only' retrieved from /home/airflow/.local/lib/python3.12/site-packages/airflow/example_dags/example_latest_only.py
[2026-08-12T05:39:13.480+0000] {logging_mixin.py:190} INFO - [2026-08-12T05:39:13.479+0000] {dag.py:3211} INFO - Sync 1 DAGs
[2026-08-12T05:39:13.504+0000] {logging_mixin.py:190} INFO - [2026-08-12T05:39:13.504+0000] {dag.py:4138} INFO - Setting next_dagrun for latest_only to 2026-08-12 00:00:00+00:00, run_after=2026-08-12 04:00:00+00:00
[2026-08-12T05:39:13.532+0000] {processor.py:208} INFO - Processing /home/airflow/.local/lib/python3.12/site-packages/airflow/example_dags/example_latest_only.py took 0.100 seconds
[2026-08-12T05:39:44.279+0000] {processor.py:186} INFO - Started process (PID=8323) to work on /home/airflow/.local/lib/python3.12/site-packages/airflow/example_dags/example_latest_only.py
[2026-08-12T05:39:44.281+0000] {processor.py:914} INFO - Processing file /home/airflow/.local/lib/python3.12/site-packages/airflow/example_dags/example_latest_only.py for tasks to queue
[2026-08-12T05:39:44.286+0000] {logging_mixin.py:190} INFO - [2026-08-12T05:39:44.285+0000] {dagbag.py:587} INFO - Filling up the DagBag from /home/airflow/.local/lib/python3.12/site-packages/airflow/example_dags/example_latest_only.py
[2026-08-12T05:39:44.295+0000] {processor.py:925} INFO - DAG(s) 'latest_only' retrieved from /home/airflow/.local/lib/python3.12/site-packages/airflow/example_dags/example_latest_only.py
[2026-08-12T05:39:44.316+0000] {logging_mixin.py:190} INFO - [2026-08-12T05:39:44.316+0000] {dag.py:3211} INFO - Sync 1 DAGs
[2026-08-12T05:39:44.342+0000] {logging_mixin.py:190} INFO - [2026-08-12T05:39:44.342+0000] {dag.py:4138} INFO - Setting next_dagrun for latest_only to 2026-08-12 00:00:00+00:00, run_after=2026-08-12 04:00:00+00:00
[2026-08-12T05:39:44.372+0000] {processor.py:208} INFO - Processing /home/airflow/.local/lib/python3.12/site-packages/airflow/example_dags/example_latest_only.py took 0.099 seconds
[2026-08-12T05:40:14.765+0000] {processor.py:186} INFO - Started process (PID=8386) to work on /home/airflow/.local/lib/python3.12/site-packages/airflow/example_dags/example_latest_only.py
[2026-08-12T05:40:14.768+0000] {processor.py:914} INFO - Processing file /home/airflow/.local/lib/python3.12/site-packages/airflow/example_dags/example_latest_only.py for tasks to queue
[2026-08-12T05:40:14.772+0000] {logging_mixin.py:190} INFO - [2026-08-12T05:40:14.771+0000] {dagbag.py:587} INFO - Filling up the DagBag from /home/airflow/.local/lib/python3.12/site-packages/airflow/example_dags/example_latest_only.py
[2026-08-12T05:40:14.783+0000] {processor.py:925} INFO - DAG(s) 'latest_only' retrieved from /home/airflow/.local/lib/python3.12/site-packages/airflow/example_dags/example_latest_only.py
[2026-08-12T05:40:14.808+0000] {logging_mixin.py:190} INFO - [2026-08-12T05:40:14.808+0000] {dag.py:3211} INFO - Sync 1 DAGs
[2026-08-12T05:40:14.834+0000] {logging_mixin.py:190} INFO - [2026-08-12T05:40:14.834+0000] {dag.py:4138} INFO - Setting next_dagrun for latest_only to 2026-08-12 00:00:00+00:00, run_after=2026-08-12 04:00:00+00:00
[2026-08-12T05:40:14.860+0000] {processor.py:208} INFO - Processing /home/airflow/.local/lib/python3.12/site-packages/airflow/example_dags/example_latest_only.py took 0.104 seconds
[2026-08-12T05:40:45.658+0000] {processor.py:186} INFO - Started process (PID=8449) to work on /home/airflow/.local/lib/python3.12/site-packages/airflow/example_dags/example_latest_only.py
[2026-08-12T05:40:45.660+0000] {processor.py:914} INFO - Processing file /home/airflow/.local/lib/python3.12/site-packages/airflow/example_dags/example_latest_only.py for tasks to queue
[2026-08-12T05:40:45.664+0000] {logging_mixin.py:190} INFO - [2026-08-12T05:40:45.664+0000] {dagbag.py:587} INFO - Filling up the DagBag from /home/airflow/.local/lib/python3.12/site-packages/airflow/example_dags/example_latest_only.py
[2026-08-12T05:40:45.674+0000] {processor.py:925} INFO - DAG(s) 'latest_only' retrieved from /home/airflow/.local/lib/python3.12/site-packages/airflow/example_dags/example_latest_only.py
[2026-08-12T05:40:45.699+0000] {logging_mixin.py:190} INFO - [2026-08-12T05:40:45.699+0000] {dag.py:3211} INFO - Sync 1 DAGs
[2026-08-12T05:40:45.726+0000] {logging_mixin.py:190} INFO - [2026-08-12T05:40:45.725+0000] {dag.py:4138} INFO - Setting next_dagrun for latest_only to 2026-08-12 00:00:00+00:00, run_after=2026-08-12 04:00:00+00:00
[2026-08-12T05:40:45.750+0000] {processor.py:208} INFO - Processing /home/airflow/.local/lib/python3.12/site-packages/airflow/example_dags/example_latest_only.py took 0.098 seconds
[2026-08-12T05:41:16.012+0000] {processor.py:186} INFO - Started process (PID=8512) to work on /home/airflow/.local/lib/python3.12/site-packages/airflow/example_dags/example_latest_only.py
[2026-08-12T05:41:16.015+0000] {processor.py:914} INFO - Processing file /home/airflow/.local/lib/python3.12/site-packages/airflow/example_dags/example_latest_only.py for tasks to queue
[2026-08-12T05:41:16.022+0000] {logging_mixin.py:190} INFO - [2026-08-12T05:41:16.021+0000] {dagbag.py:587} INFO - Filling up the DagBag from /home/airflow/.local/lib/python3.12/site-packages/airflow/example_dags/example_latest_only.py
[2026-08-12T05:41:16.033+0000] {processor.py:925} INFO - DAG(s) 'latest_only' retrieved from /home/airflow/.local/lib/python3.12/site-packages/airflow/example_dags/example_latest_only.py
[2026-08-12T05:41:16.057+0000] {logging_mixin.py:190} INFO - [2026-08-12T05:41:16.057+0000] {dag.py:3211} INFO - Sync 1 DAGs
[2026-08-12T05:41:16.086+0000] {logging_mixin.py:190} INFO - [2026-08-12T05:41:16.086+0000] {dag.py:4138} INFO - Setting next_dagrun for latest_only to 2026-08-12 00:00:00+00:00, run_after=2026-08-12 04:00:00+00:00
[2026-08-12T05:41:16.107+0000] {processor.py:208} INFO - Processing /home/airflow/.local/lib/python3.12/site-packages/airflow/example_dags/example_latest_only.py took 0.107 seconds
[2026-08-12T05:41:47.072+0000] {processor.py:186} INFO - Started process (PID=8575) to work on /home/airflow/.local/lib/python3.12/site-packages/airflow/example_dags/example_latest_only.py
[2026-08-12T05:41:47.074+0000] {processor.py:914} INFO - Processing file /home/airflow/.local/lib/python3.12/site-packages/airflow/example_dags/example_latest_only.py for tasks to queue
[2026-08-12T05:41:47.080+0000] {logging_mixin.py:190} INFO - [2026-08-12T05:41:47.080+0000] {dagbag.py:587} INFO - Filling up the DagBag from /home/airflow/.local/lib/python3.12/site-packages/airflow/example_dags/example_latest_only.py
[2026-08-12T05:41:47.092+0000] {processor.py:925} INFO - DAG(s) 'latest_only' retrieved from /home/airflow/.local/lib/python3.12/site-packages/airflow/example_dags/example_latest_only.py
[2026-08-12T05:41:47.119+0000] {logging_mixin.py:190} INFO - [2026-08-12T05:41:47.118+0000] {dag.py:3211} INFO - Sync 1 DAGs
[2026-08-12T05:41:47.146+0000] {logging_mixin.py:190} INFO - [2026-08-12T05:41:47.146+0000] {dag.py:4138} INFO - Setting next_dagrun for latest_only to 2026-08-12 00:00:00+00:00, run_after=2026-08-12 04:00:00+00:00
[2026-08-12T05:41:47.168+0000] {processor.py:208} INFO - Processing /home/airflow/.local/lib/python3.12/site-packages/airflow/example_dags/example_latest_only.py took 0.102 seconds
[2026-08-12T05:42:17.948+0000] {processor.py:186} INFO - Started process (PID=8638) to work on /home/airflow/.local/lib/python3.12/site-packages/airflow/example_dags/example_latest_only.py
[2026-08-12T05:42:17.951+0000] {processor.py:914} INFO - Processing file /home/airflow/.local/lib/python3.12/site-packages/airflow/example_dags/example_latest_only.py for tasks to queue
[2026-08-12T05:42:17.955+0000] {logging_mixin.py:190} INFO - [2026-08-12T05:42:17.955+0000] {dagbag.py:587} INFO - Filling up the DagBag from /home/airflow/.local/lib/python3.12/site-packages/airflow/example_dags/example_latest_only.py
[2026-08-12T05:42:17.968+0000] {processor.py:925} INFO - DAG(s) 'latest_only' retrieved from /home/airflow/.local/lib/python3.12/site-packages/airflow/example_dags/example_latest_only.py
[2026-08-12T05:42:17.992+0000] {logging_mixin.py:190} INFO - [2026-08-12T05:42:17.992+0000] {dag.py:3211} INFO - Sync 1 DAGs
[2026-08-12T05:42:18.019+0000] {logging_mixin.py:190} INFO - [2026-08-12T05:42:18.019+0000] {dag.py:4138} INFO - Setting next_dagrun for latest_only to 2026-08-12 00:00:00+00:00, run_after=2026-08-12 04:00:00+00:00
[2026-08-12T05:42:18.041+0000] {processor.py:208} INFO - Processing /home/airflow/.local/lib/python3.12/site-packages/airflow/example_dags/example_latest_only.py took 0.103 seconds
[2026-08-12T05:42:48.197+0000] {processor.py:186} INFO - Started process (PID=8701) to work on /home/airflow/.local/lib/python3.12/site-packages/airflow/example_dags/example_latest_only.py
[2026-08-12T05:42:48.200+0000] {processor.py:914} INFO - Processing file /home/airflow/.local/lib/python3.12/site-packages/airflow/example_dags/example_latest_only.py for tasks to queue
[2026-08-12T05:42:48.204+0000] {logging_mixin.py:190} INFO - [2026-08-12T05:42:48.204+0000] {dagbag.py:587} INFO - Filling up the DagBag from /home/airflow/.local/lib/python3.12/site-packages/airflow/example_dags/example_latest_only.py
[2026-08-12T05:42:48.213+0000] {processor.py:925} INFO - DAG(s) 'latest_only' retrieved from /home/airflow/.local/lib/python3.12/site-packages/airflow/example_dags/example_latest_only.py
[2026-08-12T05:42:48.237+0000] {logging_mixin.py:190} INFO - [2026-08-12T05:42:48.237+0000] {dag.py:3211} INFO - Sync 1 DAGs
[2026-08-12T05:42:48.264+0000] {logging_mixin.py:190} INFO - [2026-08-12T05:42:48.264+0000] {dag.py:4138} INFO - Setting next_dagrun for latest_only to 2026-08-12 00:00:00+00:00, run_after=2026-08-12 04:00:00+00:00
[2026-08-12T05:42:48.295+0000] {processor.py:208} INFO - Processing /home/airflow/.local/lib/python3.12/site-packages/airflow/example_dags/example_latest_only.py took 0.104 seconds
[2026-08-12T05:43:19.448+0000] {processor.py:186} INFO - Started process (PID=8765) to work on /home/airflow/.local/lib/python3.12/site-packages/airflow/example_dags/example_latest_only.py
[2026-08-12T05:43:19.452+0000] {processor.py:914} INFO - Processing file /home/airflow/.local/lib/python3.12/site-packages/airflow/example_dags/example_latest_only.py for tasks to queue
[2026-08-12T05:43:19.459+0000] {logging_mixin.py:190} INFO - [2026-08-12T05:43:19.458+0000] {dagbag.py:587} INFO - Filling up the DagBag from /home/airflow/.local/lib/python3.12/site-packages/airflow/example_dags/example_latest_only.py
[2026-08-12T05:43:19.478+0000] {processor.py:925} INFO - DAG(s) 'latest_only' retrieved from /home/airflow/.local/lib/python3.12/site-packages/airflow/example_dags/example_latest_only.py
[2026-08-12T05:43:19.530+0000] {logging_mixin.py:190} INFO - [2026-08-12T05:43:19.530+0000] {dag.py:3211} INFO - Sync 1 DAGs
[2026-08-12T05:43:19.601+0000] {logging_mixin.py:190} INFO - [2026-08-12T05:43:19.601+0000] {dag.py:4138} INFO - Setting next_dagrun for latest_only to 2026-08-12 00:00:00+00:00, run_after=2026-08-12 04:00:00+00:00
[2026-08-12T05:43:19.643+0000] {processor.py:208} INFO - Processing /home/airflow/.local/lib/python3.12/site-packages/airflow/example_dags/example_latest_only.py took 0.211 seconds
[2026-08-12T05:43:49.726+0000] {processor.py:186} INFO - Started process (PID=8828) to work on /home/airflow/.local/lib/python3.12/site-packages/airflow/example_dags/example_latest_only.py
[2026-08-12T05:43:49.729+0000] {processor.py:914} INFO - Processing file /home/airflow/.local/lib/python3.12/site-packages/airflow/example_dags/example_latest_only.py for tasks to queue
[2026-08-12T05:43:49.733+0000] {logging_mixin.py:190} INFO - [2026-08-12T05:43:49.732+0000] {dagbag.py:587} INFO - Filling up the DagBag from /home/airflow/.local/lib/python3.12/site-packages/airflow/example_dags/example_latest_only.py
[2026-08-12T05:43:49.743+0000] {processor.py:925} INFO - DAG(s) 'latest_only' retrieved from /home/airflow/.local/lib/python3.12/site-packages/airflow/example_dags/example_latest_only.py
[2026-08-12T05:43:49.775+0000] {logging_mixin.py:190} INFO - [2026-08-12T05:43:49.775+0000] {dag.py:3211} INFO - Sync 1 DAGs
[2026-08-12T05:43:49.810+0000] {logging_mixin.py:190} INFO - [2026-08-12T05:43:49.810+0000] {dag.py:4138} INFO - Setting next_dagrun for latest_only to 2026-08-12 00:00:00+00:00, run_after=2026-08-12 04:00:00+00:00
[2026-08-12T05:43:49.838+0000] {processor.py:208} INFO - Processing /home/airflow/.local/lib/python3.12/site-packages/airflow/example_dags/example_latest_only.py took 0.119 seconds
[2026-08-12T05:44:20.171+0000] {processor.py:186} INFO - Started process (PID=8891) to work on /home/airflow/.local/lib/python3.12/site-packages/airflow/example_dags/example_latest_only.py
[2026-08-12T05:44:20.174+0000] {processor.py:914} INFO - Processing file /home/airflow/.local/lib/python3.12/site-packages/airflow/example_dags/example_latest_only.py for tasks to queue
[2026-08-12T05:44:20.178+0000] {logging_mixin.py:190} INFO - [2026-08-12T05:44:20.177+0000] {dagbag.py:587} INFO - Filling up the DagBag from /home/airflow/.local/lib/python3.12/site-packages/airflow/example_dags/example_latest_only.py
[2026-08-12T05:44:20.190+0000] {processor.py:925} INFO - DAG(s) 'latest_only' retrieved from /home/airflow/.local/lib/python3.12/site-packages/airflow/example_dags/example_latest_only.py
[2026-08-12T05:44:20.209+0000] {logging_mixin.py:190} INFO - [2026-08-12T05:44:20.209+0000] {dag.py:3211} INFO - Sync 1 DAGs
[2026-08-12T05:44:20.234+0000] {logging_mixin.py:190} INFO - [2026-08-12T05:44:20.233+0000] {dag.py:4138} INFO - Setting next_dagrun for latest_only to 2026-08-12 00:00:00+00:00, run_after=2026-08-12 04:00:00+00:00
[2026-08-12T05:44:20.259+0000] {processor.py:208} INFO - Processing /home/airflow/.local/lib/python3.12/site-packages/airflow/example_dags/example_latest_only.py took 0.096 seconds
[2026-08-12T05:44:50.749+0000] {processor.py:186} INFO - Started process (PID=8954) to work on /home/airflow/.local/lib/python3.12/site-packages/airflow/example_dags/example_latest_only.py
[2026-08-12T05:44:50.753+0000] {processor.py:914} INFO - Processing file /home/airflow/.local/lib/python3.12/site-packages/airflow/example_dags/example_latest_only.py for tasks to queue
[2026-08-12T05:44:50.761+0000] {logging_mixin.py:190} INFO - [2026-08-12T05:44:50.761+0000] {dagbag.py:587} INFO - Filling up the DagBag from /home/airflow/.local/lib/python3.12/site-packages/airflow/example_dags/example_latest_only.py
[2026-08-12T05:44:50.773+0000] {processor.py:925} INFO - DAG(s) 'latest_only' retrieved from /home/airflow/.local/lib/python3.12/site-packages/airflow/example_dags/example_latest_only.py
[2026-08-12T05:44:50.802+0000] {logging_mixin.py:190} INFO - [2026-08-12T05:44:50.801+0000] {dag.py:3211} INFO - Sync 1 DAGs
[2026-08-12T05:44:50.833+0000] {logging_mixin.py:190} INFO - [2026-08-12T05:44:50.833+0000] {dag.py:4138} INFO - Setting next_dagrun for latest_only to 2026-08-12 00:00:00+00:00, run_after=2026-08-12 04:00:00+00:00
[2026-08-12T05:44:50.860+0000] {processor.py:208} INFO - Processing /home/airflow/.local/lib/python3.12/site-packages/airflow/example_dags/example_latest_only.py took 0.124 seconds
[2026-08-12T05:45:21.144+0000] {processor.py:186} INFO - Started process (PID=9017) to work on /home/airflow/.local/lib/python3.12/site-packages/airflow/example_dags/example_latest_only.py
[2026-08-12T05:45:21.147+0000] {processor.py:914} INFO - Processing file /home/airflow/.local/lib/python3.12/site-packages/airflow/example_dags/example_latest_only.py for tasks to queue
[2026-08-12T05:45:21.152+0000] {logging_mixin.py:190} INFO - [2026-08-12T05:45:21.151+0000] {dagbag.py:587} INFO - Filling up the DagBag from /home/airflow/.local/lib/python3.12/site-packages/airflow/example_dags/example_latest_only.py
[2026-08-12T05:45:21.162+0000] {processor.py:925} INFO - DAG(s) 'latest_only' retrieved from /home/airflow/.local/lib/python3.12/site-packages/airflow/example_dags/example_latest_only.py
[2026-08-12T05:45:21.189+0000] {logging_mixin.py:190} INFO - [2026-08-12T05:45:21.189+0000] {dag.py:3211} INFO - Sync 1 DAGs
[2026-08-12T05:45:21.219+0000] {logging_mixin.py:190} INFO - [2026-08-12T05:45:21.219+0000] {dag.py:4138} INFO - Setting next_dagrun for latest_only to 2026-08-12 00:00:00+00:00, run_after=2026-08-12 04:00:00+00:00
[2026-08-12T05:45:21.245+0000] {processor.py:208} INFO - Processing /home/airflow/.local/lib/python3.12/site-packages/airflow/example_dags/example_latest_only.py took 0.111 seconds
[2026-08-12T05:45:51.724+0000] {processor.py:186} INFO - Started process (PID=9080) to work on /home/airflow/.local/lib/python3.12/site-packages/airflow/example_dags/example_latest_only.py
[2026-08-12T05:45:51.726+0000] {processor.py:914} INFO - Processing file /home/airflow/.local/lib/python3.12/site-packages/airflow/example_dags/example_latest_only.py for tasks to queue
[2026-08-12T05:45:51.731+0000] {logging_mixin.py:190} INFO - [2026-08-12T05:45:51.730+0000] {dagbag.py:587} INFO - Filling up the DagBag from /home/airflow/.local/lib/python3.12/site-packages/airflow/example_dags/example_latest_only.py
[2026-08-12T05:45:51.740+0000] {processor.py:925} INFO - DAG(s) 'latest_only' retrieved from /home/airflow/.local/lib/python3.12/site-packages/airflow/example_dags/example_latest_only.py
[2026-08-12T05:45:51.762+0000] {logging_mixin.py:190} INFO - [2026-08-12T05:45:51.762+0000] {dag.py:3211} INFO - Sync 1 DAGs
[2026-08-12T05:45:51.786+0000] {logging_mixin.py:190} INFO - [2026-08-12T05:45:51.785+0000] {dag.py:4138} INFO - Setting next_dagrun for latest_only to 2026-08-12 00:00:00+00:00, run_after=2026-08-12 04:00:00+00:00
[2026-08-12T05:45:51.812+0000] {processor.py:208} INFO - Processing /home/airflow/.local/lib/python3.12/site-packages/airflow/example_dags/example_latest_only.py took 0.096 seconds
[2026-08-12T05:46:22.176+0000] {processor.py:186} INFO - Started process (PID=9143) to work on /home/airflow/.local/lib/python3.12/site-packages/airflow/example_dags/example_latest_only.py
[2026-08-12T05:46:22.178+0000] {processor.py:914} INFO - Processing file /home/airflow/.local/lib/python3.12/site-packages/airflow/example_dags/example_latest_only.py for tasks to queue
[2026-08-12T05:46:22.182+0000] {logging_mixin.py:190} INFO - [2026-08-12T05:46:22.182+0000] {dagbag.py:587} INFO - Filling up the DagBag from /home/airflow/.local/lib/python3.12/site-packages/airflow/example_dags/example_latest_only.py
[2026-08-12T05:46:22.191+0000] {processor.py:925} INFO - DAG(s) 'latest_only' retrieved from /home/airflow/.local/lib/python3.12/site-packages/airflow/example_dags/example_latest_only.py
[2026-08-12T05:46:22.214+0000] {logging_mixin.py:190} INFO - [2026-08-12T05:46:22.213+0000] {dag.py:3211} INFO - Sync 1 DAGs
[2026-08-12T05:46:22.243+0000] {logging_mixin.py:190} INFO - [2026-08-12T05:46:22.243+0000] {dag.py:4138} INFO - Setting next_dagrun for latest_only to 2026-08-12 00:00:00+00:00, run_after=2026-08-12 04:00:00+00:00
[2026-08-12T05:46:22.266+0000] {processor.py:208} INFO - Processing /home/airflow/.local/lib/python3.12/site-packages/airflow/example_dags/example_latest_only.py took 0.097 seconds
[2026-08-12T05:46:52.804+0000] {processor.py:186} INFO - Started process (PID=9206) to work on /home/airflow/.local/lib/python3.12/site-packages/airflow/example_dags/example_latest_only.py
[2026-08-12T05:46:52.807+0000] {processor.py:914} INFO - Processing file /home/airflow/.local/lib/python3.12/site-packages/airflow/example_dags/example_latest_only.py for tasks to queue
[2026-08-12T05:46:52.813+0000] {logging_mixin.py:190} INFO - [2026-08-12T05:46:52.812+0000] {dagbag.py:587} INFO - Filling up the DagBag from /home/airflow/.local/lib/python3.12/site-packages/airflow/example_dags/example_latest_only.py
[2026-08-12T05:46:52.823+0000] {processor.py:925} INFO - DAG(s) 'latest_only' retrieved from /home/airflow/.local/lib/python3.12/site-packages/airflow/example_dags/example_latest_only.py
[2026-08-12T05:46:52.852+0000] {logging_mixin.py:190} INFO - [2026-08-12T05:46:52.851+0000] {dag.py:3211} INFO - Sync 1 DAGs
[2026-08-12T05:46:52.891+0000] {logging_mixin.py:190} INFO - [2026-08-12T05:46:52.890+0000] {dag.py:4138} INFO - Setting next_dagrun for latest_only to 2026-08-12 00:00:00+00:00, run_after=2026-08-12 04:00:00+00:00
[2026-08-12T05:46:52.925+0000] {processor.py:208} INFO - Processing /home/airflow/.local/lib/python3.12/site-packages/airflow/example_dags/example_latest_only.py took 0.128 seconds
[2026-08-12T05:47:23.232+0000] {processor.py:186} INFO - Started process (PID=9269) to work on /home/airflow/.local/lib/python3.12/site-packages/airflow/example_dags/example_latest_only.py
[2026-08-12T05:47:23.235+0000] {processor.py:914} INFO - Processing file /home/airflow/.local/lib/python3.12/site-packages/airflow/example_dags/example_latest_only.py for tasks to queue
[2026-08-12T05:47:23.241+0000] {logging_mixin.py:190} INFO - [2026-08-12T05:47:23.240+0000] {dagbag.py:587} INFO - Filling up the DagBag from /home/airflow/.local/lib/python3.12/site-packages/airflow/example_dags/example_latest_only.py
[2026-08-12T05:47:23.250+0000] {processor.py:925} INFO - DAG(s) 'latest_only' retrieved from /home/airflow/.local/lib/python3.12/site-packages/airflow/example_dags/example_latest_only.py
[2026-08-12T05:47:23.271+0000] {logging_mixin.py:190} INFO - [2026-08-12T05:47:23.271+0000] {dag.py:3211} INFO - Sync 1 DAGs
[2026-08-12T05:47:23.299+0000] {logging_mixin.py:190} INFO - [2026-08-12T05:47:23.299+0000] {dag.py:4138} INFO - Setting next_dagrun for latest_only to 2026-08-12 00:00:00+00:00, run_after=2026-08-12 04:00:00+00:00
[2026-08-12T05:47:23.328+0000] {processor.py:208} INFO - Processing /home/airflow/.local/lib/python3.12/site-packages/airflow/example_dags/example_latest_only.py took 0.102 seconds
[2026-08-12T05:47:54.247+0000] {processor.py:186} INFO - Started process (PID=9332) to work on /home/airflow/.local/lib/python3.12/site-packages/airflow/example_dags/example_latest_only.py
[2026-08-12T05:47:54.249+0000] {processor.py:914} INFO - Processing file /home/airflow/.local/lib/python3.12/site-packages/airflow/example_dags/example_latest_only.py for tasks to queue
[2026-08-12T05:47:54.253+0000] {logging_mixin.py:190} INFO - [2026-08-12T05:47:54.253+0000] {dagbag.py:587} INFO - Filling up the DagBag from /home/airflow/.local/lib/python3.12/site-packages/airflow/example_dags/example_latest_only.py
[2026-08-12T05:47:54.261+0000] {processor.py:925} INFO - DAG(s) 'latest_only' retrieved from /home/airflow/.local/lib/python3.12/site-packages/airflow/example_dags/example_latest_only.py
[2026-08-12T05:47:54.282+0000] {logging_mixin.py:190} INFO - [2026-08-12T05:47:54.282+0000] {dag.py:3211} INFO - Sync 1 DAGs
[2026-08-12T05:47:54.310+0000] {logging_mixin.py:190} INFO - [2026-08-12T05:47:54.310+0000] {dag.py:4138} INFO - Setting next_dagrun for latest_only to 2026-08-12 00:00:00+00:00, run_after=2026-08-12 04:00:00+00:00
[2026-08-12T05:47:54.334+0000] {processor.py:208} INFO - Processing /home/airflow/.local/lib/python3.12/site-packages/airflow/example_dags/example_latest_only.py took 0.095 seconds
[2026-08-12T05:48:24.838+0000] {processor.py:186} INFO - Started process (PID=9395) to work on /home/airflow/.local/lib/python3.12/site-packages/airflow/example_dags/example_latest_only.py
[2026-08-12T05:48:24.841+0000] {processor.py:914} INFO - Processing file /home/airflow/.local/lib/python3.12/site-packages/airflow/example_dags/example_latest_only.py for tasks to queue
[2026-08-12T05:48:24.846+0000] {logging_mixin.py:190} INFO - [2026-08-12T05:48:24.845+0000] {dagbag.py:587} INFO - Filling up the DagBag from /home/airflow/.local/lib/python3.12/site-packages/airflow/example_dags/example_latest_only.py
[2026-08-12T05:48:24.857+0000] {processor.py:925} INFO - DAG(s) 'latest_only' retrieved from /home/airflow/.local/lib/python3.12/site-packages/airflow/example_dags/example_latest_only.py
[2026-08-12T05:48:24.881+0000] {logging_mixin.py:190} INFO - [2026-08-12T05:48:24.881+0000] {dag.py:3211} INFO - Sync 1 DAGs
[2026-08-12T05:48:24.911+0000] {logging_mixin.py:190} INFO - [2026-08-12T05:48:24.911+0000] {dag.py:4138} INFO - Setting next_dagrun for latest_only to 2026-08-12 00:00:00+00:00, run_after=2026-08-12 04:00:00+00:00
[2026-08-12T05:48:24.940+0000] {processor.py:208} INFO - Processing /home/airflow/.local/lib/python3.12/site-packages/airflow/example_dags/example_latest_only.py took 0.110 seconds
[2026-08-12T05:48:55.301+0000] {processor.py:186} INFO - Started process (PID=9458) to work on /home/airflow/.local/lib/python3.12/site-packages/airflow/example_dags/example_latest_only.py
[2026-08-12T05:48:55.304+0000] {processor.py:914} INFO - Processing file /home/airflow/.local/lib/python3.12/site-packages/airflow/example_dags/example_latest_only.py for tasks to queue
[2026-08-12T05:48:55.309+0000] {logging_mixin.py:190} INFO - [2026-08-12T05:48:55.308+0000] {dagbag.py:587} INFO - Filling up the DagBag from /home/airflow/.local/lib/python3.12/site-packages/airflow/example_dags/example_latest_only.py
[2026-08-12T05:48:55.319+0000] {processor.py:925} INFO - DAG(s) 'latest_only' retrieved from /home/airflow/.local/lib/python3.12/site-packages/airflow/example_dags/example_latest_only.py
[2026-08-12T05:48:55.346+0000] {logging_mixin.py:190} INFO - [2026-08-12T05:48:55.345+0000] {dag.py:3211} INFO - Sync 1 DAGs
[2026-08-12T05:48:55.376+0000] {logging_mixin.py:190} INFO - [2026-08-12T05:48:55.376+0000] {dag.py:4138} INFO - Setting next_dagrun for latest_only to 2026-08-12 00:00:00+00:00, run_after=2026-08-12 04:00:00+00:00
[2026-08-12T05:48:55.402+0000] {processor.py:208} INFO - Processing /home/airflow/.local/lib/python3.12/site-packages/airflow/example_dags/example_latest_only.py took 0.111 seconds
[2026-08-12T05:49:25.802+0000] {processor.py:186} INFO - Started process (PID=9521) to work on /home/airflow/.local/lib/python3.12/site-packages/airflow/example_dags/example_latest_only.py
[2026-08-12T05:49:25.804+0000] {processor.py:914} INFO - Processing file /home/airflow/.local/lib/python3.12/site-packages/airflow/example_dags/example_latest_only.py for tasks to queue
[2026-08-12T05:49:25.808+0000] {logging_mixin.py:190} INFO - [2026-08-12T05:49:25.808+0000] {dagbag.py:587} INFO - Filling up the DagBag from /home/airflow/.local/lib/python3.12/site-packages/airflow/example_dags/example_latest_only.py
[2026-08-12T05:49:25.822+0000] {processor.py:925} INFO - DAG(s) 'latest_only' retrieved from /home/airflow/.local/lib/python3.12/site-packages/airflow/example_dags/example_latest_only.py
[2026-08-12T05:49:25.852+0000] {logging_mixin.py:190} INFO - [2026-08-12T05:49:25.851+0000] {dag.py:3211} INFO - Sync 1 DAGs
[2026-08-12T05:49:25.886+0000] {logging_mixin.py:190} INFO - [2026-08-12T05:49:25.885+0000] {dag.py:4138} INFO - Setting next_dagrun for latest_only to 2026-08-12 00:00:00+00:00, run_after=2026-08-12 04:00:00+00:00
[2026-08-12T05:49:25.923+0000] {processor.py:208} INFO - Processing /home/airflow/.local/lib/python3.12/site-packages/airflow/example_dags/example_latest_only.py took 0.130 seconds
[2026-08-12T05:49:56.472+0000] {processor.py:186} INFO - Started process (PID=9585) to work on /home/airflow/.local/lib/python3.12/site-packages/airflow/example_dags/example_latest_only.py
[2026-08-12T05:49:56.474+0000] {processor.py:914} INFO - Processing file /home/airflow/.local/lib/python3.12/site-packages/airflow/example_dags/example_latest_only.py for tasks to queue
[2026-08-12T05:49:56.478+0000] {logging_mixin.py:190} INFO - [2026-08-12T05:49:56.478+0000] {dagbag.py:587} INFO - Filling up the DagBag from /home/airflow/.local/lib/python3.12/site-packages/airflow/example_dags/example_latest_only.py
[2026-08-12T05:49:56.486+0000] {processor.py:925} INFO - DAG(s) 'latest_only' retrieved from /home/airflow/.local/lib/python3.12/site-packages/airflow/example_dags/example_latest_only.py
[2026-08-12T05:49:56.508+0000] {logging_mixin.py:190} INFO - [2026-08-12T05:49:56.507+0000] {dag.py:3211} INFO - Sync 1 DAGs
[2026-08-12T05:49:56.531+0000] {logging_mixin.py:190} INFO - [2026-08-12T05:49:56.531+0000] {dag.py:4138} INFO - Setting next_dagrun for latest_only to 2026-08-12 00:00:00+00:00, run_after=2026-08-12 04:00:00+00:00
[2026-08-12T05:49:56.557+0000] {processor.py:208} INFO - Processing /home/airflow/.local/lib/python3.12/site-packages/airflow/example_dags/example_latest_only.py took 0.092 seconds
[2026-08-12T05:50:26.871+0000] {processor.py:186} INFO - Started process (PID=9648) to work on /home/airflow/.local/lib/python3.12/site-packages/airflow/example_dags/example_latest_only.py
[2026-08-12T05:50:26.873+0000] {processor.py:914} INFO - Processing file /home/airflow/.local/lib/python3.12/site-packages/airflow/example_dags/example_latest_only.py for tasks to queue
[2026-08-12T05:50:26.876+0000] {logging_mixin.py:190} INFO - [2026-08-12T05:50:26.876+0000] {dagbag.py:587} INFO - Filling up the DagBag from /home/airflow/.local/lib/python3.12/site-packages/airflow/example_dags/example_latest_only.py
[2026-08-12T05:50:26.887+0000] {processor.py:925} INFO - DAG(s) 'latest_only' retrieved from /home/airflow/.local/lib/python3.12/site-packages/airflow/example_dags/example_latest_only.py
[2026-08-12T05:50:26.933+0000] {logging_mixin.py:190} INFO - [2026-08-12T05:50:26.932+0000] {dag.py:3211} INFO - Sync 1 DAGs
[2026-08-12T05:50:26.962+0000] {logging_mixin.py:190} INFO - [2026-08-12T05:50:26.961+0000] {dag.py:4138} INFO - Setting next_dagrun for latest_only to 2026-08-12 00:00:00+00:00, run_after=2026-08-12 04:00:00+00:00
[2026-08-12T05:50:26.988+0000] {processor.py:208} INFO - Processing /home/airflow/.local/lib/python3.12/site-packages/airflow/example_dags/example_latest_only.py took 0.125 seconds
[2026-08-12T05:50:57.181+0000] {processor.py:186} INFO - Started process (PID=9711) to work on /home/airflow/.local/lib/python3.12/site-packages/airflow/example_dags/example_latest_only.py
[2026-08-12T05:50:57.185+0000] {processor.py:914} INFO - Processing file /home/airflow/.local/lib/python3.12/site-packages/airflow/example_dags/example_latest_only.py for tasks to queue
[2026-08-12T05:50:57.190+0000] {logging_mixin.py:190} INFO - [2026-08-12T05:50:57.189+0000] {dagbag.py:587} INFO - Filling up the DagBag from /home/airflow/.local/lib/python3.12/site-packages/airflow/example_dags/example_latest_only.py
[2026-08-12T05:50:57.202+0000] {processor.py:925} INFO - DAG(s) 'latest_only' retrieved from /home/airflow/.local/lib/python3.12/site-packages/airflow/example_dags/example_latest_only.py
[2026-08-12T05:50:57.226+0000] {logging_mixin.py:190} INFO - [2026-08-12T05:50:57.226+0000] {dag.py:3211} INFO - Sync 1 DAGs
[2026-08-12T05:50:57.254+0000] {logging_mixin.py:190} INFO - [2026-08-12T05:50:57.254+0000] {dag.py:4138} INFO - Setting next_dagrun for latest_only to 2026-08-12 00:00:00+00:00, run_after=2026-08-12 04:00:00+00:00
[2026-08-12T05:50:57.281+0000] {processor.py:208} INFO - Processing /home/airflow/.local/lib/python3.12/site-packages/airflow/example_dags/example_latest_only.py took 0.108 seconds
[2026-08-12T05:51:27.949+0000] {processor.py:186} INFO - Started process (PID=9774) to work on /home/airflow/.local/lib/python3.12/site-packages/airflow/example_dags/example_latest_only.py
[2026-08-12T05:51:27.953+0000] {processor.py:914} INFO - Processing file /home/airflow/.local/lib/python3.12/site-packages/airflow/example_dags/example_latest_only.py for tasks to queue
[2026-08-12T05:51:27.962+0000] {logging_mixin.py:190} INFO - [2026-08-12T05:51:27.961+0000] {dagbag.py:587} INFO - Filling up the DagBag from /home/airflow/.local/lib/python3.12/site-packages/airflow/example_dags/example_latest_only.py
[2026-08-12T05:51:27.978+0000] {processor.py:925} INFO - DAG(s) 'latest_only' retrieved from /home/airflow/.local/lib/python3.12/site-packages/airflow/example_dags/example_latest_only.py
[2026-08-12T05:51:28.017+0000] {logging_mixin.py:190} INFO - [2026-08-12T05:51:28.016+0000] {dag.py:3211} INFO - Sync 1 DAGs
[2026-08-12T05:51:28.057+0000] {logging_mixin.py:190} INFO - [2026-08-12T05:51:28.056+0000] {dag.py:4138} INFO - Setting next_dagrun for latest_only to 2026-08-12 00:00:00+00:00, run_after=2026-08-12 04:00:00+00:00
[2026-08-12T05:51:28.092+0000] {processor.py:208} INFO - Processing /home/airflow/.local/lib/python3.12/site-packages/airflow/example_dags/example_latest_only.py took 0.151 seconds
[2026-08-12T05:51:58.267+0000] {processor.py:186} INFO - Started process (PID=9837) to work on /home/airflow/.local/lib/python3.12/site-packages/airflow/example_dags/example_latest_only.py
[2026-08-12T05:51:58.270+0000] {processor.py:914} INFO - Processing file /home/airflow/.local/lib/python3.12/site-packages/airflow/example_dags/example_latest_only.py for tasks to queue
[2026-08-12T05:51:58.274+0000] {logging_mixin.py:190} INFO - [2026-08-12T05:51:58.273+0000] {dagbag.py:587} INFO - Filling up the DagBag from /home/airflow/.local/lib/python3.12/site-packages/airflow/example_dags/example_latest_only.py
[2026-08-12T05:51:58.284+0000] {processor.py:925} INFO - DAG(s) 'latest_only' retrieved from /home/airflow/.local/lib/python3.12/site-packages/airflow/example_dags/example_latest_only.py
[2026-08-12T05:51:58.309+0000] {logging_mixin.py:190} INFO - [2026-08-12T05:51:58.308+0000] {dag.py:3211} INFO - Sync 1 DAGs
[2026-08-12T05:51:58.338+0000] {logging_mixin.py:190} INFO - [2026-08-12T05:51:58.338+0000] {dag.py:4138} INFO - Setting next_dagrun for latest_only to 2026-08-12 00:00:00+00:00, run_after=2026-08-12 04:00:00+00:00
[2026-08-12T05:51:58.373+0000] {processor.py:208} INFO - Processing /home/airflow/.local/lib/python3.12/site-packages/airflow/example_dags/example_latest_only.py took 0.111 seconds
[2026-08-12T05:52:29.030+0000] {processor.py:186} INFO - Started process (PID=9900) to work on /home/airflow/.local/lib/python3.12/site-packages/airflow/example_dags/example_latest_only.py
[2026-08-12T05:52:29.032+0000] {processor.py:914} INFO - Processing file /home/airflow/.local/lib/python3.12/site-packages/airflow/example_dags/example_latest_only.py for tasks to queue
[2026-08-12T05:52:29.036+0000] {logging_mixin.py:190} INFO - [2026-08-12T05:52:29.036+0000] {dagbag.py:587} INFO - Filling up the DagBag from /home/airflow/.local/lib/python3.12/site-packages/airflow/example_dags/example_latest_only.py
[2026-08-12T05:52:29.045+0000] {processor.py:925} INFO - DAG(s) 'latest_only' retrieved from /home/airflow/.local/lib/python3.12/site-packages/airflow/example_dags/example_latest_only.py
[2026-08-12T05:52:29.068+0000] {logging_mixin.py:190} INFO - [2026-08-12T05:52:29.067+0000] {dag.py:3211} INFO - Sync 1 DAGs
[2026-08-12T05:52:29.093+0000] {logging_mixin.py:190} INFO - [2026-08-12T05:52:29.093+0000] {dag.py:4138} INFO - Setting next_dagrun for latest_only to 2026-08-12 00:00:00+00:00, run_after=2026-08-12 04:00:00+00:00
[2026-08-12T05:52:29.125+0000] {processor.py:208} INFO - Processing /home/airflow/.local/lib/python3.12/site-packages/airflow/example_dags/example_latest_only.py took 0.103 seconds
[2026-08-12T05:52:59.351+0000] {processor.py:186} INFO - Started process (PID=9963) to work on /home/airflow/.local/lib/python3.12/site-packages/airflow/example_dags/example_latest_only.py
[2026-08-12T05:52:59.354+0000] {processor.py:914} INFO - Processing file /home/airflow/.local/lib/python3.12/site-packages/airflow/example_dags/example_latest_only.py for tasks to queue
[2026-08-12T05:52:59.358+0000] {logging_mixin.py:190} INFO - [2026-08-12T05:52:59.358+0000] {dagbag.py:587} INFO - Filling up the DagBag from /home/airflow/.local/lib/python3.12/site-packages/airflow/example_dags/example_latest_only.py
[2026-08-12T05:52:59.370+0000] {processor.py:925} INFO - DAG(s) 'latest_only' retrieved from /home/airflow/.local/lib/python3.12/site-packages/airflow/example_dags/example_latest_only.py
[2026-08-12T05:52:59.400+0000] {logging_mixin.py:190} INFO - [2026-08-12T05:52:59.399+0000] {dag.py:3211} INFO - Sync 1 DAGs
[2026-08-12T05:52:59.431+0000] {logging_mixin.py:190} INFO - [2026-08-12T05:52:59.430+0000] {dag.py:4138} INFO - Setting next_dagrun for latest_only to 2026-08-12 00:00:00+00:00, run_after=2026-08-12 04:00:00+00:00
[2026-08-12T05:52:59.457+0000] {processor.py:208} INFO - Processing /home/airflow/.local/lib/python3.12/site-packages/airflow/example_dags/example_latest_only.py took 0.116 seconds
[2026-08-12T05:53:30.289+0000] {processor.py:186} INFO - Started process (PID=10026) to work on /home/airflow/.local/lib/python3.12/site-packages/airflow/example_dags/example_latest_only.py
[2026-08-12T05:53:30.291+0000] {processor.py:914} INFO - Processing file /home/airflow/.local/lib/python3.12/site-packages/airflow/example_dags/example_latest_only.py for tasks to queue
[2026-08-12T05:53:30.295+0000] {logging_mixin.py:190} INFO - [2026-08-12T05:53:30.294+0000] {dagbag.py:587} INFO - Filling up the DagBag from /home/airflow/.local/lib/python3.12/site-packages/airflow/example_dags/example_latest_only.py
[2026-08-12T05:53:30.304+0000] {processor.py:925} INFO - DAG(s) 'latest_only' retrieved from /home/airflow/.local/lib/python3.12/site-packages/airflow/example_dags/example_latest_only.py
[2026-08-12T05:53:30.333+0000] {logging_mixin.py:190} INFO - [2026-08-12T05:53:30.332+0000] {dag.py:3211} INFO - Sync 1 DAGs
[2026-08-12T05:53:30.362+0000] {logging_mixin.py:190} INFO - [2026-08-12T05:53:30.361+0000] {dag.py:4138} INFO - Setting next_dagrun for latest_only to 2026-08-12 00:00:00+00:00, run_after=2026-08-12 04:00:00+00:00
[2026-08-12T05:53:30.395+0000] {processor.py:208} INFO - Processing /home/airflow/.local/lib/python3.12/site-packages/airflow/example_dags/example_latest_only.py took 0.115 seconds
[2026-08-12T05:54:00.512+0000] {processor.py:186} INFO - Started process (PID=10089) to work on /home/airflow/.local/lib/python3.12/site-packages/airflow/example_dags/example_latest_only.py
[2026-08-12T05:54:00.515+0000] {processor.py:914} INFO - Processing file /home/airflow/.local/lib/python3.12/site-packages/airflow/example_dags/example_latest_only.py for tasks to queue
[2026-08-12T05:54:00.523+0000] {logging_mixin.py:190} INFO - [2026-08-12T05:54:00.522+0000] {dagbag.py:587} INFO - Filling up the DagBag from /home/airflow/.local/lib/python3.12/site-packages/airflow/example_dags/example_latest_only.py
[2026-08-12T05:54:00.539+0000] {processor.py:925} INFO - DAG(s) 'latest_only' retrieved from /home/airflow/.local/lib/python3.12/site-packages/airflow/example_dags/example_latest_only.py
[2026-08-12T05:54:00.566+0000] {logging_mixin.py:190} INFO - [2026-08-12T05:54:00.566+0000] {dag.py:3211} INFO - Sync 1 DAGs
[2026-08-12T05:54:00.597+0000] {logging_mixin.py:190} INFO - [2026-08-12T05:54:00.596+0000] {dag.py:4138} INFO - Setting next_dagrun for latest_only to 2026-08-12 00:00:00+00:00, run_after=2026-08-12 04:00:00+00:00
[2026-08-12T05:54:00.619+0000] {processor.py:208} INFO - Processing /home/airflow/.local/lib/python3.12/site-packages/airflow/example_dags/example_latest_only.py took 0.120 seconds
[2026-08-12T05:54:31.035+0000] {processor.py:186} INFO - Started process (PID=10152) to work on /home/airflow/.local/lib/python3.12/site-packages/airflow/example_dags/example_latest_only.py
[2026-08-12T05:54:31.038+0000] {processor.py:914} INFO - Processing file /home/airflow/.local/lib/python3.12/site-packages/airflow/example_dags/example_latest_only.py for tasks to queue
[2026-08-12T05:54:31.042+0000] {logging_mixin.py:190} INFO - [2026-08-12T05:54:31.041+0000] {dagbag.py:587} INFO - Filling up the DagBag from /home/airflow/.local/lib/python3.12/site-packages/airflow/example_dags/example_latest_only.py
[2026-08-12T05:54:31.054+0000] {processor.py:925} INFO - DAG(s) 'latest_only' retrieved from /home/airflow/.local/lib/python3.12/site-packages/airflow/example_dags/example_latest_only.py
[2026-08-12T05:54:31.083+0000] {logging_mixin.py:190} INFO - [2026-08-12T05:54:31.083+0000] {dag.py:3211} INFO - Sync 1 DAGs
[2026-08-12T05:54:31.312+0000] {logging_mixin.py:190} INFO - [2026-08-12T05:54:31.311+0000] {dag.py:4138} INFO - Setting next_dagrun for latest_only to 2026-08-12 00:00:00+00:00, run_after=2026-08-12 04:00:00+00:00
[2026-08-12T05:54:31.334+0000] {processor.py:208} INFO - Processing /home/airflow/.local/lib/python3.12/site-packages/airflow/example_dags/example_latest_only.py took 0.306 seconds
[2026-08-12T05:55:01.886+0000] {processor.py:186} INFO - Started process (PID=10215) to work on /home/airflow/.local/lib/python3.12/site-packages/airflow/example_dags/example_latest_only.py
[2026-08-12T05:55:01.888+0000] {processor.py:914} INFO - Processing file /home/airflow/.local/lib/python3.12/site-packages/airflow/example_dags/example_latest_only.py for tasks to queue
[2026-08-12T05:55:01.892+0000] {logging_mixin.py:190} INFO - [2026-08-12T05:55:01.892+0000] {dagbag.py:587} INFO - Filling up the DagBag from /home/airflow/.local/lib/python3.12/site-packages/airflow/example_dags/example_latest_only.py
[2026-08-12T05:55:01.903+0000] {processor.py:925} INFO - DAG(s) 'latest_only' retrieved from /home/airflow/.local/lib/python3.12/site-packages/airflow/example_dags/example_latest_only.py
[2026-08-12T05:55:01.929+0000] {logging_mixin.py:190} INFO - [2026-08-12T05:55:01.928+0000] {dag.py:3211} INFO - Sync 1 DAGs
[2026-08-12T05:55:01.958+0000] {logging_mixin.py:190} INFO - [2026-08-12T05:55:01.958+0000] {dag.py:4138} INFO - Setting next_dagrun for latest_only to 2026-08-12 00:00:00+00:00, run_after=2026-08-12 04:00:00+00:00
[2026-08-12T05:55:01.979+0000] {processor.py:208} INFO - Processing /home/airflow/.local/lib/python3.12/site-packages/airflow/example_dags/example_latest_only.py took 0.101 seconds
[2026-08-12T05:55:32.727+0000] {processor.py:186} INFO - Started process (PID=10278) to work on /home/airflow/.local/lib/python3.12/site-packages/airflow/example_dags/example_latest_only.py
[2026-08-12T05:55:32.730+0000] {processor.py:914} INFO - Processing file /home/airflow/.local/lib/python3.12/site-packages/airflow/example_dags/example_latest_only.py for tasks to queue
[2026-08-12T05:55:32.734+0000] {logging_mixin.py:190} INFO - [2026-08-12T05:55:32.733+0000] {dagbag.py:587} INFO - Filling up the DagBag from /home/airflow/.local/lib/python3.12/site-packages/airflow/example_dags/example_latest_only.py
[2026-08-12T05:55:32.743+0000] {processor.py:925} INFO - DAG(s) 'latest_only' retrieved from /home/airflow/.local/lib/python3.12/site-packages/airflow/example_dags/example_latest_only.py
[2026-08-12T05:55:32.767+0000] {logging_mixin.py:190} INFO - [2026-08-12T05:55:32.767+0000] {dag.py:3211} INFO - Sync 1 DAGs
[2026-08-12T05:55:32.797+0000] {logging_mixin.py:190} INFO - [2026-08-12T05:55:32.797+0000] {dag.py:4138} INFO - Setting next_dagrun for latest_only to 2026-08-12 00:00:00+00:00, run_after=2026-08-12 04:00:00+00:00
[2026-08-12T05:55:32.823+0000] {processor.py:208} INFO - Processing /home/airflow/.local/lib/python3.12/site-packages/airflow/example_dags/example_latest_only.py took 0.102 seconds
[2026-08-12T05:56:03.382+0000] {processor.py:186} INFO - Started process (PID=10341) to work on /home/airflow/.local/lib/python3.12/site-packages/airflow/example_dags/example_latest_only.py
[2026-08-12T05:56:03.385+0000] {processor.py:914} INFO - Processing file /home/airflow/.local/lib/python3.12/site-packages/airflow/example_dags/example_latest_only.py for tasks to queue
[2026-08-12T05:56:03.389+0000] {logging_mixin.py:190} INFO - [2026-08-12T05:56:03.389+0000] {dagbag.py:587} INFO - Filling up the DagBag from /home/airflow/.local/lib/python3.12/site-packages/airflow/example_dags/example_latest_only.py
[2026-08-12T05:56:03.400+0000] {processor.py:925} INFO - DAG(s) 'latest_only' retrieved from /home/airflow/.local/lib/python3.12/site-packages/airflow/example_dags/example_latest_only.py
[2026-08-12T05:56:03.433+0000] {logging_mixin.py:190} INFO - [2026-08-12T05:56:03.433+0000] {dag.py:3211} INFO - Sync 1 DAGs
[2026-08-12T05:56:03.460+0000] {logging_mixin.py:190} INFO - [2026-08-12T05:56:03.460+0000] {dag.py:4138} INFO - Setting next_dagrun for latest_only to 2026-08-12 00:00:00+00:00, run_after=2026-08-12 04:00:00+00:00
[2026-08-12T05:56:03.485+0000] {processor.py:208} INFO - Processing /home/airflow/.local/lib/python3.12/site-packages/airflow/example_dags/example_latest_only.py took 0.110 seconds
[2026-08-12T05:56:33.765+0000] {processor.py:186} INFO - Started process (PID=10403) to work on /home/airflow/.local/lib/python3.12/site-packages/airflow/example_dags/example_latest_only.py
[2026-08-12T05:56:33.770+0000] {processor.py:914} INFO - Processing file /home/airflow/.local/lib/python3.12/site-packages/airflow/example_dags/example_latest_only.py for tasks to queue
[2026-08-12T05:56:33.775+0000] {logging_mixin.py:190} INFO - [2026-08-12T05:56:33.774+0000] {dagbag.py:587} INFO - Filling up the DagBag from /home/airflow/.local/lib/python3.12/site-packages/airflow/example_dags/example_latest_only.py
[2026-08-12T05:56:33.788+0000] {processor.py:925} INFO - DAG(s) 'latest_only' retrieved from /home/airflow/.local/lib/python3.12/site-packages/airflow/example_dags/example_latest_only.py
[2026-08-12T05:56:33.811+0000] {logging_mixin.py:190} INFO - [2026-08-12T05:56:33.811+0000] {dag.py:3211} INFO - Sync 1 DAGs
[2026-08-12T05:56:33.995+0000] {logging_mixin.py:190} INFO - [2026-08-12T05:56:33.995+0000] {dag.py:4138} INFO - Setting next_dagrun for latest_only to 2026-08-12 00:00:00+00:00, run_after=2026-08-12 04:00:00+00:00
[2026-08-12T05:56:34.021+0000] {processor.py:208} INFO - Processing /home/airflow/.local/lib/python3.12/site-packages/airflow/example_dags/example_latest_only.py took 0.267 seconds
[2026-08-12T05:57:04.387+0000] {processor.py:186} INFO - Started process (PID=10468) to work on /home/airflow/.local/lib/python3.12/site-packages/airflow/example_dags/example_latest_only.py
[2026-08-12T05:57:04.389+0000] {processor.py:914} INFO - Processing file /home/airflow/.local/lib/python3.12/site-packages/airflow/example_dags/example_latest_only.py for tasks to queue
[2026-08-12T05:57:04.396+0000] {logging_mixin.py:190} INFO - [2026-08-12T05:57:04.395+0000] {dagbag.py:587} INFO - Filling up the DagBag from /home/airflow/.local/lib/python3.12/site-packages/airflow/example_dags/example_latest_only.py
[2026-08-12T05:57:04.407+0000] {processor.py:925} INFO - DAG(s) 'latest_only' retrieved from /home/airflow/.local/lib/python3.12/site-packages/airflow/example_dags/example_latest_only.py
[2026-08-12T05:57:04.433+0000] {logging_mixin.py:190} INFO - [2026-08-12T05:57:04.432+0000] {dag.py:3211} INFO - Sync 1 DAGs
[2026-08-12T05:57:04.638+0000] {logging_mixin.py:190} INFO - [2026-08-12T05:57:04.638+0000] {dag.py:4138} INFO - Setting next_dagrun for latest_only to 2026-08-12 00:00:00+00:00, run_after=2026-08-12 04:00:00+00:00
[2026-08-12T05:57:04.665+0000] {processor.py:208} INFO - Processing /home/airflow/.local/lib/python3.12/site-packages/airflow/example_dags/example_latest_only.py took 0.287 seconds
[2026-08-12T05:57:35.745+0000] {processor.py:186} INFO - Started process (PID=10532) to work on /home/airflow/.local/lib/python3.12/site-packages/airflow/example_dags/example_latest_only.py
[2026-08-12T05:57:35.748+0000] {processor.py:914} INFO - Processing file /home/airflow/.local/lib/python3.12/site-packages/airflow/example_dags/example_latest_only.py for tasks to queue
[2026-08-12T05:57:35.753+0000] {logging_mixin.py:190} INFO - [2026-08-12T05:57:35.752+0000] {dagbag.py:587} INFO - Filling up the DagBag from /home/airflow/.local/lib/python3.12/site-packages/airflow/example_dags/example_latest_only.py
[2026-08-12T05:57:35.761+0000] {processor.py:925} INFO - DAG(s) 'latest_only' retrieved from /home/airflow/.local/lib/python3.12/site-packages/airflow/example_dags/example_latest_only.py
[2026-08-12T05:57:35.785+0000] {logging_mixin.py:190} INFO - [2026-08-12T05:57:35.785+0000] {dag.py:3211} INFO - Sync 1 DAGs
[2026-08-12T05:57:35.808+0000] {logging_mixin.py:190} INFO - [2026-08-12T05:57:35.808+0000] {dag.py:4138} INFO - Setting next_dagrun for latest_only to 2026-08-12 00:00:00+00:00, run_after=2026-08-12 04:00:00+00:00
[2026-08-12T05:57:35.835+0000] {processor.py:208} INFO - Processing /home/airflow/.local/lib/python3.12/site-packages/airflow/example_dags/example_latest_only.py took 0.096 seconds
[2026-08-12T05:58:06.658+0000] {processor.py:186} INFO - Started process (PID=10601) to work on /home/airflow/.local/lib/python3.12/site-packages/airflow/example_dags/example_latest_only.py
[2026-08-12T05:58:06.660+0000] {processor.py:914} INFO - Processing file /home/airflow/.local/lib/python3.12/site-packages/airflow/example_dags/example_latest_only.py for tasks to queue
[2026-08-12T05:58:06.664+0000] {logging_mixin.py:190} INFO - [2026-08-12T05:58:06.664+0000] {dagbag.py:587} INFO - Filling up the DagBag from /home/airflow/.local/lib/python3.12/site-packages/airflow/example_dags/example_latest_only.py
[2026-08-12T05:58:06.676+0000] {processor.py:925} INFO - DAG(s) 'latest_only' retrieved from /home/airflow/.local/lib/python3.12/site-packages/airflow/example_dags/example_latest_only.py
[2026-08-12T05:58:06.704+0000] {logging_mixin.py:190} INFO - [2026-08-12T05:58:06.704+0000] {dag.py:3211} INFO - Sync 1 DAGs
[2026-08-12T05:58:06.732+0000] {logging_mixin.py:190} INFO - [2026-08-12T05:58:06.732+0000] {dag.py:4138} INFO - Setting next_dagrun for latest_only to 2026-08-12 00:00:00+00:00, run_after=2026-08-12 04:00:00+00:00
[2026-08-12T05:58:06.761+0000] {processor.py:208} INFO - Processing /home/airflow/.local/lib/python3.12/site-packages/airflow/example_dags/example_latest_only.py took 0.112 seconds
[2026-08-12T05:58:37.169+0000] {processor.py:186} INFO - Started process (PID=10664) to work on /home/airflow/.local/lib/python3.12/site-packages/airflow/example_dags/example_latest_only.py
[2026-08-12T05:58:37.171+0000] {processor.py:914} INFO - Processing file /home/airflow/.local/lib/python3.12/site-packages/airflow/example_dags/example_latest_only.py for tasks to queue
[2026-08-12T05:58:37.175+0000] {logging_mixin.py:190} INFO - [2026-08-12T05:58:37.174+0000] {dagbag.py:587} INFO - Filling up the DagBag from /home/airflow/.local/lib/python3.12/site-packages/airflow/example_dags/example_latest_only.py
[2026-08-12T05:58:37.184+0000] {processor.py:925} INFO - DAG(s) 'latest_only' retrieved from /home/airflow/.local/lib/python3.12/site-packages/airflow/example_dags/example_latest_only.py
[2026-08-12T05:58:37.205+0000] {logging_mixin.py:190} INFO - [2026-08-12T05:58:37.204+0000] {dag.py:3211} INFO - Sync 1 DAGs
[2026-08-12T05:58:37.230+0000] {logging_mixin.py:190} INFO - [2026-08-12T05:58:37.229+0000] {dag.py:4138} INFO - Setting next_dagrun for latest_only to 2026-08-12 00:00:00+00:00, run_after=2026-08-12 04:00:00+00:00
[2026-08-12T05:58:37.254+0000] {processor.py:208} INFO - Processing /home/airflow/.local/lib/python3.12/site-packages/airflow/example_dags/example_latest_only.py took 0.091 seconds
[2026-08-12T05:59:07.713+0000] {processor.py:186} INFO - Started process (PID=10727) to work on /home/airflow/.local/lib/python3.12/site-packages/airflow/example_dags/example_latest_only.py
[2026-08-12T05:59:07.716+0000] {processor.py:914} INFO - Processing file /home/airflow/.local/lib/python3.12/site-packages/airflow/example_dags/example_latest_only.py for tasks to queue
[2026-08-12T05:59:07.721+0000] {logging_mixin.py:190} INFO - [2026-08-12T05:59:07.721+0000] {dagbag.py:587} INFO - Filling up the DagBag from /home/airflow/.local/lib/python3.12/site-packages/airflow/example_dags/example_latest_only.py
[2026-08-12T05:59:07.731+0000] {processor.py:925} INFO - DAG(s) 'latest_only' retrieved from /home/airflow/.local/lib/python3.12/site-packages/airflow/example_dags/example_latest_only.py
[2026-08-12T05:59:07.769+0000] {logging_mixin.py:190} INFO - [2026-08-12T05:59:07.769+0000] {dag.py:3211} INFO - Sync 1 DAGs
[2026-08-12T05:59:07.802+0000] {logging_mixin.py:190} INFO - [2026-08-12T05:59:07.802+0000] {dag.py:4138} INFO - Setting next_dagrun for latest_only to 2026-08-12 00:00:00+00:00, run_after=2026-08-12 04:00:00+00:00
[2026-08-12T05:59:07.829+0000] {processor.py:208} INFO - Processing /home/airflow/.local/lib/python3.12/site-packages/airflow/example_dags/example_latest_only.py took 0.123 seconds
[2026-08-12T05:59:38.166+0000] {processor.py:186} INFO - Started process (PID=10790) to work on /home/airflow/.local/lib/python3.12/site-packages/airflow/example_dags/example_latest_only.py
[2026-08-12T05:59:38.168+0000] {processor.py:914} INFO - Processing file /home/airflow/.local/lib/python3.12/site-packages/airflow/example_dags/example_latest_only.py for tasks to queue
[2026-08-12T05:59:38.172+0000] {logging_mixin.py:190} INFO - [2026-08-12T05:59:38.172+0000] {dagbag.py:587} INFO - Filling up the DagBag from /home/airflow/.local/lib/python3.12/site-packages/airflow/example_dags/example_latest_only.py
[2026-08-12T05:59:38.181+0000] {processor.py:925} INFO - DAG(s) 'latest_only' retrieved from /home/airflow/.local/lib/python3.12/site-packages/airflow/example_dags/example_latest_only.py
[2026-08-12T05:59:38.202+0000] {logging_mixin.py:190} INFO - [2026-08-12T05:59:38.202+0000] {dag.py:3211} INFO - Sync 1 DAGs
[2026-08-12T05:59:38.226+0000] {logging_mixin.py:190} INFO - [2026-08-12T05:59:38.225+0000] {dag.py:4138} INFO - Setting next_dagrun for latest_only to 2026-08-12 00:00:00+00:00, run_after=2026-08-12 04:00:00+00:00
[2026-08-12T05:59:38.249+0000] {processor.py:208} INFO - Processing /home/airflow/.local/lib/python3.12/site-packages/airflow/example_dags/example_latest_only.py took 0.090 seconds
[2026-08-12T06:00:08.845+0000] {processor.py:186} INFO - Started process (PID=10853) to work on /home/airflow/.local/lib/python3.12/site-packages/airflow/example_dags/example_latest_only.py
[2026-08-12T06:00:08.848+0000] {processor.py:914} INFO - Processing file /home/airflow/.local/lib/python3.12/site-packages/airflow/example_dags/example_latest_only.py for tasks to queue
[2026-08-12T06:00:08.852+0000] {logging_mixin.py:190} INFO - [2026-08-12T06:00:08.851+0000] {dagbag.py:587} INFO - Filling up the DagBag from /home/airflow/.local/lib/python3.12/site-packages/airflow/example_dags/example_latest_only.py
[2026-08-12T06:00:08.861+0000] {processor.py:925} INFO - DAG(s) 'latest_only' retrieved from /home/airflow/.local/lib/python3.12/site-packages/airflow/example_dags/example_latest_only.py
[2026-08-12T06:00:08.885+0000] {logging_mixin.py:190} INFO - [2026-08-12T06:00:08.884+0000] {dag.py:3211} INFO - Sync 1 DAGs
[2026-08-12T06:00:08.911+0000] {logging_mixin.py:190} INFO - [2026-08-12T06:00:08.911+0000] {dag.py:4138} INFO - Setting next_dagrun for latest_only to 2026-08-12 00:00:00+00:00, run_after=2026-08-12 04:00:00+00:00
[2026-08-12T06:00:08.938+0000] {processor.py:208} INFO - Processing /home/airflow/.local/lib/python3.12/site-packages/airflow/example_dags/example_latest_only.py took 0.101 seconds
[2026-08-12T06:00:39.604+0000] {processor.py:186} INFO - Started process (PID=10916) to work on /home/airflow/.local/lib/python3.12/site-packages/airflow/example_dags/example_latest_only.py
[2026-08-12T06:00:39.608+0000] {processor.py:914} INFO - Processing file /home/airflow/.local/lib/python3.12/site-packages/airflow/example_dags/example_latest_only.py for tasks to queue
[2026-08-12T06:00:39.612+0000] {logging_mixin.py:190} INFO - [2026-08-12T06:00:39.612+0000] {dagbag.py:587} INFO - Filling up the DagBag from /home/airflow/.local/lib/python3.12/site-packages/airflow/example_dags/example_latest_only.py
[2026-08-12T06:00:39.623+0000] {processor.py:925} INFO - DAG(s) 'latest_only' retrieved from /home/airflow/.local/lib/python3.12/site-packages/airflow/example_dags/example_latest_only.py
[2026-08-12T06:00:39.651+0000] {logging_mixin.py:190} INFO - [2026-08-12T06:00:39.650+0000] {dag.py:3211} INFO - Sync 1 DAGs
[2026-08-12T06:00:39.678+0000] {logging_mixin.py:190} INFO - [2026-08-12T06:00:39.677+0000] {dag.py:4138} INFO - Setting next_dagrun for latest_only to 2026-08-12 00:00:00+00:00, run_after=2026-08-12 04:00:00+00:00
[2026-08-12T06:00:39.706+0000] {processor.py:208} INFO - Processing /home/airflow/.local/lib/python3.12/site-packages/airflow/example_dags/example_latest_only.py took 0.111 seconds
[2026-08-12T06:01:10.343+0000] {processor.py:186} INFO - Started process (PID=10979) to work on /home/airflow/.local/lib/python3.12/site-packages/airflow/example_dags/example_latest_only.py
[2026-08-12T06:01:10.345+0000] {processor.py:914} INFO - Processing file /home/airflow/.local/lib/python3.12/site-packages/airflow/example_dags/example_latest_only.py for tasks to queue
[2026-08-12T06:01:10.349+0000] {logging_mixin.py:190} INFO - [2026-08-12T06:01:10.349+0000] {dagbag.py:587} INFO - Filling up the DagBag from /home/airflow/.local/lib/python3.12/site-packages/airflow/example_dags/example_latest_only.py
[2026-08-12T06:01:10.361+0000] {processor.py:925} INFO - DAG(s) 'latest_only' retrieved from /home/airflow/.local/lib/python3.12/site-packages/airflow/example_dags/example_latest_only.py
[2026-08-12T06:01:10.391+0000] {logging_mixin.py:190} INFO - [2026-08-12T06:01:10.391+0000] {dag.py:3211} INFO - Sync 1 DAGs
[2026-08-12T06:01:10.425+0000] {logging_mixin.py:190} INFO - [2026-08-12T06:01:10.424+0000] {dag.py:4138} INFO - Setting next_dagrun for latest_only to 2026-08-12 00:00:00+00:00, run_after=2026-08-12 04:00:00+00:00
[2026-08-12T06:01:10.454+0000] {processor.py:208} INFO - Processing /home/airflow/.local/lib/python3.12/site-packages/airflow/example_dags/example_latest_only.py took 0.119 seconds
[2026-08-12T06:01:40.621+0000] {processor.py:186} INFO - Started process (PID=11041) to work on /home/airflow/.local/lib/python3.12/site-packages/airflow/example_dags/example_latest_only.py
[2026-08-12T06:01:40.623+0000] {processor.py:914} INFO - Processing file /home/airflow/.local/lib/python3.12/site-packages/airflow/example_dags/example_latest_only.py for tasks to queue
[2026-08-12T06:01:40.628+0000] {logging_mixin.py:190} INFO - [2026-08-12T06:01:40.627+0000] {dagbag.py:587} INFO - Filling up the DagBag from /home/airflow/.local/lib/python3.12/site-packages/airflow/example_dags/example_latest_only.py
[2026-08-12T06:01:40.640+0000] {processor.py:925} INFO - DAG(s) 'latest_only' retrieved from /home/airflow/.local/lib/python3.12/site-packages/airflow/example_dags/example_latest_only.py
[2026-08-12T06:01:40.669+0000] {logging_mixin.py:190} INFO - [2026-08-12T06:01:40.668+0000] {dag.py:3211} INFO - Sync 1 DAGs
[2026-08-12T06:01:40.700+0000] {logging_mixin.py:190} INFO - [2026-08-12T06:01:40.700+0000] {dag.py:4138} INFO - Setting next_dagrun for latest_only to 2026-08-12 00:00:00+00:00, run_after=2026-08-12 04:00:00+00:00
[2026-08-12T06:01:40.723+0000] {processor.py:208} INFO - Processing /home/airflow/.local/lib/python3.12/site-packages/airflow/example_dags/example_latest_only.py took 0.113 seconds
[2026-08-12T06:02:11.519+0000] {processor.py:186} INFO - Started process (PID=11105) to work on /home/airflow/.local/lib/python3.12/site-packages/airflow/example_dags/example_latest_only.py
[2026-08-12T06:02:11.522+0000] {processor.py:914} INFO - Processing file /home/airflow/.local/lib/python3.12/site-packages/airflow/example_dags/example_latest_only.py for tasks to queue
[2026-08-12T06:02:11.526+0000] {logging_mixin.py:190} INFO - [2026-08-12T06:02:11.525+0000] {dagbag.py:587} INFO - Filling up the DagBag from /home/airflow/.local/lib/python3.12/site-packages/airflow/example_dags/example_latest_only.py
[2026-08-12T06:02:11.537+0000] {processor.py:925} INFO - DAG(s) 'latest_only' retrieved from /home/airflow/.local/lib/python3.12/site-packages/airflow/example_dags/example_latest_only.py
[2026-08-12T06:02:11.566+0000] {logging_mixin.py:190} INFO - [2026-08-12T06:02:11.565+0000] {dag.py:3211} INFO - Sync 1 DAGs
[2026-08-12T06:02:11.599+0000] {logging_mixin.py:190} INFO - [2026-08-12T06:02:11.599+0000] {dag.py:4138} INFO - Setting next_dagrun for latest_only to 2026-08-12 00:00:00+00:00, run_after=2026-08-12 04:00:00+00:00
[2026-08-12T06:02:11.636+0000] {processor.py:208} INFO - Processing /home/airflow/.local/lib/python3.12/site-packages/airflow/example_dags/example_latest_only.py took 0.124 seconds
[2026-08-12T06:02:42.758+0000] {processor.py:186} INFO - Started process (PID=11168) to work on /home/airflow/.local/lib/python3.12/site-packages/airflow/example_dags/example_latest_only.py
[2026-08-12T06:02:42.764+0000] {processor.py:914} INFO - Processing file /home/airflow/.local/lib/python3.12/site-packages/airflow/example_dags/example_latest_only.py for tasks to queue
[2026-08-12T06:02:42.781+0000] {logging_mixin.py:190} INFO - [2026-08-12T06:02:42.780+0000] {dagbag.py:587} INFO - Filling up the DagBag from /home/airflow/.local/lib/python3.12/site-packages/airflow/example_dags/example_latest_only.py
[2026-08-12T06:02:42.810+0000] {processor.py:925} INFO - DAG(s) 'latest_only' retrieved from /home/airflow/.local/lib/python3.12/site-packages/airflow/example_dags/example_latest_only.py
[2026-08-12T06:02:42.877+0000] {logging_mixin.py:190} INFO - [2026-08-12T06:02:42.876+0000] {dag.py:3211} INFO - Sync 1 DAGs
[2026-08-12T06:02:42.919+0000] {logging_mixin.py:190} INFO - [2026-08-12T06:02:42.918+0000] {dag.py:4138} INFO - Setting next_dagrun for latest_only to 2026-08-12 00:00:00+00:00, run_after=2026-08-12 04:00:00+00:00
[2026-08-12T06:02:42.960+0000] {processor.py:208} INFO - Processing /home/airflow/.local/lib/python3.12/site-packages/airflow/example_dags/example_latest_only.py took 0.243 seconds
[2026-08-12T06:03:13.118+0000] {processor.py:186} INFO - Started process (PID=11230) to work on /home/airflow/.local/lib/python3.12/site-packages/airflow/example_dags/example_latest_only.py
[2026-08-12T06:03:13.122+0000] {processor.py:914} INFO - Processing file /home/airflow/.local/lib/python3.12/site-packages/airflow/example_dags/example_latest_only.py for tasks to queue
[2026-08-12T06:03:13.128+0000] {logging_mixin.py:190} INFO - [2026-08-12T06:03:13.128+0000] {dagbag.py:587} INFO - Filling up the DagBag from /home/airflow/.local/lib/python3.12/site-packages/airflow/example_dags/example_latest_only.py
[2026-08-12T06:03:13.142+0000] {processor.py:925} INFO - DAG(s) 'latest_only' retrieved from /home/airflow/.local/lib/python3.12/site-packages/airflow/example_dags/example_latest_only.py
[2026-08-12T06:03:13.174+0000] {logging_mixin.py:190} INFO - [2026-08-12T06:03:13.173+0000] {dag.py:3211} INFO - Sync 1 DAGs
[2026-08-12T06:03:13.219+0000] {logging_mixin.py:190} INFO - [2026-08-12T06:03:13.218+0000] {dag.py:4138} INFO - Setting next_dagrun for latest_only to 2026-08-12 00:00:00+00:00, run_after=2026-08-12 04:00:00+00:00
[2026-08-12T06:03:13.262+0000] {processor.py:208} INFO - Processing /home/airflow/.local/lib/python3.12/site-packages/airflow/example_dags/example_latest_only.py took 0.159 seconds
[2026-08-12T06:03:44.243+0000] {processor.py:186} INFO - Started process (PID=11294) to work on /home/airflow/.local/lib/python3.12/site-packages/airflow/example_dags/example_latest_only.py
[2026-08-12T06:03:44.245+0000] {processor.py:914} INFO - Processing file /home/airflow/.local/lib/python3.12/site-packages/airflow/example_dags/example_latest_only.py for tasks to queue
[2026-08-12T06:03:44.250+0000] {logging_mixin.py:190} INFO - [2026-08-12T06:03:44.250+0000] {dagbag.py:587} INFO - Filling up the DagBag from /home/airflow/.local/lib/python3.12/site-packages/airflow/example_dags/example_latest_only.py
[2026-08-12T06:03:44.262+0000] {processor.py:925} INFO - DAG(s) 'latest_only' retrieved from /home/airflow/.local/lib/python3.12/site-packages/airflow/example_dags/example_latest_only.py
[2026-08-12T06:03:44.292+0000] {logging_mixin.py:190} INFO - [2026-08-12T06:03:44.291+0000] {dag.py:3211} INFO - Sync 1 DAGs
[2026-08-12T06:03:44.325+0000] {logging_mixin.py:190} INFO - [2026-08-12T06:03:44.325+0000] {dag.py:4138} INFO - Setting next_dagrun for latest_only to 2026-08-12 00:00:00+00:00, run_after=2026-08-12 04:00:00+00:00
[2026-08-12T06:03:44.359+0000] {processor.py:208} INFO - Processing /home/airflow/.local/lib/python3.12/site-packages/airflow/example_dags/example_latest_only.py took 0.125 seconds
[2026-08-12T06:04:15.227+0000] {processor.py:186} INFO - Started process (PID=11357) to work on /home/airflow/.local/lib/python3.12/site-packages/airflow/example_dags/example_latest_only.py
[2026-08-12T06:04:15.231+0000] {processor.py:914} INFO - Processing file /home/airflow/.local/lib/python3.12/site-packages/airflow/example_dags/example_latest_only.py for tasks to queue
[2026-08-12T06:04:15.237+0000] {logging_mixin.py:190} INFO - [2026-08-12T06:04:15.236+0000] {dagbag.py:587} INFO - Filling up the DagBag from /home/airflow/.local/lib/python3.12/site-packages/airflow/example_dags/example_latest_only.py
[2026-08-12T06:04:15.251+0000] {processor.py:925} INFO - DAG(s) 'latest_only' retrieved from /home/airflow/.local/lib/python3.12/site-packages/airflow/example_dags/example_latest_only.py
[2026-08-12T06:04:15.293+0000] {logging_mixin.py:190} INFO - [2026-08-12T06:04:15.292+0000] {dag.py:3211} INFO - Sync 1 DAGs
[2026-08-12T06:04:15.332+0000] {logging_mixin.py:190} INFO - [2026-08-12T06:04:15.332+0000] {dag.py:4138} INFO - Setting next_dagrun for latest_only to 2026-08-12 00:00:00+00:00, run_after=2026-08-12 04:00:00+00:00
[2026-08-12T06:04:15.374+0000] {processor.py:208} INFO - Processing /home/airflow/.local/lib/python3.12/site-packages/airflow/example_dags/example_latest_only.py took 0.159 seconds
[2026-08-12T06:04:45.979+0000] {processor.py:186} INFO - Started process (PID=11421) to work on /home/airflow/.local/lib/python3.12/site-packages/airflow/example_dags/example_latest_only.py
[2026-08-12T06:04:45.986+0000] {processor.py:914} INFO - Processing file /home/airflow/.local/lib/python3.12/site-packages/airflow/example_dags/example_latest_only.py for tasks to queue
[2026-08-12T06:04:45.996+0000] {logging_mixin.py:190} INFO - [2026-08-12T06:04:45.995+0000] {dagbag.py:587} INFO - Filling up the DagBag from /home/airflow/.local/lib/python3.12/site-packages/airflow/example_dags/example_latest_only.py
[2026-08-12T06:04:46.023+0000] {processor.py:925} INFO - DAG(s) 'latest_only' retrieved from /home/airflow/.local/lib/python3.12/site-packages/airflow/example_dags/example_latest_only.py
[2026-08-12T06:04:46.095+0000] {logging_mixin.py:190} INFO - [2026-08-12T06:04:46.094+0000] {dag.py:3211} INFO - Sync 1 DAGs
[2026-08-12T06:04:46.211+0000] {logging_mixin.py:190} INFO - [2026-08-12T06:04:46.210+0000] {dag.py:4138} INFO - Setting next_dagrun for latest_only to 2026-08-12 00:00:00+00:00, run_after=2026-08-12 04:00:00+00:00
[2026-08-12T06:04:46.291+0000] {processor.py:208} INFO - Processing /home/airflow/.local/lib/python3.12/site-packages/airflow/example_dags/example_latest_only.py took 0.333 seconds
[2026-08-12T06:05:16.450+0000] {processor.py:186} INFO - Started process (PID=11484) to work on /home/airflow/.local/lib/python3.12/site-packages/airflow/example_dags/example_latest_only.py
[2026-08-12T06:05:16.452+0000] {processor.py:914} INFO - Processing file /home/airflow/.local/lib/python3.12/site-packages/airflow/example_dags/example_latest_only.py for tasks to queue
[2026-08-12T06:05:16.457+0000] {logging_mixin.py:190} INFO - [2026-08-12T06:05:16.457+0000] {dagbag.py:587} INFO - Filling up the DagBag from /home/airflow/.local/lib/python3.12/site-packages/airflow/example_dags/example_latest_only.py
[2026-08-12T06:05:16.469+0000] {processor.py:925} INFO - DAG(s) 'latest_only' retrieved from /home/airflow/.local/lib/python3.12/site-packages/airflow/example_dags/example_latest_only.py
[2026-08-12T06:05:16.500+0000] {logging_mixin.py:190} INFO - [2026-08-12T06:05:16.500+0000] {dag.py:3211} INFO - Sync 1 DAGs
[2026-08-12T06:05:16.572+0000] {logging_mixin.py:190} INFO - [2026-08-12T06:05:16.571+0000] {dag.py:4138} INFO - Setting next_dagrun for latest_only to 2026-08-12 00:00:00+00:00, run_after=2026-08-12 04:00:00+00:00
[2026-08-12T06:05:16.640+0000] {processor.py:208} INFO - Processing /home/airflow/.local/lib/python3.12/site-packages/airflow/example_dags/example_latest_only.py took 0.196 seconds
[2026-08-12T06:05:47.549+0000] {processor.py:186} INFO - Started process (PID=11548) to work on /home/airflow/.local/lib/python3.12/site-packages/airflow/example_dags/example_latest_only.py
[2026-08-12T06:05:47.554+0000] {processor.py:914} INFO - Processing file /home/airflow/.local/lib/python3.12/site-packages/airflow/example_dags/example_latest_only.py for tasks to queue
[2026-08-12T06:05:47.559+0000] {logging_mixin.py:190} INFO - [2026-08-12T06:05:47.559+0000] {dagbag.py:587} INFO - Filling up the DagBag from /home/airflow/.local/lib/python3.12/site-packages/airflow/example_dags/example_latest_only.py
[2026-08-12T06:05:47.574+0000] {processor.py:925} INFO - DAG(s) 'latest_only' retrieved from /home/airflow/.local/lib/python3.12/site-packages/airflow/example_dags/example_latest_only.py
[2026-08-12T06:05:47.602+0000] {logging_mixin.py:190} INFO - [2026-08-12T06:05:47.601+0000] {dag.py:3211} INFO - Sync 1 DAGs
[2026-08-12T06:05:47.628+0000] {logging_mixin.py:190} INFO - [2026-08-12T06:05:47.627+0000] {dag.py:4138} INFO - Setting next_dagrun for latest_only to 2026-08-12 00:00:00+00:00, run_after=2026-08-12 04:00:00+00:00
[2026-08-12T06:05:47.662+0000] {processor.py:208} INFO - Processing /home/airflow/.local/lib/python3.12/site-packages/airflow/example_dags/example_latest_only.py took 0.127 seconds
[2026-08-12T06:06:18.323+0000] {processor.py:186} INFO - Started process (PID=11611) to work on /home/airflow/.local/lib/python3.12/site-packages/airflow/example_dags/example_latest_only.py
[2026-08-12T06:06:18.326+0000] {processor.py:914} INFO - Processing file /home/airflow/.local/lib/python3.12/site-packages/airflow/example_dags/example_latest_only.py for tasks to queue
[2026-08-12T06:06:18.332+0000] {logging_mixin.py:190} INFO - [2026-08-12T06:06:18.331+0000] {dagbag.py:587} INFO - Filling up the DagBag from /home/airflow/.local/lib/python3.12/site-packages/airflow/example_dags/example_latest_only.py
[2026-08-12T06:06:18.345+0000] {processor.py:925} INFO - DAG(s) 'latest_only' retrieved from /home/airflow/.local/lib/python3.12/site-packages/airflow/example_dags/example_latest_only.py
[2026-08-12T06:06:18.377+0000] {logging_mixin.py:190} INFO - [2026-08-12T06:06:18.377+0000] {dag.py:3211} INFO - Sync 1 DAGs
[2026-08-12T06:06:18.412+0000] {logging_mixin.py:190} INFO - [2026-08-12T06:06:18.412+0000] {dag.py:4138} INFO - Setting next_dagrun for latest_only to 2026-08-12 00:00:00+00:00, run_after=2026-08-12 04:00:00+00:00
[2026-08-12T06:06:18.441+0000] {processor.py:208} INFO - Processing /home/airflow/.local/lib/python3.12/site-packages/airflow/example_dags/example_latest_only.py took 0.133 seconds
[2026-08-12T06:06:48.660+0000] {processor.py:186} INFO - Started process (PID=11673) to work on /home/airflow/.local/lib/python3.12/site-packages/airflow/example_dags/example_latest_only.py
[2026-08-12T06:06:48.663+0000] {processor.py:914} INFO - Processing file /home/airflow/.local/lib/python3.12/site-packages/airflow/example_dags/example_latest_only.py for tasks to queue
[2026-08-12T06:06:48.670+0000] {logging_mixin.py:190} INFO - [2026-08-12T06:06:48.669+0000] {dagbag.py:587} INFO - Filling up the DagBag from /home/airflow/.local/lib/python3.12/site-packages/airflow/example_dags/example_latest_only.py
[2026-08-12T06:06:48.679+0000] {processor.py:925} INFO - DAG(s) 'latest_only' retrieved from /home/airflow/.local/lib/python3.12/site-packages/airflow/example_dags/example_latest_only.py
[2026-08-12T06:06:48.736+0000] {logging_mixin.py:190} INFO - [2026-08-12T06:06:48.735+0000] {dag.py:3211} INFO - Sync 1 DAGs
[2026-08-12T06:06:48.788+0000] {logging_mixin.py:190} INFO - [2026-08-12T06:06:48.788+0000] {dag.py:4138} INFO - Setting next_dagrun for latest_only to 2026-08-12 00:00:00+00:00, run_after=2026-08-12 04:00:00+00:00
[2026-08-12T06:06:48.819+0000] {processor.py:208} INFO - Processing /home/airflow/.local/lib/python3.12/site-packages/airflow/example_dags/example_latest_only.py took 0.170 seconds
[2026-08-12T06:07:19.042+0000] {processor.py:186} INFO - Started process (PID=11737) to work on /home/airflow/.local/lib/python3.12/site-packages/airflow/example_dags/example_latest_only.py
[2026-08-12T06:07:19.044+0000] {processor.py:914} INFO - Processing file /home/airflow/.local/lib/python3.12/site-packages/airflow/example_dags/example_latest_only.py for tasks to queue
[2026-08-12T06:07:19.048+0000] {logging_mixin.py:190} INFO - [2026-08-12T06:07:19.048+0000] {dagbag.py:587} INFO - Filling up the DagBag from /home/airflow/.local/lib/python3.12/site-packages/airflow/example_dags/example_latest_only.py
[2026-08-12T06:07:19.064+0000] {processor.py:925} INFO - DAG(s) 'latest_only' retrieved from /home/airflow/.local/lib/python3.12/site-packages/airflow/example_dags/example_latest_only.py
[2026-08-12T06:07:19.096+0000] {logging_mixin.py:190} INFO - [2026-08-12T06:07:19.096+0000] {dag.py:3211} INFO - Sync 1 DAGs
[2026-08-12T06:07:19.136+0000] {logging_mixin.py:190} INFO - [2026-08-12T06:07:19.135+0000] {dag.py:4138} INFO - Setting next_dagrun for latest_only to 2026-08-12 00:00:00+00:00, run_after=2026-08-12 04:00:00+00:00
[2026-08-12T06:07:19.167+0000] {processor.py:208} INFO - Processing /home/airflow/.local/lib/python3.12/site-packages/airflow/example_dags/example_latest_only.py took 0.130 seconds
[2026-08-12T06:07:49.268+0000] {processor.py:186} INFO - Started process (PID=11801) to work on /home/airflow/.local/lib/python3.12/site-packages/airflow/example_dags/example_latest_only.py
[2026-08-12T06:07:49.272+0000] {processor.py:914} INFO - Processing file /home/airflow/.local/lib/python3.12/site-packages/airflow/example_dags/example_latest_only.py for tasks to queue
[2026-08-12T06:07:49.280+0000] {logging_mixin.py:190} INFO - [2026-08-12T06:07:49.279+0000] {dagbag.py:587} INFO - Filling up the DagBag from /home/airflow/.local/lib/python3.12/site-packages/airflow/example_dags/example_latest_only.py
[2026-08-12T06:07:49.296+0000] {processor.py:925} INFO - DAG(s) 'latest_only' retrieved from /home/airflow/.local/lib/python3.12/site-packages/airflow/example_dags/example_latest_only.py
[2026-08-12T06:07:49.332+0000] {logging_mixin.py:190} INFO - [2026-08-12T06:07:49.332+0000] {dag.py:3211} INFO - Sync 1 DAGs
[2026-08-12T06:07:49.369+0000] {logging_mixin.py:190} INFO - [2026-08-12T06:07:49.369+0000] {dag.py:4138} INFO - Setting next_dagrun for latest_only to 2026-08-12 00:00:00+00:00, run_after=2026-08-12 04:00:00+00:00
[2026-08-12T06:07:49.390+0000] {processor.py:208} INFO - Processing /home/airflow/.local/lib/python3.12/site-packages/airflow/example_dags/example_latest_only.py took 0.135 seconds
[2026-08-12T06:08:19.952+0000] {processor.py:186} INFO - Started process (PID=11864) to work on /home/airflow/.local/lib/python3.12/site-packages/airflow/example_dags/example_latest_only.py
[2026-08-12T06:08:19.955+0000] {processor.py:914} INFO - Processing file /home/airflow/.local/lib/python3.12/site-packages/airflow/example_dags/example_latest_only.py for tasks to queue
[2026-08-12T06:08:19.960+0000] {logging_mixin.py:190} INFO - [2026-08-12T06:08:19.959+0000] {dagbag.py:587} INFO - Filling up the DagBag from /home/airflow/.local/lib/python3.12/site-packages/airflow/example_dags/example_latest_only.py
[2026-08-12T06:08:19.972+0000] {processor.py:925} INFO - DAG(s) 'latest_only' retrieved from /home/airflow/.local/lib/python3.12/site-packages/airflow/example_dags/example_latest_only.py
[2026-08-12T06:08:19.996+0000] {logging_mixin.py:190} INFO - [2026-08-12T06:08:19.996+0000] {dag.py:3211} INFO - Sync 1 DAGs
[2026-08-12T06:08:20.026+0000] {logging_mixin.py:190} INFO - [2026-08-12T06:08:20.025+0000] {dag.py:4138} INFO - Setting next_dagrun for latest_only to 2026-08-12 00:00:00+00:00, run_after=2026-08-12 04:00:00+00:00
[2026-08-12T06:08:20.051+0000] {processor.py:208} INFO - Processing /home/airflow/.local/lib/python3.12/site-packages/airflow/example_dags/example_latest_only.py took 0.107 seconds
[2026-08-12T06:08:50.439+0000] {processor.py:186} INFO - Started process (PID=11928) to work on /home/airflow/.local/lib/python3.12/site-packages/airflow/example_dags/example_latest_only.py
[2026-08-12T06:08:50.442+0000] {processor.py:914} INFO - Processing file /home/airflow/.local/lib/python3.12/site-packages/airflow/example_dags/example_latest_only.py for tasks to queue
[2026-08-12T06:08:50.449+0000] {logging_mixin.py:190} INFO - [2026-08-12T06:08:50.448+0000] {dagbag.py:587} INFO - Filling up the DagBag from /home/airflow/.local/lib/python3.12/site-packages/airflow/example_dags/example_latest_only.py
[2026-08-12T06:08:50.459+0000] {processor.py:925} INFO - DAG(s) 'latest_only' retrieved from /home/airflow/.local/lib/python3.12/site-packages/airflow/example_dags/example_latest_only.py
[2026-08-12T06:08:50.483+0000] {logging_mixin.py:190} INFO - [2026-08-12T06:08:50.483+0000] {dag.py:3211} INFO - Sync 1 DAGs
[2026-08-12T06:08:50.509+0000] {logging_mixin.py:190} INFO - [2026-08-12T06:08:50.509+0000] {dag.py:4138} INFO - Setting next_dagrun for latest_only to 2026-08-12 00:00:00+00:00, run_after=2026-08-12 04:00:00+00:00
[2026-08-12T06:08:50.537+0000] {processor.py:208} INFO - Processing /home/airflow/.local/lib/python3.12/site-packages/airflow/example_dags/example_latest_only.py took 0.108 seconds
[2026-08-12T06:09:21.284+0000] {processor.py:186} INFO - Started process (PID=11991) to work on /home/airflow/.local/lib/python3.12/site-packages/airflow/example_dags/example_latest_only.py
[2026-08-12T06:09:21.287+0000] {processor.py:914} INFO - Processing file /home/airflow/.local/lib/python3.12/site-packages/airflow/example_dags/example_latest_only.py for tasks to queue
[2026-08-12T06:09:21.292+0000] {logging_mixin.py:190} INFO - [2026-08-12T06:09:21.291+0000] {dagbag.py:587} INFO - Filling up the DagBag from /home/airflow/.local/lib/python3.12/site-packages/airflow/example_dags/example_latest_only.py
[2026-08-12T06:09:21.303+0000] {processor.py:925} INFO - DAG(s) 'latest_only' retrieved from /home/airflow/.local/lib/python3.12/site-packages/airflow/example_dags/example_latest_only.py
[2026-08-12T06:09:21.330+0000] {logging_mixin.py:190} INFO - [2026-08-12T06:09:21.330+0000] {dag.py:3211} INFO - Sync 1 DAGs
[2026-08-12T06:09:21.360+0000] {logging_mixin.py:190} INFO - [2026-08-12T06:09:21.360+0000] {dag.py:4138} INFO - Setting next_dagrun for latest_only to 2026-08-12 00:00:00+00:00, run_after=2026-08-12 04:00:00+00:00
[2026-08-12T06:09:21.388+0000] {processor.py:208} INFO - Processing /home/airflow/.local/lib/python3.12/site-packages/airflow/example_dags/example_latest_only.py took 0.111 seconds
[2026-08-12T06:09:51.658+0000] {processor.py:186} INFO - Started process (PID=12053) to work on /home/airflow/.local/lib/python3.12/site-packages/airflow/example_dags/example_latest_only.py
[2026-08-12T06:09:51.661+0000] {processor.py:914} INFO - Processing file /home/airflow/.local/lib/python3.12/site-packages/airflow/example_dags/example_latest_only.py for tasks to queue
[2026-08-12T06:09:51.667+0000] {logging_mixin.py:190} INFO - [2026-08-12T06:09:51.666+0000] {dagbag.py:587} INFO - Filling up the DagBag from /home/airflow/.local/lib/python3.12/site-packages/airflow/example_dags/example_latest_only.py
[2026-08-12T06:09:51.688+0000] {processor.py:925} INFO - DAG(s) 'latest_only' retrieved from /home/airflow/.local/lib/python3.12/site-packages/airflow/example_dags/example_latest_only.py
[2026-08-12T06:09:51.721+0000] {logging_mixin.py:190} INFO - [2026-08-12T06:09:51.720+0000] {dag.py:3211} INFO - Sync 1 DAGs
[2026-08-12T06:09:51.757+0000] {logging_mixin.py:190} INFO - [2026-08-12T06:09:51.756+0000] {dag.py:4138} INFO - Setting next_dagrun for latest_only to 2026-08-12 00:00:00+00:00, run_after=2026-08-12 04:00:00+00:00
[2026-08-12T06:09:51.787+0000] {processor.py:208} INFO - Processing /home/airflow/.local/lib/python3.12/site-packages/airflow/example_dags/example_latest_only.py took 0.138 seconds
[2026-08-12T06:10:22.471+0000] {processor.py:186} INFO - Started process (PID=12116) to work on /home/airflow/.local/lib/python3.12/site-packages/airflow/example_dags/example_latest_only.py
[2026-08-12T06:10:22.474+0000] {processor.py:914} INFO - Processing file /home/airflow/.local/lib/python3.12/site-packages/airflow/example_dags/example_latest_only.py for tasks to queue
[2026-08-12T06:10:22.478+0000] {logging_mixin.py:190} INFO - [2026-08-12T06:10:22.478+0000] {dagbag.py:587} INFO - Filling up the DagBag from /home/airflow/.local/lib/python3.12/site-packages/airflow/example_dags/example_latest_only.py
[2026-08-12T06:10:22.489+0000] {processor.py:925} INFO - DAG(s) 'latest_only' retrieved from /home/airflow/.local/lib/python3.12/site-packages/airflow/example_dags/example_latest_only.py
[2026-08-12T06:10:22.513+0000] {logging_mixin.py:190} INFO - [2026-08-12T06:10:22.512+0000] {dag.py:3211} INFO - Sync 1 DAGs
[2026-08-12T06:10:22.537+0000] {logging_mixin.py:190} INFO - [2026-08-12T06:10:22.537+0000] {dag.py:4138} INFO - Setting next_dagrun for latest_only to 2026-08-12 00:00:00+00:00, run_after=2026-08-12 04:00:00+00:00
[2026-08-12T06:10:22.560+0000] {processor.py:208} INFO - Processing /home/airflow/.local/lib/python3.12/site-packages/airflow/example_dags/example_latest_only.py took 0.094 seconds
