[2026-08-12T04:31:10.070+0000] {processor.py:186} INFO - Started process (PID=101) to work on /home/airflow/.local/lib/python3.12/site-packages/airflow/example_dags/example_dataset_alias.py
[2026-08-12T04:31:10.072+0000] {processor.py:914} INFO - Processing file /home/airflow/.local/lib/python3.12/site-packages/airflow/example_dags/example_dataset_alias.py for tasks to queue
[2026-08-12T04:31:10.076+0000] {logging_mixin.py:190} INFO - [2026-08-12T04:31:10.075+0000] {dagbag.py:587} INFO - Filling up the DagBag from /home/airflow/.local/lib/python3.12/site-packages/airflow/example_dags/example_dataset_alias.py
[2026-08-12T04:31:10.223+0000] {processor.py:925} INFO - DAG(s) 'dataset_s3_bucket_consumer', 'dataset_alias_example_alias_producer', 'dataset_s3_bucket_producer', 'dataset_alias_example_alias_consumer' retrieved from /home/airflow/.local/lib/python3.12/site-packages/airflow/example_dags/example_dataset_alias.py
[2026-08-12T04:31:10.319+0000] {logging_mixin.py:190} INFO - [2026-08-12T04:31:10.318+0000] {override.py:1858} INFO - Created Permission View: can delete on DAG:dataset_s3_bucket_consumer
[2026-08-12T04:31:10.335+0000] {logging_mixin.py:190} INFO - [2026-08-12T04:31:10.334+0000] {override.py:1858} INFO - Created Permission View: can read on DAG:dataset_s3_bucket_consumer
[2026-08-12T04:31:10.345+0000] {logging_mixin.py:190} INFO - [2026-08-12T04:31:10.345+0000] {override.py:1858} INFO - Created Permission View: can edit on DAG:dataset_s3_bucket_consumer
[2026-08-12T04:31:10.364+0000] {logging_mixin.py:190} INFO - [2026-08-12T04:31:10.364+0000] {override.py:1858} INFO - Created Permission View: can delete on DAG:dataset_alias_example_alias_producer
[2026-08-12T04:31:10.374+0000] {logging_mixin.py:190} INFO - [2026-08-12T04:31:10.374+0000] {override.py:1858} INFO - Created Permission View: can read on DAG:dataset_alias_example_alias_producer
[2026-08-12T04:31:10.383+0000] {logging_mixin.py:190} INFO - [2026-08-12T04:31:10.383+0000] {override.py:1858} INFO - Created Permission View: can edit on DAG:dataset_alias_example_alias_producer
[2026-08-12T04:31:10.402+0000] {logging_mixin.py:190} INFO - [2026-08-12T04:31:10.402+0000] {override.py:1858} INFO - Created Permission View: can delete on DAG:dataset_s3_bucket_producer
[2026-08-12T04:31:10.411+0000] {logging_mixin.py:190} INFO - [2026-08-12T04:31:10.410+0000] {override.py:1858} INFO - Created Permission View: can read on DAG:dataset_s3_bucket_producer
[2026-08-12T04:31:10.420+0000] {logging_mixin.py:190} INFO - [2026-08-12T04:31:10.420+0000] {override.py:1858} INFO - Created Permission View: can edit on DAG:dataset_s3_bucket_producer
[2026-08-12T04:31:10.434+0000] {logging_mixin.py:190} INFO - [2026-08-12T04:31:10.434+0000] {override.py:1858} INFO - Created Permission View: can delete on DAG:dataset_alias_example_alias_consumer
[2026-08-12T04:31:10.442+0000] {logging_mixin.py:190} INFO - [2026-08-12T04:31:10.442+0000] {override.py:1858} INFO - Created Permission View: can read on DAG:dataset_alias_example_alias_consumer
[2026-08-12T04:31:10.451+0000] {logging_mixin.py:190} INFO - [2026-08-12T04:31:10.451+0000] {override.py:1858} INFO - Created Permission View: can edit on DAG:dataset_alias_example_alias_consumer
[2026-08-12T04:31:10.453+0000] {logging_mixin.py:190} INFO - [2026-08-12T04:31:10.453+0000] {dag.py:3211} INFO - Sync 4 DAGs
[2026-08-12T04:31:10.468+0000] {logging_mixin.py:190} INFO - [2026-08-12T04:31:10.468+0000] {dag.py:3234} INFO - Creating ORM DAG for dataset_alias_example_alias_producer
[2026-08-12T04:31:10.470+0000] {logging_mixin.py:190} INFO - [2026-08-12T04:31:10.470+0000] {dag.py:3234} INFO - Creating ORM DAG for dataset_alias_example_alias_consumer
[2026-08-12T04:31:10.472+0000] {logging_mixin.py:190} INFO - [2026-08-12T04:31:10.472+0000] {dag.py:3234} INFO - Creating ORM DAG for dataset_s3_bucket_consumer
[2026-08-12T04:31:10.474+0000] {logging_mixin.py:190} INFO - [2026-08-12T04:31:10.474+0000] {dag.py:3234} INFO - Creating ORM DAG for dataset_s3_bucket_producer
[2026-08-12T04:31:10.485+0000] {logging_mixin.py:190} INFO - [2026-08-12T04:31:10.485+0000] {dag.py:4138} INFO - Setting next_dagrun for dataset_alias_example_alias_consumer to None, run_after=None
[2026-08-12T04:31:10.488+0000] {logging_mixin.py:190} INFO - [2026-08-12T04:31:10.488+0000] {dag.py:4138} INFO - Setting next_dagrun for dataset_alias_example_alias_producer to None, run_after=None
[2026-08-12T04:31:10.490+0000] {logging_mixin.py:190} INFO - [2026-08-12T04:31:10.490+0000] {dag.py:4138} INFO - Setting next_dagrun for dataset_s3_bucket_consumer to None, run_after=None
[2026-08-12T04:31:10.492+0000] {logging_mixin.py:190} INFO - [2026-08-12T04:31:10.492+0000] {dag.py:4138} INFO - Setting next_dagrun for dataset_s3_bucket_producer to None, run_after=None
[2026-08-12T04:31:10.530+0000] {processor.py:208} INFO - Processing /home/airflow/.local/lib/python3.12/site-packages/airflow/example_dags/example_dataset_alias.py took 0.466 seconds
[2026-08-12T04:31:40.706+0000] {processor.py:186} INFO - Started process (PID=163) to work on /home/airflow/.local/lib/python3.12/site-packages/airflow/example_dags/example_dataset_alias.py
[2026-08-12T04:31:40.708+0000] {processor.py:914} INFO - Processing file /home/airflow/.local/lib/python3.12/site-packages/airflow/example_dags/example_dataset_alias.py for tasks to queue
[2026-08-12T04:31:40.712+0000] {logging_mixin.py:190} INFO - [2026-08-12T04:31:40.712+0000] {dagbag.py:587} INFO - Filling up the DagBag from /home/airflow/.local/lib/python3.12/site-packages/airflow/example_dags/example_dataset_alias.py
[2026-08-12T04:31:40.876+0000] {processor.py:925} INFO - DAG(s) 'dataset_s3_bucket_consumer', 'dataset_alias_example_alias_consumer', 'dataset_alias_example_alias_producer', 'dataset_s3_bucket_producer' retrieved from /home/airflow/.local/lib/python3.12/site-packages/airflow/example_dags/example_dataset_alias.py
[2026-08-12T04:31:40.905+0000] {logging_mixin.py:190} INFO - [2026-08-12T04:31:40.905+0000] {dag.py:3211} INFO - Sync 4 DAGs
[2026-08-12T04:31:40.931+0000] {logging_mixin.py:190} INFO - [2026-08-12T04:31:40.931+0000] {dag.py:4138} INFO - Setting next_dagrun for dataset_alias_example_alias_consumer to None, run_after=None
[2026-08-12T04:31:40.936+0000] {logging_mixin.py:190} INFO - [2026-08-12T04:31:40.935+0000] {dag.py:4138} INFO - Setting next_dagrun for dataset_alias_example_alias_producer to None, run_after=None
[2026-08-12T04:31:40.939+0000] {logging_mixin.py:190} INFO - [2026-08-12T04:31:40.939+0000] {dag.py:4138} INFO - Setting next_dagrun for dataset_s3_bucket_consumer to None, run_after=None
[2026-08-12T04:31:40.943+0000] {logging_mixin.py:190} INFO - [2026-08-12T04:31:40.942+0000] {dag.py:4138} INFO - Setting next_dagrun for dataset_s3_bucket_producer to None, run_after=None
[2026-08-12T04:31:40.979+0000] {processor.py:208} INFO - Processing /home/airflow/.local/lib/python3.12/site-packages/airflow/example_dags/example_dataset_alias.py took 0.279 seconds
[2026-08-12T04:32:59.637+0000] {processor.py:186} INFO - Started process (PID=95) to work on /home/airflow/.local/lib/python3.12/site-packages/airflow/example_dags/example_dataset_alias.py
[2026-08-12T04:32:59.640+0000] {processor.py:914} INFO - Processing file /home/airflow/.local/lib/python3.12/site-packages/airflow/example_dags/example_dataset_alias.py for tasks to queue
[2026-08-12T04:32:59.646+0000] {logging_mixin.py:190} INFO - [2026-08-12T04:32:59.645+0000] {dagbag.py:587} INFO - Filling up the DagBag from /home/airflow/.local/lib/python3.12/site-packages/airflow/example_dags/example_dataset_alias.py
[2026-08-12T04:32:59.956+0000] {processor.py:925} INFO - DAG(s) 'dataset_alias_example_alias_consumer', 'dataset_s3_bucket_consumer', 'dataset_alias_example_alias_producer', 'dataset_s3_bucket_producer' retrieved from /home/airflow/.local/lib/python3.12/site-packages/airflow/example_dags/example_dataset_alias.py
[2026-08-12T04:33:00.003+0000] {logging_mixin.py:190} INFO - [2026-08-12T04:33:00.003+0000] {dag.py:3211} INFO - Sync 4 DAGs
[2026-08-12T04:33:00.052+0000] {logging_mixin.py:190} INFO - [2026-08-12T04:33:00.052+0000] {dag.py:4138} INFO - Setting next_dagrun for dataset_alias_example_alias_consumer to None, run_after=None
[2026-08-12T04:33:00.059+0000] {logging_mixin.py:190} INFO - [2026-08-12T04:33:00.059+0000] {dag.py:4138} INFO - Setting next_dagrun for dataset_alias_example_alias_producer to None, run_after=None
[2026-08-12T04:33:00.063+0000] {logging_mixin.py:190} INFO - [2026-08-12T04:33:00.063+0000] {dag.py:4138} INFO - Setting next_dagrun for dataset_s3_bucket_consumer to None, run_after=None
[2026-08-12T04:33:00.067+0000] {logging_mixin.py:190} INFO - [2026-08-12T04:33:00.067+0000] {dag.py:4138} INFO - Setting next_dagrun for dataset_s3_bucket_producer to None, run_after=None
[2026-08-12T04:33:00.125+0000] {processor.py:208} INFO - Processing /home/airflow/.local/lib/python3.12/site-packages/airflow/example_dags/example_dataset_alias.py took 0.497 seconds
[2026-08-12T04:33:30.714+0000] {processor.py:186} INFO - Started process (PID=157) to work on /home/airflow/.local/lib/python3.12/site-packages/airflow/example_dags/example_dataset_alias.py
[2026-08-12T04:33:30.717+0000] {processor.py:914} INFO - Processing file /home/airflow/.local/lib/python3.12/site-packages/airflow/example_dags/example_dataset_alias.py for tasks to queue
[2026-08-12T04:33:30.721+0000] {logging_mixin.py:190} INFO - [2026-08-12T04:33:30.721+0000] {dagbag.py:587} INFO - Filling up the DagBag from /home/airflow/.local/lib/python3.12/site-packages/airflow/example_dags/example_dataset_alias.py
[2026-08-12T04:33:30.910+0000] {processor.py:925} INFO - DAG(s) 'dataset_s3_bucket_producer', 'dataset_alias_example_alias_producer', 'dataset_alias_example_alias_consumer', 'dataset_s3_bucket_consumer' retrieved from /home/airflow/.local/lib/python3.12/site-packages/airflow/example_dags/example_dataset_alias.py
[2026-08-12T04:33:30.944+0000] {logging_mixin.py:190} INFO - [2026-08-12T04:33:30.944+0000] {dag.py:3211} INFO - Sync 4 DAGs
[2026-08-12T04:33:30.969+0000] {logging_mixin.py:190} INFO - [2026-08-12T04:33:30.968+0000] {dag.py:4138} INFO - Setting next_dagrun for dataset_alias_example_alias_consumer to None, run_after=None
[2026-08-12T04:33:30.974+0000] {logging_mixin.py:190} INFO - [2026-08-12T04:33:30.974+0000] {dag.py:4138} INFO - Setting next_dagrun for dataset_alias_example_alias_producer to None, run_after=None
[2026-08-12T04:33:30.978+0000] {logging_mixin.py:190} INFO - [2026-08-12T04:33:30.978+0000] {dag.py:4138} INFO - Setting next_dagrun for dataset_s3_bucket_consumer to None, run_after=None
[2026-08-12T04:33:30.981+0000] {logging_mixin.py:190} INFO - [2026-08-12T04:33:30.981+0000] {dag.py:4138} INFO - Setting next_dagrun for dataset_s3_bucket_producer to None, run_after=None
[2026-08-12T04:33:31.009+0000] {processor.py:208} INFO - Processing /home/airflow/.local/lib/python3.12/site-packages/airflow/example_dags/example_dataset_alias.py took 0.303 seconds
[2026-08-12T04:34:01.440+0000] {processor.py:186} INFO - Started process (PID=219) to work on /home/airflow/.local/lib/python3.12/site-packages/airflow/example_dags/example_dataset_alias.py
[2026-08-12T04:34:01.443+0000] {processor.py:914} INFO - Processing file /home/airflow/.local/lib/python3.12/site-packages/airflow/example_dags/example_dataset_alias.py for tasks to queue
[2026-08-12T04:34:01.448+0000] {logging_mixin.py:190} INFO - [2026-08-12T04:34:01.447+0000] {dagbag.py:587} INFO - Filling up the DagBag from /home/airflow/.local/lib/python3.12/site-packages/airflow/example_dags/example_dataset_alias.py
[2026-08-12T04:34:01.659+0000] {processor.py:925} INFO - DAG(s) 'dataset_alias_example_alias_producer', 'dataset_alias_example_alias_consumer', 'dataset_s3_bucket_producer', 'dataset_s3_bucket_consumer' retrieved from /home/airflow/.local/lib/python3.12/site-packages/airflow/example_dags/example_dataset_alias.py
[2026-08-12T04:34:01.691+0000] {logging_mixin.py:190} INFO - [2026-08-12T04:34:01.690+0000] {dag.py:3211} INFO - Sync 4 DAGs
[2026-08-12T04:34:01.720+0000] {logging_mixin.py:190} INFO - [2026-08-12T04:34:01.720+0000] {dag.py:4138} INFO - Setting next_dagrun for dataset_alias_example_alias_consumer to None, run_after=None
[2026-08-12T04:34:01.725+0000] {logging_mixin.py:190} INFO - [2026-08-12T04:34:01.725+0000] {dag.py:4138} INFO - Setting next_dagrun for dataset_alias_example_alias_producer to None, run_after=None
[2026-08-12T04:34:01.730+0000] {logging_mixin.py:190} INFO - [2026-08-12T04:34:01.730+0000] {dag.py:4138} INFO - Setting next_dagrun for dataset_s3_bucket_consumer to None, run_after=None
[2026-08-12T04:34:01.734+0000] {logging_mixin.py:190} INFO - [2026-08-12T04:34:01.734+0000] {dag.py:4138} INFO - Setting next_dagrun for dataset_s3_bucket_producer to None, run_after=None
[2026-08-12T04:34:01.765+0000] {processor.py:208} INFO - Processing /home/airflow/.local/lib/python3.12/site-packages/airflow/example_dags/example_dataset_alias.py took 0.331 seconds
[2026-08-12T04:34:32.013+0000] {processor.py:186} INFO - Started process (PID=281) to work on /home/airflow/.local/lib/python3.12/site-packages/airflow/example_dags/example_dataset_alias.py
[2026-08-12T04:34:32.016+0000] {processor.py:914} INFO - Processing file /home/airflow/.local/lib/python3.12/site-packages/airflow/example_dags/example_dataset_alias.py for tasks to queue
[2026-08-12T04:34:32.022+0000] {logging_mixin.py:190} INFO - [2026-08-12T04:34:32.021+0000] {dagbag.py:587} INFO - Filling up the DagBag from /home/airflow/.local/lib/python3.12/site-packages/airflow/example_dags/example_dataset_alias.py
[2026-08-12T04:34:32.200+0000] {processor.py:925} INFO - DAG(s) 'dataset_alias_example_alias_producer', 'dataset_s3_bucket_producer', 'dataset_s3_bucket_consumer', 'dataset_alias_example_alias_consumer' retrieved from /home/airflow/.local/lib/python3.12/site-packages/airflow/example_dags/example_dataset_alias.py
[2026-08-12T04:34:32.231+0000] {logging_mixin.py:190} INFO - [2026-08-12T04:34:32.230+0000] {dag.py:3211} INFO - Sync 4 DAGs
[2026-08-12T04:34:32.257+0000] {logging_mixin.py:190} INFO - [2026-08-12T04:34:32.257+0000] {dag.py:4138} INFO - Setting next_dagrun for dataset_alias_example_alias_consumer to None, run_after=None
[2026-08-12T04:34:32.262+0000] {logging_mixin.py:190} INFO - [2026-08-12T04:34:32.261+0000] {dag.py:4138} INFO - Setting next_dagrun for dataset_alias_example_alias_producer to None, run_after=None
[2026-08-12T04:34:32.265+0000] {logging_mixin.py:190} INFO - [2026-08-12T04:34:32.265+0000] {dag.py:4138} INFO - Setting next_dagrun for dataset_s3_bucket_consumer to None, run_after=None
[2026-08-12T04:34:32.269+0000] {logging_mixin.py:190} INFO - [2026-08-12T04:34:32.269+0000] {dag.py:4138} INFO - Setting next_dagrun for dataset_s3_bucket_producer to None, run_after=None
[2026-08-12T04:34:32.293+0000] {processor.py:208} INFO - Processing /home/airflow/.local/lib/python3.12/site-packages/airflow/example_dags/example_dataset_alias.py took 0.290 seconds
[2026-08-12T04:35:02.884+0000] {processor.py:186} INFO - Started process (PID=343) to work on /home/airflow/.local/lib/python3.12/site-packages/airflow/example_dags/example_dataset_alias.py
[2026-08-12T04:35:02.914+0000] {processor.py:914} INFO - Processing file /home/airflow/.local/lib/python3.12/site-packages/airflow/example_dags/example_dataset_alias.py for tasks to queue
[2026-08-12T04:35:02.921+0000] {logging_mixin.py:190} INFO - [2026-08-12T04:35:02.921+0000] {dagbag.py:587} INFO - Filling up the DagBag from /home/airflow/.local/lib/python3.12/site-packages/airflow/example_dags/example_dataset_alias.py
[2026-08-12T04:35:03.162+0000] {processor.py:925} INFO - DAG(s) 'dataset_alias_example_alias_producer', 'dataset_s3_bucket_producer', 'dataset_alias_example_alias_consumer', 'dataset_s3_bucket_consumer' retrieved from /home/airflow/.local/lib/python3.12/site-packages/airflow/example_dags/example_dataset_alias.py
[2026-08-12T04:35:03.197+0000] {logging_mixin.py:190} INFO - [2026-08-12T04:35:03.196+0000] {dag.py:3211} INFO - Sync 4 DAGs
[2026-08-12T04:35:03.229+0000] {logging_mixin.py:190} INFO - [2026-08-12T04:35:03.229+0000] {dag.py:4138} INFO - Setting next_dagrun for dataset_alias_example_alias_consumer to None, run_after=None
[2026-08-12T04:35:03.234+0000] {logging_mixin.py:190} INFO - [2026-08-12T04:35:03.234+0000] {dag.py:4138} INFO - Setting next_dagrun for dataset_alias_example_alias_producer to None, run_after=None
[2026-08-12T04:35:03.238+0000] {logging_mixin.py:190} INFO - [2026-08-12T04:35:03.238+0000] {dag.py:4138} INFO - Setting next_dagrun for dataset_s3_bucket_consumer to None, run_after=None
[2026-08-12T04:35:03.242+0000] {logging_mixin.py:190} INFO - [2026-08-12T04:35:03.242+0000] {dag.py:4138} INFO - Setting next_dagrun for dataset_s3_bucket_producer to None, run_after=None
[2026-08-12T04:35:03.279+0000] {processor.py:208} INFO - Processing /home/airflow/.local/lib/python3.12/site-packages/airflow/example_dags/example_dataset_alias.py took 0.408 seconds
[2026-08-12T04:35:33.346+0000] {processor.py:186} INFO - Started process (PID=406) to work on /home/airflow/.local/lib/python3.12/site-packages/airflow/example_dags/example_dataset_alias.py
[2026-08-12T04:35:33.349+0000] {processor.py:914} INFO - Processing file /home/airflow/.local/lib/python3.12/site-packages/airflow/example_dags/example_dataset_alias.py for tasks to queue
[2026-08-12T04:35:33.352+0000] {logging_mixin.py:190} INFO - [2026-08-12T04:35:33.352+0000] {dagbag.py:587} INFO - Filling up the DagBag from /home/airflow/.local/lib/python3.12/site-packages/airflow/example_dags/example_dataset_alias.py
[2026-08-12T04:35:33.523+0000] {processor.py:925} INFO - DAG(s) 'dataset_alias_example_alias_consumer', 'dataset_s3_bucket_consumer', 'dataset_s3_bucket_producer', 'dataset_alias_example_alias_producer' retrieved from /home/airflow/.local/lib/python3.12/site-packages/airflow/example_dags/example_dataset_alias.py
[2026-08-12T04:35:33.546+0000] {logging_mixin.py:190} INFO - [2026-08-12T04:35:33.546+0000] {dag.py:3211} INFO - Sync 4 DAGs
[2026-08-12T04:35:33.570+0000] {logging_mixin.py:190} INFO - [2026-08-12T04:35:33.570+0000] {dag.py:4138} INFO - Setting next_dagrun for dataset_alias_example_alias_consumer to None, run_after=None
[2026-08-12T04:35:33.574+0000] {logging_mixin.py:190} INFO - [2026-08-12T04:35:33.574+0000] {dag.py:4138} INFO - Setting next_dagrun for dataset_alias_example_alias_producer to None, run_after=None
[2026-08-12T04:35:33.577+0000] {logging_mixin.py:190} INFO - [2026-08-12T04:35:33.576+0000] {dag.py:4138} INFO - Setting next_dagrun for dataset_s3_bucket_consumer to None, run_after=None
[2026-08-12T04:35:33.581+0000] {logging_mixin.py:190} INFO - [2026-08-12T04:35:33.580+0000] {dag.py:4138} INFO - Setting next_dagrun for dataset_s3_bucket_producer to None, run_after=None
[2026-08-12T04:35:33.611+0000] {processor.py:208} INFO - Processing /home/airflow/.local/lib/python3.12/site-packages/airflow/example_dags/example_dataset_alias.py took 0.271 seconds
[2026-08-12T04:36:04.278+0000] {processor.py:186} INFO - Started process (PID=469) to work on /home/airflow/.local/lib/python3.12/site-packages/airflow/example_dags/example_dataset_alias.py
[2026-08-12T04:36:04.280+0000] {processor.py:914} INFO - Processing file /home/airflow/.local/lib/python3.12/site-packages/airflow/example_dags/example_dataset_alias.py for tasks to queue
[2026-08-12T04:36:04.285+0000] {logging_mixin.py:190} INFO - [2026-08-12T04:36:04.284+0000] {dagbag.py:587} INFO - Filling up the DagBag from /home/airflow/.local/lib/python3.12/site-packages/airflow/example_dags/example_dataset_alias.py
[2026-08-12T04:36:04.475+0000] {processor.py:925} INFO - DAG(s) 'dataset_alias_example_alias_consumer', 'dataset_s3_bucket_consumer', 'dataset_s3_bucket_producer', 'dataset_alias_example_alias_producer' retrieved from /home/airflow/.local/lib/python3.12/site-packages/airflow/example_dags/example_dataset_alias.py
[2026-08-12T04:36:04.502+0000] {logging_mixin.py:190} INFO - [2026-08-12T04:36:04.501+0000] {dag.py:3211} INFO - Sync 4 DAGs
[2026-08-12T04:36:04.529+0000] {logging_mixin.py:190} INFO - [2026-08-12T04:36:04.528+0000] {dag.py:4138} INFO - Setting next_dagrun for dataset_alias_example_alias_consumer to None, run_after=None
[2026-08-12T04:36:04.533+0000] {logging_mixin.py:190} INFO - [2026-08-12T04:36:04.533+0000] {dag.py:4138} INFO - Setting next_dagrun for dataset_alias_example_alias_producer to None, run_after=None
[2026-08-12T04:36:04.537+0000] {logging_mixin.py:190} INFO - [2026-08-12T04:36:04.536+0000] {dag.py:4138} INFO - Setting next_dagrun for dataset_s3_bucket_consumer to None, run_after=None
[2026-08-12T04:36:04.540+0000] {logging_mixin.py:190} INFO - [2026-08-12T04:36:04.540+0000] {dag.py:4138} INFO - Setting next_dagrun for dataset_s3_bucket_producer to None, run_after=None
[2026-08-12T04:36:04.574+0000] {processor.py:208} INFO - Processing /home/airflow/.local/lib/python3.12/site-packages/airflow/example_dags/example_dataset_alias.py took 0.304 seconds
[2026-08-12T04:36:34.815+0000] {processor.py:186} INFO - Started process (PID=531) to work on /home/airflow/.local/lib/python3.12/site-packages/airflow/example_dags/example_dataset_alias.py
[2026-08-12T04:36:34.817+0000] {processor.py:914} INFO - Processing file /home/airflow/.local/lib/python3.12/site-packages/airflow/example_dags/example_dataset_alias.py for tasks to queue
[2026-08-12T04:36:34.821+0000] {logging_mixin.py:190} INFO - [2026-08-12T04:36:34.821+0000] {dagbag.py:587} INFO - Filling up the DagBag from /home/airflow/.local/lib/python3.12/site-packages/airflow/example_dags/example_dataset_alias.py
[2026-08-12T04:36:34.981+0000] {processor.py:925} INFO - DAG(s) 'dataset_s3_bucket_producer', 'dataset_alias_example_alias_consumer', 'dataset_s3_bucket_consumer', 'dataset_alias_example_alias_producer' retrieved from /home/airflow/.local/lib/python3.12/site-packages/airflow/example_dags/example_dataset_alias.py
[2026-08-12T04:36:35.010+0000] {logging_mixin.py:190} INFO - [2026-08-12T04:36:35.010+0000] {dag.py:3211} INFO - Sync 4 DAGs
[2026-08-12T04:36:35.037+0000] {logging_mixin.py:190} INFO - [2026-08-12T04:36:35.037+0000] {dag.py:4138} INFO - Setting next_dagrun for dataset_alias_example_alias_consumer to None, run_after=None
[2026-08-12T04:36:35.041+0000] {logging_mixin.py:190} INFO - [2026-08-12T04:36:35.041+0000] {dag.py:4138} INFO - Setting next_dagrun for dataset_alias_example_alias_producer to None, run_after=None
[2026-08-12T04:36:35.044+0000] {logging_mixin.py:190} INFO - [2026-08-12T04:36:35.044+0000] {dag.py:4138} INFO - Setting next_dagrun for dataset_s3_bucket_consumer to None, run_after=None
[2026-08-12T04:36:35.047+0000] {logging_mixin.py:190} INFO - [2026-08-12T04:36:35.047+0000] {dag.py:4138} INFO - Setting next_dagrun for dataset_s3_bucket_producer to None, run_after=None
[2026-08-12T04:36:35.070+0000] {processor.py:208} INFO - Processing /home/airflow/.local/lib/python3.12/site-packages/airflow/example_dags/example_dataset_alias.py took 0.262 seconds
[2026-08-12T04:37:05.312+0000] {processor.py:186} INFO - Started process (PID=593) to work on /home/airflow/.local/lib/python3.12/site-packages/airflow/example_dags/example_dataset_alias.py
[2026-08-12T04:37:05.314+0000] {processor.py:914} INFO - Processing file /home/airflow/.local/lib/python3.12/site-packages/airflow/example_dags/example_dataset_alias.py for tasks to queue
[2026-08-12T04:37:05.321+0000] {logging_mixin.py:190} INFO - [2026-08-12T04:37:05.320+0000] {dagbag.py:587} INFO - Filling up the DagBag from /home/airflow/.local/lib/python3.12/site-packages/airflow/example_dags/example_dataset_alias.py
[2026-08-12T04:37:05.486+0000] {processor.py:925} INFO - DAG(s) 'dataset_s3_bucket_consumer', 'dataset_alias_example_alias_consumer', 'dataset_s3_bucket_producer', 'dataset_alias_example_alias_producer' retrieved from /home/airflow/.local/lib/python3.12/site-packages/airflow/example_dags/example_dataset_alias.py
[2026-08-12T04:37:05.509+0000] {logging_mixin.py:190} INFO - [2026-08-12T04:37:05.509+0000] {dag.py:3211} INFO - Sync 4 DAGs
[2026-08-12T04:37:05.534+0000] {logging_mixin.py:190} INFO - [2026-08-12T04:37:05.533+0000] {dag.py:4138} INFO - Setting next_dagrun for dataset_alias_example_alias_consumer to None, run_after=None
[2026-08-12T04:37:05.538+0000] {logging_mixin.py:190} INFO - [2026-08-12T04:37:05.538+0000] {dag.py:4138} INFO - Setting next_dagrun for dataset_alias_example_alias_producer to None, run_after=None
[2026-08-12T04:37:05.541+0000] {logging_mixin.py:190} INFO - [2026-08-12T04:37:05.541+0000] {dag.py:4138} INFO - Setting next_dagrun for dataset_s3_bucket_consumer to None, run_after=None
[2026-08-12T04:37:05.543+0000] {logging_mixin.py:190} INFO - [2026-08-12T04:37:05.543+0000] {dag.py:4138} INFO - Setting next_dagrun for dataset_s3_bucket_producer to None, run_after=None
[2026-08-12T04:37:05.579+0000] {processor.py:208} INFO - Processing /home/airflow/.local/lib/python3.12/site-packages/airflow/example_dags/example_dataset_alias.py took 0.273 seconds
[2026-08-12T04:37:36.065+0000] {processor.py:186} INFO - Started process (PID=655) to work on /home/airflow/.local/lib/python3.12/site-packages/airflow/example_dags/example_dataset_alias.py
[2026-08-12T04:37:36.068+0000] {processor.py:914} INFO - Processing file /home/airflow/.local/lib/python3.12/site-packages/airflow/example_dags/example_dataset_alias.py for tasks to queue
[2026-08-12T04:37:36.073+0000] {logging_mixin.py:190} INFO - [2026-08-12T04:37:36.073+0000] {dagbag.py:587} INFO - Filling up the DagBag from /home/airflow/.local/lib/python3.12/site-packages/airflow/example_dags/example_dataset_alias.py
[2026-08-12T04:37:36.230+0000] {processor.py:925} INFO - DAG(s) 'dataset_alias_example_alias_consumer', 'dataset_s3_bucket_producer', 'dataset_alias_example_alias_producer', 'dataset_s3_bucket_consumer' retrieved from /home/airflow/.local/lib/python3.12/site-packages/airflow/example_dags/example_dataset_alias.py
[2026-08-12T04:37:36.251+0000] {logging_mixin.py:190} INFO - [2026-08-12T04:37:36.251+0000] {dag.py:3211} INFO - Sync 4 DAGs
[2026-08-12T04:37:36.272+0000] {logging_mixin.py:190} INFO - [2026-08-12T04:37:36.272+0000] {dag.py:4138} INFO - Setting next_dagrun for dataset_alias_example_alias_consumer to None, run_after=None
[2026-08-12T04:37:36.279+0000] {logging_mixin.py:190} INFO - [2026-08-12T04:37:36.278+0000] {dag.py:4138} INFO - Setting next_dagrun for dataset_alias_example_alias_producer to None, run_after=None
[2026-08-12T04:37:36.282+0000] {logging_mixin.py:190} INFO - [2026-08-12T04:37:36.282+0000] {dag.py:4138} INFO - Setting next_dagrun for dataset_s3_bucket_consumer to None, run_after=None
[2026-08-12T04:37:36.285+0000] {logging_mixin.py:190} INFO - [2026-08-12T04:37:36.284+0000] {dag.py:4138} INFO - Setting next_dagrun for dataset_s3_bucket_producer to None, run_after=None
[2026-08-12T04:37:36.308+0000] {processor.py:208} INFO - Processing /home/airflow/.local/lib/python3.12/site-packages/airflow/example_dags/example_dataset_alias.py took 0.248 seconds
[2026-08-12T04:38:06.736+0000] {processor.py:186} INFO - Started process (PID=719) to work on /home/airflow/.local/lib/python3.12/site-packages/airflow/example_dags/example_dataset_alias.py
[2026-08-12T04:38:06.738+0000] {processor.py:914} INFO - Processing file /home/airflow/.local/lib/python3.12/site-packages/airflow/example_dags/example_dataset_alias.py for tasks to queue
[2026-08-12T04:38:06.745+0000] {logging_mixin.py:190} INFO - [2026-08-12T04:38:06.745+0000] {dagbag.py:587} INFO - Filling up the DagBag from /home/airflow/.local/lib/python3.12/site-packages/airflow/example_dags/example_dataset_alias.py
[2026-08-12T04:38:06.905+0000] {processor.py:925} INFO - DAG(s) 'dataset_alias_example_alias_consumer', 'dataset_s3_bucket_consumer', 'dataset_s3_bucket_producer', 'dataset_alias_example_alias_producer' retrieved from /home/airflow/.local/lib/python3.12/site-packages/airflow/example_dags/example_dataset_alias.py
[2026-08-12T04:38:06.932+0000] {logging_mixin.py:190} INFO - [2026-08-12T04:38:06.931+0000] {dag.py:3211} INFO - Sync 4 DAGs
[2026-08-12T04:38:06.958+0000] {logging_mixin.py:190} INFO - [2026-08-12T04:38:06.958+0000] {dag.py:4138} INFO - Setting next_dagrun for dataset_alias_example_alias_consumer to None, run_after=None
[2026-08-12T04:38:06.963+0000] {logging_mixin.py:190} INFO - [2026-08-12T04:38:06.963+0000] {dag.py:4138} INFO - Setting next_dagrun for dataset_alias_example_alias_producer to None, run_after=None
[2026-08-12T04:38:06.967+0000] {logging_mixin.py:190} INFO - [2026-08-12T04:38:06.967+0000] {dag.py:4138} INFO - Setting next_dagrun for dataset_s3_bucket_consumer to None, run_after=None
[2026-08-12T04:38:06.970+0000] {logging_mixin.py:190} INFO - [2026-08-12T04:38:06.970+0000] {dag.py:4138} INFO - Setting next_dagrun for dataset_s3_bucket_producer to None, run_after=None
[2026-08-12T04:38:07.000+0000] {processor.py:208} INFO - Processing /home/airflow/.local/lib/python3.12/site-packages/airflow/example_dags/example_dataset_alias.py took 0.271 seconds
[2026-08-12T04:38:37.132+0000] {processor.py:186} INFO - Started process (PID=781) to work on /home/airflow/.local/lib/python3.12/site-packages/airflow/example_dags/example_dataset_alias.py
[2026-08-12T04:38:37.135+0000] {processor.py:914} INFO - Processing file /home/airflow/.local/lib/python3.12/site-packages/airflow/example_dags/example_dataset_alias.py for tasks to queue
[2026-08-12T04:38:37.140+0000] {logging_mixin.py:190} INFO - [2026-08-12T04:38:37.140+0000] {dagbag.py:587} INFO - Filling up the DagBag from /home/airflow/.local/lib/python3.12/site-packages/airflow/example_dags/example_dataset_alias.py
[2026-08-12T04:38:37.311+0000] {processor.py:925} INFO - DAG(s) 'dataset_alias_example_alias_producer', 'dataset_s3_bucket_producer', 'dataset_alias_example_alias_consumer', 'dataset_s3_bucket_consumer' retrieved from /home/airflow/.local/lib/python3.12/site-packages/airflow/example_dags/example_dataset_alias.py
[2026-08-12T04:38:37.341+0000] {logging_mixin.py:190} INFO - [2026-08-12T04:38:37.341+0000] {dag.py:3211} INFO - Sync 4 DAGs
[2026-08-12T04:38:37.366+0000] {logging_mixin.py:190} INFO - [2026-08-12T04:38:37.365+0000] {dag.py:4138} INFO - Setting next_dagrun for dataset_alias_example_alias_consumer to None, run_after=None
[2026-08-12T04:38:37.370+0000] {logging_mixin.py:190} INFO - [2026-08-12T04:38:37.370+0000] {dag.py:4138} INFO - Setting next_dagrun for dataset_alias_example_alias_producer to None, run_after=None
[2026-08-12T04:38:37.373+0000] {logging_mixin.py:190} INFO - [2026-08-12T04:38:37.373+0000] {dag.py:4138} INFO - Setting next_dagrun for dataset_s3_bucket_consumer to None, run_after=None
[2026-08-12T04:38:37.377+0000] {logging_mixin.py:190} INFO - [2026-08-12T04:38:37.377+0000] {dag.py:4138} INFO - Setting next_dagrun for dataset_s3_bucket_producer to None, run_after=None
[2026-08-12T04:38:37.407+0000] {processor.py:208} INFO - Processing /home/airflow/.local/lib/python3.12/site-packages/airflow/example_dags/example_dataset_alias.py took 0.284 seconds
[2026-08-12T04:39:07.529+0000] {processor.py:186} INFO - Started process (PID=844) to work on /home/airflow/.local/lib/python3.12/site-packages/airflow/example_dags/example_dataset_alias.py
[2026-08-12T04:39:07.532+0000] {processor.py:914} INFO - Processing file /home/airflow/.local/lib/python3.12/site-packages/airflow/example_dags/example_dataset_alias.py for tasks to queue
[2026-08-12T04:39:07.535+0000] {logging_mixin.py:190} INFO - [2026-08-12T04:39:07.535+0000] {dagbag.py:587} INFO - Filling up the DagBag from /home/airflow/.local/lib/python3.12/site-packages/airflow/example_dags/example_dataset_alias.py
[2026-08-12T04:39:07.677+0000] {processor.py:925} INFO - DAG(s) 'dataset_alias_example_alias_producer', 'dataset_s3_bucket_producer', 'dataset_s3_bucket_consumer', 'dataset_alias_example_alias_consumer' retrieved from /home/airflow/.local/lib/python3.12/site-packages/airflow/example_dags/example_dataset_alias.py
[2026-08-12T04:39:07.707+0000] {logging_mixin.py:190} INFO - [2026-08-12T04:39:07.706+0000] {dag.py:3211} INFO - Sync 4 DAGs
[2026-08-12T04:39:07.730+0000] {logging_mixin.py:190} INFO - [2026-08-12T04:39:07.730+0000] {dag.py:4138} INFO - Setting next_dagrun for dataset_alias_example_alias_consumer to None, run_after=None
[2026-08-12T04:39:07.734+0000] {logging_mixin.py:190} INFO - [2026-08-12T04:39:07.734+0000] {dag.py:4138} INFO - Setting next_dagrun for dataset_alias_example_alias_producer to None, run_after=None
[2026-08-12T04:39:07.737+0000] {logging_mixin.py:190} INFO - [2026-08-12T04:39:07.737+0000] {dag.py:4138} INFO - Setting next_dagrun for dataset_s3_bucket_consumer to None, run_after=None
[2026-08-12T04:39:07.740+0000] {logging_mixin.py:190} INFO - [2026-08-12T04:39:07.739+0000] {dag.py:4138} INFO - Setting next_dagrun for dataset_s3_bucket_producer to None, run_after=None
[2026-08-12T04:39:07.763+0000] {processor.py:208} INFO - Processing /home/airflow/.local/lib/python3.12/site-packages/airflow/example_dags/example_dataset_alias.py took 0.239 seconds
[2026-08-12T04:39:38.143+0000] {processor.py:186} INFO - Started process (PID=902) to work on /home/airflow/.local/lib/python3.12/site-packages/airflow/example_dags/example_dataset_alias.py
[2026-08-12T04:39:38.145+0000] {processor.py:914} INFO - Processing file /home/airflow/.local/lib/python3.12/site-packages/airflow/example_dags/example_dataset_alias.py for tasks to queue
[2026-08-12T04:39:38.151+0000] {logging_mixin.py:190} INFO - [2026-08-12T04:39:38.151+0000] {dagbag.py:587} INFO - Filling up the DagBag from /home/airflow/.local/lib/python3.12/site-packages/airflow/example_dags/example_dataset_alias.py
[2026-08-12T04:39:38.322+0000] {processor.py:925} INFO - DAG(s) 'dataset_s3_bucket_consumer', 'dataset_s3_bucket_producer', 'dataset_alias_example_alias_consumer', 'dataset_alias_example_alias_producer' retrieved from /home/airflow/.local/lib/python3.12/site-packages/airflow/example_dags/example_dataset_alias.py
[2026-08-12T04:39:38.349+0000] {logging_mixin.py:190} INFO - [2026-08-12T04:39:38.349+0000] {dag.py:3211} INFO - Sync 4 DAGs
[2026-08-12T04:39:38.373+0000] {logging_mixin.py:190} INFO - [2026-08-12T04:39:38.373+0000] {dag.py:4138} INFO - Setting next_dagrun for dataset_alias_example_alias_consumer to None, run_after=None
[2026-08-12T04:39:38.377+0000] {logging_mixin.py:190} INFO - [2026-08-12T04:39:38.377+0000] {dag.py:4138} INFO - Setting next_dagrun for dataset_alias_example_alias_producer to None, run_after=None
[2026-08-12T04:39:38.380+0000] {logging_mixin.py:190} INFO - [2026-08-12T04:39:38.380+0000] {dag.py:4138} INFO - Setting next_dagrun for dataset_s3_bucket_consumer to None, run_after=None
[2026-08-12T04:39:38.383+0000] {logging_mixin.py:190} INFO - [2026-08-12T04:39:38.383+0000] {dag.py:4138} INFO - Setting next_dagrun for dataset_s3_bucket_producer to None, run_after=None
[2026-08-12T04:39:38.409+0000] {processor.py:208} INFO - Processing /home/airflow/.local/lib/python3.12/site-packages/airflow/example_dags/example_dataset_alias.py took 0.272 seconds
[2026-08-12T04:40:08.772+0000] {processor.py:186} INFO - Started process (PID=964) to work on /home/airflow/.local/lib/python3.12/site-packages/airflow/example_dags/example_dataset_alias.py
[2026-08-12T04:40:08.776+0000] {processor.py:914} INFO - Processing file /home/airflow/.local/lib/python3.12/site-packages/airflow/example_dags/example_dataset_alias.py for tasks to queue
[2026-08-12T04:40:08.781+0000] {logging_mixin.py:190} INFO - [2026-08-12T04:40:08.780+0000] {dagbag.py:587} INFO - Filling up the DagBag from /home/airflow/.local/lib/python3.12/site-packages/airflow/example_dags/example_dataset_alias.py
[2026-08-12T04:40:08.937+0000] {processor.py:925} INFO - DAG(s) 'dataset_s3_bucket_consumer', 'dataset_alias_example_alias_producer', 'dataset_s3_bucket_producer', 'dataset_alias_example_alias_consumer' retrieved from /home/airflow/.local/lib/python3.12/site-packages/airflow/example_dags/example_dataset_alias.py
[2026-08-12T04:40:08.961+0000] {logging_mixin.py:190} INFO - [2026-08-12T04:40:08.961+0000] {dag.py:3211} INFO - Sync 4 DAGs
[2026-08-12T04:40:08.986+0000] {logging_mixin.py:190} INFO - [2026-08-12T04:40:08.985+0000] {dag.py:4138} INFO - Setting next_dagrun for dataset_alias_example_alias_consumer to None, run_after=None
[2026-08-12T04:40:08.991+0000] {logging_mixin.py:190} INFO - [2026-08-12T04:40:08.991+0000] {dag.py:4138} INFO - Setting next_dagrun for dataset_alias_example_alias_producer to None, run_after=None
[2026-08-12T04:40:08.994+0000] {logging_mixin.py:190} INFO - [2026-08-12T04:40:08.994+0000] {dag.py:4138} INFO - Setting next_dagrun for dataset_s3_bucket_consumer to None, run_after=None
[2026-08-12T04:40:08.996+0000] {logging_mixin.py:190} INFO - [2026-08-12T04:40:08.996+0000] {dag.py:4138} INFO - Setting next_dagrun for dataset_s3_bucket_producer to None, run_after=None
[2026-08-12T04:40:09.023+0000] {processor.py:208} INFO - Processing /home/airflow/.local/lib/python3.12/site-packages/airflow/example_dags/example_dataset_alias.py took 0.256 seconds
[2026-08-12T04:40:39.170+0000] {processor.py:186} INFO - Started process (PID=1026) to work on /home/airflow/.local/lib/python3.12/site-packages/airflow/example_dags/example_dataset_alias.py
[2026-08-12T04:40:39.175+0000] {processor.py:914} INFO - Processing file /home/airflow/.local/lib/python3.12/site-packages/airflow/example_dags/example_dataset_alias.py for tasks to queue
[2026-08-12T04:40:39.182+0000] {logging_mixin.py:190} INFO - [2026-08-12T04:40:39.181+0000] {dagbag.py:587} INFO - Filling up the DagBag from /home/airflow/.local/lib/python3.12/site-packages/airflow/example_dags/example_dataset_alias.py
[2026-08-12T04:40:39.337+0000] {processor.py:925} INFO - DAG(s) 'dataset_alias_example_alias_consumer', 'dataset_alias_example_alias_producer', 'dataset_s3_bucket_producer', 'dataset_s3_bucket_consumer' retrieved from /home/airflow/.local/lib/python3.12/site-packages/airflow/example_dags/example_dataset_alias.py
[2026-08-12T04:40:39.363+0000] {logging_mixin.py:190} INFO - [2026-08-12T04:40:39.362+0000] {dag.py:3211} INFO - Sync 4 DAGs
[2026-08-12T04:40:39.388+0000] {logging_mixin.py:190} INFO - [2026-08-12T04:40:39.388+0000] {dag.py:4138} INFO - Setting next_dagrun for dataset_alias_example_alias_consumer to None, run_after=None
[2026-08-12T04:40:39.393+0000] {logging_mixin.py:190} INFO - [2026-08-12T04:40:39.393+0000] {dag.py:4138} INFO - Setting next_dagrun for dataset_alias_example_alias_producer to None, run_after=None
[2026-08-12T04:40:39.396+0000] {logging_mixin.py:190} INFO - [2026-08-12T04:40:39.396+0000] {dag.py:4138} INFO - Setting next_dagrun for dataset_s3_bucket_consumer to None, run_after=None
[2026-08-12T04:40:39.399+0000] {logging_mixin.py:190} INFO - [2026-08-12T04:40:39.399+0000] {dag.py:4138} INFO - Setting next_dagrun for dataset_s3_bucket_producer to None, run_after=None
[2026-08-12T04:40:39.427+0000] {processor.py:208} INFO - Processing /home/airflow/.local/lib/python3.12/site-packages/airflow/example_dags/example_dataset_alias.py took 0.272 seconds
[2026-08-12T04:41:10.470+0000] {processor.py:186} INFO - Started process (PID=1088) to work on /home/airflow/.local/lib/python3.12/site-packages/airflow/example_dags/example_dataset_alias.py
[2026-08-12T04:41:10.473+0000] {processor.py:914} INFO - Processing file /home/airflow/.local/lib/python3.12/site-packages/airflow/example_dags/example_dataset_alias.py for tasks to queue
[2026-08-12T04:41:10.477+0000] {logging_mixin.py:190} INFO - [2026-08-12T04:41:10.477+0000] {dagbag.py:587} INFO - Filling up the DagBag from /home/airflow/.local/lib/python3.12/site-packages/airflow/example_dags/example_dataset_alias.py
[2026-08-12T04:41:10.629+0000] {processor.py:925} INFO - DAG(s) 'dataset_alias_example_alias_consumer', 'dataset_s3_bucket_producer', 'dataset_alias_example_alias_producer', 'dataset_s3_bucket_consumer' retrieved from /home/airflow/.local/lib/python3.12/site-packages/airflow/example_dags/example_dataset_alias.py
[2026-08-12T04:41:10.658+0000] {logging_mixin.py:190} INFO - [2026-08-12T04:41:10.658+0000] {dag.py:3211} INFO - Sync 4 DAGs
[2026-08-12T04:41:10.684+0000] {logging_mixin.py:190} INFO - [2026-08-12T04:41:10.684+0000] {dag.py:4138} INFO - Setting next_dagrun for dataset_alias_example_alias_consumer to None, run_after=None
[2026-08-12T04:41:10.689+0000] {logging_mixin.py:190} INFO - [2026-08-12T04:41:10.688+0000] {dag.py:4138} INFO - Setting next_dagrun for dataset_alias_example_alias_producer to None, run_after=None
[2026-08-12T04:41:10.691+0000] {logging_mixin.py:190} INFO - [2026-08-12T04:41:10.691+0000] {dag.py:4138} INFO - Setting next_dagrun for dataset_s3_bucket_consumer to None, run_after=None
[2026-08-12T04:41:10.698+0000] {logging_mixin.py:190} INFO - [2026-08-12T04:41:10.698+0000] {dag.py:4138} INFO - Setting next_dagrun for dataset_s3_bucket_producer to None, run_after=None
[2026-08-12T04:41:10.726+0000] {processor.py:208} INFO - Processing /home/airflow/.local/lib/python3.12/site-packages/airflow/example_dags/example_dataset_alias.py took 0.263 seconds
[2026-08-12T04:41:40.998+0000] {processor.py:186} INFO - Started process (PID=1150) to work on /home/airflow/.local/lib/python3.12/site-packages/airflow/example_dags/example_dataset_alias.py
[2026-08-12T04:41:41.000+0000] {processor.py:914} INFO - Processing file /home/airflow/.local/lib/python3.12/site-packages/airflow/example_dags/example_dataset_alias.py for tasks to queue
[2026-08-12T04:41:41.005+0000] {logging_mixin.py:190} INFO - [2026-08-12T04:41:41.005+0000] {dagbag.py:587} INFO - Filling up the DagBag from /home/airflow/.local/lib/python3.12/site-packages/airflow/example_dags/example_dataset_alias.py
[2026-08-12T04:41:41.172+0000] {processor.py:925} INFO - DAG(s) 'dataset_alias_example_alias_consumer', 'dataset_s3_bucket_consumer', 'dataset_alias_example_alias_producer', 'dataset_s3_bucket_producer' retrieved from /home/airflow/.local/lib/python3.12/site-packages/airflow/example_dags/example_dataset_alias.py
[2026-08-12T04:41:41.197+0000] {logging_mixin.py:190} INFO - [2026-08-12T04:41:41.196+0000] {dag.py:3211} INFO - Sync 4 DAGs
[2026-08-12T04:41:41.223+0000] {logging_mixin.py:190} INFO - [2026-08-12T04:41:41.223+0000] {dag.py:4138} INFO - Setting next_dagrun for dataset_alias_example_alias_consumer to None, run_after=None
[2026-08-12T04:41:41.228+0000] {logging_mixin.py:190} INFO - [2026-08-12T04:41:41.228+0000] {dag.py:4138} INFO - Setting next_dagrun for dataset_alias_example_alias_producer to None, run_after=None
[2026-08-12T04:41:41.231+0000] {logging_mixin.py:190} INFO - [2026-08-12T04:41:41.231+0000] {dag.py:4138} INFO - Setting next_dagrun for dataset_s3_bucket_consumer to None, run_after=None
[2026-08-12T04:41:41.234+0000] {logging_mixin.py:190} INFO - [2026-08-12T04:41:41.234+0000] {dag.py:4138} INFO - Setting next_dagrun for dataset_s3_bucket_producer to None, run_after=None
[2026-08-12T04:41:41.268+0000] {processor.py:208} INFO - Processing /home/airflow/.local/lib/python3.12/site-packages/airflow/example_dags/example_dataset_alias.py took 0.277 seconds
[2026-08-12T04:42:11.427+0000] {processor.py:186} INFO - Started process (PID=1212) to work on /home/airflow/.local/lib/python3.12/site-packages/airflow/example_dags/example_dataset_alias.py
[2026-08-12T04:42:11.435+0000] {processor.py:914} INFO - Processing file /home/airflow/.local/lib/python3.12/site-packages/airflow/example_dags/example_dataset_alias.py for tasks to queue
[2026-08-12T04:42:11.448+0000] {logging_mixin.py:190} INFO - [2026-08-12T04:42:11.447+0000] {dagbag.py:587} INFO - Filling up the DagBag from /home/airflow/.local/lib/python3.12/site-packages/airflow/example_dags/example_dataset_alias.py
[2026-08-12T04:42:11.632+0000] {processor.py:925} INFO - DAG(s) 'dataset_alias_example_alias_consumer', 'dataset_s3_bucket_consumer', 'dataset_alias_example_alias_producer', 'dataset_s3_bucket_producer' retrieved from /home/airflow/.local/lib/python3.12/site-packages/airflow/example_dags/example_dataset_alias.py
[2026-08-12T04:42:11.660+0000] {logging_mixin.py:190} INFO - [2026-08-12T04:42:11.659+0000] {dag.py:3211} INFO - Sync 4 DAGs
[2026-08-12T04:42:11.688+0000] {logging_mixin.py:190} INFO - [2026-08-12T04:42:11.688+0000] {dag.py:4138} INFO - Setting next_dagrun for dataset_alias_example_alias_consumer to None, run_after=None
[2026-08-12T04:42:11.694+0000] {logging_mixin.py:190} INFO - [2026-08-12T04:42:11.693+0000] {dag.py:4138} INFO - Setting next_dagrun for dataset_alias_example_alias_producer to None, run_after=None
[2026-08-12T04:42:11.700+0000] {logging_mixin.py:190} INFO - [2026-08-12T04:42:11.699+0000] {dag.py:4138} INFO - Setting next_dagrun for dataset_s3_bucket_consumer to None, run_after=None
[2026-08-12T04:42:11.703+0000] {logging_mixin.py:190} INFO - [2026-08-12T04:42:11.703+0000] {dag.py:4138} INFO - Setting next_dagrun for dataset_s3_bucket_producer to None, run_after=None
[2026-08-12T04:42:11.736+0000] {processor.py:208} INFO - Processing /home/airflow/.local/lib/python3.12/site-packages/airflow/example_dags/example_dataset_alias.py took 0.332 seconds
[2026-08-12T04:42:41.996+0000] {processor.py:186} INFO - Started process (PID=1274) to work on /home/airflow/.local/lib/python3.12/site-packages/airflow/example_dags/example_dataset_alias.py
[2026-08-12T04:42:42.000+0000] {processor.py:914} INFO - Processing file /home/airflow/.local/lib/python3.12/site-packages/airflow/example_dags/example_dataset_alias.py for tasks to queue
[2026-08-12T04:42:42.005+0000] {logging_mixin.py:190} INFO - [2026-08-12T04:42:42.004+0000] {dagbag.py:587} INFO - Filling up the DagBag from /home/airflow/.local/lib/python3.12/site-packages/airflow/example_dags/example_dataset_alias.py
[2026-08-12T04:42:42.166+0000] {processor.py:925} INFO - DAG(s) 'dataset_s3_bucket_consumer', 'dataset_s3_bucket_producer', 'dataset_alias_example_alias_consumer', 'dataset_alias_example_alias_producer' retrieved from /home/airflow/.local/lib/python3.12/site-packages/airflow/example_dags/example_dataset_alias.py
[2026-08-12T04:42:42.191+0000] {logging_mixin.py:190} INFO - [2026-08-12T04:42:42.191+0000] {dag.py:3211} INFO - Sync 4 DAGs
[2026-08-12T04:42:42.218+0000] {logging_mixin.py:190} INFO - [2026-08-12T04:42:42.217+0000] {dag.py:4138} INFO - Setting next_dagrun for dataset_alias_example_alias_consumer to None, run_after=None
[2026-08-12T04:42:42.222+0000] {logging_mixin.py:190} INFO - [2026-08-12T04:42:42.222+0000] {dag.py:4138} INFO - Setting next_dagrun for dataset_alias_example_alias_producer to None, run_after=None
[2026-08-12T04:42:42.226+0000] {logging_mixin.py:190} INFO - [2026-08-12T04:42:42.225+0000] {dag.py:4138} INFO - Setting next_dagrun for dataset_s3_bucket_consumer to None, run_after=None
[2026-08-12T04:42:42.229+0000] {logging_mixin.py:190} INFO - [2026-08-12T04:42:42.229+0000] {dag.py:4138} INFO - Setting next_dagrun for dataset_s3_bucket_producer to None, run_after=None
[2026-08-12T04:42:42.260+0000] {processor.py:208} INFO - Processing /home/airflow/.local/lib/python3.12/site-packages/airflow/example_dags/example_dataset_alias.py took 0.272 seconds
[2026-08-12T04:43:12.979+0000] {processor.py:186} INFO - Started process (PID=1336) to work on /home/airflow/.local/lib/python3.12/site-packages/airflow/example_dags/example_dataset_alias.py
[2026-08-12T04:43:12.981+0000] {processor.py:914} INFO - Processing file /home/airflow/.local/lib/python3.12/site-packages/airflow/example_dags/example_dataset_alias.py for tasks to queue
[2026-08-12T04:43:12.987+0000] {logging_mixin.py:190} INFO - [2026-08-12T04:43:12.986+0000] {dagbag.py:587} INFO - Filling up the DagBag from /home/airflow/.local/lib/python3.12/site-packages/airflow/example_dags/example_dataset_alias.py
[2026-08-12T04:43:13.147+0000] {processor.py:925} INFO - DAG(s) 'dataset_s3_bucket_consumer', 'dataset_alias_example_alias_consumer', 'dataset_alias_example_alias_producer', 'dataset_s3_bucket_producer' retrieved from /home/airflow/.local/lib/python3.12/site-packages/airflow/example_dags/example_dataset_alias.py
[2026-08-12T04:43:13.172+0000] {logging_mixin.py:190} INFO - [2026-08-12T04:43:13.172+0000] {dag.py:3211} INFO - Sync 4 DAGs
[2026-08-12T04:43:13.196+0000] {logging_mixin.py:190} INFO - [2026-08-12T04:43:13.196+0000] {dag.py:4138} INFO - Setting next_dagrun for dataset_alias_example_alias_consumer to None, run_after=None
[2026-08-12T04:43:13.200+0000] {logging_mixin.py:190} INFO - [2026-08-12T04:43:13.200+0000] {dag.py:4138} INFO - Setting next_dagrun for dataset_alias_example_alias_producer to None, run_after=None
[2026-08-12T04:43:13.203+0000] {logging_mixin.py:190} INFO - [2026-08-12T04:43:13.203+0000] {dag.py:4138} INFO - Setting next_dagrun for dataset_s3_bucket_consumer to None, run_after=None
[2026-08-12T04:43:13.208+0000] {logging_mixin.py:190} INFO - [2026-08-12T04:43:13.206+0000] {dag.py:4138} INFO - Setting next_dagrun for dataset_s3_bucket_producer to None, run_after=None
[2026-08-12T04:43:13.242+0000] {processor.py:208} INFO - Processing /home/airflow/.local/lib/python3.12/site-packages/airflow/example_dags/example_dataset_alias.py took 0.268 seconds
[2026-08-12T04:43:43.358+0000] {processor.py:186} INFO - Started process (PID=1398) to work on /home/airflow/.local/lib/python3.12/site-packages/airflow/example_dags/example_dataset_alias.py
[2026-08-12T04:43:43.362+0000] {processor.py:914} INFO - Processing file /home/airflow/.local/lib/python3.12/site-packages/airflow/example_dags/example_dataset_alias.py for tasks to queue
[2026-08-12T04:43:43.367+0000] {logging_mixin.py:190} INFO - [2026-08-12T04:43:43.366+0000] {dagbag.py:587} INFO - Filling up the DagBag from /home/airflow/.local/lib/python3.12/site-packages/airflow/example_dags/example_dataset_alias.py
[2026-08-12T04:43:43.579+0000] {processor.py:925} INFO - DAG(s) 'dataset_alias_example_alias_producer', 'dataset_s3_bucket_producer', 'dataset_s3_bucket_consumer', 'dataset_alias_example_alias_consumer' retrieved from /home/airflow/.local/lib/python3.12/site-packages/airflow/example_dags/example_dataset_alias.py
[2026-08-12T04:43:43.611+0000] {logging_mixin.py:190} INFO - [2026-08-12T04:43:43.611+0000] {dag.py:3211} INFO - Sync 4 DAGs
[2026-08-12T04:43:43.634+0000] {logging_mixin.py:190} INFO - [2026-08-12T04:43:43.634+0000] {dag.py:4138} INFO - Setting next_dagrun for dataset_alias_example_alias_consumer to None, run_after=None
[2026-08-12T04:43:43.638+0000] {logging_mixin.py:190} INFO - [2026-08-12T04:43:43.638+0000] {dag.py:4138} INFO - Setting next_dagrun for dataset_alias_example_alias_producer to None, run_after=None
[2026-08-12T04:43:43.641+0000] {logging_mixin.py:190} INFO - [2026-08-12T04:43:43.641+0000] {dag.py:4138} INFO - Setting next_dagrun for dataset_s3_bucket_consumer to None, run_after=None
[2026-08-12T04:43:43.645+0000] {logging_mixin.py:190} INFO - [2026-08-12T04:43:43.644+0000] {dag.py:4138} INFO - Setting next_dagrun for dataset_s3_bucket_producer to None, run_after=None
[2026-08-12T04:43:43.668+0000] {processor.py:208} INFO - Processing /home/airflow/.local/lib/python3.12/site-packages/airflow/example_dags/example_dataset_alias.py took 0.316 seconds
[2026-08-12T04:44:13.839+0000] {processor.py:186} INFO - Started process (PID=1460) to work on /home/airflow/.local/lib/python3.12/site-packages/airflow/example_dags/example_dataset_alias.py
[2026-08-12T04:44:13.842+0000] {processor.py:914} INFO - Processing file /home/airflow/.local/lib/python3.12/site-packages/airflow/example_dags/example_dataset_alias.py for tasks to queue
[2026-08-12T04:44:13.846+0000] {logging_mixin.py:190} INFO - [2026-08-12T04:44:13.846+0000] {dagbag.py:587} INFO - Filling up the DagBag from /home/airflow/.local/lib/python3.12/site-packages/airflow/example_dags/example_dataset_alias.py
[2026-08-12T04:44:14.037+0000] {processor.py:925} INFO - DAG(s) 'dataset_s3_bucket_producer', 'dataset_s3_bucket_consumer', 'dataset_alias_example_alias_consumer', 'dataset_alias_example_alias_producer' retrieved from /home/airflow/.local/lib/python3.12/site-packages/airflow/example_dags/example_dataset_alias.py
[2026-08-12T04:44:14.062+0000] {logging_mixin.py:190} INFO - [2026-08-12T04:44:14.061+0000] {dag.py:3211} INFO - Sync 4 DAGs
[2026-08-12T04:44:14.087+0000] {logging_mixin.py:190} INFO - [2026-08-12T04:44:14.087+0000] {dag.py:4138} INFO - Setting next_dagrun for dataset_alias_example_alias_consumer to None, run_after=None
[2026-08-12T04:44:14.091+0000] {logging_mixin.py:190} INFO - [2026-08-12T04:44:14.091+0000] {dag.py:4138} INFO - Setting next_dagrun for dataset_alias_example_alias_producer to None, run_after=None
[2026-08-12T04:44:14.093+0000] {logging_mixin.py:190} INFO - [2026-08-12T04:44:14.093+0000] {dag.py:4138} INFO - Setting next_dagrun for dataset_s3_bucket_consumer to None, run_after=None
[2026-08-12T04:44:14.096+0000] {logging_mixin.py:190} INFO - [2026-08-12T04:44:14.096+0000] {dag.py:4138} INFO - Setting next_dagrun for dataset_s3_bucket_producer to None, run_after=None
[2026-08-12T04:44:14.138+0000] {processor.py:208} INFO - Processing /home/airflow/.local/lib/python3.12/site-packages/airflow/example_dags/example_dataset_alias.py took 0.306 seconds
[2026-08-12T04:44:44.293+0000] {processor.py:186} INFO - Started process (PID=1522) to work on /home/airflow/.local/lib/python3.12/site-packages/airflow/example_dags/example_dataset_alias.py
[2026-08-12T04:44:44.295+0000] {processor.py:914} INFO - Processing file /home/airflow/.local/lib/python3.12/site-packages/airflow/example_dags/example_dataset_alias.py for tasks to queue
[2026-08-12T04:44:44.300+0000] {logging_mixin.py:190} INFO - [2026-08-12T04:44:44.299+0000] {dagbag.py:587} INFO - Filling up the DagBag from /home/airflow/.local/lib/python3.12/site-packages/airflow/example_dags/example_dataset_alias.py
[2026-08-12T04:44:44.465+0000] {processor.py:925} INFO - DAG(s) 'dataset_alias_example_alias_producer', 'dataset_s3_bucket_producer', 'dataset_s3_bucket_consumer', 'dataset_alias_example_alias_consumer' retrieved from /home/airflow/.local/lib/python3.12/site-packages/airflow/example_dags/example_dataset_alias.py
[2026-08-12T04:44:44.491+0000] {logging_mixin.py:190} INFO - [2026-08-12T04:44:44.491+0000] {dag.py:3211} INFO - Sync 4 DAGs
[2026-08-12T04:44:44.518+0000] {logging_mixin.py:190} INFO - [2026-08-12T04:44:44.517+0000] {dag.py:4138} INFO - Setting next_dagrun for dataset_alias_example_alias_consumer to None, run_after=None
[2026-08-12T04:44:44.522+0000] {logging_mixin.py:190} INFO - [2026-08-12T04:44:44.522+0000] {dag.py:4138} INFO - Setting next_dagrun for dataset_alias_example_alias_producer to None, run_after=None
[2026-08-12T04:44:44.526+0000] {logging_mixin.py:190} INFO - [2026-08-12T04:44:44.525+0000] {dag.py:4138} INFO - Setting next_dagrun for dataset_s3_bucket_consumer to None, run_after=None
[2026-08-12T04:44:44.529+0000] {logging_mixin.py:190} INFO - [2026-08-12T04:44:44.528+0000] {dag.py:4138} INFO - Setting next_dagrun for dataset_s3_bucket_producer to None, run_after=None
[2026-08-12T04:44:44.553+0000] {processor.py:208} INFO - Processing /home/airflow/.local/lib/python3.12/site-packages/airflow/example_dags/example_dataset_alias.py took 0.267 seconds
[2026-08-12T04:45:14.760+0000] {processor.py:186} INFO - Started process (PID=1584) to work on /home/airflow/.local/lib/python3.12/site-packages/airflow/example_dags/example_dataset_alias.py
[2026-08-12T04:45:14.764+0000] {processor.py:914} INFO - Processing file /home/airflow/.local/lib/python3.12/site-packages/airflow/example_dags/example_dataset_alias.py for tasks to queue
[2026-08-12T04:45:14.770+0000] {logging_mixin.py:190} INFO - [2026-08-12T04:45:14.769+0000] {dagbag.py:587} INFO - Filling up the DagBag from /home/airflow/.local/lib/python3.12/site-packages/airflow/example_dags/example_dataset_alias.py
[2026-08-12T04:45:14.949+0000] {processor.py:925} INFO - DAG(s) 'dataset_s3_bucket_producer', 'dataset_alias_example_alias_producer', 'dataset_alias_example_alias_consumer', 'dataset_s3_bucket_consumer' retrieved from /home/airflow/.local/lib/python3.12/site-packages/airflow/example_dags/example_dataset_alias.py
[2026-08-12T04:45:14.972+0000] {logging_mixin.py:190} INFO - [2026-08-12T04:45:14.972+0000] {dag.py:3211} INFO - Sync 4 DAGs
[2026-08-12T04:45:14.995+0000] {logging_mixin.py:190} INFO - [2026-08-12T04:45:14.994+0000] {dag.py:4138} INFO - Setting next_dagrun for dataset_alias_example_alias_consumer to None, run_after=None
[2026-08-12T04:45:15.000+0000] {logging_mixin.py:190} INFO - [2026-08-12T04:45:15.000+0000] {dag.py:4138} INFO - Setting next_dagrun for dataset_alias_example_alias_producer to None, run_after=None
[2026-08-12T04:45:15.003+0000] {logging_mixin.py:190} INFO - [2026-08-12T04:45:15.003+0000] {dag.py:4138} INFO - Setting next_dagrun for dataset_s3_bucket_consumer to None, run_after=None
[2026-08-12T04:45:15.005+0000] {logging_mixin.py:190} INFO - [2026-08-12T04:45:15.005+0000] {dag.py:4138} INFO - Setting next_dagrun for dataset_s3_bucket_producer to None, run_after=None
[2026-08-12T04:45:15.033+0000] {processor.py:208} INFO - Processing /home/airflow/.local/lib/python3.12/site-packages/airflow/example_dags/example_dataset_alias.py took 0.285 seconds
[2026-08-12T04:45:45.162+0000] {processor.py:186} INFO - Started process (PID=1645) to work on /home/airflow/.local/lib/python3.12/site-packages/airflow/example_dags/example_dataset_alias.py
[2026-08-12T04:45:45.165+0000] {processor.py:914} INFO - Processing file /home/airflow/.local/lib/python3.12/site-packages/airflow/example_dags/example_dataset_alias.py for tasks to queue
[2026-08-12T04:45:45.172+0000] {logging_mixin.py:190} INFO - [2026-08-12T04:45:45.172+0000] {dagbag.py:587} INFO - Filling up the DagBag from /home/airflow/.local/lib/python3.12/site-packages/airflow/example_dags/example_dataset_alias.py
[2026-08-12T04:45:45.352+0000] {processor.py:925} INFO - DAG(s) 'dataset_s3_bucket_producer', 'dataset_alias_example_alias_consumer', 'dataset_s3_bucket_consumer', 'dataset_alias_example_alias_producer' retrieved from /home/airflow/.local/lib/python3.12/site-packages/airflow/example_dags/example_dataset_alias.py
[2026-08-12T04:45:45.382+0000] {logging_mixin.py:190} INFO - [2026-08-12T04:45:45.381+0000] {dag.py:3211} INFO - Sync 4 DAGs
[2026-08-12T04:45:45.414+0000] {logging_mixin.py:190} INFO - [2026-08-12T04:45:45.413+0000] {dag.py:4138} INFO - Setting next_dagrun for dataset_alias_example_alias_consumer to None, run_after=None
[2026-08-12T04:45:45.419+0000] {logging_mixin.py:190} INFO - [2026-08-12T04:45:45.418+0000] {dag.py:4138} INFO - Setting next_dagrun for dataset_alias_example_alias_producer to None, run_after=None
[2026-08-12T04:45:45.422+0000] {logging_mixin.py:190} INFO - [2026-08-12T04:45:45.422+0000] {dag.py:4138} INFO - Setting next_dagrun for dataset_s3_bucket_consumer to None, run_after=None
[2026-08-12T04:45:45.426+0000] {logging_mixin.py:190} INFO - [2026-08-12T04:45:45.425+0000] {dag.py:4138} INFO - Setting next_dagrun for dataset_s3_bucket_producer to None, run_after=None
[2026-08-12T04:45:45.462+0000] {processor.py:208} INFO - Processing /home/airflow/.local/lib/python3.12/site-packages/airflow/example_dags/example_dataset_alias.py took 0.308 seconds
[2026-08-12T04:46:15.601+0000] {processor.py:186} INFO - Started process (PID=1707) to work on /home/airflow/.local/lib/python3.12/site-packages/airflow/example_dags/example_dataset_alias.py
[2026-08-12T04:46:15.604+0000] {processor.py:914} INFO - Processing file /home/airflow/.local/lib/python3.12/site-packages/airflow/example_dags/example_dataset_alias.py for tasks to queue
[2026-08-12T04:46:15.614+0000] {logging_mixin.py:190} INFO - [2026-08-12T04:46:15.613+0000] {dagbag.py:587} INFO - Filling up the DagBag from /home/airflow/.local/lib/python3.12/site-packages/airflow/example_dags/example_dataset_alias.py
[2026-08-12T04:46:15.808+0000] {processor.py:925} INFO - DAG(s) 'dataset_alias_example_alias_producer', 'dataset_alias_example_alias_consumer', 'dataset_s3_bucket_producer', 'dataset_s3_bucket_consumer' retrieved from /home/airflow/.local/lib/python3.12/site-packages/airflow/example_dags/example_dataset_alias.py
[2026-08-12T04:46:15.849+0000] {logging_mixin.py:190} INFO - [2026-08-12T04:46:15.849+0000] {dag.py:3211} INFO - Sync 4 DAGs
[2026-08-12T04:46:15.882+0000] {logging_mixin.py:190} INFO - [2026-08-12T04:46:15.882+0000] {dag.py:4138} INFO - Setting next_dagrun for dataset_alias_example_alias_consumer to None, run_after=None
[2026-08-12T04:46:15.887+0000] {logging_mixin.py:190} INFO - [2026-08-12T04:46:15.887+0000] {dag.py:4138} INFO - Setting next_dagrun for dataset_alias_example_alias_producer to None, run_after=None
[2026-08-12T04:46:15.891+0000] {logging_mixin.py:190} INFO - [2026-08-12T04:46:15.891+0000] {dag.py:4138} INFO - Setting next_dagrun for dataset_s3_bucket_consumer to None, run_after=None
[2026-08-12T04:46:15.894+0000] {logging_mixin.py:190} INFO - [2026-08-12T04:46:15.893+0000] {dag.py:4138} INFO - Setting next_dagrun for dataset_s3_bucket_producer to None, run_after=None
[2026-08-12T04:46:15.921+0000] {processor.py:208} INFO - Processing /home/airflow/.local/lib/python3.12/site-packages/airflow/example_dags/example_dataset_alias.py took 0.332 seconds
[2026-08-12T04:46:46.428+0000] {processor.py:186} INFO - Started process (PID=1770) to work on /home/airflow/.local/lib/python3.12/site-packages/airflow/example_dags/example_dataset_alias.py
[2026-08-12T04:46:46.431+0000] {processor.py:914} INFO - Processing file /home/airflow/.local/lib/python3.12/site-packages/airflow/example_dags/example_dataset_alias.py for tasks to queue
[2026-08-12T04:46:46.437+0000] {logging_mixin.py:190} INFO - [2026-08-12T04:46:46.437+0000] {dagbag.py:587} INFO - Filling up the DagBag from /home/airflow/.local/lib/python3.12/site-packages/airflow/example_dags/example_dataset_alias.py
[2026-08-12T04:46:46.591+0000] {processor.py:925} INFO - DAG(s) 'dataset_alias_example_alias_producer', 'dataset_s3_bucket_consumer', 'dataset_alias_example_alias_consumer', 'dataset_s3_bucket_producer' retrieved from /home/airflow/.local/lib/python3.12/site-packages/airflow/example_dags/example_dataset_alias.py
[2026-08-12T04:46:46.613+0000] {logging_mixin.py:190} INFO - [2026-08-12T04:46:46.613+0000] {dag.py:3211} INFO - Sync 4 DAGs
[2026-08-12T04:46:46.639+0000] {logging_mixin.py:190} INFO - [2026-08-12T04:46:46.638+0000] {dag.py:4138} INFO - Setting next_dagrun for dataset_alias_example_alias_consumer to None, run_after=None
[2026-08-12T04:46:46.643+0000] {logging_mixin.py:190} INFO - [2026-08-12T04:46:46.643+0000] {dag.py:4138} INFO - Setting next_dagrun for dataset_alias_example_alias_producer to None, run_after=None
[2026-08-12T04:46:46.646+0000] {logging_mixin.py:190} INFO - [2026-08-12T04:46:46.646+0000] {dag.py:4138} INFO - Setting next_dagrun for dataset_s3_bucket_consumer to None, run_after=None
[2026-08-12T04:46:46.649+0000] {logging_mixin.py:190} INFO - [2026-08-12T04:46:46.649+0000] {dag.py:4138} INFO - Setting next_dagrun for dataset_s3_bucket_producer to None, run_after=None
[2026-08-12T04:46:46.679+0000] {processor.py:208} INFO - Processing /home/airflow/.local/lib/python3.12/site-packages/airflow/example_dags/example_dataset_alias.py took 0.256 seconds
[2026-08-12T04:47:17.067+0000] {processor.py:186} INFO - Started process (PID=1833) to work on /home/airflow/.local/lib/python3.12/site-packages/airflow/example_dags/example_dataset_alias.py
[2026-08-12T04:47:17.070+0000] {processor.py:914} INFO - Processing file /home/airflow/.local/lib/python3.12/site-packages/airflow/example_dags/example_dataset_alias.py for tasks to queue
[2026-08-12T04:47:17.076+0000] {logging_mixin.py:190} INFO - [2026-08-12T04:47:17.075+0000] {dagbag.py:587} INFO - Filling up the DagBag from /home/airflow/.local/lib/python3.12/site-packages/airflow/example_dags/example_dataset_alias.py
[2026-08-12T04:47:17.240+0000] {processor.py:925} INFO - DAG(s) 'dataset_alias_example_alias_consumer', 'dataset_alias_example_alias_producer', 'dataset_s3_bucket_consumer', 'dataset_s3_bucket_producer' retrieved from /home/airflow/.local/lib/python3.12/site-packages/airflow/example_dags/example_dataset_alias.py
[2026-08-12T04:47:17.263+0000] {logging_mixin.py:190} INFO - [2026-08-12T04:47:17.263+0000] {dag.py:3211} INFO - Sync 4 DAGs
[2026-08-12T04:47:17.287+0000] {logging_mixin.py:190} INFO - [2026-08-12T04:47:17.287+0000] {dag.py:4138} INFO - Setting next_dagrun for dataset_alias_example_alias_consumer to None, run_after=None
[2026-08-12T04:47:17.292+0000] {logging_mixin.py:190} INFO - [2026-08-12T04:47:17.292+0000] {dag.py:4138} INFO - Setting next_dagrun for dataset_alias_example_alias_producer to None, run_after=None
[2026-08-12T04:47:17.295+0000] {logging_mixin.py:190} INFO - [2026-08-12T04:47:17.295+0000] {dag.py:4138} INFO - Setting next_dagrun for dataset_s3_bucket_consumer to None, run_after=None
[2026-08-12T04:47:17.298+0000] {logging_mixin.py:190} INFO - [2026-08-12T04:47:17.298+0000] {dag.py:4138} INFO - Setting next_dagrun for dataset_s3_bucket_producer to None, run_after=None
[2026-08-12T04:47:17.331+0000] {processor.py:208} INFO - Processing /home/airflow/.local/lib/python3.12/site-packages/airflow/example_dags/example_dataset_alias.py took 0.270 seconds
[2026-08-12T04:47:47.647+0000] {processor.py:186} INFO - Started process (PID=1895) to work on /home/airflow/.local/lib/python3.12/site-packages/airflow/example_dags/example_dataset_alias.py
[2026-08-12T04:47:47.650+0000] {processor.py:914} INFO - Processing file /home/airflow/.local/lib/python3.12/site-packages/airflow/example_dags/example_dataset_alias.py for tasks to queue
[2026-08-12T04:47:47.657+0000] {logging_mixin.py:190} INFO - [2026-08-12T04:47:47.656+0000] {dagbag.py:587} INFO - Filling up the DagBag from /home/airflow/.local/lib/python3.12/site-packages/airflow/example_dags/example_dataset_alias.py
[2026-08-12T04:47:47.813+0000] {processor.py:925} INFO - DAG(s) 'dataset_alias_example_alias_consumer', 'dataset_alias_example_alias_producer', 'dataset_s3_bucket_consumer', 'dataset_s3_bucket_producer' retrieved from /home/airflow/.local/lib/python3.12/site-packages/airflow/example_dags/example_dataset_alias.py
[2026-08-12T04:47:47.842+0000] {logging_mixin.py:190} INFO - [2026-08-12T04:47:47.841+0000] {dag.py:3211} INFO - Sync 4 DAGs
[2026-08-12T04:47:47.866+0000] {logging_mixin.py:190} INFO - [2026-08-12T04:47:47.865+0000] {dag.py:4138} INFO - Setting next_dagrun for dataset_alias_example_alias_consumer to None, run_after=None
[2026-08-12T04:47:47.870+0000] {logging_mixin.py:190} INFO - [2026-08-12T04:47:47.870+0000] {dag.py:4138} INFO - Setting next_dagrun for dataset_alias_example_alias_producer to None, run_after=None
[2026-08-12T04:47:47.873+0000] {logging_mixin.py:190} INFO - [2026-08-12T04:47:47.873+0000] {dag.py:4138} INFO - Setting next_dagrun for dataset_s3_bucket_consumer to None, run_after=None
[2026-08-12T04:47:47.878+0000] {logging_mixin.py:190} INFO - [2026-08-12T04:47:47.877+0000] {dag.py:4138} INFO - Setting next_dagrun for dataset_s3_bucket_producer to None, run_after=None
[2026-08-12T04:47:47.905+0000] {processor.py:208} INFO - Processing /home/airflow/.local/lib/python3.12/site-packages/airflow/example_dags/example_dataset_alias.py took 0.270 seconds
[2026-08-12T04:48:18.174+0000] {processor.py:186} INFO - Started process (PID=1957) to work on /home/airflow/.local/lib/python3.12/site-packages/airflow/example_dags/example_dataset_alias.py
[2026-08-12T04:48:18.177+0000] {processor.py:914} INFO - Processing file /home/airflow/.local/lib/python3.12/site-packages/airflow/example_dags/example_dataset_alias.py for tasks to queue
[2026-08-12T04:48:18.183+0000] {logging_mixin.py:190} INFO - [2026-08-12T04:48:18.182+0000] {dagbag.py:587} INFO - Filling up the DagBag from /home/airflow/.local/lib/python3.12/site-packages/airflow/example_dags/example_dataset_alias.py
[2026-08-12T04:48:18.341+0000] {processor.py:925} INFO - DAG(s) 'dataset_s3_bucket_consumer', 'dataset_alias_example_alias_producer', 'dataset_s3_bucket_producer', 'dataset_alias_example_alias_consumer' retrieved from /home/airflow/.local/lib/python3.12/site-packages/airflow/example_dags/example_dataset_alias.py
[2026-08-12T04:48:18.367+0000] {logging_mixin.py:190} INFO - [2026-08-12T04:48:18.366+0000] {dag.py:3211} INFO - Sync 4 DAGs
[2026-08-12T04:48:18.391+0000] {logging_mixin.py:190} INFO - [2026-08-12T04:48:18.390+0000] {dag.py:4138} INFO - Setting next_dagrun for dataset_alias_example_alias_consumer to None, run_after=None
[2026-08-12T04:48:18.395+0000] {logging_mixin.py:190} INFO - [2026-08-12T04:48:18.394+0000] {dag.py:4138} INFO - Setting next_dagrun for dataset_alias_example_alias_producer to None, run_after=None
[2026-08-12T04:48:18.398+0000] {logging_mixin.py:190} INFO - [2026-08-12T04:48:18.398+0000] {dag.py:4138} INFO - Setting next_dagrun for dataset_s3_bucket_consumer to None, run_after=None
[2026-08-12T04:48:18.401+0000] {logging_mixin.py:190} INFO - [2026-08-12T04:48:18.400+0000] {dag.py:4138} INFO - Setting next_dagrun for dataset_s3_bucket_producer to None, run_after=None
[2026-08-12T04:48:18.429+0000] {processor.py:208} INFO - Processing /home/airflow/.local/lib/python3.12/site-packages/airflow/example_dags/example_dataset_alias.py took 0.263 seconds
[2026-08-12T04:48:48.541+0000] {processor.py:186} INFO - Started process (PID=2018) to work on /home/airflow/.local/lib/python3.12/site-packages/airflow/example_dags/example_dataset_alias.py
[2026-08-12T04:48:48.543+0000] {processor.py:914} INFO - Processing file /home/airflow/.local/lib/python3.12/site-packages/airflow/example_dags/example_dataset_alias.py for tasks to queue
[2026-08-12T04:48:48.549+0000] {logging_mixin.py:190} INFO - [2026-08-12T04:48:48.549+0000] {dagbag.py:587} INFO - Filling up the DagBag from /home/airflow/.local/lib/python3.12/site-packages/airflow/example_dags/example_dataset_alias.py
[2026-08-12T04:48:48.707+0000] {processor.py:925} INFO - DAG(s) 'dataset_alias_example_alias_producer', 'dataset_s3_bucket_consumer', 'dataset_s3_bucket_producer', 'dataset_alias_example_alias_consumer' retrieved from /home/airflow/.local/lib/python3.12/site-packages/airflow/example_dags/example_dataset_alias.py
[2026-08-12T04:48:48.731+0000] {logging_mixin.py:190} INFO - [2026-08-12T04:48:48.731+0000] {dag.py:3211} INFO - Sync 4 DAGs
[2026-08-12T04:48:48.757+0000] {logging_mixin.py:190} INFO - [2026-08-12T04:48:48.757+0000] {dag.py:4138} INFO - Setting next_dagrun for dataset_alias_example_alias_consumer to None, run_after=None
[2026-08-12T04:48:48.762+0000] {logging_mixin.py:190} INFO - [2026-08-12T04:48:48.762+0000] {dag.py:4138} INFO - Setting next_dagrun for dataset_alias_example_alias_producer to None, run_after=None
[2026-08-12T04:48:48.766+0000] {logging_mixin.py:190} INFO - [2026-08-12T04:48:48.766+0000] {dag.py:4138} INFO - Setting next_dagrun for dataset_s3_bucket_consumer to None, run_after=None
[2026-08-12T04:48:48.770+0000] {logging_mixin.py:190} INFO - [2026-08-12T04:48:48.769+0000] {dag.py:4138} INFO - Setting next_dagrun for dataset_s3_bucket_producer to None, run_after=None
[2026-08-12T04:48:48.793+0000] {processor.py:208} INFO - Processing /home/airflow/.local/lib/python3.12/site-packages/airflow/example_dags/example_dataset_alias.py took 0.258 seconds
[2026-08-12T04:49:19.240+0000] {processor.py:186} INFO - Started process (PID=2081) to work on /home/airflow/.local/lib/python3.12/site-packages/airflow/example_dags/example_dataset_alias.py
[2026-08-12T04:49:19.243+0000] {processor.py:914} INFO - Processing file /home/airflow/.local/lib/python3.12/site-packages/airflow/example_dags/example_dataset_alias.py for tasks to queue
[2026-08-12T04:49:19.247+0000] {logging_mixin.py:190} INFO - [2026-08-12T04:49:19.246+0000] {dagbag.py:587} INFO - Filling up the DagBag from /home/airflow/.local/lib/python3.12/site-packages/airflow/example_dags/example_dataset_alias.py
[2026-08-12T04:49:19.409+0000] {processor.py:925} INFO - DAG(s) 'dataset_alias_example_alias_producer', 'dataset_s3_bucket_producer', 'dataset_alias_example_alias_consumer', 'dataset_s3_bucket_consumer' retrieved from /home/airflow/.local/lib/python3.12/site-packages/airflow/example_dags/example_dataset_alias.py
[2026-08-12T04:49:19.432+0000] {logging_mixin.py:190} INFO - [2026-08-12T04:49:19.431+0000] {dag.py:3211} INFO - Sync 4 DAGs
[2026-08-12T04:49:19.455+0000] {logging_mixin.py:190} INFO - [2026-08-12T04:49:19.455+0000] {dag.py:4138} INFO - Setting next_dagrun for dataset_alias_example_alias_consumer to None, run_after=None
[2026-08-12T04:49:19.461+0000] {logging_mixin.py:190} INFO - [2026-08-12T04:49:19.461+0000] {dag.py:4138} INFO - Setting next_dagrun for dataset_alias_example_alias_producer to None, run_after=None
[2026-08-12T04:49:19.464+0000] {logging_mixin.py:190} INFO - [2026-08-12T04:49:19.464+0000] {dag.py:4138} INFO - Setting next_dagrun for dataset_s3_bucket_consumer to None, run_after=None
[2026-08-12T04:49:19.467+0000] {logging_mixin.py:190} INFO - [2026-08-12T04:49:19.467+0000] {dag.py:4138} INFO - Setting next_dagrun for dataset_s3_bucket_producer to None, run_after=None
[2026-08-12T04:49:19.498+0000] {processor.py:208} INFO - Processing /home/airflow/.local/lib/python3.12/site-packages/airflow/example_dags/example_dataset_alias.py took 0.264 seconds
[2026-08-12T04:49:49.826+0000] {processor.py:186} INFO - Started process (PID=2143) to work on /home/airflow/.local/lib/python3.12/site-packages/airflow/example_dags/example_dataset_alias.py
[2026-08-12T04:49:49.829+0000] {processor.py:914} INFO - Processing file /home/airflow/.local/lib/python3.12/site-packages/airflow/example_dags/example_dataset_alias.py for tasks to queue
[2026-08-12T04:49:49.837+0000] {logging_mixin.py:190} INFO - [2026-08-12T04:49:49.836+0000] {dagbag.py:587} INFO - Filling up the DagBag from /home/airflow/.local/lib/python3.12/site-packages/airflow/example_dags/example_dataset_alias.py
[2026-08-12T04:49:50.006+0000] {processor.py:925} INFO - DAG(s) 'dataset_alias_example_alias_consumer', 'dataset_s3_bucket_consumer', 'dataset_s3_bucket_producer', 'dataset_alias_example_alias_producer' retrieved from /home/airflow/.local/lib/python3.12/site-packages/airflow/example_dags/example_dataset_alias.py
[2026-08-12T04:49:50.037+0000] {logging_mixin.py:190} INFO - [2026-08-12T04:49:50.036+0000] {dag.py:3211} INFO - Sync 4 DAGs
[2026-08-12T04:49:50.062+0000] {logging_mixin.py:190} INFO - [2026-08-12T04:49:50.062+0000] {dag.py:4138} INFO - Setting next_dagrun for dataset_alias_example_alias_consumer to None, run_after=None
[2026-08-12T04:49:50.067+0000] {logging_mixin.py:190} INFO - [2026-08-12T04:49:50.067+0000] {dag.py:4138} INFO - Setting next_dagrun for dataset_alias_example_alias_producer to None, run_after=None
[2026-08-12T04:49:50.070+0000] {logging_mixin.py:190} INFO - [2026-08-12T04:49:50.070+0000] {dag.py:4138} INFO - Setting next_dagrun for dataset_s3_bucket_consumer to None, run_after=None
[2026-08-12T04:49:50.073+0000] {logging_mixin.py:190} INFO - [2026-08-12T04:49:50.073+0000] {dag.py:4138} INFO - Setting next_dagrun for dataset_s3_bucket_producer to None, run_after=None
[2026-08-12T04:49:50.097+0000] {processor.py:208} INFO - Processing /home/airflow/.local/lib/python3.12/site-packages/airflow/example_dags/example_dataset_alias.py took 0.278 seconds
[2026-08-12T04:50:20.638+0000] {processor.py:186} INFO - Started process (PID=2205) to work on /home/airflow/.local/lib/python3.12/site-packages/airflow/example_dags/example_dataset_alias.py
[2026-08-12T04:50:20.641+0000] {processor.py:914} INFO - Processing file /home/airflow/.local/lib/python3.12/site-packages/airflow/example_dags/example_dataset_alias.py for tasks to queue
[2026-08-12T04:50:20.647+0000] {logging_mixin.py:190} INFO - [2026-08-12T04:50:20.646+0000] {dagbag.py:587} INFO - Filling up the DagBag from /home/airflow/.local/lib/python3.12/site-packages/airflow/example_dags/example_dataset_alias.py
[2026-08-12T04:50:20.832+0000] {processor.py:925} INFO - DAG(s) 'dataset_alias_example_alias_producer', 'dataset_s3_bucket_consumer', 'dataset_s3_bucket_producer', 'dataset_alias_example_alias_consumer' retrieved from /home/airflow/.local/lib/python3.12/site-packages/airflow/example_dags/example_dataset_alias.py
[2026-08-12T04:50:20.859+0000] {logging_mixin.py:190} INFO - [2026-08-12T04:50:20.859+0000] {dag.py:3211} INFO - Sync 4 DAGs
[2026-08-12T04:50:20.886+0000] {logging_mixin.py:190} INFO - [2026-08-12T04:50:20.885+0000] {dag.py:4138} INFO - Setting next_dagrun for dataset_alias_example_alias_consumer to None, run_after=None
[2026-08-12T04:50:20.892+0000] {logging_mixin.py:190} INFO - [2026-08-12T04:50:20.891+0000] {dag.py:4138} INFO - Setting next_dagrun for dataset_alias_example_alias_producer to None, run_after=None
[2026-08-12T04:50:20.895+0000] {logging_mixin.py:190} INFO - [2026-08-12T04:50:20.895+0000] {dag.py:4138} INFO - Setting next_dagrun for dataset_s3_bucket_consumer to None, run_after=None
[2026-08-12T04:50:20.898+0000] {logging_mixin.py:190} INFO - [2026-08-12T04:50:20.898+0000] {dag.py:4138} INFO - Setting next_dagrun for dataset_s3_bucket_producer to None, run_after=None
[2026-08-12T04:50:20.933+0000] {processor.py:208} INFO - Processing /home/airflow/.local/lib/python3.12/site-packages/airflow/example_dags/example_dataset_alias.py took 0.303 seconds
[2026-08-12T04:50:51.394+0000] {processor.py:186} INFO - Started process (PID=2267) to work on /home/airflow/.local/lib/python3.12/site-packages/airflow/example_dags/example_dataset_alias.py
[2026-08-12T04:50:51.399+0000] {processor.py:914} INFO - Processing file /home/airflow/.local/lib/python3.12/site-packages/airflow/example_dags/example_dataset_alias.py for tasks to queue
[2026-08-12T04:50:51.407+0000] {logging_mixin.py:190} INFO - [2026-08-12T04:50:51.406+0000] {dagbag.py:587} INFO - Filling up the DagBag from /home/airflow/.local/lib/python3.12/site-packages/airflow/example_dags/example_dataset_alias.py
[2026-08-12T04:50:51.600+0000] {processor.py:925} INFO - DAG(s) 'dataset_s3_bucket_consumer', 'dataset_alias_example_alias_producer', 'dataset_alias_example_alias_consumer', 'dataset_s3_bucket_producer' retrieved from /home/airflow/.local/lib/python3.12/site-packages/airflow/example_dags/example_dataset_alias.py
[2026-08-12T04:50:51.626+0000] {logging_mixin.py:190} INFO - [2026-08-12T04:50:51.625+0000] {dag.py:3211} INFO - Sync 4 DAGs
[2026-08-12T04:50:51.649+0000] {logging_mixin.py:190} INFO - [2026-08-12T04:50:51.649+0000] {dag.py:4138} INFO - Setting next_dagrun for dataset_alias_example_alias_consumer to None, run_after=None
[2026-08-12T04:50:51.654+0000] {logging_mixin.py:190} INFO - [2026-08-12T04:50:51.654+0000] {dag.py:4138} INFO - Setting next_dagrun for dataset_alias_example_alias_producer to None, run_after=None
[2026-08-12T04:50:51.657+0000] {logging_mixin.py:190} INFO - [2026-08-12T04:50:51.656+0000] {dag.py:4138} INFO - Setting next_dagrun for dataset_s3_bucket_consumer to None, run_after=None
[2026-08-12T04:50:51.659+0000] {logging_mixin.py:190} INFO - [2026-08-12T04:50:51.659+0000] {dag.py:4138} INFO - Setting next_dagrun for dataset_s3_bucket_producer to None, run_after=None
[2026-08-12T04:50:51.687+0000] {processor.py:208} INFO - Processing /home/airflow/.local/lib/python3.12/site-packages/airflow/example_dags/example_dataset_alias.py took 0.305 seconds
[2026-08-12T04:51:21.906+0000] {processor.py:186} INFO - Started process (PID=2329) to work on /home/airflow/.local/lib/python3.12/site-packages/airflow/example_dags/example_dataset_alias.py
[2026-08-12T04:51:21.909+0000] {processor.py:914} INFO - Processing file /home/airflow/.local/lib/python3.12/site-packages/airflow/example_dags/example_dataset_alias.py for tasks to queue
[2026-08-12T04:51:21.914+0000] {logging_mixin.py:190} INFO - [2026-08-12T04:51:21.914+0000] {dagbag.py:587} INFO - Filling up the DagBag from /home/airflow/.local/lib/python3.12/site-packages/airflow/example_dags/example_dataset_alias.py
[2026-08-12T04:51:22.079+0000] {processor.py:925} INFO - DAG(s) 'dataset_alias_example_alias_consumer', 'dataset_alias_example_alias_producer', 'dataset_s3_bucket_consumer', 'dataset_s3_bucket_producer' retrieved from /home/airflow/.local/lib/python3.12/site-packages/airflow/example_dags/example_dataset_alias.py
[2026-08-12T04:51:22.107+0000] {logging_mixin.py:190} INFO - [2026-08-12T04:51:22.107+0000] {dag.py:3211} INFO - Sync 4 DAGs
[2026-08-12T04:51:22.137+0000] {logging_mixin.py:190} INFO - [2026-08-12T04:51:22.137+0000] {dag.py:4138} INFO - Setting next_dagrun for dataset_alias_example_alias_consumer to None, run_after=None
[2026-08-12T04:51:22.142+0000] {logging_mixin.py:190} INFO - [2026-08-12T04:51:22.141+0000] {dag.py:4138} INFO - Setting next_dagrun for dataset_alias_example_alias_producer to None, run_after=None
[2026-08-12T04:51:22.145+0000] {logging_mixin.py:190} INFO - [2026-08-12T04:51:22.144+0000] {dag.py:4138} INFO - Setting next_dagrun for dataset_s3_bucket_consumer to None, run_after=None
[2026-08-12T04:51:22.147+0000] {logging_mixin.py:190} INFO - [2026-08-12T04:51:22.147+0000] {dag.py:4138} INFO - Setting next_dagrun for dataset_s3_bucket_producer to None, run_after=None
[2026-08-12T04:51:22.173+0000] {processor.py:208} INFO - Processing /home/airflow/.local/lib/python3.12/site-packages/airflow/example_dags/example_dataset_alias.py took 0.274 seconds
[2026-08-12T04:51:52.905+0000] {processor.py:186} INFO - Started process (PID=2391) to work on /home/airflow/.local/lib/python3.12/site-packages/airflow/example_dags/example_dataset_alias.py
[2026-08-12T04:51:52.909+0000] {processor.py:914} INFO - Processing file /home/airflow/.local/lib/python3.12/site-packages/airflow/example_dags/example_dataset_alias.py for tasks to queue
[2026-08-12T04:51:52.918+0000] {logging_mixin.py:190} INFO - [2026-08-12T04:51:52.917+0000] {dagbag.py:587} INFO - Filling up the DagBag from /home/airflow/.local/lib/python3.12/site-packages/airflow/example_dags/example_dataset_alias.py
[2026-08-12T04:51:53.092+0000] {processor.py:925} INFO - DAG(s) 'dataset_s3_bucket_producer', 'dataset_alias_example_alias_consumer', 'dataset_s3_bucket_consumer', 'dataset_alias_example_alias_producer' retrieved from /home/airflow/.local/lib/python3.12/site-packages/airflow/example_dags/example_dataset_alias.py
[2026-08-12T04:51:53.115+0000] {logging_mixin.py:190} INFO - [2026-08-12T04:51:53.114+0000] {dag.py:3211} INFO - Sync 4 DAGs
[2026-08-12T04:51:53.307+0000] {logging_mixin.py:190} INFO - [2026-08-12T04:51:53.307+0000] {dag.py:4138} INFO - Setting next_dagrun for dataset_alias_example_alias_consumer to None, run_after=None
[2026-08-12T04:51:53.311+0000] {logging_mixin.py:190} INFO - [2026-08-12T04:51:53.311+0000] {dag.py:4138} INFO - Setting next_dagrun for dataset_alias_example_alias_producer to None, run_after=None
[2026-08-12T04:51:53.315+0000] {logging_mixin.py:190} INFO - [2026-08-12T04:51:53.314+0000] {dag.py:4138} INFO - Setting next_dagrun for dataset_s3_bucket_consumer to None, run_after=None
[2026-08-12T04:51:53.318+0000] {logging_mixin.py:190} INFO - [2026-08-12T04:51:53.317+0000] {dag.py:4138} INFO - Setting next_dagrun for dataset_s3_bucket_producer to None, run_after=None
[2026-08-12T04:51:53.346+0000] {processor.py:208} INFO - Processing /home/airflow/.local/lib/python3.12/site-packages/airflow/example_dags/example_dataset_alias.py took 0.452 seconds
[2026-08-12T04:52:23.749+0000] {processor.py:186} INFO - Started process (PID=2453) to work on /home/airflow/.local/lib/python3.12/site-packages/airflow/example_dags/example_dataset_alias.py
[2026-08-12T04:52:23.752+0000] {processor.py:914} INFO - Processing file /home/airflow/.local/lib/python3.12/site-packages/airflow/example_dags/example_dataset_alias.py for tasks to queue
[2026-08-12T04:52:23.759+0000] {logging_mixin.py:190} INFO - [2026-08-12T04:52:23.758+0000] {dagbag.py:587} INFO - Filling up the DagBag from /home/airflow/.local/lib/python3.12/site-packages/airflow/example_dags/example_dataset_alias.py
[2026-08-12T04:52:23.932+0000] {processor.py:925} INFO - DAG(s) 'dataset_alias_example_alias_consumer', 'dataset_alias_example_alias_producer', 'dataset_s3_bucket_consumer', 'dataset_s3_bucket_producer' retrieved from /home/airflow/.local/lib/python3.12/site-packages/airflow/example_dags/example_dataset_alias.py
[2026-08-12T04:52:23.956+0000] {logging_mixin.py:190} INFO - [2026-08-12T04:52:23.956+0000] {dag.py:3211} INFO - Sync 4 DAGs
[2026-08-12T04:52:23.982+0000] {logging_mixin.py:190} INFO - [2026-08-12T04:52:23.981+0000] {dag.py:4138} INFO - Setting next_dagrun for dataset_alias_example_alias_consumer to None, run_after=None
[2026-08-12T04:52:23.986+0000] {logging_mixin.py:190} INFO - [2026-08-12T04:52:23.985+0000] {dag.py:4138} INFO - Setting next_dagrun for dataset_alias_example_alias_producer to None, run_after=None
[2026-08-12T04:52:23.989+0000] {logging_mixin.py:190} INFO - [2026-08-12T04:52:23.989+0000] {dag.py:4138} INFO - Setting next_dagrun for dataset_s3_bucket_consumer to None, run_after=None
[2026-08-12T04:52:23.992+0000] {logging_mixin.py:190} INFO - [2026-08-12T04:52:23.992+0000] {dag.py:4138} INFO - Setting next_dagrun for dataset_s3_bucket_producer to None, run_after=None
[2026-08-12T04:52:24.023+0000] {processor.py:208} INFO - Processing /home/airflow/.local/lib/python3.12/site-packages/airflow/example_dags/example_dataset_alias.py took 0.286 seconds
[2026-08-12T04:52:54.761+0000] {processor.py:186} INFO - Started process (PID=2523) to work on /home/airflow/.local/lib/python3.12/site-packages/airflow/example_dags/example_dataset_alias.py
[2026-08-12T04:52:54.764+0000] {processor.py:914} INFO - Processing file /home/airflow/.local/lib/python3.12/site-packages/airflow/example_dags/example_dataset_alias.py for tasks to queue
[2026-08-12T04:52:54.771+0000] {logging_mixin.py:190} INFO - [2026-08-12T04:52:54.770+0000] {dagbag.py:587} INFO - Filling up the DagBag from /home/airflow/.local/lib/python3.12/site-packages/airflow/example_dags/example_dataset_alias.py
[2026-08-12T04:52:54.931+0000] {processor.py:925} INFO - DAG(s) 'dataset_s3_bucket_producer', 'dataset_s3_bucket_consumer', 'dataset_alias_example_alias_consumer', 'dataset_alias_example_alias_producer' retrieved from /home/airflow/.local/lib/python3.12/site-packages/airflow/example_dags/example_dataset_alias.py
[2026-08-12T04:52:54.958+0000] {logging_mixin.py:190} INFO - [2026-08-12T04:52:54.958+0000] {dag.py:3211} INFO - Sync 4 DAGs
[2026-08-12T04:52:54.981+0000] {logging_mixin.py:190} INFO - [2026-08-12T04:52:54.981+0000] {dag.py:4138} INFO - Setting next_dagrun for dataset_alias_example_alias_consumer to None, run_after=None
[2026-08-12T04:52:54.986+0000] {logging_mixin.py:190} INFO - [2026-08-12T04:52:54.986+0000] {dag.py:4138} INFO - Setting next_dagrun for dataset_alias_example_alias_producer to None, run_after=None
[2026-08-12T04:52:54.989+0000] {logging_mixin.py:190} INFO - [2026-08-12T04:52:54.989+0000] {dag.py:4138} INFO - Setting next_dagrun for dataset_s3_bucket_consumer to None, run_after=None
[2026-08-12T04:52:54.992+0000] {logging_mixin.py:190} INFO - [2026-08-12T04:52:54.992+0000] {dag.py:4138} INFO - Setting next_dagrun for dataset_s3_bucket_producer to None, run_after=None
[2026-08-12T04:52:55.022+0000] {processor.py:208} INFO - Processing /home/airflow/.local/lib/python3.12/site-packages/airflow/example_dags/example_dataset_alias.py took 0.273 seconds
[2026-08-12T04:53:25.529+0000] {processor.py:186} INFO - Started process (PID=2586) to work on /home/airflow/.local/lib/python3.12/site-packages/airflow/example_dags/example_dataset_alias.py
[2026-08-12T04:53:25.532+0000] {processor.py:914} INFO - Processing file /home/airflow/.local/lib/python3.12/site-packages/airflow/example_dags/example_dataset_alias.py for tasks to queue
[2026-08-12T04:53:25.536+0000] {logging_mixin.py:190} INFO - [2026-08-12T04:53:25.535+0000] {dagbag.py:587} INFO - Filling up the DagBag from /home/airflow/.local/lib/python3.12/site-packages/airflow/example_dags/example_dataset_alias.py
[2026-08-12T04:53:25.719+0000] {processor.py:925} INFO - DAG(s) 'dataset_s3_bucket_consumer', 'dataset_alias_example_alias_consumer', 'dataset_alias_example_alias_producer', 'dataset_s3_bucket_producer' retrieved from /home/airflow/.local/lib/python3.12/site-packages/airflow/example_dags/example_dataset_alias.py
[2026-08-12T04:53:25.922+0000] {logging_mixin.py:190} INFO - [2026-08-12T04:53:25.922+0000] {dag.py:3211} INFO - Sync 4 DAGs
[2026-08-12T04:53:25.943+0000] {logging_mixin.py:190} INFO - [2026-08-12T04:53:25.943+0000] {dag.py:4138} INFO - Setting next_dagrun for dataset_alias_example_alias_consumer to None, run_after=None
[2026-08-12T04:53:25.948+0000] {logging_mixin.py:190} INFO - [2026-08-12T04:53:25.948+0000] {dag.py:4138} INFO - Setting next_dagrun for dataset_alias_example_alias_producer to None, run_after=None
[2026-08-12T04:53:25.952+0000] {logging_mixin.py:190} INFO - [2026-08-12T04:53:25.951+0000] {dag.py:4138} INFO - Setting next_dagrun for dataset_s3_bucket_consumer to None, run_after=None
[2026-08-12T04:53:25.956+0000] {logging_mixin.py:190} INFO - [2026-08-12T04:53:25.956+0000] {dag.py:4138} INFO - Setting next_dagrun for dataset_s3_bucket_producer to None, run_after=None
[2026-08-12T04:53:25.981+0000] {processor.py:208} INFO - Processing /home/airflow/.local/lib/python3.12/site-packages/airflow/example_dags/example_dataset_alias.py took 0.459 seconds
[2026-08-12T04:53:56.298+0000] {processor.py:186} INFO - Started process (PID=2649) to work on /home/airflow/.local/lib/python3.12/site-packages/airflow/example_dags/example_dataset_alias.py
[2026-08-12T04:53:56.300+0000] {processor.py:914} INFO - Processing file /home/airflow/.local/lib/python3.12/site-packages/airflow/example_dags/example_dataset_alias.py for tasks to queue
[2026-08-12T04:53:56.305+0000] {logging_mixin.py:190} INFO - [2026-08-12T04:53:56.305+0000] {dagbag.py:587} INFO - Filling up the DagBag from /home/airflow/.local/lib/python3.12/site-packages/airflow/example_dags/example_dataset_alias.py
[2026-08-12T04:53:56.467+0000] {processor.py:925} INFO - DAG(s) 'dataset_s3_bucket_producer', 'dataset_s3_bucket_consumer', 'dataset_alias_example_alias_consumer', 'dataset_alias_example_alias_producer' retrieved from /home/airflow/.local/lib/python3.12/site-packages/airflow/example_dags/example_dataset_alias.py
[2026-08-12T04:53:56.491+0000] {logging_mixin.py:190} INFO - [2026-08-12T04:53:56.491+0000] {dag.py:3211} INFO - Sync 4 DAGs
[2026-08-12T04:53:56.696+0000] {logging_mixin.py:190} INFO - [2026-08-12T04:53:56.696+0000] {dag.py:4138} INFO - Setting next_dagrun for dataset_alias_example_alias_consumer to None, run_after=None
[2026-08-12T04:53:56.701+0000] {logging_mixin.py:190} INFO - [2026-08-12T04:53:56.701+0000] {dag.py:4138} INFO - Setting next_dagrun for dataset_alias_example_alias_producer to None, run_after=None
[2026-08-12T04:53:56.705+0000] {logging_mixin.py:190} INFO - [2026-08-12T04:53:56.704+0000] {dag.py:4138} INFO - Setting next_dagrun for dataset_s3_bucket_consumer to None, run_after=None
[2026-08-12T04:53:56.708+0000] {logging_mixin.py:190} INFO - [2026-08-12T04:53:56.707+0000] {dag.py:4138} INFO - Setting next_dagrun for dataset_s3_bucket_producer to None, run_after=None
[2026-08-12T04:53:56.731+0000] {processor.py:208} INFO - Processing /home/airflow/.local/lib/python3.12/site-packages/airflow/example_dags/example_dataset_alias.py took 0.440 seconds
[2026-08-12T04:54:27.301+0000] {processor.py:186} INFO - Started process (PID=2711) to work on /home/airflow/.local/lib/python3.12/site-packages/airflow/example_dags/example_dataset_alias.py
[2026-08-12T04:54:27.304+0000] {processor.py:914} INFO - Processing file /home/airflow/.local/lib/python3.12/site-packages/airflow/example_dags/example_dataset_alias.py for tasks to queue
[2026-08-12T04:54:27.309+0000] {logging_mixin.py:190} INFO - [2026-08-12T04:54:27.308+0000] {dagbag.py:587} INFO - Filling up the DagBag from /home/airflow/.local/lib/python3.12/site-packages/airflow/example_dags/example_dataset_alias.py
[2026-08-12T04:54:27.465+0000] {processor.py:925} INFO - DAG(s) 'dataset_s3_bucket_consumer', 'dataset_alias_example_alias_producer', 'dataset_s3_bucket_producer', 'dataset_alias_example_alias_consumer' retrieved from /home/airflow/.local/lib/python3.12/site-packages/airflow/example_dags/example_dataset_alias.py
[2026-08-12T04:54:27.487+0000] {logging_mixin.py:190} INFO - [2026-08-12T04:54:27.487+0000] {dag.py:3211} INFO - Sync 4 DAGs
[2026-08-12T04:54:27.512+0000] {logging_mixin.py:190} INFO - [2026-08-12T04:54:27.512+0000] {dag.py:4138} INFO - Setting next_dagrun for dataset_alias_example_alias_consumer to None, run_after=None
[2026-08-12T04:54:27.516+0000] {logging_mixin.py:190} INFO - [2026-08-12T04:54:27.516+0000] {dag.py:4138} INFO - Setting next_dagrun for dataset_alias_example_alias_producer to None, run_after=None
[2026-08-12T04:54:27.519+0000] {logging_mixin.py:190} INFO - [2026-08-12T04:54:27.519+0000] {dag.py:4138} INFO - Setting next_dagrun for dataset_s3_bucket_consumer to None, run_after=None
[2026-08-12T04:54:27.523+0000] {logging_mixin.py:190} INFO - [2026-08-12T04:54:27.523+0000] {dag.py:4138} INFO - Setting next_dagrun for dataset_s3_bucket_producer to None, run_after=None
[2026-08-12T04:54:27.717+0000] {processor.py:208} INFO - Processing /home/airflow/.local/lib/python3.12/site-packages/airflow/example_dags/example_dataset_alias.py took 0.422 seconds
[2026-08-12T04:54:57.860+0000] {processor.py:186} INFO - Started process (PID=2775) to work on /home/airflow/.local/lib/python3.12/site-packages/airflow/example_dags/example_dataset_alias.py
[2026-08-12T04:54:57.863+0000] {processor.py:914} INFO - Processing file /home/airflow/.local/lib/python3.12/site-packages/airflow/example_dags/example_dataset_alias.py for tasks to queue
[2026-08-12T04:54:57.867+0000] {logging_mixin.py:190} INFO - [2026-08-12T04:54:57.867+0000] {dagbag.py:587} INFO - Filling up the DagBag from /home/airflow/.local/lib/python3.12/site-packages/airflow/example_dags/example_dataset_alias.py
[2026-08-12T04:54:58.022+0000] {processor.py:925} INFO - DAG(s) 'dataset_s3_bucket_producer', 'dataset_s3_bucket_consumer', 'dataset_alias_example_alias_consumer', 'dataset_alias_example_alias_producer' retrieved from /home/airflow/.local/lib/python3.12/site-packages/airflow/example_dags/example_dataset_alias.py
[2026-08-12T04:54:58.048+0000] {logging_mixin.py:190} INFO - [2026-08-12T04:54:58.048+0000] {dag.py:3211} INFO - Sync 4 DAGs
[2026-08-12T04:54:58.072+0000] {logging_mixin.py:190} INFO - [2026-08-12T04:54:58.072+0000] {dag.py:4138} INFO - Setting next_dagrun for dataset_alias_example_alias_consumer to None, run_after=None
[2026-08-12T04:54:58.078+0000] {logging_mixin.py:190} INFO - [2026-08-12T04:54:58.078+0000] {dag.py:4138} INFO - Setting next_dagrun for dataset_alias_example_alias_producer to None, run_after=None
[2026-08-12T04:54:58.081+0000] {logging_mixin.py:190} INFO - [2026-08-12T04:54:58.081+0000] {dag.py:4138} INFO - Setting next_dagrun for dataset_s3_bucket_consumer to None, run_after=None
[2026-08-12T04:54:58.084+0000] {logging_mixin.py:190} INFO - [2026-08-12T04:54:58.084+0000] {dag.py:4138} INFO - Setting next_dagrun for dataset_s3_bucket_producer to None, run_after=None
[2026-08-12T04:54:58.112+0000] {processor.py:208} INFO - Processing /home/airflow/.local/lib/python3.12/site-packages/airflow/example_dags/example_dataset_alias.py took 0.258 seconds
[2026-08-12T04:55:28.669+0000] {processor.py:186} INFO - Started process (PID=2837) to work on /home/airflow/.local/lib/python3.12/site-packages/airflow/example_dags/example_dataset_alias.py
[2026-08-12T04:55:28.671+0000] {processor.py:914} INFO - Processing file /home/airflow/.local/lib/python3.12/site-packages/airflow/example_dags/example_dataset_alias.py for tasks to queue
[2026-08-12T04:55:28.675+0000] {logging_mixin.py:190} INFO - [2026-08-12T04:55:28.675+0000] {dagbag.py:587} INFO - Filling up the DagBag from /home/airflow/.local/lib/python3.12/site-packages/airflow/example_dags/example_dataset_alias.py
[2026-08-12T04:55:28.837+0000] {processor.py:925} INFO - DAG(s) 'dataset_s3_bucket_consumer', 'dataset_alias_example_alias_producer', 'dataset_alias_example_alias_consumer', 'dataset_s3_bucket_producer' retrieved from /home/airflow/.local/lib/python3.12/site-packages/airflow/example_dags/example_dataset_alias.py
[2026-08-12T04:55:29.035+0000] {logging_mixin.py:190} INFO - [2026-08-12T04:55:29.034+0000] {dag.py:3211} INFO - Sync 4 DAGs
[2026-08-12T04:55:29.057+0000] {logging_mixin.py:190} INFO - [2026-08-12T04:55:29.057+0000] {dag.py:4138} INFO - Setting next_dagrun for dataset_alias_example_alias_consumer to None, run_after=None
[2026-08-12T04:55:29.061+0000] {logging_mixin.py:190} INFO - [2026-08-12T04:55:29.061+0000] {dag.py:4138} INFO - Setting next_dagrun for dataset_alias_example_alias_producer to None, run_after=None
[2026-08-12T04:55:29.065+0000] {logging_mixin.py:190} INFO - [2026-08-12T04:55:29.065+0000] {dag.py:4138} INFO - Setting next_dagrun for dataset_s3_bucket_consumer to None, run_after=None
[2026-08-12T04:55:29.068+0000] {logging_mixin.py:190} INFO - [2026-08-12T04:55:29.068+0000] {dag.py:4138} INFO - Setting next_dagrun for dataset_s3_bucket_producer to None, run_after=None
[2026-08-12T04:55:29.091+0000] {processor.py:208} INFO - Processing /home/airflow/.local/lib/python3.12/site-packages/airflow/example_dags/example_dataset_alias.py took 0.428 seconds
[2026-08-12T04:55:59.749+0000] {processor.py:186} INFO - Started process (PID=2900) to work on /home/airflow/.local/lib/python3.12/site-packages/airflow/example_dags/example_dataset_alias.py
[2026-08-12T04:55:59.752+0000] {processor.py:914} INFO - Processing file /home/airflow/.local/lib/python3.12/site-packages/airflow/example_dags/example_dataset_alias.py for tasks to queue
[2026-08-12T04:55:59.756+0000] {logging_mixin.py:190} INFO - [2026-08-12T04:55:59.755+0000] {dagbag.py:587} INFO - Filling up the DagBag from /home/airflow/.local/lib/python3.12/site-packages/airflow/example_dags/example_dataset_alias.py
[2026-08-12T04:55:59.911+0000] {processor.py:925} INFO - DAG(s) 'dataset_alias_example_alias_consumer', 'dataset_s3_bucket_producer', 'dataset_alias_example_alias_producer', 'dataset_s3_bucket_consumer' retrieved from /home/airflow/.local/lib/python3.12/site-packages/airflow/example_dags/example_dataset_alias.py
[2026-08-12T04:55:59.937+0000] {logging_mixin.py:190} INFO - [2026-08-12T04:55:59.936+0000] {dag.py:3211} INFO - Sync 4 DAGs
[2026-08-12T04:56:00.134+0000] {logging_mixin.py:190} INFO - [2026-08-12T04:56:00.134+0000] {dag.py:4138} INFO - Setting next_dagrun for dataset_alias_example_alias_consumer to None, run_after=None
[2026-08-12T04:56:00.139+0000] {logging_mixin.py:190} INFO - [2026-08-12T04:56:00.139+0000] {dag.py:4138} INFO - Setting next_dagrun for dataset_alias_example_alias_producer to None, run_after=None
[2026-08-12T04:56:00.142+0000] {logging_mixin.py:190} INFO - [2026-08-12T04:56:00.142+0000] {dag.py:4138} INFO - Setting next_dagrun for dataset_s3_bucket_consumer to None, run_after=None
[2026-08-12T04:56:00.145+0000] {logging_mixin.py:190} INFO - [2026-08-12T04:56:00.145+0000] {dag.py:4138} INFO - Setting next_dagrun for dataset_s3_bucket_producer to None, run_after=None
[2026-08-12T04:56:00.166+0000] {processor.py:208} INFO - Processing /home/airflow/.local/lib/python3.12/site-packages/airflow/example_dags/example_dataset_alias.py took 0.422 seconds
[2026-08-12T04:56:30.236+0000] {processor.py:186} INFO - Started process (PID=2963) to work on /home/airflow/.local/lib/python3.12/site-packages/airflow/example_dags/example_dataset_alias.py
[2026-08-12T04:56:30.239+0000] {processor.py:914} INFO - Processing file /home/airflow/.local/lib/python3.12/site-packages/airflow/example_dags/example_dataset_alias.py for tasks to queue
[2026-08-12T04:56:30.243+0000] {logging_mixin.py:190} INFO - [2026-08-12T04:56:30.242+0000] {dagbag.py:587} INFO - Filling up the DagBag from /home/airflow/.local/lib/python3.12/site-packages/airflow/example_dags/example_dataset_alias.py
[2026-08-12T04:56:30.402+0000] {processor.py:925} INFO - DAG(s) 'dataset_alias_example_alias_producer', 'dataset_s3_bucket_consumer', 'dataset_s3_bucket_producer', 'dataset_alias_example_alias_consumer' retrieved from /home/airflow/.local/lib/python3.12/site-packages/airflow/example_dags/example_dataset_alias.py
[2026-08-12T04:56:30.432+0000] {logging_mixin.py:190} INFO - [2026-08-12T04:56:30.431+0000] {dag.py:3211} INFO - Sync 4 DAGs
[2026-08-12T04:56:30.459+0000] {logging_mixin.py:190} INFO - [2026-08-12T04:56:30.458+0000] {dag.py:4138} INFO - Setting next_dagrun for dataset_alias_example_alias_consumer to None, run_after=None
[2026-08-12T04:56:30.464+0000] {logging_mixin.py:190} INFO - [2026-08-12T04:56:30.464+0000] {dag.py:4138} INFO - Setting next_dagrun for dataset_alias_example_alias_producer to None, run_after=None
[2026-08-12T04:56:30.467+0000] {logging_mixin.py:190} INFO - [2026-08-12T04:56:30.467+0000] {dag.py:4138} INFO - Setting next_dagrun for dataset_s3_bucket_consumer to None, run_after=None
[2026-08-12T04:56:30.471+0000] {logging_mixin.py:190} INFO - [2026-08-12T04:56:30.470+0000] {dag.py:4138} INFO - Setting next_dagrun for dataset_s3_bucket_producer to None, run_after=None
[2026-08-12T04:56:30.691+0000] {processor.py:208} INFO - Processing /home/airflow/.local/lib/python3.12/site-packages/airflow/example_dags/example_dataset_alias.py took 0.462 seconds
[2026-08-12T04:57:00.837+0000] {processor.py:186} INFO - Started process (PID=3026) to work on /home/airflow/.local/lib/python3.12/site-packages/airflow/example_dags/example_dataset_alias.py
[2026-08-12T04:57:00.839+0000] {processor.py:914} INFO - Processing file /home/airflow/.local/lib/python3.12/site-packages/airflow/example_dags/example_dataset_alias.py for tasks to queue
[2026-08-12T04:57:00.843+0000] {logging_mixin.py:190} INFO - [2026-08-12T04:57:00.842+0000] {dagbag.py:587} INFO - Filling up the DagBag from /home/airflow/.local/lib/python3.12/site-packages/airflow/example_dags/example_dataset_alias.py
[2026-08-12T04:57:01.163+0000] {processor.py:925} INFO - DAG(s) 'dataset_alias_example_alias_producer', 'dataset_s3_bucket_producer', 'dataset_alias_example_alias_consumer', 'dataset_s3_bucket_consumer' retrieved from /home/airflow/.local/lib/python3.12/site-packages/airflow/example_dags/example_dataset_alias.py
[2026-08-12T04:57:01.191+0000] {logging_mixin.py:190} INFO - [2026-08-12T04:57:01.190+0000] {dag.py:3211} INFO - Sync 4 DAGs
[2026-08-12T04:57:01.212+0000] {logging_mixin.py:190} INFO - [2026-08-12T04:57:01.212+0000] {dag.py:4138} INFO - Setting next_dagrun for dataset_alias_example_alias_consumer to None, run_after=None
[2026-08-12T04:57:01.217+0000] {logging_mixin.py:190} INFO - [2026-08-12T04:57:01.216+0000] {dag.py:4138} INFO - Setting next_dagrun for dataset_alias_example_alias_producer to None, run_after=None
[2026-08-12T04:57:01.220+0000] {logging_mixin.py:190} INFO - [2026-08-12T04:57:01.220+0000] {dag.py:4138} INFO - Setting next_dagrun for dataset_s3_bucket_consumer to None, run_after=None
[2026-08-12T04:57:01.223+0000] {logging_mixin.py:190} INFO - [2026-08-12T04:57:01.223+0000] {dag.py:4138} INFO - Setting next_dagrun for dataset_s3_bucket_producer to None, run_after=None
[2026-08-12T04:57:01.245+0000] {processor.py:208} INFO - Processing /home/airflow/.local/lib/python3.12/site-packages/airflow/example_dags/example_dataset_alias.py took 0.414 seconds
[2026-08-12T04:57:32.062+0000] {processor.py:186} INFO - Started process (PID=3089) to work on /home/airflow/.local/lib/python3.12/site-packages/airflow/example_dags/example_dataset_alias.py
[2026-08-12T04:57:32.066+0000] {processor.py:914} INFO - Processing file /home/airflow/.local/lib/python3.12/site-packages/airflow/example_dags/example_dataset_alias.py for tasks to queue
[2026-08-12T04:57:32.075+0000] {logging_mixin.py:190} INFO - [2026-08-12T04:57:32.074+0000] {dagbag.py:587} INFO - Filling up the DagBag from /home/airflow/.local/lib/python3.12/site-packages/airflow/example_dags/example_dataset_alias.py
[2026-08-12T04:57:32.244+0000] {processor.py:925} INFO - DAG(s) 'dataset_alias_example_alias_consumer', 'dataset_alias_example_alias_producer', 'dataset_s3_bucket_consumer', 'dataset_s3_bucket_producer' retrieved from /home/airflow/.local/lib/python3.12/site-packages/airflow/example_dags/example_dataset_alias.py
[2026-08-12T04:57:32.476+0000] {logging_mixin.py:190} INFO - [2026-08-12T04:57:32.475+0000] {dag.py:3211} INFO - Sync 4 DAGs
[2026-08-12T04:57:32.498+0000] {logging_mixin.py:190} INFO - [2026-08-12T04:57:32.497+0000] {dag.py:4138} INFO - Setting next_dagrun for dataset_alias_example_alias_consumer to None, run_after=None
[2026-08-12T04:57:32.503+0000] {logging_mixin.py:190} INFO - [2026-08-12T04:57:32.503+0000] {dag.py:4138} INFO - Setting next_dagrun for dataset_alias_example_alias_producer to None, run_after=None
[2026-08-12T04:57:32.507+0000] {logging_mixin.py:190} INFO - [2026-08-12T04:57:32.506+0000] {dag.py:4138} INFO - Setting next_dagrun for dataset_s3_bucket_consumer to None, run_after=None
[2026-08-12T04:57:32.511+0000] {logging_mixin.py:190} INFO - [2026-08-12T04:57:32.510+0000] {dag.py:4138} INFO - Setting next_dagrun for dataset_s3_bucket_producer to None, run_after=None
[2026-08-12T04:57:32.537+0000] {processor.py:208} INFO - Processing /home/airflow/.local/lib/python3.12/site-packages/airflow/example_dags/example_dataset_alias.py took 0.490 seconds
[2026-08-12T04:58:03.138+0000] {processor.py:186} INFO - Started process (PID=3154) to work on /home/airflow/.local/lib/python3.12/site-packages/airflow/example_dags/example_dataset_alias.py
[2026-08-12T04:58:03.140+0000] {processor.py:914} INFO - Processing file /home/airflow/.local/lib/python3.12/site-packages/airflow/example_dags/example_dataset_alias.py for tasks to queue
[2026-08-12T04:58:03.144+0000] {logging_mixin.py:190} INFO - [2026-08-12T04:58:03.144+0000] {dagbag.py:587} INFO - Filling up the DagBag from /home/airflow/.local/lib/python3.12/site-packages/airflow/example_dags/example_dataset_alias.py
[2026-08-12T04:58:03.311+0000] {processor.py:925} INFO - DAG(s) 'dataset_alias_example_alias_producer', 'dataset_alias_example_alias_consumer', 'dataset_s3_bucket_producer', 'dataset_s3_bucket_consumer' retrieved from /home/airflow/.local/lib/python3.12/site-packages/airflow/example_dags/example_dataset_alias.py
[2026-08-12T04:58:03.349+0000] {logging_mixin.py:190} INFO - [2026-08-12T04:58:03.348+0000] {dag.py:3211} INFO - Sync 4 DAGs
[2026-08-12T04:58:03.552+0000] {logging_mixin.py:190} INFO - [2026-08-12T04:58:03.552+0000] {dag.py:4138} INFO - Setting next_dagrun for dataset_alias_example_alias_consumer to None, run_after=None
[2026-08-12T04:58:03.557+0000] {logging_mixin.py:190} INFO - [2026-08-12T04:58:03.557+0000] {dag.py:4138} INFO - Setting next_dagrun for dataset_alias_example_alias_producer to None, run_after=None
[2026-08-12T04:58:03.560+0000] {logging_mixin.py:190} INFO - [2026-08-12T04:58:03.560+0000] {dag.py:4138} INFO - Setting next_dagrun for dataset_s3_bucket_consumer to None, run_after=None
[2026-08-12T04:58:03.564+0000] {logging_mixin.py:190} INFO - [2026-08-12T04:58:03.564+0000] {dag.py:4138} INFO - Setting next_dagrun for dataset_s3_bucket_producer to None, run_after=None
[2026-08-12T04:58:03.589+0000] {processor.py:208} INFO - Processing /home/airflow/.local/lib/python3.12/site-packages/airflow/example_dags/example_dataset_alias.py took 0.457 seconds
[2026-08-12T04:58:34.152+0000] {processor.py:186} INFO - Started process (PID=3215) to work on /home/airflow/.local/lib/python3.12/site-packages/airflow/example_dags/example_dataset_alias.py
[2026-08-12T04:58:34.155+0000] {processor.py:914} INFO - Processing file /home/airflow/.local/lib/python3.12/site-packages/airflow/example_dags/example_dataset_alias.py for tasks to queue
[2026-08-12T04:58:34.158+0000] {logging_mixin.py:190} INFO - [2026-08-12T04:58:34.158+0000] {dagbag.py:587} INFO - Filling up the DagBag from /home/airflow/.local/lib/python3.12/site-packages/airflow/example_dags/example_dataset_alias.py
[2026-08-12T04:58:34.498+0000] {processor.py:925} INFO - DAG(s) 'dataset_s3_bucket_consumer', 'dataset_alias_example_alias_consumer', 'dataset_alias_example_alias_producer', 'dataset_s3_bucket_producer' retrieved from /home/airflow/.local/lib/python3.12/site-packages/airflow/example_dags/example_dataset_alias.py
[2026-08-12T04:58:34.527+0000] {logging_mixin.py:190} INFO - [2026-08-12T04:58:34.527+0000] {dag.py:3211} INFO - Sync 4 DAGs
[2026-08-12T04:58:34.555+0000] {logging_mixin.py:190} INFO - [2026-08-12T04:58:34.554+0000] {dag.py:4138} INFO - Setting next_dagrun for dataset_alias_example_alias_consumer to None, run_after=None
[2026-08-12T04:58:34.566+0000] {logging_mixin.py:190} INFO - [2026-08-12T04:58:34.565+0000] {dag.py:4138} INFO - Setting next_dagrun for dataset_alias_example_alias_producer to None, run_after=None
[2026-08-12T04:58:34.570+0000] {logging_mixin.py:190} INFO - [2026-08-12T04:58:34.570+0000] {dag.py:4138} INFO - Setting next_dagrun for dataset_s3_bucket_consumer to None, run_after=None
[2026-08-12T04:58:34.576+0000] {logging_mixin.py:190} INFO - [2026-08-12T04:58:34.575+0000] {dag.py:4138} INFO - Setting next_dagrun for dataset_s3_bucket_producer to None, run_after=None
[2026-08-12T04:58:34.611+0000] {processor.py:208} INFO - Processing /home/airflow/.local/lib/python3.12/site-packages/airflow/example_dags/example_dataset_alias.py took 0.466 seconds
[2026-08-12T04:59:05.410+0000] {processor.py:186} INFO - Started process (PID=3278) to work on /home/airflow/.local/lib/python3.12/site-packages/airflow/example_dags/example_dataset_alias.py
[2026-08-12T04:59:05.412+0000] {processor.py:914} INFO - Processing file /home/airflow/.local/lib/python3.12/site-packages/airflow/example_dags/example_dataset_alias.py for tasks to queue
[2026-08-12T04:59:05.417+0000] {logging_mixin.py:190} INFO - [2026-08-12T04:59:05.416+0000] {dagbag.py:587} INFO - Filling up the DagBag from /home/airflow/.local/lib/python3.12/site-packages/airflow/example_dags/example_dataset_alias.py
[2026-08-12T04:59:05.864+0000] {processor.py:925} INFO - DAG(s) 'dataset_alias_example_alias_consumer', 'dataset_alias_example_alias_producer', 'dataset_s3_bucket_producer', 'dataset_s3_bucket_consumer' retrieved from /home/airflow/.local/lib/python3.12/site-packages/airflow/example_dags/example_dataset_alias.py
[2026-08-12T04:59:05.887+0000] {logging_mixin.py:190} INFO - [2026-08-12T04:59:05.886+0000] {dag.py:3211} INFO - Sync 4 DAGs
[2026-08-12T04:59:05.910+0000] {logging_mixin.py:190} INFO - [2026-08-12T04:59:05.910+0000] {dag.py:4138} INFO - Setting next_dagrun for dataset_alias_example_alias_consumer to None, run_after=None
[2026-08-12T04:59:05.915+0000] {logging_mixin.py:190} INFO - [2026-08-12T04:59:05.915+0000] {dag.py:4138} INFO - Setting next_dagrun for dataset_alias_example_alias_producer to None, run_after=None
[2026-08-12T04:59:05.921+0000] {logging_mixin.py:190} INFO - [2026-08-12T04:59:05.921+0000] {dag.py:4138} INFO - Setting next_dagrun for dataset_s3_bucket_consumer to None, run_after=None
[2026-08-12T04:59:05.925+0000] {logging_mixin.py:190} INFO - [2026-08-12T04:59:05.925+0000] {dag.py:4138} INFO - Setting next_dagrun for dataset_s3_bucket_producer to None, run_after=None
[2026-08-12T04:59:05.949+0000] {processor.py:208} INFO - Processing /home/airflow/.local/lib/python3.12/site-packages/airflow/example_dags/example_dataset_alias.py took 0.549 seconds
[2026-08-12T04:59:36.443+0000] {processor.py:186} INFO - Started process (PID=3344) to work on /home/airflow/.local/lib/python3.12/site-packages/airflow/example_dags/example_dataset_alias.py
[2026-08-12T04:59:36.445+0000] {processor.py:914} INFO - Processing file /home/airflow/.local/lib/python3.12/site-packages/airflow/example_dags/example_dataset_alias.py for tasks to queue
[2026-08-12T04:59:36.449+0000] {logging_mixin.py:190} INFO - [2026-08-12T04:59:36.449+0000] {dagbag.py:587} INFO - Filling up the DagBag from /home/airflow/.local/lib/python3.12/site-packages/airflow/example_dags/example_dataset_alias.py
[2026-08-12T04:59:36.785+0000] {processor.py:925} INFO - DAG(s) 'dataset_s3_bucket_producer', 'dataset_alias_example_alias_producer', 'dataset_s3_bucket_consumer', 'dataset_alias_example_alias_consumer' retrieved from /home/airflow/.local/lib/python3.12/site-packages/airflow/example_dags/example_dataset_alias.py
[2026-08-12T04:59:36.807+0000] {logging_mixin.py:190} INFO - [2026-08-12T04:59:36.807+0000] {dag.py:3211} INFO - Sync 4 DAGs
[2026-08-12T04:59:36.828+0000] {logging_mixin.py:190} INFO - [2026-08-12T04:59:36.828+0000] {dag.py:4138} INFO - Setting next_dagrun for dataset_alias_example_alias_consumer to None, run_after=None
[2026-08-12T04:59:36.833+0000] {logging_mixin.py:190} INFO - [2026-08-12T04:59:36.833+0000] {dag.py:4138} INFO - Setting next_dagrun for dataset_alias_example_alias_producer to None, run_after=None
[2026-08-12T04:59:36.836+0000] {logging_mixin.py:190} INFO - [2026-08-12T04:59:36.836+0000] {dag.py:4138} INFO - Setting next_dagrun for dataset_s3_bucket_consumer to None, run_after=None
[2026-08-12T04:59:36.839+0000] {logging_mixin.py:190} INFO - [2026-08-12T04:59:36.838+0000] {dag.py:4138} INFO - Setting next_dagrun for dataset_s3_bucket_producer to None, run_after=None
[2026-08-12T04:59:36.864+0000] {processor.py:208} INFO - Processing /home/airflow/.local/lib/python3.12/site-packages/airflow/example_dags/example_dataset_alias.py took 0.427 seconds
[2026-08-12T05:00:07.147+0000] {processor.py:186} INFO - Started process (PID=3407) to work on /home/airflow/.local/lib/python3.12/site-packages/airflow/example_dags/example_dataset_alias.py
[2026-08-12T05:00:07.150+0000] {processor.py:914} INFO - Processing file /home/airflow/.local/lib/python3.12/site-packages/airflow/example_dags/example_dataset_alias.py for tasks to queue
[2026-08-12T05:00:07.158+0000] {logging_mixin.py:190} INFO - [2026-08-12T05:00:07.157+0000] {dagbag.py:587} INFO - Filling up the DagBag from /home/airflow/.local/lib/python3.12/site-packages/airflow/example_dags/example_dataset_alias.py
[2026-08-12T05:00:07.505+0000] {processor.py:925} INFO - DAG(s) 'dataset_s3_bucket_producer', 'dataset_s3_bucket_consumer', 'dataset_alias_example_alias_producer', 'dataset_alias_example_alias_consumer' retrieved from /home/airflow/.local/lib/python3.12/site-packages/airflow/example_dags/example_dataset_alias.py
[2026-08-12T05:00:07.527+0000] {logging_mixin.py:190} INFO - [2026-08-12T05:00:07.527+0000] {dag.py:3211} INFO - Sync 4 DAGs
[2026-08-12T05:00:07.549+0000] {logging_mixin.py:190} INFO - [2026-08-12T05:00:07.549+0000] {dag.py:4138} INFO - Setting next_dagrun for dataset_alias_example_alias_consumer to None, run_after=None
[2026-08-12T05:00:07.553+0000] {logging_mixin.py:190} INFO - [2026-08-12T05:00:07.553+0000] {dag.py:4138} INFO - Setting next_dagrun for dataset_alias_example_alias_producer to None, run_after=None
[2026-08-12T05:00:07.556+0000] {logging_mixin.py:190} INFO - [2026-08-12T05:00:07.556+0000] {dag.py:4138} INFO - Setting next_dagrun for dataset_s3_bucket_consumer to None, run_after=None
[2026-08-12T05:00:07.559+0000] {logging_mixin.py:190} INFO - [2026-08-12T05:00:07.558+0000] {dag.py:4138} INFO - Setting next_dagrun for dataset_s3_bucket_producer to None, run_after=None
[2026-08-12T05:00:07.583+0000] {processor.py:208} INFO - Processing /home/airflow/.local/lib/python3.12/site-packages/airflow/example_dags/example_dataset_alias.py took 0.444 seconds
[2026-08-12T05:00:37.757+0000] {processor.py:186} INFO - Started process (PID=3471) to work on /home/airflow/.local/lib/python3.12/site-packages/airflow/example_dags/example_dataset_alias.py
[2026-08-12T05:00:37.759+0000] {processor.py:914} INFO - Processing file /home/airflow/.local/lib/python3.12/site-packages/airflow/example_dags/example_dataset_alias.py for tasks to queue
[2026-08-12T05:00:37.763+0000] {logging_mixin.py:190} INFO - [2026-08-12T05:00:37.763+0000] {dagbag.py:587} INFO - Filling up the DagBag from /home/airflow/.local/lib/python3.12/site-packages/airflow/example_dags/example_dataset_alias.py
[2026-08-12T05:00:38.076+0000] {processor.py:925} INFO - DAG(s) 'dataset_alias_example_alias_consumer', 'dataset_s3_bucket_producer', 'dataset_s3_bucket_consumer', 'dataset_alias_example_alias_producer' retrieved from /home/airflow/.local/lib/python3.12/site-packages/airflow/example_dags/example_dataset_alias.py
[2026-08-12T05:00:38.100+0000] {logging_mixin.py:190} INFO - [2026-08-12T05:00:38.100+0000] {dag.py:3211} INFO - Sync 4 DAGs
[2026-08-12T05:00:38.121+0000] {logging_mixin.py:190} INFO - [2026-08-12T05:00:38.121+0000] {dag.py:4138} INFO - Setting next_dagrun for dataset_alias_example_alias_consumer to None, run_after=None
[2026-08-12T05:00:38.125+0000] {logging_mixin.py:190} INFO - [2026-08-12T05:00:38.125+0000] {dag.py:4138} INFO - Setting next_dagrun for dataset_alias_example_alias_producer to None, run_after=None
[2026-08-12T05:00:38.129+0000] {logging_mixin.py:190} INFO - [2026-08-12T05:00:38.129+0000] {dag.py:4138} INFO - Setting next_dagrun for dataset_s3_bucket_consumer to None, run_after=None
[2026-08-12T05:00:38.132+0000] {logging_mixin.py:190} INFO - [2026-08-12T05:00:38.131+0000] {dag.py:4138} INFO - Setting next_dagrun for dataset_s3_bucket_producer to None, run_after=None
[2026-08-12T05:00:38.152+0000] {processor.py:208} INFO - Processing /home/airflow/.local/lib/python3.12/site-packages/airflow/example_dags/example_dataset_alias.py took 0.402 seconds
[2026-08-12T05:01:08.305+0000] {processor.py:186} INFO - Started process (PID=3534) to work on /home/airflow/.local/lib/python3.12/site-packages/airflow/example_dags/example_dataset_alias.py
[2026-08-12T05:01:08.308+0000] {processor.py:914} INFO - Processing file /home/airflow/.local/lib/python3.12/site-packages/airflow/example_dags/example_dataset_alias.py for tasks to queue
[2026-08-12T05:01:08.312+0000] {logging_mixin.py:190} INFO - [2026-08-12T05:01:08.312+0000] {dagbag.py:587} INFO - Filling up the DagBag from /home/airflow/.local/lib/python3.12/site-packages/airflow/example_dags/example_dataset_alias.py
[2026-08-12T05:01:08.763+0000] {processor.py:925} INFO - DAG(s) 'dataset_s3_bucket_consumer', 'dataset_alias_example_alias_producer', 'dataset_alias_example_alias_consumer', 'dataset_s3_bucket_producer' retrieved from /home/airflow/.local/lib/python3.12/site-packages/airflow/example_dags/example_dataset_alias.py
[2026-08-12T05:01:08.796+0000] {logging_mixin.py:190} INFO - [2026-08-12T05:01:08.796+0000] {dag.py:3211} INFO - Sync 4 DAGs
[2026-08-12T05:01:08.827+0000] {logging_mixin.py:190} INFO - [2026-08-12T05:01:08.827+0000] {dag.py:4138} INFO - Setting next_dagrun for dataset_alias_example_alias_consumer to None, run_after=None
[2026-08-12T05:01:08.833+0000] {logging_mixin.py:190} INFO - [2026-08-12T05:01:08.833+0000] {dag.py:4138} INFO - Setting next_dagrun for dataset_alias_example_alias_producer to None, run_after=None
[2026-08-12T05:01:08.838+0000] {logging_mixin.py:190} INFO - [2026-08-12T05:01:08.838+0000] {dag.py:4138} INFO - Setting next_dagrun for dataset_s3_bucket_consumer to None, run_after=None
[2026-08-12T05:01:08.843+0000] {logging_mixin.py:190} INFO - [2026-08-12T05:01:08.842+0000] {dag.py:4138} INFO - Setting next_dagrun for dataset_s3_bucket_producer to None, run_after=None
[2026-08-12T05:01:08.878+0000] {processor.py:208} INFO - Processing /home/airflow/.local/lib/python3.12/site-packages/airflow/example_dags/example_dataset_alias.py took 0.581 seconds
[2026-08-12T05:01:39.053+0000] {processor.py:186} INFO - Started process (PID=3597) to work on /home/airflow/.local/lib/python3.12/site-packages/airflow/example_dags/example_dataset_alias.py
[2026-08-12T05:01:39.055+0000] {processor.py:914} INFO - Processing file /home/airflow/.local/lib/python3.12/site-packages/airflow/example_dags/example_dataset_alias.py for tasks to queue
[2026-08-12T05:01:39.060+0000] {logging_mixin.py:190} INFO - [2026-08-12T05:01:39.060+0000] {dagbag.py:587} INFO - Filling up the DagBag from /home/airflow/.local/lib/python3.12/site-packages/airflow/example_dags/example_dataset_alias.py
[2026-08-12T05:01:39.456+0000] {processor.py:925} INFO - DAG(s) 'dataset_s3_bucket_producer', 'dataset_alias_example_alias_producer', 'dataset_s3_bucket_consumer', 'dataset_alias_example_alias_consumer' retrieved from /home/airflow/.local/lib/python3.12/site-packages/airflow/example_dags/example_dataset_alias.py
[2026-08-12T05:01:39.491+0000] {logging_mixin.py:190} INFO - [2026-08-12T05:01:39.490+0000] {dag.py:3211} INFO - Sync 4 DAGs
[2026-08-12T05:01:39.516+0000] {logging_mixin.py:190} INFO - [2026-08-12T05:01:39.515+0000] {dag.py:4138} INFO - Setting next_dagrun for dataset_alias_example_alias_consumer to None, run_after=None
[2026-08-12T05:01:39.521+0000] {logging_mixin.py:190} INFO - [2026-08-12T05:01:39.520+0000] {dag.py:4138} INFO - Setting next_dagrun for dataset_alias_example_alias_producer to None, run_after=None
[2026-08-12T05:01:39.524+0000] {logging_mixin.py:190} INFO - [2026-08-12T05:01:39.524+0000] {dag.py:4138} INFO - Setting next_dagrun for dataset_s3_bucket_consumer to None, run_after=None
[2026-08-12T05:01:39.528+0000] {logging_mixin.py:190} INFO - [2026-08-12T05:01:39.527+0000] {dag.py:4138} INFO - Setting next_dagrun for dataset_s3_bucket_producer to None, run_after=None
[2026-08-12T05:01:39.565+0000] {processor.py:208} INFO - Processing /home/airflow/.local/lib/python3.12/site-packages/airflow/example_dags/example_dataset_alias.py took 0.519 seconds
[2026-08-12T05:02:09.827+0000] {processor.py:186} INFO - Started process (PID=3661) to work on /home/airflow/.local/lib/python3.12/site-packages/airflow/example_dags/example_dataset_alias.py
[2026-08-12T05:02:09.830+0000] {processor.py:914} INFO - Processing file /home/airflow/.local/lib/python3.12/site-packages/airflow/example_dags/example_dataset_alias.py for tasks to queue
[2026-08-12T05:02:09.834+0000] {logging_mixin.py:190} INFO - [2026-08-12T05:02:09.834+0000] {dagbag.py:587} INFO - Filling up the DagBag from /home/airflow/.local/lib/python3.12/site-packages/airflow/example_dags/example_dataset_alias.py
[2026-08-12T05:02:10.196+0000] {processor.py:925} INFO - DAG(s) 'dataset_alias_example_alias_consumer', 'dataset_s3_bucket_producer', 'dataset_alias_example_alias_producer', 'dataset_s3_bucket_consumer' retrieved from /home/airflow/.local/lib/python3.12/site-packages/airflow/example_dags/example_dataset_alias.py
[2026-08-12T05:02:10.225+0000] {logging_mixin.py:190} INFO - [2026-08-12T05:02:10.225+0000] {dag.py:3211} INFO - Sync 4 DAGs
[2026-08-12T05:02:10.250+0000] {logging_mixin.py:190} INFO - [2026-08-12T05:02:10.250+0000] {dag.py:4138} INFO - Setting next_dagrun for dataset_alias_example_alias_consumer to None, run_after=None
[2026-08-12T05:02:10.253+0000] {logging_mixin.py:190} INFO - [2026-08-12T05:02:10.253+0000] {dag.py:4138} INFO - Setting next_dagrun for dataset_alias_example_alias_producer to None, run_after=None
[2026-08-12T05:02:10.256+0000] {logging_mixin.py:190} INFO - [2026-08-12T05:02:10.256+0000] {dag.py:4138} INFO - Setting next_dagrun for dataset_s3_bucket_consumer to None, run_after=None
[2026-08-12T05:02:10.258+0000] {logging_mixin.py:190} INFO - [2026-08-12T05:02:10.258+0000] {dag.py:4138} INFO - Setting next_dagrun for dataset_s3_bucket_producer to None, run_after=None
[2026-08-12T05:02:10.287+0000] {processor.py:208} INFO - Processing /home/airflow/.local/lib/python3.12/site-packages/airflow/example_dags/example_dataset_alias.py took 0.467 seconds
[2026-08-12T05:02:40.598+0000] {processor.py:186} INFO - Started process (PID=3724) to work on /home/airflow/.local/lib/python3.12/site-packages/airflow/example_dags/example_dataset_alias.py
[2026-08-12T05:02:40.600+0000] {processor.py:914} INFO - Processing file /home/airflow/.local/lib/python3.12/site-packages/airflow/example_dags/example_dataset_alias.py for tasks to queue
[2026-08-12T05:02:40.606+0000] {logging_mixin.py:190} INFO - [2026-08-12T05:02:40.606+0000] {dagbag.py:587} INFO - Filling up the DagBag from /home/airflow/.local/lib/python3.12/site-packages/airflow/example_dags/example_dataset_alias.py
[2026-08-12T05:02:41.059+0000] {processor.py:925} INFO - DAG(s) 'dataset_alias_example_alias_producer', 'dataset_s3_bucket_consumer', 'dataset_s3_bucket_producer', 'dataset_alias_example_alias_consumer' retrieved from /home/airflow/.local/lib/python3.12/site-packages/airflow/example_dags/example_dataset_alias.py
[2026-08-12T05:02:41.107+0000] {logging_mixin.py:190} INFO - [2026-08-12T05:02:41.106+0000] {dag.py:3211} INFO - Sync 4 DAGs
[2026-08-12T05:02:41.156+0000] {logging_mixin.py:190} INFO - [2026-08-12T05:02:41.155+0000] {dag.py:4138} INFO - Setting next_dagrun for dataset_alias_example_alias_consumer to None, run_after=None
[2026-08-12T05:02:41.163+0000] {logging_mixin.py:190} INFO - [2026-08-12T05:02:41.162+0000] {dag.py:4138} INFO - Setting next_dagrun for dataset_alias_example_alias_producer to None, run_after=None
[2026-08-12T05:02:41.168+0000] {logging_mixin.py:190} INFO - [2026-08-12T05:02:41.167+0000] {dag.py:4138} INFO - Setting next_dagrun for dataset_s3_bucket_consumer to None, run_after=None
[2026-08-12T05:02:41.174+0000] {logging_mixin.py:190} INFO - [2026-08-12T05:02:41.173+0000] {dag.py:4138} INFO - Setting next_dagrun for dataset_s3_bucket_producer to None, run_after=None
[2026-08-12T05:02:41.218+0000] {processor.py:208} INFO - Processing /home/airflow/.local/lib/python3.12/site-packages/airflow/example_dags/example_dataset_alias.py took 0.627 seconds
[2026-08-12T05:03:11.966+0000] {processor.py:186} INFO - Started process (PID=3787) to work on /home/airflow/.local/lib/python3.12/site-packages/airflow/example_dags/example_dataset_alias.py
[2026-08-12T05:03:11.969+0000] {processor.py:914} INFO - Processing file /home/airflow/.local/lib/python3.12/site-packages/airflow/example_dags/example_dataset_alias.py for tasks to queue
[2026-08-12T05:03:11.972+0000] {logging_mixin.py:190} INFO - [2026-08-12T05:03:11.972+0000] {dagbag.py:587} INFO - Filling up the DagBag from /home/airflow/.local/lib/python3.12/site-packages/airflow/example_dags/example_dataset_alias.py
[2026-08-12T05:03:12.363+0000] {processor.py:925} INFO - DAG(s) 'dataset_s3_bucket_producer', 'dataset_s3_bucket_consumer', 'dataset_alias_example_alias_consumer', 'dataset_alias_example_alias_producer' retrieved from /home/airflow/.local/lib/python3.12/site-packages/airflow/example_dags/example_dataset_alias.py
[2026-08-12T05:03:12.392+0000] {logging_mixin.py:190} INFO - [2026-08-12T05:03:12.391+0000] {dag.py:3211} INFO - Sync 4 DAGs
[2026-08-12T05:03:12.416+0000] {logging_mixin.py:190} INFO - [2026-08-12T05:03:12.416+0000] {dag.py:4138} INFO - Setting next_dagrun for dataset_alias_example_alias_consumer to None, run_after=None
[2026-08-12T05:03:12.421+0000] {logging_mixin.py:190} INFO - [2026-08-12T05:03:12.421+0000] {dag.py:4138} INFO - Setting next_dagrun for dataset_alias_example_alias_producer to None, run_after=None
[2026-08-12T05:03:12.424+0000] {logging_mixin.py:190} INFO - [2026-08-12T05:03:12.424+0000] {dag.py:4138} INFO - Setting next_dagrun for dataset_s3_bucket_consumer to None, run_after=None
[2026-08-12T05:03:12.427+0000] {logging_mixin.py:190} INFO - [2026-08-12T05:03:12.427+0000] {dag.py:4138} INFO - Setting next_dagrun for dataset_s3_bucket_producer to None, run_after=None
[2026-08-12T05:03:12.454+0000] {processor.py:208} INFO - Processing /home/airflow/.local/lib/python3.12/site-packages/airflow/example_dags/example_dataset_alias.py took 0.494 seconds
[2026-08-12T05:03:42.823+0000] {processor.py:186} INFO - Started process (PID=3850) to work on /home/airflow/.local/lib/python3.12/site-packages/airflow/example_dags/example_dataset_alias.py
[2026-08-12T05:03:42.825+0000] {processor.py:914} INFO - Processing file /home/airflow/.local/lib/python3.12/site-packages/airflow/example_dags/example_dataset_alias.py for tasks to queue
[2026-08-12T05:03:42.831+0000] {logging_mixin.py:190} INFO - [2026-08-12T05:03:42.830+0000] {dagbag.py:587} INFO - Filling up the DagBag from /home/airflow/.local/lib/python3.12/site-packages/airflow/example_dags/example_dataset_alias.py
[2026-08-12T05:03:43.423+0000] {processor.py:925} INFO - DAG(s) 'dataset_s3_bucket_producer', 'dataset_alias_example_alias_producer', 'dataset_s3_bucket_consumer', 'dataset_alias_example_alias_consumer' retrieved from /home/airflow/.local/lib/python3.12/site-packages/airflow/example_dags/example_dataset_alias.py
[2026-08-12T05:03:43.459+0000] {logging_mixin.py:190} INFO - [2026-08-12T05:03:43.458+0000] {dag.py:3211} INFO - Sync 4 DAGs
[2026-08-12T05:03:43.488+0000] {logging_mixin.py:190} INFO - [2026-08-12T05:03:43.488+0000] {dag.py:4138} INFO - Setting next_dagrun for dataset_alias_example_alias_consumer to None, run_after=None
[2026-08-12T05:03:43.494+0000] {logging_mixin.py:190} INFO - [2026-08-12T05:03:43.494+0000] {dag.py:4138} INFO - Setting next_dagrun for dataset_alias_example_alias_producer to None, run_after=None
[2026-08-12T05:03:43.498+0000] {logging_mixin.py:190} INFO - [2026-08-12T05:03:43.498+0000] {dag.py:4138} INFO - Setting next_dagrun for dataset_s3_bucket_consumer to None, run_after=None
[2026-08-12T05:03:43.502+0000] {logging_mixin.py:190} INFO - [2026-08-12T05:03:43.502+0000] {dag.py:4138} INFO - Setting next_dagrun for dataset_s3_bucket_producer to None, run_after=None
[2026-08-12T05:03:43.541+0000] {processor.py:208} INFO - Processing /home/airflow/.local/lib/python3.12/site-packages/airflow/example_dags/example_dataset_alias.py took 0.727 seconds
[2026-08-12T05:04:13.615+0000] {processor.py:186} INFO - Started process (PID=3914) to work on /home/airflow/.local/lib/python3.12/site-packages/airflow/example_dags/example_dataset_alias.py
[2026-08-12T05:04:13.618+0000] {processor.py:914} INFO - Processing file /home/airflow/.local/lib/python3.12/site-packages/airflow/example_dags/example_dataset_alias.py for tasks to queue
[2026-08-12T05:04:13.622+0000] {logging_mixin.py:190} INFO - [2026-08-12T05:04:13.622+0000] {dagbag.py:587} INFO - Filling up the DagBag from /home/airflow/.local/lib/python3.12/site-packages/airflow/example_dags/example_dataset_alias.py
[2026-08-12T05:04:13.998+0000] {processor.py:925} INFO - DAG(s) 'dataset_alias_example_alias_producer', 'dataset_s3_bucket_consumer', 'dataset_s3_bucket_producer', 'dataset_alias_example_alias_consumer' retrieved from /home/airflow/.local/lib/python3.12/site-packages/airflow/example_dags/example_dataset_alias.py
[2026-08-12T05:04:14.027+0000] {logging_mixin.py:190} INFO - [2026-08-12T05:04:14.026+0000] {dag.py:3211} INFO - Sync 4 DAGs
[2026-08-12T05:04:14.053+0000] {logging_mixin.py:190} INFO - [2026-08-12T05:04:14.052+0000] {dag.py:4138} INFO - Setting next_dagrun for dataset_alias_example_alias_consumer to None, run_after=None
[2026-08-12T05:04:14.058+0000] {logging_mixin.py:190} INFO - [2026-08-12T05:04:14.057+0000] {dag.py:4138} INFO - Setting next_dagrun for dataset_alias_example_alias_producer to None, run_after=None
[2026-08-12T05:04:14.062+0000] {logging_mixin.py:190} INFO - [2026-08-12T05:04:14.061+0000] {dag.py:4138} INFO - Setting next_dagrun for dataset_s3_bucket_consumer to None, run_after=None
[2026-08-12T05:04:14.065+0000] {logging_mixin.py:190} INFO - [2026-08-12T05:04:14.065+0000] {dag.py:4138} INFO - Setting next_dagrun for dataset_s3_bucket_producer to None, run_after=None
[2026-08-12T05:04:14.098+0000] {processor.py:208} INFO - Processing /home/airflow/.local/lib/python3.12/site-packages/airflow/example_dags/example_dataset_alias.py took 0.489 seconds
[2026-08-12T05:04:44.556+0000] {processor.py:186} INFO - Started process (PID=3977) to work on /home/airflow/.local/lib/python3.12/site-packages/airflow/example_dags/example_dataset_alias.py
[2026-08-12T05:04:44.559+0000] {processor.py:914} INFO - Processing file /home/airflow/.local/lib/python3.12/site-packages/airflow/example_dags/example_dataset_alias.py for tasks to queue
[2026-08-12T05:04:44.564+0000] {logging_mixin.py:190} INFO - [2026-08-12T05:04:44.564+0000] {dagbag.py:587} INFO - Filling up the DagBag from /home/airflow/.local/lib/python3.12/site-packages/airflow/example_dags/example_dataset_alias.py
[2026-08-12T05:04:45.035+0000] {processor.py:925} INFO - DAG(s) 'dataset_alias_example_alias_consumer', 'dataset_s3_bucket_producer', 'dataset_alias_example_alias_producer', 'dataset_s3_bucket_consumer' retrieved from /home/airflow/.local/lib/python3.12/site-packages/airflow/example_dags/example_dataset_alias.py
[2026-08-12T05:04:45.079+0000] {logging_mixin.py:190} INFO - [2026-08-12T05:04:45.079+0000] {dag.py:3211} INFO - Sync 4 DAGs
[2026-08-12T05:04:45.115+0000] {logging_mixin.py:190} INFO - [2026-08-12T05:04:45.114+0000] {dag.py:4138} INFO - Setting next_dagrun for dataset_alias_example_alias_consumer to None, run_after=None
[2026-08-12T05:04:45.121+0000] {logging_mixin.py:190} INFO - [2026-08-12T05:04:45.121+0000] {dag.py:4138} INFO - Setting next_dagrun for dataset_alias_example_alias_producer to None, run_after=None
[2026-08-12T05:04:45.126+0000] {logging_mixin.py:190} INFO - [2026-08-12T05:04:45.125+0000] {dag.py:4138} INFO - Setting next_dagrun for dataset_s3_bucket_consumer to None, run_after=None
[2026-08-12T05:04:45.130+0000] {logging_mixin.py:190} INFO - [2026-08-12T05:04:45.130+0000] {dag.py:4138} INFO - Setting next_dagrun for dataset_s3_bucket_producer to None, run_after=None
[2026-08-12T05:04:45.179+0000] {processor.py:208} INFO - Processing /home/airflow/.local/lib/python3.12/site-packages/airflow/example_dags/example_dataset_alias.py took 0.630 seconds
[2026-08-12T05:05:15.906+0000] {processor.py:186} INFO - Started process (PID=4040) to work on /home/airflow/.local/lib/python3.12/site-packages/airflow/example_dags/example_dataset_alias.py
[2026-08-12T05:05:15.909+0000] {processor.py:914} INFO - Processing file /home/airflow/.local/lib/python3.12/site-packages/airflow/example_dags/example_dataset_alias.py for tasks to queue
[2026-08-12T05:05:15.915+0000] {logging_mixin.py:190} INFO - [2026-08-12T05:05:15.914+0000] {dagbag.py:587} INFO - Filling up the DagBag from /home/airflow/.local/lib/python3.12/site-packages/airflow/example_dags/example_dataset_alias.py
[2026-08-12T05:05:16.335+0000] {processor.py:925} INFO - DAG(s) 'dataset_s3_bucket_producer', 'dataset_s3_bucket_consumer', 'dataset_alias_example_alias_consumer', 'dataset_alias_example_alias_producer' retrieved from /home/airflow/.local/lib/python3.12/site-packages/airflow/example_dags/example_dataset_alias.py
[2026-08-12T05:05:16.360+0000] {logging_mixin.py:190} INFO - [2026-08-12T05:05:16.360+0000] {dag.py:3211} INFO - Sync 4 DAGs
[2026-08-12T05:05:16.383+0000] {logging_mixin.py:190} INFO - [2026-08-12T05:05:16.383+0000] {dag.py:4138} INFO - Setting next_dagrun for dataset_alias_example_alias_consumer to None, run_after=None
[2026-08-12T05:05:16.388+0000] {logging_mixin.py:190} INFO - [2026-08-12T05:05:16.387+0000] {dag.py:4138} INFO - Setting next_dagrun for dataset_alias_example_alias_producer to None, run_after=None
[2026-08-12T05:05:16.390+0000] {logging_mixin.py:190} INFO - [2026-08-12T05:05:16.390+0000] {dag.py:4138} INFO - Setting next_dagrun for dataset_s3_bucket_consumer to None, run_after=None
[2026-08-12T05:05:16.394+0000] {logging_mixin.py:190} INFO - [2026-08-12T05:05:16.393+0000] {dag.py:4138} INFO - Setting next_dagrun for dataset_s3_bucket_producer to None, run_after=None
[2026-08-12T05:05:16.444+0000] {processor.py:208} INFO - Processing /home/airflow/.local/lib/python3.12/site-packages/airflow/example_dags/example_dataset_alias.py took 0.552 seconds
[2026-08-12T05:05:46.782+0000] {processor.py:186} INFO - Started process (PID=4103) to work on /home/airflow/.local/lib/python3.12/site-packages/airflow/example_dags/example_dataset_alias.py
[2026-08-12T05:05:46.785+0000] {processor.py:914} INFO - Processing file /home/airflow/.local/lib/python3.12/site-packages/airflow/example_dags/example_dataset_alias.py for tasks to queue
[2026-08-12T05:05:46.790+0000] {logging_mixin.py:190} INFO - [2026-08-12T05:05:46.789+0000] {dagbag.py:587} INFO - Filling up the DagBag from /home/airflow/.local/lib/python3.12/site-packages/airflow/example_dags/example_dataset_alias.py
[2026-08-12T05:05:46.999+0000] {processor.py:925} INFO - DAG(s) 'dataset_alias_example_alias_producer', 'dataset_s3_bucket_producer', 'dataset_alias_example_alias_consumer', 'dataset_s3_bucket_consumer' retrieved from /home/airflow/.local/lib/python3.12/site-packages/airflow/example_dags/example_dataset_alias.py
[2026-08-12T05:05:47.029+0000] {logging_mixin.py:190} INFO - [2026-08-12T05:05:47.029+0000] {dag.py:3211} INFO - Sync 4 DAGs
[2026-08-12T05:05:47.058+0000] {logging_mixin.py:190} INFO - [2026-08-12T05:05:47.058+0000] {dag.py:4138} INFO - Setting next_dagrun for dataset_alias_example_alias_consumer to None, run_after=None
[2026-08-12T05:05:47.064+0000] {logging_mixin.py:190} INFO - [2026-08-12T05:05:47.063+0000] {dag.py:4138} INFO - Setting next_dagrun for dataset_alias_example_alias_producer to None, run_after=None
[2026-08-12T05:05:47.067+0000] {logging_mixin.py:190} INFO - [2026-08-12T05:05:47.067+0000] {dag.py:4138} INFO - Setting next_dagrun for dataset_s3_bucket_consumer to None, run_after=None
[2026-08-12T05:05:47.073+0000] {logging_mixin.py:190} INFO - [2026-08-12T05:05:47.073+0000] {dag.py:4138} INFO - Setting next_dagrun for dataset_s3_bucket_producer to None, run_after=None
[2026-08-12T05:05:47.116+0000] {processor.py:208} INFO - Processing /home/airflow/.local/lib/python3.12/site-packages/airflow/example_dags/example_dataset_alias.py took 0.340 seconds
[2026-08-12T05:06:17.316+0000] {processor.py:186} INFO - Started process (PID=4166) to work on /home/airflow/.local/lib/python3.12/site-packages/airflow/example_dags/example_dataset_alias.py
[2026-08-12T05:06:17.318+0000] {processor.py:914} INFO - Processing file /home/airflow/.local/lib/python3.12/site-packages/airflow/example_dags/example_dataset_alias.py for tasks to queue
[2026-08-12T05:06:17.322+0000] {logging_mixin.py:190} INFO - [2026-08-12T05:06:17.321+0000] {dagbag.py:587} INFO - Filling up the DagBag from /home/airflow/.local/lib/python3.12/site-packages/airflow/example_dags/example_dataset_alias.py
[2026-08-12T05:06:17.486+0000] {processor.py:925} INFO - DAG(s) 'dataset_alias_example_alias_producer', 'dataset_s3_bucket_producer', 'dataset_s3_bucket_consumer', 'dataset_alias_example_alias_consumer' retrieved from /home/airflow/.local/lib/python3.12/site-packages/airflow/example_dags/example_dataset_alias.py
[2026-08-12T05:06:17.514+0000] {logging_mixin.py:190} INFO - [2026-08-12T05:06:17.514+0000] {dag.py:3211} INFO - Sync 4 DAGs
[2026-08-12T05:06:17.544+0000] {logging_mixin.py:190} INFO - [2026-08-12T05:06:17.544+0000] {dag.py:4138} INFO - Setting next_dagrun for dataset_alias_example_alias_consumer to None, run_after=None
[2026-08-12T05:06:17.549+0000] {logging_mixin.py:190} INFO - [2026-08-12T05:06:17.549+0000] {dag.py:4138} INFO - Setting next_dagrun for dataset_alias_example_alias_producer to None, run_after=None
[2026-08-12T05:06:17.552+0000] {logging_mixin.py:190} INFO - [2026-08-12T05:06:17.552+0000] {dag.py:4138} INFO - Setting next_dagrun for dataset_s3_bucket_consumer to None, run_after=None
[2026-08-12T05:06:17.555+0000] {logging_mixin.py:190} INFO - [2026-08-12T05:06:17.555+0000] {dag.py:4138} INFO - Setting next_dagrun for dataset_s3_bucket_producer to None, run_after=None
[2026-08-12T05:06:17.584+0000] {processor.py:208} INFO - Processing /home/airflow/.local/lib/python3.12/site-packages/airflow/example_dags/example_dataset_alias.py took 0.276 seconds
[2026-08-12T05:06:47.987+0000] {processor.py:186} INFO - Started process (PID=4230) to work on /home/airflow/.local/lib/python3.12/site-packages/airflow/example_dags/example_dataset_alias.py
[2026-08-12T05:06:47.990+0000] {processor.py:914} INFO - Processing file /home/airflow/.local/lib/python3.12/site-packages/airflow/example_dags/example_dataset_alias.py for tasks to queue
[2026-08-12T05:06:47.994+0000] {logging_mixin.py:190} INFO - [2026-08-12T05:06:47.993+0000] {dagbag.py:587} INFO - Filling up the DagBag from /home/airflow/.local/lib/python3.12/site-packages/airflow/example_dags/example_dataset_alias.py
[2026-08-12T05:06:48.154+0000] {processor.py:925} INFO - DAG(s) 'dataset_s3_bucket_producer', 'dataset_s3_bucket_consumer', 'dataset_alias_example_alias_producer', 'dataset_alias_example_alias_consumer' retrieved from /home/airflow/.local/lib/python3.12/site-packages/airflow/example_dags/example_dataset_alias.py
[2026-08-12T05:06:48.183+0000] {logging_mixin.py:190} INFO - [2026-08-12T05:06:48.183+0000] {dag.py:3211} INFO - Sync 4 DAGs
[2026-08-12T05:06:48.209+0000] {logging_mixin.py:190} INFO - [2026-08-12T05:06:48.209+0000] {dag.py:4138} INFO - Setting next_dagrun for dataset_alias_example_alias_consumer to None, run_after=None
[2026-08-12T05:06:48.213+0000] {logging_mixin.py:190} INFO - [2026-08-12T05:06:48.213+0000] {dag.py:4138} INFO - Setting next_dagrun for dataset_alias_example_alias_producer to None, run_after=None
[2026-08-12T05:06:48.216+0000] {logging_mixin.py:190} INFO - [2026-08-12T05:06:48.216+0000] {dag.py:4138} INFO - Setting next_dagrun for dataset_s3_bucket_consumer to None, run_after=None
[2026-08-12T05:06:48.220+0000] {logging_mixin.py:190} INFO - [2026-08-12T05:06:48.219+0000] {dag.py:4138} INFO - Setting next_dagrun for dataset_s3_bucket_producer to None, run_after=None
[2026-08-12T05:06:48.248+0000] {processor.py:208} INFO - Processing /home/airflow/.local/lib/python3.12/site-packages/airflow/example_dags/example_dataset_alias.py took 0.268 seconds
[2026-08-12T05:07:18.772+0000] {processor.py:186} INFO - Started process (PID=4294) to work on /home/airflow/.local/lib/python3.12/site-packages/airflow/example_dags/example_dataset_alias.py
[2026-08-12T05:07:18.774+0000] {processor.py:914} INFO - Processing file /home/airflow/.local/lib/python3.12/site-packages/airflow/example_dags/example_dataset_alias.py for tasks to queue
[2026-08-12T05:07:18.778+0000] {logging_mixin.py:190} INFO - [2026-08-12T05:07:18.778+0000] {dagbag.py:587} INFO - Filling up the DagBag from /home/airflow/.local/lib/python3.12/site-packages/airflow/example_dags/example_dataset_alias.py
[2026-08-12T05:07:18.948+0000] {processor.py:925} INFO - DAG(s) 'dataset_alias_example_alias_consumer', 'dataset_s3_bucket_producer', 'dataset_alias_example_alias_producer', 'dataset_s3_bucket_consumer' retrieved from /home/airflow/.local/lib/python3.12/site-packages/airflow/example_dags/example_dataset_alias.py
[2026-08-12T05:07:18.975+0000] {logging_mixin.py:190} INFO - [2026-08-12T05:07:18.975+0000] {dag.py:3211} INFO - Sync 4 DAGs
[2026-08-12T05:07:19.004+0000] {logging_mixin.py:190} INFO - [2026-08-12T05:07:19.004+0000] {dag.py:4138} INFO - Setting next_dagrun for dataset_alias_example_alias_consumer to None, run_after=None
[2026-08-12T05:07:19.008+0000] {logging_mixin.py:190} INFO - [2026-08-12T05:07:19.008+0000] {dag.py:4138} INFO - Setting next_dagrun for dataset_alias_example_alias_producer to None, run_after=None
[2026-08-12T05:07:19.011+0000] {logging_mixin.py:190} INFO - [2026-08-12T05:07:19.011+0000] {dag.py:4138} INFO - Setting next_dagrun for dataset_s3_bucket_consumer to None, run_after=None
[2026-08-12T05:07:19.013+0000] {logging_mixin.py:190} INFO - [2026-08-12T05:07:19.013+0000] {dag.py:4138} INFO - Setting next_dagrun for dataset_s3_bucket_producer to None, run_after=None
[2026-08-12T05:07:19.043+0000] {processor.py:208} INFO - Processing /home/airflow/.local/lib/python3.12/site-packages/airflow/example_dags/example_dataset_alias.py took 0.279 seconds
[2026-08-12T05:07:49.111+0000] {processor.py:186} INFO - Started process (PID=4355) to work on /home/airflow/.local/lib/python3.12/site-packages/airflow/example_dags/example_dataset_alias.py
[2026-08-12T05:07:49.113+0000] {processor.py:914} INFO - Processing file /home/airflow/.local/lib/python3.12/site-packages/airflow/example_dags/example_dataset_alias.py for tasks to queue
[2026-08-12T05:07:49.117+0000] {logging_mixin.py:190} INFO - [2026-08-12T05:07:49.117+0000] {dagbag.py:587} INFO - Filling up the DagBag from /home/airflow/.local/lib/python3.12/site-packages/airflow/example_dags/example_dataset_alias.py
[2026-08-12T05:07:49.278+0000] {processor.py:925} INFO - DAG(s) 'dataset_s3_bucket_producer', 'dataset_s3_bucket_consumer', 'dataset_alias_example_alias_producer', 'dataset_alias_example_alias_consumer' retrieved from /home/airflow/.local/lib/python3.12/site-packages/airflow/example_dags/example_dataset_alias.py
[2026-08-12T05:07:49.300+0000] {logging_mixin.py:190} INFO - [2026-08-12T05:07:49.300+0000] {dag.py:3211} INFO - Sync 4 DAGs
[2026-08-12T05:07:49.325+0000] {logging_mixin.py:190} INFO - [2026-08-12T05:07:49.324+0000] {dag.py:4138} INFO - Setting next_dagrun for dataset_alias_example_alias_consumer to None, run_after=None
[2026-08-12T05:07:49.329+0000] {logging_mixin.py:190} INFO - [2026-08-12T05:07:49.329+0000] {dag.py:4138} INFO - Setting next_dagrun for dataset_alias_example_alias_producer to None, run_after=None
[2026-08-12T05:07:49.332+0000] {logging_mixin.py:190} INFO - [2026-08-12T05:07:49.332+0000] {dag.py:4138} INFO - Setting next_dagrun for dataset_s3_bucket_consumer to None, run_after=None
[2026-08-12T05:07:49.335+0000] {logging_mixin.py:190} INFO - [2026-08-12T05:07:49.335+0000] {dag.py:4138} INFO - Setting next_dagrun for dataset_s3_bucket_producer to None, run_after=None
[2026-08-12T05:07:49.362+0000] {processor.py:208} INFO - Processing /home/airflow/.local/lib/python3.12/site-packages/airflow/example_dags/example_dataset_alias.py took 0.258 seconds
[2026-08-12T05:08:19.551+0000] {processor.py:186} INFO - Started process (PID=4418) to work on /home/airflow/.local/lib/python3.12/site-packages/airflow/example_dags/example_dataset_alias.py
[2026-08-12T05:08:19.553+0000] {processor.py:914} INFO - Processing file /home/airflow/.local/lib/python3.12/site-packages/airflow/example_dags/example_dataset_alias.py for tasks to queue
[2026-08-12T05:08:19.558+0000] {logging_mixin.py:190} INFO - [2026-08-12T05:08:19.557+0000] {dagbag.py:587} INFO - Filling up the DagBag from /home/airflow/.local/lib/python3.12/site-packages/airflow/example_dags/example_dataset_alias.py
[2026-08-12T05:08:19.735+0000] {processor.py:925} INFO - DAG(s) 'dataset_s3_bucket_consumer', 'dataset_s3_bucket_producer', 'dataset_alias_example_alias_consumer', 'dataset_alias_example_alias_producer' retrieved from /home/airflow/.local/lib/python3.12/site-packages/airflow/example_dags/example_dataset_alias.py
[2026-08-12T05:08:19.768+0000] {logging_mixin.py:190} INFO - [2026-08-12T05:08:19.768+0000] {dag.py:3211} INFO - Sync 4 DAGs
[2026-08-12T05:08:19.802+0000] {logging_mixin.py:190} INFO - [2026-08-12T05:08:19.801+0000] {dag.py:4138} INFO - Setting next_dagrun for dataset_alias_example_alias_consumer to None, run_after=None
[2026-08-12T05:08:19.807+0000] {logging_mixin.py:190} INFO - [2026-08-12T05:08:19.806+0000] {dag.py:4138} INFO - Setting next_dagrun for dataset_alias_example_alias_producer to None, run_after=None
[2026-08-12T05:08:19.811+0000] {logging_mixin.py:190} INFO - [2026-08-12T05:08:19.811+0000] {dag.py:4138} INFO - Setting next_dagrun for dataset_s3_bucket_consumer to None, run_after=None
[2026-08-12T05:08:19.814+0000] {logging_mixin.py:190} INFO - [2026-08-12T05:08:19.814+0000] {dag.py:4138} INFO - Setting next_dagrun for dataset_s3_bucket_producer to None, run_after=None
[2026-08-12T05:08:19.853+0000] {processor.py:208} INFO - Processing /home/airflow/.local/lib/python3.12/site-packages/airflow/example_dags/example_dataset_alias.py took 0.309 seconds
[2026-08-12T05:08:50.015+0000] {processor.py:186} INFO - Started process (PID=4481) to work on /home/airflow/.local/lib/python3.12/site-packages/airflow/example_dags/example_dataset_alias.py
[2026-08-12T05:08:50.018+0000] {processor.py:914} INFO - Processing file /home/airflow/.local/lib/python3.12/site-packages/airflow/example_dags/example_dataset_alias.py for tasks to queue
[2026-08-12T05:08:50.023+0000] {logging_mixin.py:190} INFO - [2026-08-12T05:08:50.022+0000] {dagbag.py:587} INFO - Filling up the DagBag from /home/airflow/.local/lib/python3.12/site-packages/airflow/example_dags/example_dataset_alias.py
[2026-08-12T05:08:50.181+0000] {processor.py:925} INFO - DAG(s) 'dataset_s3_bucket_consumer', 'dataset_alias_example_alias_consumer', 'dataset_s3_bucket_producer', 'dataset_alias_example_alias_producer' retrieved from /home/airflow/.local/lib/python3.12/site-packages/airflow/example_dags/example_dataset_alias.py
[2026-08-12T05:08:50.206+0000] {logging_mixin.py:190} INFO - [2026-08-12T05:08:50.206+0000] {dag.py:3211} INFO - Sync 4 DAGs
[2026-08-12T05:08:50.231+0000] {logging_mixin.py:190} INFO - [2026-08-12T05:08:50.230+0000] {dag.py:4138} INFO - Setting next_dagrun for dataset_alias_example_alias_consumer to None, run_after=None
[2026-08-12T05:08:50.236+0000] {logging_mixin.py:190} INFO - [2026-08-12T05:08:50.235+0000] {dag.py:4138} INFO - Setting next_dagrun for dataset_alias_example_alias_producer to None, run_after=None
[2026-08-12T05:08:50.240+0000] {logging_mixin.py:190} INFO - [2026-08-12T05:08:50.239+0000] {dag.py:4138} INFO - Setting next_dagrun for dataset_s3_bucket_consumer to None, run_after=None
[2026-08-12T05:08:50.244+0000] {logging_mixin.py:190} INFO - [2026-08-12T05:08:50.244+0000] {dag.py:4138} INFO - Setting next_dagrun for dataset_s3_bucket_producer to None, run_after=None
[2026-08-12T05:08:50.274+0000] {processor.py:208} INFO - Processing /home/airflow/.local/lib/python3.12/site-packages/airflow/example_dags/example_dataset_alias.py took 0.265 seconds
[2026-08-12T05:09:20.659+0000] {processor.py:186} INFO - Started process (PID=4545) to work on /home/airflow/.local/lib/python3.12/site-packages/airflow/example_dags/example_dataset_alias.py
[2026-08-12T05:09:20.662+0000] {processor.py:914} INFO - Processing file /home/airflow/.local/lib/python3.12/site-packages/airflow/example_dags/example_dataset_alias.py for tasks to queue
[2026-08-12T05:09:20.667+0000] {logging_mixin.py:190} INFO - [2026-08-12T05:09:20.667+0000] {dagbag.py:587} INFO - Filling up the DagBag from /home/airflow/.local/lib/python3.12/site-packages/airflow/example_dags/example_dataset_alias.py
[2026-08-12T05:09:20.825+0000] {processor.py:925} INFO - DAG(s) 'dataset_s3_bucket_producer', 'dataset_alias_example_alias_producer', 'dataset_alias_example_alias_consumer', 'dataset_s3_bucket_consumer' retrieved from /home/airflow/.local/lib/python3.12/site-packages/airflow/example_dags/example_dataset_alias.py
[2026-08-12T05:09:20.849+0000] {logging_mixin.py:190} INFO - [2026-08-12T05:09:20.849+0000] {dag.py:3211} INFO - Sync 4 DAGs
[2026-08-12T05:09:20.877+0000] {logging_mixin.py:190} INFO - [2026-08-12T05:09:20.876+0000] {dag.py:4138} INFO - Setting next_dagrun for dataset_alias_example_alias_consumer to None, run_after=None
[2026-08-12T05:09:20.881+0000] {logging_mixin.py:190} INFO - [2026-08-12T05:09:20.881+0000] {dag.py:4138} INFO - Setting next_dagrun for dataset_alias_example_alias_producer to None, run_after=None
[2026-08-12T05:09:20.884+0000] {logging_mixin.py:190} INFO - [2026-08-12T05:09:20.884+0000] {dag.py:4138} INFO - Setting next_dagrun for dataset_s3_bucket_consumer to None, run_after=None
[2026-08-12T05:09:20.887+0000] {logging_mixin.py:190} INFO - [2026-08-12T05:09:20.887+0000] {dag.py:4138} INFO - Setting next_dagrun for dataset_s3_bucket_producer to None, run_after=None
[2026-08-12T05:09:20.915+0000] {processor.py:208} INFO - Processing /home/airflow/.local/lib/python3.12/site-packages/airflow/example_dags/example_dataset_alias.py took 0.264 seconds
[2026-08-12T05:09:51.131+0000] {processor.py:186} INFO - Started process (PID=4609) to work on /home/airflow/.local/lib/python3.12/site-packages/airflow/example_dags/example_dataset_alias.py
[2026-08-12T05:09:51.133+0000] {processor.py:914} INFO - Processing file /home/airflow/.local/lib/python3.12/site-packages/airflow/example_dags/example_dataset_alias.py for tasks to queue
[2026-08-12T05:09:51.137+0000] {logging_mixin.py:190} INFO - [2026-08-12T05:09:51.137+0000] {dagbag.py:587} INFO - Filling up the DagBag from /home/airflow/.local/lib/python3.12/site-packages/airflow/example_dags/example_dataset_alias.py
[2026-08-12T05:09:51.316+0000] {processor.py:925} INFO - DAG(s) 'dataset_s3_bucket_producer', 'dataset_s3_bucket_consumer', 'dataset_alias_example_alias_consumer', 'dataset_alias_example_alias_producer' retrieved from /home/airflow/.local/lib/python3.12/site-packages/airflow/example_dags/example_dataset_alias.py
[2026-08-12T05:09:51.345+0000] {logging_mixin.py:190} INFO - [2026-08-12T05:09:51.345+0000] {dag.py:3211} INFO - Sync 4 DAGs
[2026-08-12T05:09:51.370+0000] {logging_mixin.py:190} INFO - [2026-08-12T05:09:51.369+0000] {dag.py:4138} INFO - Setting next_dagrun for dataset_alias_example_alias_consumer to None, run_after=None
[2026-08-12T05:09:51.374+0000] {logging_mixin.py:190} INFO - [2026-08-12T05:09:51.374+0000] {dag.py:4138} INFO - Setting next_dagrun for dataset_alias_example_alias_producer to None, run_after=None
[2026-08-12T05:09:51.377+0000] {logging_mixin.py:190} INFO - [2026-08-12T05:09:51.377+0000] {dag.py:4138} INFO - Setting next_dagrun for dataset_s3_bucket_consumer to None, run_after=None
[2026-08-12T05:09:51.380+0000] {logging_mixin.py:190} INFO - [2026-08-12T05:09:51.380+0000] {dag.py:4138} INFO - Setting next_dagrun for dataset_s3_bucket_producer to None, run_after=None
[2026-08-12T05:09:51.407+0000] {processor.py:208} INFO - Processing /home/airflow/.local/lib/python3.12/site-packages/airflow/example_dags/example_dataset_alias.py took 0.283 seconds
[2026-08-12T05:10:21.603+0000] {processor.py:186} INFO - Started process (PID=4673) to work on /home/airflow/.local/lib/python3.12/site-packages/airflow/example_dags/example_dataset_alias.py
[2026-08-12T05:10:21.605+0000] {processor.py:914} INFO - Processing file /home/airflow/.local/lib/python3.12/site-packages/airflow/example_dags/example_dataset_alias.py for tasks to queue
[2026-08-12T05:10:21.610+0000] {logging_mixin.py:190} INFO - [2026-08-12T05:10:21.610+0000] {dagbag.py:587} INFO - Filling up the DagBag from /home/airflow/.local/lib/python3.12/site-packages/airflow/example_dags/example_dataset_alias.py
[2026-08-12T05:10:21.773+0000] {processor.py:925} INFO - DAG(s) 'dataset_s3_bucket_producer', 'dataset_s3_bucket_consumer', 'dataset_alias_example_alias_producer', 'dataset_alias_example_alias_consumer' retrieved from /home/airflow/.local/lib/python3.12/site-packages/airflow/example_dags/example_dataset_alias.py
[2026-08-12T05:10:21.798+0000] {logging_mixin.py:190} INFO - [2026-08-12T05:10:21.798+0000] {dag.py:3211} INFO - Sync 4 DAGs
[2026-08-12T05:10:21.830+0000] {logging_mixin.py:190} INFO - [2026-08-12T05:10:21.830+0000] {dag.py:4138} INFO - Setting next_dagrun for dataset_alias_example_alias_consumer to None, run_after=None
[2026-08-12T05:10:21.835+0000] {logging_mixin.py:190} INFO - [2026-08-12T05:10:21.835+0000] {dag.py:4138} INFO - Setting next_dagrun for dataset_alias_example_alias_producer to None, run_after=None
[2026-08-12T05:10:21.838+0000] {logging_mixin.py:190} INFO - [2026-08-12T05:10:21.838+0000] {dag.py:4138} INFO - Setting next_dagrun for dataset_s3_bucket_consumer to None, run_after=None
[2026-08-12T05:10:21.842+0000] {logging_mixin.py:190} INFO - [2026-08-12T05:10:21.841+0000] {dag.py:4138} INFO - Setting next_dagrun for dataset_s3_bucket_producer to None, run_after=None
[2026-08-12T05:10:21.874+0000] {processor.py:208} INFO - Processing /home/airflow/.local/lib/python3.12/site-packages/airflow/example_dags/example_dataset_alias.py took 0.276 seconds
[2026-08-12T05:10:52.577+0000] {processor.py:186} INFO - Started process (PID=4737) to work on /home/airflow/.local/lib/python3.12/site-packages/airflow/example_dags/example_dataset_alias.py
[2026-08-12T05:10:52.580+0000] {processor.py:914} INFO - Processing file /home/airflow/.local/lib/python3.12/site-packages/airflow/example_dags/example_dataset_alias.py for tasks to queue
[2026-08-12T05:10:52.585+0000] {logging_mixin.py:190} INFO - [2026-08-12T05:10:52.584+0000] {dagbag.py:587} INFO - Filling up the DagBag from /home/airflow/.local/lib/python3.12/site-packages/airflow/example_dags/example_dataset_alias.py
[2026-08-12T05:10:52.792+0000] {processor.py:925} INFO - DAG(s) 'dataset_s3_bucket_consumer', 'dataset_s3_bucket_producer', 'dataset_alias_example_alias_producer', 'dataset_alias_example_alias_consumer' retrieved from /home/airflow/.local/lib/python3.12/site-packages/airflow/example_dags/example_dataset_alias.py
[2026-08-12T05:10:52.823+0000] {logging_mixin.py:190} INFO - [2026-08-12T05:10:52.823+0000] {dag.py:3211} INFO - Sync 4 DAGs
[2026-08-12T05:10:52.852+0000] {logging_mixin.py:190} INFO - [2026-08-12T05:10:52.852+0000] {dag.py:4138} INFO - Setting next_dagrun for dataset_alias_example_alias_consumer to None, run_after=None
[2026-08-12T05:10:52.856+0000] {logging_mixin.py:190} INFO - [2026-08-12T05:10:52.856+0000] {dag.py:4138} INFO - Setting next_dagrun for dataset_alias_example_alias_producer to None, run_after=None
[2026-08-12T05:10:52.860+0000] {logging_mixin.py:190} INFO - [2026-08-12T05:10:52.859+0000] {dag.py:4138} INFO - Setting next_dagrun for dataset_s3_bucket_consumer to None, run_after=None
[2026-08-12T05:10:52.863+0000] {logging_mixin.py:190} INFO - [2026-08-12T05:10:52.863+0000] {dag.py:4138} INFO - Setting next_dagrun for dataset_s3_bucket_producer to None, run_after=None
[2026-08-12T05:10:52.893+0000] {processor.py:208} INFO - Processing /home/airflow/.local/lib/python3.12/site-packages/airflow/example_dags/example_dataset_alias.py took 0.323 seconds
[2026-08-12T05:11:23.272+0000] {processor.py:186} INFO - Started process (PID=4801) to work on /home/airflow/.local/lib/python3.12/site-packages/airflow/example_dags/example_dataset_alias.py
[2026-08-12T05:11:23.276+0000] {processor.py:914} INFO - Processing file /home/airflow/.local/lib/python3.12/site-packages/airflow/example_dags/example_dataset_alias.py for tasks to queue
[2026-08-12T05:11:23.280+0000] {logging_mixin.py:190} INFO - [2026-08-12T05:11:23.279+0000] {dagbag.py:587} INFO - Filling up the DagBag from /home/airflow/.local/lib/python3.12/site-packages/airflow/example_dags/example_dataset_alias.py
[2026-08-12T05:11:23.472+0000] {processor.py:925} INFO - DAG(s) 'dataset_alias_example_alias_producer', 'dataset_s3_bucket_producer', 'dataset_s3_bucket_consumer', 'dataset_alias_example_alias_consumer' retrieved from /home/airflow/.local/lib/python3.12/site-packages/airflow/example_dags/example_dataset_alias.py
[2026-08-12T05:11:23.497+0000] {logging_mixin.py:190} INFO - [2026-08-12T05:11:23.497+0000] {dag.py:3211} INFO - Sync 4 DAGs
[2026-08-12T05:11:23.525+0000] {logging_mixin.py:190} INFO - [2026-08-12T05:11:23.525+0000] {dag.py:4138} INFO - Setting next_dagrun for dataset_alias_example_alias_consumer to None, run_after=None
[2026-08-12T05:11:23.529+0000] {logging_mixin.py:190} INFO - [2026-08-12T05:11:23.529+0000] {dag.py:4138} INFO - Setting next_dagrun for dataset_alias_example_alias_producer to None, run_after=None
[2026-08-12T05:11:23.532+0000] {logging_mixin.py:190} INFO - [2026-08-12T05:11:23.532+0000] {dag.py:4138} INFO - Setting next_dagrun for dataset_s3_bucket_consumer to None, run_after=None
[2026-08-12T05:11:23.534+0000] {logging_mixin.py:190} INFO - [2026-08-12T05:11:23.534+0000] {dag.py:4138} INFO - Setting next_dagrun for dataset_s3_bucket_producer to None, run_after=None
[2026-08-12T05:11:23.567+0000] {processor.py:208} INFO - Processing /home/airflow/.local/lib/python3.12/site-packages/airflow/example_dags/example_dataset_alias.py took 0.302 seconds
[2026-08-12T05:11:54.264+0000] {processor.py:186} INFO - Started process (PID=4863) to work on /home/airflow/.local/lib/python3.12/site-packages/airflow/example_dags/example_dataset_alias.py
[2026-08-12T05:11:54.267+0000] {processor.py:914} INFO - Processing file /home/airflow/.local/lib/python3.12/site-packages/airflow/example_dags/example_dataset_alias.py for tasks to queue
[2026-08-12T05:11:54.273+0000] {logging_mixin.py:190} INFO - [2026-08-12T05:11:54.272+0000] {dagbag.py:587} INFO - Filling up the DagBag from /home/airflow/.local/lib/python3.12/site-packages/airflow/example_dags/example_dataset_alias.py
[2026-08-12T05:11:54.492+0000] {processor.py:925} INFO - DAG(s) 'dataset_alias_example_alias_producer', 'dataset_s3_bucket_consumer', 'dataset_s3_bucket_producer', 'dataset_alias_example_alias_consumer' retrieved from /home/airflow/.local/lib/python3.12/site-packages/airflow/example_dags/example_dataset_alias.py
[2026-08-12T05:11:54.530+0000] {logging_mixin.py:190} INFO - [2026-08-12T05:11:54.529+0000] {dag.py:3211} INFO - Sync 4 DAGs
[2026-08-12T05:11:54.557+0000] {logging_mixin.py:190} INFO - [2026-08-12T05:11:54.557+0000] {dag.py:4138} INFO - Setting next_dagrun for dataset_alias_example_alias_consumer to None, run_after=None
[2026-08-12T05:11:54.563+0000] {logging_mixin.py:190} INFO - [2026-08-12T05:11:54.563+0000] {dag.py:4138} INFO - Setting next_dagrun for dataset_alias_example_alias_producer to None, run_after=None
[2026-08-12T05:11:54.567+0000] {logging_mixin.py:190} INFO - [2026-08-12T05:11:54.566+0000] {dag.py:4138} INFO - Setting next_dagrun for dataset_s3_bucket_consumer to None, run_after=None
[2026-08-12T05:11:54.570+0000] {logging_mixin.py:190} INFO - [2026-08-12T05:11:54.570+0000] {dag.py:4138} INFO - Setting next_dagrun for dataset_s3_bucket_producer to None, run_after=None
[2026-08-12T05:11:54.619+0000] {processor.py:208} INFO - Processing /home/airflow/.local/lib/python3.12/site-packages/airflow/example_dags/example_dataset_alias.py took 0.366 seconds
[2026-08-12T05:12:24.758+0000] {processor.py:186} INFO - Started process (PID=4926) to work on /home/airflow/.local/lib/python3.12/site-packages/airflow/example_dags/example_dataset_alias.py
[2026-08-12T05:12:24.760+0000] {processor.py:914} INFO - Processing file /home/airflow/.local/lib/python3.12/site-packages/airflow/example_dags/example_dataset_alias.py for tasks to queue
[2026-08-12T05:12:24.766+0000] {logging_mixin.py:190} INFO - [2026-08-12T05:12:24.765+0000] {dagbag.py:587} INFO - Filling up the DagBag from /home/airflow/.local/lib/python3.12/site-packages/airflow/example_dags/example_dataset_alias.py
[2026-08-12T05:12:24.952+0000] {processor.py:925} INFO - DAG(s) 'dataset_alias_example_alias_producer', 'dataset_s3_bucket_producer', 'dataset_alias_example_alias_consumer', 'dataset_s3_bucket_consumer' retrieved from /home/airflow/.local/lib/python3.12/site-packages/airflow/example_dags/example_dataset_alias.py
[2026-08-12T05:12:24.986+0000] {logging_mixin.py:190} INFO - [2026-08-12T05:12:24.985+0000] {dag.py:3211} INFO - Sync 4 DAGs
[2026-08-12T05:12:25.017+0000] {logging_mixin.py:190} INFO - [2026-08-12T05:12:25.017+0000] {dag.py:4138} INFO - Setting next_dagrun for dataset_alias_example_alias_consumer to None, run_after=None
[2026-08-12T05:12:25.021+0000] {logging_mixin.py:190} INFO - [2026-08-12T05:12:25.021+0000] {dag.py:4138} INFO - Setting next_dagrun for dataset_alias_example_alias_producer to None, run_after=None
[2026-08-12T05:12:25.024+0000] {logging_mixin.py:190} INFO - [2026-08-12T05:12:25.024+0000] {dag.py:4138} INFO - Setting next_dagrun for dataset_s3_bucket_consumer to None, run_after=None
[2026-08-12T05:12:25.027+0000] {logging_mixin.py:190} INFO - [2026-08-12T05:12:25.027+0000] {dag.py:4138} INFO - Setting next_dagrun for dataset_s3_bucket_producer to None, run_after=None
[2026-08-12T05:12:25.054+0000] {processor.py:208} INFO - Processing /home/airflow/.local/lib/python3.12/site-packages/airflow/example_dags/example_dataset_alias.py took 0.303 seconds
[2026-08-12T05:12:55.952+0000] {processor.py:186} INFO - Started process (PID=4989) to work on /home/airflow/.local/lib/python3.12/site-packages/airflow/example_dags/example_dataset_alias.py
[2026-08-12T05:12:55.956+0000] {processor.py:914} INFO - Processing file /home/airflow/.local/lib/python3.12/site-packages/airflow/example_dags/example_dataset_alias.py for tasks to queue
[2026-08-12T05:12:55.964+0000] {logging_mixin.py:190} INFO - [2026-08-12T05:12:55.964+0000] {dagbag.py:587} INFO - Filling up the DagBag from /home/airflow/.local/lib/python3.12/site-packages/airflow/example_dags/example_dataset_alias.py
[2026-08-12T05:12:56.155+0000] {processor.py:925} INFO - DAG(s) 'dataset_alias_example_alias_producer', 'dataset_s3_bucket_producer', 'dataset_alias_example_alias_consumer', 'dataset_s3_bucket_consumer' retrieved from /home/airflow/.local/lib/python3.12/site-packages/airflow/example_dags/example_dataset_alias.py
[2026-08-12T05:12:56.181+0000] {logging_mixin.py:190} INFO - [2026-08-12T05:12:56.180+0000] {dag.py:3211} INFO - Sync 4 DAGs
[2026-08-12T05:12:56.208+0000] {logging_mixin.py:190} INFO - [2026-08-12T05:12:56.207+0000] {dag.py:4138} INFO - Setting next_dagrun for dataset_alias_example_alias_consumer to None, run_after=None
[2026-08-12T05:12:56.214+0000] {logging_mixin.py:190} INFO - [2026-08-12T05:12:56.214+0000] {dag.py:4138} INFO - Setting next_dagrun for dataset_alias_example_alias_producer to None, run_after=None
[2026-08-12T05:12:56.219+0000] {logging_mixin.py:190} INFO - [2026-08-12T05:12:56.219+0000] {dag.py:4138} INFO - Setting next_dagrun for dataset_s3_bucket_consumer to None, run_after=None
[2026-08-12T05:12:56.223+0000] {logging_mixin.py:190} INFO - [2026-08-12T05:12:56.223+0000] {dag.py:4138} INFO - Setting next_dagrun for dataset_s3_bucket_producer to None, run_after=None
[2026-08-12T05:12:56.260+0000] {processor.py:208} INFO - Processing /home/airflow/.local/lib/python3.12/site-packages/airflow/example_dags/example_dataset_alias.py took 0.316 seconds
[2026-08-12T05:13:26.636+0000] {processor.py:186} INFO - Started process (PID=5052) to work on /home/airflow/.local/lib/python3.12/site-packages/airflow/example_dags/example_dataset_alias.py
[2026-08-12T05:13:26.640+0000] {processor.py:914} INFO - Processing file /home/airflow/.local/lib/python3.12/site-packages/airflow/example_dags/example_dataset_alias.py for tasks to queue
[2026-08-12T05:13:26.647+0000] {logging_mixin.py:190} INFO - [2026-08-12T05:13:26.646+0000] {dagbag.py:587} INFO - Filling up the DagBag from /home/airflow/.local/lib/python3.12/site-packages/airflow/example_dags/example_dataset_alias.py
[2026-08-12T05:13:26.822+0000] {processor.py:925} INFO - DAG(s) 'dataset_alias_example_alias_producer', 'dataset_s3_bucket_consumer', 'dataset_alias_example_alias_consumer', 'dataset_s3_bucket_producer' retrieved from /home/airflow/.local/lib/python3.12/site-packages/airflow/example_dags/example_dataset_alias.py
[2026-08-12T05:13:26.847+0000] {logging_mixin.py:190} INFO - [2026-08-12T05:13:26.847+0000] {dag.py:3211} INFO - Sync 4 DAGs
[2026-08-12T05:13:26.873+0000] {logging_mixin.py:190} INFO - [2026-08-12T05:13:26.872+0000] {dag.py:4138} INFO - Setting next_dagrun for dataset_alias_example_alias_consumer to None, run_after=None
[2026-08-12T05:13:26.877+0000] {logging_mixin.py:190} INFO - [2026-08-12T05:13:26.877+0000] {dag.py:4138} INFO - Setting next_dagrun for dataset_alias_example_alias_producer to None, run_after=None
[2026-08-12T05:13:26.880+0000] {logging_mixin.py:190} INFO - [2026-08-12T05:13:26.879+0000] {dag.py:4138} INFO - Setting next_dagrun for dataset_s3_bucket_consumer to None, run_after=None
[2026-08-12T05:13:26.882+0000] {logging_mixin.py:190} INFO - [2026-08-12T05:13:26.882+0000] {dag.py:4138} INFO - Setting next_dagrun for dataset_s3_bucket_producer to None, run_after=None
[2026-08-12T05:13:26.906+0000] {processor.py:208} INFO - Processing /home/airflow/.local/lib/python3.12/site-packages/airflow/example_dags/example_dataset_alias.py took 0.282 seconds
[2026-08-12T05:13:57.675+0000] {processor.py:186} INFO - Started process (PID=5115) to work on /home/airflow/.local/lib/python3.12/site-packages/airflow/example_dags/example_dataset_alias.py
[2026-08-12T05:13:57.678+0000] {processor.py:914} INFO - Processing file /home/airflow/.local/lib/python3.12/site-packages/airflow/example_dags/example_dataset_alias.py for tasks to queue
[2026-08-12T05:13:57.682+0000] {logging_mixin.py:190} INFO - [2026-08-12T05:13:57.681+0000] {dagbag.py:587} INFO - Filling up the DagBag from /home/airflow/.local/lib/python3.12/site-packages/airflow/example_dags/example_dataset_alias.py
[2026-08-12T05:13:57.843+0000] {processor.py:925} INFO - DAG(s) 'dataset_alias_example_alias_consumer', 'dataset_s3_bucket_consumer', 'dataset_s3_bucket_producer', 'dataset_alias_example_alias_producer' retrieved from /home/airflow/.local/lib/python3.12/site-packages/airflow/example_dags/example_dataset_alias.py
[2026-08-12T05:13:57.867+0000] {logging_mixin.py:190} INFO - [2026-08-12T05:13:57.866+0000] {dag.py:3211} INFO - Sync 4 DAGs
[2026-08-12T05:13:57.889+0000] {logging_mixin.py:190} INFO - [2026-08-12T05:13:57.889+0000] {dag.py:4138} INFO - Setting next_dagrun for dataset_alias_example_alias_consumer to None, run_after=None
[2026-08-12T05:13:57.893+0000] {logging_mixin.py:190} INFO - [2026-08-12T05:13:57.893+0000] {dag.py:4138} INFO - Setting next_dagrun for dataset_alias_example_alias_producer to None, run_after=None
[2026-08-12T05:13:57.896+0000] {logging_mixin.py:190} INFO - [2026-08-12T05:13:57.896+0000] {dag.py:4138} INFO - Setting next_dagrun for dataset_s3_bucket_consumer to None, run_after=None
[2026-08-12T05:13:57.899+0000] {logging_mixin.py:190} INFO - [2026-08-12T05:13:57.899+0000] {dag.py:4138} INFO - Setting next_dagrun for dataset_s3_bucket_producer to None, run_after=None
[2026-08-12T05:13:57.924+0000] {processor.py:208} INFO - Processing /home/airflow/.local/lib/python3.12/site-packages/airflow/example_dags/example_dataset_alias.py took 0.254 seconds
[2026-08-12T05:14:28.214+0000] {processor.py:186} INFO - Started process (PID=5179) to work on /home/airflow/.local/lib/python3.12/site-packages/airflow/example_dags/example_dataset_alias.py
[2026-08-12T05:14:28.216+0000] {processor.py:914} INFO - Processing file /home/airflow/.local/lib/python3.12/site-packages/airflow/example_dags/example_dataset_alias.py for tasks to queue
[2026-08-12T05:14:28.221+0000] {logging_mixin.py:190} INFO - [2026-08-12T05:14:28.221+0000] {dagbag.py:587} INFO - Filling up the DagBag from /home/airflow/.local/lib/python3.12/site-packages/airflow/example_dags/example_dataset_alias.py
[2026-08-12T05:14:28.386+0000] {processor.py:925} INFO - DAG(s) 'dataset_s3_bucket_consumer', 'dataset_alias_example_alias_producer', 'dataset_alias_example_alias_consumer', 'dataset_s3_bucket_producer' retrieved from /home/airflow/.local/lib/python3.12/site-packages/airflow/example_dags/example_dataset_alias.py
[2026-08-12T05:14:28.410+0000] {logging_mixin.py:190} INFO - [2026-08-12T05:14:28.410+0000] {dag.py:3211} INFO - Sync 4 DAGs
[2026-08-12T05:14:28.433+0000] {logging_mixin.py:190} INFO - [2026-08-12T05:14:28.433+0000] {dag.py:4138} INFO - Setting next_dagrun for dataset_alias_example_alias_consumer to None, run_after=None
[2026-08-12T05:14:28.437+0000] {logging_mixin.py:190} INFO - [2026-08-12T05:14:28.437+0000] {dag.py:4138} INFO - Setting next_dagrun for dataset_alias_example_alias_producer to None, run_after=None
[2026-08-12T05:14:28.440+0000] {logging_mixin.py:190} INFO - [2026-08-12T05:14:28.440+0000] {dag.py:4138} INFO - Setting next_dagrun for dataset_s3_bucket_consumer to None, run_after=None
[2026-08-12T05:14:28.443+0000] {logging_mixin.py:190} INFO - [2026-08-12T05:14:28.442+0000] {dag.py:4138} INFO - Setting next_dagrun for dataset_s3_bucket_producer to None, run_after=None
[2026-08-12T05:14:28.469+0000] {processor.py:208} INFO - Processing /home/airflow/.local/lib/python3.12/site-packages/airflow/example_dags/example_dataset_alias.py took 0.262 seconds
[2026-08-12T05:14:59.365+0000] {processor.py:186} INFO - Started process (PID=5248) to work on /home/airflow/.local/lib/python3.12/site-packages/airflow/example_dags/example_dataset_alias.py
[2026-08-12T05:14:59.368+0000] {processor.py:914} INFO - Processing file /home/airflow/.local/lib/python3.12/site-packages/airflow/example_dags/example_dataset_alias.py for tasks to queue
[2026-08-12T05:14:59.372+0000] {logging_mixin.py:190} INFO - [2026-08-12T05:14:59.371+0000] {dagbag.py:587} INFO - Filling up the DagBag from /home/airflow/.local/lib/python3.12/site-packages/airflow/example_dags/example_dataset_alias.py
[2026-08-12T05:14:59.531+0000] {processor.py:925} INFO - DAG(s) 'dataset_s3_bucket_consumer', 'dataset_alias_example_alias_consumer', 'dataset_alias_example_alias_producer', 'dataset_s3_bucket_producer' retrieved from /home/airflow/.local/lib/python3.12/site-packages/airflow/example_dags/example_dataset_alias.py
[2026-08-12T05:14:59.557+0000] {logging_mixin.py:190} INFO - [2026-08-12T05:14:59.557+0000] {dag.py:3211} INFO - Sync 4 DAGs
[2026-08-12T05:14:59.582+0000] {logging_mixin.py:190} INFO - [2026-08-12T05:14:59.582+0000] {dag.py:4138} INFO - Setting next_dagrun for dataset_alias_example_alias_consumer to None, run_after=None
[2026-08-12T05:14:59.587+0000] {logging_mixin.py:190} INFO - [2026-08-12T05:14:59.586+0000] {dag.py:4138} INFO - Setting next_dagrun for dataset_alias_example_alias_producer to None, run_after=None
[2026-08-12T05:14:59.590+0000] {logging_mixin.py:190} INFO - [2026-08-12T05:14:59.590+0000] {dag.py:4138} INFO - Setting next_dagrun for dataset_s3_bucket_consumer to None, run_after=None
[2026-08-12T05:14:59.593+0000] {logging_mixin.py:190} INFO - [2026-08-12T05:14:59.593+0000] {dag.py:4138} INFO - Setting next_dagrun for dataset_s3_bucket_producer to None, run_after=None
[2026-08-12T05:14:59.619+0000] {processor.py:208} INFO - Processing /home/airflow/.local/lib/python3.12/site-packages/airflow/example_dags/example_dataset_alias.py took 0.260 seconds
[2026-08-12T05:15:29.901+0000] {processor.py:186} INFO - Started process (PID=5311) to work on /home/airflow/.local/lib/python3.12/site-packages/airflow/example_dags/example_dataset_alias.py
[2026-08-12T05:15:29.904+0000] {processor.py:914} INFO - Processing file /home/airflow/.local/lib/python3.12/site-packages/airflow/example_dags/example_dataset_alias.py for tasks to queue
[2026-08-12T05:15:29.910+0000] {logging_mixin.py:190} INFO - [2026-08-12T05:15:29.909+0000] {dagbag.py:587} INFO - Filling up the DagBag from /home/airflow/.local/lib/python3.12/site-packages/airflow/example_dags/example_dataset_alias.py
[2026-08-12T05:15:30.076+0000] {processor.py:925} INFO - DAG(s) 'dataset_alias_example_alias_consumer', 'dataset_s3_bucket_consumer', 'dataset_alias_example_alias_producer', 'dataset_s3_bucket_producer' retrieved from /home/airflow/.local/lib/python3.12/site-packages/airflow/example_dags/example_dataset_alias.py
[2026-08-12T05:15:30.100+0000] {logging_mixin.py:190} INFO - [2026-08-12T05:15:30.100+0000] {dag.py:3211} INFO - Sync 4 DAGs
[2026-08-12T05:15:30.126+0000] {logging_mixin.py:190} INFO - [2026-08-12T05:15:30.126+0000] {dag.py:4138} INFO - Setting next_dagrun for dataset_alias_example_alias_consumer to None, run_after=None
[2026-08-12T05:15:30.131+0000] {logging_mixin.py:190} INFO - [2026-08-12T05:15:30.131+0000] {dag.py:4138} INFO - Setting next_dagrun for dataset_alias_example_alias_producer to None, run_after=None
[2026-08-12T05:15:30.134+0000] {logging_mixin.py:190} INFO - [2026-08-12T05:15:30.134+0000] {dag.py:4138} INFO - Setting next_dagrun for dataset_s3_bucket_consumer to None, run_after=None
[2026-08-12T05:15:30.137+0000] {logging_mixin.py:190} INFO - [2026-08-12T05:15:30.137+0000] {dag.py:4138} INFO - Setting next_dagrun for dataset_s3_bucket_producer to None, run_after=None
[2026-08-12T05:15:30.161+0000] {processor.py:208} INFO - Processing /home/airflow/.local/lib/python3.12/site-packages/airflow/example_dags/example_dataset_alias.py took 0.270 seconds
[2026-08-12T05:16:00.538+0000] {processor.py:186} INFO - Started process (PID=5374) to work on /home/airflow/.local/lib/python3.12/site-packages/airflow/example_dags/example_dataset_alias.py
[2026-08-12T05:16:00.540+0000] {processor.py:914} INFO - Processing file /home/airflow/.local/lib/python3.12/site-packages/airflow/example_dags/example_dataset_alias.py for tasks to queue
[2026-08-12T05:16:00.544+0000] {logging_mixin.py:190} INFO - [2026-08-12T05:16:00.544+0000] {dagbag.py:587} INFO - Filling up the DagBag from /home/airflow/.local/lib/python3.12/site-packages/airflow/example_dags/example_dataset_alias.py
[2026-08-12T05:16:00.720+0000] {processor.py:925} INFO - DAG(s) 'dataset_s3_bucket_consumer', 'dataset_alias_example_alias_consumer', 'dataset_alias_example_alias_producer', 'dataset_s3_bucket_producer' retrieved from /home/airflow/.local/lib/python3.12/site-packages/airflow/example_dags/example_dataset_alias.py
[2026-08-12T05:16:00.750+0000] {logging_mixin.py:190} INFO - [2026-08-12T05:16:00.749+0000] {dag.py:3211} INFO - Sync 4 DAGs
[2026-08-12T05:16:00.779+0000] {logging_mixin.py:190} INFO - [2026-08-12T05:16:00.779+0000] {dag.py:4138} INFO - Setting next_dagrun for dataset_alias_example_alias_consumer to None, run_after=None
[2026-08-12T05:16:00.784+0000] {logging_mixin.py:190} INFO - [2026-08-12T05:16:00.784+0000] {dag.py:4138} INFO - Setting next_dagrun for dataset_alias_example_alias_producer to None, run_after=None
[2026-08-12T05:16:00.787+0000] {logging_mixin.py:190} INFO - [2026-08-12T05:16:00.787+0000] {dag.py:4138} INFO - Setting next_dagrun for dataset_s3_bucket_consumer to None, run_after=None
[2026-08-12T05:16:00.791+0000] {logging_mixin.py:190} INFO - [2026-08-12T05:16:00.791+0000] {dag.py:4138} INFO - Setting next_dagrun for dataset_s3_bucket_producer to None, run_after=None
[2026-08-12T05:16:00.830+0000] {processor.py:208} INFO - Processing /home/airflow/.local/lib/python3.12/site-packages/airflow/example_dags/example_dataset_alias.py took 0.298 seconds
[2026-08-12T05:16:31.024+0000] {processor.py:186} INFO - Started process (PID=5439) to work on /home/airflow/.local/lib/python3.12/site-packages/airflow/example_dags/example_dataset_alias.py
[2026-08-12T05:16:31.027+0000] {processor.py:914} INFO - Processing file /home/airflow/.local/lib/python3.12/site-packages/airflow/example_dags/example_dataset_alias.py for tasks to queue
[2026-08-12T05:16:31.032+0000] {logging_mixin.py:190} INFO - [2026-08-12T05:16:31.031+0000] {dagbag.py:587} INFO - Filling up the DagBag from /home/airflow/.local/lib/python3.12/site-packages/airflow/example_dags/example_dataset_alias.py
[2026-08-12T05:16:31.204+0000] {processor.py:925} INFO - DAG(s) 'dataset_s3_bucket_consumer', 'dataset_alias_example_alias_producer', 'dataset_alias_example_alias_consumer', 'dataset_s3_bucket_producer' retrieved from /home/airflow/.local/lib/python3.12/site-packages/airflow/example_dags/example_dataset_alias.py
[2026-08-12T05:16:31.243+0000] {logging_mixin.py:190} INFO - [2026-08-12T05:16:31.242+0000] {dag.py:3211} INFO - Sync 4 DAGs
[2026-08-12T05:16:31.276+0000] {logging_mixin.py:190} INFO - [2026-08-12T05:16:31.276+0000] {dag.py:4138} INFO - Setting next_dagrun for dataset_alias_example_alias_consumer to None, run_after=None
[2026-08-12T05:16:31.282+0000] {logging_mixin.py:190} INFO - [2026-08-12T05:16:31.282+0000] {dag.py:4138} INFO - Setting next_dagrun for dataset_alias_example_alias_producer to None, run_after=None
[2026-08-12T05:16:31.286+0000] {logging_mixin.py:190} INFO - [2026-08-12T05:16:31.285+0000] {dag.py:4138} INFO - Setting next_dagrun for dataset_s3_bucket_consumer to None, run_after=None
[2026-08-12T05:16:31.289+0000] {logging_mixin.py:190} INFO - [2026-08-12T05:16:31.289+0000] {dag.py:4138} INFO - Setting next_dagrun for dataset_s3_bucket_producer to None, run_after=None
[2026-08-12T05:16:31.322+0000] {processor.py:208} INFO - Processing /home/airflow/.local/lib/python3.12/site-packages/airflow/example_dags/example_dataset_alias.py took 0.310 seconds
[2026-08-12T05:17:01.757+0000] {processor.py:186} INFO - Started process (PID=5501) to work on /home/airflow/.local/lib/python3.12/site-packages/airflow/example_dags/example_dataset_alias.py
[2026-08-12T05:17:01.760+0000] {processor.py:914} INFO - Processing file /home/airflow/.local/lib/python3.12/site-packages/airflow/example_dags/example_dataset_alias.py for tasks to queue
[2026-08-12T05:17:01.765+0000] {logging_mixin.py:190} INFO - [2026-08-12T05:17:01.764+0000] {dagbag.py:587} INFO - Filling up the DagBag from /home/airflow/.local/lib/python3.12/site-packages/airflow/example_dags/example_dataset_alias.py
[2026-08-12T05:17:01.929+0000] {processor.py:925} INFO - DAG(s) 'dataset_alias_example_alias_producer', 'dataset_s3_bucket_consumer', 'dataset_s3_bucket_producer', 'dataset_alias_example_alias_consumer' retrieved from /home/airflow/.local/lib/python3.12/site-packages/airflow/example_dags/example_dataset_alias.py
[2026-08-12T05:17:01.955+0000] {logging_mixin.py:190} INFO - [2026-08-12T05:17:01.954+0000] {dag.py:3211} INFO - Sync 4 DAGs
[2026-08-12T05:17:01.977+0000] {logging_mixin.py:190} INFO - [2026-08-12T05:17:01.977+0000] {dag.py:4138} INFO - Setting next_dagrun for dataset_alias_example_alias_consumer to None, run_after=None
[2026-08-12T05:17:01.981+0000] {logging_mixin.py:190} INFO - [2026-08-12T05:17:01.981+0000] {dag.py:4138} INFO - Setting next_dagrun for dataset_alias_example_alias_producer to None, run_after=None
[2026-08-12T05:17:01.985+0000] {logging_mixin.py:190} INFO - [2026-08-12T05:17:01.984+0000] {dag.py:4138} INFO - Setting next_dagrun for dataset_s3_bucket_consumer to None, run_after=None
[2026-08-12T05:17:01.987+0000] {logging_mixin.py:190} INFO - [2026-08-12T05:17:01.987+0000] {dag.py:4138} INFO - Setting next_dagrun for dataset_s3_bucket_producer to None, run_after=None
[2026-08-12T05:17:02.016+0000] {processor.py:208} INFO - Processing /home/airflow/.local/lib/python3.12/site-packages/airflow/example_dags/example_dataset_alias.py took 0.268 seconds
[2026-08-12T05:17:32.181+0000] {processor.py:186} INFO - Started process (PID=5564) to work on /home/airflow/.local/lib/python3.12/site-packages/airflow/example_dags/example_dataset_alias.py
[2026-08-12T05:17:32.186+0000] {processor.py:914} INFO - Processing file /home/airflow/.local/lib/python3.12/site-packages/airflow/example_dags/example_dataset_alias.py for tasks to queue
[2026-08-12T05:17:32.195+0000] {logging_mixin.py:190} INFO - [2026-08-12T05:17:32.194+0000] {dagbag.py:587} INFO - Filling up the DagBag from /home/airflow/.local/lib/python3.12/site-packages/airflow/example_dags/example_dataset_alias.py
[2026-08-12T05:17:32.395+0000] {processor.py:925} INFO - DAG(s) 'dataset_alias_example_alias_consumer', 'dataset_alias_example_alias_producer', 'dataset_s3_bucket_producer', 'dataset_s3_bucket_consumer' retrieved from /home/airflow/.local/lib/python3.12/site-packages/airflow/example_dags/example_dataset_alias.py
[2026-08-12T05:17:32.421+0000] {logging_mixin.py:190} INFO - [2026-08-12T05:17:32.421+0000] {dag.py:3211} INFO - Sync 4 DAGs
[2026-08-12T05:17:32.448+0000] {logging_mixin.py:190} INFO - [2026-08-12T05:17:32.447+0000] {dag.py:4138} INFO - Setting next_dagrun for dataset_alias_example_alias_consumer to None, run_after=None
[2026-08-12T05:17:32.452+0000] {logging_mixin.py:190} INFO - [2026-08-12T05:17:32.452+0000] {dag.py:4138} INFO - Setting next_dagrun for dataset_alias_example_alias_producer to None, run_after=None
[2026-08-12T05:17:32.456+0000] {logging_mixin.py:190} INFO - [2026-08-12T05:17:32.455+0000] {dag.py:4138} INFO - Setting next_dagrun for dataset_s3_bucket_consumer to None, run_after=None
[2026-08-12T05:17:32.458+0000] {logging_mixin.py:190} INFO - [2026-08-12T05:17:32.458+0000] {dag.py:4138} INFO - Setting next_dagrun for dataset_s3_bucket_producer to None, run_after=None
[2026-08-12T05:17:32.486+0000] {processor.py:208} INFO - Processing /home/airflow/.local/lib/python3.12/site-packages/airflow/example_dags/example_dataset_alias.py took 0.319 seconds
[2026-08-12T05:18:02.693+0000] {processor.py:186} INFO - Started process (PID=5628) to work on /home/airflow/.local/lib/python3.12/site-packages/airflow/example_dags/example_dataset_alias.py
[2026-08-12T05:18:02.697+0000] {processor.py:914} INFO - Processing file /home/airflow/.local/lib/python3.12/site-packages/airflow/example_dags/example_dataset_alias.py for tasks to queue
[2026-08-12T05:18:02.704+0000] {logging_mixin.py:190} INFO - [2026-08-12T05:18:02.704+0000] {dagbag.py:587} INFO - Filling up the DagBag from /home/airflow/.local/lib/python3.12/site-packages/airflow/example_dags/example_dataset_alias.py
[2026-08-12T05:18:02.869+0000] {processor.py:925} INFO - DAG(s) 'dataset_alias_example_alias_consumer', 'dataset_s3_bucket_consumer', 'dataset_alias_example_alias_producer', 'dataset_s3_bucket_producer' retrieved from /home/airflow/.local/lib/python3.12/site-packages/airflow/example_dags/example_dataset_alias.py
[2026-08-12T05:18:02.893+0000] {logging_mixin.py:190} INFO - [2026-08-12T05:18:02.893+0000] {dag.py:3211} INFO - Sync 4 DAGs
[2026-08-12T05:18:02.920+0000] {logging_mixin.py:190} INFO - [2026-08-12T05:18:02.919+0000] {dag.py:4138} INFO - Setting next_dagrun for dataset_alias_example_alias_consumer to None, run_after=None
[2026-08-12T05:18:02.924+0000] {logging_mixin.py:190} INFO - [2026-08-12T05:18:02.924+0000] {dag.py:4138} INFO - Setting next_dagrun for dataset_alias_example_alias_producer to None, run_after=None
[2026-08-12T05:18:02.928+0000] {logging_mixin.py:190} INFO - [2026-08-12T05:18:02.927+0000] {dag.py:4138} INFO - Setting next_dagrun for dataset_s3_bucket_consumer to None, run_after=None
[2026-08-12T05:18:02.930+0000] {logging_mixin.py:190} INFO - [2026-08-12T05:18:02.930+0000] {dag.py:4138} INFO - Setting next_dagrun for dataset_s3_bucket_producer to None, run_after=None
[2026-08-12T05:18:02.958+0000] {processor.py:208} INFO - Processing /home/airflow/.local/lib/python3.12/site-packages/airflow/example_dags/example_dataset_alias.py took 0.273 seconds
[2026-08-12T05:18:33.175+0000] {processor.py:186} INFO - Started process (PID=5692) to work on /home/airflow/.local/lib/python3.12/site-packages/airflow/example_dags/example_dataset_alias.py
[2026-08-12T05:18:33.177+0000] {processor.py:914} INFO - Processing file /home/airflow/.local/lib/python3.12/site-packages/airflow/example_dags/example_dataset_alias.py for tasks to queue
[2026-08-12T05:18:33.181+0000] {logging_mixin.py:190} INFO - [2026-08-12T05:18:33.180+0000] {dagbag.py:587} INFO - Filling up the DagBag from /home/airflow/.local/lib/python3.12/site-packages/airflow/example_dags/example_dataset_alias.py
[2026-08-12T05:18:33.360+0000] {processor.py:925} INFO - DAG(s) 'dataset_s3_bucket_consumer', 'dataset_alias_example_alias_consumer', 'dataset_s3_bucket_producer', 'dataset_alias_example_alias_producer' retrieved from /home/airflow/.local/lib/python3.12/site-packages/airflow/example_dags/example_dataset_alias.py
[2026-08-12T05:18:33.392+0000] {logging_mixin.py:190} INFO - [2026-08-12T05:18:33.392+0000] {dag.py:3211} INFO - Sync 4 DAGs
[2026-08-12T05:18:33.421+0000] {logging_mixin.py:190} INFO - [2026-08-12T05:18:33.421+0000] {dag.py:4138} INFO - Setting next_dagrun for dataset_alias_example_alias_consumer to None, run_after=None
[2026-08-12T05:18:33.426+0000] {logging_mixin.py:190} INFO - [2026-08-12T05:18:33.426+0000] {dag.py:4138} INFO - Setting next_dagrun for dataset_alias_example_alias_producer to None, run_after=None
[2026-08-12T05:18:33.429+0000] {logging_mixin.py:190} INFO - [2026-08-12T05:18:33.429+0000] {dag.py:4138} INFO - Setting next_dagrun for dataset_s3_bucket_consumer to None, run_after=None
[2026-08-12T05:18:33.432+0000] {logging_mixin.py:190} INFO - [2026-08-12T05:18:33.432+0000] {dag.py:4138} INFO - Setting next_dagrun for dataset_s3_bucket_producer to None, run_after=None
[2026-08-12T05:18:33.464+0000] {processor.py:208} INFO - Processing /home/airflow/.local/lib/python3.12/site-packages/airflow/example_dags/example_dataset_alias.py took 0.296 seconds
[2026-08-12T05:19:03.563+0000] {processor.py:186} INFO - Started process (PID=5754) to work on /home/airflow/.local/lib/python3.12/site-packages/airflow/example_dags/example_dataset_alias.py
[2026-08-12T05:19:03.567+0000] {processor.py:914} INFO - Processing file /home/airflow/.local/lib/python3.12/site-packages/airflow/example_dags/example_dataset_alias.py for tasks to queue
[2026-08-12T05:19:03.575+0000] {logging_mixin.py:190} INFO - [2026-08-12T05:19:03.574+0000] {dagbag.py:587} INFO - Filling up the DagBag from /home/airflow/.local/lib/python3.12/site-packages/airflow/example_dags/example_dataset_alias.py
[2026-08-12T05:19:03.797+0000] {processor.py:925} INFO - DAG(s) 'dataset_alias_example_alias_consumer', 'dataset_s3_bucket_consumer', 'dataset_alias_example_alias_producer', 'dataset_s3_bucket_producer' retrieved from /home/airflow/.local/lib/python3.12/site-packages/airflow/example_dags/example_dataset_alias.py
[2026-08-12T05:19:03.829+0000] {logging_mixin.py:190} INFO - [2026-08-12T05:19:03.828+0000] {dag.py:3211} INFO - Sync 4 DAGs
[2026-08-12T05:19:03.858+0000] {logging_mixin.py:190} INFO - [2026-08-12T05:19:03.858+0000] {dag.py:4138} INFO - Setting next_dagrun for dataset_alias_example_alias_consumer to None, run_after=None
[2026-08-12T05:19:03.863+0000] {logging_mixin.py:190} INFO - [2026-08-12T05:19:03.863+0000] {dag.py:4138} INFO - Setting next_dagrun for dataset_alias_example_alias_producer to None, run_after=None
[2026-08-12T05:19:03.866+0000] {logging_mixin.py:190} INFO - [2026-08-12T05:19:03.866+0000] {dag.py:4138} INFO - Setting next_dagrun for dataset_s3_bucket_consumer to None, run_after=None
[2026-08-12T05:19:03.869+0000] {logging_mixin.py:190} INFO - [2026-08-12T05:19:03.869+0000] {dag.py:4138} INFO - Setting next_dagrun for dataset_s3_bucket_producer to None, run_after=None
[2026-08-12T05:19:03.896+0000] {processor.py:208} INFO - Processing /home/airflow/.local/lib/python3.12/site-packages/airflow/example_dags/example_dataset_alias.py took 0.347 seconds
[2026-08-12T05:19:34.511+0000] {processor.py:186} INFO - Started process (PID=5816) to work on /home/airflow/.local/lib/python3.12/site-packages/airflow/example_dags/example_dataset_alias.py
[2026-08-12T05:19:34.514+0000] {processor.py:914} INFO - Processing file /home/airflow/.local/lib/python3.12/site-packages/airflow/example_dags/example_dataset_alias.py for tasks to queue
[2026-08-12T05:19:34.520+0000] {logging_mixin.py:190} INFO - [2026-08-12T05:19:34.520+0000] {dagbag.py:587} INFO - Filling up the DagBag from /home/airflow/.local/lib/python3.12/site-packages/airflow/example_dags/example_dataset_alias.py
[2026-08-12T05:19:34.696+0000] {processor.py:925} INFO - DAG(s) 'dataset_s3_bucket_consumer', 'dataset_alias_example_alias_consumer', 'dataset_s3_bucket_producer', 'dataset_alias_example_alias_producer' retrieved from /home/airflow/.local/lib/python3.12/site-packages/airflow/example_dags/example_dataset_alias.py
[2026-08-12T05:19:34.730+0000] {logging_mixin.py:190} INFO - [2026-08-12T05:19:34.730+0000] {dag.py:3211} INFO - Sync 4 DAGs
[2026-08-12T05:19:34.759+0000] {logging_mixin.py:190} INFO - [2026-08-12T05:19:34.759+0000] {dag.py:4138} INFO - Setting next_dagrun for dataset_alias_example_alias_consumer to None, run_after=None
[2026-08-12T05:19:34.763+0000] {logging_mixin.py:190} INFO - [2026-08-12T05:19:34.763+0000] {dag.py:4138} INFO - Setting next_dagrun for dataset_alias_example_alias_producer to None, run_after=None
[2026-08-12T05:19:34.767+0000] {logging_mixin.py:190} INFO - [2026-08-12T05:19:34.767+0000] {dag.py:4138} INFO - Setting next_dagrun for dataset_s3_bucket_consumer to None, run_after=None
[2026-08-12T05:19:34.770+0000] {logging_mixin.py:190} INFO - [2026-08-12T05:19:34.770+0000] {dag.py:4138} INFO - Setting next_dagrun for dataset_s3_bucket_producer to None, run_after=None
[2026-08-12T05:19:34.803+0000] {processor.py:208} INFO - Processing /home/airflow/.local/lib/python3.12/site-packages/airflow/example_dags/example_dataset_alias.py took 0.299 seconds
[2026-08-12T05:20:04.874+0000] {processor.py:186} INFO - Started process (PID=5879) to work on /home/airflow/.local/lib/python3.12/site-packages/airflow/example_dags/example_dataset_alias.py
[2026-08-12T05:20:04.876+0000] {processor.py:914} INFO - Processing file /home/airflow/.local/lib/python3.12/site-packages/airflow/example_dags/example_dataset_alias.py for tasks to queue
[2026-08-12T05:20:04.879+0000] {logging_mixin.py:190} INFO - [2026-08-12T05:20:04.879+0000] {dagbag.py:587} INFO - Filling up the DagBag from /home/airflow/.local/lib/python3.12/site-packages/airflow/example_dags/example_dataset_alias.py
[2026-08-12T05:20:05.054+0000] {processor.py:925} INFO - DAG(s) 'dataset_alias_example_alias_consumer', 'dataset_s3_bucket_producer', 'dataset_alias_example_alias_producer', 'dataset_s3_bucket_consumer' retrieved from /home/airflow/.local/lib/python3.12/site-packages/airflow/example_dags/example_dataset_alias.py
[2026-08-12T05:20:05.080+0000] {logging_mixin.py:190} INFO - [2026-08-12T05:20:05.080+0000] {dag.py:3211} INFO - Sync 4 DAGs
[2026-08-12T05:20:05.105+0000] {logging_mixin.py:190} INFO - [2026-08-12T05:20:05.105+0000] {dag.py:4138} INFO - Setting next_dagrun for dataset_alias_example_alias_consumer to None, run_after=None
[2026-08-12T05:20:05.109+0000] {logging_mixin.py:190} INFO - [2026-08-12T05:20:05.109+0000] {dag.py:4138} INFO - Setting next_dagrun for dataset_alias_example_alias_producer to None, run_after=None
[2026-08-12T05:20:05.112+0000] {logging_mixin.py:190} INFO - [2026-08-12T05:20:05.111+0000] {dag.py:4138} INFO - Setting next_dagrun for dataset_s3_bucket_consumer to None, run_after=None
[2026-08-12T05:20:05.114+0000] {logging_mixin.py:190} INFO - [2026-08-12T05:20:05.114+0000] {dag.py:4138} INFO - Setting next_dagrun for dataset_s3_bucket_producer to None, run_after=None
[2026-08-12T05:20:05.140+0000] {processor.py:208} INFO - Processing /home/airflow/.local/lib/python3.12/site-packages/airflow/example_dags/example_dataset_alias.py took 0.273 seconds
[2026-08-12T05:20:35.311+0000] {processor.py:186} INFO - Started process (PID=5940) to work on /home/airflow/.local/lib/python3.12/site-packages/airflow/example_dags/example_dataset_alias.py
[2026-08-12T05:20:35.314+0000] {processor.py:914} INFO - Processing file /home/airflow/.local/lib/python3.12/site-packages/airflow/example_dags/example_dataset_alias.py for tasks to queue
[2026-08-12T05:20:35.318+0000] {logging_mixin.py:190} INFO - [2026-08-12T05:20:35.318+0000] {dagbag.py:587} INFO - Filling up the DagBag from /home/airflow/.local/lib/python3.12/site-packages/airflow/example_dags/example_dataset_alias.py
[2026-08-12T05:20:35.500+0000] {processor.py:925} INFO - DAG(s) 'dataset_s3_bucket_consumer', 'dataset_alias_example_alias_producer', 'dataset_s3_bucket_producer', 'dataset_alias_example_alias_consumer' retrieved from /home/airflow/.local/lib/python3.12/site-packages/airflow/example_dags/example_dataset_alias.py
[2026-08-12T05:20:35.524+0000] {logging_mixin.py:190} INFO - [2026-08-12T05:20:35.524+0000] {dag.py:3211} INFO - Sync 4 DAGs
[2026-08-12T05:20:35.547+0000] {logging_mixin.py:190} INFO - [2026-08-12T05:20:35.547+0000] {dag.py:4138} INFO - Setting next_dagrun for dataset_alias_example_alias_consumer to None, run_after=None
[2026-08-12T05:20:35.552+0000] {logging_mixin.py:190} INFO - [2026-08-12T05:20:35.551+0000] {dag.py:4138} INFO - Setting next_dagrun for dataset_alias_example_alias_producer to None, run_after=None
[2026-08-12T05:20:35.554+0000] {logging_mixin.py:190} INFO - [2026-08-12T05:20:35.554+0000] {dag.py:4138} INFO - Setting next_dagrun for dataset_s3_bucket_consumer to None, run_after=None
[2026-08-12T05:20:35.557+0000] {logging_mixin.py:190} INFO - [2026-08-12T05:20:35.557+0000] {dag.py:4138} INFO - Setting next_dagrun for dataset_s3_bucket_producer to None, run_after=None
[2026-08-12T05:20:35.585+0000] {processor.py:208} INFO - Processing /home/airflow/.local/lib/python3.12/site-packages/airflow/example_dags/example_dataset_alias.py took 0.280 seconds
[2026-08-12T05:21:06.029+0000] {processor.py:186} INFO - Started process (PID=5999) to work on /home/airflow/.local/lib/python3.12/site-packages/airflow/example_dags/example_dataset_alias.py
[2026-08-12T05:21:06.031+0000] {processor.py:914} INFO - Processing file /home/airflow/.local/lib/python3.12/site-packages/airflow/example_dags/example_dataset_alias.py for tasks to queue
[2026-08-12T05:21:06.036+0000] {logging_mixin.py:190} INFO - [2026-08-12T05:21:06.036+0000] {dagbag.py:587} INFO - Filling up the DagBag from /home/airflow/.local/lib/python3.12/site-packages/airflow/example_dags/example_dataset_alias.py
[2026-08-12T05:21:06.191+0000] {processor.py:925} INFO - DAG(s) 'dataset_s3_bucket_consumer', 'dataset_alias_example_alias_producer', 'dataset_alias_example_alias_consumer', 'dataset_s3_bucket_producer' retrieved from /home/airflow/.local/lib/python3.12/site-packages/airflow/example_dags/example_dataset_alias.py
[2026-08-12T05:21:06.219+0000] {logging_mixin.py:190} INFO - [2026-08-12T05:21:06.219+0000] {dag.py:3211} INFO - Sync 4 DAGs
[2026-08-12T05:21:06.243+0000] {logging_mixin.py:190} INFO - [2026-08-12T05:21:06.243+0000] {dag.py:4138} INFO - Setting next_dagrun for dataset_alias_example_alias_consumer to None, run_after=None
[2026-08-12T05:21:06.247+0000] {logging_mixin.py:190} INFO - [2026-08-12T05:21:06.246+0000] {dag.py:4138} INFO - Setting next_dagrun for dataset_alias_example_alias_producer to None, run_after=None
[2026-08-12T05:21:06.249+0000] {logging_mixin.py:190} INFO - [2026-08-12T05:21:06.249+0000] {dag.py:4138} INFO - Setting next_dagrun for dataset_s3_bucket_consumer to None, run_after=None
[2026-08-12T05:21:06.252+0000] {logging_mixin.py:190} INFO - [2026-08-12T05:21:06.252+0000] {dag.py:4138} INFO - Setting next_dagrun for dataset_s3_bucket_producer to None, run_after=None
[2026-08-12T05:21:06.278+0000] {processor.py:208} INFO - Processing /home/airflow/.local/lib/python3.12/site-packages/airflow/example_dags/example_dataset_alias.py took 0.255 seconds
[2026-08-12T05:21:36.470+0000] {processor.py:186} INFO - Started process (PID=6062) to work on /home/airflow/.local/lib/python3.12/site-packages/airflow/example_dags/example_dataset_alias.py
[2026-08-12T05:21:36.472+0000] {processor.py:914} INFO - Processing file /home/airflow/.local/lib/python3.12/site-packages/airflow/example_dags/example_dataset_alias.py for tasks to queue
[2026-08-12T05:21:36.476+0000] {logging_mixin.py:190} INFO - [2026-08-12T05:21:36.475+0000] {dagbag.py:587} INFO - Filling up the DagBag from /home/airflow/.local/lib/python3.12/site-packages/airflow/example_dags/example_dataset_alias.py
[2026-08-12T05:21:36.643+0000] {processor.py:925} INFO - DAG(s) 'dataset_alias_example_alias_producer', 'dataset_alias_example_alias_consumer', 'dataset_s3_bucket_consumer', 'dataset_s3_bucket_producer' retrieved from /home/airflow/.local/lib/python3.12/site-packages/airflow/example_dags/example_dataset_alias.py
[2026-08-12T05:21:36.669+0000] {logging_mixin.py:190} INFO - [2026-08-12T05:21:36.669+0000] {dag.py:3211} INFO - Sync 4 DAGs
[2026-08-12T05:21:36.694+0000] {logging_mixin.py:190} INFO - [2026-08-12T05:21:36.693+0000] {dag.py:4138} INFO - Setting next_dagrun for dataset_alias_example_alias_consumer to None, run_after=None
[2026-08-12T05:21:36.698+0000] {logging_mixin.py:190} INFO - [2026-08-12T05:21:36.697+0000] {dag.py:4138} INFO - Setting next_dagrun for dataset_alias_example_alias_producer to None, run_after=None
[2026-08-12T05:21:36.701+0000] {logging_mixin.py:190} INFO - [2026-08-12T05:21:36.700+0000] {dag.py:4138} INFO - Setting next_dagrun for dataset_s3_bucket_consumer to None, run_after=None
[2026-08-12T05:21:36.703+0000] {logging_mixin.py:190} INFO - [2026-08-12T05:21:36.703+0000] {dag.py:4138} INFO - Setting next_dagrun for dataset_s3_bucket_producer to None, run_after=None
[2026-08-12T05:21:36.729+0000] {processor.py:208} INFO - Processing /home/airflow/.local/lib/python3.12/site-packages/airflow/example_dags/example_dataset_alias.py took 0.266 seconds
[2026-08-12T05:22:07.083+0000] {processor.py:186} INFO - Started process (PID=6126) to work on /home/airflow/.local/lib/python3.12/site-packages/airflow/example_dags/example_dataset_alias.py
[2026-08-12T05:22:07.085+0000] {processor.py:914} INFO - Processing file /home/airflow/.local/lib/python3.12/site-packages/airflow/example_dags/example_dataset_alias.py for tasks to queue
[2026-08-12T05:22:07.089+0000] {logging_mixin.py:190} INFO - [2026-08-12T05:22:07.088+0000] {dagbag.py:587} INFO - Filling up the DagBag from /home/airflow/.local/lib/python3.12/site-packages/airflow/example_dags/example_dataset_alias.py
[2026-08-12T05:22:07.277+0000] {processor.py:925} INFO - DAG(s) 'dataset_alias_example_alias_consumer', 'dataset_s3_bucket_producer', 'dataset_s3_bucket_consumer', 'dataset_alias_example_alias_producer' retrieved from /home/airflow/.local/lib/python3.12/site-packages/airflow/example_dags/example_dataset_alias.py
[2026-08-12T05:22:07.305+0000] {logging_mixin.py:190} INFO - [2026-08-12T05:22:07.305+0000] {dag.py:3211} INFO - Sync 4 DAGs
[2026-08-12T05:22:07.329+0000] {logging_mixin.py:190} INFO - [2026-08-12T05:22:07.329+0000] {dag.py:4138} INFO - Setting next_dagrun for dataset_alias_example_alias_consumer to None, run_after=None
[2026-08-12T05:22:07.334+0000] {logging_mixin.py:190} INFO - [2026-08-12T05:22:07.334+0000] {dag.py:4138} INFO - Setting next_dagrun for dataset_alias_example_alias_producer to None, run_after=None
[2026-08-12T05:22:07.337+0000] {logging_mixin.py:190} INFO - [2026-08-12T05:22:07.337+0000] {dag.py:4138} INFO - Setting next_dagrun for dataset_s3_bucket_consumer to None, run_after=None
[2026-08-12T05:22:07.340+0000] {logging_mixin.py:190} INFO - [2026-08-12T05:22:07.340+0000] {dag.py:4138} INFO - Setting next_dagrun for dataset_s3_bucket_producer to None, run_after=None
[2026-08-12T05:22:07.370+0000] {processor.py:208} INFO - Processing /home/airflow/.local/lib/python3.12/site-packages/airflow/example_dags/example_dataset_alias.py took 0.293 seconds
[2026-08-12T05:22:37.751+0000] {processor.py:186} INFO - Started process (PID=6189) to work on /home/airflow/.local/lib/python3.12/site-packages/airflow/example_dags/example_dataset_alias.py
[2026-08-12T05:22:37.753+0000] {processor.py:914} INFO - Processing file /home/airflow/.local/lib/python3.12/site-packages/airflow/example_dags/example_dataset_alias.py for tasks to queue
[2026-08-12T05:22:37.758+0000] {logging_mixin.py:190} INFO - [2026-08-12T05:22:37.757+0000] {dagbag.py:587} INFO - Filling up the DagBag from /home/airflow/.local/lib/python3.12/site-packages/airflow/example_dags/example_dataset_alias.py
[2026-08-12T05:22:37.976+0000] {processor.py:925} INFO - DAG(s) 'dataset_s3_bucket_producer', 'dataset_alias_example_alias_producer', 'dataset_s3_bucket_consumer', 'dataset_alias_example_alias_consumer' retrieved from /home/airflow/.local/lib/python3.12/site-packages/airflow/example_dags/example_dataset_alias.py
[2026-08-12T05:22:38.027+0000] {logging_mixin.py:190} INFO - [2026-08-12T05:22:38.027+0000] {dag.py:3211} INFO - Sync 4 DAGs
[2026-08-12T05:22:38.068+0000] {logging_mixin.py:190} INFO - [2026-08-12T05:22:38.067+0000] {dag.py:4138} INFO - Setting next_dagrun for dataset_alias_example_alias_consumer to None, run_after=None
[2026-08-12T05:22:38.076+0000] {logging_mixin.py:190} INFO - [2026-08-12T05:22:38.076+0000] {dag.py:4138} INFO - Setting next_dagrun for dataset_alias_example_alias_producer to None, run_after=None
[2026-08-12T05:22:38.082+0000] {logging_mixin.py:190} INFO - [2026-08-12T05:22:38.082+0000] {dag.py:4138} INFO - Setting next_dagrun for dataset_s3_bucket_consumer to None, run_after=None
[2026-08-12T05:22:38.086+0000] {logging_mixin.py:190} INFO - [2026-08-12T05:22:38.086+0000] {dag.py:4138} INFO - Setting next_dagrun for dataset_s3_bucket_producer to None, run_after=None
[2026-08-12T05:22:38.124+0000] {processor.py:208} INFO - Processing /home/airflow/.local/lib/python3.12/site-packages/airflow/example_dags/example_dataset_alias.py took 0.380 seconds
[2026-08-12T05:23:08.193+0000] {processor.py:186} INFO - Started process (PID=6251) to work on /home/airflow/.local/lib/python3.12/site-packages/airflow/example_dags/example_dataset_alias.py
[2026-08-12T05:23:08.195+0000] {processor.py:914} INFO - Processing file /home/airflow/.local/lib/python3.12/site-packages/airflow/example_dags/example_dataset_alias.py for tasks to queue
[2026-08-12T05:23:08.199+0000] {logging_mixin.py:190} INFO - [2026-08-12T05:23:08.199+0000] {dagbag.py:587} INFO - Filling up the DagBag from /home/airflow/.local/lib/python3.12/site-packages/airflow/example_dags/example_dataset_alias.py
[2026-08-12T05:23:08.382+0000] {processor.py:925} INFO - DAG(s) 'dataset_alias_example_alias_producer', 'dataset_s3_bucket_producer', 'dataset_s3_bucket_consumer', 'dataset_alias_example_alias_consumer' retrieved from /home/airflow/.local/lib/python3.12/site-packages/airflow/example_dags/example_dataset_alias.py
[2026-08-12T05:23:08.410+0000] {logging_mixin.py:190} INFO - [2026-08-12T05:23:08.409+0000] {dag.py:3211} INFO - Sync 4 DAGs
[2026-08-12T05:23:08.442+0000] {logging_mixin.py:190} INFO - [2026-08-12T05:23:08.442+0000] {dag.py:4138} INFO - Setting next_dagrun for dataset_alias_example_alias_consumer to None, run_after=None
[2026-08-12T05:23:08.447+0000] {logging_mixin.py:190} INFO - [2026-08-12T05:23:08.447+0000] {dag.py:4138} INFO - Setting next_dagrun for dataset_alias_example_alias_producer to None, run_after=None
[2026-08-12T05:23:08.450+0000] {logging_mixin.py:190} INFO - [2026-08-12T05:23:08.450+0000] {dag.py:4138} INFO - Setting next_dagrun for dataset_s3_bucket_consumer to None, run_after=None
[2026-08-12T05:23:08.453+0000] {logging_mixin.py:190} INFO - [2026-08-12T05:23:08.453+0000] {dag.py:4138} INFO - Setting next_dagrun for dataset_s3_bucket_producer to None, run_after=None
[2026-08-12T05:23:08.483+0000] {processor.py:208} INFO - Processing /home/airflow/.local/lib/python3.12/site-packages/airflow/example_dags/example_dataset_alias.py took 0.297 seconds
[2026-08-12T05:23:39.176+0000] {processor.py:186} INFO - Started process (PID=6314) to work on /home/airflow/.local/lib/python3.12/site-packages/airflow/example_dags/example_dataset_alias.py
[2026-08-12T05:23:39.178+0000] {processor.py:914} INFO - Processing file /home/airflow/.local/lib/python3.12/site-packages/airflow/example_dags/example_dataset_alias.py for tasks to queue
[2026-08-12T05:23:39.182+0000] {logging_mixin.py:190} INFO - [2026-08-12T05:23:39.181+0000] {dagbag.py:587} INFO - Filling up the DagBag from /home/airflow/.local/lib/python3.12/site-packages/airflow/example_dags/example_dataset_alias.py
[2026-08-12T05:23:39.384+0000] {processor.py:925} INFO - DAG(s) 'dataset_s3_bucket_producer', 'dataset_alias_example_alias_producer', 'dataset_alias_example_alias_consumer', 'dataset_s3_bucket_consumer' retrieved from /home/airflow/.local/lib/python3.12/site-packages/airflow/example_dags/example_dataset_alias.py
[2026-08-12T05:23:39.414+0000] {logging_mixin.py:190} INFO - [2026-08-12T05:23:39.414+0000] {dag.py:3211} INFO - Sync 4 DAGs
[2026-08-12T05:23:39.443+0000] {logging_mixin.py:190} INFO - [2026-08-12T05:23:39.443+0000] {dag.py:4138} INFO - Setting next_dagrun for dataset_alias_example_alias_consumer to None, run_after=None
[2026-08-12T05:23:39.449+0000] {logging_mixin.py:190} INFO - [2026-08-12T05:23:39.448+0000] {dag.py:4138} INFO - Setting next_dagrun for dataset_alias_example_alias_producer to None, run_after=None
[2026-08-12T05:23:39.453+0000] {logging_mixin.py:190} INFO - [2026-08-12T05:23:39.453+0000] {dag.py:4138} INFO - Setting next_dagrun for dataset_s3_bucket_consumer to None, run_after=None
[2026-08-12T05:23:39.457+0000] {logging_mixin.py:190} INFO - [2026-08-12T05:23:39.456+0000] {dag.py:4138} INFO - Setting next_dagrun for dataset_s3_bucket_producer to None, run_after=None
[2026-08-12T05:23:39.488+0000] {processor.py:208} INFO - Processing /home/airflow/.local/lib/python3.12/site-packages/airflow/example_dags/example_dataset_alias.py took 0.321 seconds
[2026-08-12T05:24:09.584+0000] {processor.py:186} INFO - Started process (PID=6377) to work on /home/airflow/.local/lib/python3.12/site-packages/airflow/example_dags/example_dataset_alias.py
[2026-08-12T05:24:09.587+0000] {processor.py:914} INFO - Processing file /home/airflow/.local/lib/python3.12/site-packages/airflow/example_dags/example_dataset_alias.py for tasks to queue
[2026-08-12T05:24:09.592+0000] {logging_mixin.py:190} INFO - [2026-08-12T05:24:09.592+0000] {dagbag.py:587} INFO - Filling up the DagBag from /home/airflow/.local/lib/python3.12/site-packages/airflow/example_dags/example_dataset_alias.py
[2026-08-12T05:24:09.792+0000] {processor.py:925} INFO - DAG(s) 'dataset_alias_example_alias_producer', 'dataset_alias_example_alias_consumer', 'dataset_s3_bucket_producer', 'dataset_s3_bucket_consumer' retrieved from /home/airflow/.local/lib/python3.12/site-packages/airflow/example_dags/example_dataset_alias.py
[2026-08-12T05:24:09.826+0000] {logging_mixin.py:190} INFO - [2026-08-12T05:24:09.826+0000] {dag.py:3211} INFO - Sync 4 DAGs
[2026-08-12T05:24:09.856+0000] {logging_mixin.py:190} INFO - [2026-08-12T05:24:09.856+0000] {dag.py:4138} INFO - Setting next_dagrun for dataset_alias_example_alias_consumer to None, run_after=None
[2026-08-12T05:24:09.861+0000] {logging_mixin.py:190} INFO - [2026-08-12T05:24:09.861+0000] {dag.py:4138} INFO - Setting next_dagrun for dataset_alias_example_alias_producer to None, run_after=None
[2026-08-12T05:24:09.864+0000] {logging_mixin.py:190} INFO - [2026-08-12T05:24:09.864+0000] {dag.py:4138} INFO - Setting next_dagrun for dataset_s3_bucket_consumer to None, run_after=None
[2026-08-12T05:24:09.867+0000] {logging_mixin.py:190} INFO - [2026-08-12T05:24:09.867+0000] {dag.py:4138} INFO - Setting next_dagrun for dataset_s3_bucket_producer to None, run_after=None
[2026-08-12T05:24:09.903+0000] {processor.py:208} INFO - Processing /home/airflow/.local/lib/python3.12/site-packages/airflow/example_dags/example_dataset_alias.py took 0.327 seconds
[2026-08-12T05:24:40.420+0000] {processor.py:186} INFO - Started process (PID=6441) to work on /home/airflow/.local/lib/python3.12/site-packages/airflow/example_dags/example_dataset_alias.py
[2026-08-12T05:24:40.423+0000] {processor.py:914} INFO - Processing file /home/airflow/.local/lib/python3.12/site-packages/airflow/example_dags/example_dataset_alias.py for tasks to queue
[2026-08-12T05:24:40.428+0000] {logging_mixin.py:190} INFO - [2026-08-12T05:24:40.427+0000] {dagbag.py:587} INFO - Filling up the DagBag from /home/airflow/.local/lib/python3.12/site-packages/airflow/example_dags/example_dataset_alias.py
[2026-08-12T05:24:40.636+0000] {processor.py:925} INFO - DAG(s) 'dataset_alias_example_alias_consumer', 'dataset_s3_bucket_producer', 'dataset_s3_bucket_consumer', 'dataset_alias_example_alias_producer' retrieved from /home/airflow/.local/lib/python3.12/site-packages/airflow/example_dags/example_dataset_alias.py
[2026-08-12T05:24:40.671+0000] {logging_mixin.py:190} INFO - [2026-08-12T05:24:40.671+0000] {dag.py:3211} INFO - Sync 4 DAGs
[2026-08-12T05:24:40.700+0000] {logging_mixin.py:190} INFO - [2026-08-12T05:24:40.700+0000] {dag.py:4138} INFO - Setting next_dagrun for dataset_alias_example_alias_consumer to None, run_after=None
[2026-08-12T05:24:40.705+0000] {logging_mixin.py:190} INFO - [2026-08-12T05:24:40.704+0000] {dag.py:4138} INFO - Setting next_dagrun for dataset_alias_example_alias_producer to None, run_after=None
[2026-08-12T05:24:40.708+0000] {logging_mixin.py:190} INFO - [2026-08-12T05:24:40.708+0000] {dag.py:4138} INFO - Setting next_dagrun for dataset_s3_bucket_consumer to None, run_after=None
[2026-08-12T05:24:40.711+0000] {logging_mixin.py:190} INFO - [2026-08-12T05:24:40.711+0000] {dag.py:4138} INFO - Setting next_dagrun for dataset_s3_bucket_producer to None, run_after=None
[2026-08-12T05:24:40.749+0000] {processor.py:208} INFO - Processing /home/airflow/.local/lib/python3.12/site-packages/airflow/example_dags/example_dataset_alias.py took 0.338 seconds
[2026-08-12T05:25:11.110+0000] {processor.py:186} INFO - Started process (PID=6504) to work on /home/airflow/.local/lib/python3.12/site-packages/airflow/example_dags/example_dataset_alias.py
[2026-08-12T05:25:11.113+0000] {processor.py:914} INFO - Processing file /home/airflow/.local/lib/python3.12/site-packages/airflow/example_dags/example_dataset_alias.py for tasks to queue
[2026-08-12T05:25:11.116+0000] {logging_mixin.py:190} INFO - [2026-08-12T05:25:11.116+0000] {dagbag.py:587} INFO - Filling up the DagBag from /home/airflow/.local/lib/python3.12/site-packages/airflow/example_dags/example_dataset_alias.py
[2026-08-12T05:25:11.306+0000] {processor.py:925} INFO - DAG(s) 'dataset_s3_bucket_producer', 'dataset_alias_example_alias_consumer', 'dataset_s3_bucket_consumer', 'dataset_alias_example_alias_producer' retrieved from /home/airflow/.local/lib/python3.12/site-packages/airflow/example_dags/example_dataset_alias.py
[2026-08-12T05:25:11.331+0000] {logging_mixin.py:190} INFO - [2026-08-12T05:25:11.331+0000] {dag.py:3211} INFO - Sync 4 DAGs
[2026-08-12T05:25:11.357+0000] {logging_mixin.py:190} INFO - [2026-08-12T05:25:11.356+0000] {dag.py:4138} INFO - Setting next_dagrun for dataset_alias_example_alias_consumer to None, run_after=None
[2026-08-12T05:25:11.361+0000] {logging_mixin.py:190} INFO - [2026-08-12T05:25:11.361+0000] {dag.py:4138} INFO - Setting next_dagrun for dataset_alias_example_alias_producer to None, run_after=None
[2026-08-12T05:25:11.364+0000] {logging_mixin.py:190} INFO - [2026-08-12T05:25:11.364+0000] {dag.py:4138} INFO - Setting next_dagrun for dataset_s3_bucket_consumer to None, run_after=None
[2026-08-12T05:25:11.366+0000] {logging_mixin.py:190} INFO - [2026-08-12T05:25:11.366+0000] {dag.py:4138} INFO - Setting next_dagrun for dataset_s3_bucket_producer to None, run_after=None
[2026-08-12T05:25:11.396+0000] {processor.py:208} INFO - Processing /home/airflow/.local/lib/python3.12/site-packages/airflow/example_dags/example_dataset_alias.py took 0.294 seconds
[2026-08-12T05:25:41.738+0000] {processor.py:186} INFO - Started process (PID=6567) to work on /home/airflow/.local/lib/python3.12/site-packages/airflow/example_dags/example_dataset_alias.py
[2026-08-12T05:25:41.741+0000] {processor.py:914} INFO - Processing file /home/airflow/.local/lib/python3.12/site-packages/airflow/example_dags/example_dataset_alias.py for tasks to queue
[2026-08-12T05:25:41.747+0000] {logging_mixin.py:190} INFO - [2026-08-12T05:25:41.746+0000] {dagbag.py:587} INFO - Filling up the DagBag from /home/airflow/.local/lib/python3.12/site-packages/airflow/example_dags/example_dataset_alias.py
[2026-08-12T05:25:41.930+0000] {processor.py:925} INFO - DAG(s) 'dataset_alias_example_alias_consumer', 'dataset_s3_bucket_producer', 'dataset_alias_example_alias_producer', 'dataset_s3_bucket_consumer' retrieved from /home/airflow/.local/lib/python3.12/site-packages/airflow/example_dags/example_dataset_alias.py
[2026-08-12T05:25:41.960+0000] {logging_mixin.py:190} INFO - [2026-08-12T05:25:41.960+0000] {dag.py:3211} INFO - Sync 4 DAGs
[2026-08-12T05:25:41.997+0000] {logging_mixin.py:190} INFO - [2026-08-12T05:25:41.997+0000] {dag.py:4138} INFO - Setting next_dagrun for dataset_alias_example_alias_consumer to None, run_after=None
[2026-08-12T05:25:42.002+0000] {logging_mixin.py:190} INFO - [2026-08-12T05:25:42.002+0000] {dag.py:4138} INFO - Setting next_dagrun for dataset_alias_example_alias_producer to None, run_after=None
[2026-08-12T05:25:42.005+0000] {logging_mixin.py:190} INFO - [2026-08-12T05:25:42.005+0000] {dag.py:4138} INFO - Setting next_dagrun for dataset_s3_bucket_consumer to None, run_after=None
[2026-08-12T05:25:42.009+0000] {logging_mixin.py:190} INFO - [2026-08-12T05:25:42.009+0000] {dag.py:4138} INFO - Setting next_dagrun for dataset_s3_bucket_producer to None, run_after=None
[2026-08-12T05:25:42.039+0000] {processor.py:208} INFO - Processing /home/airflow/.local/lib/python3.12/site-packages/airflow/example_dags/example_dataset_alias.py took 0.306 seconds
[2026-08-12T05:26:12.712+0000] {processor.py:186} INFO - Started process (PID=6630) to work on /home/airflow/.local/lib/python3.12/site-packages/airflow/example_dags/example_dataset_alias.py
[2026-08-12T05:26:12.714+0000] {processor.py:914} INFO - Processing file /home/airflow/.local/lib/python3.12/site-packages/airflow/example_dags/example_dataset_alias.py for tasks to queue
[2026-08-12T05:26:12.720+0000] {logging_mixin.py:190} INFO - [2026-08-12T05:26:12.719+0000] {dagbag.py:587} INFO - Filling up the DagBag from /home/airflow/.local/lib/python3.12/site-packages/airflow/example_dags/example_dataset_alias.py
[2026-08-12T05:26:12.919+0000] {processor.py:925} INFO - DAG(s) 'dataset_alias_example_alias_consumer', 'dataset_s3_bucket_consumer', 'dataset_s3_bucket_producer', 'dataset_alias_example_alias_producer' retrieved from /home/airflow/.local/lib/python3.12/site-packages/airflow/example_dags/example_dataset_alias.py
[2026-08-12T05:26:12.943+0000] {logging_mixin.py:190} INFO - [2026-08-12T05:26:12.943+0000] {dag.py:3211} INFO - Sync 4 DAGs
[2026-08-12T05:26:12.971+0000] {logging_mixin.py:190} INFO - [2026-08-12T05:26:12.971+0000] {dag.py:4138} INFO - Setting next_dagrun for dataset_alias_example_alias_consumer to None, run_after=None
[2026-08-12T05:26:12.975+0000] {logging_mixin.py:190} INFO - [2026-08-12T05:26:12.975+0000] {dag.py:4138} INFO - Setting next_dagrun for dataset_alias_example_alias_producer to None, run_after=None
[2026-08-12T05:26:12.978+0000] {logging_mixin.py:190} INFO - [2026-08-12T05:26:12.978+0000] {dag.py:4138} INFO - Setting next_dagrun for dataset_s3_bucket_consumer to None, run_after=None
[2026-08-12T05:26:12.982+0000] {logging_mixin.py:190} INFO - [2026-08-12T05:26:12.981+0000] {dag.py:4138} INFO - Setting next_dagrun for dataset_s3_bucket_producer to None, run_after=None
[2026-08-12T05:26:13.010+0000] {processor.py:208} INFO - Processing /home/airflow/.local/lib/python3.12/site-packages/airflow/example_dags/example_dataset_alias.py took 0.304 seconds
[2026-08-12T05:26:43.548+0000] {processor.py:186} INFO - Started process (PID=6693) to work on /home/airflow/.local/lib/python3.12/site-packages/airflow/example_dags/example_dataset_alias.py
[2026-08-12T05:26:43.550+0000] {processor.py:914} INFO - Processing file /home/airflow/.local/lib/python3.12/site-packages/airflow/example_dags/example_dataset_alias.py for tasks to queue
[2026-08-12T05:26:43.554+0000] {logging_mixin.py:190} INFO - [2026-08-12T05:26:43.554+0000] {dagbag.py:587} INFO - Filling up the DagBag from /home/airflow/.local/lib/python3.12/site-packages/airflow/example_dags/example_dataset_alias.py
[2026-08-12T05:26:43.889+0000] {processor.py:925} INFO - DAG(s) 'dataset_alias_example_alias_consumer', 'dataset_s3_bucket_consumer', 'dataset_s3_bucket_producer', 'dataset_alias_example_alias_producer' retrieved from /home/airflow/.local/lib/python3.12/site-packages/airflow/example_dags/example_dataset_alias.py
[2026-08-12T05:26:43.931+0000] {logging_mixin.py:190} INFO - [2026-08-12T05:26:43.931+0000] {dag.py:3211} INFO - Sync 4 DAGs
[2026-08-12T05:26:43.984+0000] {logging_mixin.py:190} INFO - [2026-08-12T05:26:43.983+0000] {dag.py:4138} INFO - Setting next_dagrun for dataset_alias_example_alias_consumer to None, run_after=None
[2026-08-12T05:26:43.990+0000] {logging_mixin.py:190} INFO - [2026-08-12T05:26:43.990+0000] {dag.py:4138} INFO - Setting next_dagrun for dataset_alias_example_alias_producer to None, run_after=None
[2026-08-12T05:26:43.993+0000] {logging_mixin.py:190} INFO - [2026-08-12T05:26:43.993+0000] {dag.py:4138} INFO - Setting next_dagrun for dataset_s3_bucket_consumer to None, run_after=None
[2026-08-12T05:26:43.996+0000] {logging_mixin.py:190} INFO - [2026-08-12T05:26:43.996+0000] {dag.py:4138} INFO - Setting next_dagrun for dataset_s3_bucket_producer to None, run_after=None
[2026-08-12T05:26:44.042+0000] {processor.py:208} INFO - Processing /home/airflow/.local/lib/python3.12/site-packages/airflow/example_dags/example_dataset_alias.py took 0.507 seconds
[2026-08-12T05:27:14.123+0000] {processor.py:186} INFO - Started process (PID=6757) to work on /home/airflow/.local/lib/python3.12/site-packages/airflow/example_dags/example_dataset_alias.py
[2026-08-12T05:27:14.125+0000] {processor.py:914} INFO - Processing file /home/airflow/.local/lib/python3.12/site-packages/airflow/example_dags/example_dataset_alias.py for tasks to queue
[2026-08-12T05:27:14.129+0000] {logging_mixin.py:190} INFO - [2026-08-12T05:27:14.129+0000] {dagbag.py:587} INFO - Filling up the DagBag from /home/airflow/.local/lib/python3.12/site-packages/airflow/example_dags/example_dataset_alias.py
[2026-08-12T05:27:14.298+0000] {processor.py:925} INFO - DAG(s) 'dataset_s3_bucket_producer', 'dataset_s3_bucket_consumer', 'dataset_alias_example_alias_producer', 'dataset_alias_example_alias_consumer' retrieved from /home/airflow/.local/lib/python3.12/site-packages/airflow/example_dags/example_dataset_alias.py
[2026-08-12T05:27:14.320+0000] {logging_mixin.py:190} INFO - [2026-08-12T05:27:14.320+0000] {dag.py:3211} INFO - Sync 4 DAGs
[2026-08-12T05:27:14.342+0000] {logging_mixin.py:190} INFO - [2026-08-12T05:27:14.342+0000] {dag.py:4138} INFO - Setting next_dagrun for dataset_alias_example_alias_consumer to None, run_after=None
[2026-08-12T05:27:14.347+0000] {logging_mixin.py:190} INFO - [2026-08-12T05:27:14.347+0000] {dag.py:4138} INFO - Setting next_dagrun for dataset_alias_example_alias_producer to None, run_after=None
[2026-08-12T05:27:14.350+0000] {logging_mixin.py:190} INFO - [2026-08-12T05:27:14.350+0000] {dag.py:4138} INFO - Setting next_dagrun for dataset_s3_bucket_consumer to None, run_after=None
[2026-08-12T05:27:14.353+0000] {logging_mixin.py:190} INFO - [2026-08-12T05:27:14.353+0000] {dag.py:4138} INFO - Setting next_dagrun for dataset_s3_bucket_producer to None, run_after=None
[2026-08-12T05:27:14.380+0000] {processor.py:208} INFO - Processing /home/airflow/.local/lib/python3.12/site-packages/airflow/example_dags/example_dataset_alias.py took 0.264 seconds
[2026-08-12T05:27:44.627+0000] {processor.py:186} INFO - Started process (PID=6820) to work on /home/airflow/.local/lib/python3.12/site-packages/airflow/example_dags/example_dataset_alias.py
[2026-08-12T05:27:44.630+0000] {processor.py:914} INFO - Processing file /home/airflow/.local/lib/python3.12/site-packages/airflow/example_dags/example_dataset_alias.py for tasks to queue
[2026-08-12T05:27:44.636+0000] {logging_mixin.py:190} INFO - [2026-08-12T05:27:44.636+0000] {dagbag.py:587} INFO - Filling up the DagBag from /home/airflow/.local/lib/python3.12/site-packages/airflow/example_dags/example_dataset_alias.py
[2026-08-12T05:27:44.857+0000] {processor.py:925} INFO - DAG(s) 'dataset_s3_bucket_producer', 'dataset_alias_example_alias_producer', 'dataset_alias_example_alias_consumer', 'dataset_s3_bucket_consumer' retrieved from /home/airflow/.local/lib/python3.12/site-packages/airflow/example_dags/example_dataset_alias.py
[2026-08-12T05:27:44.897+0000] {logging_mixin.py:190} INFO - [2026-08-12T05:27:44.896+0000] {dag.py:3211} INFO - Sync 4 DAGs
[2026-08-12T05:27:44.930+0000] {logging_mixin.py:190} INFO - [2026-08-12T05:27:44.929+0000] {dag.py:4138} INFO - Setting next_dagrun for dataset_alias_example_alias_consumer to None, run_after=None
[2026-08-12T05:27:44.936+0000] {logging_mixin.py:190} INFO - [2026-08-12T05:27:44.935+0000] {dag.py:4138} INFO - Setting next_dagrun for dataset_alias_example_alias_producer to None, run_after=None
[2026-08-12T05:27:44.939+0000] {logging_mixin.py:190} INFO - [2026-08-12T05:27:44.939+0000] {dag.py:4138} INFO - Setting next_dagrun for dataset_s3_bucket_consumer to None, run_after=None
[2026-08-12T05:27:44.943+0000] {logging_mixin.py:190} INFO - [2026-08-12T05:27:44.942+0000] {dag.py:4138} INFO - Setting next_dagrun for dataset_s3_bucket_producer to None, run_after=None
[2026-08-12T05:27:44.977+0000] {processor.py:208} INFO - Processing /home/airflow/.local/lib/python3.12/site-packages/airflow/example_dags/example_dataset_alias.py took 0.360 seconds
[2026-08-12T05:28:15.405+0000] {processor.py:186} INFO - Started process (PID=6883) to work on /home/airflow/.local/lib/python3.12/site-packages/airflow/example_dags/example_dataset_alias.py
[2026-08-12T05:28:15.408+0000] {processor.py:914} INFO - Processing file /home/airflow/.local/lib/python3.12/site-packages/airflow/example_dags/example_dataset_alias.py for tasks to queue
[2026-08-12T05:28:15.413+0000] {logging_mixin.py:190} INFO - [2026-08-12T05:28:15.413+0000] {dagbag.py:587} INFO - Filling up the DagBag from /home/airflow/.local/lib/python3.12/site-packages/airflow/example_dags/example_dataset_alias.py
[2026-08-12T05:28:15.620+0000] {processor.py:925} INFO - DAG(s) 'dataset_alias_example_alias_consumer', 'dataset_alias_example_alias_producer', 'dataset_s3_bucket_consumer', 'dataset_s3_bucket_producer' retrieved from /home/airflow/.local/lib/python3.12/site-packages/airflow/example_dags/example_dataset_alias.py
[2026-08-12T05:28:15.654+0000] {logging_mixin.py:190} INFO - [2026-08-12T05:28:15.654+0000] {dag.py:3211} INFO - Sync 4 DAGs
[2026-08-12T05:28:15.692+0000] {logging_mixin.py:190} INFO - [2026-08-12T05:28:15.692+0000] {dag.py:4138} INFO - Setting next_dagrun for dataset_alias_example_alias_consumer to None, run_after=None
[2026-08-12T05:28:15.697+0000] {logging_mixin.py:190} INFO - [2026-08-12T05:28:15.697+0000] {dag.py:4138} INFO - Setting next_dagrun for dataset_alias_example_alias_producer to None, run_after=None
[2026-08-12T05:28:15.701+0000] {logging_mixin.py:190} INFO - [2026-08-12T05:28:15.700+0000] {dag.py:4138} INFO - Setting next_dagrun for dataset_s3_bucket_consumer to None, run_after=None
[2026-08-12T05:28:15.703+0000] {logging_mixin.py:190} INFO - [2026-08-12T05:28:15.703+0000] {dag.py:4138} INFO - Setting next_dagrun for dataset_s3_bucket_producer to None, run_after=None
[2026-08-12T05:28:15.739+0000] {processor.py:208} INFO - Processing /home/airflow/.local/lib/python3.12/site-packages/airflow/example_dags/example_dataset_alias.py took 0.342 seconds
[2026-08-12T05:28:46.188+0000] {processor.py:186} INFO - Started process (PID=6945) to work on /home/airflow/.local/lib/python3.12/site-packages/airflow/example_dags/example_dataset_alias.py
[2026-08-12T05:28:46.191+0000] {processor.py:914} INFO - Processing file /home/airflow/.local/lib/python3.12/site-packages/airflow/example_dags/example_dataset_alias.py for tasks to queue
[2026-08-12T05:28:46.196+0000] {logging_mixin.py:190} INFO - [2026-08-12T05:28:46.196+0000] {dagbag.py:587} INFO - Filling up the DagBag from /home/airflow/.local/lib/python3.12/site-packages/airflow/example_dags/example_dataset_alias.py
[2026-08-12T05:28:46.382+0000] {processor.py:925} INFO - DAG(s) 'dataset_alias_example_alias_consumer', 'dataset_alias_example_alias_producer', 'dataset_s3_bucket_consumer', 'dataset_s3_bucket_producer' retrieved from /home/airflow/.local/lib/python3.12/site-packages/airflow/example_dags/example_dataset_alias.py
[2026-08-12T05:28:46.419+0000] {logging_mixin.py:190} INFO - [2026-08-12T05:28:46.419+0000] {dag.py:3211} INFO - Sync 4 DAGs
[2026-08-12T05:28:46.452+0000] {logging_mixin.py:190} INFO - [2026-08-12T05:28:46.452+0000] {dag.py:4138} INFO - Setting next_dagrun for dataset_alias_example_alias_consumer to None, run_after=None
[2026-08-12T05:28:46.457+0000] {logging_mixin.py:190} INFO - [2026-08-12T05:28:46.456+0000] {dag.py:4138} INFO - Setting next_dagrun for dataset_alias_example_alias_producer to None, run_after=None
[2026-08-12T05:28:46.461+0000] {logging_mixin.py:190} INFO - [2026-08-12T05:28:46.461+0000] {dag.py:4138} INFO - Setting next_dagrun for dataset_s3_bucket_consumer to None, run_after=None
[2026-08-12T05:28:46.464+0000] {logging_mixin.py:190} INFO - [2026-08-12T05:28:46.464+0000] {dag.py:4138} INFO - Setting next_dagrun for dataset_s3_bucket_producer to None, run_after=None
[2026-08-12T05:28:46.500+0000] {processor.py:208} INFO - Processing /home/airflow/.local/lib/python3.12/site-packages/airflow/example_dags/example_dataset_alias.py took 0.319 seconds
[2026-08-12T05:29:17.027+0000] {processor.py:186} INFO - Started process (PID=7008) to work on /home/airflow/.local/lib/python3.12/site-packages/airflow/example_dags/example_dataset_alias.py
[2026-08-12T05:29:17.030+0000] {processor.py:914} INFO - Processing file /home/airflow/.local/lib/python3.12/site-packages/airflow/example_dags/example_dataset_alias.py for tasks to queue
[2026-08-12T05:29:17.038+0000] {logging_mixin.py:190} INFO - [2026-08-12T05:29:17.036+0000] {dagbag.py:587} INFO - Filling up the DagBag from /home/airflow/.local/lib/python3.12/site-packages/airflow/example_dags/example_dataset_alias.py
[2026-08-12T05:29:17.315+0000] {processor.py:925} INFO - DAG(s) 'dataset_alias_example_alias_consumer', 'dataset_s3_bucket_consumer', 'dataset_s3_bucket_producer', 'dataset_alias_example_alias_producer' retrieved from /home/airflow/.local/lib/python3.12/site-packages/airflow/example_dags/example_dataset_alias.py
[2026-08-12T05:29:17.345+0000] {logging_mixin.py:190} INFO - [2026-08-12T05:29:17.345+0000] {dag.py:3211} INFO - Sync 4 DAGs
[2026-08-12T05:29:17.381+0000] {logging_mixin.py:190} INFO - [2026-08-12T05:29:17.381+0000] {dag.py:4138} INFO - Setting next_dagrun for dataset_alias_example_alias_consumer to None, run_after=None
[2026-08-12T05:29:17.387+0000] {logging_mixin.py:190} INFO - [2026-08-12T05:29:17.387+0000] {dag.py:4138} INFO - Setting next_dagrun for dataset_alias_example_alias_producer to None, run_after=None
[2026-08-12T05:29:17.390+0000] {logging_mixin.py:190} INFO - [2026-08-12T05:29:17.390+0000] {dag.py:4138} INFO - Setting next_dagrun for dataset_s3_bucket_consumer to None, run_after=None
[2026-08-12T05:29:17.393+0000] {logging_mixin.py:190} INFO - [2026-08-12T05:29:17.393+0000] {dag.py:4138} INFO - Setting next_dagrun for dataset_s3_bucket_producer to None, run_after=None
[2026-08-12T05:29:17.431+0000] {processor.py:208} INFO - Processing /home/airflow/.local/lib/python3.12/site-packages/airflow/example_dags/example_dataset_alias.py took 0.412 seconds
[2026-08-12T05:29:48.045+0000] {processor.py:186} INFO - Started process (PID=7071) to work on /home/airflow/.local/lib/python3.12/site-packages/airflow/example_dags/example_dataset_alias.py
[2026-08-12T05:29:48.047+0000] {processor.py:914} INFO - Processing file /home/airflow/.local/lib/python3.12/site-packages/airflow/example_dags/example_dataset_alias.py for tasks to queue
[2026-08-12T05:29:48.053+0000] {logging_mixin.py:190} INFO - [2026-08-12T05:29:48.052+0000] {dagbag.py:587} INFO - Filling up the DagBag from /home/airflow/.local/lib/python3.12/site-packages/airflow/example_dags/example_dataset_alias.py
[2026-08-12T05:29:48.258+0000] {processor.py:925} INFO - DAG(s) 'dataset_s3_bucket_consumer', 'dataset_s3_bucket_producer', 'dataset_alias_example_alias_producer', 'dataset_alias_example_alias_consumer' retrieved from /home/airflow/.local/lib/python3.12/site-packages/airflow/example_dags/example_dataset_alias.py
[2026-08-12T05:29:48.287+0000] {logging_mixin.py:190} INFO - [2026-08-12T05:29:48.287+0000] {dag.py:3211} INFO - Sync 4 DAGs
[2026-08-12T05:29:48.316+0000] {logging_mixin.py:190} INFO - [2026-08-12T05:29:48.316+0000] {dag.py:4138} INFO - Setting next_dagrun for dataset_alias_example_alias_consumer to None, run_after=None
[2026-08-12T05:29:48.323+0000] {logging_mixin.py:190} INFO - [2026-08-12T05:29:48.323+0000] {dag.py:4138} INFO - Setting next_dagrun for dataset_alias_example_alias_producer to None, run_after=None
[2026-08-12T05:29:48.326+0000] {logging_mixin.py:190} INFO - [2026-08-12T05:29:48.326+0000] {dag.py:4138} INFO - Setting next_dagrun for dataset_s3_bucket_consumer to None, run_after=None
[2026-08-12T05:29:48.330+0000] {logging_mixin.py:190} INFO - [2026-08-12T05:29:48.329+0000] {dag.py:4138} INFO - Setting next_dagrun for dataset_s3_bucket_producer to None, run_after=None
[2026-08-12T05:29:48.362+0000] {processor.py:208} INFO - Processing /home/airflow/.local/lib/python3.12/site-packages/airflow/example_dags/example_dataset_alias.py took 0.327 seconds
[2026-08-12T05:30:18.669+0000] {processor.py:186} INFO - Started process (PID=7134) to work on /home/airflow/.local/lib/python3.12/site-packages/airflow/example_dags/example_dataset_alias.py
[2026-08-12T05:30:18.671+0000] {processor.py:914} INFO - Processing file /home/airflow/.local/lib/python3.12/site-packages/airflow/example_dags/example_dataset_alias.py for tasks to queue
[2026-08-12T05:30:18.676+0000] {logging_mixin.py:190} INFO - [2026-08-12T05:30:18.675+0000] {dagbag.py:587} INFO - Filling up the DagBag from /home/airflow/.local/lib/python3.12/site-packages/airflow/example_dags/example_dataset_alias.py
[2026-08-12T05:30:18.861+0000] {processor.py:925} INFO - DAG(s) 'dataset_alias_example_alias_consumer', 'dataset_s3_bucket_producer', 'dataset_alias_example_alias_producer', 'dataset_s3_bucket_consumer' retrieved from /home/airflow/.local/lib/python3.12/site-packages/airflow/example_dags/example_dataset_alias.py
[2026-08-12T05:30:18.890+0000] {logging_mixin.py:190} INFO - [2026-08-12T05:30:18.889+0000] {dag.py:3211} INFO - Sync 4 DAGs
[2026-08-12T05:30:18.924+0000] {logging_mixin.py:190} INFO - [2026-08-12T05:30:18.924+0000] {dag.py:4138} INFO - Setting next_dagrun for dataset_alias_example_alias_consumer to None, run_after=None
[2026-08-12T05:30:18.930+0000] {logging_mixin.py:190} INFO - [2026-08-12T05:30:18.929+0000] {dag.py:4138} INFO - Setting next_dagrun for dataset_alias_example_alias_producer to None, run_after=None
[2026-08-12T05:30:18.933+0000] {logging_mixin.py:190} INFO - [2026-08-12T05:30:18.933+0000] {dag.py:4138} INFO - Setting next_dagrun for dataset_s3_bucket_consumer to None, run_after=None
[2026-08-12T05:30:18.936+0000] {logging_mixin.py:190} INFO - [2026-08-12T05:30:18.936+0000] {dag.py:4138} INFO - Setting next_dagrun for dataset_s3_bucket_producer to None, run_after=None
[2026-08-12T05:30:18.972+0000] {processor.py:208} INFO - Processing /home/airflow/.local/lib/python3.12/site-packages/airflow/example_dags/example_dataset_alias.py took 0.311 seconds
[2026-08-12T05:30:49.280+0000] {processor.py:186} INFO - Started process (PID=7198) to work on /home/airflow/.local/lib/python3.12/site-packages/airflow/example_dags/example_dataset_alias.py
[2026-08-12T05:30:49.282+0000] {processor.py:914} INFO - Processing file /home/airflow/.local/lib/python3.12/site-packages/airflow/example_dags/example_dataset_alias.py for tasks to queue
[2026-08-12T05:30:49.286+0000] {logging_mixin.py:190} INFO - [2026-08-12T05:30:49.286+0000] {dagbag.py:587} INFO - Filling up the DagBag from /home/airflow/.local/lib/python3.12/site-packages/airflow/example_dags/example_dataset_alias.py
[2026-08-12T05:30:49.471+0000] {processor.py:925} INFO - DAG(s) 'dataset_s3_bucket_consumer', 'dataset_s3_bucket_producer', 'dataset_alias_example_alias_consumer', 'dataset_alias_example_alias_producer' retrieved from /home/airflow/.local/lib/python3.12/site-packages/airflow/example_dags/example_dataset_alias.py
[2026-08-12T05:30:49.497+0000] {logging_mixin.py:190} INFO - [2026-08-12T05:30:49.496+0000] {dag.py:3211} INFO - Sync 4 DAGs
[2026-08-12T05:30:49.528+0000] {logging_mixin.py:190} INFO - [2026-08-12T05:30:49.528+0000] {dag.py:4138} INFO - Setting next_dagrun for dataset_alias_example_alias_consumer to None, run_after=None
[2026-08-12T05:30:49.533+0000] {logging_mixin.py:190} INFO - [2026-08-12T05:30:49.532+0000] {dag.py:4138} INFO - Setting next_dagrun for dataset_alias_example_alias_producer to None, run_after=None
[2026-08-12T05:30:49.538+0000] {logging_mixin.py:190} INFO - [2026-08-12T05:30:49.538+0000] {dag.py:4138} INFO - Setting next_dagrun for dataset_s3_bucket_consumer to None, run_after=None
[2026-08-12T05:30:49.542+0000] {logging_mixin.py:190} INFO - [2026-08-12T05:30:49.541+0000] {dag.py:4138} INFO - Setting next_dagrun for dataset_s3_bucket_producer to None, run_after=None
[2026-08-12T05:30:49.571+0000] {processor.py:208} INFO - Processing /home/airflow/.local/lib/python3.12/site-packages/airflow/example_dags/example_dataset_alias.py took 0.297 seconds
[2026-08-12T05:31:19.840+0000] {processor.py:186} INFO - Started process (PID=7262) to work on /home/airflow/.local/lib/python3.12/site-packages/airflow/example_dags/example_dataset_alias.py
[2026-08-12T05:31:19.842+0000] {processor.py:914} INFO - Processing file /home/airflow/.local/lib/python3.12/site-packages/airflow/example_dags/example_dataset_alias.py for tasks to queue
[2026-08-12T05:31:19.846+0000] {logging_mixin.py:190} INFO - [2026-08-12T05:31:19.845+0000] {dagbag.py:587} INFO - Filling up the DagBag from /home/airflow/.local/lib/python3.12/site-packages/airflow/example_dags/example_dataset_alias.py
[2026-08-12T05:31:20.033+0000] {processor.py:925} INFO - DAG(s) 'dataset_alias_example_alias_producer', 'dataset_s3_bucket_consumer', 'dataset_alias_example_alias_consumer', 'dataset_s3_bucket_producer' retrieved from /home/airflow/.local/lib/python3.12/site-packages/airflow/example_dags/example_dataset_alias.py
[2026-08-12T05:31:20.059+0000] {logging_mixin.py:190} INFO - [2026-08-12T05:31:20.059+0000] {dag.py:3211} INFO - Sync 4 DAGs
[2026-08-12T05:31:20.085+0000] {logging_mixin.py:190} INFO - [2026-08-12T05:31:20.085+0000] {dag.py:4138} INFO - Setting next_dagrun for dataset_alias_example_alias_consumer to None, run_after=None
[2026-08-12T05:31:20.090+0000] {logging_mixin.py:190} INFO - [2026-08-12T05:31:20.090+0000] {dag.py:4138} INFO - Setting next_dagrun for dataset_alias_example_alias_producer to None, run_after=None
[2026-08-12T05:31:20.094+0000] {logging_mixin.py:190} INFO - [2026-08-12T05:31:20.093+0000] {dag.py:4138} INFO - Setting next_dagrun for dataset_s3_bucket_consumer to None, run_after=None
[2026-08-12T05:31:20.096+0000] {logging_mixin.py:190} INFO - [2026-08-12T05:31:20.096+0000] {dag.py:4138} INFO - Setting next_dagrun for dataset_s3_bucket_producer to None, run_after=None
[2026-08-12T05:31:20.131+0000] {processor.py:208} INFO - Processing /home/airflow/.local/lib/python3.12/site-packages/airflow/example_dags/example_dataset_alias.py took 0.298 seconds
[2026-08-12T05:31:50.940+0000] {processor.py:186} INFO - Started process (PID=7326) to work on /home/airflow/.local/lib/python3.12/site-packages/airflow/example_dags/example_dataset_alias.py
[2026-08-12T05:31:50.943+0000] {processor.py:914} INFO - Processing file /home/airflow/.local/lib/python3.12/site-packages/airflow/example_dags/example_dataset_alias.py for tasks to queue
[2026-08-12T05:31:50.952+0000] {logging_mixin.py:190} INFO - [2026-08-12T05:31:50.951+0000] {dagbag.py:587} INFO - Filling up the DagBag from /home/airflow/.local/lib/python3.12/site-packages/airflow/example_dags/example_dataset_alias.py
[2026-08-12T05:31:51.148+0000] {processor.py:925} INFO - DAG(s) 'dataset_alias_example_alias_producer', 'dataset_s3_bucket_consumer', 'dataset_alias_example_alias_consumer', 'dataset_s3_bucket_producer' retrieved from /home/airflow/.local/lib/python3.12/site-packages/airflow/example_dags/example_dataset_alias.py
[2026-08-12T05:31:51.172+0000] {logging_mixin.py:190} INFO - [2026-08-12T05:31:51.171+0000] {dag.py:3211} INFO - Sync 4 DAGs
[2026-08-12T05:31:51.202+0000] {logging_mixin.py:190} INFO - [2026-08-12T05:31:51.202+0000] {dag.py:4138} INFO - Setting next_dagrun for dataset_alias_example_alias_consumer to None, run_after=None
[2026-08-12T05:31:51.206+0000] {logging_mixin.py:190} INFO - [2026-08-12T05:31:51.206+0000] {dag.py:4138} INFO - Setting next_dagrun for dataset_alias_example_alias_producer to None, run_after=None
[2026-08-12T05:31:51.209+0000] {logging_mixin.py:190} INFO - [2026-08-12T05:31:51.209+0000] {dag.py:4138} INFO - Setting next_dagrun for dataset_s3_bucket_consumer to None, run_after=None
[2026-08-12T05:31:51.212+0000] {logging_mixin.py:190} INFO - [2026-08-12T05:31:51.212+0000] {dag.py:4138} INFO - Setting next_dagrun for dataset_s3_bucket_producer to None, run_after=None
[2026-08-12T05:31:51.239+0000] {processor.py:208} INFO - Processing /home/airflow/.local/lib/python3.12/site-packages/airflow/example_dags/example_dataset_alias.py took 0.306 seconds
[2026-08-12T05:32:21.342+0000] {processor.py:186} INFO - Started process (PID=7390) to work on /home/airflow/.local/lib/python3.12/site-packages/airflow/example_dags/example_dataset_alias.py
[2026-08-12T05:32:21.344+0000] {processor.py:914} INFO - Processing file /home/airflow/.local/lib/python3.12/site-packages/airflow/example_dags/example_dataset_alias.py for tasks to queue
[2026-08-12T05:32:21.349+0000] {logging_mixin.py:190} INFO - [2026-08-12T05:32:21.348+0000] {dagbag.py:587} INFO - Filling up the DagBag from /home/airflow/.local/lib/python3.12/site-packages/airflow/example_dags/example_dataset_alias.py
[2026-08-12T05:32:21.554+0000] {processor.py:925} INFO - DAG(s) 'dataset_alias_example_alias_producer', 'dataset_alias_example_alias_consumer', 'dataset_s3_bucket_producer', 'dataset_s3_bucket_consumer' retrieved from /home/airflow/.local/lib/python3.12/site-packages/airflow/example_dags/example_dataset_alias.py
[2026-08-12T05:32:21.584+0000] {logging_mixin.py:190} INFO - [2026-08-12T05:32:21.583+0000] {dag.py:3211} INFO - Sync 4 DAGs
[2026-08-12T05:32:21.610+0000] {logging_mixin.py:190} INFO - [2026-08-12T05:32:21.610+0000] {dag.py:4138} INFO - Setting next_dagrun for dataset_alias_example_alias_consumer to None, run_after=None
[2026-08-12T05:32:21.614+0000] {logging_mixin.py:190} INFO - [2026-08-12T05:32:21.614+0000] {dag.py:4138} INFO - Setting next_dagrun for dataset_alias_example_alias_producer to None, run_after=None
[2026-08-12T05:32:21.617+0000] {logging_mixin.py:190} INFO - [2026-08-12T05:32:21.617+0000] {dag.py:4138} INFO - Setting next_dagrun for dataset_s3_bucket_consumer to None, run_after=None
[2026-08-12T05:32:21.621+0000] {logging_mixin.py:190} INFO - [2026-08-12T05:32:21.621+0000] {dag.py:4138} INFO - Setting next_dagrun for dataset_s3_bucket_producer to None, run_after=None
[2026-08-12T05:32:21.653+0000] {processor.py:208} INFO - Processing /home/airflow/.local/lib/python3.12/site-packages/airflow/example_dags/example_dataset_alias.py took 0.319 seconds
[2026-08-12T05:32:51.810+0000] {processor.py:186} INFO - Started process (PID=7452) to work on /home/airflow/.local/lib/python3.12/site-packages/airflow/example_dags/example_dataset_alias.py
[2026-08-12T05:32:51.813+0000] {processor.py:914} INFO - Processing file /home/airflow/.local/lib/python3.12/site-packages/airflow/example_dags/example_dataset_alias.py for tasks to queue
[2026-08-12T05:32:51.818+0000] {logging_mixin.py:190} INFO - [2026-08-12T05:32:51.817+0000] {dagbag.py:587} INFO - Filling up the DagBag from /home/airflow/.local/lib/python3.12/site-packages/airflow/example_dags/example_dataset_alias.py
[2026-08-12T05:32:51.985+0000] {processor.py:925} INFO - DAG(s) 'dataset_s3_bucket_producer', 'dataset_alias_example_alias_producer', 'dataset_s3_bucket_consumer', 'dataset_alias_example_alias_consumer' retrieved from /home/airflow/.local/lib/python3.12/site-packages/airflow/example_dags/example_dataset_alias.py
[2026-08-12T05:32:52.009+0000] {logging_mixin.py:190} INFO - [2026-08-12T05:32:52.009+0000] {dag.py:3211} INFO - Sync 4 DAGs
[2026-08-12T05:32:52.032+0000] {logging_mixin.py:190} INFO - [2026-08-12T05:32:52.032+0000] {dag.py:4138} INFO - Setting next_dagrun for dataset_alias_example_alias_consumer to None, run_after=None
[2026-08-12T05:32:52.036+0000] {logging_mixin.py:190} INFO - [2026-08-12T05:32:52.036+0000] {dag.py:4138} INFO - Setting next_dagrun for dataset_alias_example_alias_producer to None, run_after=None
[2026-08-12T05:32:52.040+0000] {logging_mixin.py:190} INFO - [2026-08-12T05:32:52.039+0000] {dag.py:4138} INFO - Setting next_dagrun for dataset_s3_bucket_consumer to None, run_after=None
[2026-08-12T05:32:52.043+0000] {logging_mixin.py:190} INFO - [2026-08-12T05:32:52.043+0000] {dag.py:4138} INFO - Setting next_dagrun for dataset_s3_bucket_producer to None, run_after=None
[2026-08-12T05:32:52.070+0000] {processor.py:208} INFO - Processing /home/airflow/.local/lib/python3.12/site-packages/airflow/example_dags/example_dataset_alias.py took 0.269 seconds
[2026-08-12T05:33:22.451+0000] {processor.py:186} INFO - Started process (PID=7515) to work on /home/airflow/.local/lib/python3.12/site-packages/airflow/example_dags/example_dataset_alias.py
[2026-08-12T05:33:22.454+0000] {processor.py:914} INFO - Processing file /home/airflow/.local/lib/python3.12/site-packages/airflow/example_dags/example_dataset_alias.py for tasks to queue
[2026-08-12T05:33:22.458+0000] {logging_mixin.py:190} INFO - [2026-08-12T05:33:22.457+0000] {dagbag.py:587} INFO - Filling up the DagBag from /home/airflow/.local/lib/python3.12/site-packages/airflow/example_dags/example_dataset_alias.py
[2026-08-12T05:33:22.648+0000] {processor.py:925} INFO - DAG(s) 'dataset_s3_bucket_producer', 'dataset_s3_bucket_consumer', 'dataset_alias_example_alias_producer', 'dataset_alias_example_alias_consumer' retrieved from /home/airflow/.local/lib/python3.12/site-packages/airflow/example_dags/example_dataset_alias.py
[2026-08-12T05:33:22.677+0000] {logging_mixin.py:190} INFO - [2026-08-12T05:33:22.676+0000] {dag.py:3211} INFO - Sync 4 DAGs
[2026-08-12T05:33:22.705+0000] {logging_mixin.py:190} INFO - [2026-08-12T05:33:22.705+0000] {dag.py:4138} INFO - Setting next_dagrun for dataset_alias_example_alias_consumer to None, run_after=None
[2026-08-12T05:33:22.710+0000] {logging_mixin.py:190} INFO - [2026-08-12T05:33:22.710+0000] {dag.py:4138} INFO - Setting next_dagrun for dataset_alias_example_alias_producer to None, run_after=None
[2026-08-12T05:33:22.715+0000] {logging_mixin.py:190} INFO - [2026-08-12T05:33:22.714+0000] {dag.py:4138} INFO - Setting next_dagrun for dataset_s3_bucket_consumer to None, run_after=None
[2026-08-12T05:33:22.717+0000] {logging_mixin.py:190} INFO - [2026-08-12T05:33:22.717+0000] {dag.py:4138} INFO - Setting next_dagrun for dataset_s3_bucket_producer to None, run_after=None
[2026-08-12T05:33:22.745+0000] {processor.py:208} INFO - Processing /home/airflow/.local/lib/python3.12/site-packages/airflow/example_dags/example_dataset_alias.py took 0.301 seconds
[2026-08-12T05:33:52.881+0000] {processor.py:186} INFO - Started process (PID=7578) to work on /home/airflow/.local/lib/python3.12/site-packages/airflow/example_dags/example_dataset_alias.py
[2026-08-12T05:33:52.883+0000] {processor.py:914} INFO - Processing file /home/airflow/.local/lib/python3.12/site-packages/airflow/example_dags/example_dataset_alias.py for tasks to queue
[2026-08-12T05:33:52.888+0000] {logging_mixin.py:190} INFO - [2026-08-12T05:33:52.887+0000] {dagbag.py:587} INFO - Filling up the DagBag from /home/airflow/.local/lib/python3.12/site-packages/airflow/example_dags/example_dataset_alias.py
[2026-08-12T05:33:53.043+0000] {processor.py:925} INFO - DAG(s) 'dataset_s3_bucket_producer', 'dataset_alias_example_alias_producer', 'dataset_s3_bucket_consumer', 'dataset_alias_example_alias_consumer' retrieved from /home/airflow/.local/lib/python3.12/site-packages/airflow/example_dags/example_dataset_alias.py
[2026-08-12T05:33:53.070+0000] {logging_mixin.py:190} INFO - [2026-08-12T05:33:53.070+0000] {dag.py:3211} INFO - Sync 4 DAGs
[2026-08-12T05:33:53.093+0000] {logging_mixin.py:190} INFO - [2026-08-12T05:33:53.093+0000] {dag.py:4138} INFO - Setting next_dagrun for dataset_alias_example_alias_consumer to None, run_after=None
[2026-08-12T05:33:53.097+0000] {logging_mixin.py:190} INFO - [2026-08-12T05:33:53.097+0000] {dag.py:4138} INFO - Setting next_dagrun for dataset_alias_example_alias_producer to None, run_after=None
[2026-08-12T05:33:53.100+0000] {logging_mixin.py:190} INFO - [2026-08-12T05:33:53.099+0000] {dag.py:4138} INFO - Setting next_dagrun for dataset_s3_bucket_consumer to None, run_after=None
[2026-08-12T05:33:53.103+0000] {logging_mixin.py:190} INFO - [2026-08-12T05:33:53.103+0000] {dag.py:4138} INFO - Setting next_dagrun for dataset_s3_bucket_producer to None, run_after=None
[2026-08-12T05:33:53.129+0000] {processor.py:208} INFO - Processing /home/airflow/.local/lib/python3.12/site-packages/airflow/example_dags/example_dataset_alias.py took 0.253 seconds
[2026-08-12T05:34:23.398+0000] {processor.py:186} INFO - Started process (PID=7641) to work on /home/airflow/.local/lib/python3.12/site-packages/airflow/example_dags/example_dataset_alias.py
[2026-08-12T05:34:23.401+0000] {processor.py:914} INFO - Processing file /home/airflow/.local/lib/python3.12/site-packages/airflow/example_dags/example_dataset_alias.py for tasks to queue
[2026-08-12T05:34:23.406+0000] {logging_mixin.py:190} INFO - [2026-08-12T05:34:23.405+0000] {dagbag.py:587} INFO - Filling up the DagBag from /home/airflow/.local/lib/python3.12/site-packages/airflow/example_dags/example_dataset_alias.py
[2026-08-12T05:34:23.642+0000] {processor.py:925} INFO - DAG(s) 'dataset_s3_bucket_consumer', 'dataset_alias_example_alias_consumer', 'dataset_s3_bucket_producer', 'dataset_alias_example_alias_producer' retrieved from /home/airflow/.local/lib/python3.12/site-packages/airflow/example_dags/example_dataset_alias.py
[2026-08-12T05:34:23.672+0000] {logging_mixin.py:190} INFO - [2026-08-12T05:34:23.672+0000] {dag.py:3211} INFO - Sync 4 DAGs
[2026-08-12T05:34:23.706+0000] {logging_mixin.py:190} INFO - [2026-08-12T05:34:23.705+0000] {dag.py:4138} INFO - Setting next_dagrun for dataset_alias_example_alias_consumer to None, run_after=None
[2026-08-12T05:34:23.714+0000] {logging_mixin.py:190} INFO - [2026-08-12T05:34:23.714+0000] {dag.py:4138} INFO - Setting next_dagrun for dataset_alias_example_alias_producer to None, run_after=None
[2026-08-12T05:34:23.719+0000] {logging_mixin.py:190} INFO - [2026-08-12T05:34:23.718+0000] {dag.py:4138} INFO - Setting next_dagrun for dataset_s3_bucket_consumer to None, run_after=None
[2026-08-12T05:34:23.722+0000] {logging_mixin.py:190} INFO - [2026-08-12T05:34:23.722+0000] {dag.py:4138} INFO - Setting next_dagrun for dataset_s3_bucket_producer to None, run_after=None
[2026-08-12T05:34:23.756+0000] {processor.py:208} INFO - Processing /home/airflow/.local/lib/python3.12/site-packages/airflow/example_dags/example_dataset_alias.py took 0.366 seconds
[2026-08-12T05:34:53.951+0000] {processor.py:186} INFO - Started process (PID=7704) to work on /home/airflow/.local/lib/python3.12/site-packages/airflow/example_dags/example_dataset_alias.py
[2026-08-12T05:34:53.954+0000] {processor.py:914} INFO - Processing file /home/airflow/.local/lib/python3.12/site-packages/airflow/example_dags/example_dataset_alias.py for tasks to queue
[2026-08-12T05:34:53.958+0000] {logging_mixin.py:190} INFO - [2026-08-12T05:34:53.957+0000] {dagbag.py:587} INFO - Filling up the DagBag from /home/airflow/.local/lib/python3.12/site-packages/airflow/example_dags/example_dataset_alias.py
[2026-08-12T05:34:54.125+0000] {processor.py:925} INFO - DAG(s) 'dataset_alias_example_alias_producer', 'dataset_s3_bucket_producer', 'dataset_s3_bucket_consumer', 'dataset_alias_example_alias_consumer' retrieved from /home/airflow/.local/lib/python3.12/site-packages/airflow/example_dags/example_dataset_alias.py
[2026-08-12T05:34:54.157+0000] {logging_mixin.py:190} INFO - [2026-08-12T05:34:54.157+0000] {dag.py:3211} INFO - Sync 4 DAGs
[2026-08-12T05:34:54.184+0000] {logging_mixin.py:190} INFO - [2026-08-12T05:34:54.184+0000] {dag.py:4138} INFO - Setting next_dagrun for dataset_alias_example_alias_consumer to None, run_after=None
[2026-08-12T05:34:54.189+0000] {logging_mixin.py:190} INFO - [2026-08-12T05:34:54.189+0000] {dag.py:4138} INFO - Setting next_dagrun for dataset_alias_example_alias_producer to None, run_after=None
[2026-08-12T05:34:54.192+0000] {logging_mixin.py:190} INFO - [2026-08-12T05:34:54.192+0000] {dag.py:4138} INFO - Setting next_dagrun for dataset_s3_bucket_consumer to None, run_after=None
[2026-08-12T05:34:54.195+0000] {logging_mixin.py:190} INFO - [2026-08-12T05:34:54.195+0000] {dag.py:4138} INFO - Setting next_dagrun for dataset_s3_bucket_producer to None, run_after=None
[2026-08-12T05:34:54.225+0000] {processor.py:208} INFO - Processing /home/airflow/.local/lib/python3.12/site-packages/airflow/example_dags/example_dataset_alias.py took 0.281 seconds
[2026-08-12T05:35:24.328+0000] {processor.py:186} INFO - Started process (PID=7767) to work on /home/airflow/.local/lib/python3.12/site-packages/airflow/example_dags/example_dataset_alias.py
[2026-08-12T05:35:24.330+0000] {processor.py:914} INFO - Processing file /home/airflow/.local/lib/python3.12/site-packages/airflow/example_dags/example_dataset_alias.py for tasks to queue
[2026-08-12T05:35:24.335+0000] {logging_mixin.py:190} INFO - [2026-08-12T05:35:24.335+0000] {dagbag.py:587} INFO - Filling up the DagBag from /home/airflow/.local/lib/python3.12/site-packages/airflow/example_dags/example_dataset_alias.py
[2026-08-12T05:35:24.562+0000] {processor.py:925} INFO - DAG(s) 'dataset_alias_example_alias_producer', 'dataset_s3_bucket_consumer', 'dataset_alias_example_alias_consumer', 'dataset_s3_bucket_producer' retrieved from /home/airflow/.local/lib/python3.12/site-packages/airflow/example_dags/example_dataset_alias.py
[2026-08-12T05:35:24.594+0000] {logging_mixin.py:190} INFO - [2026-08-12T05:35:24.593+0000] {dag.py:3211} INFO - Sync 4 DAGs
[2026-08-12T05:35:24.625+0000] {logging_mixin.py:190} INFO - [2026-08-12T05:35:24.625+0000] {dag.py:4138} INFO - Setting next_dagrun for dataset_alias_example_alias_consumer to None, run_after=None
[2026-08-12T05:35:24.630+0000] {logging_mixin.py:190} INFO - [2026-08-12T05:35:24.630+0000] {dag.py:4138} INFO - Setting next_dagrun for dataset_alias_example_alias_producer to None, run_after=None
[2026-08-12T05:35:24.634+0000] {logging_mixin.py:190} INFO - [2026-08-12T05:35:24.634+0000] {dag.py:4138} INFO - Setting next_dagrun for dataset_s3_bucket_consumer to None, run_after=None
[2026-08-12T05:35:24.637+0000] {logging_mixin.py:190} INFO - [2026-08-12T05:35:24.637+0000] {dag.py:4138} INFO - Setting next_dagrun for dataset_s3_bucket_producer to None, run_after=None
[2026-08-12T05:35:24.671+0000] {processor.py:208} INFO - Processing /home/airflow/.local/lib/python3.12/site-packages/airflow/example_dags/example_dataset_alias.py took 0.349 seconds
[2026-08-12T05:35:54.815+0000] {processor.py:186} INFO - Started process (PID=7830) to work on /home/airflow/.local/lib/python3.12/site-packages/airflow/example_dags/example_dataset_alias.py
[2026-08-12T05:35:54.818+0000] {processor.py:914} INFO - Processing file /home/airflow/.local/lib/python3.12/site-packages/airflow/example_dags/example_dataset_alias.py for tasks to queue
[2026-08-12T05:35:54.822+0000] {logging_mixin.py:190} INFO - [2026-08-12T05:35:54.822+0000] {dagbag.py:587} INFO - Filling up the DagBag from /home/airflow/.local/lib/python3.12/site-packages/airflow/example_dags/example_dataset_alias.py
[2026-08-12T05:35:54.995+0000] {processor.py:925} INFO - DAG(s) 'dataset_alias_example_alias_producer', 'dataset_s3_bucket_consumer', 'dataset_alias_example_alias_consumer', 'dataset_s3_bucket_producer' retrieved from /home/airflow/.local/lib/python3.12/site-packages/airflow/example_dags/example_dataset_alias.py
[2026-08-12T05:35:55.019+0000] {logging_mixin.py:190} INFO - [2026-08-12T05:35:55.019+0000] {dag.py:3211} INFO - Sync 4 DAGs
[2026-08-12T05:35:55.043+0000] {logging_mixin.py:190} INFO - [2026-08-12T05:35:55.043+0000] {dag.py:4138} INFO - Setting next_dagrun for dataset_alias_example_alias_consumer to None, run_after=None
[2026-08-12T05:35:55.049+0000] {logging_mixin.py:190} INFO - [2026-08-12T05:35:55.049+0000] {dag.py:4138} INFO - Setting next_dagrun for dataset_alias_example_alias_producer to None, run_after=None
[2026-08-12T05:35:55.052+0000] {logging_mixin.py:190} INFO - [2026-08-12T05:35:55.051+0000] {dag.py:4138} INFO - Setting next_dagrun for dataset_s3_bucket_consumer to None, run_after=None
[2026-08-12T05:35:55.054+0000] {logging_mixin.py:190} INFO - [2026-08-12T05:35:55.054+0000] {dag.py:4138} INFO - Setting next_dagrun for dataset_s3_bucket_producer to None, run_after=None
[2026-08-12T05:35:55.092+0000] {processor.py:208} INFO - Processing /home/airflow/.local/lib/python3.12/site-packages/airflow/example_dags/example_dataset_alias.py took 0.284 seconds
[2026-08-12T05:36:25.305+0000] {processor.py:186} INFO - Started process (PID=7893) to work on /home/airflow/.local/lib/python3.12/site-packages/airflow/example_dags/example_dataset_alias.py
[2026-08-12T05:36:25.308+0000] {processor.py:914} INFO - Processing file /home/airflow/.local/lib/python3.12/site-packages/airflow/example_dags/example_dataset_alias.py for tasks to queue
[2026-08-12T05:36:25.312+0000] {logging_mixin.py:190} INFO - [2026-08-12T05:36:25.312+0000] {dagbag.py:587} INFO - Filling up the DagBag from /home/airflow/.local/lib/python3.12/site-packages/airflow/example_dags/example_dataset_alias.py
[2026-08-12T05:36:25.480+0000] {processor.py:925} INFO - DAG(s) 'dataset_s3_bucket_consumer', 'dataset_s3_bucket_producer', 'dataset_alias_example_alias_consumer', 'dataset_alias_example_alias_producer' retrieved from /home/airflow/.local/lib/python3.12/site-packages/airflow/example_dags/example_dataset_alias.py
[2026-08-12T05:36:25.510+0000] {logging_mixin.py:190} INFO - [2026-08-12T05:36:25.509+0000] {dag.py:3211} INFO - Sync 4 DAGs
[2026-08-12T05:36:25.535+0000] {logging_mixin.py:190} INFO - [2026-08-12T05:36:25.535+0000] {dag.py:4138} INFO - Setting next_dagrun for dataset_alias_example_alias_consumer to None, run_after=None
[2026-08-12T05:36:25.540+0000] {logging_mixin.py:190} INFO - [2026-08-12T05:36:25.540+0000] {dag.py:4138} INFO - Setting next_dagrun for dataset_alias_example_alias_producer to None, run_after=None
[2026-08-12T05:36:25.544+0000] {logging_mixin.py:190} INFO - [2026-08-12T05:36:25.543+0000] {dag.py:4138} INFO - Setting next_dagrun for dataset_s3_bucket_consumer to None, run_after=None
[2026-08-12T05:36:25.547+0000] {logging_mixin.py:190} INFO - [2026-08-12T05:36:25.547+0000] {dag.py:4138} INFO - Setting next_dagrun for dataset_s3_bucket_producer to None, run_after=None
[2026-08-12T05:36:25.581+0000] {processor.py:208} INFO - Processing /home/airflow/.local/lib/python3.12/site-packages/airflow/example_dags/example_dataset_alias.py took 0.285 seconds
[2026-08-12T05:36:55.672+0000] {processor.py:186} INFO - Started process (PID=7956) to work on /home/airflow/.local/lib/python3.12/site-packages/airflow/example_dags/example_dataset_alias.py
[2026-08-12T05:36:55.675+0000] {processor.py:914} INFO - Processing file /home/airflow/.local/lib/python3.12/site-packages/airflow/example_dags/example_dataset_alias.py for tasks to queue
[2026-08-12T05:36:55.680+0000] {logging_mixin.py:190} INFO - [2026-08-12T05:36:55.679+0000] {dagbag.py:587} INFO - Filling up the DagBag from /home/airflow/.local/lib/python3.12/site-packages/airflow/example_dags/example_dataset_alias.py
[2026-08-12T05:36:55.839+0000] {processor.py:925} INFO - DAG(s) 'dataset_s3_bucket_consumer', 'dataset_alias_example_alias_producer', 'dataset_s3_bucket_producer', 'dataset_alias_example_alias_consumer' retrieved from /home/airflow/.local/lib/python3.12/site-packages/airflow/example_dags/example_dataset_alias.py
[2026-08-12T05:36:55.863+0000] {logging_mixin.py:190} INFO - [2026-08-12T05:36:55.862+0000] {dag.py:3211} INFO - Sync 4 DAGs
[2026-08-12T05:36:55.890+0000] {logging_mixin.py:190} INFO - [2026-08-12T05:36:55.889+0000] {dag.py:4138} INFO - Setting next_dagrun for dataset_alias_example_alias_consumer to None, run_after=None
[2026-08-12T05:36:55.894+0000] {logging_mixin.py:190} INFO - [2026-08-12T05:36:55.894+0000] {dag.py:4138} INFO - Setting next_dagrun for dataset_alias_example_alias_producer to None, run_after=None
[2026-08-12T05:36:55.899+0000] {logging_mixin.py:190} INFO - [2026-08-12T05:36:55.898+0000] {dag.py:4138} INFO - Setting next_dagrun for dataset_s3_bucket_consumer to None, run_after=None
[2026-08-12T05:36:55.904+0000] {logging_mixin.py:190} INFO - [2026-08-12T05:36:55.903+0000] {dag.py:4138} INFO - Setting next_dagrun for dataset_s3_bucket_producer to None, run_after=None
[2026-08-12T05:36:55.930+0000] {processor.py:208} INFO - Processing /home/airflow/.local/lib/python3.12/site-packages/airflow/example_dags/example_dataset_alias.py took 0.266 seconds
[2026-08-12T05:37:26.111+0000] {processor.py:186} INFO - Started process (PID=8017) to work on /home/airflow/.local/lib/python3.12/site-packages/airflow/example_dags/example_dataset_alias.py
[2026-08-12T05:37:26.115+0000] {processor.py:914} INFO - Processing file /home/airflow/.local/lib/python3.12/site-packages/airflow/example_dags/example_dataset_alias.py for tasks to queue
[2026-08-12T05:37:26.120+0000] {logging_mixin.py:190} INFO - [2026-08-12T05:37:26.119+0000] {dagbag.py:587} INFO - Filling up the DagBag from /home/airflow/.local/lib/python3.12/site-packages/airflow/example_dags/example_dataset_alias.py
[2026-08-12T05:37:26.308+0000] {processor.py:925} INFO - DAG(s) 'dataset_s3_bucket_producer', 'dataset_alias_example_alias_producer', 'dataset_alias_example_alias_consumer', 'dataset_s3_bucket_consumer' retrieved from /home/airflow/.local/lib/python3.12/site-packages/airflow/example_dags/example_dataset_alias.py
[2026-08-12T05:37:26.331+0000] {logging_mixin.py:190} INFO - [2026-08-12T05:37:26.330+0000] {dag.py:3211} INFO - Sync 4 DAGs
[2026-08-12T05:37:26.354+0000] {logging_mixin.py:190} INFO - [2026-08-12T05:37:26.354+0000] {dag.py:4138} INFO - Setting next_dagrun for dataset_alias_example_alias_consumer to None, run_after=None
[2026-08-12T05:37:26.358+0000] {logging_mixin.py:190} INFO - [2026-08-12T05:37:26.358+0000] {dag.py:4138} INFO - Setting next_dagrun for dataset_alias_example_alias_producer to None, run_after=None
[2026-08-12T05:37:26.362+0000] {logging_mixin.py:190} INFO - [2026-08-12T05:37:26.361+0000] {dag.py:4138} INFO - Setting next_dagrun for dataset_s3_bucket_consumer to None, run_after=None
[2026-08-12T05:37:26.366+0000] {logging_mixin.py:190} INFO - [2026-08-12T05:37:26.365+0000] {dag.py:4138} INFO - Setting next_dagrun for dataset_s3_bucket_producer to None, run_after=None
[2026-08-12T05:37:26.394+0000] {processor.py:208} INFO - Processing /home/airflow/.local/lib/python3.12/site-packages/airflow/example_dags/example_dataset_alias.py took 0.292 seconds
[2026-08-12T05:37:56.480+0000] {processor.py:186} INFO - Started process (PID=8079) to work on /home/airflow/.local/lib/python3.12/site-packages/airflow/example_dags/example_dataset_alias.py
[2026-08-12T05:37:56.482+0000] {processor.py:914} INFO - Processing file /home/airflow/.local/lib/python3.12/site-packages/airflow/example_dags/example_dataset_alias.py for tasks to queue
[2026-08-12T05:37:56.487+0000] {logging_mixin.py:190} INFO - [2026-08-12T05:37:56.487+0000] {dagbag.py:587} INFO - Filling up the DagBag from /home/airflow/.local/lib/python3.12/site-packages/airflow/example_dags/example_dataset_alias.py
[2026-08-12T05:37:56.661+0000] {processor.py:925} INFO - DAG(s) 'dataset_s3_bucket_consumer', 'dataset_alias_example_alias_producer', 'dataset_s3_bucket_producer', 'dataset_alias_example_alias_consumer' retrieved from /home/airflow/.local/lib/python3.12/site-packages/airflow/example_dags/example_dataset_alias.py
[2026-08-12T05:37:56.695+0000] {logging_mixin.py:190} INFO - [2026-08-12T05:37:56.695+0000] {dag.py:3211} INFO - Sync 4 DAGs
[2026-08-12T05:37:56.722+0000] {logging_mixin.py:190} INFO - [2026-08-12T05:37:56.722+0000] {dag.py:4138} INFO - Setting next_dagrun for dataset_alias_example_alias_consumer to None, run_after=None
[2026-08-12T05:37:56.726+0000] {logging_mixin.py:190} INFO - [2026-08-12T05:37:56.726+0000] {dag.py:4138} INFO - Setting next_dagrun for dataset_alias_example_alias_producer to None, run_after=None
[2026-08-12T05:37:56.729+0000] {logging_mixin.py:190} INFO - [2026-08-12T05:37:56.729+0000] {dag.py:4138} INFO - Setting next_dagrun for dataset_s3_bucket_consumer to None, run_after=None
[2026-08-12T05:37:56.732+0000] {logging_mixin.py:190} INFO - [2026-08-12T05:37:56.731+0000] {dag.py:4138} INFO - Setting next_dagrun for dataset_s3_bucket_producer to None, run_after=None
[2026-08-12T05:37:56.761+0000] {processor.py:208} INFO - Processing /home/airflow/.local/lib/python3.12/site-packages/airflow/example_dags/example_dataset_alias.py took 0.293 seconds
[2026-08-12T05:38:26.926+0000] {processor.py:186} INFO - Started process (PID=8143) to work on /home/airflow/.local/lib/python3.12/site-packages/airflow/example_dags/example_dataset_alias.py
[2026-08-12T05:38:26.929+0000] {processor.py:914} INFO - Processing file /home/airflow/.local/lib/python3.12/site-packages/airflow/example_dags/example_dataset_alias.py for tasks to queue
[2026-08-12T05:38:26.933+0000] {logging_mixin.py:190} INFO - [2026-08-12T05:38:26.933+0000] {dagbag.py:587} INFO - Filling up the DagBag from /home/airflow/.local/lib/python3.12/site-packages/airflow/example_dags/example_dataset_alias.py
[2026-08-12T05:38:27.105+0000] {processor.py:925} INFO - DAG(s) 'dataset_s3_bucket_producer', 'dataset_alias_example_alias_consumer', 'dataset_s3_bucket_consumer', 'dataset_alias_example_alias_producer' retrieved from /home/airflow/.local/lib/python3.12/site-packages/airflow/example_dags/example_dataset_alias.py
[2026-08-12T05:38:27.138+0000] {logging_mixin.py:190} INFO - [2026-08-12T05:38:27.137+0000] {dag.py:3211} INFO - Sync 4 DAGs
[2026-08-12T05:38:27.170+0000] {logging_mixin.py:190} INFO - [2026-08-12T05:38:27.169+0000] {dag.py:4138} INFO - Setting next_dagrun for dataset_alias_example_alias_consumer to None, run_after=None
[2026-08-12T05:38:27.176+0000] {logging_mixin.py:190} INFO - [2026-08-12T05:38:27.175+0000] {dag.py:4138} INFO - Setting next_dagrun for dataset_alias_example_alias_producer to None, run_after=None
[2026-08-12T05:38:27.179+0000] {logging_mixin.py:190} INFO - [2026-08-12T05:38:27.179+0000] {dag.py:4138} INFO - Setting next_dagrun for dataset_s3_bucket_consumer to None, run_after=None
[2026-08-12T05:38:27.183+0000] {logging_mixin.py:190} INFO - [2026-08-12T05:38:27.182+0000] {dag.py:4138} INFO - Setting next_dagrun for dataset_s3_bucket_producer to None, run_after=None
[2026-08-12T05:38:27.213+0000] {processor.py:208} INFO - Processing /home/airflow/.local/lib/python3.12/site-packages/airflow/example_dags/example_dataset_alias.py took 0.294 seconds
[2026-08-12T05:38:57.360+0000] {processor.py:186} INFO - Started process (PID=8206) to work on /home/airflow/.local/lib/python3.12/site-packages/airflow/example_dags/example_dataset_alias.py
[2026-08-12T05:38:57.362+0000] {processor.py:914} INFO - Processing file /home/airflow/.local/lib/python3.12/site-packages/airflow/example_dags/example_dataset_alias.py for tasks to queue
[2026-08-12T05:38:57.371+0000] {logging_mixin.py:190} INFO - [2026-08-12T05:38:57.370+0000] {dagbag.py:587} INFO - Filling up the DagBag from /home/airflow/.local/lib/python3.12/site-packages/airflow/example_dags/example_dataset_alias.py
[2026-08-12T05:38:57.553+0000] {processor.py:925} INFO - DAG(s) 'dataset_s3_bucket_producer', 'dataset_s3_bucket_consumer', 'dataset_alias_example_alias_consumer', 'dataset_alias_example_alias_producer' retrieved from /home/airflow/.local/lib/python3.12/site-packages/airflow/example_dags/example_dataset_alias.py
[2026-08-12T05:38:57.585+0000] {logging_mixin.py:190} INFO - [2026-08-12T05:38:57.585+0000] {dag.py:3211} INFO - Sync 4 DAGs
[2026-08-12T05:38:57.612+0000] {logging_mixin.py:190} INFO - [2026-08-12T05:38:57.612+0000] {dag.py:4138} INFO - Setting next_dagrun for dataset_alias_example_alias_consumer to None, run_after=None
[2026-08-12T05:38:57.620+0000] {logging_mixin.py:190} INFO - [2026-08-12T05:38:57.619+0000] {dag.py:4138} INFO - Setting next_dagrun for dataset_alias_example_alias_producer to None, run_after=None
[2026-08-12T05:38:57.623+0000] {logging_mixin.py:190} INFO - [2026-08-12T05:38:57.623+0000] {dag.py:4138} INFO - Setting next_dagrun for dataset_s3_bucket_consumer to None, run_after=None
[2026-08-12T05:38:57.627+0000] {logging_mixin.py:190} INFO - [2026-08-12T05:38:57.627+0000] {dag.py:4138} INFO - Setting next_dagrun for dataset_s3_bucket_producer to None, run_after=None
[2026-08-12T05:38:57.659+0000] {processor.py:208} INFO - Processing /home/airflow/.local/lib/python3.12/site-packages/airflow/example_dags/example_dataset_alias.py took 0.305 seconds
[2026-08-12T05:39:27.941+0000] {processor.py:186} INFO - Started process (PID=8270) to work on /home/airflow/.local/lib/python3.12/site-packages/airflow/example_dags/example_dataset_alias.py
[2026-08-12T05:39:27.943+0000] {processor.py:914} INFO - Processing file /home/airflow/.local/lib/python3.12/site-packages/airflow/example_dags/example_dataset_alias.py for tasks to queue
[2026-08-12T05:39:27.947+0000] {logging_mixin.py:190} INFO - [2026-08-12T05:39:27.946+0000] {dagbag.py:587} INFO - Filling up the DagBag from /home/airflow/.local/lib/python3.12/site-packages/airflow/example_dags/example_dataset_alias.py
[2026-08-12T05:39:28.107+0000] {processor.py:925} INFO - DAG(s) 'dataset_s3_bucket_producer', 'dataset_alias_example_alias_producer', 'dataset_s3_bucket_consumer', 'dataset_alias_example_alias_consumer' retrieved from /home/airflow/.local/lib/python3.12/site-packages/airflow/example_dags/example_dataset_alias.py
[2026-08-12T05:39:28.133+0000] {logging_mixin.py:190} INFO - [2026-08-12T05:39:28.133+0000] {dag.py:3211} INFO - Sync 4 DAGs
[2026-08-12T05:39:28.159+0000] {logging_mixin.py:190} INFO - [2026-08-12T05:39:28.158+0000] {dag.py:4138} INFO - Setting next_dagrun for dataset_alias_example_alias_consumer to None, run_after=None
[2026-08-12T05:39:28.163+0000] {logging_mixin.py:190} INFO - [2026-08-12T05:39:28.162+0000] {dag.py:4138} INFO - Setting next_dagrun for dataset_alias_example_alias_producer to None, run_after=None
[2026-08-12T05:39:28.165+0000] {logging_mixin.py:190} INFO - [2026-08-12T05:39:28.165+0000] {dag.py:4138} INFO - Setting next_dagrun for dataset_s3_bucket_consumer to None, run_after=None
[2026-08-12T05:39:28.168+0000] {logging_mixin.py:190} INFO - [2026-08-12T05:39:28.168+0000] {dag.py:4138} INFO - Setting next_dagrun for dataset_s3_bucket_producer to None, run_after=None
[2026-08-12T05:39:28.197+0000] {processor.py:208} INFO - Processing /home/airflow/.local/lib/python3.12/site-packages/airflow/example_dags/example_dataset_alias.py took 0.263 seconds
[2026-08-12T05:39:58.564+0000] {processor.py:186} INFO - Started process (PID=8335) to work on /home/airflow/.local/lib/python3.12/site-packages/airflow/example_dags/example_dataset_alias.py
[2026-08-12T05:39:58.567+0000] {processor.py:914} INFO - Processing file /home/airflow/.local/lib/python3.12/site-packages/airflow/example_dags/example_dataset_alias.py for tasks to queue
[2026-08-12T05:39:58.574+0000] {logging_mixin.py:190} INFO - [2026-08-12T05:39:58.573+0000] {dagbag.py:587} INFO - Filling up the DagBag from /home/airflow/.local/lib/python3.12/site-packages/airflow/example_dags/example_dataset_alias.py
[2026-08-12T05:39:58.770+0000] {processor.py:925} INFO - DAG(s) 'dataset_alias_example_alias_producer', 'dataset_alias_example_alias_consumer', 'dataset_s3_bucket_consumer', 'dataset_s3_bucket_producer' retrieved from /home/airflow/.local/lib/python3.12/site-packages/airflow/example_dags/example_dataset_alias.py
[2026-08-12T05:39:58.802+0000] {logging_mixin.py:190} INFO - [2026-08-12T05:39:58.802+0000] {dag.py:3211} INFO - Sync 4 DAGs
[2026-08-12T05:39:58.825+0000] {logging_mixin.py:190} INFO - [2026-08-12T05:39:58.825+0000] {dag.py:4138} INFO - Setting next_dagrun for dataset_alias_example_alias_consumer to None, run_after=None
[2026-08-12T05:39:58.831+0000] {logging_mixin.py:190} INFO - [2026-08-12T05:39:58.830+0000] {dag.py:4138} INFO - Setting next_dagrun for dataset_alias_example_alias_producer to None, run_after=None
[2026-08-12T05:39:58.833+0000] {logging_mixin.py:190} INFO - [2026-08-12T05:39:58.833+0000] {dag.py:4138} INFO - Setting next_dagrun for dataset_s3_bucket_consumer to None, run_after=None
[2026-08-12T05:39:58.837+0000] {logging_mixin.py:190} INFO - [2026-08-12T05:39:58.837+0000] {dag.py:4138} INFO - Setting next_dagrun for dataset_s3_bucket_producer to None, run_after=None
[2026-08-12T05:39:58.862+0000] {processor.py:208} INFO - Processing /home/airflow/.local/lib/python3.12/site-packages/airflow/example_dags/example_dataset_alias.py took 0.306 seconds
[2026-08-12T05:40:28.966+0000] {processor.py:186} INFO - Started process (PID=8398) to work on /home/airflow/.local/lib/python3.12/site-packages/airflow/example_dags/example_dataset_alias.py
[2026-08-12T05:40:28.970+0000] {processor.py:914} INFO - Processing file /home/airflow/.local/lib/python3.12/site-packages/airflow/example_dags/example_dataset_alias.py for tasks to queue
[2026-08-12T05:40:28.974+0000] {logging_mixin.py:190} INFO - [2026-08-12T05:40:28.974+0000] {dagbag.py:587} INFO - Filling up the DagBag from /home/airflow/.local/lib/python3.12/site-packages/airflow/example_dags/example_dataset_alias.py
[2026-08-12T05:40:29.131+0000] {processor.py:925} INFO - DAG(s) 'dataset_s3_bucket_producer', 'dataset_s3_bucket_consumer', 'dataset_alias_example_alias_producer', 'dataset_alias_example_alias_consumer' retrieved from /home/airflow/.local/lib/python3.12/site-packages/airflow/example_dags/example_dataset_alias.py
[2026-08-12T05:40:29.157+0000] {logging_mixin.py:190} INFO - [2026-08-12T05:40:29.157+0000] {dag.py:3211} INFO - Sync 4 DAGs
[2026-08-12T05:40:29.183+0000] {logging_mixin.py:190} INFO - [2026-08-12T05:40:29.183+0000] {dag.py:4138} INFO - Setting next_dagrun for dataset_alias_example_alias_consumer to None, run_after=None
[2026-08-12T05:40:29.188+0000] {logging_mixin.py:190} INFO - [2026-08-12T05:40:29.188+0000] {dag.py:4138} INFO - Setting next_dagrun for dataset_alias_example_alias_producer to None, run_after=None
[2026-08-12T05:40:29.191+0000] {logging_mixin.py:190} INFO - [2026-08-12T05:40:29.190+0000] {dag.py:4138} INFO - Setting next_dagrun for dataset_s3_bucket_consumer to None, run_after=None
[2026-08-12T05:40:29.194+0000] {logging_mixin.py:190} INFO - [2026-08-12T05:40:29.193+0000] {dag.py:4138} INFO - Setting next_dagrun for dataset_s3_bucket_producer to None, run_after=None
[2026-08-12T05:40:29.219+0000] {processor.py:208} INFO - Processing /home/airflow/.local/lib/python3.12/site-packages/airflow/example_dags/example_dataset_alias.py took 0.260 seconds
[2026-08-12T05:40:59.436+0000] {processor.py:186} INFO - Started process (PID=8461) to work on /home/airflow/.local/lib/python3.12/site-packages/airflow/example_dags/example_dataset_alias.py
[2026-08-12T05:40:59.439+0000] {processor.py:914} INFO - Processing file /home/airflow/.local/lib/python3.12/site-packages/airflow/example_dags/example_dataset_alias.py for tasks to queue
[2026-08-12T05:40:59.448+0000] {logging_mixin.py:190} INFO - [2026-08-12T05:40:59.448+0000] {dagbag.py:587} INFO - Filling up the DagBag from /home/airflow/.local/lib/python3.12/site-packages/airflow/example_dags/example_dataset_alias.py
[2026-08-12T05:40:59.629+0000] {processor.py:925} INFO - DAG(s) 'dataset_alias_example_alias_producer', 'dataset_s3_bucket_producer', 'dataset_alias_example_alias_consumer', 'dataset_s3_bucket_consumer' retrieved from /home/airflow/.local/lib/python3.12/site-packages/airflow/example_dags/example_dataset_alias.py
[2026-08-12T05:40:59.658+0000] {logging_mixin.py:190} INFO - [2026-08-12T05:40:59.658+0000] {dag.py:3211} INFO - Sync 4 DAGs
[2026-08-12T05:40:59.684+0000] {logging_mixin.py:190} INFO - [2026-08-12T05:40:59.684+0000] {dag.py:4138} INFO - Setting next_dagrun for dataset_alias_example_alias_consumer to None, run_after=None
[2026-08-12T05:40:59.688+0000] {logging_mixin.py:190} INFO - [2026-08-12T05:40:59.688+0000] {dag.py:4138} INFO - Setting next_dagrun for dataset_alias_example_alias_producer to None, run_after=None
[2026-08-12T05:40:59.693+0000] {logging_mixin.py:190} INFO - [2026-08-12T05:40:59.692+0000] {dag.py:4138} INFO - Setting next_dagrun for dataset_s3_bucket_consumer to None, run_after=None
[2026-08-12T05:40:59.696+0000] {logging_mixin.py:190} INFO - [2026-08-12T05:40:59.696+0000] {dag.py:4138} INFO - Setting next_dagrun for dataset_s3_bucket_producer to None, run_after=None
[2026-08-12T05:40:59.727+0000] {processor.py:208} INFO - Processing /home/airflow/.local/lib/python3.12/site-packages/airflow/example_dags/example_dataset_alias.py took 0.302 seconds
[2026-08-12T05:41:30.175+0000] {processor.py:186} INFO - Started process (PID=8524) to work on /home/airflow/.local/lib/python3.12/site-packages/airflow/example_dags/example_dataset_alias.py
[2026-08-12T05:41:30.177+0000] {processor.py:914} INFO - Processing file /home/airflow/.local/lib/python3.12/site-packages/airflow/example_dags/example_dataset_alias.py for tasks to queue
[2026-08-12T05:41:30.183+0000] {logging_mixin.py:190} INFO - [2026-08-12T05:41:30.182+0000] {dagbag.py:587} INFO - Filling up the DagBag from /home/airflow/.local/lib/python3.12/site-packages/airflow/example_dags/example_dataset_alias.py
[2026-08-12T05:41:30.363+0000] {processor.py:925} INFO - DAG(s) 'dataset_s3_bucket_producer', 'dataset_alias_example_alias_consumer', 'dataset_alias_example_alias_producer', 'dataset_s3_bucket_consumer' retrieved from /home/airflow/.local/lib/python3.12/site-packages/airflow/example_dags/example_dataset_alias.py
[2026-08-12T05:41:30.391+0000] {logging_mixin.py:190} INFO - [2026-08-12T05:41:30.391+0000] {dag.py:3211} INFO - Sync 4 DAGs
[2026-08-12T05:41:30.420+0000] {logging_mixin.py:190} INFO - [2026-08-12T05:41:30.420+0000] {dag.py:4138} INFO - Setting next_dagrun for dataset_alias_example_alias_consumer to None, run_after=None
[2026-08-12T05:41:30.425+0000] {logging_mixin.py:190} INFO - [2026-08-12T05:41:30.425+0000] {dag.py:4138} INFO - Setting next_dagrun for dataset_alias_example_alias_producer to None, run_after=None
[2026-08-12T05:41:30.428+0000] {logging_mixin.py:190} INFO - [2026-08-12T05:41:30.428+0000] {dag.py:4138} INFO - Setting next_dagrun for dataset_s3_bucket_consumer to None, run_after=None
[2026-08-12T05:41:30.433+0000] {logging_mixin.py:190} INFO - [2026-08-12T05:41:30.433+0000] {dag.py:4138} INFO - Setting next_dagrun for dataset_s3_bucket_producer to None, run_after=None
[2026-08-12T05:41:30.461+0000] {processor.py:208} INFO - Processing /home/airflow/.local/lib/python3.12/site-packages/airflow/example_dags/example_dataset_alias.py took 0.292 seconds
[2026-08-12T05:42:00.557+0000] {processor.py:186} INFO - Started process (PID=8587) to work on /home/airflow/.local/lib/python3.12/site-packages/airflow/example_dags/example_dataset_alias.py
[2026-08-12T05:42:00.559+0000] {processor.py:914} INFO - Processing file /home/airflow/.local/lib/python3.12/site-packages/airflow/example_dags/example_dataset_alias.py for tasks to queue
[2026-08-12T05:42:00.563+0000] {logging_mixin.py:190} INFO - [2026-08-12T05:42:00.563+0000] {dagbag.py:587} INFO - Filling up the DagBag from /home/airflow/.local/lib/python3.12/site-packages/airflow/example_dags/example_dataset_alias.py
[2026-08-12T05:42:00.731+0000] {processor.py:925} INFO - DAG(s) 'dataset_alias_example_alias_consumer', 'dataset_alias_example_alias_producer', 'dataset_s3_bucket_producer', 'dataset_s3_bucket_consumer' retrieved from /home/airflow/.local/lib/python3.12/site-packages/airflow/example_dags/example_dataset_alias.py
[2026-08-12T05:42:00.759+0000] {logging_mixin.py:190} INFO - [2026-08-12T05:42:00.759+0000] {dag.py:3211} INFO - Sync 4 DAGs
[2026-08-12T05:42:00.785+0000] {logging_mixin.py:190} INFO - [2026-08-12T05:42:00.785+0000] {dag.py:4138} INFO - Setting next_dagrun for dataset_alias_example_alias_consumer to None, run_after=None
[2026-08-12T05:42:00.791+0000] {logging_mixin.py:190} INFO - [2026-08-12T05:42:00.791+0000] {dag.py:4138} INFO - Setting next_dagrun for dataset_alias_example_alias_producer to None, run_after=None
[2026-08-12T05:42:00.795+0000] {logging_mixin.py:190} INFO - [2026-08-12T05:42:00.795+0000] {dag.py:4138} INFO - Setting next_dagrun for dataset_s3_bucket_consumer to None, run_after=None
[2026-08-12T05:42:00.799+0000] {logging_mixin.py:190} INFO - [2026-08-12T05:42:00.799+0000] {dag.py:4138} INFO - Setting next_dagrun for dataset_s3_bucket_producer to None, run_after=None
[2026-08-12T05:42:00.831+0000] {processor.py:208} INFO - Processing /home/airflow/.local/lib/python3.12/site-packages/airflow/example_dags/example_dataset_alias.py took 0.284 seconds
[2026-08-12T05:42:30.932+0000] {processor.py:186} INFO - Started process (PID=8649) to work on /home/airflow/.local/lib/python3.12/site-packages/airflow/example_dags/example_dataset_alias.py
[2026-08-12T05:42:30.936+0000] {processor.py:914} INFO - Processing file /home/airflow/.local/lib/python3.12/site-packages/airflow/example_dags/example_dataset_alias.py for tasks to queue
[2026-08-12T05:42:30.940+0000] {logging_mixin.py:190} INFO - [2026-08-12T05:42:30.940+0000] {dagbag.py:587} INFO - Filling up the DagBag from /home/airflow/.local/lib/python3.12/site-packages/airflow/example_dags/example_dataset_alias.py
[2026-08-12T05:42:31.138+0000] {processor.py:925} INFO - DAG(s) 'dataset_s3_bucket_consumer', 'dataset_alias_example_alias_consumer', 'dataset_alias_example_alias_producer', 'dataset_s3_bucket_producer' retrieved from /home/airflow/.local/lib/python3.12/site-packages/airflow/example_dags/example_dataset_alias.py
[2026-08-12T05:42:31.165+0000] {logging_mixin.py:190} INFO - [2026-08-12T05:42:31.165+0000] {dag.py:3211} INFO - Sync 4 DAGs
[2026-08-12T05:42:31.190+0000] {logging_mixin.py:190} INFO - [2026-08-12T05:42:31.190+0000] {dag.py:4138} INFO - Setting next_dagrun for dataset_alias_example_alias_consumer to None, run_after=None
[2026-08-12T05:42:31.196+0000] {logging_mixin.py:190} INFO - [2026-08-12T05:42:31.195+0000] {dag.py:4138} INFO - Setting next_dagrun for dataset_alias_example_alias_producer to None, run_after=None
[2026-08-12T05:42:31.199+0000] {logging_mixin.py:190} INFO - [2026-08-12T05:42:31.198+0000] {dag.py:4138} INFO - Setting next_dagrun for dataset_s3_bucket_consumer to None, run_after=None
[2026-08-12T05:42:31.203+0000] {logging_mixin.py:190} INFO - [2026-08-12T05:42:31.202+0000] {dag.py:4138} INFO - Setting next_dagrun for dataset_s3_bucket_producer to None, run_after=None
[2026-08-12T05:42:31.234+0000] {processor.py:208} INFO - Processing /home/airflow/.local/lib/python3.12/site-packages/airflow/example_dags/example_dataset_alias.py took 0.314 seconds
[2026-08-12T05:43:01.675+0000] {processor.py:186} INFO - Started process (PID=8712) to work on /home/airflow/.local/lib/python3.12/site-packages/airflow/example_dags/example_dataset_alias.py
[2026-08-12T05:43:01.678+0000] {processor.py:914} INFO - Processing file /home/airflow/.local/lib/python3.12/site-packages/airflow/example_dags/example_dataset_alias.py for tasks to queue
[2026-08-12T05:43:01.685+0000] {logging_mixin.py:190} INFO - [2026-08-12T05:43:01.685+0000] {dagbag.py:587} INFO - Filling up the DagBag from /home/airflow/.local/lib/python3.12/site-packages/airflow/example_dags/example_dataset_alias.py
[2026-08-12T05:43:01.844+0000] {processor.py:925} INFO - DAG(s) 'dataset_alias_example_alias_consumer', 'dataset_s3_bucket_consumer', 'dataset_s3_bucket_producer', 'dataset_alias_example_alias_producer' retrieved from /home/airflow/.local/lib/python3.12/site-packages/airflow/example_dags/example_dataset_alias.py
[2026-08-12T05:43:01.869+0000] {logging_mixin.py:190} INFO - [2026-08-12T05:43:01.869+0000] {dag.py:3211} INFO - Sync 4 DAGs
[2026-08-12T05:43:01.893+0000] {logging_mixin.py:190} INFO - [2026-08-12T05:43:01.893+0000] {dag.py:4138} INFO - Setting next_dagrun for dataset_alias_example_alias_consumer to None, run_after=None
[2026-08-12T05:43:01.897+0000] {logging_mixin.py:190} INFO - [2026-08-12T05:43:01.897+0000] {dag.py:4138} INFO - Setting next_dagrun for dataset_alias_example_alias_producer to None, run_after=None
[2026-08-12T05:43:01.901+0000] {logging_mixin.py:190} INFO - [2026-08-12T05:43:01.901+0000] {dag.py:4138} INFO - Setting next_dagrun for dataset_s3_bucket_consumer to None, run_after=None
[2026-08-12T05:43:01.904+0000] {logging_mixin.py:190} INFO - [2026-08-12T05:43:01.904+0000] {dag.py:4138} INFO - Setting next_dagrun for dataset_s3_bucket_producer to None, run_after=None
[2026-08-12T05:43:01.931+0000] {processor.py:208} INFO - Processing /home/airflow/.local/lib/python3.12/site-packages/airflow/example_dags/example_dataset_alias.py took 0.266 seconds
[2026-08-12T05:43:32.459+0000] {processor.py:186} INFO - Started process (PID=8775) to work on /home/airflow/.local/lib/python3.12/site-packages/airflow/example_dags/example_dataset_alias.py
[2026-08-12T05:43:32.461+0000] {processor.py:914} INFO - Processing file /home/airflow/.local/lib/python3.12/site-packages/airflow/example_dags/example_dataset_alias.py for tasks to queue
[2026-08-12T05:43:32.464+0000] {logging_mixin.py:190} INFO - [2026-08-12T05:43:32.464+0000] {dagbag.py:587} INFO - Filling up the DagBag from /home/airflow/.local/lib/python3.12/site-packages/airflow/example_dags/example_dataset_alias.py
[2026-08-12T05:43:32.661+0000] {processor.py:925} INFO - DAG(s) 'dataset_alias_example_alias_consumer', 'dataset_s3_bucket_consumer', 'dataset_s3_bucket_producer', 'dataset_alias_example_alias_producer' retrieved from /home/airflow/.local/lib/python3.12/site-packages/airflow/example_dags/example_dataset_alias.py
[2026-08-12T05:43:32.693+0000] {logging_mixin.py:190} INFO - [2026-08-12T05:43:32.692+0000] {dag.py:3211} INFO - Sync 4 DAGs
[2026-08-12T05:43:32.724+0000] {logging_mixin.py:190} INFO - [2026-08-12T05:43:32.723+0000] {dag.py:4138} INFO - Setting next_dagrun for dataset_alias_example_alias_consumer to None, run_after=None
[2026-08-12T05:43:32.729+0000] {logging_mixin.py:190} INFO - [2026-08-12T05:43:32.729+0000] {dag.py:4138} INFO - Setting next_dagrun for dataset_alias_example_alias_producer to None, run_after=None
[2026-08-12T05:43:32.732+0000] {logging_mixin.py:190} INFO - [2026-08-12T05:43:32.731+0000] {dag.py:4138} INFO - Setting next_dagrun for dataset_s3_bucket_consumer to None, run_after=None
[2026-08-12T05:43:32.734+0000] {logging_mixin.py:190} INFO - [2026-08-12T05:43:32.734+0000] {dag.py:4138} INFO - Setting next_dagrun for dataset_s3_bucket_producer to None, run_after=None
[2026-08-12T05:43:32.767+0000] {processor.py:208} INFO - Processing /home/airflow/.local/lib/python3.12/site-packages/airflow/example_dags/example_dataset_alias.py took 0.316 seconds
[2026-08-12T05:44:02.884+0000] {processor.py:186} INFO - Started process (PID=8837) to work on /home/airflow/.local/lib/python3.12/site-packages/airflow/example_dags/example_dataset_alias.py
[2026-08-12T05:44:02.889+0000] {processor.py:914} INFO - Processing file /home/airflow/.local/lib/python3.12/site-packages/airflow/example_dags/example_dataset_alias.py for tasks to queue
[2026-08-12T05:44:02.899+0000] {logging_mixin.py:190} INFO - [2026-08-12T05:44:02.898+0000] {dagbag.py:587} INFO - Filling up the DagBag from /home/airflow/.local/lib/python3.12/site-packages/airflow/example_dags/example_dataset_alias.py
[2026-08-12T05:44:03.087+0000] {processor.py:925} INFO - DAG(s) 'dataset_alias_example_alias_producer', 'dataset_s3_bucket_consumer', 'dataset_alias_example_alias_consumer', 'dataset_s3_bucket_producer' retrieved from /home/airflow/.local/lib/python3.12/site-packages/airflow/example_dags/example_dataset_alias.py
[2026-08-12T05:44:03.113+0000] {logging_mixin.py:190} INFO - [2026-08-12T05:44:03.113+0000] {dag.py:3211} INFO - Sync 4 DAGs
[2026-08-12T05:44:03.139+0000] {logging_mixin.py:190} INFO - [2026-08-12T05:44:03.138+0000] {dag.py:4138} INFO - Setting next_dagrun for dataset_alias_example_alias_consumer to None, run_after=None
[2026-08-12T05:44:03.145+0000] {logging_mixin.py:190} INFO - [2026-08-12T05:44:03.145+0000] {dag.py:4138} INFO - Setting next_dagrun for dataset_alias_example_alias_producer to None, run_after=None
[2026-08-12T05:44:03.149+0000] {logging_mixin.py:190} INFO - [2026-08-12T05:44:03.148+0000] {dag.py:4138} INFO - Setting next_dagrun for dataset_s3_bucket_consumer to None, run_after=None
[2026-08-12T05:44:03.152+0000] {logging_mixin.py:190} INFO - [2026-08-12T05:44:03.152+0000] {dag.py:4138} INFO - Setting next_dagrun for dataset_s3_bucket_producer to None, run_after=None
[2026-08-12T05:44:03.195+0000] {processor.py:208} INFO - Processing /home/airflow/.local/lib/python3.12/site-packages/airflow/example_dags/example_dataset_alias.py took 0.327 seconds
[2026-08-12T05:44:33.322+0000] {processor.py:186} INFO - Started process (PID=8900) to work on /home/airflow/.local/lib/python3.12/site-packages/airflow/example_dags/example_dataset_alias.py
[2026-08-12T05:44:33.325+0000] {processor.py:914} INFO - Processing file /home/airflow/.local/lib/python3.12/site-packages/airflow/example_dags/example_dataset_alias.py for tasks to queue
[2026-08-12T05:44:33.329+0000] {logging_mixin.py:190} INFO - [2026-08-12T05:44:33.329+0000] {dagbag.py:587} INFO - Filling up the DagBag from /home/airflow/.local/lib/python3.12/site-packages/airflow/example_dags/example_dataset_alias.py
[2026-08-12T05:44:33.513+0000] {processor.py:925} INFO - DAG(s) 'dataset_alias_example_alias_consumer', 'dataset_alias_example_alias_producer', 'dataset_s3_bucket_producer', 'dataset_s3_bucket_consumer' retrieved from /home/airflow/.local/lib/python3.12/site-packages/airflow/example_dags/example_dataset_alias.py
[2026-08-12T05:44:33.542+0000] {logging_mixin.py:190} INFO - [2026-08-12T05:44:33.542+0000] {dag.py:3211} INFO - Sync 4 DAGs
[2026-08-12T05:44:33.584+0000] {logging_mixin.py:190} INFO - [2026-08-12T05:44:33.583+0000] {dag.py:4138} INFO - Setting next_dagrun for dataset_alias_example_alias_consumer to None, run_after=None
[2026-08-12T05:44:33.592+0000] {logging_mixin.py:190} INFO - [2026-08-12T05:44:33.591+0000] {dag.py:4138} INFO - Setting next_dagrun for dataset_alias_example_alias_producer to None, run_after=None
[2026-08-12T05:44:33.596+0000] {logging_mixin.py:190} INFO - [2026-08-12T05:44:33.596+0000] {dag.py:4138} INFO - Setting next_dagrun for dataset_s3_bucket_consumer to None, run_after=None
[2026-08-12T05:44:33.603+0000] {logging_mixin.py:190} INFO - [2026-08-12T05:44:33.602+0000] {dag.py:4138} INFO - Setting next_dagrun for dataset_s3_bucket_producer to None, run_after=None
[2026-08-12T05:44:33.654+0000] {processor.py:208} INFO - Processing /home/airflow/.local/lib/python3.12/site-packages/airflow/example_dags/example_dataset_alias.py took 0.340 seconds
[2026-08-12T05:45:03.875+0000] {processor.py:186} INFO - Started process (PID=8963) to work on /home/airflow/.local/lib/python3.12/site-packages/airflow/example_dags/example_dataset_alias.py
[2026-08-12T05:45:03.877+0000] {processor.py:914} INFO - Processing file /home/airflow/.local/lib/python3.12/site-packages/airflow/example_dags/example_dataset_alias.py for tasks to queue
[2026-08-12T05:45:03.881+0000] {logging_mixin.py:190} INFO - [2026-08-12T05:45:03.881+0000] {dagbag.py:587} INFO - Filling up the DagBag from /home/airflow/.local/lib/python3.12/site-packages/airflow/example_dags/example_dataset_alias.py
[2026-08-12T05:45:04.063+0000] {processor.py:925} INFO - DAG(s) 'dataset_s3_bucket_producer', 'dataset_alias_example_alias_producer', 'dataset_alias_example_alias_consumer', 'dataset_s3_bucket_consumer' retrieved from /home/airflow/.local/lib/python3.12/site-packages/airflow/example_dags/example_dataset_alias.py
[2026-08-12T05:45:04.087+0000] {logging_mixin.py:190} INFO - [2026-08-12T05:45:04.087+0000] {dag.py:3211} INFO - Sync 4 DAGs
[2026-08-12T05:45:04.121+0000] {logging_mixin.py:190} INFO - [2026-08-12T05:45:04.121+0000] {dag.py:4138} INFO - Setting next_dagrun for dataset_alias_example_alias_consumer to None, run_after=None
[2026-08-12T05:45:04.126+0000] {logging_mixin.py:190} INFO - [2026-08-12T05:45:04.126+0000] {dag.py:4138} INFO - Setting next_dagrun for dataset_alias_example_alias_producer to None, run_after=None
[2026-08-12T05:45:04.130+0000] {logging_mixin.py:190} INFO - [2026-08-12T05:45:04.129+0000] {dag.py:4138} INFO - Setting next_dagrun for dataset_s3_bucket_consumer to None, run_after=None
[2026-08-12T05:45:04.133+0000] {logging_mixin.py:190} INFO - [2026-08-12T05:45:04.133+0000] {dag.py:4138} INFO - Setting next_dagrun for dataset_s3_bucket_producer to None, run_after=None
[2026-08-12T05:45:04.166+0000] {processor.py:208} INFO - Processing /home/airflow/.local/lib/python3.12/site-packages/airflow/example_dags/example_dataset_alias.py took 0.300 seconds
[2026-08-12T05:45:34.317+0000] {processor.py:186} INFO - Started process (PID=9026) to work on /home/airflow/.local/lib/python3.12/site-packages/airflow/example_dags/example_dataset_alias.py
[2026-08-12T05:45:34.319+0000] {processor.py:914} INFO - Processing file /home/airflow/.local/lib/python3.12/site-packages/airflow/example_dags/example_dataset_alias.py for tasks to queue
[2026-08-12T05:45:34.323+0000] {logging_mixin.py:190} INFO - [2026-08-12T05:45:34.323+0000] {dagbag.py:587} INFO - Filling up the DagBag from /home/airflow/.local/lib/python3.12/site-packages/airflow/example_dags/example_dataset_alias.py
[2026-08-12T05:45:34.488+0000] {processor.py:925} INFO - DAG(s) 'dataset_s3_bucket_consumer', 'dataset_alias_example_alias_producer', 'dataset_alias_example_alias_consumer', 'dataset_s3_bucket_producer' retrieved from /home/airflow/.local/lib/python3.12/site-packages/airflow/example_dags/example_dataset_alias.py
[2026-08-12T05:45:34.514+0000] {logging_mixin.py:190} INFO - [2026-08-12T05:45:34.514+0000] {dag.py:3211} INFO - Sync 4 DAGs
[2026-08-12T05:45:34.731+0000] {logging_mixin.py:190} INFO - [2026-08-12T05:45:34.731+0000] {dag.py:4138} INFO - Setting next_dagrun for dataset_alias_example_alias_consumer to None, run_after=None
[2026-08-12T05:45:34.736+0000] {logging_mixin.py:190} INFO - [2026-08-12T05:45:34.735+0000] {dag.py:4138} INFO - Setting next_dagrun for dataset_alias_example_alias_producer to None, run_after=None
[2026-08-12T05:45:34.739+0000] {logging_mixin.py:190} INFO - [2026-08-12T05:45:34.739+0000] {dag.py:4138} INFO - Setting next_dagrun for dataset_s3_bucket_consumer to None, run_after=None
[2026-08-12T05:45:34.742+0000] {logging_mixin.py:190} INFO - [2026-08-12T05:45:34.742+0000] {dag.py:4138} INFO - Setting next_dagrun for dataset_s3_bucket_producer to None, run_after=None
[2026-08-12T05:45:34.769+0000] {processor.py:208} INFO - Processing /home/airflow/.local/lib/python3.12/site-packages/airflow/example_dags/example_dataset_alias.py took 0.460 seconds
[2026-08-12T05:46:05.507+0000] {processor.py:186} INFO - Started process (PID=9096) to work on /home/airflow/.local/lib/python3.12/site-packages/airflow/example_dags/example_dataset_alias.py
[2026-08-12T05:46:05.511+0000] {processor.py:914} INFO - Processing file /home/airflow/.local/lib/python3.12/site-packages/airflow/example_dags/example_dataset_alias.py for tasks to queue
[2026-08-12T05:46:05.516+0000] {logging_mixin.py:190} INFO - [2026-08-12T05:46:05.516+0000] {dagbag.py:587} INFO - Filling up the DagBag from /home/airflow/.local/lib/python3.12/site-packages/airflow/example_dags/example_dataset_alias.py
[2026-08-12T05:46:05.682+0000] {processor.py:925} INFO - DAG(s) 'dataset_s3_bucket_consumer', 'dataset_s3_bucket_producer', 'dataset_alias_example_alias_producer', 'dataset_alias_example_alias_consumer' retrieved from /home/airflow/.local/lib/python3.12/site-packages/airflow/example_dags/example_dataset_alias.py
[2026-08-12T05:46:05.708+0000] {logging_mixin.py:190} INFO - [2026-08-12T05:46:05.708+0000] {dag.py:3211} INFO - Sync 4 DAGs
[2026-08-12T05:46:05.732+0000] {logging_mixin.py:190} INFO - [2026-08-12T05:46:05.731+0000] {dag.py:4138} INFO - Setting next_dagrun for dataset_alias_example_alias_consumer to None, run_after=None
[2026-08-12T05:46:05.737+0000] {logging_mixin.py:190} INFO - [2026-08-12T05:46:05.736+0000] {dag.py:4138} INFO - Setting next_dagrun for dataset_alias_example_alias_producer to None, run_after=None
[2026-08-12T05:46:05.740+0000] {logging_mixin.py:190} INFO - [2026-08-12T05:46:05.740+0000] {dag.py:4138} INFO - Setting next_dagrun for dataset_s3_bucket_consumer to None, run_after=None
[2026-08-12T05:46:05.743+0000] {logging_mixin.py:190} INFO - [2026-08-12T05:46:05.742+0000] {dag.py:4138} INFO - Setting next_dagrun for dataset_s3_bucket_producer to None, run_after=None
[2026-08-12T05:46:05.944+0000] {processor.py:208} INFO - Processing /home/airflow/.local/lib/python3.12/site-packages/airflow/example_dags/example_dataset_alias.py took 0.448 seconds
[2026-08-12T05:46:36.213+0000] {processor.py:186} INFO - Started process (PID=9159) to work on /home/airflow/.local/lib/python3.12/site-packages/airflow/example_dags/example_dataset_alias.py
[2026-08-12T05:46:36.215+0000] {processor.py:914} INFO - Processing file /home/airflow/.local/lib/python3.12/site-packages/airflow/example_dags/example_dataset_alias.py for tasks to queue
[2026-08-12T05:46:36.222+0000] {logging_mixin.py:190} INFO - [2026-08-12T05:46:36.221+0000] {dagbag.py:587} INFO - Filling up the DagBag from /home/airflow/.local/lib/python3.12/site-packages/airflow/example_dags/example_dataset_alias.py
[2026-08-12T05:46:36.411+0000] {processor.py:925} INFO - DAG(s) 'dataset_s3_bucket_consumer', 'dataset_alias_example_alias_consumer', 'dataset_s3_bucket_producer', 'dataset_alias_example_alias_producer' retrieved from /home/airflow/.local/lib/python3.12/site-packages/airflow/example_dags/example_dataset_alias.py
[2026-08-12T05:46:36.437+0000] {logging_mixin.py:190} INFO - [2026-08-12T05:46:36.437+0000] {dag.py:3211} INFO - Sync 4 DAGs
[2026-08-12T05:46:36.462+0000] {logging_mixin.py:190} INFO - [2026-08-12T05:46:36.462+0000] {dag.py:4138} INFO - Setting next_dagrun for dataset_alias_example_alias_consumer to None, run_after=None
[2026-08-12T05:46:36.467+0000] {logging_mixin.py:190} INFO - [2026-08-12T05:46:36.467+0000] {dag.py:4138} INFO - Setting next_dagrun for dataset_alias_example_alias_producer to None, run_after=None
[2026-08-12T05:46:36.471+0000] {logging_mixin.py:190} INFO - [2026-08-12T05:46:36.471+0000] {dag.py:4138} INFO - Setting next_dagrun for dataset_s3_bucket_consumer to None, run_after=None
[2026-08-12T05:46:36.476+0000] {logging_mixin.py:190} INFO - [2026-08-12T05:46:36.476+0000] {dag.py:4138} INFO - Setting next_dagrun for dataset_s3_bucket_producer to None, run_after=None
[2026-08-12T05:46:36.503+0000] {processor.py:208} INFO - Processing /home/airflow/.local/lib/python3.12/site-packages/airflow/example_dags/example_dataset_alias.py took 0.301 seconds
[2026-08-12T05:47:07.090+0000] {processor.py:186} INFO - Started process (PID=9222) to work on /home/airflow/.local/lib/python3.12/site-packages/airflow/example_dags/example_dataset_alias.py
[2026-08-12T05:47:07.093+0000] {processor.py:914} INFO - Processing file /home/airflow/.local/lib/python3.12/site-packages/airflow/example_dags/example_dataset_alias.py for tasks to queue
[2026-08-12T05:47:07.101+0000] {logging_mixin.py:190} INFO - [2026-08-12T05:47:07.100+0000] {dagbag.py:587} INFO - Filling up the DagBag from /home/airflow/.local/lib/python3.12/site-packages/airflow/example_dags/example_dataset_alias.py
[2026-08-12T05:47:07.300+0000] {processor.py:925} INFO - DAG(s) 'dataset_s3_bucket_producer', 'dataset_alias_example_alias_producer', 'dataset_alias_example_alias_consumer', 'dataset_s3_bucket_consumer' retrieved from /home/airflow/.local/lib/python3.12/site-packages/airflow/example_dags/example_dataset_alias.py
[2026-08-12T05:47:07.515+0000] {logging_mixin.py:190} INFO - [2026-08-12T05:47:07.515+0000] {dag.py:3211} INFO - Sync 4 DAGs
[2026-08-12T05:47:07.559+0000] {logging_mixin.py:190} INFO - [2026-08-12T05:47:07.559+0000] {dag.py:4138} INFO - Setting next_dagrun for dataset_alias_example_alias_consumer to None, run_after=None
[2026-08-12T05:47:07.564+0000] {logging_mixin.py:190} INFO - [2026-08-12T05:47:07.564+0000] {dag.py:4138} INFO - Setting next_dagrun for dataset_alias_example_alias_producer to None, run_after=None
[2026-08-12T05:47:07.567+0000] {logging_mixin.py:190} INFO - [2026-08-12T05:47:07.567+0000] {dag.py:4138} INFO - Setting next_dagrun for dataset_s3_bucket_consumer to None, run_after=None
[2026-08-12T05:47:07.571+0000] {logging_mixin.py:190} INFO - [2026-08-12T05:47:07.570+0000] {dag.py:4138} INFO - Setting next_dagrun for dataset_s3_bucket_producer to None, run_after=None
[2026-08-12T05:47:07.605+0000] {processor.py:208} INFO - Processing /home/airflow/.local/lib/python3.12/site-packages/airflow/example_dags/example_dataset_alias.py took 0.521 seconds
[2026-08-12T05:47:37.942+0000] {processor.py:186} INFO - Started process (PID=9285) to work on /home/airflow/.local/lib/python3.12/site-packages/airflow/example_dags/example_dataset_alias.py
[2026-08-12T05:47:37.945+0000] {processor.py:914} INFO - Processing file /home/airflow/.local/lib/python3.12/site-packages/airflow/example_dags/example_dataset_alias.py for tasks to queue
[2026-08-12T05:47:37.951+0000] {logging_mixin.py:190} INFO - [2026-08-12T05:47:37.951+0000] {dagbag.py:587} INFO - Filling up the DagBag from /home/airflow/.local/lib/python3.12/site-packages/airflow/example_dags/example_dataset_alias.py
[2026-08-12T05:47:38.122+0000] {processor.py:925} INFO - DAG(s) 'dataset_alias_example_alias_producer', 'dataset_alias_example_alias_consumer', 'dataset_s3_bucket_producer', 'dataset_s3_bucket_consumer' retrieved from /home/airflow/.local/lib/python3.12/site-packages/airflow/example_dags/example_dataset_alias.py
[2026-08-12T05:47:38.352+0000] {logging_mixin.py:190} INFO - [2026-08-12T05:47:38.352+0000] {dag.py:3211} INFO - Sync 4 DAGs
[2026-08-12T05:47:38.377+0000] {logging_mixin.py:190} INFO - [2026-08-12T05:47:38.377+0000] {dag.py:4138} INFO - Setting next_dagrun for dataset_alias_example_alias_consumer to None, run_after=None
[2026-08-12T05:47:38.382+0000] {logging_mixin.py:190} INFO - [2026-08-12T05:47:38.381+0000] {dag.py:4138} INFO - Setting next_dagrun for dataset_alias_example_alias_producer to None, run_after=None
[2026-08-12T05:47:38.386+0000] {logging_mixin.py:190} INFO - [2026-08-12T05:47:38.385+0000] {dag.py:4138} INFO - Setting next_dagrun for dataset_s3_bucket_consumer to None, run_after=None
[2026-08-12T05:47:38.392+0000] {logging_mixin.py:190} INFO - [2026-08-12T05:47:38.392+0000] {dag.py:4138} INFO - Setting next_dagrun for dataset_s3_bucket_producer to None, run_after=None
[2026-08-12T05:47:38.425+0000] {processor.py:208} INFO - Processing /home/airflow/.local/lib/python3.12/site-packages/airflow/example_dags/example_dataset_alias.py took 0.493 seconds
[2026-08-12T05:48:08.959+0000] {processor.py:186} INFO - Started process (PID=9348) to work on /home/airflow/.local/lib/python3.12/site-packages/airflow/example_dags/example_dataset_alias.py
[2026-08-12T05:48:08.961+0000] {processor.py:914} INFO - Processing file /home/airflow/.local/lib/python3.12/site-packages/airflow/example_dags/example_dataset_alias.py for tasks to queue
[2026-08-12T05:48:08.967+0000] {logging_mixin.py:190} INFO - [2026-08-12T05:48:08.967+0000] {dagbag.py:587} INFO - Filling up the DagBag from /home/airflow/.local/lib/python3.12/site-packages/airflow/example_dags/example_dataset_alias.py
[2026-08-12T05:48:09.152+0000] {processor.py:925} INFO - DAG(s) 'dataset_alias_example_alias_producer', 'dataset_s3_bucket_producer', 'dataset_alias_example_alias_consumer', 'dataset_s3_bucket_consumer' retrieved from /home/airflow/.local/lib/python3.12/site-packages/airflow/example_dags/example_dataset_alias.py
[2026-08-12T05:48:09.181+0000] {logging_mixin.py:190} INFO - [2026-08-12T05:48:09.181+0000] {dag.py:3211} INFO - Sync 4 DAGs
[2026-08-12T05:48:09.374+0000] {logging_mixin.py:190} INFO - [2026-08-12T05:48:09.373+0000] {dag.py:4138} INFO - Setting next_dagrun for dataset_alias_example_alias_consumer to None, run_after=None
[2026-08-12T05:48:09.380+0000] {logging_mixin.py:190} INFO - [2026-08-12T05:48:09.380+0000] {dag.py:4138} INFO - Setting next_dagrun for dataset_alias_example_alias_producer to None, run_after=None
[2026-08-12T05:48:09.384+0000] {logging_mixin.py:190} INFO - [2026-08-12T05:48:09.383+0000] {dag.py:4138} INFO - Setting next_dagrun for dataset_s3_bucket_consumer to None, run_after=None
[2026-08-12T05:48:09.387+0000] {logging_mixin.py:190} INFO - [2026-08-12T05:48:09.387+0000] {dag.py:4138} INFO - Setting next_dagrun for dataset_s3_bucket_producer to None, run_after=None
[2026-08-12T05:48:09.416+0000] {processor.py:208} INFO - Processing /home/airflow/.local/lib/python3.12/site-packages/airflow/example_dags/example_dataset_alias.py took 0.464 seconds
[2026-08-12T05:48:39.660+0000] {processor.py:186} INFO - Started process (PID=9411) to work on /home/airflow/.local/lib/python3.12/site-packages/airflow/example_dags/example_dataset_alias.py
[2026-08-12T05:48:39.663+0000] {processor.py:914} INFO - Processing file /home/airflow/.local/lib/python3.12/site-packages/airflow/example_dags/example_dataset_alias.py for tasks to queue
[2026-08-12T05:48:39.670+0000] {logging_mixin.py:190} INFO - [2026-08-12T05:48:39.669+0000] {dagbag.py:587} INFO - Filling up the DagBag from /home/airflow/.local/lib/python3.12/site-packages/airflow/example_dags/example_dataset_alias.py
[2026-08-12T05:48:39.855+0000] {processor.py:925} INFO - DAG(s) 'dataset_s3_bucket_producer', 'dataset_alias_example_alias_producer', 'dataset_alias_example_alias_consumer', 'dataset_s3_bucket_consumer' retrieved from /home/airflow/.local/lib/python3.12/site-packages/airflow/example_dags/example_dataset_alias.py
[2026-08-12T05:48:39.887+0000] {logging_mixin.py:190} INFO - [2026-08-12T05:48:39.887+0000] {dag.py:3211} INFO - Sync 4 DAGs
[2026-08-12T05:48:40.114+0000] {logging_mixin.py:190} INFO - [2026-08-12T05:48:40.113+0000] {dag.py:4138} INFO - Setting next_dagrun for dataset_alias_example_alias_consumer to None, run_after=None
[2026-08-12T05:48:40.120+0000] {logging_mixin.py:190} INFO - [2026-08-12T05:48:40.120+0000] {dag.py:4138} INFO - Setting next_dagrun for dataset_alias_example_alias_producer to None, run_after=None
[2026-08-12T05:48:40.123+0000] {logging_mixin.py:190} INFO - [2026-08-12T05:48:40.123+0000] {dag.py:4138} INFO - Setting next_dagrun for dataset_s3_bucket_consumer to None, run_after=None
[2026-08-12T05:48:40.126+0000] {logging_mixin.py:190} INFO - [2026-08-12T05:48:40.126+0000] {dag.py:4138} INFO - Setting next_dagrun for dataset_s3_bucket_producer to None, run_after=None
[2026-08-12T05:48:40.154+0000] {processor.py:208} INFO - Processing /home/airflow/.local/lib/python3.12/site-packages/airflow/example_dags/example_dataset_alias.py took 0.502 seconds
[2026-08-12T05:49:10.583+0000] {processor.py:186} INFO - Started process (PID=9474) to work on /home/airflow/.local/lib/python3.12/site-packages/airflow/example_dags/example_dataset_alias.py
[2026-08-12T05:49:10.585+0000] {processor.py:914} INFO - Processing file /home/airflow/.local/lib/python3.12/site-packages/airflow/example_dags/example_dataset_alias.py for tasks to queue
[2026-08-12T05:49:10.591+0000] {logging_mixin.py:190} INFO - [2026-08-12T05:49:10.590+0000] {dagbag.py:587} INFO - Filling up the DagBag from /home/airflow/.local/lib/python3.12/site-packages/airflow/example_dags/example_dataset_alias.py
[2026-08-12T05:49:10.921+0000] {processor.py:925} INFO - DAG(s) 'dataset_alias_example_alias_producer', 'dataset_s3_bucket_consumer', 'dataset_alias_example_alias_consumer', 'dataset_s3_bucket_producer' retrieved from /home/airflow/.local/lib/python3.12/site-packages/airflow/example_dags/example_dataset_alias.py
[2026-08-12T05:49:10.944+0000] {logging_mixin.py:190} INFO - [2026-08-12T05:49:10.943+0000] {dag.py:3211} INFO - Sync 4 DAGs
[2026-08-12T05:49:10.966+0000] {logging_mixin.py:190} INFO - [2026-08-12T05:49:10.966+0000] {dag.py:4138} INFO - Setting next_dagrun for dataset_alias_example_alias_consumer to None, run_after=None
[2026-08-12T05:49:10.970+0000] {logging_mixin.py:190} INFO - [2026-08-12T05:49:10.969+0000] {dag.py:4138} INFO - Setting next_dagrun for dataset_alias_example_alias_producer to None, run_after=None
[2026-08-12T05:49:10.973+0000] {logging_mixin.py:190} INFO - [2026-08-12T05:49:10.973+0000] {dag.py:4138} INFO - Setting next_dagrun for dataset_s3_bucket_consumer to None, run_after=None
[2026-08-12T05:49:10.976+0000] {logging_mixin.py:190} INFO - [2026-08-12T05:49:10.976+0000] {dag.py:4138} INFO - Setting next_dagrun for dataset_s3_bucket_producer to None, run_after=None
[2026-08-12T05:49:10.998+0000] {processor.py:208} INFO - Processing /home/airflow/.local/lib/python3.12/site-packages/airflow/example_dags/example_dataset_alias.py took 0.421 seconds
[2026-08-12T05:49:41.550+0000] {processor.py:186} INFO - Started process (PID=9537) to work on /home/airflow/.local/lib/python3.12/site-packages/airflow/example_dags/example_dataset_alias.py
[2026-08-12T05:49:41.553+0000] {processor.py:914} INFO - Processing file /home/airflow/.local/lib/python3.12/site-packages/airflow/example_dags/example_dataset_alias.py for tasks to queue
[2026-08-12T05:49:41.559+0000] {logging_mixin.py:190} INFO - [2026-08-12T05:49:41.558+0000] {dagbag.py:587} INFO - Filling up the DagBag from /home/airflow/.local/lib/python3.12/site-packages/airflow/example_dags/example_dataset_alias.py
[2026-08-12T05:49:42.109+0000] {processor.py:925} INFO - DAG(s) 'dataset_alias_example_alias_producer', 'dataset_alias_example_alias_consumer', 'dataset_s3_bucket_producer', 'dataset_s3_bucket_consumer' retrieved from /home/airflow/.local/lib/python3.12/site-packages/airflow/example_dags/example_dataset_alias.py
[2026-08-12T05:49:42.141+0000] {logging_mixin.py:190} INFO - [2026-08-12T05:49:42.141+0000] {dag.py:3211} INFO - Sync 4 DAGs
[2026-08-12T05:49:42.168+0000] {logging_mixin.py:190} INFO - [2026-08-12T05:49:42.168+0000] {dag.py:4138} INFO - Setting next_dagrun for dataset_alias_example_alias_consumer to None, run_after=None
[2026-08-12T05:49:42.173+0000] {logging_mixin.py:190} INFO - [2026-08-12T05:49:42.173+0000] {dag.py:4138} INFO - Setting next_dagrun for dataset_alias_example_alias_producer to None, run_after=None
[2026-08-12T05:49:42.179+0000] {logging_mixin.py:190} INFO - [2026-08-12T05:49:42.178+0000] {dag.py:4138} INFO - Setting next_dagrun for dataset_s3_bucket_consumer to None, run_after=None
[2026-08-12T05:49:42.182+0000] {logging_mixin.py:190} INFO - [2026-08-12T05:49:42.181+0000] {dag.py:4138} INFO - Setting next_dagrun for dataset_s3_bucket_producer to None, run_after=None
[2026-08-12T05:49:42.214+0000] {processor.py:208} INFO - Processing /home/airflow/.local/lib/python3.12/site-packages/airflow/example_dags/example_dataset_alias.py took 0.671 seconds
[2026-08-12T05:50:12.378+0000] {processor.py:186} INFO - Started process (PID=9601) to work on /home/airflow/.local/lib/python3.12/site-packages/airflow/example_dags/example_dataset_alias.py
[2026-08-12T05:50:12.381+0000] {processor.py:914} INFO - Processing file /home/airflow/.local/lib/python3.12/site-packages/airflow/example_dags/example_dataset_alias.py for tasks to queue
[2026-08-12T05:50:12.390+0000] {logging_mixin.py:190} INFO - [2026-08-12T05:50:12.389+0000] {dagbag.py:587} INFO - Filling up the DagBag from /home/airflow/.local/lib/python3.12/site-packages/airflow/example_dags/example_dataset_alias.py
[2026-08-12T05:50:12.739+0000] {processor.py:925} INFO - DAG(s) 'dataset_s3_bucket_producer', 'dataset_s3_bucket_consumer', 'dataset_alias_example_alias_producer', 'dataset_alias_example_alias_consumer' retrieved from /home/airflow/.local/lib/python3.12/site-packages/airflow/example_dags/example_dataset_alias.py
[2026-08-12T05:50:12.761+0000] {logging_mixin.py:190} INFO - [2026-08-12T05:50:12.761+0000] {dag.py:3211} INFO - Sync 4 DAGs
[2026-08-12T05:50:12.783+0000] {logging_mixin.py:190} INFO - [2026-08-12T05:50:12.782+0000] {dag.py:4138} INFO - Setting next_dagrun for dataset_alias_example_alias_consumer to None, run_after=None
[2026-08-12T05:50:12.787+0000] {logging_mixin.py:190} INFO - [2026-08-12T05:50:12.787+0000] {dag.py:4138} INFO - Setting next_dagrun for dataset_alias_example_alias_producer to None, run_after=None
[2026-08-12T05:50:12.790+0000] {logging_mixin.py:190} INFO - [2026-08-12T05:50:12.790+0000] {dag.py:4138} INFO - Setting next_dagrun for dataset_s3_bucket_consumer to None, run_after=None
[2026-08-12T05:50:12.793+0000] {logging_mixin.py:190} INFO - [2026-08-12T05:50:12.792+0000] {dag.py:4138} INFO - Setting next_dagrun for dataset_s3_bucket_producer to None, run_after=None
[2026-08-12T05:50:12.813+0000] {processor.py:208} INFO - Processing /home/airflow/.local/lib/python3.12/site-packages/airflow/example_dags/example_dataset_alias.py took 0.441 seconds
[2026-08-12T05:50:43.232+0000] {processor.py:186} INFO - Started process (PID=9664) to work on /home/airflow/.local/lib/python3.12/site-packages/airflow/example_dags/example_dataset_alias.py
[2026-08-12T05:50:43.235+0000] {processor.py:914} INFO - Processing file /home/airflow/.local/lib/python3.12/site-packages/airflow/example_dags/example_dataset_alias.py for tasks to queue
[2026-08-12T05:50:43.243+0000] {logging_mixin.py:190} INFO - [2026-08-12T05:50:43.242+0000] {dagbag.py:587} INFO - Filling up the DagBag from /home/airflow/.local/lib/python3.12/site-packages/airflow/example_dags/example_dataset_alias.py
[2026-08-12T05:50:43.630+0000] {processor.py:925} INFO - DAG(s) 'dataset_s3_bucket_consumer', 'dataset_alias_example_alias_consumer', 'dataset_alias_example_alias_producer', 'dataset_s3_bucket_producer' retrieved from /home/airflow/.local/lib/python3.12/site-packages/airflow/example_dags/example_dataset_alias.py
[2026-08-12T05:50:43.664+0000] {logging_mixin.py:190} INFO - [2026-08-12T05:50:43.663+0000] {dag.py:3211} INFO - Sync 4 DAGs
[2026-08-12T05:50:43.689+0000] {logging_mixin.py:190} INFO - [2026-08-12T05:50:43.688+0000] {dag.py:4138} INFO - Setting next_dagrun for dataset_alias_example_alias_consumer to None, run_after=None
[2026-08-12T05:50:43.693+0000] {logging_mixin.py:190} INFO - [2026-08-12T05:50:43.693+0000] {dag.py:4138} INFO - Setting next_dagrun for dataset_alias_example_alias_producer to None, run_after=None
[2026-08-12T05:50:43.696+0000] {logging_mixin.py:190} INFO - [2026-08-12T05:50:43.695+0000] {dag.py:4138} INFO - Setting next_dagrun for dataset_s3_bucket_consumer to None, run_after=None
[2026-08-12T05:50:43.699+0000] {logging_mixin.py:190} INFO - [2026-08-12T05:50:43.699+0000] {dag.py:4138} INFO - Setting next_dagrun for dataset_s3_bucket_producer to None, run_after=None
[2026-08-12T05:50:43.726+0000] {processor.py:208} INFO - Processing /home/airflow/.local/lib/python3.12/site-packages/airflow/example_dags/example_dataset_alias.py took 0.501 seconds
[2026-08-12T05:51:13.950+0000] {processor.py:186} INFO - Started process (PID=9727) to work on /home/airflow/.local/lib/python3.12/site-packages/airflow/example_dags/example_dataset_alias.py
[2026-08-12T05:51:13.953+0000] {processor.py:914} INFO - Processing file /home/airflow/.local/lib/python3.12/site-packages/airflow/example_dags/example_dataset_alias.py for tasks to queue
[2026-08-12T05:51:13.957+0000] {logging_mixin.py:190} INFO - [2026-08-12T05:51:13.957+0000] {dagbag.py:587} INFO - Filling up the DagBag from /home/airflow/.local/lib/python3.12/site-packages/airflow/example_dags/example_dataset_alias.py
[2026-08-12T05:51:14.319+0000] {processor.py:925} INFO - DAG(s) 'dataset_s3_bucket_producer', 'dataset_alias_example_alias_consumer', 'dataset_alias_example_alias_producer', 'dataset_s3_bucket_consumer' retrieved from /home/airflow/.local/lib/python3.12/site-packages/airflow/example_dags/example_dataset_alias.py
[2026-08-12T05:51:14.341+0000] {logging_mixin.py:190} INFO - [2026-08-12T05:51:14.341+0000] {dag.py:3211} INFO - Sync 4 DAGs
[2026-08-12T05:51:14.365+0000] {logging_mixin.py:190} INFO - [2026-08-12T05:51:14.365+0000] {dag.py:4138} INFO - Setting next_dagrun for dataset_alias_example_alias_consumer to None, run_after=None
[2026-08-12T05:51:14.369+0000] {logging_mixin.py:190} INFO - [2026-08-12T05:51:14.369+0000] {dag.py:4138} INFO - Setting next_dagrun for dataset_alias_example_alias_producer to None, run_after=None
[2026-08-12T05:51:14.372+0000] {logging_mixin.py:190} INFO - [2026-08-12T05:51:14.371+0000] {dag.py:4138} INFO - Setting next_dagrun for dataset_s3_bucket_consumer to None, run_after=None
[2026-08-12T05:51:14.375+0000] {logging_mixin.py:190} INFO - [2026-08-12T05:51:14.374+0000] {dag.py:4138} INFO - Setting next_dagrun for dataset_s3_bucket_producer to None, run_after=None
[2026-08-12T05:51:14.402+0000] {processor.py:208} INFO - Processing /home/airflow/.local/lib/python3.12/site-packages/airflow/example_dags/example_dataset_alias.py took 0.462 seconds
[2026-08-12T05:51:44.852+0000] {processor.py:186} INFO - Started process (PID=9790) to work on /home/airflow/.local/lib/python3.12/site-packages/airflow/example_dags/example_dataset_alias.py
[2026-08-12T05:51:44.855+0000] {processor.py:914} INFO - Processing file /home/airflow/.local/lib/python3.12/site-packages/airflow/example_dags/example_dataset_alias.py for tasks to queue
[2026-08-12T05:51:44.860+0000] {logging_mixin.py:190} INFO - [2026-08-12T05:51:44.860+0000] {dagbag.py:587} INFO - Filling up the DagBag from /home/airflow/.local/lib/python3.12/site-packages/airflow/example_dags/example_dataset_alias.py
[2026-08-12T05:51:45.600+0000] {processor.py:925} INFO - DAG(s) 'dataset_s3_bucket_consumer', 'dataset_alias_example_alias_consumer', 'dataset_s3_bucket_producer', 'dataset_alias_example_alias_producer' retrieved from /home/airflow/.local/lib/python3.12/site-packages/airflow/example_dags/example_dataset_alias.py
[2026-08-12T05:51:45.624+0000] {logging_mixin.py:190} INFO - [2026-08-12T05:51:45.624+0000] {dag.py:3211} INFO - Sync 4 DAGs
[2026-08-12T05:51:45.649+0000] {logging_mixin.py:190} INFO - [2026-08-12T05:51:45.648+0000] {dag.py:4138} INFO - Setting next_dagrun for dataset_alias_example_alias_consumer to None, run_after=None
[2026-08-12T05:51:45.655+0000] {logging_mixin.py:190} INFO - [2026-08-12T05:51:45.655+0000] {dag.py:4138} INFO - Setting next_dagrun for dataset_alias_example_alias_producer to None, run_after=None
[2026-08-12T05:51:45.658+0000] {logging_mixin.py:190} INFO - [2026-08-12T05:51:45.658+0000] {dag.py:4138} INFO - Setting next_dagrun for dataset_s3_bucket_consumer to None, run_after=None
[2026-08-12T05:51:45.661+0000] {logging_mixin.py:190} INFO - [2026-08-12T05:51:45.661+0000] {dag.py:4138} INFO - Setting next_dagrun for dataset_s3_bucket_producer to None, run_after=None
[2026-08-12T05:51:45.690+0000] {processor.py:208} INFO - Processing /home/airflow/.local/lib/python3.12/site-packages/airflow/example_dags/example_dataset_alias.py took 0.846 seconds
[2026-08-12T05:52:16.105+0000] {processor.py:186} INFO - Started process (PID=9853) to work on /home/airflow/.local/lib/python3.12/site-packages/airflow/example_dags/example_dataset_alias.py
[2026-08-12T05:52:16.109+0000] {processor.py:914} INFO - Processing file /home/airflow/.local/lib/python3.12/site-packages/airflow/example_dags/example_dataset_alias.py for tasks to queue
[2026-08-12T05:52:16.113+0000] {logging_mixin.py:190} INFO - [2026-08-12T05:52:16.113+0000] {dagbag.py:587} INFO - Filling up the DagBag from /home/airflow/.local/lib/python3.12/site-packages/airflow/example_dags/example_dataset_alias.py
[2026-08-12T05:52:16.491+0000] {processor.py:925} INFO - DAG(s) 'dataset_s3_bucket_producer', 'dataset_alias_example_alias_consumer', 'dataset_alias_example_alias_producer', 'dataset_s3_bucket_consumer' retrieved from /home/airflow/.local/lib/python3.12/site-packages/airflow/example_dags/example_dataset_alias.py
[2026-08-12T05:52:16.514+0000] {logging_mixin.py:190} INFO - [2026-08-12T05:52:16.513+0000] {dag.py:3211} INFO - Sync 4 DAGs
[2026-08-12T05:52:16.536+0000] {logging_mixin.py:190} INFO - [2026-08-12T05:52:16.535+0000] {dag.py:4138} INFO - Setting next_dagrun for dataset_alias_example_alias_consumer to None, run_after=None
[2026-08-12T05:52:16.541+0000] {logging_mixin.py:190} INFO - [2026-08-12T05:52:16.541+0000] {dag.py:4138} INFO - Setting next_dagrun for dataset_alias_example_alias_producer to None, run_after=None
[2026-08-12T05:52:16.544+0000] {logging_mixin.py:190} INFO - [2026-08-12T05:52:16.544+0000] {dag.py:4138} INFO - Setting next_dagrun for dataset_s3_bucket_consumer to None, run_after=None
[2026-08-12T05:52:16.548+0000] {logging_mixin.py:190} INFO - [2026-08-12T05:52:16.548+0000] {dag.py:4138} INFO - Setting next_dagrun for dataset_s3_bucket_producer to None, run_after=None
[2026-08-12T05:52:16.572+0000] {processor.py:208} INFO - Processing /home/airflow/.local/lib/python3.12/site-packages/airflow/example_dags/example_dataset_alias.py took 0.474 seconds
[2026-08-12T05:52:46.952+0000] {processor.py:186} INFO - Started process (PID=9917) to work on /home/airflow/.local/lib/python3.12/site-packages/airflow/example_dags/example_dataset_alias.py
[2026-08-12T05:52:46.955+0000] {processor.py:914} INFO - Processing file /home/airflow/.local/lib/python3.12/site-packages/airflow/example_dags/example_dataset_alias.py for tasks to queue
[2026-08-12T05:52:46.960+0000] {logging_mixin.py:190} INFO - [2026-08-12T05:52:46.960+0000] {dagbag.py:587} INFO - Filling up the DagBag from /home/airflow/.local/lib/python3.12/site-packages/airflow/example_dags/example_dataset_alias.py
[2026-08-12T05:52:47.351+0000] {processor.py:925} INFO - DAG(s) 'dataset_alias_example_alias_producer', 'dataset_s3_bucket_consumer', 'dataset_alias_example_alias_consumer', 'dataset_s3_bucket_producer' retrieved from /home/airflow/.local/lib/python3.12/site-packages/airflow/example_dags/example_dataset_alias.py
[2026-08-12T05:52:47.377+0000] {logging_mixin.py:190} INFO - [2026-08-12T05:52:47.377+0000] {dag.py:3211} INFO - Sync 4 DAGs
[2026-08-12T05:52:47.403+0000] {logging_mixin.py:190} INFO - [2026-08-12T05:52:47.403+0000] {dag.py:4138} INFO - Setting next_dagrun for dataset_alias_example_alias_consumer to None, run_after=None
[2026-08-12T05:52:47.407+0000] {logging_mixin.py:190} INFO - [2026-08-12T05:52:47.407+0000] {dag.py:4138} INFO - Setting next_dagrun for dataset_alias_example_alias_producer to None, run_after=None
[2026-08-12T05:52:47.410+0000] {logging_mixin.py:190} INFO - [2026-08-12T05:52:47.410+0000] {dag.py:4138} INFO - Setting next_dagrun for dataset_s3_bucket_consumer to None, run_after=None
[2026-08-12T05:52:47.414+0000] {logging_mixin.py:190} INFO - [2026-08-12T05:52:47.413+0000] {dag.py:4138} INFO - Setting next_dagrun for dataset_s3_bucket_producer to None, run_after=None
[2026-08-12T05:52:47.445+0000] {processor.py:208} INFO - Processing /home/airflow/.local/lib/python3.12/site-packages/airflow/example_dags/example_dataset_alias.py took 0.503 seconds
[2026-08-12T05:53:17.722+0000] {processor.py:186} INFO - Started process (PID=9980) to work on /home/airflow/.local/lib/python3.12/site-packages/airflow/example_dags/example_dataset_alias.py
[2026-08-12T05:53:17.730+0000] {processor.py:914} INFO - Processing file /home/airflow/.local/lib/python3.12/site-packages/airflow/example_dags/example_dataset_alias.py for tasks to queue
[2026-08-12T05:53:17.742+0000] {logging_mixin.py:190} INFO - [2026-08-12T05:53:17.738+0000] {dagbag.py:587} INFO - Filling up the DagBag from /home/airflow/.local/lib/python3.12/site-packages/airflow/example_dags/example_dataset_alias.py
[2026-08-12T05:53:18.123+0000] {processor.py:925} INFO - DAG(s) 'dataset_alias_example_alias_producer', 'dataset_alias_example_alias_consumer', 'dataset_s3_bucket_producer', 'dataset_s3_bucket_consumer' retrieved from /home/airflow/.local/lib/python3.12/site-packages/airflow/example_dags/example_dataset_alias.py
[2026-08-12T05:53:18.161+0000] {logging_mixin.py:190} INFO - [2026-08-12T05:53:18.161+0000] {dag.py:3211} INFO - Sync 4 DAGs
[2026-08-12T05:53:18.186+0000] {logging_mixin.py:190} INFO - [2026-08-12T05:53:18.186+0000] {dag.py:4138} INFO - Setting next_dagrun for dataset_alias_example_alias_consumer to None, run_after=None
[2026-08-12T05:53:18.191+0000] {logging_mixin.py:190} INFO - [2026-08-12T05:53:18.190+0000] {dag.py:4138} INFO - Setting next_dagrun for dataset_alias_example_alias_producer to None, run_after=None
[2026-08-12T05:53:18.194+0000] {logging_mixin.py:190} INFO - [2026-08-12T05:53:18.194+0000] {dag.py:4138} INFO - Setting next_dagrun for dataset_s3_bucket_consumer to None, run_after=None
[2026-08-12T05:53:18.197+0000] {logging_mixin.py:190} INFO - [2026-08-12T05:53:18.196+0000] {dag.py:4138} INFO - Setting next_dagrun for dataset_s3_bucket_producer to None, run_after=None
[2026-08-12T05:53:18.226+0000] {processor.py:208} INFO - Processing /home/airflow/.local/lib/python3.12/site-packages/airflow/example_dags/example_dataset_alias.py took 0.523 seconds
[2026-08-12T05:53:48.562+0000] {processor.py:186} INFO - Started process (PID=10043) to work on /home/airflow/.local/lib/python3.12/site-packages/airflow/example_dags/example_dataset_alias.py
[2026-08-12T05:53:48.564+0000] {processor.py:914} INFO - Processing file /home/airflow/.local/lib/python3.12/site-packages/airflow/example_dags/example_dataset_alias.py for tasks to queue
[2026-08-12T05:53:48.570+0000] {logging_mixin.py:190} INFO - [2026-08-12T05:53:48.569+0000] {dagbag.py:587} INFO - Filling up the DagBag from /home/airflow/.local/lib/python3.12/site-packages/airflow/example_dags/example_dataset_alias.py
[2026-08-12T05:53:48.978+0000] {processor.py:925} INFO - DAG(s) 'dataset_s3_bucket_consumer', 'dataset_alias_example_alias_consumer', 'dataset_alias_example_alias_producer', 'dataset_s3_bucket_producer' retrieved from /home/airflow/.local/lib/python3.12/site-packages/airflow/example_dags/example_dataset_alias.py
[2026-08-12T05:53:49.016+0000] {logging_mixin.py:190} INFO - [2026-08-12T05:53:49.015+0000] {dag.py:3211} INFO - Sync 4 DAGs
[2026-08-12T05:53:49.057+0000] {logging_mixin.py:190} INFO - [2026-08-12T05:53:49.057+0000] {dag.py:4138} INFO - Setting next_dagrun for dataset_alias_example_alias_consumer to None, run_after=None
[2026-08-12T05:53:49.063+0000] {logging_mixin.py:190} INFO - [2026-08-12T05:53:49.062+0000] {dag.py:4138} INFO - Setting next_dagrun for dataset_alias_example_alias_producer to None, run_after=None
[2026-08-12T05:53:49.066+0000] {logging_mixin.py:190} INFO - [2026-08-12T05:53:49.066+0000] {dag.py:4138} INFO - Setting next_dagrun for dataset_s3_bucket_consumer to None, run_after=None
[2026-08-12T05:53:49.070+0000] {logging_mixin.py:190} INFO - [2026-08-12T05:53:49.069+0000] {dag.py:4138} INFO - Setting next_dagrun for dataset_s3_bucket_producer to None, run_after=None
[2026-08-12T05:53:49.102+0000] {processor.py:208} INFO - Processing /home/airflow/.local/lib/python3.12/site-packages/airflow/example_dags/example_dataset_alias.py took 0.548 seconds
[2026-08-12T05:54:19.354+0000] {processor.py:186} INFO - Started process (PID=10106) to work on /home/airflow/.local/lib/python3.12/site-packages/airflow/example_dags/example_dataset_alias.py
[2026-08-12T05:54:19.357+0000] {processor.py:914} INFO - Processing file /home/airflow/.local/lib/python3.12/site-packages/airflow/example_dags/example_dataset_alias.py for tasks to queue
[2026-08-12T05:54:19.367+0000] {logging_mixin.py:190} INFO - [2026-08-12T05:54:19.366+0000] {dagbag.py:587} INFO - Filling up the DagBag from /home/airflow/.local/lib/python3.12/site-packages/airflow/example_dags/example_dataset_alias.py
[2026-08-12T05:54:19.722+0000] {processor.py:925} INFO - DAG(s) 'dataset_s3_bucket_consumer', 'dataset_s3_bucket_producer', 'dataset_alias_example_alias_producer', 'dataset_alias_example_alias_consumer' retrieved from /home/airflow/.local/lib/python3.12/site-packages/airflow/example_dags/example_dataset_alias.py
[2026-08-12T05:54:19.747+0000] {logging_mixin.py:190} INFO - [2026-08-12T05:54:19.746+0000] {dag.py:3211} INFO - Sync 4 DAGs
[2026-08-12T05:54:19.769+0000] {logging_mixin.py:190} INFO - [2026-08-12T05:54:19.769+0000] {dag.py:4138} INFO - Setting next_dagrun for dataset_alias_example_alias_consumer to None, run_after=None
[2026-08-12T05:54:19.773+0000] {logging_mixin.py:190} INFO - [2026-08-12T05:54:19.773+0000] {dag.py:4138} INFO - Setting next_dagrun for dataset_alias_example_alias_producer to None, run_after=None
[2026-08-12T05:54:19.777+0000] {logging_mixin.py:190} INFO - [2026-08-12T05:54:19.776+0000] {dag.py:4138} INFO - Setting next_dagrun for dataset_s3_bucket_consumer to None, run_after=None
[2026-08-12T05:54:19.780+0000] {logging_mixin.py:190} INFO - [2026-08-12T05:54:19.780+0000] {dag.py:4138} INFO - Setting next_dagrun for dataset_s3_bucket_producer to None, run_after=None
[2026-08-12T05:54:19.806+0000] {processor.py:208} INFO - Processing /home/airflow/.local/lib/python3.12/site-packages/airflow/example_dags/example_dataset_alias.py took 0.461 seconds
[2026-08-12T05:54:50.010+0000] {processor.py:186} INFO - Started process (PID=10169) to work on /home/airflow/.local/lib/python3.12/site-packages/airflow/example_dags/example_dataset_alias.py
[2026-08-12T05:54:50.012+0000] {processor.py:914} INFO - Processing file /home/airflow/.local/lib/python3.12/site-packages/airflow/example_dags/example_dataset_alias.py for tasks to queue
[2026-08-12T05:54:50.019+0000] {logging_mixin.py:190} INFO - [2026-08-12T05:54:50.017+0000] {dagbag.py:587} INFO - Filling up the DagBag from /home/airflow/.local/lib/python3.12/site-packages/airflow/example_dags/example_dataset_alias.py
[2026-08-12T05:54:50.409+0000] {processor.py:925} INFO - DAG(s) 'dataset_alias_example_alias_consumer', 'dataset_alias_example_alias_producer', 'dataset_s3_bucket_consumer', 'dataset_s3_bucket_producer' retrieved from /home/airflow/.local/lib/python3.12/site-packages/airflow/example_dags/example_dataset_alias.py
[2026-08-12T05:54:50.436+0000] {logging_mixin.py:190} INFO - [2026-08-12T05:54:50.436+0000] {dag.py:3211} INFO - Sync 4 DAGs
[2026-08-12T05:54:50.460+0000] {logging_mixin.py:190} INFO - [2026-08-12T05:54:50.459+0000] {dag.py:4138} INFO - Setting next_dagrun for dataset_alias_example_alias_consumer to None, run_after=None
[2026-08-12T05:54:50.463+0000] {logging_mixin.py:190} INFO - [2026-08-12T05:54:50.463+0000] {dag.py:4138} INFO - Setting next_dagrun for dataset_alias_example_alias_producer to None, run_after=None
[2026-08-12T05:54:50.466+0000] {logging_mixin.py:190} INFO - [2026-08-12T05:54:50.465+0000] {dag.py:4138} INFO - Setting next_dagrun for dataset_s3_bucket_consumer to None, run_after=None
[2026-08-12T05:54:50.469+0000] {logging_mixin.py:190} INFO - [2026-08-12T05:54:50.469+0000] {dag.py:4138} INFO - Setting next_dagrun for dataset_s3_bucket_producer to None, run_after=None
[2026-08-12T05:54:50.494+0000] {processor.py:208} INFO - Processing /home/airflow/.local/lib/python3.12/site-packages/airflow/example_dags/example_dataset_alias.py took 0.495 seconds
[2026-08-12T05:55:20.678+0000] {processor.py:186} INFO - Started process (PID=10232) to work on /home/airflow/.local/lib/python3.12/site-packages/airflow/example_dags/example_dataset_alias.py
[2026-08-12T05:55:20.681+0000] {processor.py:914} INFO - Processing file /home/airflow/.local/lib/python3.12/site-packages/airflow/example_dags/example_dataset_alias.py for tasks to queue
[2026-08-12T05:55:20.687+0000] {logging_mixin.py:190} INFO - [2026-08-12T05:55:20.685+0000] {dagbag.py:587} INFO - Filling up the DagBag from /home/airflow/.local/lib/python3.12/site-packages/airflow/example_dags/example_dataset_alias.py
[2026-08-12T05:55:21.013+0000] {processor.py:925} INFO - DAG(s) 'dataset_alias_example_alias_producer', 'dataset_alias_example_alias_consumer', 'dataset_s3_bucket_producer', 'dataset_s3_bucket_consumer' retrieved from /home/airflow/.local/lib/python3.12/site-packages/airflow/example_dags/example_dataset_alias.py
[2026-08-12T05:55:21.036+0000] {logging_mixin.py:190} INFO - [2026-08-12T05:55:21.036+0000] {dag.py:3211} INFO - Sync 4 DAGs
[2026-08-12T05:55:21.059+0000] {logging_mixin.py:190} INFO - [2026-08-12T05:55:21.059+0000] {dag.py:4138} INFO - Setting next_dagrun for dataset_alias_example_alias_consumer to None, run_after=None
[2026-08-12T05:55:21.063+0000] {logging_mixin.py:190} INFO - [2026-08-12T05:55:21.063+0000] {dag.py:4138} INFO - Setting next_dagrun for dataset_alias_example_alias_producer to None, run_after=None
[2026-08-12T05:55:21.066+0000] {logging_mixin.py:190} INFO - [2026-08-12T05:55:21.066+0000] {dag.py:4138} INFO - Setting next_dagrun for dataset_s3_bucket_consumer to None, run_after=None
[2026-08-12T05:55:21.069+0000] {logging_mixin.py:190} INFO - [2026-08-12T05:55:21.069+0000] {dag.py:4138} INFO - Setting next_dagrun for dataset_s3_bucket_producer to None, run_after=None
[2026-08-12T05:55:21.093+0000] {processor.py:208} INFO - Processing /home/airflow/.local/lib/python3.12/site-packages/airflow/example_dags/example_dataset_alias.py took 0.425 seconds
[2026-08-12T05:55:51.275+0000] {processor.py:186} INFO - Started process (PID=10295) to work on /home/airflow/.local/lib/python3.12/site-packages/airflow/example_dags/example_dataset_alias.py
[2026-08-12T05:55:51.278+0000] {processor.py:914} INFO - Processing file /home/airflow/.local/lib/python3.12/site-packages/airflow/example_dags/example_dataset_alias.py for tasks to queue
[2026-08-12T05:55:51.283+0000] {logging_mixin.py:190} INFO - [2026-08-12T05:55:51.283+0000] {dagbag.py:587} INFO - Filling up the DagBag from /home/airflow/.local/lib/python3.12/site-packages/airflow/example_dags/example_dataset_alias.py
[2026-08-12T05:55:51.604+0000] {processor.py:925} INFO - DAG(s) 'dataset_alias_example_alias_producer', 'dataset_s3_bucket_producer', 'dataset_s3_bucket_consumer', 'dataset_alias_example_alias_consumer' retrieved from /home/airflow/.local/lib/python3.12/site-packages/airflow/example_dags/example_dataset_alias.py
[2026-08-12T05:55:51.626+0000] {logging_mixin.py:190} INFO - [2026-08-12T05:55:51.626+0000] {dag.py:3211} INFO - Sync 4 DAGs
[2026-08-12T05:55:51.646+0000] {logging_mixin.py:190} INFO - [2026-08-12T05:55:51.646+0000] {dag.py:4138} INFO - Setting next_dagrun for dataset_alias_example_alias_consumer to None, run_after=None
[2026-08-12T05:55:51.651+0000] {logging_mixin.py:190} INFO - [2026-08-12T05:55:51.651+0000] {dag.py:4138} INFO - Setting next_dagrun for dataset_alias_example_alias_producer to None, run_after=None
[2026-08-12T05:55:51.654+0000] {logging_mixin.py:190} INFO - [2026-08-12T05:55:51.654+0000] {dag.py:4138} INFO - Setting next_dagrun for dataset_s3_bucket_consumer to None, run_after=None
[2026-08-12T05:55:51.657+0000] {logging_mixin.py:190} INFO - [2026-08-12T05:55:51.657+0000] {dag.py:4138} INFO - Setting next_dagrun for dataset_s3_bucket_producer to None, run_after=None
[2026-08-12T05:55:51.679+0000] {processor.py:208} INFO - Processing /home/airflow/.local/lib/python3.12/site-packages/airflow/example_dags/example_dataset_alias.py took 0.410 seconds
[2026-08-12T05:56:21.792+0000] {processor.py:186} INFO - Started process (PID=10358) to work on /home/airflow/.local/lib/python3.12/site-packages/airflow/example_dags/example_dataset_alias.py
[2026-08-12T05:56:21.794+0000] {processor.py:914} INFO - Processing file /home/airflow/.local/lib/python3.12/site-packages/airflow/example_dags/example_dataset_alias.py for tasks to queue
[2026-08-12T05:56:21.797+0000] {logging_mixin.py:190} INFO - [2026-08-12T05:56:21.797+0000] {dagbag.py:587} INFO - Filling up the DagBag from /home/airflow/.local/lib/python3.12/site-packages/airflow/example_dags/example_dataset_alias.py
[2026-08-12T05:56:22.428+0000] {processor.py:925} INFO - DAG(s) 'dataset_s3_bucket_consumer', 'dataset_s3_bucket_producer', 'dataset_alias_example_alias_consumer', 'dataset_alias_example_alias_producer' retrieved from /home/airflow/.local/lib/python3.12/site-packages/airflow/example_dags/example_dataset_alias.py
[2026-08-12T05:56:22.483+0000] {logging_mixin.py:190} INFO - [2026-08-12T05:56:22.482+0000] {dag.py:3211} INFO - Sync 4 DAGs
[2026-08-12T05:56:22.517+0000] {logging_mixin.py:190} INFO - [2026-08-12T05:56:22.517+0000] {dag.py:4138} INFO - Setting next_dagrun for dataset_alias_example_alias_consumer to None, run_after=None
[2026-08-12T05:56:22.523+0000] {logging_mixin.py:190} INFO - [2026-08-12T05:56:22.523+0000] {dag.py:4138} INFO - Setting next_dagrun for dataset_alias_example_alias_producer to None, run_after=None
[2026-08-12T05:56:22.526+0000] {logging_mixin.py:190} INFO - [2026-08-12T05:56:22.526+0000] {dag.py:4138} INFO - Setting next_dagrun for dataset_s3_bucket_consumer to None, run_after=None
[2026-08-12T05:56:22.530+0000] {logging_mixin.py:190} INFO - [2026-08-12T05:56:22.530+0000] {dag.py:4138} INFO - Setting next_dagrun for dataset_s3_bucket_producer to None, run_after=None
[2026-08-12T05:56:22.556+0000] {processor.py:208} INFO - Processing /home/airflow/.local/lib/python3.12/site-packages/airflow/example_dags/example_dataset_alias.py took 0.771 seconds
[2026-08-12T05:56:53.709+0000] {processor.py:186} INFO - Started process (PID=10424) to work on /home/airflow/.local/lib/python3.12/site-packages/airflow/example_dags/example_dataset_alias.py
[2026-08-12T05:56:53.712+0000] {processor.py:914} INFO - Processing file /home/airflow/.local/lib/python3.12/site-packages/airflow/example_dags/example_dataset_alias.py for tasks to queue
[2026-08-12T05:56:53.716+0000] {logging_mixin.py:190} INFO - [2026-08-12T05:56:53.716+0000] {dagbag.py:587} INFO - Filling up the DagBag from /home/airflow/.local/lib/python3.12/site-packages/airflow/example_dags/example_dataset_alias.py
[2026-08-12T05:56:54.099+0000] {processor.py:925} INFO - DAG(s) 'dataset_s3_bucket_consumer', 'dataset_alias_example_alias_consumer', 'dataset_alias_example_alias_producer', 'dataset_s3_bucket_producer' retrieved from /home/airflow/.local/lib/python3.12/site-packages/airflow/example_dags/example_dataset_alias.py
[2026-08-12T05:56:54.125+0000] {logging_mixin.py:190} INFO - [2026-08-12T05:56:54.125+0000] {dag.py:3211} INFO - Sync 4 DAGs
[2026-08-12T05:56:54.149+0000] {logging_mixin.py:190} INFO - [2026-08-12T05:56:54.149+0000] {dag.py:4138} INFO - Setting next_dagrun for dataset_alias_example_alias_consumer to None, run_after=None
[2026-08-12T05:56:54.153+0000] {logging_mixin.py:190} INFO - [2026-08-12T05:56:54.153+0000] {dag.py:4138} INFO - Setting next_dagrun for dataset_alias_example_alias_producer to None, run_after=None
[2026-08-12T05:56:54.155+0000] {logging_mixin.py:190} INFO - [2026-08-12T05:56:54.155+0000] {dag.py:4138} INFO - Setting next_dagrun for dataset_s3_bucket_consumer to None, run_after=None
[2026-08-12T05:56:54.157+0000] {logging_mixin.py:190} INFO - [2026-08-12T05:56:54.157+0000] {dag.py:4138} INFO - Setting next_dagrun for dataset_s3_bucket_producer to None, run_after=None
[2026-08-12T05:56:54.181+0000] {processor.py:208} INFO - Processing /home/airflow/.local/lib/python3.12/site-packages/airflow/example_dags/example_dataset_alias.py took 0.479 seconds
[2026-08-12T05:57:25.156+0000] {processor.py:186} INFO - Started process (PID=10487) to work on /home/airflow/.local/lib/python3.12/site-packages/airflow/example_dags/example_dataset_alias.py
[2026-08-12T05:57:25.158+0000] {processor.py:914} INFO - Processing file /home/airflow/.local/lib/python3.12/site-packages/airflow/example_dags/example_dataset_alias.py for tasks to queue
[2026-08-12T05:57:25.164+0000] {logging_mixin.py:190} INFO - [2026-08-12T05:57:25.163+0000] {dagbag.py:587} INFO - Filling up the DagBag from /home/airflow/.local/lib/python3.12/site-packages/airflow/example_dags/example_dataset_alias.py
[2026-08-12T05:57:25.539+0000] {processor.py:925} INFO - DAG(s) 'dataset_alias_example_alias_producer', 'dataset_s3_bucket_producer', 'dataset_alias_example_alias_consumer', 'dataset_s3_bucket_consumer' retrieved from /home/airflow/.local/lib/python3.12/site-packages/airflow/example_dags/example_dataset_alias.py
[2026-08-12T05:57:25.576+0000] {logging_mixin.py:190} INFO - [2026-08-12T05:57:25.575+0000] {dag.py:3211} INFO - Sync 4 DAGs
[2026-08-12T05:57:25.604+0000] {logging_mixin.py:190} INFO - [2026-08-12T05:57:25.603+0000] {dag.py:4138} INFO - Setting next_dagrun for dataset_alias_example_alias_consumer to None, run_after=None
[2026-08-12T05:57:25.608+0000] {logging_mixin.py:190} INFO - [2026-08-12T05:57:25.608+0000] {dag.py:4138} INFO - Setting next_dagrun for dataset_alias_example_alias_producer to None, run_after=None
[2026-08-12T05:57:25.611+0000] {logging_mixin.py:190} INFO - [2026-08-12T05:57:25.611+0000] {dag.py:4138} INFO - Setting next_dagrun for dataset_s3_bucket_consumer to None, run_after=None
[2026-08-12T05:57:25.614+0000] {logging_mixin.py:190} INFO - [2026-08-12T05:57:25.614+0000] {dag.py:4138} INFO - Setting next_dagrun for dataset_s3_bucket_producer to None, run_after=None
[2026-08-12T05:57:25.644+0000] {processor.py:208} INFO - Processing /home/airflow/.local/lib/python3.12/site-packages/airflow/example_dags/example_dataset_alias.py took 0.499 seconds
[2026-08-12T05:57:55.931+0000] {processor.py:186} INFO - Started process (PID=10551) to work on /home/airflow/.local/lib/python3.12/site-packages/airflow/example_dags/example_dataset_alias.py
[2026-08-12T05:57:55.933+0000] {processor.py:914} INFO - Processing file /home/airflow/.local/lib/python3.12/site-packages/airflow/example_dags/example_dataset_alias.py for tasks to queue
[2026-08-12T05:57:55.938+0000] {logging_mixin.py:190} INFO - [2026-08-12T05:57:55.937+0000] {dagbag.py:587} INFO - Filling up the DagBag from /home/airflow/.local/lib/python3.12/site-packages/airflow/example_dags/example_dataset_alias.py
[2026-08-12T05:57:56.151+0000] {processor.py:925} INFO - DAG(s) 'dataset_alias_example_alias_consumer', 'dataset_s3_bucket_producer', 'dataset_s3_bucket_consumer', 'dataset_alias_example_alias_producer' retrieved from /home/airflow/.local/lib/python3.12/site-packages/airflow/example_dags/example_dataset_alias.py
[2026-08-12T05:57:56.186+0000] {logging_mixin.py:190} INFO - [2026-08-12T05:57:56.185+0000] {dag.py:3211} INFO - Sync 4 DAGs
[2026-08-12T05:57:56.215+0000] {logging_mixin.py:190} INFO - [2026-08-12T05:57:56.215+0000] {dag.py:4138} INFO - Setting next_dagrun for dataset_alias_example_alias_consumer to None, run_after=None
[2026-08-12T05:57:56.220+0000] {logging_mixin.py:190} INFO - [2026-08-12T05:57:56.220+0000] {dag.py:4138} INFO - Setting next_dagrun for dataset_alias_example_alias_producer to None, run_after=None
[2026-08-12T05:57:56.225+0000] {logging_mixin.py:190} INFO - [2026-08-12T05:57:56.225+0000] {dag.py:4138} INFO - Setting next_dagrun for dataset_s3_bucket_consumer to None, run_after=None
[2026-08-12T05:57:56.228+0000] {logging_mixin.py:190} INFO - [2026-08-12T05:57:56.228+0000] {dag.py:4138} INFO - Setting next_dagrun for dataset_s3_bucket_producer to None, run_after=None
[2026-08-12T05:57:56.261+0000] {processor.py:208} INFO - Processing /home/airflow/.local/lib/python3.12/site-packages/airflow/example_dags/example_dataset_alias.py took 0.339 seconds
[2026-08-12T05:58:26.354+0000] {processor.py:186} INFO - Started process (PID=10614) to work on /home/airflow/.local/lib/python3.12/site-packages/airflow/example_dags/example_dataset_alias.py
[2026-08-12T05:58:26.356+0000] {processor.py:914} INFO - Processing file /home/airflow/.local/lib/python3.12/site-packages/airflow/example_dags/example_dataset_alias.py for tasks to queue
[2026-08-12T05:58:26.360+0000] {logging_mixin.py:190} INFO - [2026-08-12T05:58:26.360+0000] {dagbag.py:587} INFO - Filling up the DagBag from /home/airflow/.local/lib/python3.12/site-packages/airflow/example_dags/example_dataset_alias.py
[2026-08-12T05:58:26.526+0000] {processor.py:925} INFO - DAG(s) 'dataset_s3_bucket_consumer', 'dataset_alias_example_alias_consumer', 'dataset_alias_example_alias_producer', 'dataset_s3_bucket_producer' retrieved from /home/airflow/.local/lib/python3.12/site-packages/airflow/example_dags/example_dataset_alias.py
[2026-08-12T05:58:26.553+0000] {logging_mixin.py:190} INFO - [2026-08-12T05:58:26.553+0000] {dag.py:3211} INFO - Sync 4 DAGs
[2026-08-12T05:58:26.580+0000] {logging_mixin.py:190} INFO - [2026-08-12T05:58:26.579+0000] {dag.py:4138} INFO - Setting next_dagrun for dataset_alias_example_alias_consumer to None, run_after=None
[2026-08-12T05:58:26.585+0000] {logging_mixin.py:190} INFO - [2026-08-12T05:58:26.585+0000] {dag.py:4138} INFO - Setting next_dagrun for dataset_alias_example_alias_producer to None, run_after=None
[2026-08-12T05:58:26.588+0000] {logging_mixin.py:190} INFO - [2026-08-12T05:58:26.587+0000] {dag.py:4138} INFO - Setting next_dagrun for dataset_s3_bucket_consumer to None, run_after=None
[2026-08-12T05:58:26.590+0000] {logging_mixin.py:190} INFO - [2026-08-12T05:58:26.590+0000] {dag.py:4138} INFO - Setting next_dagrun for dataset_s3_bucket_producer to None, run_after=None
[2026-08-12T05:58:26.615+0000] {processor.py:208} INFO - Processing /home/airflow/.local/lib/python3.12/site-packages/airflow/example_dags/example_dataset_alias.py took 0.267 seconds
[2026-08-12T05:58:56.682+0000] {processor.py:186} INFO - Started process (PID=10677) to work on /home/airflow/.local/lib/python3.12/site-packages/airflow/example_dags/example_dataset_alias.py
[2026-08-12T05:58:56.685+0000] {processor.py:914} INFO - Processing file /home/airflow/.local/lib/python3.12/site-packages/airflow/example_dags/example_dataset_alias.py for tasks to queue
[2026-08-12T05:58:56.692+0000] {logging_mixin.py:190} INFO - [2026-08-12T05:58:56.692+0000] {dagbag.py:587} INFO - Filling up the DagBag from /home/airflow/.local/lib/python3.12/site-packages/airflow/example_dags/example_dataset_alias.py
[2026-08-12T05:58:56.853+0000] {processor.py:925} INFO - DAG(s) 'dataset_alias_example_alias_producer', 'dataset_alias_example_alias_consumer', 'dataset_s3_bucket_consumer', 'dataset_s3_bucket_producer' retrieved from /home/airflow/.local/lib/python3.12/site-packages/airflow/example_dags/example_dataset_alias.py
[2026-08-12T05:58:56.885+0000] {logging_mixin.py:190} INFO - [2026-08-12T05:58:56.885+0000] {dag.py:3211} INFO - Sync 4 DAGs
[2026-08-12T05:58:56.911+0000] {logging_mixin.py:190} INFO - [2026-08-12T05:58:56.911+0000] {dag.py:4138} INFO - Setting next_dagrun for dataset_alias_example_alias_consumer to None, run_after=None
[2026-08-12T05:58:56.915+0000] {logging_mixin.py:190} INFO - [2026-08-12T05:58:56.915+0000] {dag.py:4138} INFO - Setting next_dagrun for dataset_alias_example_alias_producer to None, run_after=None
[2026-08-12T05:58:56.920+0000] {logging_mixin.py:190} INFO - [2026-08-12T05:58:56.919+0000] {dag.py:4138} INFO - Setting next_dagrun for dataset_s3_bucket_consumer to None, run_after=None
[2026-08-12T05:58:56.924+0000] {logging_mixin.py:190} INFO - [2026-08-12T05:58:56.923+0000] {dag.py:4138} INFO - Setting next_dagrun for dataset_s3_bucket_producer to None, run_after=None
[2026-08-12T05:58:56.949+0000] {processor.py:208} INFO - Processing /home/airflow/.local/lib/python3.12/site-packages/airflow/example_dags/example_dataset_alias.py took 0.274 seconds
[2026-08-12T05:59:27.095+0000] {processor.py:186} INFO - Started process (PID=10740) to work on /home/airflow/.local/lib/python3.12/site-packages/airflow/example_dags/example_dataset_alias.py
[2026-08-12T05:59:27.097+0000] {processor.py:914} INFO - Processing file /home/airflow/.local/lib/python3.12/site-packages/airflow/example_dags/example_dataset_alias.py for tasks to queue
[2026-08-12T05:59:27.102+0000] {logging_mixin.py:190} INFO - [2026-08-12T05:59:27.101+0000] {dagbag.py:587} INFO - Filling up the DagBag from /home/airflow/.local/lib/python3.12/site-packages/airflow/example_dags/example_dataset_alias.py
[2026-08-12T05:59:27.292+0000] {processor.py:925} INFO - DAG(s) 'dataset_alias_example_alias_consumer', 'dataset_alias_example_alias_producer', 'dataset_s3_bucket_consumer', 'dataset_s3_bucket_producer' retrieved from /home/airflow/.local/lib/python3.12/site-packages/airflow/example_dags/example_dataset_alias.py
[2026-08-12T05:59:27.326+0000] {logging_mixin.py:190} INFO - [2026-08-12T05:59:27.326+0000] {dag.py:3211} INFO - Sync 4 DAGs
[2026-08-12T05:59:27.358+0000] {logging_mixin.py:190} INFO - [2026-08-12T05:59:27.358+0000] {dag.py:4138} INFO - Setting next_dagrun for dataset_alias_example_alias_consumer to None, run_after=None
[2026-08-12T05:59:27.364+0000] {logging_mixin.py:190} INFO - [2026-08-12T05:59:27.363+0000] {dag.py:4138} INFO - Setting next_dagrun for dataset_alias_example_alias_producer to None, run_after=None
[2026-08-12T05:59:27.368+0000] {logging_mixin.py:190} INFO - [2026-08-12T05:59:27.368+0000] {dag.py:4138} INFO - Setting next_dagrun for dataset_s3_bucket_consumer to None, run_after=None
[2026-08-12T05:59:27.372+0000] {logging_mixin.py:190} INFO - [2026-08-12T05:59:27.371+0000] {dag.py:4138} INFO - Setting next_dagrun for dataset_s3_bucket_producer to None, run_after=None
[2026-08-12T05:59:27.414+0000] {processor.py:208} INFO - Processing /home/airflow/.local/lib/python3.12/site-packages/airflow/example_dags/example_dataset_alias.py took 0.328 seconds
[2026-08-12T05:59:57.508+0000] {processor.py:186} INFO - Started process (PID=10802) to work on /home/airflow/.local/lib/python3.12/site-packages/airflow/example_dags/example_dataset_alias.py
[2026-08-12T05:59:57.511+0000] {processor.py:914} INFO - Processing file /home/airflow/.local/lib/python3.12/site-packages/airflow/example_dags/example_dataset_alias.py for tasks to queue
[2026-08-12T05:59:57.520+0000] {logging_mixin.py:190} INFO - [2026-08-12T05:59:57.519+0000] {dagbag.py:587} INFO - Filling up the DagBag from /home/airflow/.local/lib/python3.12/site-packages/airflow/example_dags/example_dataset_alias.py
[2026-08-12T05:59:57.689+0000] {processor.py:925} INFO - DAG(s) 'dataset_s3_bucket_consumer', 'dataset_alias_example_alias_producer', 'dataset_s3_bucket_producer', 'dataset_alias_example_alias_consumer' retrieved from /home/airflow/.local/lib/python3.12/site-packages/airflow/example_dags/example_dataset_alias.py
[2026-08-12T05:59:57.726+0000] {logging_mixin.py:190} INFO - [2026-08-12T05:59:57.726+0000] {dag.py:3211} INFO - Sync 4 DAGs
[2026-08-12T05:59:57.764+0000] {logging_mixin.py:190} INFO - [2026-08-12T05:59:57.764+0000] {dag.py:4138} INFO - Setting next_dagrun for dataset_alias_example_alias_consumer to None, run_after=None
[2026-08-12T05:59:57.769+0000] {logging_mixin.py:190} INFO - [2026-08-12T05:59:57.768+0000] {dag.py:4138} INFO - Setting next_dagrun for dataset_alias_example_alias_producer to None, run_after=None
[2026-08-12T05:59:57.772+0000] {logging_mixin.py:190} INFO - [2026-08-12T05:59:57.772+0000] {dag.py:4138} INFO - Setting next_dagrun for dataset_s3_bucket_consumer to None, run_after=None
[2026-08-12T05:59:57.775+0000] {logging_mixin.py:190} INFO - [2026-08-12T05:59:57.775+0000] {dag.py:4138} INFO - Setting next_dagrun for dataset_s3_bucket_producer to None, run_after=None
[2026-08-12T05:59:57.807+0000] {processor.py:208} INFO - Processing /home/airflow/.local/lib/python3.12/site-packages/airflow/example_dags/example_dataset_alias.py took 0.308 seconds
[2026-08-12T06:00:28.267+0000] {processor.py:186} INFO - Started process (PID=10865) to work on /home/airflow/.local/lib/python3.12/site-packages/airflow/example_dags/example_dataset_alias.py
[2026-08-12T06:00:28.271+0000] {processor.py:914} INFO - Processing file /home/airflow/.local/lib/python3.12/site-packages/airflow/example_dags/example_dataset_alias.py for tasks to queue
[2026-08-12T06:00:28.280+0000] {logging_mixin.py:190} INFO - [2026-08-12T06:00:28.280+0000] {dagbag.py:587} INFO - Filling up the DagBag from /home/airflow/.local/lib/python3.12/site-packages/airflow/example_dags/example_dataset_alias.py
[2026-08-12T06:00:28.520+0000] {processor.py:925} INFO - DAG(s) 'dataset_s3_bucket_producer', 'dataset_alias_example_alias_consumer', 'dataset_alias_example_alias_producer', 'dataset_s3_bucket_consumer' retrieved from /home/airflow/.local/lib/python3.12/site-packages/airflow/example_dags/example_dataset_alias.py
[2026-08-12T06:00:28.551+0000] {logging_mixin.py:190} INFO - [2026-08-12T06:00:28.550+0000] {dag.py:3211} INFO - Sync 4 DAGs
[2026-08-12T06:00:28.578+0000] {logging_mixin.py:190} INFO - [2026-08-12T06:00:28.578+0000] {dag.py:4138} INFO - Setting next_dagrun for dataset_alias_example_alias_consumer to None, run_after=None
[2026-08-12T06:00:28.582+0000] {logging_mixin.py:190} INFO - [2026-08-12T06:00:28.582+0000] {dag.py:4138} INFO - Setting next_dagrun for dataset_alias_example_alias_producer to None, run_after=None
[2026-08-12T06:00:28.585+0000] {logging_mixin.py:190} INFO - [2026-08-12T06:00:28.585+0000] {dag.py:4138} INFO - Setting next_dagrun for dataset_s3_bucket_consumer to None, run_after=None
[2026-08-12T06:00:28.589+0000] {logging_mixin.py:190} INFO - [2026-08-12T06:00:28.589+0000] {dag.py:4138} INFO - Setting next_dagrun for dataset_s3_bucket_producer to None, run_after=None
[2026-08-12T06:00:28.618+0000] {processor.py:208} INFO - Processing /home/airflow/.local/lib/python3.12/site-packages/airflow/example_dags/example_dataset_alias.py took 0.357 seconds
[2026-08-12T06:00:58.911+0000] {processor.py:186} INFO - Started process (PID=10928) to work on /home/airflow/.local/lib/python3.12/site-packages/airflow/example_dags/example_dataset_alias.py
[2026-08-12T06:00:58.913+0000] {processor.py:914} INFO - Processing file /home/airflow/.local/lib/python3.12/site-packages/airflow/example_dags/example_dataset_alias.py for tasks to queue
[2026-08-12T06:00:58.917+0000] {logging_mixin.py:190} INFO - [2026-08-12T06:00:58.917+0000] {dagbag.py:587} INFO - Filling up the DagBag from /home/airflow/.local/lib/python3.12/site-packages/airflow/example_dags/example_dataset_alias.py
[2026-08-12T06:00:59.087+0000] {processor.py:925} INFO - DAG(s) 'dataset_s3_bucket_producer', 'dataset_s3_bucket_consumer', 'dataset_alias_example_alias_producer', 'dataset_alias_example_alias_consumer' retrieved from /home/airflow/.local/lib/python3.12/site-packages/airflow/example_dags/example_dataset_alias.py
[2026-08-12T06:00:59.113+0000] {logging_mixin.py:190} INFO - [2026-08-12T06:00:59.113+0000] {dag.py:3211} INFO - Sync 4 DAGs
[2026-08-12T06:00:59.135+0000] {logging_mixin.py:190} INFO - [2026-08-12T06:00:59.134+0000] {dag.py:4138} INFO - Setting next_dagrun for dataset_alias_example_alias_consumer to None, run_after=None
[2026-08-12T06:00:59.138+0000] {logging_mixin.py:190} INFO - [2026-08-12T06:00:59.138+0000] {dag.py:4138} INFO - Setting next_dagrun for dataset_alias_example_alias_producer to None, run_after=None
[2026-08-12T06:00:59.141+0000] {logging_mixin.py:190} INFO - [2026-08-12T06:00:59.141+0000] {dag.py:4138} INFO - Setting next_dagrun for dataset_s3_bucket_consumer to None, run_after=None
[2026-08-12T06:00:59.144+0000] {logging_mixin.py:190} INFO - [2026-08-12T06:00:59.144+0000] {dag.py:4138} INFO - Setting next_dagrun for dataset_s3_bucket_producer to None, run_after=None
[2026-08-12T06:00:59.167+0000] {processor.py:208} INFO - Processing /home/airflow/.local/lib/python3.12/site-packages/airflow/example_dags/example_dataset_alias.py took 0.263 seconds
[2026-08-12T06:01:29.703+0000] {processor.py:186} INFO - Started process (PID=10991) to work on /home/airflow/.local/lib/python3.12/site-packages/airflow/example_dags/example_dataset_alias.py
[2026-08-12T06:01:29.707+0000] {processor.py:914} INFO - Processing file /home/airflow/.local/lib/python3.12/site-packages/airflow/example_dags/example_dataset_alias.py for tasks to queue
[2026-08-12T06:01:29.713+0000] {logging_mixin.py:190} INFO - [2026-08-12T06:01:29.712+0000] {dagbag.py:587} INFO - Filling up the DagBag from /home/airflow/.local/lib/python3.12/site-packages/airflow/example_dags/example_dataset_alias.py
[2026-08-12T06:01:29.913+0000] {processor.py:925} INFO - DAG(s) 'dataset_alias_example_alias_consumer', 'dataset_alias_example_alias_producer', 'dataset_s3_bucket_producer', 'dataset_s3_bucket_consumer' retrieved from /home/airflow/.local/lib/python3.12/site-packages/airflow/example_dags/example_dataset_alias.py
[2026-08-12T06:01:29.943+0000] {logging_mixin.py:190} INFO - [2026-08-12T06:01:29.943+0000] {dag.py:3211} INFO - Sync 4 DAGs
[2026-08-12T06:01:29.969+0000] {logging_mixin.py:190} INFO - [2026-08-12T06:01:29.969+0000] {dag.py:4138} INFO - Setting next_dagrun for dataset_alias_example_alias_consumer to None, run_after=None
[2026-08-12T06:01:29.974+0000] {logging_mixin.py:190} INFO - [2026-08-12T06:01:29.973+0000] {dag.py:4138} INFO - Setting next_dagrun for dataset_alias_example_alias_producer to None, run_after=None
[2026-08-12T06:01:29.977+0000] {logging_mixin.py:190} INFO - [2026-08-12T06:01:29.976+0000] {dag.py:4138} INFO - Setting next_dagrun for dataset_s3_bucket_consumer to None, run_after=None
[2026-08-12T06:01:29.979+0000] {logging_mixin.py:190} INFO - [2026-08-12T06:01:29.979+0000] {dag.py:4138} INFO - Setting next_dagrun for dataset_s3_bucket_producer to None, run_after=None
[2026-08-12T06:01:30.011+0000] {processor.py:208} INFO - Processing /home/airflow/.local/lib/python3.12/site-packages/airflow/example_dags/example_dataset_alias.py took 0.320 seconds
[2026-08-12T06:02:00.127+0000] {processor.py:186} INFO - Started process (PID=11054) to work on /home/airflow/.local/lib/python3.12/site-packages/airflow/example_dags/example_dataset_alias.py
[2026-08-12T06:02:00.130+0000] {processor.py:914} INFO - Processing file /home/airflow/.local/lib/python3.12/site-packages/airflow/example_dags/example_dataset_alias.py for tasks to queue
[2026-08-12T06:02:00.144+0000] {logging_mixin.py:190} INFO - [2026-08-12T06:02:00.143+0000] {dagbag.py:587} INFO - Filling up the DagBag from /home/airflow/.local/lib/python3.12/site-packages/airflow/example_dags/example_dataset_alias.py
[2026-08-12T06:02:00.409+0000] {processor.py:925} INFO - DAG(s) 'dataset_alias_example_alias_producer', 'dataset_alias_example_alias_consumer', 'dataset_s3_bucket_producer', 'dataset_s3_bucket_consumer' retrieved from /home/airflow/.local/lib/python3.12/site-packages/airflow/example_dags/example_dataset_alias.py
[2026-08-12T06:02:00.445+0000] {logging_mixin.py:190} INFO - [2026-08-12T06:02:00.445+0000] {dag.py:3211} INFO - Sync 4 DAGs
[2026-08-12T06:02:00.503+0000] {logging_mixin.py:190} INFO - [2026-08-12T06:02:00.502+0000] {dag.py:4138} INFO - Setting next_dagrun for dataset_alias_example_alias_consumer to None, run_after=None
[2026-08-12T06:02:00.510+0000] {logging_mixin.py:190} INFO - [2026-08-12T06:02:00.509+0000] {dag.py:4138} INFO - Setting next_dagrun for dataset_alias_example_alias_producer to None, run_after=None
[2026-08-12T06:02:00.513+0000] {logging_mixin.py:190} INFO - [2026-08-12T06:02:00.513+0000] {dag.py:4138} INFO - Setting next_dagrun for dataset_s3_bucket_consumer to None, run_after=None
[2026-08-12T06:02:00.518+0000] {logging_mixin.py:190} INFO - [2026-08-12T06:02:00.517+0000] {dag.py:4138} INFO - Setting next_dagrun for dataset_s3_bucket_producer to None, run_after=None
[2026-08-12T06:02:00.559+0000] {processor.py:208} INFO - Processing /home/airflow/.local/lib/python3.12/site-packages/airflow/example_dags/example_dataset_alias.py took 0.449 seconds
[2026-08-12T06:02:31.449+0000] {processor.py:186} INFO - Started process (PID=11117) to work on /home/airflow/.local/lib/python3.12/site-packages/airflow/example_dags/example_dataset_alias.py
[2026-08-12T06:02:31.451+0000] {processor.py:914} INFO - Processing file /home/airflow/.local/lib/python3.12/site-packages/airflow/example_dags/example_dataset_alias.py for tasks to queue
[2026-08-12T06:02:31.456+0000] {logging_mixin.py:190} INFO - [2026-08-12T06:02:31.456+0000] {dagbag.py:587} INFO - Filling up the DagBag from /home/airflow/.local/lib/python3.12/site-packages/airflow/example_dags/example_dataset_alias.py
[2026-08-12T06:02:31.657+0000] {processor.py:925} INFO - DAG(s) 'dataset_alias_example_alias_producer', 'dataset_s3_bucket_consumer', 'dataset_alias_example_alias_consumer', 'dataset_s3_bucket_producer' retrieved from /home/airflow/.local/lib/python3.12/site-packages/airflow/example_dags/example_dataset_alias.py
[2026-08-12T06:02:31.688+0000] {logging_mixin.py:190} INFO - [2026-08-12T06:02:31.688+0000] {dag.py:3211} INFO - Sync 4 DAGs
[2026-08-12T06:02:31.714+0000] {logging_mixin.py:190} INFO - [2026-08-12T06:02:31.713+0000] {dag.py:4138} INFO - Setting next_dagrun for dataset_alias_example_alias_consumer to None, run_after=None
[2026-08-12T06:02:31.718+0000] {logging_mixin.py:190} INFO - [2026-08-12T06:02:31.717+0000] {dag.py:4138} INFO - Setting next_dagrun for dataset_alias_example_alias_producer to None, run_after=None
[2026-08-12T06:02:31.720+0000] {logging_mixin.py:190} INFO - [2026-08-12T06:02:31.720+0000] {dag.py:4138} INFO - Setting next_dagrun for dataset_s3_bucket_consumer to None, run_after=None
[2026-08-12T06:02:31.723+0000] {logging_mixin.py:190} INFO - [2026-08-12T06:02:31.723+0000] {dag.py:4138} INFO - Setting next_dagrun for dataset_s3_bucket_producer to None, run_after=None
[2026-08-12T06:02:31.752+0000] {processor.py:208} INFO - Processing /home/airflow/.local/lib/python3.12/site-packages/airflow/example_dags/example_dataset_alias.py took 0.312 seconds
[2026-08-12T06:03:02.553+0000] {processor.py:186} INFO - Started process (PID=11180) to work on /home/airflow/.local/lib/python3.12/site-packages/airflow/example_dags/example_dataset_alias.py
[2026-08-12T06:03:02.558+0000] {processor.py:914} INFO - Processing file /home/airflow/.local/lib/python3.12/site-packages/airflow/example_dags/example_dataset_alias.py for tasks to queue
[2026-08-12T06:03:02.593+0000] {logging_mixin.py:190} INFO - [2026-08-12T06:03:02.592+0000] {dagbag.py:587} INFO - Filling up the DagBag from /home/airflow/.local/lib/python3.12/site-packages/airflow/example_dags/example_dataset_alias.py
[2026-08-12T06:03:03.156+0000] {processor.py:925} INFO - DAG(s) 'dataset_alias_example_alias_consumer', 'dataset_s3_bucket_producer', 'dataset_s3_bucket_consumer', 'dataset_alias_example_alias_producer' retrieved from /home/airflow/.local/lib/python3.12/site-packages/airflow/example_dags/example_dataset_alias.py
[2026-08-12T06:03:03.229+0000] {logging_mixin.py:190} INFO - [2026-08-12T06:03:03.229+0000] {dag.py:3211} INFO - Sync 4 DAGs
[2026-08-12T06:03:03.281+0000] {logging_mixin.py:190} INFO - [2026-08-12T06:03:03.280+0000] {dag.py:4138} INFO - Setting next_dagrun for dataset_alias_example_alias_consumer to None, run_after=None
[2026-08-12T06:03:03.287+0000] {logging_mixin.py:190} INFO - [2026-08-12T06:03:03.287+0000] {dag.py:4138} INFO - Setting next_dagrun for dataset_alias_example_alias_producer to None, run_after=None
[2026-08-12T06:03:03.291+0000] {logging_mixin.py:190} INFO - [2026-08-12T06:03:03.291+0000] {dag.py:4138} INFO - Setting next_dagrun for dataset_s3_bucket_consumer to None, run_after=None
[2026-08-12T06:03:03.295+0000] {logging_mixin.py:190} INFO - [2026-08-12T06:03:03.294+0000] {dag.py:4138} INFO - Setting next_dagrun for dataset_s3_bucket_producer to None, run_after=None
[2026-08-12T06:03:03.343+0000] {processor.py:208} INFO - Processing /home/airflow/.local/lib/python3.12/site-packages/airflow/example_dags/example_dataset_alias.py took 0.816 seconds
[2026-08-12T06:03:34.228+0000] {processor.py:186} INFO - Started process (PID=11243) to work on /home/airflow/.local/lib/python3.12/site-packages/airflow/example_dags/example_dataset_alias.py
[2026-08-12T06:03:34.231+0000] {processor.py:914} INFO - Processing file /home/airflow/.local/lib/python3.12/site-packages/airflow/example_dags/example_dataset_alias.py for tasks to queue
[2026-08-12T06:03:34.236+0000] {logging_mixin.py:190} INFO - [2026-08-12T06:03:34.235+0000] {dagbag.py:587} INFO - Filling up the DagBag from /home/airflow/.local/lib/python3.12/site-packages/airflow/example_dags/example_dataset_alias.py
[2026-08-12T06:03:34.450+0000] {processor.py:925} INFO - DAG(s) 'dataset_alias_example_alias_producer', 'dataset_s3_bucket_producer', 'dataset_alias_example_alias_consumer', 'dataset_s3_bucket_consumer' retrieved from /home/airflow/.local/lib/python3.12/site-packages/airflow/example_dags/example_dataset_alias.py
[2026-08-12T06:03:34.485+0000] {logging_mixin.py:190} INFO - [2026-08-12T06:03:34.485+0000] {dag.py:3211} INFO - Sync 4 DAGs
[2026-08-12T06:03:34.520+0000] {logging_mixin.py:190} INFO - [2026-08-12T06:03:34.520+0000] {dag.py:4138} INFO - Setting next_dagrun for dataset_alias_example_alias_consumer to None, run_after=None
[2026-08-12T06:03:34.526+0000] {logging_mixin.py:190} INFO - [2026-08-12T06:03:34.526+0000] {dag.py:4138} INFO - Setting next_dagrun for dataset_alias_example_alias_producer to None, run_after=None
[2026-08-12T06:03:34.530+0000] {logging_mixin.py:190} INFO - [2026-08-12T06:03:34.529+0000] {dag.py:4138} INFO - Setting next_dagrun for dataset_s3_bucket_consumer to None, run_after=None
[2026-08-12T06:03:34.533+0000] {logging_mixin.py:190} INFO - [2026-08-12T06:03:34.533+0000] {dag.py:4138} INFO - Setting next_dagrun for dataset_s3_bucket_producer to None, run_after=None
[2026-08-12T06:03:34.579+0000] {processor.py:208} INFO - Processing /home/airflow/.local/lib/python3.12/site-packages/airflow/example_dags/example_dataset_alias.py took 0.360 seconds
[2026-08-12T06:04:04.661+0000] {processor.py:186} INFO - Started process (PID=11306) to work on /home/airflow/.local/lib/python3.12/site-packages/airflow/example_dags/example_dataset_alias.py
[2026-08-12T06:04:04.664+0000] {processor.py:914} INFO - Processing file /home/airflow/.local/lib/python3.12/site-packages/airflow/example_dags/example_dataset_alias.py for tasks to queue
[2026-08-12T06:04:04.668+0000] {logging_mixin.py:190} INFO - [2026-08-12T06:04:04.668+0000] {dagbag.py:587} INFO - Filling up the DagBag from /home/airflow/.local/lib/python3.12/site-packages/airflow/example_dags/example_dataset_alias.py
[2026-08-12T06:04:04.885+0000] {processor.py:925} INFO - DAG(s) 'dataset_s3_bucket_consumer', 'dataset_alias_example_alias_producer', 'dataset_s3_bucket_producer', 'dataset_alias_example_alias_consumer' retrieved from /home/airflow/.local/lib/python3.12/site-packages/airflow/example_dags/example_dataset_alias.py
[2026-08-12T06:04:04.926+0000] {logging_mixin.py:190} INFO - [2026-08-12T06:04:04.926+0000] {dag.py:3211} INFO - Sync 4 DAGs
[2026-08-12T06:04:04.960+0000] {logging_mixin.py:190} INFO - [2026-08-12T06:04:04.960+0000] {dag.py:4138} INFO - Setting next_dagrun for dataset_alias_example_alias_consumer to None, run_after=None
[2026-08-12T06:04:04.968+0000] {logging_mixin.py:190} INFO - [2026-08-12T06:04:04.967+0000] {dag.py:4138} INFO - Setting next_dagrun for dataset_alias_example_alias_producer to None, run_after=None
[2026-08-12T06:04:04.972+0000] {logging_mixin.py:190} INFO - [2026-08-12T06:04:04.971+0000] {dag.py:4138} INFO - Setting next_dagrun for dataset_s3_bucket_consumer to None, run_after=None
[2026-08-12T06:04:04.975+0000] {logging_mixin.py:190} INFO - [2026-08-12T06:04:04.975+0000] {dag.py:4138} INFO - Setting next_dagrun for dataset_s3_bucket_producer to None, run_after=None
[2026-08-12T06:04:05.017+0000] {processor.py:208} INFO - Processing /home/airflow/.local/lib/python3.12/site-packages/airflow/example_dags/example_dataset_alias.py took 0.363 seconds
[2026-08-12T06:04:35.243+0000] {processor.py:186} INFO - Started process (PID=11369) to work on /home/airflow/.local/lib/python3.12/site-packages/airflow/example_dags/example_dataset_alias.py
[2026-08-12T06:04:35.246+0000] {processor.py:914} INFO - Processing file /home/airflow/.local/lib/python3.12/site-packages/airflow/example_dags/example_dataset_alias.py for tasks to queue
[2026-08-12T06:04:35.250+0000] {logging_mixin.py:190} INFO - [2026-08-12T06:04:35.250+0000] {dagbag.py:587} INFO - Filling up the DagBag from /home/airflow/.local/lib/python3.12/site-packages/airflow/example_dags/example_dataset_alias.py
[2026-08-12T06:04:35.428+0000] {processor.py:925} INFO - DAG(s) 'dataset_s3_bucket_consumer', 'dataset_alias_example_alias_consumer', 'dataset_alias_example_alias_producer', 'dataset_s3_bucket_producer' retrieved from /home/airflow/.local/lib/python3.12/site-packages/airflow/example_dags/example_dataset_alias.py
[2026-08-12T06:04:35.458+0000] {logging_mixin.py:190} INFO - [2026-08-12T06:04:35.457+0000] {dag.py:3211} INFO - Sync 4 DAGs
[2026-08-12T06:04:35.488+0000] {logging_mixin.py:190} INFO - [2026-08-12T06:04:35.488+0000] {dag.py:4138} INFO - Setting next_dagrun for dataset_alias_example_alias_consumer to None, run_after=None
[2026-08-12T06:04:35.493+0000] {logging_mixin.py:190} INFO - [2026-08-12T06:04:35.492+0000] {dag.py:4138} INFO - Setting next_dagrun for dataset_alias_example_alias_producer to None, run_after=None
[2026-08-12T06:04:35.496+0000] {logging_mixin.py:190} INFO - [2026-08-12T06:04:35.495+0000] {dag.py:4138} INFO - Setting next_dagrun for dataset_s3_bucket_consumer to None, run_after=None
[2026-08-12T06:04:35.498+0000] {logging_mixin.py:190} INFO - [2026-08-12T06:04:35.498+0000] {dag.py:4138} INFO - Setting next_dagrun for dataset_s3_bucket_producer to None, run_after=None
[2026-08-12T06:04:35.531+0000] {processor.py:208} INFO - Processing /home/airflow/.local/lib/python3.12/site-packages/airflow/example_dags/example_dataset_alias.py took 0.296 seconds
[2026-08-12T06:05:05.816+0000] {processor.py:186} INFO - Started process (PID=11433) to work on /home/airflow/.local/lib/python3.12/site-packages/airflow/example_dags/example_dataset_alias.py
[2026-08-12T06:05:05.819+0000] {processor.py:914} INFO - Processing file /home/airflow/.local/lib/python3.12/site-packages/airflow/example_dags/example_dataset_alias.py for tasks to queue
[2026-08-12T06:05:05.826+0000] {logging_mixin.py:190} INFO - [2026-08-12T06:05:05.825+0000] {dagbag.py:587} INFO - Filling up the DagBag from /home/airflow/.local/lib/python3.12/site-packages/airflow/example_dags/example_dataset_alias.py
[2026-08-12T06:05:06.045+0000] {processor.py:925} INFO - DAG(s) 'dataset_s3_bucket_consumer', 'dataset_s3_bucket_producer', 'dataset_alias_example_alias_producer', 'dataset_alias_example_alias_consumer' retrieved from /home/airflow/.local/lib/python3.12/site-packages/airflow/example_dags/example_dataset_alias.py
[2026-08-12T06:05:06.074+0000] {logging_mixin.py:190} INFO - [2026-08-12T06:05:06.074+0000] {dag.py:3211} INFO - Sync 4 DAGs
[2026-08-12T06:05:06.102+0000] {logging_mixin.py:190} INFO - [2026-08-12T06:05:06.102+0000] {dag.py:4138} INFO - Setting next_dagrun for dataset_alias_example_alias_consumer to None, run_after=None
[2026-08-12T06:05:06.107+0000] {logging_mixin.py:190} INFO - [2026-08-12T06:05:06.106+0000] {dag.py:4138} INFO - Setting next_dagrun for dataset_alias_example_alias_producer to None, run_after=None
[2026-08-12T06:05:06.110+0000] {logging_mixin.py:190} INFO - [2026-08-12T06:05:06.109+0000] {dag.py:4138} INFO - Setting next_dagrun for dataset_s3_bucket_consumer to None, run_after=None
[2026-08-12T06:05:06.113+0000] {logging_mixin.py:190} INFO - [2026-08-12T06:05:06.113+0000] {dag.py:4138} INFO - Setting next_dagrun for dataset_s3_bucket_producer to None, run_after=None
[2026-08-12T06:05:06.147+0000] {processor.py:208} INFO - Processing /home/airflow/.local/lib/python3.12/site-packages/airflow/example_dags/example_dataset_alias.py took 0.337 seconds
[2026-08-12T06:05:36.247+0000] {processor.py:186} INFO - Started process (PID=11496) to work on /home/airflow/.local/lib/python3.12/site-packages/airflow/example_dags/example_dataset_alias.py
[2026-08-12T06:05:36.252+0000] {processor.py:914} INFO - Processing file /home/airflow/.local/lib/python3.12/site-packages/airflow/example_dags/example_dataset_alias.py for tasks to queue
[2026-08-12T06:05:36.258+0000] {logging_mixin.py:190} INFO - [2026-08-12T06:05:36.258+0000] {dagbag.py:587} INFO - Filling up the DagBag from /home/airflow/.local/lib/python3.12/site-packages/airflow/example_dags/example_dataset_alias.py
[2026-08-12T06:05:36.455+0000] {processor.py:925} INFO - DAG(s) 'dataset_s3_bucket_producer', 'dataset_s3_bucket_consumer', 'dataset_alias_example_alias_consumer', 'dataset_alias_example_alias_producer' retrieved from /home/airflow/.local/lib/python3.12/site-packages/airflow/example_dags/example_dataset_alias.py
[2026-08-12T06:05:36.481+0000] {logging_mixin.py:190} INFO - [2026-08-12T06:05:36.481+0000] {dag.py:3211} INFO - Sync 4 DAGs
[2026-08-12T06:05:36.508+0000] {logging_mixin.py:190} INFO - [2026-08-12T06:05:36.508+0000] {dag.py:4138} INFO - Setting next_dagrun for dataset_alias_example_alias_consumer to None, run_after=None
[2026-08-12T06:05:36.514+0000] {logging_mixin.py:190} INFO - [2026-08-12T06:05:36.513+0000] {dag.py:4138} INFO - Setting next_dagrun for dataset_alias_example_alias_producer to None, run_after=None
[2026-08-12T06:05:36.517+0000] {logging_mixin.py:190} INFO - [2026-08-12T06:05:36.517+0000] {dag.py:4138} INFO - Setting next_dagrun for dataset_s3_bucket_consumer to None, run_after=None
[2026-08-12T06:05:36.520+0000] {logging_mixin.py:190} INFO - [2026-08-12T06:05:36.520+0000] {dag.py:4138} INFO - Setting next_dagrun for dataset_s3_bucket_producer to None, run_after=None
[2026-08-12T06:05:36.550+0000] {processor.py:208} INFO - Processing /home/airflow/.local/lib/python3.12/site-packages/airflow/example_dags/example_dataset_alias.py took 0.310 seconds
[2026-08-12T06:06:07.007+0000] {processor.py:186} INFO - Started process (PID=11561) to work on /home/airflow/.local/lib/python3.12/site-packages/airflow/example_dags/example_dataset_alias.py
[2026-08-12T06:06:07.012+0000] {processor.py:914} INFO - Processing file /home/airflow/.local/lib/python3.12/site-packages/airflow/example_dags/example_dataset_alias.py for tasks to queue
[2026-08-12T06:06:07.017+0000] {logging_mixin.py:190} INFO - [2026-08-12T06:06:07.017+0000] {dagbag.py:587} INFO - Filling up the DagBag from /home/airflow/.local/lib/python3.12/site-packages/airflow/example_dags/example_dataset_alias.py
[2026-08-12T06:06:07.208+0000] {processor.py:925} INFO - DAG(s) 'dataset_alias_example_alias_producer', 'dataset_alias_example_alias_consumer', 'dataset_s3_bucket_producer', 'dataset_s3_bucket_consumer' retrieved from /home/airflow/.local/lib/python3.12/site-packages/airflow/example_dags/example_dataset_alias.py
[2026-08-12T06:06:07.232+0000] {logging_mixin.py:190} INFO - [2026-08-12T06:06:07.232+0000] {dag.py:3211} INFO - Sync 4 DAGs
[2026-08-12T06:06:07.258+0000] {logging_mixin.py:190} INFO - [2026-08-12T06:06:07.258+0000] {dag.py:4138} INFO - Setting next_dagrun for dataset_alias_example_alias_consumer to None, run_after=None
[2026-08-12T06:06:07.262+0000] {logging_mixin.py:190} INFO - [2026-08-12T06:06:07.262+0000] {dag.py:4138} INFO - Setting next_dagrun for dataset_alias_example_alias_producer to None, run_after=None
[2026-08-12T06:06:07.265+0000] {logging_mixin.py:190} INFO - [2026-08-12T06:06:07.265+0000] {dag.py:4138} INFO - Setting next_dagrun for dataset_s3_bucket_consumer to None, run_after=None
[2026-08-12T06:06:07.269+0000] {logging_mixin.py:190} INFO - [2026-08-12T06:06:07.268+0000] {dag.py:4138} INFO - Setting next_dagrun for dataset_s3_bucket_producer to None, run_after=None
[2026-08-12T06:06:07.296+0000] {processor.py:208} INFO - Processing /home/airflow/.local/lib/python3.12/site-packages/airflow/example_dags/example_dataset_alias.py took 0.301 seconds
[2026-08-12T06:06:37.823+0000] {processor.py:186} INFO - Started process (PID=11624) to work on /home/airflow/.local/lib/python3.12/site-packages/airflow/example_dags/example_dataset_alias.py
[2026-08-12T06:06:37.827+0000] {processor.py:914} INFO - Processing file /home/airflow/.local/lib/python3.12/site-packages/airflow/example_dags/example_dataset_alias.py for tasks to queue
[2026-08-12T06:06:37.832+0000] {logging_mixin.py:190} INFO - [2026-08-12T06:06:37.831+0000] {dagbag.py:587} INFO - Filling up the DagBag from /home/airflow/.local/lib/python3.12/site-packages/airflow/example_dags/example_dataset_alias.py
[2026-08-12T06:06:38.082+0000] {processor.py:925} INFO - DAG(s) 'dataset_s3_bucket_producer', 'dataset_s3_bucket_consumer', 'dataset_alias_example_alias_consumer', 'dataset_alias_example_alias_producer' retrieved from /home/airflow/.local/lib/python3.12/site-packages/airflow/example_dags/example_dataset_alias.py
[2026-08-12T06:06:38.111+0000] {logging_mixin.py:190} INFO - [2026-08-12T06:06:38.111+0000] {dag.py:3211} INFO - Sync 4 DAGs
[2026-08-12T06:06:38.139+0000] {logging_mixin.py:190} INFO - [2026-08-12T06:06:38.138+0000] {dag.py:4138} INFO - Setting next_dagrun for dataset_alias_example_alias_consumer to None, run_after=None
[2026-08-12T06:06:38.147+0000] {logging_mixin.py:190} INFO - [2026-08-12T06:06:38.146+0000] {dag.py:4138} INFO - Setting next_dagrun for dataset_alias_example_alias_producer to None, run_after=None
[2026-08-12T06:06:38.152+0000] {logging_mixin.py:190} INFO - [2026-08-12T06:06:38.151+0000] {dag.py:4138} INFO - Setting next_dagrun for dataset_s3_bucket_consumer to None, run_after=None
[2026-08-12T06:06:38.156+0000] {logging_mixin.py:190} INFO - [2026-08-12T06:06:38.156+0000] {dag.py:4138} INFO - Setting next_dagrun for dataset_s3_bucket_producer to None, run_after=None
[2026-08-12T06:06:38.201+0000] {processor.py:208} INFO - Processing /home/airflow/.local/lib/python3.12/site-packages/airflow/example_dags/example_dataset_alias.py took 0.391 seconds
[2026-08-12T06:07:08.361+0000] {processor.py:186} INFO - Started process (PID=11688) to work on /home/airflow/.local/lib/python3.12/site-packages/airflow/example_dags/example_dataset_alias.py
[2026-08-12T06:07:08.364+0000] {processor.py:914} INFO - Processing file /home/airflow/.local/lib/python3.12/site-packages/airflow/example_dags/example_dataset_alias.py for tasks to queue
[2026-08-12T06:07:08.369+0000] {logging_mixin.py:190} INFO - [2026-08-12T06:07:08.368+0000] {dagbag.py:587} INFO - Filling up the DagBag from /home/airflow/.local/lib/python3.12/site-packages/airflow/example_dags/example_dataset_alias.py
[2026-08-12T06:07:08.542+0000] {processor.py:925} INFO - DAG(s) 'dataset_alias_example_alias_consumer', 'dataset_s3_bucket_consumer', 'dataset_alias_example_alias_producer', 'dataset_s3_bucket_producer' retrieved from /home/airflow/.local/lib/python3.12/site-packages/airflow/example_dags/example_dataset_alias.py
[2026-08-12T06:07:08.569+0000] {logging_mixin.py:190} INFO - [2026-08-12T06:07:08.569+0000] {dag.py:3211} INFO - Sync 4 DAGs
[2026-08-12T06:07:08.599+0000] {logging_mixin.py:190} INFO - [2026-08-12T06:07:08.599+0000] {dag.py:4138} INFO - Setting next_dagrun for dataset_alias_example_alias_consumer to None, run_after=None
[2026-08-12T06:07:08.604+0000] {logging_mixin.py:190} INFO - [2026-08-12T06:07:08.603+0000] {dag.py:4138} INFO - Setting next_dagrun for dataset_alias_example_alias_producer to None, run_after=None
[2026-08-12T06:07:08.606+0000] {logging_mixin.py:190} INFO - [2026-08-12T06:07:08.606+0000] {dag.py:4138} INFO - Setting next_dagrun for dataset_s3_bucket_consumer to None, run_after=None
[2026-08-12T06:07:08.609+0000] {logging_mixin.py:190} INFO - [2026-08-12T06:07:08.609+0000] {dag.py:4138} INFO - Setting next_dagrun for dataset_s3_bucket_producer to None, run_after=None
[2026-08-12T06:07:08.641+0000] {processor.py:208} INFO - Processing /home/airflow/.local/lib/python3.12/site-packages/airflow/example_dags/example_dataset_alias.py took 0.286 seconds
[2026-08-12T06:07:39.012+0000] {processor.py:186} INFO - Started process (PID=11758) to work on /home/airflow/.local/lib/python3.12/site-packages/airflow/example_dags/example_dataset_alias.py
[2026-08-12T06:07:39.014+0000] {processor.py:914} INFO - Processing file /home/airflow/.local/lib/python3.12/site-packages/airflow/example_dags/example_dataset_alias.py for tasks to queue
[2026-08-12T06:07:39.018+0000] {logging_mixin.py:190} INFO - [2026-08-12T06:07:39.017+0000] {dagbag.py:587} INFO - Filling up the DagBag from /home/airflow/.local/lib/python3.12/site-packages/airflow/example_dags/example_dataset_alias.py
[2026-08-12T06:07:39.192+0000] {processor.py:925} INFO - DAG(s) 'dataset_s3_bucket_consumer', 'dataset_alias_example_alias_consumer', 'dataset_alias_example_alias_producer', 'dataset_s3_bucket_producer' retrieved from /home/airflow/.local/lib/python3.12/site-packages/airflow/example_dags/example_dataset_alias.py
[2026-08-12T06:07:39.219+0000] {logging_mixin.py:190} INFO - [2026-08-12T06:07:39.219+0000] {dag.py:3211} INFO - Sync 4 DAGs
[2026-08-12T06:07:39.244+0000] {logging_mixin.py:190} INFO - [2026-08-12T06:07:39.244+0000] {dag.py:4138} INFO - Setting next_dagrun for dataset_alias_example_alias_consumer to None, run_after=None
[2026-08-12T06:07:39.248+0000] {logging_mixin.py:190} INFO - [2026-08-12T06:07:39.248+0000] {dag.py:4138} INFO - Setting next_dagrun for dataset_alias_example_alias_producer to None, run_after=None
[2026-08-12T06:07:39.251+0000] {logging_mixin.py:190} INFO - [2026-08-12T06:07:39.251+0000] {dag.py:4138} INFO - Setting next_dagrun for dataset_s3_bucket_consumer to None, run_after=None
[2026-08-12T06:07:39.254+0000] {logging_mixin.py:190} INFO - [2026-08-12T06:07:39.254+0000] {dag.py:4138} INFO - Setting next_dagrun for dataset_s3_bucket_producer to None, run_after=None
[2026-08-12T06:07:39.285+0000] {processor.py:208} INFO - Processing /home/airflow/.local/lib/python3.12/site-packages/airflow/example_dags/example_dataset_alias.py took 0.279 seconds
[2026-08-12T06:08:09.588+0000] {processor.py:186} INFO - Started process (PID=11821) to work on /home/airflow/.local/lib/python3.12/site-packages/airflow/example_dags/example_dataset_alias.py
[2026-08-12T06:08:09.591+0000] {processor.py:914} INFO - Processing file /home/airflow/.local/lib/python3.12/site-packages/airflow/example_dags/example_dataset_alias.py for tasks to queue
[2026-08-12T06:08:09.595+0000] {logging_mixin.py:190} INFO - [2026-08-12T06:08:09.594+0000] {dagbag.py:587} INFO - Filling up the DagBag from /home/airflow/.local/lib/python3.12/site-packages/airflow/example_dags/example_dataset_alias.py
[2026-08-12T06:08:09.807+0000] {processor.py:925} INFO - DAG(s) 'dataset_alias_example_alias_consumer', 'dataset_s3_bucket_consumer', 'dataset_s3_bucket_producer', 'dataset_alias_example_alias_producer' retrieved from /home/airflow/.local/lib/python3.12/site-packages/airflow/example_dags/example_dataset_alias.py
[2026-08-12T06:08:09.846+0000] {logging_mixin.py:190} INFO - [2026-08-12T06:08:09.846+0000] {dag.py:3211} INFO - Sync 4 DAGs
[2026-08-12T06:08:09.875+0000] {logging_mixin.py:190} INFO - [2026-08-12T06:08:09.874+0000] {dag.py:4138} INFO - Setting next_dagrun for dataset_alias_example_alias_consumer to None, run_after=None
[2026-08-12T06:08:09.880+0000] {logging_mixin.py:190} INFO - [2026-08-12T06:08:09.880+0000] {dag.py:4138} INFO - Setting next_dagrun for dataset_alias_example_alias_producer to None, run_after=None
[2026-08-12T06:08:09.884+0000] {logging_mixin.py:190} INFO - [2026-08-12T06:08:09.884+0000] {dag.py:4138} INFO - Setting next_dagrun for dataset_s3_bucket_consumer to None, run_after=None
[2026-08-12T06:08:09.887+0000] {logging_mixin.py:190} INFO - [2026-08-12T06:08:09.887+0000] {dag.py:4138} INFO - Setting next_dagrun for dataset_s3_bucket_producer to None, run_after=None
[2026-08-12T06:08:09.923+0000] {processor.py:208} INFO - Processing /home/airflow/.local/lib/python3.12/site-packages/airflow/example_dags/example_dataset_alias.py took 0.341 seconds
[2026-08-12T06:08:40.373+0000] {processor.py:186} INFO - Started process (PID=11885) to work on /home/airflow/.local/lib/python3.12/site-packages/airflow/example_dags/example_dataset_alias.py
[2026-08-12T06:08:40.376+0000] {processor.py:914} INFO - Processing file /home/airflow/.local/lib/python3.12/site-packages/airflow/example_dags/example_dataset_alias.py for tasks to queue
[2026-08-12T06:08:40.381+0000] {logging_mixin.py:190} INFO - [2026-08-12T06:08:40.380+0000] {dagbag.py:587} INFO - Filling up the DagBag from /home/airflow/.local/lib/python3.12/site-packages/airflow/example_dags/example_dataset_alias.py
[2026-08-12T06:08:40.565+0000] {processor.py:925} INFO - DAG(s) 'dataset_alias_example_alias_consumer', 'dataset_s3_bucket_consumer', 'dataset_s3_bucket_producer', 'dataset_alias_example_alias_producer' retrieved from /home/airflow/.local/lib/python3.12/site-packages/airflow/example_dags/example_dataset_alias.py
[2026-08-12T06:08:40.594+0000] {logging_mixin.py:190} INFO - [2026-08-12T06:08:40.594+0000] {dag.py:3211} INFO - Sync 4 DAGs
[2026-08-12T06:08:40.623+0000] {logging_mixin.py:190} INFO - [2026-08-12T06:08:40.623+0000] {dag.py:4138} INFO - Setting next_dagrun for dataset_alias_example_alias_consumer to None, run_after=None
[2026-08-12T06:08:40.627+0000] {logging_mixin.py:190} INFO - [2026-08-12T06:08:40.627+0000] {dag.py:4138} INFO - Setting next_dagrun for dataset_alias_example_alias_producer to None, run_after=None
[2026-08-12T06:08:40.630+0000] {logging_mixin.py:190} INFO - [2026-08-12T06:08:40.630+0000] {dag.py:4138} INFO - Setting next_dagrun for dataset_s3_bucket_consumer to None, run_after=None
[2026-08-12T06:08:40.633+0000] {logging_mixin.py:190} INFO - [2026-08-12T06:08:40.633+0000] {dag.py:4138} INFO - Setting next_dagrun for dataset_s3_bucket_producer to None, run_after=None
[2026-08-12T06:08:40.659+0000] {processor.py:208} INFO - Processing /home/airflow/.local/lib/python3.12/site-packages/airflow/example_dags/example_dataset_alias.py took 0.296 seconds
[2026-08-12T06:09:10.813+0000] {processor.py:186} INFO - Started process (PID=11948) to work on /home/airflow/.local/lib/python3.12/site-packages/airflow/example_dags/example_dataset_alias.py
[2026-08-12T06:09:10.815+0000] {processor.py:914} INFO - Processing file /home/airflow/.local/lib/python3.12/site-packages/airflow/example_dags/example_dataset_alias.py for tasks to queue
[2026-08-12T06:09:10.819+0000] {logging_mixin.py:190} INFO - [2026-08-12T06:09:10.819+0000] {dagbag.py:587} INFO - Filling up the DagBag from /home/airflow/.local/lib/python3.12/site-packages/airflow/example_dags/example_dataset_alias.py
[2026-08-12T06:09:11.002+0000] {processor.py:925} INFO - DAG(s) 'dataset_s3_bucket_producer', 'dataset_alias_example_alias_producer', 'dataset_s3_bucket_consumer', 'dataset_alias_example_alias_consumer' retrieved from /home/airflow/.local/lib/python3.12/site-packages/airflow/example_dags/example_dataset_alias.py
[2026-08-12T06:09:11.033+0000] {logging_mixin.py:190} INFO - [2026-08-12T06:09:11.033+0000] {dag.py:3211} INFO - Sync 4 DAGs
[2026-08-12T06:09:11.063+0000] {logging_mixin.py:190} INFO - [2026-08-12T06:09:11.063+0000] {dag.py:4138} INFO - Setting next_dagrun for dataset_alias_example_alias_consumer to None, run_after=None
[2026-08-12T06:09:11.067+0000] {logging_mixin.py:190} INFO - [2026-08-12T06:09:11.067+0000] {dag.py:4138} INFO - Setting next_dagrun for dataset_alias_example_alias_producer to None, run_after=None
[2026-08-12T06:09:11.070+0000] {logging_mixin.py:190} INFO - [2026-08-12T06:09:11.070+0000] {dag.py:4138} INFO - Setting next_dagrun for dataset_s3_bucket_consumer to None, run_after=None
[2026-08-12T06:09:11.073+0000] {logging_mixin.py:190} INFO - [2026-08-12T06:09:11.073+0000] {dag.py:4138} INFO - Setting next_dagrun for dataset_s3_bucket_producer to None, run_after=None
[2026-08-12T06:09:11.101+0000] {processor.py:208} INFO - Processing /home/airflow/.local/lib/python3.12/site-packages/airflow/example_dags/example_dataset_alias.py took 0.294 seconds
[2026-08-12T06:09:41.624+0000] {processor.py:186} INFO - Started process (PID=12010) to work on /home/airflow/.local/lib/python3.12/site-packages/airflow/example_dags/example_dataset_alias.py
[2026-08-12T06:09:41.626+0000] {processor.py:914} INFO - Processing file /home/airflow/.local/lib/python3.12/site-packages/airflow/example_dags/example_dataset_alias.py for tasks to queue
[2026-08-12T06:09:41.631+0000] {logging_mixin.py:190} INFO - [2026-08-12T06:09:41.631+0000] {dagbag.py:587} INFO - Filling up the DagBag from /home/airflow/.local/lib/python3.12/site-packages/airflow/example_dags/example_dataset_alias.py
[2026-08-12T06:09:41.835+0000] {processor.py:925} INFO - DAG(s) 'dataset_alias_example_alias_consumer', 'dataset_alias_example_alias_producer', 'dataset_s3_bucket_producer', 'dataset_s3_bucket_consumer' retrieved from /home/airflow/.local/lib/python3.12/site-packages/airflow/example_dags/example_dataset_alias.py
[2026-08-12T06:09:41.865+0000] {logging_mixin.py:190} INFO - [2026-08-12T06:09:41.865+0000] {dag.py:3211} INFO - Sync 4 DAGs
[2026-08-12T06:09:41.891+0000] {logging_mixin.py:190} INFO - [2026-08-12T06:09:41.891+0000] {dag.py:4138} INFO - Setting next_dagrun for dataset_alias_example_alias_consumer to None, run_after=None
[2026-08-12T06:09:41.896+0000] {logging_mixin.py:190} INFO - [2026-08-12T06:09:41.895+0000] {dag.py:4138} INFO - Setting next_dagrun for dataset_alias_example_alias_producer to None, run_after=None
[2026-08-12T06:09:41.899+0000] {logging_mixin.py:190} INFO - [2026-08-12T06:09:41.899+0000] {dag.py:4138} INFO - Setting next_dagrun for dataset_s3_bucket_consumer to None, run_after=None
[2026-08-12T06:09:41.902+0000] {logging_mixin.py:190} INFO - [2026-08-12T06:09:41.902+0000] {dag.py:4138} INFO - Setting next_dagrun for dataset_s3_bucket_producer to None, run_after=None
[2026-08-12T06:09:41.933+0000] {processor.py:208} INFO - Processing /home/airflow/.local/lib/python3.12/site-packages/airflow/example_dags/example_dataset_alias.py took 0.325 seconds
[2026-08-12T06:10:12.107+0000] {processor.py:186} INFO - Started process (PID=12073) to work on /home/airflow/.local/lib/python3.12/site-packages/airflow/example_dags/example_dataset_alias.py
[2026-08-12T06:10:12.111+0000] {processor.py:914} INFO - Processing file /home/airflow/.local/lib/python3.12/site-packages/airflow/example_dags/example_dataset_alias.py for tasks to queue
[2026-08-12T06:10:12.118+0000] {logging_mixin.py:190} INFO - [2026-08-12T06:10:12.117+0000] {dagbag.py:587} INFO - Filling up the DagBag from /home/airflow/.local/lib/python3.12/site-packages/airflow/example_dags/example_dataset_alias.py
[2026-08-12T06:10:12.297+0000] {processor.py:925} INFO - DAG(s) 'dataset_alias_example_alias_consumer', 'dataset_s3_bucket_producer', 'dataset_s3_bucket_consumer', 'dataset_alias_example_alias_producer' retrieved from /home/airflow/.local/lib/python3.12/site-packages/airflow/example_dags/example_dataset_alias.py
[2026-08-12T06:10:12.323+0000] {logging_mixin.py:190} INFO - [2026-08-12T06:10:12.323+0000] {dag.py:3211} INFO - Sync 4 DAGs
[2026-08-12T06:10:12.346+0000] {logging_mixin.py:190} INFO - [2026-08-12T06:10:12.345+0000] {dag.py:4138} INFO - Setting next_dagrun for dataset_alias_example_alias_consumer to None, run_after=None
[2026-08-12T06:10:12.350+0000] {logging_mixin.py:190} INFO - [2026-08-12T06:10:12.349+0000] {dag.py:4138} INFO - Setting next_dagrun for dataset_alias_example_alias_producer to None, run_after=None
[2026-08-12T06:10:12.353+0000] {logging_mixin.py:190} INFO - [2026-08-12T06:10:12.353+0000] {dag.py:4138} INFO - Setting next_dagrun for dataset_s3_bucket_consumer to None, run_after=None
[2026-08-12T06:10:12.356+0000] {logging_mixin.py:190} INFO - [2026-08-12T06:10:12.356+0000] {dag.py:4138} INFO - Setting next_dagrun for dataset_s3_bucket_producer to None, run_after=None
[2026-08-12T06:10:12.387+0000] {processor.py:208} INFO - Processing /home/airflow/.local/lib/python3.12/site-packages/airflow/example_dags/example_dataset_alias.py took 0.291 seconds
[2026-08-12T06:10:42.489+0000] {processor.py:186} INFO - Started process (PID=12136) to work on /home/airflow/.local/lib/python3.12/site-packages/airflow/example_dags/example_dataset_alias.py
[2026-08-12T06:10:42.492+0000] {processor.py:914} INFO - Processing file /home/airflow/.local/lib/python3.12/site-packages/airflow/example_dags/example_dataset_alias.py for tasks to queue
[2026-08-12T06:10:42.497+0000] {logging_mixin.py:190} INFO - [2026-08-12T06:10:42.497+0000] {dagbag.py:587} INFO - Filling up the DagBag from /home/airflow/.local/lib/python3.12/site-packages/airflow/example_dags/example_dataset_alias.py
[2026-08-12T06:10:42.664+0000] {processor.py:925} INFO - DAG(s) 'dataset_s3_bucket_producer', 'dataset_s3_bucket_consumer', 'dataset_alias_example_alias_producer', 'dataset_alias_example_alias_consumer' retrieved from /home/airflow/.local/lib/python3.12/site-packages/airflow/example_dags/example_dataset_alias.py
[2026-08-12T06:10:42.691+0000] {logging_mixin.py:190} INFO - [2026-08-12T06:10:42.691+0000] {dag.py:3211} INFO - Sync 4 DAGs
[2026-08-12T06:10:42.719+0000] {logging_mixin.py:190} INFO - [2026-08-12T06:10:42.719+0000] {dag.py:4138} INFO - Setting next_dagrun for dataset_alias_example_alias_consumer to None, run_after=None
[2026-08-12T06:10:42.724+0000] {logging_mixin.py:190} INFO - [2026-08-12T06:10:42.723+0000] {dag.py:4138} INFO - Setting next_dagrun for dataset_alias_example_alias_producer to None, run_after=None
[2026-08-12T06:10:42.727+0000] {logging_mixin.py:190} INFO - [2026-08-12T06:10:42.727+0000] {dag.py:4138} INFO - Setting next_dagrun for dataset_s3_bucket_consumer to None, run_after=None
[2026-08-12T06:10:42.730+0000] {logging_mixin.py:190} INFO - [2026-08-12T06:10:42.729+0000] {dag.py:4138} INFO - Setting next_dagrun for dataset_s3_bucket_producer to None, run_after=None
[2026-08-12T06:10:42.756+0000] {processor.py:208} INFO - Processing /home/airflow/.local/lib/python3.12/site-packages/airflow/example_dags/example_dataset_alias.py took 0.273 seconds
