[2026-08-12T04:31:10.851+0000] {processor.py:186} INFO - Started process (PID=104) to work on /home/airflow/.local/lib/python3.12/site-packages/airflow/example_dags/example_trigger_target_dag.py
[2026-08-12T04:31:10.853+0000] {processor.py:914} INFO - Processing file /home/airflow/.local/lib/python3.12/site-packages/airflow/example_dags/example_trigger_target_dag.py for tasks to queue
[2026-08-12T04:31:10.857+0000] {logging_mixin.py:190} INFO - [2026-08-12T04:31:10.857+0000] {dagbag.py:587} INFO - Filling up the DagBag from /home/airflow/.local/lib/python3.12/site-packages/airflow/example_dags/example_trigger_target_dag.py
[2026-08-12T04:31:10.869+0000] {processor.py:925} INFO - DAG(s) 'example_trigger_target_dag' retrieved from /home/airflow/.local/lib/python3.12/site-packages/airflow/example_dags/example_trigger_target_dag.py
[2026-08-12T04:31:10.994+0000] {logging_mixin.py:190} INFO - [2026-08-12T04:31:10.994+0000] {override.py:1858} INFO - Created Permission View: can delete on DAG:example_trigger_target_dag
[2026-08-12T04:31:11.010+0000] {logging_mixin.py:190} INFO - [2026-08-12T04:31:11.010+0000] {override.py:1858} INFO - Created Permission View: can read on DAG:example_trigger_target_dag
[2026-08-12T04:31:11.023+0000] {logging_mixin.py:190} INFO - [2026-08-12T04:31:11.022+0000] {override.py:1858} INFO - Created Permission View: can edit on DAG:example_trigger_target_dag
[2026-08-12T04:31:11.025+0000] {logging_mixin.py:190} INFO - [2026-08-12T04:31:11.025+0000] {dag.py:3211} INFO - Sync 1 DAGs
[2026-08-12T04:31:11.045+0000] {logging_mixin.py:190} INFO - [2026-08-12T04:31:11.045+0000] {dag.py:3234} INFO - Creating ORM DAG for example_trigger_target_dag
[2026-08-12T04:31:11.047+0000] {logging_mixin.py:190} INFO - [2026-08-12T04:31:11.047+0000] {dag.py:4138} INFO - Setting next_dagrun for example_trigger_target_dag to None, run_after=None
[2026-08-12T04:31:11.084+0000] {processor.py:208} INFO - Processing /home/airflow/.local/lib/python3.12/site-packages/airflow/example_dags/example_trigger_target_dag.py took 0.239 seconds
[2026-08-12T04:31:41.163+0000] {processor.py:186} INFO - Started process (PID=166) to work on /home/airflow/.local/lib/python3.12/site-packages/airflow/example_dags/example_trigger_target_dag.py
[2026-08-12T04:31:41.166+0000] {processor.py:914} INFO - Processing file /home/airflow/.local/lib/python3.12/site-packages/airflow/example_dags/example_trigger_target_dag.py for tasks to queue
[2026-08-12T04:31:41.171+0000] {logging_mixin.py:190} INFO - [2026-08-12T04:31:41.170+0000] {dagbag.py:587} INFO - Filling up the DagBag from /home/airflow/.local/lib/python3.12/site-packages/airflow/example_dags/example_trigger_target_dag.py
[2026-08-12T04:31:41.183+0000] {processor.py:925} INFO - DAG(s) 'example_trigger_target_dag' retrieved from /home/airflow/.local/lib/python3.12/site-packages/airflow/example_dags/example_trigger_target_dag.py
[2026-08-12T04:31:41.206+0000] {logging_mixin.py:190} INFO - [2026-08-12T04:31:41.206+0000] {dag.py:3211} INFO - Sync 1 DAGs
[2026-08-12T04:31:41.222+0000] {logging_mixin.py:190} INFO - [2026-08-12T04:31:41.222+0000] {dag.py:4138} INFO - Setting next_dagrun for example_trigger_target_dag to None, run_after=None
[2026-08-12T04:31:41.245+0000] {processor.py:208} INFO - Processing /home/airflow/.local/lib/python3.12/site-packages/airflow/example_dags/example_trigger_target_dag.py took 0.094 seconds
[2026-08-12T04:33:00.280+0000] {processor.py:186} INFO - Started process (PID=98) to work on /home/airflow/.local/lib/python3.12/site-packages/airflow/example_dags/example_trigger_target_dag.py
[2026-08-12T04:33:00.289+0000] {processor.py:914} INFO - Processing file /home/airflow/.local/lib/python3.12/site-packages/airflow/example_dags/example_trigger_target_dag.py for tasks to queue
[2026-08-12T04:33:00.295+0000] {logging_mixin.py:190} INFO - [2026-08-12T04:33:00.295+0000] {dagbag.py:587} INFO - Filling up the DagBag from /home/airflow/.local/lib/python3.12/site-packages/airflow/example_dags/example_trigger_target_dag.py
[2026-08-12T04:33:00.310+0000] {processor.py:925} INFO - DAG(s) 'example_trigger_target_dag' retrieved from /home/airflow/.local/lib/python3.12/site-packages/airflow/example_dags/example_trigger_target_dag.py
[2026-08-12T04:33:00.356+0000] {logging_mixin.py:190} INFO - [2026-08-12T04:33:00.355+0000] {dag.py:3211} INFO - Sync 1 DAGs
[2026-08-12T04:33:00.377+0000] {logging_mixin.py:190} INFO - [2026-08-12T04:33:00.377+0000] {dag.py:4138} INFO - Setting next_dagrun for example_trigger_target_dag to None, run_after=None
[2026-08-12T04:33:00.418+0000] {processor.py:208} INFO - Processing /home/airflow/.local/lib/python3.12/site-packages/airflow/example_dags/example_trigger_target_dag.py took 0.151 seconds
[2026-08-12T04:33:31.060+0000] {processor.py:186} INFO - Started process (PID=159) to work on /home/airflow/.local/lib/python3.12/site-packages/airflow/example_dags/example_trigger_target_dag.py
[2026-08-12T04:33:31.063+0000] {processor.py:914} INFO - Processing file /home/airflow/.local/lib/python3.12/site-packages/airflow/example_dags/example_trigger_target_dag.py for tasks to queue
[2026-08-12T04:33:31.067+0000] {logging_mixin.py:190} INFO - [2026-08-12T04:33:31.066+0000] {dagbag.py:587} INFO - Filling up the DagBag from /home/airflow/.local/lib/python3.12/site-packages/airflow/example_dags/example_trigger_target_dag.py
[2026-08-12T04:33:31.080+0000] {processor.py:925} INFO - DAG(s) 'example_trigger_target_dag' retrieved from /home/airflow/.local/lib/python3.12/site-packages/airflow/example_dags/example_trigger_target_dag.py
[2026-08-12T04:33:31.104+0000] {logging_mixin.py:190} INFO - [2026-08-12T04:33:31.103+0000] {dag.py:3211} INFO - Sync 1 DAGs
[2026-08-12T04:33:31.124+0000] {logging_mixin.py:190} INFO - [2026-08-12T04:33:31.123+0000] {dag.py:4138} INFO - Setting next_dagrun for example_trigger_target_dag to None, run_after=None
[2026-08-12T04:33:31.148+0000] {processor.py:208} INFO - Processing /home/airflow/.local/lib/python3.12/site-packages/airflow/example_dags/example_trigger_target_dag.py took 0.094 seconds
[2026-08-12T04:34:01.819+0000] {processor.py:186} INFO - Started process (PID=221) to work on /home/airflow/.local/lib/python3.12/site-packages/airflow/example_dags/example_trigger_target_dag.py
[2026-08-12T04:34:01.822+0000] {processor.py:914} INFO - Processing file /home/airflow/.local/lib/python3.12/site-packages/airflow/example_dags/example_trigger_target_dag.py for tasks to queue
[2026-08-12T04:34:01.825+0000] {logging_mixin.py:190} INFO - [2026-08-12T04:34:01.825+0000] {dagbag.py:587} INFO - Filling up the DagBag from /home/airflow/.local/lib/python3.12/site-packages/airflow/example_dags/example_trigger_target_dag.py
[2026-08-12T04:34:01.835+0000] {processor.py:925} INFO - DAG(s) 'example_trigger_target_dag' retrieved from /home/airflow/.local/lib/python3.12/site-packages/airflow/example_dags/example_trigger_target_dag.py
[2026-08-12T04:34:01.863+0000] {logging_mixin.py:190} INFO - [2026-08-12T04:34:01.863+0000] {dag.py:3211} INFO - Sync 1 DAGs
[2026-08-12T04:34:01.881+0000] {logging_mixin.py:190} INFO - [2026-08-12T04:34:01.881+0000] {dag.py:4138} INFO - Setting next_dagrun for example_trigger_target_dag to None, run_after=None
[2026-08-12T04:34:01.907+0000] {processor.py:208} INFO - Processing /home/airflow/.local/lib/python3.12/site-packages/airflow/example_dags/example_trigger_target_dag.py took 0.096 seconds
[2026-08-12T04:34:32.338+0000] {processor.py:186} INFO - Started process (PID=283) to work on /home/airflow/.local/lib/python3.12/site-packages/airflow/example_dags/example_trigger_target_dag.py
[2026-08-12T04:34:32.340+0000] {processor.py:914} INFO - Processing file /home/airflow/.local/lib/python3.12/site-packages/airflow/example_dags/example_trigger_target_dag.py for tasks to queue
[2026-08-12T04:34:32.344+0000] {logging_mixin.py:190} INFO - [2026-08-12T04:34:32.344+0000] {dagbag.py:587} INFO - Filling up the DagBag from /home/airflow/.local/lib/python3.12/site-packages/airflow/example_dags/example_trigger_target_dag.py
[2026-08-12T04:34:32.354+0000] {processor.py:925} INFO - DAG(s) 'example_trigger_target_dag' retrieved from /home/airflow/.local/lib/python3.12/site-packages/airflow/example_dags/example_trigger_target_dag.py
[2026-08-12T04:34:32.376+0000] {logging_mixin.py:190} INFO - [2026-08-12T04:34:32.376+0000] {dag.py:3211} INFO - Sync 1 DAGs
[2026-08-12T04:34:32.396+0000] {logging_mixin.py:190} INFO - [2026-08-12T04:34:32.395+0000] {dag.py:4138} INFO - Setting next_dagrun for example_trigger_target_dag to None, run_after=None
[2026-08-12T04:34:32.422+0000] {processor.py:208} INFO - Processing /home/airflow/.local/lib/python3.12/site-packages/airflow/example_dags/example_trigger_target_dag.py took 0.090 seconds
[2026-08-12T04:35:03.315+0000] {processor.py:186} INFO - Started process (PID=346) to work on /home/airflow/.local/lib/python3.12/site-packages/airflow/example_dags/example_trigger_target_dag.py
[2026-08-12T04:35:03.318+0000] {processor.py:914} INFO - Processing file /home/airflow/.local/lib/python3.12/site-packages/airflow/example_dags/example_trigger_target_dag.py for tasks to queue
[2026-08-12T04:35:03.326+0000] {logging_mixin.py:190} INFO - [2026-08-12T04:35:03.326+0000] {dagbag.py:587} INFO - Filling up the DagBag from /home/airflow/.local/lib/python3.12/site-packages/airflow/example_dags/example_trigger_target_dag.py
[2026-08-12T04:35:03.342+0000] {processor.py:925} INFO - DAG(s) 'example_trigger_target_dag' retrieved from /home/airflow/.local/lib/python3.12/site-packages/airflow/example_dags/example_trigger_target_dag.py
[2026-08-12T04:35:03.378+0000] {logging_mixin.py:190} INFO - [2026-08-12T04:35:03.377+0000] {dag.py:3211} INFO - Sync 1 DAGs
[2026-08-12T04:35:03.407+0000] {logging_mixin.py:190} INFO - [2026-08-12T04:35:03.406+0000] {dag.py:4138} INFO - Setting next_dagrun for example_trigger_target_dag to None, run_after=None
[2026-08-12T04:35:03.443+0000] {processor.py:208} INFO - Processing /home/airflow/.local/lib/python3.12/site-packages/airflow/example_dags/example_trigger_target_dag.py took 0.137 seconds
[2026-08-12T04:35:33.537+0000] {processor.py:186} INFO - Started process (PID=408) to work on /home/airflow/.local/lib/python3.12/site-packages/airflow/example_dags/example_trigger_target_dag.py
[2026-08-12T04:35:33.539+0000] {processor.py:914} INFO - Processing file /home/airflow/.local/lib/python3.12/site-packages/airflow/example_dags/example_trigger_target_dag.py for tasks to queue
[2026-08-12T04:35:33.543+0000] {logging_mixin.py:190} INFO - [2026-08-12T04:35:33.542+0000] {dagbag.py:587} INFO - Filling up the DagBag from /home/airflow/.local/lib/python3.12/site-packages/airflow/example_dags/example_trigger_target_dag.py
[2026-08-12T04:35:33.554+0000] {processor.py:925} INFO - DAG(s) 'example_trigger_target_dag' retrieved from /home/airflow/.local/lib/python3.12/site-packages/airflow/example_dags/example_trigger_target_dag.py
[2026-08-12T04:35:33.575+0000] {logging_mixin.py:190} INFO - [2026-08-12T04:35:33.575+0000] {dag.py:3211} INFO - Sync 1 DAGs
[2026-08-12T04:35:33.592+0000] {logging_mixin.py:190} INFO - [2026-08-12T04:35:33.592+0000] {dag.py:4138} INFO - Setting next_dagrun for example_trigger_target_dag to None, run_after=None
[2026-08-12T04:35:33.615+0000] {processor.py:208} INFO - Processing /home/airflow/.local/lib/python3.12/site-packages/airflow/example_dags/example_trigger_target_dag.py took 0.083 seconds
[2026-08-12T04:36:04.362+0000] {processor.py:186} INFO - Started process (PID=470) to work on /home/airflow/.local/lib/python3.12/site-packages/airflow/example_dags/example_trigger_target_dag.py
[2026-08-12T04:36:04.364+0000] {processor.py:914} INFO - Processing file /home/airflow/.local/lib/python3.12/site-packages/airflow/example_dags/example_trigger_target_dag.py for tasks to queue
[2026-08-12T04:36:04.369+0000] {logging_mixin.py:190} INFO - [2026-08-12T04:36:04.368+0000] {dagbag.py:587} INFO - Filling up the DagBag from /home/airflow/.local/lib/python3.12/site-packages/airflow/example_dags/example_trigger_target_dag.py
[2026-08-12T04:36:04.380+0000] {processor.py:925} INFO - DAG(s) 'example_trigger_target_dag' retrieved from /home/airflow/.local/lib/python3.12/site-packages/airflow/example_dags/example_trigger_target_dag.py
[2026-08-12T04:36:04.405+0000] {logging_mixin.py:190} INFO - [2026-08-12T04:36:04.405+0000] {dag.py:3211} INFO - Sync 1 DAGs
[2026-08-12T04:36:04.423+0000] {logging_mixin.py:190} INFO - [2026-08-12T04:36:04.423+0000] {dag.py:4138} INFO - Setting next_dagrun for example_trigger_target_dag to None, run_after=None
[2026-08-12T04:36:04.450+0000] {processor.py:208} INFO - Processing /home/airflow/.local/lib/python3.12/site-packages/airflow/example_dags/example_trigger_target_dag.py took 0.093 seconds
[2026-08-12T04:36:34.877+0000] {processor.py:186} INFO - Started process (PID=532) to work on /home/airflow/.local/lib/python3.12/site-packages/airflow/example_dags/example_trigger_target_dag.py
[2026-08-12T04:36:34.879+0000] {processor.py:914} INFO - Processing file /home/airflow/.local/lib/python3.12/site-packages/airflow/example_dags/example_trigger_target_dag.py for tasks to queue
[2026-08-12T04:36:34.883+0000] {logging_mixin.py:190} INFO - [2026-08-12T04:36:34.882+0000] {dagbag.py:587} INFO - Filling up the DagBag from /home/airflow/.local/lib/python3.12/site-packages/airflow/example_dags/example_trigger_target_dag.py
[2026-08-12T04:36:34.893+0000] {processor.py:925} INFO - DAG(s) 'example_trigger_target_dag' retrieved from /home/airflow/.local/lib/python3.12/site-packages/airflow/example_dags/example_trigger_target_dag.py
[2026-08-12T04:36:34.914+0000] {logging_mixin.py:190} INFO - [2026-08-12T04:36:34.914+0000] {dag.py:3211} INFO - Sync 1 DAGs
[2026-08-12T04:36:34.930+0000] {logging_mixin.py:190} INFO - [2026-08-12T04:36:34.930+0000] {dag.py:4138} INFO - Setting next_dagrun for example_trigger_target_dag to None, run_after=None
[2026-08-12T04:36:34.957+0000] {processor.py:208} INFO - Processing /home/airflow/.local/lib/python3.12/site-packages/airflow/example_dags/example_trigger_target_dag.py took 0.086 seconds
[2026-08-12T04:37:05.381+0000] {processor.py:186} INFO - Started process (PID=594) to work on /home/airflow/.local/lib/python3.12/site-packages/airflow/example_dags/example_trigger_target_dag.py
[2026-08-12T04:37:05.383+0000] {processor.py:914} INFO - Processing file /home/airflow/.local/lib/python3.12/site-packages/airflow/example_dags/example_trigger_target_dag.py for tasks to queue
[2026-08-12T04:37:05.389+0000] {logging_mixin.py:190} INFO - [2026-08-12T04:37:05.388+0000] {dagbag.py:587} INFO - Filling up the DagBag from /home/airflow/.local/lib/python3.12/site-packages/airflow/example_dags/example_trigger_target_dag.py
[2026-08-12T04:37:05.399+0000] {processor.py:925} INFO - DAG(s) 'example_trigger_target_dag' retrieved from /home/airflow/.local/lib/python3.12/site-packages/airflow/example_dags/example_trigger_target_dag.py
[2026-08-12T04:37:05.424+0000] {logging_mixin.py:190} INFO - [2026-08-12T04:37:05.423+0000] {dag.py:3211} INFO - Sync 1 DAGs
[2026-08-12T04:37:05.440+0000] {logging_mixin.py:190} INFO - [2026-08-12T04:37:05.440+0000] {dag.py:4138} INFO - Setting next_dagrun for example_trigger_target_dag to None, run_after=None
[2026-08-12T04:37:05.460+0000] {processor.py:208} INFO - Processing /home/airflow/.local/lib/python3.12/site-packages/airflow/example_dags/example_trigger_target_dag.py took 0.085 seconds
[2026-08-12T04:37:36.065+0000] {processor.py:186} INFO - Started process (PID=656) to work on /home/airflow/.local/lib/python3.12/site-packages/airflow/example_dags/example_trigger_target_dag.py
[2026-08-12T04:37:36.068+0000] {processor.py:914} INFO - Processing file /home/airflow/.local/lib/python3.12/site-packages/airflow/example_dags/example_trigger_target_dag.py for tasks to queue
[2026-08-12T04:37:36.074+0000] {logging_mixin.py:190} INFO - [2026-08-12T04:37:36.073+0000] {dagbag.py:587} INFO - Filling up the DagBag from /home/airflow/.local/lib/python3.12/site-packages/airflow/example_dags/example_trigger_target_dag.py
[2026-08-12T04:37:36.083+0000] {processor.py:925} INFO - DAG(s) 'example_trigger_target_dag' retrieved from /home/airflow/.local/lib/python3.12/site-packages/airflow/example_dags/example_trigger_target_dag.py
[2026-08-12T04:37:36.105+0000] {logging_mixin.py:190} INFO - [2026-08-12T04:37:36.105+0000] {dag.py:3211} INFO - Sync 1 DAGs
[2026-08-12T04:37:36.120+0000] {logging_mixin.py:190} INFO - [2026-08-12T04:37:36.120+0000] {dag.py:4138} INFO - Setting next_dagrun for example_trigger_target_dag to None, run_after=None
[2026-08-12T04:37:36.141+0000] {processor.py:208} INFO - Processing /home/airflow/.local/lib/python3.12/site-packages/airflow/example_dags/example_trigger_target_dag.py took 0.081 seconds
[2026-08-12T04:38:06.344+0000] {processor.py:186} INFO - Started process (PID=717) to work on /home/airflow/.local/lib/python3.12/site-packages/airflow/example_dags/example_trigger_target_dag.py
[2026-08-12T04:38:06.348+0000] {processor.py:914} INFO - Processing file /home/airflow/.local/lib/python3.12/site-packages/airflow/example_dags/example_trigger_target_dag.py for tasks to queue
[2026-08-12T04:38:06.353+0000] {logging_mixin.py:190} INFO - [2026-08-12T04:38:06.353+0000] {dagbag.py:587} INFO - Filling up the DagBag from /home/airflow/.local/lib/python3.12/site-packages/airflow/example_dags/example_trigger_target_dag.py
[2026-08-12T04:38:06.365+0000] {processor.py:925} INFO - DAG(s) 'example_trigger_target_dag' retrieved from /home/airflow/.local/lib/python3.12/site-packages/airflow/example_dags/example_trigger_target_dag.py
[2026-08-12T04:38:06.389+0000] {logging_mixin.py:190} INFO - [2026-08-12T04:38:06.388+0000] {dag.py:3211} INFO - Sync 1 DAGs
[2026-08-12T04:38:06.404+0000] {logging_mixin.py:190} INFO - [2026-08-12T04:38:06.404+0000] {dag.py:4138} INFO - Setting next_dagrun for example_trigger_target_dag to None, run_after=None
[2026-08-12T04:38:06.434+0000] {processor.py:208} INFO - Processing /home/airflow/.local/lib/python3.12/site-packages/airflow/example_dags/example_trigger_target_dag.py took 0.099 seconds
[2026-08-12T04:38:36.710+0000] {processor.py:186} INFO - Started process (PID=779) to work on /home/airflow/.local/lib/python3.12/site-packages/airflow/example_dags/example_trigger_target_dag.py
[2026-08-12T04:38:36.714+0000] {processor.py:914} INFO - Processing file /home/airflow/.local/lib/python3.12/site-packages/airflow/example_dags/example_trigger_target_dag.py for tasks to queue
[2026-08-12T04:38:36.721+0000] {logging_mixin.py:190} INFO - [2026-08-12T04:38:36.721+0000] {dagbag.py:587} INFO - Filling up the DagBag from /home/airflow/.local/lib/python3.12/site-packages/airflow/example_dags/example_trigger_target_dag.py
[2026-08-12T04:38:36.733+0000] {processor.py:925} INFO - DAG(s) 'example_trigger_target_dag' retrieved from /home/airflow/.local/lib/python3.12/site-packages/airflow/example_dags/example_trigger_target_dag.py
[2026-08-12T04:38:36.758+0000] {logging_mixin.py:190} INFO - [2026-08-12T04:38:36.758+0000] {dag.py:3211} INFO - Sync 1 DAGs
[2026-08-12T04:38:36.773+0000] {logging_mixin.py:190} INFO - [2026-08-12T04:38:36.773+0000] {dag.py:4138} INFO - Setting next_dagrun for example_trigger_target_dag to None, run_after=None
[2026-08-12T04:38:36.798+0000] {processor.py:208} INFO - Processing /home/airflow/.local/lib/python3.12/site-packages/airflow/example_dags/example_trigger_target_dag.py took 0.094 seconds
[2026-08-12T04:39:07.244+0000] {processor.py:186} INFO - Started process (PID=841) to work on /home/airflow/.local/lib/python3.12/site-packages/airflow/example_dags/example_trigger_target_dag.py
[2026-08-12T04:39:07.248+0000] {processor.py:914} INFO - Processing file /home/airflow/.local/lib/python3.12/site-packages/airflow/example_dags/example_trigger_target_dag.py for tasks to queue
[2026-08-12T04:39:07.253+0000] {logging_mixin.py:190} INFO - [2026-08-12T04:39:07.252+0000] {dagbag.py:587} INFO - Filling up the DagBag from /home/airflow/.local/lib/python3.12/site-packages/airflow/example_dags/example_trigger_target_dag.py
[2026-08-12T04:39:07.265+0000] {processor.py:925} INFO - DAG(s) 'example_trigger_target_dag' retrieved from /home/airflow/.local/lib/python3.12/site-packages/airflow/example_dags/example_trigger_target_dag.py
[2026-08-12T04:39:07.294+0000] {logging_mixin.py:190} INFO - [2026-08-12T04:39:07.294+0000] {dag.py:3211} INFO - Sync 1 DAGs
[2026-08-12T04:39:07.311+0000] {logging_mixin.py:190} INFO - [2026-08-12T04:39:07.311+0000] {dag.py:4138} INFO - Setting next_dagrun for example_trigger_target_dag to None, run_after=None
[2026-08-12T04:39:07.332+0000] {processor.py:208} INFO - Processing /home/airflow/.local/lib/python3.12/site-packages/airflow/example_dags/example_trigger_target_dag.py took 0.098 seconds
[2026-08-12T04:39:38.520+0000] {processor.py:186} INFO - Started process (PID=904) to work on /home/airflow/.local/lib/python3.12/site-packages/airflow/example_dags/example_trigger_target_dag.py
[2026-08-12T04:39:38.521+0000] {processor.py:914} INFO - Processing file /home/airflow/.local/lib/python3.12/site-packages/airflow/example_dags/example_trigger_target_dag.py for tasks to queue
[2026-08-12T04:39:38.525+0000] {logging_mixin.py:190} INFO - [2026-08-12T04:39:38.524+0000] {dagbag.py:587} INFO - Filling up the DagBag from /home/airflow/.local/lib/python3.12/site-packages/airflow/example_dags/example_trigger_target_dag.py
[2026-08-12T04:39:38.533+0000] {processor.py:925} INFO - DAG(s) 'example_trigger_target_dag' retrieved from /home/airflow/.local/lib/python3.12/site-packages/airflow/example_dags/example_trigger_target_dag.py
[2026-08-12T04:39:38.557+0000] {logging_mixin.py:190} INFO - [2026-08-12T04:39:38.557+0000] {dag.py:3211} INFO - Sync 1 DAGs
[2026-08-12T04:39:38.572+0000] {logging_mixin.py:190} INFO - [2026-08-12T04:39:38.571+0000] {dag.py:4138} INFO - Setting next_dagrun for example_trigger_target_dag to None, run_after=None
[2026-08-12T04:39:38.598+0000] {processor.py:208} INFO - Processing /home/airflow/.local/lib/python3.12/site-packages/airflow/example_dags/example_trigger_target_dag.py took 0.084 seconds
[2026-08-12T04:40:09.109+0000] {processor.py:186} INFO - Started process (PID=966) to work on /home/airflow/.local/lib/python3.12/site-packages/airflow/example_dags/example_trigger_target_dag.py
[2026-08-12T04:40:09.111+0000] {processor.py:914} INFO - Processing file /home/airflow/.local/lib/python3.12/site-packages/airflow/example_dags/example_trigger_target_dag.py for tasks to queue
[2026-08-12T04:40:09.115+0000] {logging_mixin.py:190} INFO - [2026-08-12T04:40:09.114+0000] {dagbag.py:587} INFO - Filling up the DagBag from /home/airflow/.local/lib/python3.12/site-packages/airflow/example_dags/example_trigger_target_dag.py
[2026-08-12T04:40:09.124+0000] {processor.py:925} INFO - DAG(s) 'example_trigger_target_dag' retrieved from /home/airflow/.local/lib/python3.12/site-packages/airflow/example_dags/example_trigger_target_dag.py
[2026-08-12T04:40:09.144+0000] {logging_mixin.py:190} INFO - [2026-08-12T04:40:09.144+0000] {dag.py:3211} INFO - Sync 1 DAGs
[2026-08-12T04:40:09.160+0000] {logging_mixin.py:190} INFO - [2026-08-12T04:40:09.160+0000] {dag.py:4138} INFO - Setting next_dagrun for example_trigger_target_dag to None, run_after=None
[2026-08-12T04:40:09.186+0000] {processor.py:208} INFO - Processing /home/airflow/.local/lib/python3.12/site-packages/airflow/example_dags/example_trigger_target_dag.py took 0.083 seconds
[2026-08-12T04:40:39.528+0000] {processor.py:186} INFO - Started process (PID=1028) to work on /home/airflow/.local/lib/python3.12/site-packages/airflow/example_dags/example_trigger_target_dag.py
[2026-08-12T04:40:39.530+0000] {processor.py:914} INFO - Processing file /home/airflow/.local/lib/python3.12/site-packages/airflow/example_dags/example_trigger_target_dag.py for tasks to queue
[2026-08-12T04:40:39.533+0000] {logging_mixin.py:190} INFO - [2026-08-12T04:40:39.533+0000] {dagbag.py:587} INFO - Filling up the DagBag from /home/airflow/.local/lib/python3.12/site-packages/airflow/example_dags/example_trigger_target_dag.py
[2026-08-12T04:40:39.543+0000] {processor.py:925} INFO - DAG(s) 'example_trigger_target_dag' retrieved from /home/airflow/.local/lib/python3.12/site-packages/airflow/example_dags/example_trigger_target_dag.py
[2026-08-12T04:40:39.565+0000] {logging_mixin.py:190} INFO - [2026-08-12T04:40:39.564+0000] {dag.py:3211} INFO - Sync 1 DAGs
[2026-08-12T04:40:39.581+0000] {logging_mixin.py:190} INFO - [2026-08-12T04:40:39.581+0000] {dag.py:4138} INFO - Setting next_dagrun for example_trigger_target_dag to None, run_after=None
[2026-08-12T04:40:39.601+0000] {processor.py:208} INFO - Processing /home/airflow/.local/lib/python3.12/site-packages/airflow/example_dags/example_trigger_target_dag.py took 0.079 seconds
[2026-08-12T04:41:10.823+0000] {processor.py:186} INFO - Started process (PID=1090) to work on /home/airflow/.local/lib/python3.12/site-packages/airflow/example_dags/example_trigger_target_dag.py
[2026-08-12T04:41:10.826+0000] {processor.py:914} INFO - Processing file /home/airflow/.local/lib/python3.12/site-packages/airflow/example_dags/example_trigger_target_dag.py for tasks to queue
[2026-08-12T04:41:10.832+0000] {logging_mixin.py:190} INFO - [2026-08-12T04:41:10.831+0000] {dagbag.py:587} INFO - Filling up the DagBag from /home/airflow/.local/lib/python3.12/site-packages/airflow/example_dags/example_trigger_target_dag.py
[2026-08-12T04:41:10.841+0000] {processor.py:925} INFO - DAG(s) 'example_trigger_target_dag' retrieved from /home/airflow/.local/lib/python3.12/site-packages/airflow/example_dags/example_trigger_target_dag.py
[2026-08-12T04:41:10.861+0000] {logging_mixin.py:190} INFO - [2026-08-12T04:41:10.861+0000] {dag.py:3211} INFO - Sync 1 DAGs
[2026-08-12T04:41:10.877+0000] {logging_mixin.py:190} INFO - [2026-08-12T04:41:10.877+0000] {dag.py:4138} INFO - Setting next_dagrun for example_trigger_target_dag to None, run_after=None
[2026-08-12T04:41:10.902+0000] {processor.py:208} INFO - Processing /home/airflow/.local/lib/python3.12/site-packages/airflow/example_dags/example_trigger_target_dag.py took 0.085 seconds
[2026-08-12T04:41:41.357+0000] {processor.py:186} INFO - Started process (PID=1152) to work on /home/airflow/.local/lib/python3.12/site-packages/airflow/example_dags/example_trigger_target_dag.py
[2026-08-12T04:41:41.360+0000] {processor.py:914} INFO - Processing file /home/airflow/.local/lib/python3.12/site-packages/airflow/example_dags/example_trigger_target_dag.py for tasks to queue
[2026-08-12T04:41:41.364+0000] {logging_mixin.py:190} INFO - [2026-08-12T04:41:41.363+0000] {dagbag.py:587} INFO - Filling up the DagBag from /home/airflow/.local/lib/python3.12/site-packages/airflow/example_dags/example_trigger_target_dag.py
[2026-08-12T04:41:41.374+0000] {processor.py:925} INFO - DAG(s) 'example_trigger_target_dag' retrieved from /home/airflow/.local/lib/python3.12/site-packages/airflow/example_dags/example_trigger_target_dag.py
[2026-08-12T04:41:41.397+0000] {logging_mixin.py:190} INFO - [2026-08-12T04:41:41.397+0000] {dag.py:3211} INFO - Sync 1 DAGs
[2026-08-12T04:41:41.418+0000] {logging_mixin.py:190} INFO - [2026-08-12T04:41:41.417+0000] {dag.py:4138} INFO - Setting next_dagrun for example_trigger_target_dag to None, run_after=None
[2026-08-12T04:41:41.442+0000] {processor.py:208} INFO - Processing /home/airflow/.local/lib/python3.12/site-packages/airflow/example_dags/example_trigger_target_dag.py took 0.091 seconds
[2026-08-12T04:42:11.862+0000] {processor.py:186} INFO - Started process (PID=1214) to work on /home/airflow/.local/lib/python3.12/site-packages/airflow/example_dags/example_trigger_target_dag.py
[2026-08-12T04:42:11.866+0000] {processor.py:914} INFO - Processing file /home/airflow/.local/lib/python3.12/site-packages/airflow/example_dags/example_trigger_target_dag.py for tasks to queue
[2026-08-12T04:42:11.870+0000] {logging_mixin.py:190} INFO - [2026-08-12T04:42:11.869+0000] {dagbag.py:587} INFO - Filling up the DagBag from /home/airflow/.local/lib/python3.12/site-packages/airflow/example_dags/example_trigger_target_dag.py
[2026-08-12T04:42:11.887+0000] {processor.py:925} INFO - DAG(s) 'example_trigger_target_dag' retrieved from /home/airflow/.local/lib/python3.12/site-packages/airflow/example_dags/example_trigger_target_dag.py
[2026-08-12T04:42:11.920+0000] {logging_mixin.py:190} INFO - [2026-08-12T04:42:11.919+0000] {dag.py:3211} INFO - Sync 1 DAGs
[2026-08-12T04:42:11.948+0000] {logging_mixin.py:190} INFO - [2026-08-12T04:42:11.947+0000] {dag.py:4138} INFO - Setting next_dagrun for example_trigger_target_dag to None, run_after=None
[2026-08-12T04:42:11.985+0000] {processor.py:208} INFO - Processing /home/airflow/.local/lib/python3.12/site-packages/airflow/example_dags/example_trigger_target_dag.py took 0.131 seconds
[2026-08-12T04:42:42.356+0000] {processor.py:186} INFO - Started process (PID=1276) to work on /home/airflow/.local/lib/python3.12/site-packages/airflow/example_dags/example_trigger_target_dag.py
[2026-08-12T04:42:42.359+0000] {processor.py:914} INFO - Processing file /home/airflow/.local/lib/python3.12/site-packages/airflow/example_dags/example_trigger_target_dag.py for tasks to queue
[2026-08-12T04:42:42.363+0000] {logging_mixin.py:190} INFO - [2026-08-12T04:42:42.362+0000] {dagbag.py:587} INFO - Filling up the DagBag from /home/airflow/.local/lib/python3.12/site-packages/airflow/example_dags/example_trigger_target_dag.py
[2026-08-12T04:42:42.372+0000] {processor.py:925} INFO - DAG(s) 'example_trigger_target_dag' retrieved from /home/airflow/.local/lib/python3.12/site-packages/airflow/example_dags/example_trigger_target_dag.py
[2026-08-12T04:42:42.397+0000] {logging_mixin.py:190} INFO - [2026-08-12T04:42:42.397+0000] {dag.py:3211} INFO - Sync 1 DAGs
[2026-08-12T04:42:42.415+0000] {logging_mixin.py:190} INFO - [2026-08-12T04:42:42.414+0000] {dag.py:4138} INFO - Setting next_dagrun for example_trigger_target_dag to None, run_after=None
[2026-08-12T04:42:42.437+0000] {processor.py:208} INFO - Processing /home/airflow/.local/lib/python3.12/site-packages/airflow/example_dags/example_trigger_target_dag.py took 0.087 seconds
[2026-08-12T04:43:13.339+0000] {processor.py:186} INFO - Started process (PID=1338) to work on /home/airflow/.local/lib/python3.12/site-packages/airflow/example_dags/example_trigger_target_dag.py
[2026-08-12T04:43:13.341+0000] {processor.py:914} INFO - Processing file /home/airflow/.local/lib/python3.12/site-packages/airflow/example_dags/example_trigger_target_dag.py for tasks to queue
[2026-08-12T04:43:13.345+0000] {logging_mixin.py:190} INFO - [2026-08-12T04:43:13.345+0000] {dagbag.py:587} INFO - Filling up the DagBag from /home/airflow/.local/lib/python3.12/site-packages/airflow/example_dags/example_trigger_target_dag.py
[2026-08-12T04:43:13.355+0000] {processor.py:925} INFO - DAG(s) 'example_trigger_target_dag' retrieved from /home/airflow/.local/lib/python3.12/site-packages/airflow/example_dags/example_trigger_target_dag.py
[2026-08-12T04:43:13.375+0000] {logging_mixin.py:190} INFO - [2026-08-12T04:43:13.375+0000] {dag.py:3211} INFO - Sync 1 DAGs
[2026-08-12T04:43:13.391+0000] {logging_mixin.py:190} INFO - [2026-08-12T04:43:13.391+0000] {dag.py:4138} INFO - Setting next_dagrun for example_trigger_target_dag to None, run_after=None
[2026-08-12T04:43:13.412+0000] {processor.py:208} INFO - Processing /home/airflow/.local/lib/python3.12/site-packages/airflow/example_dags/example_trigger_target_dag.py took 0.079 seconds
[2026-08-12T04:43:43.767+0000] {processor.py:186} INFO - Started process (PID=1400) to work on /home/airflow/.local/lib/python3.12/site-packages/airflow/example_dags/example_trigger_target_dag.py
[2026-08-12T04:43:43.770+0000] {processor.py:914} INFO - Processing file /home/airflow/.local/lib/python3.12/site-packages/airflow/example_dags/example_trigger_target_dag.py for tasks to queue
[2026-08-12T04:43:43.775+0000] {logging_mixin.py:190} INFO - [2026-08-12T04:43:43.774+0000] {dagbag.py:587} INFO - Filling up the DagBag from /home/airflow/.local/lib/python3.12/site-packages/airflow/example_dags/example_trigger_target_dag.py
[2026-08-12T04:43:43.786+0000] {processor.py:925} INFO - DAG(s) 'example_trigger_target_dag' retrieved from /home/airflow/.local/lib/python3.12/site-packages/airflow/example_dags/example_trigger_target_dag.py
[2026-08-12T04:43:43.807+0000] {logging_mixin.py:190} INFO - [2026-08-12T04:43:43.807+0000] {dag.py:3211} INFO - Sync 1 DAGs
[2026-08-12T04:43:43.824+0000] {logging_mixin.py:190} INFO - [2026-08-12T04:43:43.824+0000] {dag.py:4138} INFO - Setting next_dagrun for example_trigger_target_dag to None, run_after=None
[2026-08-12T04:43:43.850+0000] {processor.py:208} INFO - Processing /home/airflow/.local/lib/python3.12/site-packages/airflow/example_dags/example_trigger_target_dag.py took 0.089 seconds
[2026-08-12T04:44:14.278+0000] {processor.py:186} INFO - Started process (PID=1462) to work on /home/airflow/.local/lib/python3.12/site-packages/airflow/example_dags/example_trigger_target_dag.py
[2026-08-12T04:44:14.282+0000] {processor.py:914} INFO - Processing file /home/airflow/.local/lib/python3.12/site-packages/airflow/example_dags/example_trigger_target_dag.py for tasks to queue
[2026-08-12T04:44:14.288+0000] {logging_mixin.py:190} INFO - [2026-08-12T04:44:14.287+0000] {dagbag.py:587} INFO - Filling up the DagBag from /home/airflow/.local/lib/python3.12/site-packages/airflow/example_dags/example_trigger_target_dag.py
[2026-08-12T04:44:14.299+0000] {processor.py:925} INFO - DAG(s) 'example_trigger_target_dag' retrieved from /home/airflow/.local/lib/python3.12/site-packages/airflow/example_dags/example_trigger_target_dag.py
[2026-08-12T04:44:14.328+0000] {logging_mixin.py:190} INFO - [2026-08-12T04:44:14.328+0000] {dag.py:3211} INFO - Sync 1 DAGs
[2026-08-12T04:44:14.351+0000] {logging_mixin.py:190} INFO - [2026-08-12T04:44:14.350+0000] {dag.py:4138} INFO - Setting next_dagrun for example_trigger_target_dag to None, run_after=None
[2026-08-12T04:44:14.383+0000] {processor.py:208} INFO - Processing /home/airflow/.local/lib/python3.12/site-packages/airflow/example_dags/example_trigger_target_dag.py took 0.112 seconds
[2026-08-12T04:44:44.664+0000] {processor.py:186} INFO - Started process (PID=1524) to work on /home/airflow/.local/lib/python3.12/site-packages/airflow/example_dags/example_trigger_target_dag.py
[2026-08-12T04:44:44.666+0000] {processor.py:914} INFO - Processing file /home/airflow/.local/lib/python3.12/site-packages/airflow/example_dags/example_trigger_target_dag.py for tasks to queue
[2026-08-12T04:44:44.670+0000] {logging_mixin.py:190} INFO - [2026-08-12T04:44:44.670+0000] {dagbag.py:587} INFO - Filling up the DagBag from /home/airflow/.local/lib/python3.12/site-packages/airflow/example_dags/example_trigger_target_dag.py
[2026-08-12T04:44:44.681+0000] {processor.py:925} INFO - DAG(s) 'example_trigger_target_dag' retrieved from /home/airflow/.local/lib/python3.12/site-packages/airflow/example_dags/example_trigger_target_dag.py
[2026-08-12T04:44:44.707+0000] {logging_mixin.py:190} INFO - [2026-08-12T04:44:44.706+0000] {dag.py:3211} INFO - Sync 1 DAGs
[2026-08-12T04:44:44.726+0000] {logging_mixin.py:190} INFO - [2026-08-12T04:44:44.726+0000] {dag.py:4138} INFO - Setting next_dagrun for example_trigger_target_dag to None, run_after=None
[2026-08-12T04:44:44.750+0000] {processor.py:208} INFO - Processing /home/airflow/.local/lib/python3.12/site-packages/airflow/example_dags/example_trigger_target_dag.py took 0.094 seconds
[2026-08-12T04:45:15.150+0000] {processor.py:186} INFO - Started process (PID=1586) to work on /home/airflow/.local/lib/python3.12/site-packages/airflow/example_dags/example_trigger_target_dag.py
[2026-08-12T04:45:15.152+0000] {processor.py:914} INFO - Processing file /home/airflow/.local/lib/python3.12/site-packages/airflow/example_dags/example_trigger_target_dag.py for tasks to queue
[2026-08-12T04:45:15.156+0000] {logging_mixin.py:190} INFO - [2026-08-12T04:45:15.156+0000] {dagbag.py:587} INFO - Filling up the DagBag from /home/airflow/.local/lib/python3.12/site-packages/airflow/example_dags/example_trigger_target_dag.py
[2026-08-12T04:45:15.166+0000] {processor.py:925} INFO - DAG(s) 'example_trigger_target_dag' retrieved from /home/airflow/.local/lib/python3.12/site-packages/airflow/example_dags/example_trigger_target_dag.py
[2026-08-12T04:45:15.187+0000] {logging_mixin.py:190} INFO - [2026-08-12T04:45:15.187+0000] {dag.py:3211} INFO - Sync 1 DAGs
[2026-08-12T04:45:15.204+0000] {logging_mixin.py:190} INFO - [2026-08-12T04:45:15.204+0000] {dag.py:4138} INFO - Setting next_dagrun for example_trigger_target_dag to None, run_after=None
[2026-08-12T04:45:15.227+0000] {processor.py:208} INFO - Processing /home/airflow/.local/lib/python3.12/site-packages/airflow/example_dags/example_trigger_target_dag.py took 0.083 seconds
[2026-08-12T04:45:45.717+0000] {processor.py:186} INFO - Started process (PID=1648) to work on /home/airflow/.local/lib/python3.12/site-packages/airflow/example_dags/example_trigger_target_dag.py
[2026-08-12T04:45:45.719+0000] {processor.py:914} INFO - Processing file /home/airflow/.local/lib/python3.12/site-packages/airflow/example_dags/example_trigger_target_dag.py for tasks to queue
[2026-08-12T04:45:45.724+0000] {logging_mixin.py:190} INFO - [2026-08-12T04:45:45.723+0000] {dagbag.py:587} INFO - Filling up the DagBag from /home/airflow/.local/lib/python3.12/site-packages/airflow/example_dags/example_trigger_target_dag.py
[2026-08-12T04:45:45.732+0000] {processor.py:925} INFO - DAG(s) 'example_trigger_target_dag' retrieved from /home/airflow/.local/lib/python3.12/site-packages/airflow/example_dags/example_trigger_target_dag.py
[2026-08-12T04:45:45.756+0000] {logging_mixin.py:190} INFO - [2026-08-12T04:45:45.756+0000] {dag.py:3211} INFO - Sync 1 DAGs
[2026-08-12T04:45:45.772+0000] {logging_mixin.py:190} INFO - [2026-08-12T04:45:45.772+0000] {dag.py:4138} INFO - Setting next_dagrun for example_trigger_target_dag to None, run_after=None
[2026-08-12T04:45:45.795+0000] {processor.py:208} INFO - Processing /home/airflow/.local/lib/python3.12/site-packages/airflow/example_dags/example_trigger_target_dag.py took 0.083 seconds
[2026-08-12T04:46:15.880+0000] {processor.py:186} INFO - Started process (PID=1709) to work on /home/airflow/.local/lib/python3.12/site-packages/airflow/example_dags/example_trigger_target_dag.py
[2026-08-12T04:46:15.883+0000] {processor.py:914} INFO - Processing file /home/airflow/.local/lib/python3.12/site-packages/airflow/example_dags/example_trigger_target_dag.py for tasks to queue
[2026-08-12T04:46:15.887+0000] {logging_mixin.py:190} INFO - [2026-08-12T04:46:15.887+0000] {dagbag.py:587} INFO - Filling up the DagBag from /home/airflow/.local/lib/python3.12/site-packages/airflow/example_dags/example_trigger_target_dag.py
[2026-08-12T04:46:15.899+0000] {processor.py:925} INFO - DAG(s) 'example_trigger_target_dag' retrieved from /home/airflow/.local/lib/python3.12/site-packages/airflow/example_dags/example_trigger_target_dag.py
[2026-08-12T04:46:15.923+0000] {logging_mixin.py:190} INFO - [2026-08-12T04:46:15.923+0000] {dag.py:3211} INFO - Sync 1 DAGs
[2026-08-12T04:46:15.945+0000] {logging_mixin.py:190} INFO - [2026-08-12T04:46:15.945+0000] {dag.py:4138} INFO - Setting next_dagrun for example_trigger_target_dag to None, run_after=None
[2026-08-12T04:46:15.969+0000] {processor.py:208} INFO - Processing /home/airflow/.local/lib/python3.12/site-packages/airflow/example_dags/example_trigger_target_dag.py took 0.096 seconds
[2026-08-12T04:46:46.774+0000] {processor.py:186} INFO - Started process (PID=1772) to work on /home/airflow/.local/lib/python3.12/site-packages/airflow/example_dags/example_trigger_target_dag.py
[2026-08-12T04:46:46.777+0000] {processor.py:914} INFO - Processing file /home/airflow/.local/lib/python3.12/site-packages/airflow/example_dags/example_trigger_target_dag.py for tasks to queue
[2026-08-12T04:46:46.781+0000] {logging_mixin.py:190} INFO - [2026-08-12T04:46:46.780+0000] {dagbag.py:587} INFO - Filling up the DagBag from /home/airflow/.local/lib/python3.12/site-packages/airflow/example_dags/example_trigger_target_dag.py
[2026-08-12T04:46:46.790+0000] {processor.py:925} INFO - DAG(s) 'example_trigger_target_dag' retrieved from /home/airflow/.local/lib/python3.12/site-packages/airflow/example_dags/example_trigger_target_dag.py
[2026-08-12T04:46:46.814+0000] {logging_mixin.py:190} INFO - [2026-08-12T04:46:46.814+0000] {dag.py:3211} INFO - Sync 1 DAGs
[2026-08-12T04:46:46.833+0000] {logging_mixin.py:190} INFO - [2026-08-12T04:46:46.833+0000] {dag.py:4138} INFO - Setting next_dagrun for example_trigger_target_dag to None, run_after=None
[2026-08-12T04:46:46.856+0000] {processor.py:208} INFO - Processing /home/airflow/.local/lib/python3.12/site-packages/airflow/example_dags/example_trigger_target_dag.py took 0.088 seconds
[2026-08-12T04:47:17.458+0000] {processor.py:186} INFO - Started process (PID=1835) to work on /home/airflow/.local/lib/python3.12/site-packages/airflow/example_dags/example_trigger_target_dag.py
[2026-08-12T04:47:17.461+0000] {processor.py:914} INFO - Processing file /home/airflow/.local/lib/python3.12/site-packages/airflow/example_dags/example_trigger_target_dag.py for tasks to queue
[2026-08-12T04:47:17.466+0000] {logging_mixin.py:190} INFO - [2026-08-12T04:47:17.465+0000] {dagbag.py:587} INFO - Filling up the DagBag from /home/airflow/.local/lib/python3.12/site-packages/airflow/example_dags/example_trigger_target_dag.py
[2026-08-12T04:47:17.477+0000] {processor.py:925} INFO - DAG(s) 'example_trigger_target_dag' retrieved from /home/airflow/.local/lib/python3.12/site-packages/airflow/example_dags/example_trigger_target_dag.py
[2026-08-12T04:47:17.502+0000] {logging_mixin.py:190} INFO - [2026-08-12T04:47:17.502+0000] {dag.py:3211} INFO - Sync 1 DAGs
[2026-08-12T04:47:17.526+0000] {logging_mixin.py:190} INFO - [2026-08-12T04:47:17.526+0000] {dag.py:4138} INFO - Setting next_dagrun for example_trigger_target_dag to None, run_after=None
[2026-08-12T04:47:17.550+0000] {processor.py:208} INFO - Processing /home/airflow/.local/lib/python3.12/site-packages/airflow/example_dags/example_trigger_target_dag.py took 0.102 seconds
[2026-08-12T04:47:48.032+0000] {processor.py:186} INFO - Started process (PID=1897) to work on /home/airflow/.local/lib/python3.12/site-packages/airflow/example_dags/example_trigger_target_dag.py
[2026-08-12T04:47:48.035+0000] {processor.py:914} INFO - Processing file /home/airflow/.local/lib/python3.12/site-packages/airflow/example_dags/example_trigger_target_dag.py for tasks to queue
[2026-08-12T04:47:48.040+0000] {logging_mixin.py:190} INFO - [2026-08-12T04:47:48.039+0000] {dagbag.py:587} INFO - Filling up the DagBag from /home/airflow/.local/lib/python3.12/site-packages/airflow/example_dags/example_trigger_target_dag.py
[2026-08-12T04:47:48.050+0000] {processor.py:925} INFO - DAG(s) 'example_trigger_target_dag' retrieved from /home/airflow/.local/lib/python3.12/site-packages/airflow/example_dags/example_trigger_target_dag.py
[2026-08-12T04:47:48.071+0000] {logging_mixin.py:190} INFO - [2026-08-12T04:47:48.071+0000] {dag.py:3211} INFO - Sync 1 DAGs
[2026-08-12T04:47:48.089+0000] {logging_mixin.py:190} INFO - [2026-08-12T04:47:48.089+0000] {dag.py:4138} INFO - Setting next_dagrun for example_trigger_target_dag to None, run_after=None
[2026-08-12T04:47:48.109+0000] {processor.py:208} INFO - Processing /home/airflow/.local/lib/python3.12/site-packages/airflow/example_dags/example_trigger_target_dag.py took 0.082 seconds
[2026-08-12T04:48:18.547+0000] {processor.py:186} INFO - Started process (PID=1959) to work on /home/airflow/.local/lib/python3.12/site-packages/airflow/example_dags/example_trigger_target_dag.py
[2026-08-12T04:48:18.550+0000] {processor.py:914} INFO - Processing file /home/airflow/.local/lib/python3.12/site-packages/airflow/example_dags/example_trigger_target_dag.py for tasks to queue
[2026-08-12T04:48:18.554+0000] {logging_mixin.py:190} INFO - [2026-08-12T04:48:18.553+0000] {dagbag.py:587} INFO - Filling up the DagBag from /home/airflow/.local/lib/python3.12/site-packages/airflow/example_dags/example_trigger_target_dag.py
[2026-08-12T04:48:18.564+0000] {processor.py:925} INFO - DAG(s) 'example_trigger_target_dag' retrieved from /home/airflow/.local/lib/python3.12/site-packages/airflow/example_dags/example_trigger_target_dag.py
[2026-08-12T04:48:18.584+0000] {logging_mixin.py:190} INFO - [2026-08-12T04:48:18.584+0000] {dag.py:3211} INFO - Sync 1 DAGs
[2026-08-12T04:48:18.601+0000] {logging_mixin.py:190} INFO - [2026-08-12T04:48:18.600+0000] {dag.py:4138} INFO - Setting next_dagrun for example_trigger_target_dag to None, run_after=None
[2026-08-12T04:48:18.622+0000] {processor.py:208} INFO - Processing /home/airflow/.local/lib/python3.12/site-packages/airflow/example_dags/example_trigger_target_dag.py took 0.082 seconds
[2026-08-12T04:48:48.974+0000] {processor.py:186} INFO - Started process (PID=2021) to work on /home/airflow/.local/lib/python3.12/site-packages/airflow/example_dags/example_trigger_target_dag.py
[2026-08-12T04:48:48.976+0000] {processor.py:914} INFO - Processing file /home/airflow/.local/lib/python3.12/site-packages/airflow/example_dags/example_trigger_target_dag.py for tasks to queue
[2026-08-12T04:48:48.981+0000] {logging_mixin.py:190} INFO - [2026-08-12T04:48:48.981+0000] {dagbag.py:587} INFO - Filling up the DagBag from /home/airflow/.local/lib/python3.12/site-packages/airflow/example_dags/example_trigger_target_dag.py
[2026-08-12T04:48:48.993+0000] {processor.py:925} INFO - DAG(s) 'example_trigger_target_dag' retrieved from /home/airflow/.local/lib/python3.12/site-packages/airflow/example_dags/example_trigger_target_dag.py
[2026-08-12T04:48:49.016+0000] {logging_mixin.py:190} INFO - [2026-08-12T04:48:49.016+0000] {dag.py:3211} INFO - Sync 1 DAGs
[2026-08-12T04:48:49.033+0000] {logging_mixin.py:190} INFO - [2026-08-12T04:48:49.032+0000] {dag.py:4138} INFO - Setting next_dagrun for example_trigger_target_dag to None, run_after=None
[2026-08-12T04:48:49.060+0000] {processor.py:208} INFO - Processing /home/airflow/.local/lib/python3.12/site-packages/airflow/example_dags/example_trigger_target_dag.py took 0.093 seconds
[2026-08-12T04:49:19.576+0000] {processor.py:186} INFO - Started process (PID=2083) to work on /home/airflow/.local/lib/python3.12/site-packages/airflow/example_dags/example_trigger_target_dag.py
[2026-08-12T04:49:19.578+0000] {processor.py:914} INFO - Processing file /home/airflow/.local/lib/python3.12/site-packages/airflow/example_dags/example_trigger_target_dag.py for tasks to queue
[2026-08-12T04:49:19.582+0000] {logging_mixin.py:190} INFO - [2026-08-12T04:49:19.581+0000] {dagbag.py:587} INFO - Filling up the DagBag from /home/airflow/.local/lib/python3.12/site-packages/airflow/example_dags/example_trigger_target_dag.py
[2026-08-12T04:49:19.592+0000] {processor.py:925} INFO - DAG(s) 'example_trigger_target_dag' retrieved from /home/airflow/.local/lib/python3.12/site-packages/airflow/example_dags/example_trigger_target_dag.py
[2026-08-12T04:49:19.615+0000] {logging_mixin.py:190} INFO - [2026-08-12T04:49:19.615+0000] {dag.py:3211} INFO - Sync 1 DAGs
[2026-08-12T04:49:19.630+0000] {logging_mixin.py:190} INFO - [2026-08-12T04:49:19.630+0000] {dag.py:4138} INFO - Setting next_dagrun for example_trigger_target_dag to None, run_after=None
[2026-08-12T04:49:19.652+0000] {processor.py:208} INFO - Processing /home/airflow/.local/lib/python3.12/site-packages/airflow/example_dags/example_trigger_target_dag.py took 0.083 seconds
[2026-08-12T04:49:50.206+0000] {processor.py:186} INFO - Started process (PID=2145) to work on /home/airflow/.local/lib/python3.12/site-packages/airflow/example_dags/example_trigger_target_dag.py
[2026-08-12T04:49:50.209+0000] {processor.py:914} INFO - Processing file /home/airflow/.local/lib/python3.12/site-packages/airflow/example_dags/example_trigger_target_dag.py for tasks to queue
[2026-08-12T04:49:50.215+0000] {logging_mixin.py:190} INFO - [2026-08-12T04:49:50.214+0000] {dagbag.py:587} INFO - Filling up the DagBag from /home/airflow/.local/lib/python3.12/site-packages/airflow/example_dags/example_trigger_target_dag.py
[2026-08-12T04:49:50.227+0000] {processor.py:925} INFO - DAG(s) 'example_trigger_target_dag' retrieved from /home/airflow/.local/lib/python3.12/site-packages/airflow/example_dags/example_trigger_target_dag.py
[2026-08-12T04:49:50.253+0000] {logging_mixin.py:190} INFO - [2026-08-12T04:49:50.253+0000] {dag.py:3211} INFO - Sync 1 DAGs
[2026-08-12T04:49:50.278+0000] {logging_mixin.py:190} INFO - [2026-08-12T04:49:50.278+0000] {dag.py:4138} INFO - Setting next_dagrun for example_trigger_target_dag to None, run_after=None
[2026-08-12T04:49:50.313+0000] {processor.py:208} INFO - Processing /home/airflow/.local/lib/python3.12/site-packages/airflow/example_dags/example_trigger_target_dag.py took 0.118 seconds
[2026-08-12T04:50:21.059+0000] {processor.py:186} INFO - Started process (PID=2207) to work on /home/airflow/.local/lib/python3.12/site-packages/airflow/example_dags/example_trigger_target_dag.py
[2026-08-12T04:50:21.061+0000] {processor.py:914} INFO - Processing file /home/airflow/.local/lib/python3.12/site-packages/airflow/example_dags/example_trigger_target_dag.py for tasks to queue
[2026-08-12T04:50:21.066+0000] {logging_mixin.py:190} INFO - [2026-08-12T04:50:21.065+0000] {dagbag.py:587} INFO - Filling up the DagBag from /home/airflow/.local/lib/python3.12/site-packages/airflow/example_dags/example_trigger_target_dag.py
[2026-08-12T04:50:21.077+0000] {processor.py:925} INFO - DAG(s) 'example_trigger_target_dag' retrieved from /home/airflow/.local/lib/python3.12/site-packages/airflow/example_dags/example_trigger_target_dag.py
[2026-08-12T04:50:21.107+0000] {logging_mixin.py:190} INFO - [2026-08-12T04:50:21.106+0000] {dag.py:3211} INFO - Sync 1 DAGs
[2026-08-12T04:50:21.124+0000] {logging_mixin.py:190} INFO - [2026-08-12T04:50:21.124+0000] {dag.py:4138} INFO - Setting next_dagrun for example_trigger_target_dag to None, run_after=None
[2026-08-12T04:50:21.147+0000] {processor.py:208} INFO - Processing /home/airflow/.local/lib/python3.12/site-packages/airflow/example_dags/example_trigger_target_dag.py took 0.095 seconds
[2026-08-12T04:50:51.799+0000] {processor.py:186} INFO - Started process (PID=2269) to work on /home/airflow/.local/lib/python3.12/site-packages/airflow/example_dags/example_trigger_target_dag.py
[2026-08-12T04:50:51.801+0000] {processor.py:914} INFO - Processing file /home/airflow/.local/lib/python3.12/site-packages/airflow/example_dags/example_trigger_target_dag.py for tasks to queue
[2026-08-12T04:50:51.805+0000] {logging_mixin.py:190} INFO - [2026-08-12T04:50:51.804+0000] {dagbag.py:587} INFO - Filling up the DagBag from /home/airflow/.local/lib/python3.12/site-packages/airflow/example_dags/example_trigger_target_dag.py
[2026-08-12T04:50:51.814+0000] {processor.py:925} INFO - DAG(s) 'example_trigger_target_dag' retrieved from /home/airflow/.local/lib/python3.12/site-packages/airflow/example_dags/example_trigger_target_dag.py
[2026-08-12T04:50:51.836+0000] {logging_mixin.py:190} INFO - [2026-08-12T04:50:51.836+0000] {dag.py:3211} INFO - Sync 1 DAGs
[2026-08-12T04:50:51.852+0000] {logging_mixin.py:190} INFO - [2026-08-12T04:50:51.851+0000] {dag.py:4138} INFO - Setting next_dagrun for example_trigger_target_dag to None, run_after=None
[2026-08-12T04:50:51.874+0000] {processor.py:208} INFO - Processing /home/airflow/.local/lib/python3.12/site-packages/airflow/example_dags/example_trigger_target_dag.py took 0.081 seconds
[2026-08-12T04:51:22.274+0000] {processor.py:186} INFO - Started process (PID=2331) to work on /home/airflow/.local/lib/python3.12/site-packages/airflow/example_dags/example_trigger_target_dag.py
[2026-08-12T04:51:22.277+0000] {processor.py:914} INFO - Processing file /home/airflow/.local/lib/python3.12/site-packages/airflow/example_dags/example_trigger_target_dag.py for tasks to queue
[2026-08-12T04:51:22.281+0000] {logging_mixin.py:190} INFO - [2026-08-12T04:51:22.281+0000] {dagbag.py:587} INFO - Filling up the DagBag from /home/airflow/.local/lib/python3.12/site-packages/airflow/example_dags/example_trigger_target_dag.py
[2026-08-12T04:51:22.292+0000] {processor.py:925} INFO - DAG(s) 'example_trigger_target_dag' retrieved from /home/airflow/.local/lib/python3.12/site-packages/airflow/example_dags/example_trigger_target_dag.py
[2026-08-12T04:51:22.319+0000] {logging_mixin.py:190} INFO - [2026-08-12T04:51:22.318+0000] {dag.py:3211} INFO - Sync 1 DAGs
[2026-08-12T04:51:22.341+0000] {logging_mixin.py:190} INFO - [2026-08-12T04:51:22.341+0000] {dag.py:4138} INFO - Setting next_dagrun for example_trigger_target_dag to None, run_after=None
[2026-08-12T04:51:22.370+0000] {processor.py:208} INFO - Processing /home/airflow/.local/lib/python3.12/site-packages/airflow/example_dags/example_trigger_target_dag.py took 0.104 seconds
[2026-08-12T04:51:53.439+0000] {processor.py:186} INFO - Started process (PID=2393) to work on /home/airflow/.local/lib/python3.12/site-packages/airflow/example_dags/example_trigger_target_dag.py
[2026-08-12T04:51:53.442+0000] {processor.py:914} INFO - Processing file /home/airflow/.local/lib/python3.12/site-packages/airflow/example_dags/example_trigger_target_dag.py for tasks to queue
[2026-08-12T04:51:53.448+0000] {logging_mixin.py:190} INFO - [2026-08-12T04:51:53.448+0000] {dagbag.py:587} INFO - Filling up the DagBag from /home/airflow/.local/lib/python3.12/site-packages/airflow/example_dags/example_trigger_target_dag.py
[2026-08-12T04:51:53.466+0000] {processor.py:925} INFO - DAG(s) 'example_trigger_target_dag' retrieved from /home/airflow/.local/lib/python3.12/site-packages/airflow/example_dags/example_trigger_target_dag.py
[2026-08-12T04:51:53.492+0000] {logging_mixin.py:190} INFO - [2026-08-12T04:51:53.492+0000] {dag.py:3211} INFO - Sync 1 DAGs
[2026-08-12T04:51:53.510+0000] {logging_mixin.py:190} INFO - [2026-08-12T04:51:53.510+0000] {dag.py:4138} INFO - Setting next_dagrun for example_trigger_target_dag to None, run_after=None
[2026-08-12T04:51:53.532+0000] {processor.py:208} INFO - Processing /home/airflow/.local/lib/python3.12/site-packages/airflow/example_dags/example_trigger_target_dag.py took 0.098 seconds
[2026-08-12T04:52:24.210+0000] {processor.py:186} INFO - Started process (PID=2455) to work on /home/airflow/.local/lib/python3.12/site-packages/airflow/example_dags/example_trigger_target_dag.py
[2026-08-12T04:52:24.212+0000] {processor.py:914} INFO - Processing file /home/airflow/.local/lib/python3.12/site-packages/airflow/example_dags/example_trigger_target_dag.py for tasks to queue
[2026-08-12T04:52:24.216+0000] {logging_mixin.py:190} INFO - [2026-08-12T04:52:24.216+0000] {dagbag.py:587} INFO - Filling up the DagBag from /home/airflow/.local/lib/python3.12/site-packages/airflow/example_dags/example_trigger_target_dag.py
[2026-08-12T04:52:24.225+0000] {processor.py:925} INFO - DAG(s) 'example_trigger_target_dag' retrieved from /home/airflow/.local/lib/python3.12/site-packages/airflow/example_dags/example_trigger_target_dag.py
[2026-08-12T04:52:24.249+0000] {logging_mixin.py:190} INFO - [2026-08-12T04:52:24.249+0000] {dag.py:3211} INFO - Sync 1 DAGs
[2026-08-12T04:52:24.267+0000] {logging_mixin.py:190} INFO - [2026-08-12T04:52:24.267+0000] {dag.py:4138} INFO - Setting next_dagrun for example_trigger_target_dag to None, run_after=None
[2026-08-12T04:52:24.291+0000] {processor.py:208} INFO - Processing /home/airflow/.local/lib/python3.12/site-packages/airflow/example_dags/example_trigger_target_dag.py took 0.088 seconds
[2026-08-12T04:52:55.124+0000] {processor.py:186} INFO - Started process (PID=2525) to work on /home/airflow/.local/lib/python3.12/site-packages/airflow/example_dags/example_trigger_target_dag.py
[2026-08-12T04:52:55.126+0000] {processor.py:914} INFO - Processing file /home/airflow/.local/lib/python3.12/site-packages/airflow/example_dags/example_trigger_target_dag.py for tasks to queue
[2026-08-12T04:52:55.130+0000] {logging_mixin.py:190} INFO - [2026-08-12T04:52:55.129+0000] {dagbag.py:587} INFO - Filling up the DagBag from /home/airflow/.local/lib/python3.12/site-packages/airflow/example_dags/example_trigger_target_dag.py
[2026-08-12T04:52:55.141+0000] {processor.py:925} INFO - DAG(s) 'example_trigger_target_dag' retrieved from /home/airflow/.local/lib/python3.12/site-packages/airflow/example_dags/example_trigger_target_dag.py
[2026-08-12T04:52:55.165+0000] {logging_mixin.py:190} INFO - [2026-08-12T04:52:55.165+0000] {dag.py:3211} INFO - Sync 1 DAGs
[2026-08-12T04:52:55.183+0000] {logging_mixin.py:190} INFO - [2026-08-12T04:52:55.183+0000] {dag.py:4138} INFO - Setting next_dagrun for example_trigger_target_dag to None, run_after=None
[2026-08-12T04:52:55.207+0000] {processor.py:208} INFO - Processing /home/airflow/.local/lib/python3.12/site-packages/airflow/example_dags/example_trigger_target_dag.py took 0.090 seconds
[2026-08-12T04:53:26.052+0000] {processor.py:186} INFO - Started process (PID=2588) to work on /home/airflow/.local/lib/python3.12/site-packages/airflow/example_dags/example_trigger_target_dag.py
[2026-08-12T04:53:26.054+0000] {processor.py:914} INFO - Processing file /home/airflow/.local/lib/python3.12/site-packages/airflow/example_dags/example_trigger_target_dag.py for tasks to queue
[2026-08-12T04:53:26.061+0000] {logging_mixin.py:190} INFO - [2026-08-12T04:53:26.060+0000] {dagbag.py:587} INFO - Filling up the DagBag from /home/airflow/.local/lib/python3.12/site-packages/airflow/example_dags/example_trigger_target_dag.py
[2026-08-12T04:53:26.072+0000] {processor.py:925} INFO - DAG(s) 'example_trigger_target_dag' retrieved from /home/airflow/.local/lib/python3.12/site-packages/airflow/example_dags/example_trigger_target_dag.py
[2026-08-12T04:53:26.099+0000] {logging_mixin.py:190} INFO - [2026-08-12T04:53:26.099+0000] {dag.py:3211} INFO - Sync 1 DAGs
[2026-08-12T04:53:26.117+0000] {logging_mixin.py:190} INFO - [2026-08-12T04:53:26.117+0000] {dag.py:4138} INFO - Setting next_dagrun for example_trigger_target_dag to None, run_after=None
[2026-08-12T04:53:26.142+0000] {processor.py:208} INFO - Processing /home/airflow/.local/lib/python3.12/site-packages/airflow/example_dags/example_trigger_target_dag.py took 0.099 seconds
[2026-08-12T04:53:56.570+0000] {processor.py:186} INFO - Started process (PID=2651) to work on /home/airflow/.local/lib/python3.12/site-packages/airflow/example_dags/example_trigger_target_dag.py
[2026-08-12T04:53:56.572+0000] {processor.py:914} INFO - Processing file /home/airflow/.local/lib/python3.12/site-packages/airflow/example_dags/example_trigger_target_dag.py for tasks to queue
[2026-08-12T04:53:56.576+0000] {logging_mixin.py:190} INFO - [2026-08-12T04:53:56.576+0000] {dagbag.py:587} INFO - Filling up the DagBag from /home/airflow/.local/lib/python3.12/site-packages/airflow/example_dags/example_trigger_target_dag.py
[2026-08-12T04:53:56.586+0000] {processor.py:925} INFO - DAG(s) 'example_trigger_target_dag' retrieved from /home/airflow/.local/lib/python3.12/site-packages/airflow/example_dags/example_trigger_target_dag.py
[2026-08-12T04:53:56.610+0000] {logging_mixin.py:190} INFO - [2026-08-12T04:53:56.609+0000] {dag.py:3211} INFO - Sync 1 DAGs
[2026-08-12T04:53:56.627+0000] {logging_mixin.py:190} INFO - [2026-08-12T04:53:56.627+0000] {dag.py:4138} INFO - Setting next_dagrun for example_trigger_target_dag to None, run_after=None
[2026-08-12T04:53:56.656+0000] {processor.py:208} INFO - Processing /home/airflow/.local/lib/python3.12/site-packages/airflow/example_dags/example_trigger_target_dag.py took 0.092 seconds
[2026-08-12T04:54:27.687+0000] {processor.py:186} INFO - Started process (PID=2713) to work on /home/airflow/.local/lib/python3.12/site-packages/airflow/example_dags/example_trigger_target_dag.py
[2026-08-12T04:54:27.689+0000] {processor.py:914} INFO - Processing file /home/airflow/.local/lib/python3.12/site-packages/airflow/example_dags/example_trigger_target_dag.py for tasks to queue
[2026-08-12T04:54:27.694+0000] {logging_mixin.py:190} INFO - [2026-08-12T04:54:27.693+0000] {dagbag.py:587} INFO - Filling up the DagBag from /home/airflow/.local/lib/python3.12/site-packages/airflow/example_dags/example_trigger_target_dag.py
[2026-08-12T04:54:27.706+0000] {processor.py:925} INFO - DAG(s) 'example_trigger_target_dag' retrieved from /home/airflow/.local/lib/python3.12/site-packages/airflow/example_dags/example_trigger_target_dag.py
[2026-08-12T04:54:27.730+0000] {logging_mixin.py:190} INFO - [2026-08-12T04:54:27.730+0000] {dag.py:3211} INFO - Sync 1 DAGs
[2026-08-12T04:54:27.749+0000] {logging_mixin.py:190} INFO - [2026-08-12T04:54:27.748+0000] {dag.py:4138} INFO - Setting next_dagrun for example_trigger_target_dag to None, run_after=None
[2026-08-12T04:54:27.773+0000] {processor.py:208} INFO - Processing /home/airflow/.local/lib/python3.12/site-packages/airflow/example_dags/example_trigger_target_dag.py took 0.096 seconds
[2026-08-12T04:54:58.069+0000] {processor.py:186} INFO - Started process (PID=2776) to work on /home/airflow/.local/lib/python3.12/site-packages/airflow/example_dags/example_trigger_target_dag.py
[2026-08-12T04:54:58.071+0000] {processor.py:914} INFO - Processing file /home/airflow/.local/lib/python3.12/site-packages/airflow/example_dags/example_trigger_target_dag.py for tasks to queue
[2026-08-12T04:54:58.075+0000] {logging_mixin.py:190} INFO - [2026-08-12T04:54:58.075+0000] {dagbag.py:587} INFO - Filling up the DagBag from /home/airflow/.local/lib/python3.12/site-packages/airflow/example_dags/example_trigger_target_dag.py
[2026-08-12T04:54:58.085+0000] {processor.py:925} INFO - DAG(s) 'example_trigger_target_dag' retrieved from /home/airflow/.local/lib/python3.12/site-packages/airflow/example_dags/example_trigger_target_dag.py
[2026-08-12T04:54:58.105+0000] {logging_mixin.py:190} INFO - [2026-08-12T04:54:58.105+0000] {dag.py:3211} INFO - Sync 1 DAGs
[2026-08-12T04:54:58.121+0000] {logging_mixin.py:190} INFO - [2026-08-12T04:54:58.120+0000] {dag.py:4138} INFO - Setting next_dagrun for example_trigger_target_dag to None, run_after=None
[2026-08-12T04:54:58.145+0000] {processor.py:208} INFO - Processing /home/airflow/.local/lib/python3.12/site-packages/airflow/example_dags/example_trigger_target_dag.py took 0.082 seconds
[2026-08-12T04:55:28.870+0000] {processor.py:186} INFO - Started process (PID=2839) to work on /home/airflow/.local/lib/python3.12/site-packages/airflow/example_dags/example_trigger_target_dag.py
[2026-08-12T04:55:28.872+0000] {processor.py:914} INFO - Processing file /home/airflow/.local/lib/python3.12/site-packages/airflow/example_dags/example_trigger_target_dag.py for tasks to queue
[2026-08-12T04:55:28.876+0000] {logging_mixin.py:190} INFO - [2026-08-12T04:55:28.876+0000] {dagbag.py:587} INFO - Filling up the DagBag from /home/airflow/.local/lib/python3.12/site-packages/airflow/example_dags/example_trigger_target_dag.py
[2026-08-12T04:55:28.886+0000] {processor.py:925} INFO - DAG(s) 'example_trigger_target_dag' retrieved from /home/airflow/.local/lib/python3.12/site-packages/airflow/example_dags/example_trigger_target_dag.py
[2026-08-12T04:55:28.907+0000] {logging_mixin.py:190} INFO - [2026-08-12T04:55:28.907+0000] {dag.py:3211} INFO - Sync 1 DAGs
[2026-08-12T04:55:28.924+0000] {logging_mixin.py:190} INFO - [2026-08-12T04:55:28.924+0000] {dag.py:4138} INFO - Setting next_dagrun for example_trigger_target_dag to None, run_after=None
[2026-08-12T04:55:28.952+0000] {processor.py:208} INFO - Processing /home/airflow/.local/lib/python3.12/site-packages/airflow/example_dags/example_trigger_target_dag.py took 0.089 seconds
[2026-08-12T04:55:59.963+0000] {processor.py:186} INFO - Started process (PID=2902) to work on /home/airflow/.local/lib/python3.12/site-packages/airflow/example_dags/example_trigger_target_dag.py
[2026-08-12T04:55:59.965+0000] {processor.py:914} INFO - Processing file /home/airflow/.local/lib/python3.12/site-packages/airflow/example_dags/example_trigger_target_dag.py for tasks to queue
[2026-08-12T04:55:59.969+0000] {logging_mixin.py:190} INFO - [2026-08-12T04:55:59.969+0000] {dagbag.py:587} INFO - Filling up the DagBag from /home/airflow/.local/lib/python3.12/site-packages/airflow/example_dags/example_trigger_target_dag.py
[2026-08-12T04:55:59.979+0000] {processor.py:925} INFO - DAG(s) 'example_trigger_target_dag' retrieved from /home/airflow/.local/lib/python3.12/site-packages/airflow/example_dags/example_trigger_target_dag.py
[2026-08-12T04:56:00.001+0000] {logging_mixin.py:190} INFO - [2026-08-12T04:56:00.000+0000] {dag.py:3211} INFO - Sync 1 DAGs
[2026-08-12T04:56:00.019+0000] {logging_mixin.py:190} INFO - [2026-08-12T04:56:00.018+0000] {dag.py:4138} INFO - Setting next_dagrun for example_trigger_target_dag to None, run_after=None
[2026-08-12T04:56:00.043+0000] {processor.py:208} INFO - Processing /home/airflow/.local/lib/python3.12/site-packages/airflow/example_dags/example_trigger_target_dag.py took 0.086 seconds
[2026-08-12T04:56:30.633+0000] {processor.py:186} INFO - Started process (PID=2965) to work on /home/airflow/.local/lib/python3.12/site-packages/airflow/example_dags/example_trigger_target_dag.py
[2026-08-12T04:56:30.635+0000] {processor.py:914} INFO - Processing file /home/airflow/.local/lib/python3.12/site-packages/airflow/example_dags/example_trigger_target_dag.py for tasks to queue
[2026-08-12T04:56:30.640+0000] {logging_mixin.py:190} INFO - [2026-08-12T04:56:30.639+0000] {dagbag.py:587} INFO - Filling up the DagBag from /home/airflow/.local/lib/python3.12/site-packages/airflow/example_dags/example_trigger_target_dag.py
[2026-08-12T04:56:30.652+0000] {processor.py:925} INFO - DAG(s) 'example_trigger_target_dag' retrieved from /home/airflow/.local/lib/python3.12/site-packages/airflow/example_dags/example_trigger_target_dag.py
[2026-08-12T04:56:30.678+0000] {logging_mixin.py:190} INFO - [2026-08-12T04:56:30.677+0000] {dag.py:3211} INFO - Sync 1 DAGs
[2026-08-12T04:56:30.695+0000] {logging_mixin.py:190} INFO - [2026-08-12T04:56:30.695+0000] {dag.py:4138} INFO - Setting next_dagrun for example_trigger_target_dag to None, run_after=None
[2026-08-12T04:56:30.722+0000] {processor.py:208} INFO - Processing /home/airflow/.local/lib/python3.12/site-packages/airflow/example_dags/example_trigger_target_dag.py took 0.097 seconds
[2026-08-12T04:57:01.153+0000] {processor.py:186} INFO - Started process (PID=3028) to work on /home/airflow/.local/lib/python3.12/site-packages/airflow/example_dags/example_trigger_target_dag.py
[2026-08-12T04:57:01.156+0000] {processor.py:914} INFO - Processing file /home/airflow/.local/lib/python3.12/site-packages/airflow/example_dags/example_trigger_target_dag.py for tasks to queue
[2026-08-12T04:57:01.160+0000] {logging_mixin.py:190} INFO - [2026-08-12T04:57:01.160+0000] {dagbag.py:587} INFO - Filling up the DagBag from /home/airflow/.local/lib/python3.12/site-packages/airflow/example_dags/example_trigger_target_dag.py
[2026-08-12T04:57:01.171+0000] {processor.py:925} INFO - DAG(s) 'example_trigger_target_dag' retrieved from /home/airflow/.local/lib/python3.12/site-packages/airflow/example_dags/example_trigger_target_dag.py
[2026-08-12T04:57:01.196+0000] {logging_mixin.py:190} INFO - [2026-08-12T04:57:01.195+0000] {dag.py:3211} INFO - Sync 1 DAGs
[2026-08-12T04:57:01.211+0000] {logging_mixin.py:190} INFO - [2026-08-12T04:57:01.211+0000] {dag.py:4138} INFO - Setting next_dagrun for example_trigger_target_dag to None, run_after=None
[2026-08-12T04:57:01.234+0000] {processor.py:208} INFO - Processing /home/airflow/.local/lib/python3.12/site-packages/airflow/example_dags/example_trigger_target_dag.py took 0.087 seconds
[2026-08-12T04:57:32.281+0000] {processor.py:186} INFO - Started process (PID=3091) to work on /home/airflow/.local/lib/python3.12/site-packages/airflow/example_dags/example_trigger_target_dag.py
[2026-08-12T04:57:32.284+0000] {processor.py:914} INFO - Processing file /home/airflow/.local/lib/python3.12/site-packages/airflow/example_dags/example_trigger_target_dag.py for tasks to queue
[2026-08-12T04:57:32.289+0000] {logging_mixin.py:190} INFO - [2026-08-12T04:57:32.288+0000] {dagbag.py:587} INFO - Filling up the DagBag from /home/airflow/.local/lib/python3.12/site-packages/airflow/example_dags/example_trigger_target_dag.py
[2026-08-12T04:57:32.301+0000] {processor.py:925} INFO - DAG(s) 'example_trigger_target_dag' retrieved from /home/airflow/.local/lib/python3.12/site-packages/airflow/example_dags/example_trigger_target_dag.py
[2026-08-12T04:57:32.326+0000] {logging_mixin.py:190} INFO - [2026-08-12T04:57:32.325+0000] {dag.py:3211} INFO - Sync 1 DAGs
[2026-08-12T04:57:32.343+0000] {logging_mixin.py:190} INFO - [2026-08-12T04:57:32.343+0000] {dag.py:4138} INFO - Setting next_dagrun for example_trigger_target_dag to None, run_after=None
[2026-08-12T04:57:32.369+0000] {processor.py:208} INFO - Processing /home/airflow/.local/lib/python3.12/site-packages/airflow/example_dags/example_trigger_target_dag.py took 0.097 seconds
[2026-08-12T04:58:03.058+0000] {processor.py:186} INFO - Started process (PID=3153) to work on /home/airflow/.local/lib/python3.12/site-packages/airflow/example_dags/example_trigger_target_dag.py
[2026-08-12T04:58:03.061+0000] {processor.py:914} INFO - Processing file /home/airflow/.local/lib/python3.12/site-packages/airflow/example_dags/example_trigger_target_dag.py for tasks to queue
[2026-08-12T04:58:03.065+0000] {logging_mixin.py:190} INFO - [2026-08-12T04:58:03.065+0000] {dagbag.py:587} INFO - Filling up the DagBag from /home/airflow/.local/lib/python3.12/site-packages/airflow/example_dags/example_trigger_target_dag.py
[2026-08-12T04:58:03.075+0000] {processor.py:925} INFO - DAG(s) 'example_trigger_target_dag' retrieved from /home/airflow/.local/lib/python3.12/site-packages/airflow/example_dags/example_trigger_target_dag.py
[2026-08-12T04:58:03.101+0000] {logging_mixin.py:190} INFO - [2026-08-12T04:58:03.101+0000] {dag.py:3211} INFO - Sync 1 DAGs
[2026-08-12T04:58:03.122+0000] {logging_mixin.py:190} INFO - [2026-08-12T04:58:03.122+0000] {dag.py:4138} INFO - Setting next_dagrun for example_trigger_target_dag to None, run_after=None
[2026-08-12T04:58:03.148+0000] {processor.py:208} INFO - Processing /home/airflow/.local/lib/python3.12/site-packages/airflow/example_dags/example_trigger_target_dag.py took 0.097 seconds
[2026-08-12T04:58:34.408+0000] {processor.py:186} INFO - Started process (PID=3217) to work on /home/airflow/.local/lib/python3.12/site-packages/airflow/example_dags/example_trigger_target_dag.py
[2026-08-12T04:58:34.410+0000] {processor.py:914} INFO - Processing file /home/airflow/.local/lib/python3.12/site-packages/airflow/example_dags/example_trigger_target_dag.py for tasks to queue
[2026-08-12T04:58:34.414+0000] {logging_mixin.py:190} INFO - [2026-08-12T04:58:34.413+0000] {dagbag.py:587} INFO - Filling up the DagBag from /home/airflow/.local/lib/python3.12/site-packages/airflow/example_dags/example_trigger_target_dag.py
[2026-08-12T04:58:34.425+0000] {processor.py:925} INFO - DAG(s) 'example_trigger_target_dag' retrieved from /home/airflow/.local/lib/python3.12/site-packages/airflow/example_dags/example_trigger_target_dag.py
[2026-08-12T04:58:34.448+0000] {logging_mixin.py:190} INFO - [2026-08-12T04:58:34.448+0000] {dag.py:3211} INFO - Sync 1 DAGs
[2026-08-12T04:58:34.465+0000] {logging_mixin.py:190} INFO - [2026-08-12T04:58:34.465+0000] {dag.py:4138} INFO - Setting next_dagrun for example_trigger_target_dag to None, run_after=None
[2026-08-12T04:58:34.491+0000] {processor.py:208} INFO - Processing /home/airflow/.local/lib/python3.12/site-packages/airflow/example_dags/example_trigger_target_dag.py took 0.090 seconds
[2026-08-12T04:59:05.620+0000] {processor.py:186} INFO - Started process (PID=3280) to work on /home/airflow/.local/lib/python3.12/site-packages/airflow/example_dags/example_trigger_target_dag.py
[2026-08-12T04:59:05.628+0000] {processor.py:914} INFO - Processing file /home/airflow/.local/lib/python3.12/site-packages/airflow/example_dags/example_trigger_target_dag.py for tasks to queue
[2026-08-12T04:59:05.640+0000] {logging_mixin.py:190} INFO - [2026-08-12T04:59:05.639+0000] {dagbag.py:587} INFO - Filling up the DagBag from /home/airflow/.local/lib/python3.12/site-packages/airflow/example_dags/example_trigger_target_dag.py
[2026-08-12T04:59:05.666+0000] {processor.py:925} INFO - DAG(s) 'example_trigger_target_dag' retrieved from /home/airflow/.local/lib/python3.12/site-packages/airflow/example_dags/example_trigger_target_dag.py
[2026-08-12T04:59:05.704+0000] {logging_mixin.py:190} INFO - [2026-08-12T04:59:05.704+0000] {dag.py:3211} INFO - Sync 1 DAGs
[2026-08-12T04:59:05.723+0000] {logging_mixin.py:190} INFO - [2026-08-12T04:59:05.723+0000] {dag.py:4138} INFO - Setting next_dagrun for example_trigger_target_dag to None, run_after=None
[2026-08-12T04:59:05.749+0000] {processor.py:208} INFO - Processing /home/airflow/.local/lib/python3.12/site-packages/airflow/example_dags/example_trigger_target_dag.py took 0.142 seconds
[2026-08-12T04:59:36.168+0000] {processor.py:186} INFO - Started process (PID=3342) to work on /home/airflow/.local/lib/python3.12/site-packages/airflow/example_dags/example_trigger_target_dag.py
[2026-08-12T04:59:36.170+0000] {processor.py:914} INFO - Processing file /home/airflow/.local/lib/python3.12/site-packages/airflow/example_dags/example_trigger_target_dag.py for tasks to queue
[2026-08-12T04:59:36.174+0000] {logging_mixin.py:190} INFO - [2026-08-12T04:59:36.173+0000] {dagbag.py:587} INFO - Filling up the DagBag from /home/airflow/.local/lib/python3.12/site-packages/airflow/example_dags/example_trigger_target_dag.py
[2026-08-12T04:59:36.183+0000] {processor.py:925} INFO - DAG(s) 'example_trigger_target_dag' retrieved from /home/airflow/.local/lib/python3.12/site-packages/airflow/example_dags/example_trigger_target_dag.py
[2026-08-12T04:59:36.203+0000] {logging_mixin.py:190} INFO - [2026-08-12T04:59:36.203+0000] {dag.py:3211} INFO - Sync 1 DAGs
[2026-08-12T04:59:36.218+0000] {logging_mixin.py:190} INFO - [2026-08-12T04:59:36.218+0000] {dag.py:4138} INFO - Setting next_dagrun for example_trigger_target_dag to None, run_after=None
[2026-08-12T04:59:36.243+0000] {processor.py:208} INFO - Processing /home/airflow/.local/lib/python3.12/site-packages/airflow/example_dags/example_trigger_target_dag.py took 0.081 seconds
[2026-08-12T05:00:06.841+0000] {processor.py:186} INFO - Started process (PID=3405) to work on /home/airflow/.local/lib/python3.12/site-packages/airflow/example_dags/example_trigger_target_dag.py
[2026-08-12T05:00:06.843+0000] {processor.py:914} INFO - Processing file /home/airflow/.local/lib/python3.12/site-packages/airflow/example_dags/example_trigger_target_dag.py for tasks to queue
[2026-08-12T05:00:06.847+0000] {logging_mixin.py:190} INFO - [2026-08-12T05:00:06.847+0000] {dagbag.py:587} INFO - Filling up the DagBag from /home/airflow/.local/lib/python3.12/site-packages/airflow/example_dags/example_trigger_target_dag.py
[2026-08-12T05:00:06.859+0000] {processor.py:925} INFO - DAG(s) 'example_trigger_target_dag' retrieved from /home/airflow/.local/lib/python3.12/site-packages/airflow/example_dags/example_trigger_target_dag.py
[2026-08-12T05:00:06.884+0000] {logging_mixin.py:190} INFO - [2026-08-12T05:00:06.883+0000] {dag.py:3211} INFO - Sync 1 DAGs
[2026-08-12T05:00:06.901+0000] {logging_mixin.py:190} INFO - [2026-08-12T05:00:06.900+0000] {dag.py:4138} INFO - Setting next_dagrun for example_trigger_target_dag to None, run_after=None
[2026-08-12T05:00:06.927+0000] {processor.py:208} INFO - Processing /home/airflow/.local/lib/python3.12/site-packages/airflow/example_dags/example_trigger_target_dag.py took 0.093 seconds
[2026-08-12T05:00:37.183+0000] {processor.py:186} INFO - Started process (PID=3467) to work on /home/airflow/.local/lib/python3.12/site-packages/airflow/example_dags/example_trigger_target_dag.py
[2026-08-12T05:00:37.185+0000] {processor.py:914} INFO - Processing file /home/airflow/.local/lib/python3.12/site-packages/airflow/example_dags/example_trigger_target_dag.py for tasks to queue
[2026-08-12T05:00:37.189+0000] {logging_mixin.py:190} INFO - [2026-08-12T05:00:37.189+0000] {dagbag.py:587} INFO - Filling up the DagBag from /home/airflow/.local/lib/python3.12/site-packages/airflow/example_dags/example_trigger_target_dag.py
[2026-08-12T05:00:37.200+0000] {processor.py:925} INFO - DAG(s) 'example_trigger_target_dag' retrieved from /home/airflow/.local/lib/python3.12/site-packages/airflow/example_dags/example_trigger_target_dag.py
[2026-08-12T05:00:37.222+0000] {logging_mixin.py:190} INFO - [2026-08-12T05:00:37.222+0000] {dag.py:3211} INFO - Sync 1 DAGs
[2026-08-12T05:00:37.238+0000] {logging_mixin.py:190} INFO - [2026-08-12T05:00:37.237+0000] {dag.py:4138} INFO - Setting next_dagrun for example_trigger_target_dag to None, run_after=None
[2026-08-12T05:00:37.267+0000] {processor.py:208} INFO - Processing /home/airflow/.local/lib/python3.12/site-packages/airflow/example_dags/example_trigger_target_dag.py took 0.090 seconds
[2026-08-12T05:01:07.529+0000] {processor.py:186} INFO - Started process (PID=3530) to work on /home/airflow/.local/lib/python3.12/site-packages/airflow/example_dags/example_trigger_target_dag.py
[2026-08-12T05:01:07.531+0000] {processor.py:914} INFO - Processing file /home/airflow/.local/lib/python3.12/site-packages/airflow/example_dags/example_trigger_target_dag.py for tasks to queue
[2026-08-12T05:01:07.536+0000] {logging_mixin.py:190} INFO - [2026-08-12T05:01:07.536+0000] {dagbag.py:587} INFO - Filling up the DagBag from /home/airflow/.local/lib/python3.12/site-packages/airflow/example_dags/example_trigger_target_dag.py
[2026-08-12T05:01:07.551+0000] {processor.py:925} INFO - DAG(s) 'example_trigger_target_dag' retrieved from /home/airflow/.local/lib/python3.12/site-packages/airflow/example_dags/example_trigger_target_dag.py
[2026-08-12T05:01:07.576+0000] {logging_mixin.py:190} INFO - [2026-08-12T05:01:07.575+0000] {dag.py:3211} INFO - Sync 1 DAGs
[2026-08-12T05:01:07.594+0000] {logging_mixin.py:190} INFO - [2026-08-12T05:01:07.594+0000] {dag.py:4138} INFO - Setting next_dagrun for example_trigger_target_dag to None, run_after=None
[2026-08-12T05:01:07.629+0000] {processor.py:208} INFO - Processing /home/airflow/.local/lib/python3.12/site-packages/airflow/example_dags/example_trigger_target_dag.py took 0.106 seconds
[2026-08-12T05:01:38.031+0000] {processor.py:186} INFO - Started process (PID=3592) to work on /home/airflow/.local/lib/python3.12/site-packages/airflow/example_dags/example_trigger_target_dag.py
[2026-08-12T05:01:38.037+0000] {processor.py:914} INFO - Processing file /home/airflow/.local/lib/python3.12/site-packages/airflow/example_dags/example_trigger_target_dag.py for tasks to queue
[2026-08-12T05:01:38.046+0000] {logging_mixin.py:190} INFO - [2026-08-12T05:01:38.045+0000] {dagbag.py:587} INFO - Filling up the DagBag from /home/airflow/.local/lib/python3.12/site-packages/airflow/example_dags/example_trigger_target_dag.py
[2026-08-12T05:01:38.064+0000] {processor.py:925} INFO - DAG(s) 'example_trigger_target_dag' retrieved from /home/airflow/.local/lib/python3.12/site-packages/airflow/example_dags/example_trigger_target_dag.py
[2026-08-12T05:01:38.101+0000] {logging_mixin.py:190} INFO - [2026-08-12T05:01:38.101+0000] {dag.py:3211} INFO - Sync 1 DAGs
[2026-08-12T05:01:38.122+0000] {logging_mixin.py:190} INFO - [2026-08-12T05:01:38.121+0000] {dag.py:4138} INFO - Setting next_dagrun for example_trigger_target_dag to None, run_after=None
[2026-08-12T05:01:38.156+0000] {processor.py:208} INFO - Processing /home/airflow/.local/lib/python3.12/site-packages/airflow/example_dags/example_trigger_target_dag.py took 0.140 seconds
[2026-08-12T05:02:08.752+0000] {processor.py:186} INFO - Started process (PID=3656) to work on /home/airflow/.local/lib/python3.12/site-packages/airflow/example_dags/example_trigger_target_dag.py
[2026-08-12T05:02:08.755+0000] {processor.py:914} INFO - Processing file /home/airflow/.local/lib/python3.12/site-packages/airflow/example_dags/example_trigger_target_dag.py for tasks to queue
[2026-08-12T05:02:08.759+0000] {logging_mixin.py:190} INFO - [2026-08-12T05:02:08.759+0000] {dagbag.py:587} INFO - Filling up the DagBag from /home/airflow/.local/lib/python3.12/site-packages/airflow/example_dags/example_trigger_target_dag.py
[2026-08-12T05:02:08.771+0000] {processor.py:925} INFO - DAG(s) 'example_trigger_target_dag' retrieved from /home/airflow/.local/lib/python3.12/site-packages/airflow/example_dags/example_trigger_target_dag.py
[2026-08-12T05:02:08.797+0000] {logging_mixin.py:190} INFO - [2026-08-12T05:02:08.796+0000] {dag.py:3211} INFO - Sync 1 DAGs
[2026-08-12T05:02:08.814+0000] {logging_mixin.py:190} INFO - [2026-08-12T05:02:08.814+0000] {dag.py:4138} INFO - Setting next_dagrun for example_trigger_target_dag to None, run_after=None
[2026-08-12T05:02:08.839+0000] {processor.py:208} INFO - Processing /home/airflow/.local/lib/python3.12/site-packages/airflow/example_dags/example_trigger_target_dag.py took 0.095 seconds
[2026-08-12T05:02:39.491+0000] {processor.py:186} INFO - Started process (PID=3719) to work on /home/airflow/.local/lib/python3.12/site-packages/airflow/example_dags/example_trigger_target_dag.py
[2026-08-12T05:02:39.494+0000] {processor.py:914} INFO - Processing file /home/airflow/.local/lib/python3.12/site-packages/airflow/example_dags/example_trigger_target_dag.py for tasks to queue
[2026-08-12T05:02:39.498+0000] {logging_mixin.py:190} INFO - [2026-08-12T05:02:39.497+0000] {dagbag.py:587} INFO - Filling up the DagBag from /home/airflow/.local/lib/python3.12/site-packages/airflow/example_dags/example_trigger_target_dag.py
[2026-08-12T05:02:39.515+0000] {processor.py:925} INFO - DAG(s) 'example_trigger_target_dag' retrieved from /home/airflow/.local/lib/python3.12/site-packages/airflow/example_dags/example_trigger_target_dag.py
[2026-08-12T05:02:39.559+0000] {logging_mixin.py:190} INFO - [2026-08-12T05:02:39.558+0000] {dag.py:3211} INFO - Sync 1 DAGs
[2026-08-12T05:02:39.589+0000] {logging_mixin.py:190} INFO - [2026-08-12T05:02:39.588+0000] {dag.py:4138} INFO - Setting next_dagrun for example_trigger_target_dag to None, run_after=None
[2026-08-12T05:02:39.632+0000] {processor.py:208} INFO - Processing /home/airflow/.local/lib/python3.12/site-packages/airflow/example_dags/example_trigger_target_dag.py took 0.149 seconds
[2026-08-12T05:03:09.993+0000] {processor.py:186} INFO - Started process (PID=3782) to work on /home/airflow/.local/lib/python3.12/site-packages/airflow/example_dags/example_trigger_target_dag.py
[2026-08-12T05:03:09.999+0000] {processor.py:914} INFO - Processing file /home/airflow/.local/lib/python3.12/site-packages/airflow/example_dags/example_trigger_target_dag.py for tasks to queue
[2026-08-12T05:03:10.009+0000] {logging_mixin.py:190} INFO - [2026-08-12T05:03:10.008+0000] {dagbag.py:587} INFO - Filling up the DagBag from /home/airflow/.local/lib/python3.12/site-packages/airflow/example_dags/example_trigger_target_dag.py
[2026-08-12T05:03:10.028+0000] {processor.py:925} INFO - DAG(s) 'example_trigger_target_dag' retrieved from /home/airflow/.local/lib/python3.12/site-packages/airflow/example_dags/example_trigger_target_dag.py
[2026-08-12T05:03:10.065+0000] {logging_mixin.py:190} INFO - [2026-08-12T05:03:10.065+0000] {dag.py:3211} INFO - Sync 1 DAGs
[2026-08-12T05:03:10.096+0000] {logging_mixin.py:190} INFO - [2026-08-12T05:03:10.095+0000] {dag.py:4138} INFO - Setting next_dagrun for example_trigger_target_dag to None, run_after=None
[2026-08-12T05:03:10.133+0000] {processor.py:208} INFO - Processing /home/airflow/.local/lib/python3.12/site-packages/airflow/example_dags/example_trigger_target_dag.py took 0.161 seconds
[2026-08-12T05:03:40.273+0000] {processor.py:186} INFO - Started process (PID=3845) to work on /home/airflow/.local/lib/python3.12/site-packages/airflow/example_dags/example_trigger_target_dag.py
[2026-08-12T05:03:40.276+0000] {processor.py:914} INFO - Processing file /home/airflow/.local/lib/python3.12/site-packages/airflow/example_dags/example_trigger_target_dag.py for tasks to queue
[2026-08-12T05:03:40.281+0000] {logging_mixin.py:190} INFO - [2026-08-12T05:03:40.280+0000] {dagbag.py:587} INFO - Filling up the DagBag from /home/airflow/.local/lib/python3.12/site-packages/airflow/example_dags/example_trigger_target_dag.py
[2026-08-12T05:03:40.300+0000] {processor.py:925} INFO - DAG(s) 'example_trigger_target_dag' retrieved from /home/airflow/.local/lib/python3.12/site-packages/airflow/example_dags/example_trigger_target_dag.py
[2026-08-12T05:03:40.336+0000] {logging_mixin.py:190} INFO - [2026-08-12T05:03:40.336+0000] {dag.py:3211} INFO - Sync 1 DAGs
[2026-08-12T05:03:40.617+0000] {logging_mixin.py:190} INFO - [2026-08-12T05:03:40.617+0000] {dag.py:4138} INFO - Setting next_dagrun for example_trigger_target_dag to None, run_after=None
[2026-08-12T05:03:40.644+0000] {processor.py:208} INFO - Processing /home/airflow/.local/lib/python3.12/site-packages/airflow/example_dags/example_trigger_target_dag.py took 0.377 seconds
[2026-08-12T05:04:11.127+0000] {processor.py:186} INFO - Started process (PID=3908) to work on /home/airflow/.local/lib/python3.12/site-packages/airflow/example_dags/example_trigger_target_dag.py
[2026-08-12T05:04:11.130+0000] {processor.py:914} INFO - Processing file /home/airflow/.local/lib/python3.12/site-packages/airflow/example_dags/example_trigger_target_dag.py for tasks to queue
[2026-08-12T05:04:11.134+0000] {logging_mixin.py:190} INFO - [2026-08-12T05:04:11.133+0000] {dagbag.py:587} INFO - Filling up the DagBag from /home/airflow/.local/lib/python3.12/site-packages/airflow/example_dags/example_trigger_target_dag.py
[2026-08-12T05:04:11.146+0000] {processor.py:925} INFO - DAG(s) 'example_trigger_target_dag' retrieved from /home/airflow/.local/lib/python3.12/site-packages/airflow/example_dags/example_trigger_target_dag.py
[2026-08-12T05:04:11.174+0000] {logging_mixin.py:190} INFO - [2026-08-12T05:04:11.174+0000] {dag.py:3211} INFO - Sync 1 DAGs
[2026-08-12T05:04:11.193+0000] {logging_mixin.py:190} INFO - [2026-08-12T05:04:11.193+0000] {dag.py:4138} INFO - Setting next_dagrun for example_trigger_target_dag to None, run_after=None
[2026-08-12T05:04:11.421+0000] {processor.py:208} INFO - Processing /home/airflow/.local/lib/python3.12/site-packages/airflow/example_dags/example_trigger_target_dag.py took 0.304 seconds
[2026-08-12T05:04:41.635+0000] {processor.py:186} INFO - Started process (PID=3971) to work on /home/airflow/.local/lib/python3.12/site-packages/airflow/example_dags/example_trigger_target_dag.py
[2026-08-12T05:04:41.638+0000] {processor.py:914} INFO - Processing file /home/airflow/.local/lib/python3.12/site-packages/airflow/example_dags/example_trigger_target_dag.py for tasks to queue
[2026-08-12T05:04:41.643+0000] {logging_mixin.py:190} INFO - [2026-08-12T05:04:41.642+0000] {dagbag.py:587} INFO - Filling up the DagBag from /home/airflow/.local/lib/python3.12/site-packages/airflow/example_dags/example_trigger_target_dag.py
[2026-08-12T05:04:41.658+0000] {processor.py:925} INFO - DAG(s) 'example_trigger_target_dag' retrieved from /home/airflow/.local/lib/python3.12/site-packages/airflow/example_dags/example_trigger_target_dag.py
[2026-08-12T05:04:41.687+0000] {logging_mixin.py:190} INFO - [2026-08-12T05:04:41.687+0000] {dag.py:3211} INFO - Sync 1 DAGs
[2026-08-12T05:04:41.705+0000] {logging_mixin.py:190} INFO - [2026-08-12T05:04:41.704+0000] {dag.py:4138} INFO - Setting next_dagrun for example_trigger_target_dag to None, run_after=None
[2026-08-12T05:04:41.731+0000] {processor.py:208} INFO - Processing /home/airflow/.local/lib/python3.12/site-packages/airflow/example_dags/example_trigger_target_dag.py took 0.105 seconds
[2026-08-12T05:05:11.970+0000] {processor.py:186} INFO - Started process (PID=4034) to work on /home/airflow/.local/lib/python3.12/site-packages/airflow/example_dags/example_trigger_target_dag.py
[2026-08-12T05:05:11.972+0000] {processor.py:914} INFO - Processing file /home/airflow/.local/lib/python3.12/site-packages/airflow/example_dags/example_trigger_target_dag.py for tasks to queue
[2026-08-12T05:05:11.976+0000] {logging_mixin.py:190} INFO - [2026-08-12T05:05:11.976+0000] {dagbag.py:587} INFO - Filling up the DagBag from /home/airflow/.local/lib/python3.12/site-packages/airflow/example_dags/example_trigger_target_dag.py
[2026-08-12T05:05:11.987+0000] {processor.py:925} INFO - DAG(s) 'example_trigger_target_dag' retrieved from /home/airflow/.local/lib/python3.12/site-packages/airflow/example_dags/example_trigger_target_dag.py
[2026-08-12T05:05:12.016+0000] {logging_mixin.py:190} INFO - [2026-08-12T05:05:12.016+0000] {dag.py:3211} INFO - Sync 1 DAGs
[2026-08-12T05:05:12.036+0000] {logging_mixin.py:190} INFO - [2026-08-12T05:05:12.036+0000] {dag.py:4138} INFO - Setting next_dagrun for example_trigger_target_dag to None, run_after=None
[2026-08-12T05:05:12.061+0000] {processor.py:208} INFO - Processing /home/airflow/.local/lib/python3.12/site-packages/airflow/example_dags/example_trigger_target_dag.py took 0.097 seconds
[2026-08-12T05:05:42.965+0000] {processor.py:186} INFO - Started process (PID=4097) to work on /home/airflow/.local/lib/python3.12/site-packages/airflow/example_dags/example_trigger_target_dag.py
[2026-08-12T05:05:42.968+0000] {processor.py:914} INFO - Processing file /home/airflow/.local/lib/python3.12/site-packages/airflow/example_dags/example_trigger_target_dag.py for tasks to queue
[2026-08-12T05:05:42.976+0000] {logging_mixin.py:190} INFO - [2026-08-12T05:05:42.975+0000] {dagbag.py:587} INFO - Filling up the DagBag from /home/airflow/.local/lib/python3.12/site-packages/airflow/example_dags/example_trigger_target_dag.py
[2026-08-12T05:05:42.995+0000] {processor.py:925} INFO - DAG(s) 'example_trigger_target_dag' retrieved from /home/airflow/.local/lib/python3.12/site-packages/airflow/example_dags/example_trigger_target_dag.py
[2026-08-12T05:05:43.030+0000] {logging_mixin.py:190} INFO - [2026-08-12T05:05:43.030+0000] {dag.py:3211} INFO - Sync 1 DAGs
[2026-08-12T05:05:43.060+0000] {logging_mixin.py:190} INFO - [2026-08-12T05:05:43.060+0000] {dag.py:4138} INFO - Setting next_dagrun for example_trigger_target_dag to None, run_after=None
[2026-08-12T05:05:43.098+0000] {processor.py:208} INFO - Processing /home/airflow/.local/lib/python3.12/site-packages/airflow/example_dags/example_trigger_target_dag.py took 0.144 seconds
[2026-08-12T05:06:13.506+0000] {processor.py:186} INFO - Started process (PID=4160) to work on /home/airflow/.local/lib/python3.12/site-packages/airflow/example_dags/example_trigger_target_dag.py
[2026-08-12T05:06:13.509+0000] {processor.py:914} INFO - Processing file /home/airflow/.local/lib/python3.12/site-packages/airflow/example_dags/example_trigger_target_dag.py for tasks to queue
[2026-08-12T05:06:13.513+0000] {logging_mixin.py:190} INFO - [2026-08-12T05:06:13.512+0000] {dagbag.py:587} INFO - Filling up the DagBag from /home/airflow/.local/lib/python3.12/site-packages/airflow/example_dags/example_trigger_target_dag.py
[2026-08-12T05:06:13.523+0000] {processor.py:925} INFO - DAG(s) 'example_trigger_target_dag' retrieved from /home/airflow/.local/lib/python3.12/site-packages/airflow/example_dags/example_trigger_target_dag.py
[2026-08-12T05:06:13.549+0000] {logging_mixin.py:190} INFO - [2026-08-12T05:06:13.549+0000] {dag.py:3211} INFO - Sync 1 DAGs
[2026-08-12T05:06:13.568+0000] {logging_mixin.py:190} INFO - [2026-08-12T05:06:13.568+0000] {dag.py:4138} INFO - Setting next_dagrun for example_trigger_target_dag to None, run_after=None
[2026-08-12T05:06:13.592+0000] {processor.py:208} INFO - Processing /home/airflow/.local/lib/python3.12/site-packages/airflow/example_dags/example_trigger_target_dag.py took 0.092 seconds
[2026-08-12T05:06:43.954+0000] {processor.py:186} INFO - Started process (PID=4223) to work on /home/airflow/.local/lib/python3.12/site-packages/airflow/example_dags/example_trigger_target_dag.py
[2026-08-12T05:06:43.956+0000] {processor.py:914} INFO - Processing file /home/airflow/.local/lib/python3.12/site-packages/airflow/example_dags/example_trigger_target_dag.py for tasks to queue
[2026-08-12T05:06:43.960+0000] {logging_mixin.py:190} INFO - [2026-08-12T05:06:43.960+0000] {dagbag.py:587} INFO - Filling up the DagBag from /home/airflow/.local/lib/python3.12/site-packages/airflow/example_dags/example_trigger_target_dag.py
[2026-08-12T05:06:43.971+0000] {processor.py:925} INFO - DAG(s) 'example_trigger_target_dag' retrieved from /home/airflow/.local/lib/python3.12/site-packages/airflow/example_dags/example_trigger_target_dag.py
[2026-08-12T05:06:43.996+0000] {logging_mixin.py:190} INFO - [2026-08-12T05:06:43.996+0000] {dag.py:3211} INFO - Sync 1 DAGs
[2026-08-12T05:06:44.012+0000] {logging_mixin.py:190} INFO - [2026-08-12T05:06:44.012+0000] {dag.py:4138} INFO - Setting next_dagrun for example_trigger_target_dag to None, run_after=None
[2026-08-12T05:06:44.037+0000] {processor.py:208} INFO - Processing /home/airflow/.local/lib/python3.12/site-packages/airflow/example_dags/example_trigger_target_dag.py took 0.090 seconds
[2026-08-12T05:07:14.979+0000] {processor.py:186} INFO - Started process (PID=4286) to work on /home/airflow/.local/lib/python3.12/site-packages/airflow/example_dags/example_trigger_target_dag.py
[2026-08-12T05:07:14.982+0000] {processor.py:914} INFO - Processing file /home/airflow/.local/lib/python3.12/site-packages/airflow/example_dags/example_trigger_target_dag.py for tasks to queue
[2026-08-12T05:07:14.986+0000] {logging_mixin.py:190} INFO - [2026-08-12T05:07:14.985+0000] {dagbag.py:587} INFO - Filling up the DagBag from /home/airflow/.local/lib/python3.12/site-packages/airflow/example_dags/example_trigger_target_dag.py
[2026-08-12T05:07:14.997+0000] {processor.py:925} INFO - DAG(s) 'example_trigger_target_dag' retrieved from /home/airflow/.local/lib/python3.12/site-packages/airflow/example_dags/example_trigger_target_dag.py
[2026-08-12T05:07:15.022+0000] {logging_mixin.py:190} INFO - [2026-08-12T05:07:15.022+0000] {dag.py:3211} INFO - Sync 1 DAGs
[2026-08-12T05:07:15.042+0000] {logging_mixin.py:190} INFO - [2026-08-12T05:07:15.042+0000] {dag.py:4138} INFO - Setting next_dagrun for example_trigger_target_dag to None, run_after=None
[2026-08-12T05:07:15.064+0000] {processor.py:208} INFO - Processing /home/airflow/.local/lib/python3.12/site-packages/airflow/example_dags/example_trigger_target_dag.py took 0.091 seconds
[2026-08-12T05:07:45.580+0000] {processor.py:186} INFO - Started process (PID=4349) to work on /home/airflow/.local/lib/python3.12/site-packages/airflow/example_dags/example_trigger_target_dag.py
[2026-08-12T05:07:45.582+0000] {processor.py:914} INFO - Processing file /home/airflow/.local/lib/python3.12/site-packages/airflow/example_dags/example_trigger_target_dag.py for tasks to queue
[2026-08-12T05:07:45.587+0000] {logging_mixin.py:190} INFO - [2026-08-12T05:07:45.586+0000] {dagbag.py:587} INFO - Filling up the DagBag from /home/airflow/.local/lib/python3.12/site-packages/airflow/example_dags/example_trigger_target_dag.py
[2026-08-12T05:07:45.598+0000] {processor.py:925} INFO - DAG(s) 'example_trigger_target_dag' retrieved from /home/airflow/.local/lib/python3.12/site-packages/airflow/example_dags/example_trigger_target_dag.py
[2026-08-12T05:07:45.622+0000] {logging_mixin.py:190} INFO - [2026-08-12T05:07:45.621+0000] {dag.py:3211} INFO - Sync 1 DAGs
[2026-08-12T05:07:45.638+0000] {logging_mixin.py:190} INFO - [2026-08-12T05:07:45.638+0000] {dag.py:4138} INFO - Setting next_dagrun for example_trigger_target_dag to None, run_after=None
[2026-08-12T05:07:45.658+0000] {processor.py:208} INFO - Processing /home/airflow/.local/lib/python3.12/site-packages/airflow/example_dags/example_trigger_target_dag.py took 0.087 seconds
[2026-08-12T05:08:15.912+0000] {processor.py:186} INFO - Started process (PID=4412) to work on /home/airflow/.local/lib/python3.12/site-packages/airflow/example_dags/example_trigger_target_dag.py
[2026-08-12T05:08:15.914+0000] {processor.py:914} INFO - Processing file /home/airflow/.local/lib/python3.12/site-packages/airflow/example_dags/example_trigger_target_dag.py for tasks to queue
[2026-08-12T05:08:15.920+0000] {logging_mixin.py:190} INFO - [2026-08-12T05:08:15.920+0000] {dagbag.py:587} INFO - Filling up the DagBag from /home/airflow/.local/lib/python3.12/site-packages/airflow/example_dags/example_trigger_target_dag.py
[2026-08-12T05:08:15.932+0000] {processor.py:925} INFO - DAG(s) 'example_trigger_target_dag' retrieved from /home/airflow/.local/lib/python3.12/site-packages/airflow/example_dags/example_trigger_target_dag.py
[2026-08-12T05:08:15.957+0000] {logging_mixin.py:190} INFO - [2026-08-12T05:08:15.957+0000] {dag.py:3211} INFO - Sync 1 DAGs
[2026-08-12T05:08:15.974+0000] {logging_mixin.py:190} INFO - [2026-08-12T05:08:15.973+0000] {dag.py:4138} INFO - Setting next_dagrun for example_trigger_target_dag to None, run_after=None
[2026-08-12T05:08:15.998+0000] {processor.py:208} INFO - Processing /home/airflow/.local/lib/python3.12/site-packages/airflow/example_dags/example_trigger_target_dag.py took 0.092 seconds
[2026-08-12T05:08:46.315+0000] {processor.py:186} INFO - Started process (PID=4475) to work on /home/airflow/.local/lib/python3.12/site-packages/airflow/example_dags/example_trigger_target_dag.py
[2026-08-12T05:08:46.318+0000] {processor.py:914} INFO - Processing file /home/airflow/.local/lib/python3.12/site-packages/airflow/example_dags/example_trigger_target_dag.py for tasks to queue
[2026-08-12T05:08:46.321+0000] {logging_mixin.py:190} INFO - [2026-08-12T05:08:46.321+0000] {dagbag.py:587} INFO - Filling up the DagBag from /home/airflow/.local/lib/python3.12/site-packages/airflow/example_dags/example_trigger_target_dag.py
[2026-08-12T05:08:46.331+0000] {processor.py:925} INFO - DAG(s) 'example_trigger_target_dag' retrieved from /home/airflow/.local/lib/python3.12/site-packages/airflow/example_dags/example_trigger_target_dag.py
[2026-08-12T05:08:46.354+0000] {logging_mixin.py:190} INFO - [2026-08-12T05:08:46.354+0000] {dag.py:3211} INFO - Sync 1 DAGs
[2026-08-12T05:08:46.371+0000] {logging_mixin.py:190} INFO - [2026-08-12T05:08:46.370+0000] {dag.py:4138} INFO - Setting next_dagrun for example_trigger_target_dag to None, run_after=None
[2026-08-12T05:08:46.397+0000] {processor.py:208} INFO - Processing /home/airflow/.local/lib/python3.12/site-packages/airflow/example_dags/example_trigger_target_dag.py took 0.088 seconds
[2026-08-12T05:09:16.608+0000] {processor.py:186} INFO - Started process (PID=4538) to work on /home/airflow/.local/lib/python3.12/site-packages/airflow/example_dags/example_trigger_target_dag.py
[2026-08-12T05:09:16.610+0000] {processor.py:914} INFO - Processing file /home/airflow/.local/lib/python3.12/site-packages/airflow/example_dags/example_trigger_target_dag.py for tasks to queue
[2026-08-12T05:09:16.614+0000] {logging_mixin.py:190} INFO - [2026-08-12T05:09:16.614+0000] {dagbag.py:587} INFO - Filling up the DagBag from /home/airflow/.local/lib/python3.12/site-packages/airflow/example_dags/example_trigger_target_dag.py
[2026-08-12T05:09:16.625+0000] {processor.py:925} INFO - DAG(s) 'example_trigger_target_dag' retrieved from /home/airflow/.local/lib/python3.12/site-packages/airflow/example_dags/example_trigger_target_dag.py
[2026-08-12T05:09:16.647+0000] {logging_mixin.py:190} INFO - [2026-08-12T05:09:16.646+0000] {dag.py:3211} INFO - Sync 1 DAGs
[2026-08-12T05:09:16.662+0000] {logging_mixin.py:190} INFO - [2026-08-12T05:09:16.662+0000] {dag.py:4138} INFO - Setting next_dagrun for example_trigger_target_dag to None, run_after=None
[2026-08-12T05:09:16.688+0000] {processor.py:208} INFO - Processing /home/airflow/.local/lib/python3.12/site-packages/airflow/example_dags/example_trigger_target_dag.py took 0.086 seconds
[2026-08-12T05:09:47.161+0000] {processor.py:186} INFO - Started process (PID=4601) to work on /home/airflow/.local/lib/python3.12/site-packages/airflow/example_dags/example_trigger_target_dag.py
[2026-08-12T05:09:47.163+0000] {processor.py:914} INFO - Processing file /home/airflow/.local/lib/python3.12/site-packages/airflow/example_dags/example_trigger_target_dag.py for tasks to queue
[2026-08-12T05:09:47.167+0000] {logging_mixin.py:190} INFO - [2026-08-12T05:09:47.167+0000] {dagbag.py:587} INFO - Filling up the DagBag from /home/airflow/.local/lib/python3.12/site-packages/airflow/example_dags/example_trigger_target_dag.py
[2026-08-12T05:09:47.178+0000] {processor.py:925} INFO - DAG(s) 'example_trigger_target_dag' retrieved from /home/airflow/.local/lib/python3.12/site-packages/airflow/example_dags/example_trigger_target_dag.py
[2026-08-12T05:09:47.200+0000] {logging_mixin.py:190} INFO - [2026-08-12T05:09:47.200+0000] {dag.py:3211} INFO - Sync 1 DAGs
[2026-08-12T05:09:47.215+0000] {logging_mixin.py:190} INFO - [2026-08-12T05:09:47.215+0000] {dag.py:4138} INFO - Setting next_dagrun for example_trigger_target_dag to None, run_after=None
[2026-08-12T05:09:47.243+0000] {processor.py:208} INFO - Processing /home/airflow/.local/lib/python3.12/site-packages/airflow/example_dags/example_trigger_target_dag.py took 0.089 seconds
[2026-08-12T05:10:17.318+0000] {processor.py:186} INFO - Started process (PID=4663) to work on /home/airflow/.local/lib/python3.12/site-packages/airflow/example_dags/example_trigger_target_dag.py
[2026-08-12T05:10:17.321+0000] {processor.py:914} INFO - Processing file /home/airflow/.local/lib/python3.12/site-packages/airflow/example_dags/example_trigger_target_dag.py for tasks to queue
[2026-08-12T05:10:17.326+0000] {logging_mixin.py:190} INFO - [2026-08-12T05:10:17.325+0000] {dagbag.py:587} INFO - Filling up the DagBag from /home/airflow/.local/lib/python3.12/site-packages/airflow/example_dags/example_trigger_target_dag.py
[2026-08-12T05:10:17.335+0000] {processor.py:925} INFO - DAG(s) 'example_trigger_target_dag' retrieved from /home/airflow/.local/lib/python3.12/site-packages/airflow/example_dags/example_trigger_target_dag.py
[2026-08-12T05:10:17.361+0000] {logging_mixin.py:190} INFO - [2026-08-12T05:10:17.360+0000] {dag.py:3211} INFO - Sync 1 DAGs
[2026-08-12T05:10:17.378+0000] {logging_mixin.py:190} INFO - [2026-08-12T05:10:17.378+0000] {dag.py:4138} INFO - Setting next_dagrun for example_trigger_target_dag to None, run_after=None
[2026-08-12T05:10:17.399+0000] {processor.py:208} INFO - Processing /home/airflow/.local/lib/python3.12/site-packages/airflow/example_dags/example_trigger_target_dag.py took 0.089 seconds
[2026-08-12T05:10:47.631+0000] {processor.py:186} INFO - Started process (PID=4726) to work on /home/airflow/.local/lib/python3.12/site-packages/airflow/example_dags/example_trigger_target_dag.py
[2026-08-12T05:10:47.634+0000] {processor.py:914} INFO - Processing file /home/airflow/.local/lib/python3.12/site-packages/airflow/example_dags/example_trigger_target_dag.py for tasks to queue
[2026-08-12T05:10:47.638+0000] {logging_mixin.py:190} INFO - [2026-08-12T05:10:47.637+0000] {dagbag.py:587} INFO - Filling up the DagBag from /home/airflow/.local/lib/python3.12/site-packages/airflow/example_dags/example_trigger_target_dag.py
[2026-08-12T05:10:47.647+0000] {processor.py:925} INFO - DAG(s) 'example_trigger_target_dag' retrieved from /home/airflow/.local/lib/python3.12/site-packages/airflow/example_dags/example_trigger_target_dag.py
[2026-08-12T05:10:47.671+0000] {logging_mixin.py:190} INFO - [2026-08-12T05:10:47.671+0000] {dag.py:3211} INFO - Sync 1 DAGs
[2026-08-12T05:10:47.688+0000] {logging_mixin.py:190} INFO - [2026-08-12T05:10:47.688+0000] {dag.py:4138} INFO - Setting next_dagrun for example_trigger_target_dag to None, run_after=None
[2026-08-12T05:10:47.718+0000] {processor.py:208} INFO - Processing /home/airflow/.local/lib/python3.12/site-packages/airflow/example_dags/example_trigger_target_dag.py took 0.093 seconds
[2026-08-12T05:11:17.979+0000] {processor.py:186} INFO - Started process (PID=4789) to work on /home/airflow/.local/lib/python3.12/site-packages/airflow/example_dags/example_trigger_target_dag.py
[2026-08-12T05:11:17.982+0000] {processor.py:914} INFO - Processing file /home/airflow/.local/lib/python3.12/site-packages/airflow/example_dags/example_trigger_target_dag.py for tasks to queue
[2026-08-12T05:11:17.987+0000] {logging_mixin.py:190} INFO - [2026-08-12T05:11:17.986+0000] {dagbag.py:587} INFO - Filling up the DagBag from /home/airflow/.local/lib/python3.12/site-packages/airflow/example_dags/example_trigger_target_dag.py
[2026-08-12T05:11:17.997+0000] {processor.py:925} INFO - DAG(s) 'example_trigger_target_dag' retrieved from /home/airflow/.local/lib/python3.12/site-packages/airflow/example_dags/example_trigger_target_dag.py
[2026-08-12T05:11:18.023+0000] {logging_mixin.py:190} INFO - [2026-08-12T05:11:18.023+0000] {dag.py:3211} INFO - Sync 1 DAGs
[2026-08-12T05:11:18.041+0000] {logging_mixin.py:190} INFO - [2026-08-12T05:11:18.041+0000] {dag.py:4138} INFO - Setting next_dagrun for example_trigger_target_dag to None, run_after=None
[2026-08-12T05:11:18.065+0000] {processor.py:208} INFO - Processing /home/airflow/.local/lib/python3.12/site-packages/airflow/example_dags/example_trigger_target_dag.py took 0.094 seconds
[2026-08-12T05:11:49.135+0000] {processor.py:186} INFO - Started process (PID=4853) to work on /home/airflow/.local/lib/python3.12/site-packages/airflow/example_dags/example_trigger_target_dag.py
[2026-08-12T05:11:49.138+0000] {processor.py:914} INFO - Processing file /home/airflow/.local/lib/python3.12/site-packages/airflow/example_dags/example_trigger_target_dag.py for tasks to queue
[2026-08-12T05:11:49.143+0000] {logging_mixin.py:190} INFO - [2026-08-12T05:11:49.142+0000] {dagbag.py:587} INFO - Filling up the DagBag from /home/airflow/.local/lib/python3.12/site-packages/airflow/example_dags/example_trigger_target_dag.py
[2026-08-12T05:11:49.152+0000] {processor.py:925} INFO - DAG(s) 'example_trigger_target_dag' retrieved from /home/airflow/.local/lib/python3.12/site-packages/airflow/example_dags/example_trigger_target_dag.py
[2026-08-12T05:11:49.177+0000] {logging_mixin.py:190} INFO - [2026-08-12T05:11:49.177+0000] {dag.py:3211} INFO - Sync 1 DAGs
[2026-08-12T05:11:49.192+0000] {logging_mixin.py:190} INFO - [2026-08-12T05:11:49.192+0000] {dag.py:4138} INFO - Setting next_dagrun for example_trigger_target_dag to None, run_after=None
[2026-08-12T05:11:49.218+0000] {processor.py:208} INFO - Processing /home/airflow/.local/lib/python3.12/site-packages/airflow/example_dags/example_trigger_target_dag.py took 0.089 seconds
[2026-08-12T05:12:19.400+0000] {processor.py:186} INFO - Started process (PID=4916) to work on /home/airflow/.local/lib/python3.12/site-packages/airflow/example_dags/example_trigger_target_dag.py
[2026-08-12T05:12:19.402+0000] {processor.py:914} INFO - Processing file /home/airflow/.local/lib/python3.12/site-packages/airflow/example_dags/example_trigger_target_dag.py for tasks to queue
[2026-08-12T05:12:19.406+0000] {logging_mixin.py:190} INFO - [2026-08-12T05:12:19.405+0000] {dagbag.py:587} INFO - Filling up the DagBag from /home/airflow/.local/lib/python3.12/site-packages/airflow/example_dags/example_trigger_target_dag.py
[2026-08-12T05:12:19.415+0000] {processor.py:925} INFO - DAG(s) 'example_trigger_target_dag' retrieved from /home/airflow/.local/lib/python3.12/site-packages/airflow/example_dags/example_trigger_target_dag.py
[2026-08-12T05:12:19.440+0000] {logging_mixin.py:190} INFO - [2026-08-12T05:12:19.440+0000] {dag.py:3211} INFO - Sync 1 DAGs
[2026-08-12T05:12:19.459+0000] {logging_mixin.py:190} INFO - [2026-08-12T05:12:19.458+0000] {dag.py:4138} INFO - Setting next_dagrun for example_trigger_target_dag to None, run_after=None
[2026-08-12T05:12:19.483+0000] {processor.py:208} INFO - Processing /home/airflow/.local/lib/python3.12/site-packages/airflow/example_dags/example_trigger_target_dag.py took 0.090 seconds
[2026-08-12T05:12:49.679+0000] {processor.py:186} INFO - Started process (PID=4979) to work on /home/airflow/.local/lib/python3.12/site-packages/airflow/example_dags/example_trigger_target_dag.py
[2026-08-12T05:12:49.681+0000] {processor.py:914} INFO - Processing file /home/airflow/.local/lib/python3.12/site-packages/airflow/example_dags/example_trigger_target_dag.py for tasks to queue
[2026-08-12T05:12:49.685+0000] {logging_mixin.py:190} INFO - [2026-08-12T05:12:49.685+0000] {dagbag.py:587} INFO - Filling up the DagBag from /home/airflow/.local/lib/python3.12/site-packages/airflow/example_dags/example_trigger_target_dag.py
[2026-08-12T05:12:49.695+0000] {processor.py:925} INFO - DAG(s) 'example_trigger_target_dag' retrieved from /home/airflow/.local/lib/python3.12/site-packages/airflow/example_dags/example_trigger_target_dag.py
[2026-08-12T05:12:49.717+0000] {logging_mixin.py:190} INFO - [2026-08-12T05:12:49.717+0000] {dag.py:3211} INFO - Sync 1 DAGs
[2026-08-12T05:12:49.734+0000] {logging_mixin.py:190} INFO - [2026-08-12T05:12:49.733+0000] {dag.py:4138} INFO - Setting next_dagrun for example_trigger_target_dag to None, run_after=None
[2026-08-12T05:12:49.756+0000] {processor.py:208} INFO - Processing /home/airflow/.local/lib/python3.12/site-packages/airflow/example_dags/example_trigger_target_dag.py took 0.083 seconds
[2026-08-12T05:13:19.819+0000] {processor.py:186} INFO - Started process (PID=5041) to work on /home/airflow/.local/lib/python3.12/site-packages/airflow/example_dags/example_trigger_target_dag.py
[2026-08-12T05:13:19.821+0000] {processor.py:914} INFO - Processing file /home/airflow/.local/lib/python3.12/site-packages/airflow/example_dags/example_trigger_target_dag.py for tasks to queue
[2026-08-12T05:13:19.826+0000] {logging_mixin.py:190} INFO - [2026-08-12T05:13:19.826+0000] {dagbag.py:587} INFO - Filling up the DagBag from /home/airflow/.local/lib/python3.12/site-packages/airflow/example_dags/example_trigger_target_dag.py
[2026-08-12T05:13:19.836+0000] {processor.py:925} INFO - DAG(s) 'example_trigger_target_dag' retrieved from /home/airflow/.local/lib/python3.12/site-packages/airflow/example_dags/example_trigger_target_dag.py
[2026-08-12T05:13:19.863+0000] {logging_mixin.py:190} INFO - [2026-08-12T05:13:19.862+0000] {dag.py:3211} INFO - Sync 1 DAGs
[2026-08-12T05:13:19.880+0000] {logging_mixin.py:190} INFO - [2026-08-12T05:13:19.880+0000] {dag.py:4138} INFO - Setting next_dagrun for example_trigger_target_dag to None, run_after=None
[2026-08-12T05:13:19.908+0000] {processor.py:208} INFO - Processing /home/airflow/.local/lib/python3.12/site-packages/airflow/example_dags/example_trigger_target_dag.py took 0.096 seconds
[2026-08-12T05:13:50.468+0000] {processor.py:186} INFO - Started process (PID=5105) to work on /home/airflow/.local/lib/python3.12/site-packages/airflow/example_dags/example_trigger_target_dag.py
[2026-08-12T05:13:50.470+0000] {processor.py:914} INFO - Processing file /home/airflow/.local/lib/python3.12/site-packages/airflow/example_dags/example_trigger_target_dag.py for tasks to queue
[2026-08-12T05:13:50.475+0000] {logging_mixin.py:190} INFO - [2026-08-12T05:13:50.475+0000] {dagbag.py:587} INFO - Filling up the DagBag from /home/airflow/.local/lib/python3.12/site-packages/airflow/example_dags/example_trigger_target_dag.py
[2026-08-12T05:13:50.487+0000] {processor.py:925} INFO - DAG(s) 'example_trigger_target_dag' retrieved from /home/airflow/.local/lib/python3.12/site-packages/airflow/example_dags/example_trigger_target_dag.py
[2026-08-12T05:13:50.511+0000] {logging_mixin.py:190} INFO - [2026-08-12T05:13:50.511+0000] {dag.py:3211} INFO - Sync 1 DAGs
[2026-08-12T05:13:50.527+0000] {logging_mixin.py:190} INFO - [2026-08-12T05:13:50.527+0000] {dag.py:4138} INFO - Setting next_dagrun for example_trigger_target_dag to None, run_after=None
[2026-08-12T05:13:50.556+0000] {processor.py:208} INFO - Processing /home/airflow/.local/lib/python3.12/site-packages/airflow/example_dags/example_trigger_target_dag.py took 0.096 seconds
[2026-08-12T05:14:20.822+0000] {processor.py:186} INFO - Started process (PID=5168) to work on /home/airflow/.local/lib/python3.12/site-packages/airflow/example_dags/example_trigger_target_dag.py
[2026-08-12T05:14:20.825+0000] {processor.py:914} INFO - Processing file /home/airflow/.local/lib/python3.12/site-packages/airflow/example_dags/example_trigger_target_dag.py for tasks to queue
[2026-08-12T05:14:20.828+0000] {logging_mixin.py:190} INFO - [2026-08-12T05:14:20.828+0000] {dagbag.py:587} INFO - Filling up the DagBag from /home/airflow/.local/lib/python3.12/site-packages/airflow/example_dags/example_trigger_target_dag.py
[2026-08-12T05:14:20.837+0000] {processor.py:925} INFO - DAG(s) 'example_trigger_target_dag' retrieved from /home/airflow/.local/lib/python3.12/site-packages/airflow/example_dags/example_trigger_target_dag.py
[2026-08-12T05:14:20.865+0000] {logging_mixin.py:190} INFO - [2026-08-12T05:14:20.865+0000] {dag.py:3211} INFO - Sync 1 DAGs
[2026-08-12T05:14:20.883+0000] {logging_mixin.py:190} INFO - [2026-08-12T05:14:20.883+0000] {dag.py:4138} INFO - Setting next_dagrun for example_trigger_target_dag to None, run_after=None
[2026-08-12T05:14:20.905+0000] {processor.py:208} INFO - Processing /home/airflow/.local/lib/python3.12/site-packages/airflow/example_dags/example_trigger_target_dag.py took 0.089 seconds
[2026-08-12T05:14:51.064+0000] {processor.py:186} INFO - Started process (PID=5231) to work on /home/airflow/.local/lib/python3.12/site-packages/airflow/example_dags/example_trigger_target_dag.py
[2026-08-12T05:14:51.068+0000] {processor.py:914} INFO - Processing file /home/airflow/.local/lib/python3.12/site-packages/airflow/example_dags/example_trigger_target_dag.py for tasks to queue
[2026-08-12T05:14:51.074+0000] {logging_mixin.py:190} INFO - [2026-08-12T05:14:51.073+0000] {dagbag.py:587} INFO - Filling up the DagBag from /home/airflow/.local/lib/python3.12/site-packages/airflow/example_dags/example_trigger_target_dag.py
[2026-08-12T05:14:51.093+0000] {processor.py:925} INFO - DAG(s) 'example_trigger_target_dag' retrieved from /home/airflow/.local/lib/python3.12/site-packages/airflow/example_dags/example_trigger_target_dag.py
[2026-08-12T05:14:51.118+0000] {logging_mixin.py:190} INFO - [2026-08-12T05:14:51.118+0000] {dag.py:3211} INFO - Sync 1 DAGs
[2026-08-12T05:14:51.134+0000] {logging_mixin.py:190} INFO - [2026-08-12T05:14:51.134+0000] {dag.py:4138} INFO - Setting next_dagrun for example_trigger_target_dag to None, run_after=None
[2026-08-12T05:14:51.159+0000] {processor.py:208} INFO - Processing /home/airflow/.local/lib/python3.12/site-packages/airflow/example_dags/example_trigger_target_dag.py took 0.106 seconds
[2026-08-12T05:15:21.368+0000] {processor.py:186} INFO - Started process (PID=5293) to work on /home/airflow/.local/lib/python3.12/site-packages/airflow/example_dags/example_trigger_target_dag.py
[2026-08-12T05:15:21.372+0000] {processor.py:914} INFO - Processing file /home/airflow/.local/lib/python3.12/site-packages/airflow/example_dags/example_trigger_target_dag.py for tasks to queue
[2026-08-12T05:15:21.377+0000] {logging_mixin.py:190} INFO - [2026-08-12T05:15:21.377+0000] {dagbag.py:587} INFO - Filling up the DagBag from /home/airflow/.local/lib/python3.12/site-packages/airflow/example_dags/example_trigger_target_dag.py
[2026-08-12T05:15:21.394+0000] {processor.py:925} INFO - DAG(s) 'example_trigger_target_dag' retrieved from /home/airflow/.local/lib/python3.12/site-packages/airflow/example_dags/example_trigger_target_dag.py
[2026-08-12T05:15:21.418+0000] {logging_mixin.py:190} INFO - [2026-08-12T05:15:21.418+0000] {dag.py:3211} INFO - Sync 1 DAGs
[2026-08-12T05:15:21.434+0000] {logging_mixin.py:190} INFO - [2026-08-12T05:15:21.434+0000] {dag.py:4138} INFO - Setting next_dagrun for example_trigger_target_dag to None, run_after=None
[2026-08-12T05:15:21.460+0000] {processor.py:208} INFO - Processing /home/airflow/.local/lib/python3.12/site-packages/airflow/example_dags/example_trigger_target_dag.py took 0.103 seconds
[2026-08-12T05:15:52.164+0000] {processor.py:186} INFO - Started process (PID=5357) to work on /home/airflow/.local/lib/python3.12/site-packages/airflow/example_dags/example_trigger_target_dag.py
[2026-08-12T05:15:52.167+0000] {processor.py:914} INFO - Processing file /home/airflow/.local/lib/python3.12/site-packages/airflow/example_dags/example_trigger_target_dag.py for tasks to queue
[2026-08-12T05:15:52.170+0000] {logging_mixin.py:190} INFO - [2026-08-12T05:15:52.170+0000] {dagbag.py:587} INFO - Filling up the DagBag from /home/airflow/.local/lib/python3.12/site-packages/airflow/example_dags/example_trigger_target_dag.py
[2026-08-12T05:15:52.180+0000] {processor.py:925} INFO - DAG(s) 'example_trigger_target_dag' retrieved from /home/airflow/.local/lib/python3.12/site-packages/airflow/example_dags/example_trigger_target_dag.py
[2026-08-12T05:15:52.201+0000] {logging_mixin.py:190} INFO - [2026-08-12T05:15:52.201+0000] {dag.py:3211} INFO - Sync 1 DAGs
[2026-08-12T05:15:52.217+0000] {logging_mixin.py:190} INFO - [2026-08-12T05:15:52.216+0000] {dag.py:4138} INFO - Setting next_dagrun for example_trigger_target_dag to None, run_after=None
[2026-08-12T05:15:52.242+0000] {processor.py:208} INFO - Processing /home/airflow/.local/lib/python3.12/site-packages/airflow/example_dags/example_trigger_target_dag.py took 0.084 seconds
[2026-08-12T05:16:22.659+0000] {processor.py:186} INFO - Started process (PID=5420) to work on /home/airflow/.local/lib/python3.12/site-packages/airflow/example_dags/example_trigger_target_dag.py
[2026-08-12T05:16:22.662+0000] {processor.py:914} INFO - Processing file /home/airflow/.local/lib/python3.12/site-packages/airflow/example_dags/example_trigger_target_dag.py for tasks to queue
[2026-08-12T05:16:22.667+0000] {logging_mixin.py:190} INFO - [2026-08-12T05:16:22.667+0000] {dagbag.py:587} INFO - Filling up the DagBag from /home/airflow/.local/lib/python3.12/site-packages/airflow/example_dags/example_trigger_target_dag.py
[2026-08-12T05:16:22.677+0000] {processor.py:925} INFO - DAG(s) 'example_trigger_target_dag' retrieved from /home/airflow/.local/lib/python3.12/site-packages/airflow/example_dags/example_trigger_target_dag.py
[2026-08-12T05:16:22.704+0000] {logging_mixin.py:190} INFO - [2026-08-12T05:16:22.704+0000] {dag.py:3211} INFO - Sync 1 DAGs
[2026-08-12T05:16:22.722+0000] {logging_mixin.py:190} INFO - [2026-08-12T05:16:22.722+0000] {dag.py:4138} INFO - Setting next_dagrun for example_trigger_target_dag to None, run_after=None
[2026-08-12T05:16:22.751+0000] {processor.py:208} INFO - Processing /home/airflow/.local/lib/python3.12/site-packages/airflow/example_dags/example_trigger_target_dag.py took 0.098 seconds
[2026-08-12T05:16:53.155+0000] {processor.py:186} INFO - Started process (PID=5483) to work on /home/airflow/.local/lib/python3.12/site-packages/airflow/example_dags/example_trigger_target_dag.py
[2026-08-12T05:16:53.157+0000] {processor.py:914} INFO - Processing file /home/airflow/.local/lib/python3.12/site-packages/airflow/example_dags/example_trigger_target_dag.py for tasks to queue
[2026-08-12T05:16:53.162+0000] {logging_mixin.py:190} INFO - [2026-08-12T05:16:53.161+0000] {dagbag.py:587} INFO - Filling up the DagBag from /home/airflow/.local/lib/python3.12/site-packages/airflow/example_dags/example_trigger_target_dag.py
[2026-08-12T05:16:53.171+0000] {processor.py:925} INFO - DAG(s) 'example_trigger_target_dag' retrieved from /home/airflow/.local/lib/python3.12/site-packages/airflow/example_dags/example_trigger_target_dag.py
[2026-08-12T05:16:53.195+0000] {logging_mixin.py:190} INFO - [2026-08-12T05:16:53.194+0000] {dag.py:3211} INFO - Sync 1 DAGs
[2026-08-12T05:16:53.213+0000] {logging_mixin.py:190} INFO - [2026-08-12T05:16:53.213+0000] {dag.py:4138} INFO - Setting next_dagrun for example_trigger_target_dag to None, run_after=None
[2026-08-12T05:16:53.249+0000] {processor.py:208} INFO - Processing /home/airflow/.local/lib/python3.12/site-packages/airflow/example_dags/example_trigger_target_dag.py took 0.101 seconds
[2026-08-12T05:17:23.473+0000] {processor.py:186} INFO - Started process (PID=5546) to work on /home/airflow/.local/lib/python3.12/site-packages/airflow/example_dags/example_trigger_target_dag.py
[2026-08-12T05:17:23.477+0000] {processor.py:914} INFO - Processing file /home/airflow/.local/lib/python3.12/site-packages/airflow/example_dags/example_trigger_target_dag.py for tasks to queue
[2026-08-12T05:17:23.484+0000] {logging_mixin.py:190} INFO - [2026-08-12T05:17:23.484+0000] {dagbag.py:587} INFO - Filling up the DagBag from /home/airflow/.local/lib/python3.12/site-packages/airflow/example_dags/example_trigger_target_dag.py
[2026-08-12T05:17:23.494+0000] {processor.py:925} INFO - DAG(s) 'example_trigger_target_dag' retrieved from /home/airflow/.local/lib/python3.12/site-packages/airflow/example_dags/example_trigger_target_dag.py
[2026-08-12T05:17:23.520+0000] {logging_mixin.py:190} INFO - [2026-08-12T05:17:23.520+0000] {dag.py:3211} INFO - Sync 1 DAGs
[2026-08-12T05:17:23.538+0000] {logging_mixin.py:190} INFO - [2026-08-12T05:17:23.538+0000] {dag.py:4138} INFO - Setting next_dagrun for example_trigger_target_dag to None, run_after=None
[2026-08-12T05:17:23.564+0000] {processor.py:208} INFO - Processing /home/airflow/.local/lib/python3.12/site-packages/airflow/example_dags/example_trigger_target_dag.py took 0.102 seconds
[2026-08-12T05:17:54.175+0000] {processor.py:186} INFO - Started process (PID=5610) to work on /home/airflow/.local/lib/python3.12/site-packages/airflow/example_dags/example_trigger_target_dag.py
[2026-08-12T05:17:54.178+0000] {processor.py:914} INFO - Processing file /home/airflow/.local/lib/python3.12/site-packages/airflow/example_dags/example_trigger_target_dag.py for tasks to queue
[2026-08-12T05:17:54.182+0000] {logging_mixin.py:190} INFO - [2026-08-12T05:17:54.181+0000] {dagbag.py:587} INFO - Filling up the DagBag from /home/airflow/.local/lib/python3.12/site-packages/airflow/example_dags/example_trigger_target_dag.py
[2026-08-12T05:17:54.191+0000] {processor.py:925} INFO - DAG(s) 'example_trigger_target_dag' retrieved from /home/airflow/.local/lib/python3.12/site-packages/airflow/example_dags/example_trigger_target_dag.py
[2026-08-12T05:17:54.211+0000] {logging_mixin.py:190} INFO - [2026-08-12T05:17:54.211+0000] {dag.py:3211} INFO - Sync 1 DAGs
[2026-08-12T05:17:54.226+0000] {logging_mixin.py:190} INFO - [2026-08-12T05:17:54.226+0000] {dag.py:4138} INFO - Setting next_dagrun for example_trigger_target_dag to None, run_after=None
[2026-08-12T05:17:54.251+0000] {processor.py:208} INFO - Processing /home/airflow/.local/lib/python3.12/site-packages/airflow/example_dags/example_trigger_target_dag.py took 0.082 seconds
[2026-08-12T05:18:24.682+0000] {processor.py:186} INFO - Started process (PID=5673) to work on /home/airflow/.local/lib/python3.12/site-packages/airflow/example_dags/example_trigger_target_dag.py
[2026-08-12T05:18:24.685+0000] {processor.py:914} INFO - Processing file /home/airflow/.local/lib/python3.12/site-packages/airflow/example_dags/example_trigger_target_dag.py for tasks to queue
[2026-08-12T05:18:24.692+0000] {logging_mixin.py:190} INFO - [2026-08-12T05:18:24.691+0000] {dagbag.py:587} INFO - Filling up the DagBag from /home/airflow/.local/lib/python3.12/site-packages/airflow/example_dags/example_trigger_target_dag.py
[2026-08-12T05:18:24.706+0000] {processor.py:925} INFO - DAG(s) 'example_trigger_target_dag' retrieved from /home/airflow/.local/lib/python3.12/site-packages/airflow/example_dags/example_trigger_target_dag.py
[2026-08-12T05:18:24.734+0000] {logging_mixin.py:190} INFO - [2026-08-12T05:18:24.734+0000] {dag.py:3211} INFO - Sync 1 DAGs
[2026-08-12T05:18:24.752+0000] {logging_mixin.py:190} INFO - [2026-08-12T05:18:24.752+0000] {dag.py:4138} INFO - Setting next_dagrun for example_trigger_target_dag to None, run_after=None
[2026-08-12T05:18:24.778+0000] {processor.py:208} INFO - Processing /home/airflow/.local/lib/python3.12/site-packages/airflow/example_dags/example_trigger_target_dag.py took 0.106 seconds
[2026-08-12T05:18:54.902+0000] {processor.py:186} INFO - Started process (PID=5736) to work on /home/airflow/.local/lib/python3.12/site-packages/airflow/example_dags/example_trigger_target_dag.py
[2026-08-12T05:18:54.904+0000] {processor.py:914} INFO - Processing file /home/airflow/.local/lib/python3.12/site-packages/airflow/example_dags/example_trigger_target_dag.py for tasks to queue
[2026-08-12T05:18:54.907+0000] {logging_mixin.py:190} INFO - [2026-08-12T05:18:54.907+0000] {dagbag.py:587} INFO - Filling up the DagBag from /home/airflow/.local/lib/python3.12/site-packages/airflow/example_dags/example_trigger_target_dag.py
[2026-08-12T05:18:54.916+0000] {processor.py:925} INFO - DAG(s) 'example_trigger_target_dag' retrieved from /home/airflow/.local/lib/python3.12/site-packages/airflow/example_dags/example_trigger_target_dag.py
[2026-08-12T05:18:54.939+0000] {logging_mixin.py:190} INFO - [2026-08-12T05:18:54.939+0000] {dag.py:3211} INFO - Sync 1 DAGs
[2026-08-12T05:18:54.955+0000] {logging_mixin.py:190} INFO - [2026-08-12T05:18:54.955+0000] {dag.py:4138} INFO - Setting next_dagrun for example_trigger_target_dag to None, run_after=None
[2026-08-12T05:18:54.996+0000] {processor.py:208} INFO - Processing /home/airflow/.local/lib/python3.12/site-packages/airflow/example_dags/example_trigger_target_dag.py took 0.100 seconds
[2026-08-12T05:19:25.103+0000] {processor.py:186} INFO - Started process (PID=5798) to work on /home/airflow/.local/lib/python3.12/site-packages/airflow/example_dags/example_trigger_target_dag.py
[2026-08-12T05:19:25.106+0000] {processor.py:914} INFO - Processing file /home/airflow/.local/lib/python3.12/site-packages/airflow/example_dags/example_trigger_target_dag.py for tasks to queue
[2026-08-12T05:19:25.110+0000] {logging_mixin.py:190} INFO - [2026-08-12T05:19:25.110+0000] {dagbag.py:587} INFO - Filling up the DagBag from /home/airflow/.local/lib/python3.12/site-packages/airflow/example_dags/example_trigger_target_dag.py
[2026-08-12T05:19:25.121+0000] {processor.py:925} INFO - DAG(s) 'example_trigger_target_dag' retrieved from /home/airflow/.local/lib/python3.12/site-packages/airflow/example_dags/example_trigger_target_dag.py
[2026-08-12T05:19:25.143+0000] {logging_mixin.py:190} INFO - [2026-08-12T05:19:25.143+0000] {dag.py:3211} INFO - Sync 1 DAGs
[2026-08-12T05:19:25.160+0000] {logging_mixin.py:190} INFO - [2026-08-12T05:19:25.160+0000] {dag.py:4138} INFO - Setting next_dagrun for example_trigger_target_dag to None, run_after=None
[2026-08-12T05:19:25.189+0000] {processor.py:208} INFO - Processing /home/airflow/.local/lib/python3.12/site-packages/airflow/example_dags/example_trigger_target_dag.py took 0.092 seconds
[2026-08-12T05:19:55.477+0000] {processor.py:186} INFO - Started process (PID=5861) to work on /home/airflow/.local/lib/python3.12/site-packages/airflow/example_dags/example_trigger_target_dag.py
[2026-08-12T05:19:55.480+0000] {processor.py:914} INFO - Processing file /home/airflow/.local/lib/python3.12/site-packages/airflow/example_dags/example_trigger_target_dag.py for tasks to queue
[2026-08-12T05:19:55.484+0000] {logging_mixin.py:190} INFO - [2026-08-12T05:19:55.483+0000] {dagbag.py:587} INFO - Filling up the DagBag from /home/airflow/.local/lib/python3.12/site-packages/airflow/example_dags/example_trigger_target_dag.py
[2026-08-12T05:19:55.501+0000] {processor.py:925} INFO - DAG(s) 'example_trigger_target_dag' retrieved from /home/airflow/.local/lib/python3.12/site-packages/airflow/example_dags/example_trigger_target_dag.py
[2026-08-12T05:19:55.535+0000] {logging_mixin.py:190} INFO - [2026-08-12T05:19:55.534+0000] {dag.py:3211} INFO - Sync 1 DAGs
[2026-08-12T05:19:55.555+0000] {logging_mixin.py:190} INFO - [2026-08-12T05:19:55.555+0000] {dag.py:4138} INFO - Setting next_dagrun for example_trigger_target_dag to None, run_after=None
[2026-08-12T05:19:55.584+0000] {processor.py:208} INFO - Processing /home/airflow/.local/lib/python3.12/site-packages/airflow/example_dags/example_trigger_target_dag.py took 0.115 seconds
[2026-08-12T05:20:25.790+0000] {processor.py:186} INFO - Started process (PID=5924) to work on /home/airflow/.local/lib/python3.12/site-packages/airflow/example_dags/example_trigger_target_dag.py
[2026-08-12T05:20:25.793+0000] {processor.py:914} INFO - Processing file /home/airflow/.local/lib/python3.12/site-packages/airflow/example_dags/example_trigger_target_dag.py for tasks to queue
[2026-08-12T05:20:25.801+0000] {logging_mixin.py:190} INFO - [2026-08-12T05:20:25.801+0000] {dagbag.py:587} INFO - Filling up the DagBag from /home/airflow/.local/lib/python3.12/site-packages/airflow/example_dags/example_trigger_target_dag.py
[2026-08-12T05:20:25.813+0000] {processor.py:925} INFO - DAG(s) 'example_trigger_target_dag' retrieved from /home/airflow/.local/lib/python3.12/site-packages/airflow/example_dags/example_trigger_target_dag.py
[2026-08-12T05:20:25.841+0000] {logging_mixin.py:190} INFO - [2026-08-12T05:20:25.841+0000] {dag.py:3211} INFO - Sync 1 DAGs
[2026-08-12T05:20:25.864+0000] {logging_mixin.py:190} INFO - [2026-08-12T05:20:25.864+0000] {dag.py:4138} INFO - Setting next_dagrun for example_trigger_target_dag to None, run_after=None
[2026-08-12T05:20:25.889+0000] {processor.py:208} INFO - Processing /home/airflow/.local/lib/python3.12/site-packages/airflow/example_dags/example_trigger_target_dag.py took 0.104 seconds
[2026-08-12T05:20:56.140+0000] {processor.py:186} INFO - Started process (PID=5987) to work on /home/airflow/.local/lib/python3.12/site-packages/airflow/example_dags/example_trigger_target_dag.py
[2026-08-12T05:20:56.142+0000] {processor.py:914} INFO - Processing file /home/airflow/.local/lib/python3.12/site-packages/airflow/example_dags/example_trigger_target_dag.py for tasks to queue
[2026-08-12T05:20:56.150+0000] {logging_mixin.py:190} INFO - [2026-08-12T05:20:56.149+0000] {dagbag.py:587} INFO - Filling up the DagBag from /home/airflow/.local/lib/python3.12/site-packages/airflow/example_dags/example_trigger_target_dag.py
[2026-08-12T05:20:56.161+0000] {processor.py:925} INFO - DAG(s) 'example_trigger_target_dag' retrieved from /home/airflow/.local/lib/python3.12/site-packages/airflow/example_dags/example_trigger_target_dag.py
[2026-08-12T05:20:56.185+0000] {logging_mixin.py:190} INFO - [2026-08-12T05:20:56.184+0000] {dag.py:3211} INFO - Sync 1 DAGs
[2026-08-12T05:20:56.202+0000] {logging_mixin.py:190} INFO - [2026-08-12T05:20:56.201+0000] {dag.py:4138} INFO - Setting next_dagrun for example_trigger_target_dag to None, run_after=None
[2026-08-12T05:20:56.231+0000] {processor.py:208} INFO - Processing /home/airflow/.local/lib/python3.12/site-packages/airflow/example_dags/example_trigger_target_dag.py took 0.100 seconds
[2026-08-12T05:21:26.520+0000] {processor.py:186} INFO - Started process (PID=6050) to work on /home/airflow/.local/lib/python3.12/site-packages/airflow/example_dags/example_trigger_target_dag.py
[2026-08-12T05:21:26.522+0000] {processor.py:914} INFO - Processing file /home/airflow/.local/lib/python3.12/site-packages/airflow/example_dags/example_trigger_target_dag.py for tasks to queue
[2026-08-12T05:21:26.530+0000] {logging_mixin.py:190} INFO - [2026-08-12T05:21:26.529+0000] {dagbag.py:587} INFO - Filling up the DagBag from /home/airflow/.local/lib/python3.12/site-packages/airflow/example_dags/example_trigger_target_dag.py
[2026-08-12T05:21:26.541+0000] {processor.py:925} INFO - DAG(s) 'example_trigger_target_dag' retrieved from /home/airflow/.local/lib/python3.12/site-packages/airflow/example_dags/example_trigger_target_dag.py
[2026-08-12T05:21:26.570+0000] {logging_mixin.py:190} INFO - [2026-08-12T05:21:26.570+0000] {dag.py:3211} INFO - Sync 1 DAGs
[2026-08-12T05:21:26.587+0000] {logging_mixin.py:190} INFO - [2026-08-12T05:21:26.587+0000] {dag.py:4138} INFO - Setting next_dagrun for example_trigger_target_dag to None, run_after=None
[2026-08-12T05:21:26.609+0000] {processor.py:208} INFO - Processing /home/airflow/.local/lib/python3.12/site-packages/airflow/example_dags/example_trigger_target_dag.py took 0.098 seconds
[2026-08-12T05:21:57.233+0000] {processor.py:186} INFO - Started process (PID=6113) to work on /home/airflow/.local/lib/python3.12/site-packages/airflow/example_dags/example_trigger_target_dag.py
[2026-08-12T05:21:57.236+0000] {processor.py:914} INFO - Processing file /home/airflow/.local/lib/python3.12/site-packages/airflow/example_dags/example_trigger_target_dag.py for tasks to queue
[2026-08-12T05:21:57.242+0000] {logging_mixin.py:190} INFO - [2026-08-12T05:21:57.241+0000] {dagbag.py:587} INFO - Filling up the DagBag from /home/airflow/.local/lib/python3.12/site-packages/airflow/example_dags/example_trigger_target_dag.py
[2026-08-12T05:21:57.255+0000] {processor.py:925} INFO - DAG(s) 'example_trigger_target_dag' retrieved from /home/airflow/.local/lib/python3.12/site-packages/airflow/example_dags/example_trigger_target_dag.py
[2026-08-12T05:21:57.279+0000] {logging_mixin.py:190} INFO - [2026-08-12T05:21:57.278+0000] {dag.py:3211} INFO - Sync 1 DAGs
[2026-08-12T05:21:57.296+0000] {logging_mixin.py:190} INFO - [2026-08-12T05:21:57.296+0000] {dag.py:4138} INFO - Setting next_dagrun for example_trigger_target_dag to None, run_after=None
[2026-08-12T05:21:57.329+0000] {processor.py:208} INFO - Processing /home/airflow/.local/lib/python3.12/site-packages/airflow/example_dags/example_trigger_target_dag.py took 0.107 seconds
[2026-08-12T05:22:27.663+0000] {processor.py:186} INFO - Started process (PID=6176) to work on /home/airflow/.local/lib/python3.12/site-packages/airflow/example_dags/example_trigger_target_dag.py
[2026-08-12T05:22:27.665+0000] {processor.py:914} INFO - Processing file /home/airflow/.local/lib/python3.12/site-packages/airflow/example_dags/example_trigger_target_dag.py for tasks to queue
[2026-08-12T05:22:27.669+0000] {logging_mixin.py:190} INFO - [2026-08-12T05:22:27.669+0000] {dagbag.py:587} INFO - Filling up the DagBag from /home/airflow/.local/lib/python3.12/site-packages/airflow/example_dags/example_trigger_target_dag.py
[2026-08-12T05:22:27.682+0000] {processor.py:925} INFO - DAG(s) 'example_trigger_target_dag' retrieved from /home/airflow/.local/lib/python3.12/site-packages/airflow/example_dags/example_trigger_target_dag.py
[2026-08-12T05:22:27.708+0000] {logging_mixin.py:190} INFO - [2026-08-12T05:22:27.708+0000] {dag.py:3211} INFO - Sync 1 DAGs
[2026-08-12T05:22:27.727+0000] {logging_mixin.py:190} INFO - [2026-08-12T05:22:27.727+0000] {dag.py:4138} INFO - Setting next_dagrun for example_trigger_target_dag to None, run_after=None
[2026-08-12T05:22:27.753+0000] {processor.py:208} INFO - Processing /home/airflow/.local/lib/python3.12/site-packages/airflow/example_dags/example_trigger_target_dag.py took 0.097 seconds
[2026-08-12T05:22:57.968+0000] {processor.py:186} INFO - Started process (PID=6239) to work on /home/airflow/.local/lib/python3.12/site-packages/airflow/example_dags/example_trigger_target_dag.py
[2026-08-12T05:22:57.973+0000] {processor.py:914} INFO - Processing file /home/airflow/.local/lib/python3.12/site-packages/airflow/example_dags/example_trigger_target_dag.py for tasks to queue
[2026-08-12T05:22:57.980+0000] {logging_mixin.py:190} INFO - [2026-08-12T05:22:57.979+0000] {dagbag.py:587} INFO - Filling up the DagBag from /home/airflow/.local/lib/python3.12/site-packages/airflow/example_dags/example_trigger_target_dag.py
[2026-08-12T05:22:57.992+0000] {processor.py:925} INFO - DAG(s) 'example_trigger_target_dag' retrieved from /home/airflow/.local/lib/python3.12/site-packages/airflow/example_dags/example_trigger_target_dag.py
[2026-08-12T05:22:58.015+0000] {logging_mixin.py:190} INFO - [2026-08-12T05:22:58.015+0000] {dag.py:3211} INFO - Sync 1 DAGs
[2026-08-12T05:22:58.031+0000] {logging_mixin.py:190} INFO - [2026-08-12T05:22:58.031+0000] {dag.py:4138} INFO - Setting next_dagrun for example_trigger_target_dag to None, run_after=None
[2026-08-12T05:22:58.058+0000] {processor.py:208} INFO - Processing /home/airflow/.local/lib/python3.12/site-packages/airflow/example_dags/example_trigger_target_dag.py took 0.103 seconds
[2026-08-12T05:23:28.199+0000] {processor.py:186} INFO - Started process (PID=6302) to work on /home/airflow/.local/lib/python3.12/site-packages/airflow/example_dags/example_trigger_target_dag.py
[2026-08-12T05:23:28.203+0000] {processor.py:914} INFO - Processing file /home/airflow/.local/lib/python3.12/site-packages/airflow/example_dags/example_trigger_target_dag.py for tasks to queue
[2026-08-12T05:23:28.215+0000] {logging_mixin.py:190} INFO - [2026-08-12T05:23:28.214+0000] {dagbag.py:587} INFO - Filling up the DagBag from /home/airflow/.local/lib/python3.12/site-packages/airflow/example_dags/example_trigger_target_dag.py
[2026-08-12T05:23:28.235+0000] {processor.py:925} INFO - DAG(s) 'example_trigger_target_dag' retrieved from /home/airflow/.local/lib/python3.12/site-packages/airflow/example_dags/example_trigger_target_dag.py
[2026-08-12T05:23:28.264+0000] {logging_mixin.py:190} INFO - [2026-08-12T05:23:28.264+0000] {dag.py:3211} INFO - Sync 1 DAGs
[2026-08-12T05:23:28.283+0000] {logging_mixin.py:190} INFO - [2026-08-12T05:23:28.283+0000] {dag.py:4138} INFO - Setting next_dagrun for example_trigger_target_dag to None, run_after=None
[2026-08-12T05:23:28.305+0000] {processor.py:208} INFO - Processing /home/airflow/.local/lib/python3.12/site-packages/airflow/example_dags/example_trigger_target_dag.py took 0.117 seconds
[2026-08-12T05:23:58.695+0000] {processor.py:186} INFO - Started process (PID=6365) to work on /home/airflow/.local/lib/python3.12/site-packages/airflow/example_dags/example_trigger_target_dag.py
[2026-08-12T05:23:58.697+0000] {processor.py:914} INFO - Processing file /home/airflow/.local/lib/python3.12/site-packages/airflow/example_dags/example_trigger_target_dag.py for tasks to queue
[2026-08-12T05:23:58.701+0000] {logging_mixin.py:190} INFO - [2026-08-12T05:23:58.701+0000] {dagbag.py:587} INFO - Filling up the DagBag from /home/airflow/.local/lib/python3.12/site-packages/airflow/example_dags/example_trigger_target_dag.py
[2026-08-12T05:23:58.712+0000] {processor.py:925} INFO - DAG(s) 'example_trigger_target_dag' retrieved from /home/airflow/.local/lib/python3.12/site-packages/airflow/example_dags/example_trigger_target_dag.py
[2026-08-12T05:23:58.737+0000] {logging_mixin.py:190} INFO - [2026-08-12T05:23:58.737+0000] {dag.py:3211} INFO - Sync 1 DAGs
[2026-08-12T05:23:58.758+0000] {logging_mixin.py:190} INFO - [2026-08-12T05:23:58.757+0000] {dag.py:4138} INFO - Setting next_dagrun for example_trigger_target_dag to None, run_after=None
[2026-08-12T05:23:58.787+0000] {processor.py:208} INFO - Processing /home/airflow/.local/lib/python3.12/site-packages/airflow/example_dags/example_trigger_target_dag.py took 0.100 seconds
[2026-08-12T05:24:29.528+0000] {processor.py:186} INFO - Started process (PID=6428) to work on /home/airflow/.local/lib/python3.12/site-packages/airflow/example_dags/example_trigger_target_dag.py
[2026-08-12T05:24:29.530+0000] {processor.py:914} INFO - Processing file /home/airflow/.local/lib/python3.12/site-packages/airflow/example_dags/example_trigger_target_dag.py for tasks to queue
[2026-08-12T05:24:29.537+0000] {logging_mixin.py:190} INFO - [2026-08-12T05:24:29.536+0000] {dagbag.py:587} INFO - Filling up the DagBag from /home/airflow/.local/lib/python3.12/site-packages/airflow/example_dags/example_trigger_target_dag.py
[2026-08-12T05:24:29.546+0000] {processor.py:925} INFO - DAG(s) 'example_trigger_target_dag' retrieved from /home/airflow/.local/lib/python3.12/site-packages/airflow/example_dags/example_trigger_target_dag.py
[2026-08-12T05:24:29.573+0000] {logging_mixin.py:190} INFO - [2026-08-12T05:24:29.572+0000] {dag.py:3211} INFO - Sync 1 DAGs
[2026-08-12T05:24:29.589+0000] {logging_mixin.py:190} INFO - [2026-08-12T05:24:29.588+0000] {dag.py:4138} INFO - Setting next_dagrun for example_trigger_target_dag to None, run_after=None
[2026-08-12T05:24:29.612+0000] {processor.py:208} INFO - Processing /home/airflow/.local/lib/python3.12/site-packages/airflow/example_dags/example_trigger_target_dag.py took 0.090 seconds
[2026-08-12T05:25:00.214+0000] {processor.py:186} INFO - Started process (PID=6492) to work on /home/airflow/.local/lib/python3.12/site-packages/airflow/example_dags/example_trigger_target_dag.py
[2026-08-12T05:25:00.217+0000] {processor.py:914} INFO - Processing file /home/airflow/.local/lib/python3.12/site-packages/airflow/example_dags/example_trigger_target_dag.py for tasks to queue
[2026-08-12T05:25:00.222+0000] {logging_mixin.py:190} INFO - [2026-08-12T05:25:00.221+0000] {dagbag.py:587} INFO - Filling up the DagBag from /home/airflow/.local/lib/python3.12/site-packages/airflow/example_dags/example_trigger_target_dag.py
[2026-08-12T05:25:00.232+0000] {processor.py:925} INFO - DAG(s) 'example_trigger_target_dag' retrieved from /home/airflow/.local/lib/python3.12/site-packages/airflow/example_dags/example_trigger_target_dag.py
[2026-08-12T05:25:00.264+0000] {logging_mixin.py:190} INFO - [2026-08-12T05:25:00.264+0000] {dag.py:3211} INFO - Sync 1 DAGs
[2026-08-12T05:25:00.289+0000] {logging_mixin.py:190} INFO - [2026-08-12T05:25:00.289+0000] {dag.py:4138} INFO - Setting next_dagrun for example_trigger_target_dag to None, run_after=None
[2026-08-12T05:25:00.319+0000] {processor.py:208} INFO - Processing /home/airflow/.local/lib/python3.12/site-packages/airflow/example_dags/example_trigger_target_dag.py took 0.118 seconds
[2026-08-12T05:25:30.664+0000] {processor.py:186} INFO - Started process (PID=6555) to work on /home/airflow/.local/lib/python3.12/site-packages/airflow/example_dags/example_trigger_target_dag.py
[2026-08-12T05:25:30.667+0000] {processor.py:914} INFO - Processing file /home/airflow/.local/lib/python3.12/site-packages/airflow/example_dags/example_trigger_target_dag.py for tasks to queue
[2026-08-12T05:25:30.672+0000] {logging_mixin.py:190} INFO - [2026-08-12T05:25:30.672+0000] {dagbag.py:587} INFO - Filling up the DagBag from /home/airflow/.local/lib/python3.12/site-packages/airflow/example_dags/example_trigger_target_dag.py
[2026-08-12T05:25:30.688+0000] {processor.py:925} INFO - DAG(s) 'example_trigger_target_dag' retrieved from /home/airflow/.local/lib/python3.12/site-packages/airflow/example_dags/example_trigger_target_dag.py
[2026-08-12T05:25:30.725+0000] {logging_mixin.py:190} INFO - [2026-08-12T05:25:30.724+0000] {dag.py:3211} INFO - Sync 1 DAGs
[2026-08-12T05:25:30.757+0000] {logging_mixin.py:190} INFO - [2026-08-12T05:25:30.757+0000] {dag.py:4138} INFO - Setting next_dagrun for example_trigger_target_dag to None, run_after=None
[2026-08-12T05:25:30.792+0000] {processor.py:208} INFO - Processing /home/airflow/.local/lib/python3.12/site-packages/airflow/example_dags/example_trigger_target_dag.py took 0.137 seconds
[2026-08-12T05:26:00.975+0000] {processor.py:186} INFO - Started process (PID=6624) to work on /home/airflow/.local/lib/python3.12/site-packages/airflow/example_dags/example_trigger_target_dag.py
[2026-08-12T05:26:00.977+0000] {processor.py:914} INFO - Processing file /home/airflow/.local/lib/python3.12/site-packages/airflow/example_dags/example_trigger_target_dag.py for tasks to queue
[2026-08-12T05:26:00.990+0000] {logging_mixin.py:190} INFO - [2026-08-12T05:26:00.988+0000] {dagbag.py:587} INFO - Filling up the DagBag from /home/airflow/.local/lib/python3.12/site-packages/airflow/example_dags/example_trigger_target_dag.py
[2026-08-12T05:26:01.020+0000] {processor.py:925} INFO - DAG(s) 'example_trigger_target_dag' retrieved from /home/airflow/.local/lib/python3.12/site-packages/airflow/example_dags/example_trigger_target_dag.py
[2026-08-12T05:26:01.053+0000] {logging_mixin.py:190} INFO - [2026-08-12T05:26:01.052+0000] {dag.py:3211} INFO - Sync 1 DAGs
[2026-08-12T05:26:01.075+0000] {logging_mixin.py:190} INFO - [2026-08-12T05:26:01.074+0000] {dag.py:4138} INFO - Setting next_dagrun for example_trigger_target_dag to None, run_after=None
[2026-08-12T05:26:01.108+0000] {processor.py:208} INFO - Processing /home/airflow/.local/lib/python3.12/site-packages/airflow/example_dags/example_trigger_target_dag.py took 0.149 seconds
[2026-08-12T05:26:31.388+0000] {processor.py:186} INFO - Started process (PID=6687) to work on /home/airflow/.local/lib/python3.12/site-packages/airflow/example_dags/example_trigger_target_dag.py
[2026-08-12T05:26:31.390+0000] {processor.py:914} INFO - Processing file /home/airflow/.local/lib/python3.12/site-packages/airflow/example_dags/example_trigger_target_dag.py for tasks to queue
[2026-08-12T05:26:31.395+0000] {logging_mixin.py:190} INFO - [2026-08-12T05:26:31.394+0000] {dagbag.py:587} INFO - Filling up the DagBag from /home/airflow/.local/lib/python3.12/site-packages/airflow/example_dags/example_trigger_target_dag.py
[2026-08-12T05:26:31.405+0000] {processor.py:925} INFO - DAG(s) 'example_trigger_target_dag' retrieved from /home/airflow/.local/lib/python3.12/site-packages/airflow/example_dags/example_trigger_target_dag.py
[2026-08-12T05:26:31.436+0000] {logging_mixin.py:190} INFO - [2026-08-12T05:26:31.436+0000] {dag.py:3211} INFO - Sync 1 DAGs
[2026-08-12T05:26:31.459+0000] {logging_mixin.py:190} INFO - [2026-08-12T05:26:31.459+0000] {dag.py:4138} INFO - Setting next_dagrun for example_trigger_target_dag to None, run_after=None
[2026-08-12T05:26:31.486+0000] {processor.py:208} INFO - Processing /home/airflow/.local/lib/python3.12/site-packages/airflow/example_dags/example_trigger_target_dag.py took 0.105 seconds
[2026-08-12T05:27:02.057+0000] {processor.py:186} INFO - Started process (PID=6750) to work on /home/airflow/.local/lib/python3.12/site-packages/airflow/example_dags/example_trigger_target_dag.py
[2026-08-12T05:27:02.059+0000] {processor.py:914} INFO - Processing file /home/airflow/.local/lib/python3.12/site-packages/airflow/example_dags/example_trigger_target_dag.py for tasks to queue
[2026-08-12T05:27:02.063+0000] {logging_mixin.py:190} INFO - [2026-08-12T05:27:02.063+0000] {dagbag.py:587} INFO - Filling up the DagBag from /home/airflow/.local/lib/python3.12/site-packages/airflow/example_dags/example_trigger_target_dag.py
[2026-08-12T05:27:02.073+0000] {processor.py:925} INFO - DAG(s) 'example_trigger_target_dag' retrieved from /home/airflow/.local/lib/python3.12/site-packages/airflow/example_dags/example_trigger_target_dag.py
[2026-08-12T05:27:02.099+0000] {logging_mixin.py:190} INFO - [2026-08-12T05:27:02.099+0000] {dag.py:3211} INFO - Sync 1 DAGs
[2026-08-12T05:27:02.115+0000] {logging_mixin.py:190} INFO - [2026-08-12T05:27:02.114+0000] {dag.py:4138} INFO - Setting next_dagrun for example_trigger_target_dag to None, run_after=None
[2026-08-12T05:27:02.138+0000] {processor.py:208} INFO - Processing /home/airflow/.local/lib/python3.12/site-packages/airflow/example_dags/example_trigger_target_dag.py took 0.087 seconds
[2026-08-12T05:27:32.564+0000] {processor.py:186} INFO - Started process (PID=6813) to work on /home/airflow/.local/lib/python3.12/site-packages/airflow/example_dags/example_trigger_target_dag.py
[2026-08-12T05:27:32.567+0000] {processor.py:914} INFO - Processing file /home/airflow/.local/lib/python3.12/site-packages/airflow/example_dags/example_trigger_target_dag.py for tasks to queue
[2026-08-12T05:27:32.579+0000] {logging_mixin.py:190} INFO - [2026-08-12T05:27:32.578+0000] {dagbag.py:587} INFO - Filling up the DagBag from /home/airflow/.local/lib/python3.12/site-packages/airflow/example_dags/example_trigger_target_dag.py
[2026-08-12T05:27:32.598+0000] {processor.py:925} INFO - DAG(s) 'example_trigger_target_dag' retrieved from /home/airflow/.local/lib/python3.12/site-packages/airflow/example_dags/example_trigger_target_dag.py
[2026-08-12T05:27:32.634+0000] {logging_mixin.py:190} INFO - [2026-08-12T05:27:32.634+0000] {dag.py:3211} INFO - Sync 1 DAGs
[2026-08-12T05:27:32.656+0000] {logging_mixin.py:190} INFO - [2026-08-12T05:27:32.656+0000] {dag.py:4138} INFO - Setting next_dagrun for example_trigger_target_dag to None, run_after=None
[2026-08-12T05:27:32.682+0000] {processor.py:208} INFO - Processing /home/airflow/.local/lib/python3.12/site-packages/airflow/example_dags/example_trigger_target_dag.py took 0.132 seconds
[2026-08-12T05:28:03.458+0000] {processor.py:186} INFO - Started process (PID=6876) to work on /home/airflow/.local/lib/python3.12/site-packages/airflow/example_dags/example_trigger_target_dag.py
[2026-08-12T05:28:03.461+0000] {processor.py:914} INFO - Processing file /home/airflow/.local/lib/python3.12/site-packages/airflow/example_dags/example_trigger_target_dag.py for tasks to queue
[2026-08-12T05:28:03.466+0000] {logging_mixin.py:190} INFO - [2026-08-12T05:28:03.465+0000] {dagbag.py:587} INFO - Filling up the DagBag from /home/airflow/.local/lib/python3.12/site-packages/airflow/example_dags/example_trigger_target_dag.py
[2026-08-12T05:28:03.479+0000] {processor.py:925} INFO - DAG(s) 'example_trigger_target_dag' retrieved from /home/airflow/.local/lib/python3.12/site-packages/airflow/example_dags/example_trigger_target_dag.py
[2026-08-12T05:28:03.510+0000] {logging_mixin.py:190} INFO - [2026-08-12T05:28:03.510+0000] {dag.py:3211} INFO - Sync 1 DAGs
[2026-08-12T05:28:03.532+0000] {logging_mixin.py:190} INFO - [2026-08-12T05:28:03.532+0000] {dag.py:4138} INFO - Setting next_dagrun for example_trigger_target_dag to None, run_after=None
[2026-08-12T05:28:03.565+0000] {processor.py:208} INFO - Processing /home/airflow/.local/lib/python3.12/site-packages/airflow/example_dags/example_trigger_target_dag.py took 0.115 seconds
[2026-08-12T05:28:34.237+0000] {processor.py:186} INFO - Started process (PID=6939) to work on /home/airflow/.local/lib/python3.12/site-packages/airflow/example_dags/example_trigger_target_dag.py
[2026-08-12T05:28:34.239+0000] {processor.py:914} INFO - Processing file /home/airflow/.local/lib/python3.12/site-packages/airflow/example_dags/example_trigger_target_dag.py for tasks to queue
[2026-08-12T05:28:34.243+0000] {logging_mixin.py:190} INFO - [2026-08-12T05:28:34.242+0000] {dagbag.py:587} INFO - Filling up the DagBag from /home/airflow/.local/lib/python3.12/site-packages/airflow/example_dags/example_trigger_target_dag.py
[2026-08-12T05:28:34.258+0000] {processor.py:925} INFO - DAG(s) 'example_trigger_target_dag' retrieved from /home/airflow/.local/lib/python3.12/site-packages/airflow/example_dags/example_trigger_target_dag.py
[2026-08-12T05:28:34.293+0000] {logging_mixin.py:190} INFO - [2026-08-12T05:28:34.292+0000] {dag.py:3211} INFO - Sync 1 DAGs
[2026-08-12T05:28:34.323+0000] {logging_mixin.py:190} INFO - [2026-08-12T05:28:34.323+0000] {dag.py:4138} INFO - Setting next_dagrun for example_trigger_target_dag to None, run_after=None
[2026-08-12T05:28:34.359+0000] {processor.py:208} INFO - Processing /home/airflow/.local/lib/python3.12/site-packages/airflow/example_dags/example_trigger_target_dag.py took 0.132 seconds
[2026-08-12T05:29:04.561+0000] {processor.py:186} INFO - Started process (PID=7002) to work on /home/airflow/.local/lib/python3.12/site-packages/airflow/example_dags/example_trigger_target_dag.py
[2026-08-12T05:29:04.564+0000] {processor.py:914} INFO - Processing file /home/airflow/.local/lib/python3.12/site-packages/airflow/example_dags/example_trigger_target_dag.py for tasks to queue
[2026-08-12T05:29:04.569+0000] {logging_mixin.py:190} INFO - [2026-08-12T05:29:04.568+0000] {dagbag.py:587} INFO - Filling up the DagBag from /home/airflow/.local/lib/python3.12/site-packages/airflow/example_dags/example_trigger_target_dag.py
[2026-08-12T05:29:04.585+0000] {processor.py:925} INFO - DAG(s) 'example_trigger_target_dag' retrieved from /home/airflow/.local/lib/python3.12/site-packages/airflow/example_dags/example_trigger_target_dag.py
[2026-08-12T05:29:04.616+0000] {logging_mixin.py:190} INFO - [2026-08-12T05:29:04.615+0000] {dag.py:3211} INFO - Sync 1 DAGs
[2026-08-12T05:29:04.633+0000] {logging_mixin.py:190} INFO - [2026-08-12T05:29:04.632+0000] {dag.py:4138} INFO - Setting next_dagrun for example_trigger_target_dag to None, run_after=None
[2026-08-12T05:29:04.667+0000] {processor.py:208} INFO - Processing /home/airflow/.local/lib/python3.12/site-packages/airflow/example_dags/example_trigger_target_dag.py took 0.119 seconds
[2026-08-12T05:29:35.031+0000] {processor.py:186} INFO - Started process (PID=7065) to work on /home/airflow/.local/lib/python3.12/site-packages/airflow/example_dags/example_trigger_target_dag.py
[2026-08-12T05:29:35.035+0000] {processor.py:914} INFO - Processing file /home/airflow/.local/lib/python3.12/site-packages/airflow/example_dags/example_trigger_target_dag.py for tasks to queue
[2026-08-12T05:29:35.040+0000] {logging_mixin.py:190} INFO - [2026-08-12T05:29:35.039+0000] {dagbag.py:587} INFO - Filling up the DagBag from /home/airflow/.local/lib/python3.12/site-packages/airflow/example_dags/example_trigger_target_dag.py
[2026-08-12T05:29:35.063+0000] {processor.py:925} INFO - DAG(s) 'example_trigger_target_dag' retrieved from /home/airflow/.local/lib/python3.12/site-packages/airflow/example_dags/example_trigger_target_dag.py
[2026-08-12T05:29:35.099+0000] {logging_mixin.py:190} INFO - [2026-08-12T05:29:35.098+0000] {dag.py:3211} INFO - Sync 1 DAGs
[2026-08-12T05:29:35.118+0000] {logging_mixin.py:190} INFO - [2026-08-12T05:29:35.118+0000] {dag.py:4138} INFO - Setting next_dagrun for example_trigger_target_dag to None, run_after=None
[2026-08-12T05:29:35.145+0000] {processor.py:208} INFO - Processing /home/airflow/.local/lib/python3.12/site-packages/airflow/example_dags/example_trigger_target_dag.py took 0.131 seconds
[2026-08-12T05:30:05.410+0000] {processor.py:186} INFO - Started process (PID=7128) to work on /home/airflow/.local/lib/python3.12/site-packages/airflow/example_dags/example_trigger_target_dag.py
[2026-08-12T05:30:05.413+0000] {processor.py:914} INFO - Processing file /home/airflow/.local/lib/python3.12/site-packages/airflow/example_dags/example_trigger_target_dag.py for tasks to queue
[2026-08-12T05:30:05.417+0000] {logging_mixin.py:190} INFO - [2026-08-12T05:30:05.417+0000] {dagbag.py:587} INFO - Filling up the DagBag from /home/airflow/.local/lib/python3.12/site-packages/airflow/example_dags/example_trigger_target_dag.py
[2026-08-12T05:30:05.427+0000] {processor.py:925} INFO - DAG(s) 'example_trigger_target_dag' retrieved from /home/airflow/.local/lib/python3.12/site-packages/airflow/example_dags/example_trigger_target_dag.py
[2026-08-12T05:30:05.455+0000] {logging_mixin.py:190} INFO - [2026-08-12T05:30:05.455+0000] {dag.py:3211} INFO - Sync 1 DAGs
[2026-08-12T05:30:05.472+0000] {logging_mixin.py:190} INFO - [2026-08-12T05:30:05.471+0000] {dag.py:4138} INFO - Setting next_dagrun for example_trigger_target_dag to None, run_after=None
[2026-08-12T05:30:05.496+0000] {processor.py:208} INFO - Processing /home/airflow/.local/lib/python3.12/site-packages/airflow/example_dags/example_trigger_target_dag.py took 0.093 seconds
[2026-08-12T05:30:35.893+0000] {processor.py:186} INFO - Started process (PID=7191) to work on /home/airflow/.local/lib/python3.12/site-packages/airflow/example_dags/example_trigger_target_dag.py
[2026-08-12T05:30:35.895+0000] {processor.py:914} INFO - Processing file /home/airflow/.local/lib/python3.12/site-packages/airflow/example_dags/example_trigger_target_dag.py for tasks to queue
[2026-08-12T05:30:35.899+0000] {logging_mixin.py:190} INFO - [2026-08-12T05:30:35.899+0000] {dagbag.py:587} INFO - Filling up the DagBag from /home/airflow/.local/lib/python3.12/site-packages/airflow/example_dags/example_trigger_target_dag.py
[2026-08-12T05:30:35.912+0000] {processor.py:925} INFO - DAG(s) 'example_trigger_target_dag' retrieved from /home/airflow/.local/lib/python3.12/site-packages/airflow/example_dags/example_trigger_target_dag.py
[2026-08-12T05:30:35.946+0000] {logging_mixin.py:190} INFO - [2026-08-12T05:30:35.946+0000] {dag.py:3211} INFO - Sync 1 DAGs
[2026-08-12T05:30:35.968+0000] {logging_mixin.py:190} INFO - [2026-08-12T05:30:35.968+0000] {dag.py:4138} INFO - Setting next_dagrun for example_trigger_target_dag to None, run_after=None
[2026-08-12T05:30:35.999+0000] {processor.py:208} INFO - Processing /home/airflow/.local/lib/python3.12/site-packages/airflow/example_dags/example_trigger_target_dag.py took 0.112 seconds
[2026-08-12T05:31:06.721+0000] {processor.py:186} INFO - Started process (PID=7254) to work on /home/airflow/.local/lib/python3.12/site-packages/airflow/example_dags/example_trigger_target_dag.py
[2026-08-12T05:31:06.724+0000] {processor.py:914} INFO - Processing file /home/airflow/.local/lib/python3.12/site-packages/airflow/example_dags/example_trigger_target_dag.py for tasks to queue
[2026-08-12T05:31:06.729+0000] {logging_mixin.py:190} INFO - [2026-08-12T05:31:06.728+0000] {dagbag.py:587} INFO - Filling up the DagBag from /home/airflow/.local/lib/python3.12/site-packages/airflow/example_dags/example_trigger_target_dag.py
[2026-08-12T05:31:06.740+0000] {processor.py:925} INFO - DAG(s) 'example_trigger_target_dag' retrieved from /home/airflow/.local/lib/python3.12/site-packages/airflow/example_dags/example_trigger_target_dag.py
[2026-08-12T05:31:06.774+0000] {logging_mixin.py:190} INFO - [2026-08-12T05:31:06.773+0000] {dag.py:3211} INFO - Sync 1 DAGs
[2026-08-12T05:31:06.792+0000] {logging_mixin.py:190} INFO - [2026-08-12T05:31:06.792+0000] {dag.py:4138} INFO - Setting next_dagrun for example_trigger_target_dag to None, run_after=None
[2026-08-12T05:31:06.820+0000] {processor.py:208} INFO - Processing /home/airflow/.local/lib/python3.12/site-packages/airflow/example_dags/example_trigger_target_dag.py took 0.110 seconds
[2026-08-12T05:31:37.444+0000] {processor.py:186} INFO - Started process (PID=7317) to work on /home/airflow/.local/lib/python3.12/site-packages/airflow/example_dags/example_trigger_target_dag.py
[2026-08-12T05:31:37.447+0000] {processor.py:914} INFO - Processing file /home/airflow/.local/lib/python3.12/site-packages/airflow/example_dags/example_trigger_target_dag.py for tasks to queue
[2026-08-12T05:31:37.451+0000] {logging_mixin.py:190} INFO - [2026-08-12T05:31:37.450+0000] {dagbag.py:587} INFO - Filling up the DagBag from /home/airflow/.local/lib/python3.12/site-packages/airflow/example_dags/example_trigger_target_dag.py
[2026-08-12T05:31:37.463+0000] {processor.py:925} INFO - DAG(s) 'example_trigger_target_dag' retrieved from /home/airflow/.local/lib/python3.12/site-packages/airflow/example_dags/example_trigger_target_dag.py
[2026-08-12T05:31:37.490+0000] {logging_mixin.py:190} INFO - [2026-08-12T05:31:37.490+0000] {dag.py:3211} INFO - Sync 1 DAGs
[2026-08-12T05:31:37.508+0000] {logging_mixin.py:190} INFO - [2026-08-12T05:31:37.508+0000] {dag.py:4138} INFO - Setting next_dagrun for example_trigger_target_dag to None, run_after=None
[2026-08-12T05:31:37.532+0000] {processor.py:208} INFO - Processing /home/airflow/.local/lib/python3.12/site-packages/airflow/example_dags/example_trigger_target_dag.py took 0.093 seconds
[2026-08-12T05:32:08.240+0000] {processor.py:186} INFO - Started process (PID=7380) to work on /home/airflow/.local/lib/python3.12/site-packages/airflow/example_dags/example_trigger_target_dag.py
[2026-08-12T05:32:08.242+0000] {processor.py:914} INFO - Processing file /home/airflow/.local/lib/python3.12/site-packages/airflow/example_dags/example_trigger_target_dag.py for tasks to queue
[2026-08-12T05:32:08.247+0000] {logging_mixin.py:190} INFO - [2026-08-12T05:32:08.246+0000] {dagbag.py:587} INFO - Filling up the DagBag from /home/airflow/.local/lib/python3.12/site-packages/airflow/example_dags/example_trigger_target_dag.py
[2026-08-12T05:32:08.259+0000] {processor.py:925} INFO - DAG(s) 'example_trigger_target_dag' retrieved from /home/airflow/.local/lib/python3.12/site-packages/airflow/example_dags/example_trigger_target_dag.py
[2026-08-12T05:32:08.286+0000] {logging_mixin.py:190} INFO - [2026-08-12T05:32:08.285+0000] {dag.py:3211} INFO - Sync 1 DAGs
[2026-08-12T05:32:08.306+0000] {logging_mixin.py:190} INFO - [2026-08-12T05:32:08.306+0000] {dag.py:4138} INFO - Setting next_dagrun for example_trigger_target_dag to None, run_after=None
[2026-08-12T05:32:08.337+0000] {processor.py:208} INFO - Processing /home/airflow/.local/lib/python3.12/site-packages/airflow/example_dags/example_trigger_target_dag.py took 0.105 seconds
[2026-08-12T05:32:38.563+0000] {processor.py:186} INFO - Started process (PID=7443) to work on /home/airflow/.local/lib/python3.12/site-packages/airflow/example_dags/example_trigger_target_dag.py
[2026-08-12T05:32:38.566+0000] {processor.py:914} INFO - Processing file /home/airflow/.local/lib/python3.12/site-packages/airflow/example_dags/example_trigger_target_dag.py for tasks to queue
[2026-08-12T05:32:38.571+0000] {logging_mixin.py:190} INFO - [2026-08-12T05:32:38.571+0000] {dagbag.py:587} INFO - Filling up the DagBag from /home/airflow/.local/lib/python3.12/site-packages/airflow/example_dags/example_trigger_target_dag.py
[2026-08-12T05:32:38.580+0000] {processor.py:925} INFO - DAG(s) 'example_trigger_target_dag' retrieved from /home/airflow/.local/lib/python3.12/site-packages/airflow/example_dags/example_trigger_target_dag.py
[2026-08-12T05:32:38.607+0000] {logging_mixin.py:190} INFO - [2026-08-12T05:32:38.607+0000] {dag.py:3211} INFO - Sync 1 DAGs
[2026-08-12T05:32:38.629+0000] {logging_mixin.py:190} INFO - [2026-08-12T05:32:38.629+0000] {dag.py:4138} INFO - Setting next_dagrun for example_trigger_target_dag to None, run_after=None
[2026-08-12T05:32:38.675+0000] {processor.py:208} INFO - Processing /home/airflow/.local/lib/python3.12/site-packages/airflow/example_dags/example_trigger_target_dag.py took 0.119 seconds
[2026-08-12T05:33:09.423+0000] {processor.py:186} INFO - Started process (PID=7506) to work on /home/airflow/.local/lib/python3.12/site-packages/airflow/example_dags/example_trigger_target_dag.py
[2026-08-12T05:33:09.428+0000] {processor.py:914} INFO - Processing file /home/airflow/.local/lib/python3.12/site-packages/airflow/example_dags/example_trigger_target_dag.py for tasks to queue
[2026-08-12T05:33:09.435+0000] {logging_mixin.py:190} INFO - [2026-08-12T05:33:09.434+0000] {dagbag.py:587} INFO - Filling up the DagBag from /home/airflow/.local/lib/python3.12/site-packages/airflow/example_dags/example_trigger_target_dag.py
[2026-08-12T05:33:09.446+0000] {processor.py:925} INFO - DAG(s) 'example_trigger_target_dag' retrieved from /home/airflow/.local/lib/python3.12/site-packages/airflow/example_dags/example_trigger_target_dag.py
[2026-08-12T05:33:09.475+0000] {logging_mixin.py:190} INFO - [2026-08-12T05:33:09.475+0000] {dag.py:3211} INFO - Sync 1 DAGs
[2026-08-12T05:33:09.493+0000] {logging_mixin.py:190} INFO - [2026-08-12T05:33:09.492+0000] {dag.py:4138} INFO - Setting next_dagrun for example_trigger_target_dag to None, run_after=None
[2026-08-12T05:33:09.515+0000] {processor.py:208} INFO - Processing /home/airflow/.local/lib/python3.12/site-packages/airflow/example_dags/example_trigger_target_dag.py took 0.104 seconds
[2026-08-12T05:33:39.811+0000] {processor.py:186} INFO - Started process (PID=7569) to work on /home/airflow/.local/lib/python3.12/site-packages/airflow/example_dags/example_trigger_target_dag.py
[2026-08-12T05:33:39.814+0000] {processor.py:914} INFO - Processing file /home/airflow/.local/lib/python3.12/site-packages/airflow/example_dags/example_trigger_target_dag.py for tasks to queue
[2026-08-12T05:33:39.820+0000] {logging_mixin.py:190} INFO - [2026-08-12T05:33:39.819+0000] {dagbag.py:587} INFO - Filling up the DagBag from /home/airflow/.local/lib/python3.12/site-packages/airflow/example_dags/example_trigger_target_dag.py
[2026-08-12T05:33:39.837+0000] {processor.py:925} INFO - DAG(s) 'example_trigger_target_dag' retrieved from /home/airflow/.local/lib/python3.12/site-packages/airflow/example_dags/example_trigger_target_dag.py
[2026-08-12T05:33:39.869+0000] {logging_mixin.py:190} INFO - [2026-08-12T05:33:39.869+0000] {dag.py:3211} INFO - Sync 1 DAGs
[2026-08-12T05:33:39.885+0000] {logging_mixin.py:190} INFO - [2026-08-12T05:33:39.884+0000] {dag.py:4138} INFO - Setting next_dagrun for example_trigger_target_dag to None, run_after=None
[2026-08-12T05:33:39.907+0000] {processor.py:208} INFO - Processing /home/airflow/.local/lib/python3.12/site-packages/airflow/example_dags/example_trigger_target_dag.py took 0.112 seconds
[2026-08-12T05:34:10.224+0000] {processor.py:186} INFO - Started process (PID=7632) to work on /home/airflow/.local/lib/python3.12/site-packages/airflow/example_dags/example_trigger_target_dag.py
[2026-08-12T05:34:10.229+0000] {processor.py:914} INFO - Processing file /home/airflow/.local/lib/python3.12/site-packages/airflow/example_dags/example_trigger_target_dag.py for tasks to queue
[2026-08-12T05:34:10.238+0000] {logging_mixin.py:190} INFO - [2026-08-12T05:34:10.238+0000] {dagbag.py:587} INFO - Filling up the DagBag from /home/airflow/.local/lib/python3.12/site-packages/airflow/example_dags/example_trigger_target_dag.py
[2026-08-12T05:34:10.251+0000] {processor.py:925} INFO - DAG(s) 'example_trigger_target_dag' retrieved from /home/airflow/.local/lib/python3.12/site-packages/airflow/example_dags/example_trigger_target_dag.py
[2026-08-12T05:34:10.278+0000] {logging_mixin.py:190} INFO - [2026-08-12T05:34:10.278+0000] {dag.py:3211} INFO - Sync 1 DAGs
[2026-08-12T05:34:10.304+0000] {logging_mixin.py:190} INFO - [2026-08-12T05:34:10.304+0000] {dag.py:4138} INFO - Setting next_dagrun for example_trigger_target_dag to None, run_after=None
[2026-08-12T05:34:10.329+0000] {processor.py:208} INFO - Processing /home/airflow/.local/lib/python3.12/site-packages/airflow/example_dags/example_trigger_target_dag.py took 0.120 seconds
[2026-08-12T05:34:40.445+0000] {processor.py:186} INFO - Started process (PID=7695) to work on /home/airflow/.local/lib/python3.12/site-packages/airflow/example_dags/example_trigger_target_dag.py
[2026-08-12T05:34:40.448+0000] {processor.py:914} INFO - Processing file /home/airflow/.local/lib/python3.12/site-packages/airflow/example_dags/example_trigger_target_dag.py for tasks to queue
[2026-08-12T05:34:40.456+0000] {logging_mixin.py:190} INFO - [2026-08-12T05:34:40.455+0000] {dagbag.py:587} INFO - Filling up the DagBag from /home/airflow/.local/lib/python3.12/site-packages/airflow/example_dags/example_trigger_target_dag.py
[2026-08-12T05:34:40.472+0000] {processor.py:925} INFO - DAG(s) 'example_trigger_target_dag' retrieved from /home/airflow/.local/lib/python3.12/site-packages/airflow/example_dags/example_trigger_target_dag.py
[2026-08-12T05:34:40.503+0000] {logging_mixin.py:190} INFO - [2026-08-12T05:34:40.503+0000] {dag.py:3211} INFO - Sync 1 DAGs
[2026-08-12T05:34:40.524+0000] {logging_mixin.py:190} INFO - [2026-08-12T05:34:40.523+0000] {dag.py:4138} INFO - Setting next_dagrun for example_trigger_target_dag to None, run_after=None
[2026-08-12T05:34:40.560+0000] {processor.py:208} INFO - Processing /home/airflow/.local/lib/python3.12/site-packages/airflow/example_dags/example_trigger_target_dag.py took 0.126 seconds
[2026-08-12T05:35:11.321+0000] {processor.py:186} INFO - Started process (PID=7758) to work on /home/airflow/.local/lib/python3.12/site-packages/airflow/example_dags/example_trigger_target_dag.py
[2026-08-12T05:35:11.323+0000] {processor.py:914} INFO - Processing file /home/airflow/.local/lib/python3.12/site-packages/airflow/example_dags/example_trigger_target_dag.py for tasks to queue
[2026-08-12T05:35:11.328+0000] {logging_mixin.py:190} INFO - [2026-08-12T05:35:11.328+0000] {dagbag.py:587} INFO - Filling up the DagBag from /home/airflow/.local/lib/python3.12/site-packages/airflow/example_dags/example_trigger_target_dag.py
[2026-08-12T05:35:11.339+0000] {processor.py:925} INFO - DAG(s) 'example_trigger_target_dag' retrieved from /home/airflow/.local/lib/python3.12/site-packages/airflow/example_dags/example_trigger_target_dag.py
[2026-08-12T05:35:11.367+0000] {logging_mixin.py:190} INFO - [2026-08-12T05:35:11.366+0000] {dag.py:3211} INFO - Sync 1 DAGs
[2026-08-12T05:35:11.387+0000] {logging_mixin.py:190} INFO - [2026-08-12T05:35:11.387+0000] {dag.py:4138} INFO - Setting next_dagrun for example_trigger_target_dag to None, run_after=None
[2026-08-12T05:35:11.418+0000] {processor.py:208} INFO - Processing /home/airflow/.local/lib/python3.12/site-packages/airflow/example_dags/example_trigger_target_dag.py took 0.109 seconds
[2026-08-12T05:35:41.627+0000] {processor.py:186} INFO - Started process (PID=7821) to work on /home/airflow/.local/lib/python3.12/site-packages/airflow/example_dags/example_trigger_target_dag.py
[2026-08-12T05:35:41.630+0000] {processor.py:914} INFO - Processing file /home/airflow/.local/lib/python3.12/site-packages/airflow/example_dags/example_trigger_target_dag.py for tasks to queue
[2026-08-12T05:35:41.637+0000] {logging_mixin.py:190} INFO - [2026-08-12T05:35:41.637+0000] {dagbag.py:587} INFO - Filling up the DagBag from /home/airflow/.local/lib/python3.12/site-packages/airflow/example_dags/example_trigger_target_dag.py
[2026-08-12T05:35:41.649+0000] {processor.py:925} INFO - DAG(s) 'example_trigger_target_dag' retrieved from /home/airflow/.local/lib/python3.12/site-packages/airflow/example_dags/example_trigger_target_dag.py
[2026-08-12T05:35:41.678+0000] {logging_mixin.py:190} INFO - [2026-08-12T05:35:41.678+0000] {dag.py:3211} INFO - Sync 1 DAGs
[2026-08-12T05:35:41.697+0000] {logging_mixin.py:190} INFO - [2026-08-12T05:35:41.697+0000] {dag.py:4138} INFO - Setting next_dagrun for example_trigger_target_dag to None, run_after=None
[2026-08-12T05:35:41.726+0000] {processor.py:208} INFO - Processing /home/airflow/.local/lib/python3.12/site-packages/airflow/example_dags/example_trigger_target_dag.py took 0.105 seconds
[2026-08-12T05:36:11.809+0000] {processor.py:186} INFO - Started process (PID=7884) to work on /home/airflow/.local/lib/python3.12/site-packages/airflow/example_dags/example_trigger_target_dag.py
[2026-08-12T05:36:11.812+0000] {processor.py:914} INFO - Processing file /home/airflow/.local/lib/python3.12/site-packages/airflow/example_dags/example_trigger_target_dag.py for tasks to queue
[2026-08-12T05:36:11.816+0000] {logging_mixin.py:190} INFO - [2026-08-12T05:36:11.816+0000] {dagbag.py:587} INFO - Filling up the DagBag from /home/airflow/.local/lib/python3.12/site-packages/airflow/example_dags/example_trigger_target_dag.py
[2026-08-12T05:36:11.829+0000] {processor.py:925} INFO - DAG(s) 'example_trigger_target_dag' retrieved from /home/airflow/.local/lib/python3.12/site-packages/airflow/example_dags/example_trigger_target_dag.py
[2026-08-12T05:36:11.855+0000] {logging_mixin.py:190} INFO - [2026-08-12T05:36:11.855+0000] {dag.py:3211} INFO - Sync 1 DAGs
[2026-08-12T05:36:11.871+0000] {logging_mixin.py:190} INFO - [2026-08-12T05:36:11.871+0000] {dag.py:4138} INFO - Setting next_dagrun for example_trigger_target_dag to None, run_after=None
[2026-08-12T05:36:11.898+0000] {processor.py:208} INFO - Processing /home/airflow/.local/lib/python3.12/site-packages/airflow/example_dags/example_trigger_target_dag.py took 0.095 seconds
[2026-08-12T05:36:42.217+0000] {processor.py:186} INFO - Started process (PID=7947) to work on /home/airflow/.local/lib/python3.12/site-packages/airflow/example_dags/example_trigger_target_dag.py
[2026-08-12T05:36:42.220+0000] {processor.py:914} INFO - Processing file /home/airflow/.local/lib/python3.12/site-packages/airflow/example_dags/example_trigger_target_dag.py for tasks to queue
[2026-08-12T05:36:42.224+0000] {logging_mixin.py:190} INFO - [2026-08-12T05:36:42.224+0000] {dagbag.py:587} INFO - Filling up the DagBag from /home/airflow/.local/lib/python3.12/site-packages/airflow/example_dags/example_trigger_target_dag.py
[2026-08-12T05:36:42.234+0000] {processor.py:925} INFO - DAG(s) 'example_trigger_target_dag' retrieved from /home/airflow/.local/lib/python3.12/site-packages/airflow/example_dags/example_trigger_target_dag.py
[2026-08-12T05:36:42.261+0000] {logging_mixin.py:190} INFO - [2026-08-12T05:36:42.261+0000] {dag.py:3211} INFO - Sync 1 DAGs
[2026-08-12T05:36:42.280+0000] {logging_mixin.py:190} INFO - [2026-08-12T05:36:42.279+0000] {dag.py:4138} INFO - Setting next_dagrun for example_trigger_target_dag to None, run_after=None
[2026-08-12T05:36:42.309+0000] {processor.py:208} INFO - Processing /home/airflow/.local/lib/python3.12/site-packages/airflow/example_dags/example_trigger_target_dag.py took 0.099 seconds
[2026-08-12T05:37:13.186+0000] {processor.py:186} INFO - Started process (PID=8010) to work on /home/airflow/.local/lib/python3.12/site-packages/airflow/example_dags/example_trigger_target_dag.py
[2026-08-12T05:37:13.188+0000] {processor.py:914} INFO - Processing file /home/airflow/.local/lib/python3.12/site-packages/airflow/example_dags/example_trigger_target_dag.py for tasks to queue
[2026-08-12T05:37:13.192+0000] {logging_mixin.py:190} INFO - [2026-08-12T05:37:13.192+0000] {dagbag.py:587} INFO - Filling up the DagBag from /home/airflow/.local/lib/python3.12/site-packages/airflow/example_dags/example_trigger_target_dag.py
[2026-08-12T05:37:13.202+0000] {processor.py:925} INFO - DAG(s) 'example_trigger_target_dag' retrieved from /home/airflow/.local/lib/python3.12/site-packages/airflow/example_dags/example_trigger_target_dag.py
[2026-08-12T05:37:13.235+0000] {logging_mixin.py:190} INFO - [2026-08-12T05:37:13.234+0000] {dag.py:3211} INFO - Sync 1 DAGs
[2026-08-12T05:37:13.256+0000] {logging_mixin.py:190} INFO - [2026-08-12T05:37:13.256+0000] {dag.py:4138} INFO - Setting next_dagrun for example_trigger_target_dag to None, run_after=None
[2026-08-12T05:37:13.292+0000] {processor.py:208} INFO - Processing /home/airflow/.local/lib/python3.12/site-packages/airflow/example_dags/example_trigger_target_dag.py took 0.112 seconds
[2026-08-12T05:37:44.212+0000] {processor.py:186} INFO - Started process (PID=8073) to work on /home/airflow/.local/lib/python3.12/site-packages/airflow/example_dags/example_trigger_target_dag.py
[2026-08-12T05:37:44.215+0000] {processor.py:914} INFO - Processing file /home/airflow/.local/lib/python3.12/site-packages/airflow/example_dags/example_trigger_target_dag.py for tasks to queue
[2026-08-12T05:37:44.219+0000] {logging_mixin.py:190} INFO - [2026-08-12T05:37:44.218+0000] {dagbag.py:587} INFO - Filling up the DagBag from /home/airflow/.local/lib/python3.12/site-packages/airflow/example_dags/example_trigger_target_dag.py
[2026-08-12T05:37:44.229+0000] {processor.py:925} INFO - DAG(s) 'example_trigger_target_dag' retrieved from /home/airflow/.local/lib/python3.12/site-packages/airflow/example_dags/example_trigger_target_dag.py
[2026-08-12T05:37:44.250+0000] {logging_mixin.py:190} INFO - [2026-08-12T05:37:44.250+0000] {dag.py:3211} INFO - Sync 1 DAGs
[2026-08-12T05:37:44.267+0000] {logging_mixin.py:190} INFO - [2026-08-12T05:37:44.267+0000] {dag.py:4138} INFO - Setting next_dagrun for example_trigger_target_dag to None, run_after=None
[2026-08-12T05:37:44.294+0000] {processor.py:208} INFO - Processing /home/airflow/.local/lib/python3.12/site-packages/airflow/example_dags/example_trigger_target_dag.py took 0.088 seconds
[2026-08-12T05:38:14.962+0000] {processor.py:186} INFO - Started process (PID=8136) to work on /home/airflow/.local/lib/python3.12/site-packages/airflow/example_dags/example_trigger_target_dag.py
[2026-08-12T05:38:14.966+0000] {processor.py:914} INFO - Processing file /home/airflow/.local/lib/python3.12/site-packages/airflow/example_dags/example_trigger_target_dag.py for tasks to queue
[2026-08-12T05:38:14.975+0000] {logging_mixin.py:190} INFO - [2026-08-12T05:38:14.974+0000] {dagbag.py:587} INFO - Filling up the DagBag from /home/airflow/.local/lib/python3.12/site-packages/airflow/example_dags/example_trigger_target_dag.py
[2026-08-12T05:38:14.991+0000] {processor.py:925} INFO - DAG(s) 'example_trigger_target_dag' retrieved from /home/airflow/.local/lib/python3.12/site-packages/airflow/example_dags/example_trigger_target_dag.py
[2026-08-12T05:38:15.016+0000] {logging_mixin.py:190} INFO - [2026-08-12T05:38:15.016+0000] {dag.py:3211} INFO - Sync 1 DAGs
[2026-08-12T05:38:15.034+0000] {logging_mixin.py:190} INFO - [2026-08-12T05:38:15.033+0000] {dag.py:4138} INFO - Setting next_dagrun for example_trigger_target_dag to None, run_after=None
[2026-08-12T05:38:15.057+0000] {processor.py:208} INFO - Processing /home/airflow/.local/lib/python3.12/site-packages/airflow/example_dags/example_trigger_target_dag.py took 0.101 seconds
[2026-08-12T05:38:45.301+0000] {processor.py:186} INFO - Started process (PID=8200) to work on /home/airflow/.local/lib/python3.12/site-packages/airflow/example_dags/example_trigger_target_dag.py
[2026-08-12T05:38:45.303+0000] {processor.py:914} INFO - Processing file /home/airflow/.local/lib/python3.12/site-packages/airflow/example_dags/example_trigger_target_dag.py for tasks to queue
[2026-08-12T05:38:45.310+0000] {logging_mixin.py:190} INFO - [2026-08-12T05:38:45.310+0000] {dagbag.py:587} INFO - Filling up the DagBag from /home/airflow/.local/lib/python3.12/site-packages/airflow/example_dags/example_trigger_target_dag.py
[2026-08-12T05:38:45.328+0000] {processor.py:925} INFO - DAG(s) 'example_trigger_target_dag' retrieved from /home/airflow/.local/lib/python3.12/site-packages/airflow/example_dags/example_trigger_target_dag.py
[2026-08-12T05:38:45.365+0000] {logging_mixin.py:190} INFO - [2026-08-12T05:38:45.365+0000] {dag.py:3211} INFO - Sync 1 DAGs
[2026-08-12T05:38:45.394+0000] {logging_mixin.py:190} INFO - [2026-08-12T05:38:45.394+0000] {dag.py:4138} INFO - Setting next_dagrun for example_trigger_target_dag to None, run_after=None
[2026-08-12T05:38:45.426+0000] {processor.py:208} INFO - Processing /home/airflow/.local/lib/python3.12/site-packages/airflow/example_dags/example_trigger_target_dag.py took 0.134 seconds
[2026-08-12T05:39:15.648+0000] {processor.py:186} INFO - Started process (PID=8264) to work on /home/airflow/.local/lib/python3.12/site-packages/airflow/example_dags/example_trigger_target_dag.py
[2026-08-12T05:39:15.650+0000] {processor.py:914} INFO - Processing file /home/airflow/.local/lib/python3.12/site-packages/airflow/example_dags/example_trigger_target_dag.py for tasks to queue
[2026-08-12T05:39:15.654+0000] {logging_mixin.py:190} INFO - [2026-08-12T05:39:15.654+0000] {dagbag.py:587} INFO - Filling up the DagBag from /home/airflow/.local/lib/python3.12/site-packages/airflow/example_dags/example_trigger_target_dag.py
[2026-08-12T05:39:15.666+0000] {processor.py:925} INFO - DAG(s) 'example_trigger_target_dag' retrieved from /home/airflow/.local/lib/python3.12/site-packages/airflow/example_dags/example_trigger_target_dag.py
[2026-08-12T05:39:15.691+0000] {logging_mixin.py:190} INFO - [2026-08-12T05:39:15.691+0000] {dag.py:3211} INFO - Sync 1 DAGs
[2026-08-12T05:39:15.708+0000] {logging_mixin.py:190} INFO - [2026-08-12T05:39:15.707+0000] {dag.py:4138} INFO - Setting next_dagrun for example_trigger_target_dag to None, run_after=None
[2026-08-12T05:39:15.735+0000] {processor.py:208} INFO - Processing /home/airflow/.local/lib/python3.12/site-packages/airflow/example_dags/example_trigger_target_dag.py took 0.095 seconds
[2026-08-12T05:39:46.515+0000] {processor.py:186} INFO - Started process (PID=8327) to work on /home/airflow/.local/lib/python3.12/site-packages/airflow/example_dags/example_trigger_target_dag.py
[2026-08-12T05:39:46.518+0000] {processor.py:914} INFO - Processing file /home/airflow/.local/lib/python3.12/site-packages/airflow/example_dags/example_trigger_target_dag.py for tasks to queue
[2026-08-12T05:39:46.523+0000] {logging_mixin.py:190} INFO - [2026-08-12T05:39:46.523+0000] {dagbag.py:587} INFO - Filling up the DagBag from /home/airflow/.local/lib/python3.12/site-packages/airflow/example_dags/example_trigger_target_dag.py
[2026-08-12T05:39:46.536+0000] {processor.py:925} INFO - DAG(s) 'example_trigger_target_dag' retrieved from /home/airflow/.local/lib/python3.12/site-packages/airflow/example_dags/example_trigger_target_dag.py
[2026-08-12T05:39:46.563+0000] {logging_mixin.py:190} INFO - [2026-08-12T05:39:46.562+0000] {dag.py:3211} INFO - Sync 1 DAGs
[2026-08-12T05:39:46.582+0000] {logging_mixin.py:190} INFO - [2026-08-12T05:39:46.582+0000] {dag.py:4138} INFO - Setting next_dagrun for example_trigger_target_dag to None, run_after=None
[2026-08-12T05:39:46.612+0000] {processor.py:208} INFO - Processing /home/airflow/.local/lib/python3.12/site-packages/airflow/example_dags/example_trigger_target_dag.py took 0.104 seconds
[2026-08-12T05:40:17.005+0000] {processor.py:186} INFO - Started process (PID=8390) to work on /home/airflow/.local/lib/python3.12/site-packages/airflow/example_dags/example_trigger_target_dag.py
[2026-08-12T05:40:17.007+0000] {processor.py:914} INFO - Processing file /home/airflow/.local/lib/python3.12/site-packages/airflow/example_dags/example_trigger_target_dag.py for tasks to queue
[2026-08-12T05:40:17.011+0000] {logging_mixin.py:190} INFO - [2026-08-12T05:40:17.011+0000] {dagbag.py:587} INFO - Filling up the DagBag from /home/airflow/.local/lib/python3.12/site-packages/airflow/example_dags/example_trigger_target_dag.py
[2026-08-12T05:40:17.021+0000] {processor.py:925} INFO - DAG(s) 'example_trigger_target_dag' retrieved from /home/airflow/.local/lib/python3.12/site-packages/airflow/example_dags/example_trigger_target_dag.py
[2026-08-12T05:40:17.047+0000] {logging_mixin.py:190} INFO - [2026-08-12T05:40:17.046+0000] {dag.py:3211} INFO - Sync 1 DAGs
[2026-08-12T05:40:17.063+0000] {logging_mixin.py:190} INFO - [2026-08-12T05:40:17.062+0000] {dag.py:4138} INFO - Setting next_dagrun for example_trigger_target_dag to None, run_after=None
[2026-08-12T05:40:17.083+0000] {processor.py:208} INFO - Processing /home/airflow/.local/lib/python3.12/site-packages/airflow/example_dags/example_trigger_target_dag.py took 0.083 seconds
[2026-08-12T05:40:47.869+0000] {processor.py:186} INFO - Started process (PID=8453) to work on /home/airflow/.local/lib/python3.12/site-packages/airflow/example_dags/example_trigger_target_dag.py
[2026-08-12T05:40:47.871+0000] {processor.py:914} INFO - Processing file /home/airflow/.local/lib/python3.12/site-packages/airflow/example_dags/example_trigger_target_dag.py for tasks to queue
[2026-08-12T05:40:47.876+0000] {logging_mixin.py:190} INFO - [2026-08-12T05:40:47.874+0000] {dagbag.py:587} INFO - Filling up the DagBag from /home/airflow/.local/lib/python3.12/site-packages/airflow/example_dags/example_trigger_target_dag.py
[2026-08-12T05:40:47.886+0000] {processor.py:925} INFO - DAG(s) 'example_trigger_target_dag' retrieved from /home/airflow/.local/lib/python3.12/site-packages/airflow/example_dags/example_trigger_target_dag.py
[2026-08-12T05:40:47.910+0000] {logging_mixin.py:190} INFO - [2026-08-12T05:40:47.910+0000] {dag.py:3211} INFO - Sync 1 DAGs
[2026-08-12T05:40:47.925+0000] {logging_mixin.py:190} INFO - [2026-08-12T05:40:47.924+0000] {dag.py:4138} INFO - Setting next_dagrun for example_trigger_target_dag to None, run_after=None
[2026-08-12T05:40:47.948+0000] {processor.py:208} INFO - Processing /home/airflow/.local/lib/python3.12/site-packages/airflow/example_dags/example_trigger_target_dag.py took 0.085 seconds
[2026-08-12T05:41:18.240+0000] {processor.py:186} INFO - Started process (PID=8516) to work on /home/airflow/.local/lib/python3.12/site-packages/airflow/example_dags/example_trigger_target_dag.py
[2026-08-12T05:41:18.242+0000] {processor.py:914} INFO - Processing file /home/airflow/.local/lib/python3.12/site-packages/airflow/example_dags/example_trigger_target_dag.py for tasks to queue
[2026-08-12T05:41:18.247+0000] {logging_mixin.py:190} INFO - [2026-08-12T05:41:18.246+0000] {dagbag.py:587} INFO - Filling up the DagBag from /home/airflow/.local/lib/python3.12/site-packages/airflow/example_dags/example_trigger_target_dag.py
[2026-08-12T05:41:18.259+0000] {processor.py:925} INFO - DAG(s) 'example_trigger_target_dag' retrieved from /home/airflow/.local/lib/python3.12/site-packages/airflow/example_dags/example_trigger_target_dag.py
[2026-08-12T05:41:18.291+0000] {logging_mixin.py:190} INFO - [2026-08-12T05:41:18.291+0000] {dag.py:3211} INFO - Sync 1 DAGs
[2026-08-12T05:41:18.311+0000] {logging_mixin.py:190} INFO - [2026-08-12T05:41:18.311+0000] {dag.py:4138} INFO - Setting next_dagrun for example_trigger_target_dag to None, run_after=None
[2026-08-12T05:41:18.342+0000] {processor.py:208} INFO - Processing /home/airflow/.local/lib/python3.12/site-packages/airflow/example_dags/example_trigger_target_dag.py took 0.111 seconds
[2026-08-12T05:41:48.590+0000] {processor.py:186} INFO - Started process (PID=8579) to work on /home/airflow/.local/lib/python3.12/site-packages/airflow/example_dags/example_trigger_target_dag.py
[2026-08-12T05:41:48.593+0000] {processor.py:914} INFO - Processing file /home/airflow/.local/lib/python3.12/site-packages/airflow/example_dags/example_trigger_target_dag.py for tasks to queue
[2026-08-12T05:41:48.598+0000] {logging_mixin.py:190} INFO - [2026-08-12T05:41:48.598+0000] {dagbag.py:587} INFO - Filling up the DagBag from /home/airflow/.local/lib/python3.12/site-packages/airflow/example_dags/example_trigger_target_dag.py
[2026-08-12T05:41:48.612+0000] {processor.py:925} INFO - DAG(s) 'example_trigger_target_dag' retrieved from /home/airflow/.local/lib/python3.12/site-packages/airflow/example_dags/example_trigger_target_dag.py
[2026-08-12T05:41:48.641+0000] {logging_mixin.py:190} INFO - [2026-08-12T05:41:48.640+0000] {dag.py:3211} INFO - Sync 1 DAGs
[2026-08-12T05:41:48.660+0000] {logging_mixin.py:190} INFO - [2026-08-12T05:41:48.659+0000] {dag.py:4138} INFO - Setting next_dagrun for example_trigger_target_dag to None, run_after=None
[2026-08-12T05:41:48.691+0000] {processor.py:208} INFO - Processing /home/airflow/.local/lib/python3.12/site-packages/airflow/example_dags/example_trigger_target_dag.py took 0.113 seconds
[2026-08-12T05:42:19.306+0000] {processor.py:186} INFO - Started process (PID=8642) to work on /home/airflow/.local/lib/python3.12/site-packages/airflow/example_dags/example_trigger_target_dag.py
[2026-08-12T05:42:19.309+0000] {processor.py:914} INFO - Processing file /home/airflow/.local/lib/python3.12/site-packages/airflow/example_dags/example_trigger_target_dag.py for tasks to queue
[2026-08-12T05:42:19.316+0000] {logging_mixin.py:190} INFO - [2026-08-12T05:42:19.316+0000] {dagbag.py:587} INFO - Filling up the DagBag from /home/airflow/.local/lib/python3.12/site-packages/airflow/example_dags/example_trigger_target_dag.py
[2026-08-12T05:42:19.325+0000] {processor.py:925} INFO - DAG(s) 'example_trigger_target_dag' retrieved from /home/airflow/.local/lib/python3.12/site-packages/airflow/example_dags/example_trigger_target_dag.py
[2026-08-12T05:42:19.358+0000] {logging_mixin.py:190} INFO - [2026-08-12T05:42:19.357+0000] {dag.py:3211} INFO - Sync 1 DAGs
[2026-08-12T05:42:19.377+0000] {logging_mixin.py:190} INFO - [2026-08-12T05:42:19.376+0000] {dag.py:4138} INFO - Setting next_dagrun for example_trigger_target_dag to None, run_after=None
[2026-08-12T05:42:19.402+0000] {processor.py:208} INFO - Processing /home/airflow/.local/lib/python3.12/site-packages/airflow/example_dags/example_trigger_target_dag.py took 0.105 seconds
[2026-08-12T05:42:49.577+0000] {processor.py:186} INFO - Started process (PID=8705) to work on /home/airflow/.local/lib/python3.12/site-packages/airflow/example_dags/example_trigger_target_dag.py
[2026-08-12T05:42:49.580+0000] {processor.py:914} INFO - Processing file /home/airflow/.local/lib/python3.12/site-packages/airflow/example_dags/example_trigger_target_dag.py for tasks to queue
[2026-08-12T05:42:49.585+0000] {logging_mixin.py:190} INFO - [2026-08-12T05:42:49.584+0000] {dagbag.py:587} INFO - Filling up the DagBag from /home/airflow/.local/lib/python3.12/site-packages/airflow/example_dags/example_trigger_target_dag.py
[2026-08-12T05:42:49.599+0000] {processor.py:925} INFO - DAG(s) 'example_trigger_target_dag' retrieved from /home/airflow/.local/lib/python3.12/site-packages/airflow/example_dags/example_trigger_target_dag.py
[2026-08-12T05:42:49.626+0000] {logging_mixin.py:190} INFO - [2026-08-12T05:42:49.626+0000] {dag.py:3211} INFO - Sync 1 DAGs
[2026-08-12T05:42:49.642+0000] {logging_mixin.py:190} INFO - [2026-08-12T05:42:49.642+0000] {dag.py:4138} INFO - Setting next_dagrun for example_trigger_target_dag to None, run_after=None
[2026-08-12T05:42:49.662+0000] {processor.py:208} INFO - Processing /home/airflow/.local/lib/python3.12/site-packages/airflow/example_dags/example_trigger_target_dag.py took 0.093 seconds
[2026-08-12T05:43:20.102+0000] {processor.py:186} INFO - Started process (PID=8769) to work on /home/airflow/.local/lib/python3.12/site-packages/airflow/example_dags/example_trigger_target_dag.py
[2026-08-12T05:43:20.104+0000] {processor.py:914} INFO - Processing file /home/airflow/.local/lib/python3.12/site-packages/airflow/example_dags/example_trigger_target_dag.py for tasks to queue
[2026-08-12T05:43:20.111+0000] {logging_mixin.py:190} INFO - [2026-08-12T05:43:20.111+0000] {dagbag.py:587} INFO - Filling up the DagBag from /home/airflow/.local/lib/python3.12/site-packages/airflow/example_dags/example_trigger_target_dag.py
[2026-08-12T05:43:20.133+0000] {processor.py:925} INFO - DAG(s) 'example_trigger_target_dag' retrieved from /home/airflow/.local/lib/python3.12/site-packages/airflow/example_dags/example_trigger_target_dag.py
[2026-08-12T05:43:20.182+0000] {logging_mixin.py:190} INFO - [2026-08-12T05:43:20.181+0000] {dag.py:3211} INFO - Sync 1 DAGs
[2026-08-12T05:43:20.230+0000] {logging_mixin.py:190} INFO - [2026-08-12T05:43:20.230+0000] {dag.py:4138} INFO - Setting next_dagrun for example_trigger_target_dag to None, run_after=None
[2026-08-12T05:43:20.282+0000] {processor.py:208} INFO - Processing /home/airflow/.local/lib/python3.12/site-packages/airflow/example_dags/example_trigger_target_dag.py took 0.189 seconds
[2026-08-12T05:43:51.143+0000] {processor.py:186} INFO - Started process (PID=8832) to work on /home/airflow/.local/lib/python3.12/site-packages/airflow/example_dags/example_trigger_target_dag.py
[2026-08-12T05:43:51.145+0000] {processor.py:914} INFO - Processing file /home/airflow/.local/lib/python3.12/site-packages/airflow/example_dags/example_trigger_target_dag.py for tasks to queue
[2026-08-12T05:43:51.150+0000] {logging_mixin.py:190} INFO - [2026-08-12T05:43:51.150+0000] {dagbag.py:587} INFO - Filling up the DagBag from /home/airflow/.local/lib/python3.12/site-packages/airflow/example_dags/example_trigger_target_dag.py
[2026-08-12T05:43:51.160+0000] {processor.py:925} INFO - DAG(s) 'example_trigger_target_dag' retrieved from /home/airflow/.local/lib/python3.12/site-packages/airflow/example_dags/example_trigger_target_dag.py
[2026-08-12T05:43:51.186+0000] {logging_mixin.py:190} INFO - [2026-08-12T05:43:51.185+0000] {dag.py:3211} INFO - Sync 1 DAGs
[2026-08-12T05:43:51.211+0000] {logging_mixin.py:190} INFO - [2026-08-12T05:43:51.210+0000] {dag.py:4138} INFO - Setting next_dagrun for example_trigger_target_dag to None, run_after=None
[2026-08-12T05:43:51.243+0000] {processor.py:208} INFO - Processing /home/airflow/.local/lib/python3.12/site-packages/airflow/example_dags/example_trigger_target_dag.py took 0.107 seconds
[2026-08-12T05:44:21.576+0000] {processor.py:186} INFO - Started process (PID=8895) to work on /home/airflow/.local/lib/python3.12/site-packages/airflow/example_dags/example_trigger_target_dag.py
[2026-08-12T05:44:21.582+0000] {processor.py:914} INFO - Processing file /home/airflow/.local/lib/python3.12/site-packages/airflow/example_dags/example_trigger_target_dag.py for tasks to queue
[2026-08-12T05:44:21.591+0000] {logging_mixin.py:190} INFO - [2026-08-12T05:44:21.590+0000] {dagbag.py:587} INFO - Filling up the DagBag from /home/airflow/.local/lib/python3.12/site-packages/airflow/example_dags/example_trigger_target_dag.py
[2026-08-12T05:44:21.614+0000] {processor.py:925} INFO - DAG(s) 'example_trigger_target_dag' retrieved from /home/airflow/.local/lib/python3.12/site-packages/airflow/example_dags/example_trigger_target_dag.py
[2026-08-12T05:44:21.650+0000] {logging_mixin.py:190} INFO - [2026-08-12T05:44:21.649+0000] {dag.py:3211} INFO - Sync 1 DAGs
[2026-08-12T05:44:21.677+0000] {logging_mixin.py:190} INFO - [2026-08-12T05:44:21.676+0000] {dag.py:4138} INFO - Setting next_dagrun for example_trigger_target_dag to None, run_after=None
[2026-08-12T05:44:21.705+0000] {processor.py:208} INFO - Processing /home/airflow/.local/lib/python3.12/site-packages/airflow/example_dags/example_trigger_target_dag.py took 0.146 seconds
[2026-08-12T05:44:52.136+0000] {processor.py:186} INFO - Started process (PID=8958) to work on /home/airflow/.local/lib/python3.12/site-packages/airflow/example_dags/example_trigger_target_dag.py
[2026-08-12T05:44:52.139+0000] {processor.py:914} INFO - Processing file /home/airflow/.local/lib/python3.12/site-packages/airflow/example_dags/example_trigger_target_dag.py for tasks to queue
[2026-08-12T05:44:52.147+0000] {logging_mixin.py:190} INFO - [2026-08-12T05:44:52.146+0000] {dagbag.py:587} INFO - Filling up the DagBag from /home/airflow/.local/lib/python3.12/site-packages/airflow/example_dags/example_trigger_target_dag.py
[2026-08-12T05:44:52.160+0000] {processor.py:925} INFO - DAG(s) 'example_trigger_target_dag' retrieved from /home/airflow/.local/lib/python3.12/site-packages/airflow/example_dags/example_trigger_target_dag.py
[2026-08-12T05:44:52.187+0000] {logging_mixin.py:190} INFO - [2026-08-12T05:44:52.187+0000] {dag.py:3211} INFO - Sync 1 DAGs
[2026-08-12T05:44:52.208+0000] {logging_mixin.py:190} INFO - [2026-08-12T05:44:52.208+0000] {dag.py:4138} INFO - Setting next_dagrun for example_trigger_target_dag to None, run_after=None
[2026-08-12T05:44:52.239+0000] {processor.py:208} INFO - Processing /home/airflow/.local/lib/python3.12/site-packages/airflow/example_dags/example_trigger_target_dag.py took 0.116 seconds
[2026-08-12T05:45:22.485+0000] {processor.py:186} INFO - Started process (PID=9021) to work on /home/airflow/.local/lib/python3.12/site-packages/airflow/example_dags/example_trigger_target_dag.py
[2026-08-12T05:45:22.488+0000] {processor.py:914} INFO - Processing file /home/airflow/.local/lib/python3.12/site-packages/airflow/example_dags/example_trigger_target_dag.py for tasks to queue
[2026-08-12T05:45:22.495+0000] {logging_mixin.py:190} INFO - [2026-08-12T05:45:22.494+0000] {dagbag.py:587} INFO - Filling up the DagBag from /home/airflow/.local/lib/python3.12/site-packages/airflow/example_dags/example_trigger_target_dag.py
[2026-08-12T05:45:22.522+0000] {processor.py:925} INFO - DAG(s) 'example_trigger_target_dag' retrieved from /home/airflow/.local/lib/python3.12/site-packages/airflow/example_dags/example_trigger_target_dag.py
[2026-08-12T05:45:22.574+0000] {logging_mixin.py:190} INFO - [2026-08-12T05:45:22.573+0000] {dag.py:3211} INFO - Sync 1 DAGs
[2026-08-12T05:45:22.604+0000] {logging_mixin.py:190} INFO - [2026-08-12T05:45:22.603+0000] {dag.py:4138} INFO - Setting next_dagrun for example_trigger_target_dag to None, run_after=None
[2026-08-12T05:45:22.643+0000] {processor.py:208} INFO - Processing /home/airflow/.local/lib/python3.12/site-packages/airflow/example_dags/example_trigger_target_dag.py took 0.169 seconds
[2026-08-12T05:45:53.110+0000] {processor.py:186} INFO - Started process (PID=9084) to work on /home/airflow/.local/lib/python3.12/site-packages/airflow/example_dags/example_trigger_target_dag.py
[2026-08-12T05:45:53.115+0000] {processor.py:914} INFO - Processing file /home/airflow/.local/lib/python3.12/site-packages/airflow/example_dags/example_trigger_target_dag.py for tasks to queue
[2026-08-12T05:45:53.124+0000] {logging_mixin.py:190} INFO - [2026-08-12T05:45:53.123+0000] {dagbag.py:587} INFO - Filling up the DagBag from /home/airflow/.local/lib/python3.12/site-packages/airflow/example_dags/example_trigger_target_dag.py
[2026-08-12T05:45:53.144+0000] {processor.py:925} INFO - DAG(s) 'example_trigger_target_dag' retrieved from /home/airflow/.local/lib/python3.12/site-packages/airflow/example_dags/example_trigger_target_dag.py
[2026-08-12T05:45:53.180+0000] {logging_mixin.py:190} INFO - [2026-08-12T05:45:53.180+0000] {dag.py:3211} INFO - Sync 1 DAGs
[2026-08-12T05:45:53.201+0000] {logging_mixin.py:190} INFO - [2026-08-12T05:45:53.200+0000] {dag.py:4138} INFO - Setting next_dagrun for example_trigger_target_dag to None, run_after=None
[2026-08-12T05:45:53.234+0000] {processor.py:208} INFO - Processing /home/airflow/.local/lib/python3.12/site-packages/airflow/example_dags/example_trigger_target_dag.py took 0.140 seconds
[2026-08-12T05:46:23.522+0000] {processor.py:186} INFO - Started process (PID=9147) to work on /home/airflow/.local/lib/python3.12/site-packages/airflow/example_dags/example_trigger_target_dag.py
[2026-08-12T05:46:23.525+0000] {processor.py:914} INFO - Processing file /home/airflow/.local/lib/python3.12/site-packages/airflow/example_dags/example_trigger_target_dag.py for tasks to queue
[2026-08-12T05:46:23.532+0000] {logging_mixin.py:190} INFO - [2026-08-12T05:46:23.531+0000] {dagbag.py:587} INFO - Filling up the DagBag from /home/airflow/.local/lib/python3.12/site-packages/airflow/example_dags/example_trigger_target_dag.py
[2026-08-12T05:46:23.542+0000] {processor.py:925} INFO - DAG(s) 'example_trigger_target_dag' retrieved from /home/airflow/.local/lib/python3.12/site-packages/airflow/example_dags/example_trigger_target_dag.py
[2026-08-12T05:46:23.566+0000] {logging_mixin.py:190} INFO - [2026-08-12T05:46:23.566+0000] {dag.py:3211} INFO - Sync 1 DAGs
[2026-08-12T05:46:23.582+0000] {logging_mixin.py:190} INFO - [2026-08-12T05:46:23.582+0000] {dag.py:4138} INFO - Setting next_dagrun for example_trigger_target_dag to None, run_after=None
[2026-08-12T05:46:23.606+0000] {processor.py:208} INFO - Processing /home/airflow/.local/lib/python3.12/site-packages/airflow/example_dags/example_trigger_target_dag.py took 0.091 seconds
[2026-08-12T05:46:54.173+0000] {processor.py:186} INFO - Started process (PID=9210) to work on /home/airflow/.local/lib/python3.12/site-packages/airflow/example_dags/example_trigger_target_dag.py
[2026-08-12T05:46:54.176+0000] {processor.py:914} INFO - Processing file /home/airflow/.local/lib/python3.12/site-packages/airflow/example_dags/example_trigger_target_dag.py for tasks to queue
[2026-08-12T05:46:54.179+0000] {logging_mixin.py:190} INFO - [2026-08-12T05:46:54.179+0000] {dagbag.py:587} INFO - Filling up the DagBag from /home/airflow/.local/lib/python3.12/site-packages/airflow/example_dags/example_trigger_target_dag.py
[2026-08-12T05:46:54.189+0000] {processor.py:925} INFO - DAG(s) 'example_trigger_target_dag' retrieved from /home/airflow/.local/lib/python3.12/site-packages/airflow/example_dags/example_trigger_target_dag.py
[2026-08-12T05:46:54.213+0000] {logging_mixin.py:190} INFO - [2026-08-12T05:46:54.212+0000] {dag.py:3211} INFO - Sync 1 DAGs
[2026-08-12T05:46:54.230+0000] {logging_mixin.py:190} INFO - [2026-08-12T05:46:54.229+0000] {dag.py:4138} INFO - Setting next_dagrun for example_trigger_target_dag to None, run_after=None
[2026-08-12T05:46:54.262+0000] {processor.py:208} INFO - Processing /home/airflow/.local/lib/python3.12/site-packages/airflow/example_dags/example_trigger_target_dag.py took 0.094 seconds
[2026-08-12T05:47:24.578+0000] {processor.py:186} INFO - Started process (PID=9273) to work on /home/airflow/.local/lib/python3.12/site-packages/airflow/example_dags/example_trigger_target_dag.py
[2026-08-12T05:47:24.580+0000] {processor.py:914} INFO - Processing file /home/airflow/.local/lib/python3.12/site-packages/airflow/example_dags/example_trigger_target_dag.py for tasks to queue
[2026-08-12T05:47:24.584+0000] {logging_mixin.py:190} INFO - [2026-08-12T05:47:24.584+0000] {dagbag.py:587} INFO - Filling up the DagBag from /home/airflow/.local/lib/python3.12/site-packages/airflow/example_dags/example_trigger_target_dag.py
[2026-08-12T05:47:24.595+0000] {processor.py:925} INFO - DAG(s) 'example_trigger_target_dag' retrieved from /home/airflow/.local/lib/python3.12/site-packages/airflow/example_dags/example_trigger_target_dag.py
[2026-08-12T05:47:24.617+0000] {logging_mixin.py:190} INFO - [2026-08-12T05:47:24.617+0000] {dag.py:3211} INFO - Sync 1 DAGs
[2026-08-12T05:47:24.633+0000] {logging_mixin.py:190} INFO - [2026-08-12T05:47:24.633+0000] {dag.py:4138} INFO - Setting next_dagrun for example_trigger_target_dag to None, run_after=None
[2026-08-12T05:47:24.658+0000] {processor.py:208} INFO - Processing /home/airflow/.local/lib/python3.12/site-packages/airflow/example_dags/example_trigger_target_dag.py took 0.087 seconds
[2026-08-12T05:47:55.565+0000] {processor.py:186} INFO - Started process (PID=9336) to work on /home/airflow/.local/lib/python3.12/site-packages/airflow/example_dags/example_trigger_target_dag.py
[2026-08-12T05:47:55.567+0000] {processor.py:914} INFO - Processing file /home/airflow/.local/lib/python3.12/site-packages/airflow/example_dags/example_trigger_target_dag.py for tasks to queue
[2026-08-12T05:47:55.571+0000] {logging_mixin.py:190} INFO - [2026-08-12T05:47:55.570+0000] {dagbag.py:587} INFO - Filling up the DagBag from /home/airflow/.local/lib/python3.12/site-packages/airflow/example_dags/example_trigger_target_dag.py
[2026-08-12T05:47:55.581+0000] {processor.py:925} INFO - DAG(s) 'example_trigger_target_dag' retrieved from /home/airflow/.local/lib/python3.12/site-packages/airflow/example_dags/example_trigger_target_dag.py
[2026-08-12T05:47:55.607+0000] {logging_mixin.py:190} INFO - [2026-08-12T05:47:55.607+0000] {dag.py:3211} INFO - Sync 1 DAGs
[2026-08-12T05:47:55.624+0000] {logging_mixin.py:190} INFO - [2026-08-12T05:47:55.624+0000] {dag.py:4138} INFO - Setting next_dagrun for example_trigger_target_dag to None, run_after=None
[2026-08-12T05:47:55.655+0000] {processor.py:208} INFO - Processing /home/airflow/.local/lib/python3.12/site-packages/airflow/example_dags/example_trigger_target_dag.py took 0.097 seconds
[2026-08-12T05:48:26.203+0000] {processor.py:186} INFO - Started process (PID=9399) to work on /home/airflow/.local/lib/python3.12/site-packages/airflow/example_dags/example_trigger_target_dag.py
[2026-08-12T05:48:26.206+0000] {processor.py:914} INFO - Processing file /home/airflow/.local/lib/python3.12/site-packages/airflow/example_dags/example_trigger_target_dag.py for tasks to queue
[2026-08-12T05:48:26.211+0000] {logging_mixin.py:190} INFO - [2026-08-12T05:48:26.211+0000] {dagbag.py:587} INFO - Filling up the DagBag from /home/airflow/.local/lib/python3.12/site-packages/airflow/example_dags/example_trigger_target_dag.py
[2026-08-12T05:48:26.224+0000] {processor.py:925} INFO - DAG(s) 'example_trigger_target_dag' retrieved from /home/airflow/.local/lib/python3.12/site-packages/airflow/example_dags/example_trigger_target_dag.py
[2026-08-12T05:48:26.253+0000] {logging_mixin.py:190} INFO - [2026-08-12T05:48:26.252+0000] {dag.py:3211} INFO - Sync 1 DAGs
[2026-08-12T05:48:26.273+0000] {logging_mixin.py:190} INFO - [2026-08-12T05:48:26.273+0000] {dag.py:4138} INFO - Setting next_dagrun for example_trigger_target_dag to None, run_after=None
[2026-08-12T05:48:26.298+0000] {processor.py:208} INFO - Processing /home/airflow/.local/lib/python3.12/site-packages/airflow/example_dags/example_trigger_target_dag.py took 0.104 seconds
[2026-08-12T05:48:56.697+0000] {processor.py:186} INFO - Started process (PID=9462) to work on /home/airflow/.local/lib/python3.12/site-packages/airflow/example_dags/example_trigger_target_dag.py
[2026-08-12T05:48:56.699+0000] {processor.py:914} INFO - Processing file /home/airflow/.local/lib/python3.12/site-packages/airflow/example_dags/example_trigger_target_dag.py for tasks to queue
[2026-08-12T05:48:56.703+0000] {logging_mixin.py:190} INFO - [2026-08-12T05:48:56.703+0000] {dagbag.py:587} INFO - Filling up the DagBag from /home/airflow/.local/lib/python3.12/site-packages/airflow/example_dags/example_trigger_target_dag.py
[2026-08-12T05:48:56.713+0000] {processor.py:925} INFO - DAG(s) 'example_trigger_target_dag' retrieved from /home/airflow/.local/lib/python3.12/site-packages/airflow/example_dags/example_trigger_target_dag.py
[2026-08-12T05:48:56.737+0000] {logging_mixin.py:190} INFO - [2026-08-12T05:48:56.737+0000] {dag.py:3211} INFO - Sync 1 DAGs
[2026-08-12T05:48:56.756+0000] {logging_mixin.py:190} INFO - [2026-08-12T05:48:56.756+0000] {dag.py:4138} INFO - Setting next_dagrun for example_trigger_target_dag to None, run_after=None
[2026-08-12T05:48:56.789+0000] {processor.py:208} INFO - Processing /home/airflow/.local/lib/python3.12/site-packages/airflow/example_dags/example_trigger_target_dag.py took 0.097 seconds
[2026-08-12T05:49:27.134+0000] {processor.py:186} INFO - Started process (PID=9525) to work on /home/airflow/.local/lib/python3.12/site-packages/airflow/example_dags/example_trigger_target_dag.py
[2026-08-12T05:49:27.137+0000] {processor.py:914} INFO - Processing file /home/airflow/.local/lib/python3.12/site-packages/airflow/example_dags/example_trigger_target_dag.py for tasks to queue
[2026-08-12T05:49:27.141+0000] {logging_mixin.py:190} INFO - [2026-08-12T05:49:27.140+0000] {dagbag.py:587} INFO - Filling up the DagBag from /home/airflow/.local/lib/python3.12/site-packages/airflow/example_dags/example_trigger_target_dag.py
[2026-08-12T05:49:27.151+0000] {processor.py:925} INFO - DAG(s) 'example_trigger_target_dag' retrieved from /home/airflow/.local/lib/python3.12/site-packages/airflow/example_dags/example_trigger_target_dag.py
[2026-08-12T05:49:27.171+0000] {logging_mixin.py:190} INFO - [2026-08-12T05:49:27.171+0000] {dag.py:3211} INFO - Sync 1 DAGs
[2026-08-12T05:49:27.187+0000] {logging_mixin.py:190} INFO - [2026-08-12T05:49:27.186+0000] {dag.py:4138} INFO - Setting next_dagrun for example_trigger_target_dag to None, run_after=None
[2026-08-12T05:49:27.212+0000] {processor.py:208} INFO - Processing /home/airflow/.local/lib/python3.12/site-packages/airflow/example_dags/example_trigger_target_dag.py took 0.084 seconds
[2026-08-12T05:49:57.812+0000] {processor.py:186} INFO - Started process (PID=9589) to work on /home/airflow/.local/lib/python3.12/site-packages/airflow/example_dags/example_trigger_target_dag.py
[2026-08-12T05:49:57.815+0000] {processor.py:914} INFO - Processing file /home/airflow/.local/lib/python3.12/site-packages/airflow/example_dags/example_trigger_target_dag.py for tasks to queue
[2026-08-12T05:49:57.819+0000] {logging_mixin.py:190} INFO - [2026-08-12T05:49:57.818+0000] {dagbag.py:587} INFO - Filling up the DagBag from /home/airflow/.local/lib/python3.12/site-packages/airflow/example_dags/example_trigger_target_dag.py
[2026-08-12T05:49:57.830+0000] {processor.py:925} INFO - DAG(s) 'example_trigger_target_dag' retrieved from /home/airflow/.local/lib/python3.12/site-packages/airflow/example_dags/example_trigger_target_dag.py
[2026-08-12T05:49:57.855+0000] {logging_mixin.py:190} INFO - [2026-08-12T05:49:57.854+0000] {dag.py:3211} INFO - Sync 1 DAGs
[2026-08-12T05:49:57.870+0000] {logging_mixin.py:190} INFO - [2026-08-12T05:49:57.869+0000] {dag.py:4138} INFO - Setting next_dagrun for example_trigger_target_dag to None, run_after=None
[2026-08-12T05:49:57.897+0000] {processor.py:208} INFO - Processing /home/airflow/.local/lib/python3.12/site-packages/airflow/example_dags/example_trigger_target_dag.py took 0.092 seconds
[2026-08-12T05:50:28.225+0000] {processor.py:186} INFO - Started process (PID=9652) to work on /home/airflow/.local/lib/python3.12/site-packages/airflow/example_dags/example_trigger_target_dag.py
[2026-08-12T05:50:28.228+0000] {processor.py:914} INFO - Processing file /home/airflow/.local/lib/python3.12/site-packages/airflow/example_dags/example_trigger_target_dag.py for tasks to queue
[2026-08-12T05:50:28.232+0000] {logging_mixin.py:190} INFO - [2026-08-12T05:50:28.232+0000] {dagbag.py:587} INFO - Filling up the DagBag from /home/airflow/.local/lib/python3.12/site-packages/airflow/example_dags/example_trigger_target_dag.py
[2026-08-12T05:50:28.241+0000] {processor.py:925} INFO - DAG(s) 'example_trigger_target_dag' retrieved from /home/airflow/.local/lib/python3.12/site-packages/airflow/example_dags/example_trigger_target_dag.py
[2026-08-12T05:50:28.262+0000] {logging_mixin.py:190} INFO - [2026-08-12T05:50:28.262+0000] {dag.py:3211} INFO - Sync 1 DAGs
[2026-08-12T05:50:28.276+0000] {logging_mixin.py:190} INFO - [2026-08-12T05:50:28.276+0000] {dag.py:4138} INFO - Setting next_dagrun for example_trigger_target_dag to None, run_after=None
[2026-08-12T05:50:28.297+0000] {processor.py:208} INFO - Processing /home/airflow/.local/lib/python3.12/site-packages/airflow/example_dags/example_trigger_target_dag.py took 0.077 seconds
[2026-08-12T05:50:58.525+0000] {processor.py:186} INFO - Started process (PID=9715) to work on /home/airflow/.local/lib/python3.12/site-packages/airflow/example_dags/example_trigger_target_dag.py
[2026-08-12T05:50:58.527+0000] {processor.py:914} INFO - Processing file /home/airflow/.local/lib/python3.12/site-packages/airflow/example_dags/example_trigger_target_dag.py for tasks to queue
[2026-08-12T05:50:58.531+0000] {logging_mixin.py:190} INFO - [2026-08-12T05:50:58.531+0000] {dagbag.py:587} INFO - Filling up the DagBag from /home/airflow/.local/lib/python3.12/site-packages/airflow/example_dags/example_trigger_target_dag.py
[2026-08-12T05:50:58.543+0000] {processor.py:925} INFO - DAG(s) 'example_trigger_target_dag' retrieved from /home/airflow/.local/lib/python3.12/site-packages/airflow/example_dags/example_trigger_target_dag.py
[2026-08-12T05:50:58.574+0000] {logging_mixin.py:190} INFO - [2026-08-12T05:50:58.574+0000] {dag.py:3211} INFO - Sync 1 DAGs
[2026-08-12T05:50:58.591+0000] {logging_mixin.py:190} INFO - [2026-08-12T05:50:58.590+0000] {dag.py:4138} INFO - Setting next_dagrun for example_trigger_target_dag to None, run_after=None
[2026-08-12T05:50:58.614+0000] {processor.py:208} INFO - Processing /home/airflow/.local/lib/python3.12/site-packages/airflow/example_dags/example_trigger_target_dag.py took 0.095 seconds
[2026-08-12T05:51:29.454+0000] {processor.py:186} INFO - Started process (PID=9778) to work on /home/airflow/.local/lib/python3.12/site-packages/airflow/example_dags/example_trigger_target_dag.py
[2026-08-12T05:51:29.458+0000] {processor.py:914} INFO - Processing file /home/airflow/.local/lib/python3.12/site-packages/airflow/example_dags/example_trigger_target_dag.py for tasks to queue
[2026-08-12T05:51:29.462+0000] {logging_mixin.py:190} INFO - [2026-08-12T05:51:29.461+0000] {dagbag.py:587} INFO - Filling up the DagBag from /home/airflow/.local/lib/python3.12/site-packages/airflow/example_dags/example_trigger_target_dag.py
[2026-08-12T05:51:29.473+0000] {processor.py:925} INFO - DAG(s) 'example_trigger_target_dag' retrieved from /home/airflow/.local/lib/python3.12/site-packages/airflow/example_dags/example_trigger_target_dag.py
[2026-08-12T05:51:29.500+0000] {logging_mixin.py:190} INFO - [2026-08-12T05:51:29.499+0000] {dag.py:3211} INFO - Sync 1 DAGs
[2026-08-12T05:51:29.518+0000] {logging_mixin.py:190} INFO - [2026-08-12T05:51:29.518+0000] {dag.py:4138} INFO - Setting next_dagrun for example_trigger_target_dag to None, run_after=None
[2026-08-12T05:51:29.544+0000] {processor.py:208} INFO - Processing /home/airflow/.local/lib/python3.12/site-packages/airflow/example_dags/example_trigger_target_dag.py took 0.097 seconds
[2026-08-12T05:51:59.696+0000] {processor.py:186} INFO - Started process (PID=9841) to work on /home/airflow/.local/lib/python3.12/site-packages/airflow/example_dags/example_trigger_target_dag.py
[2026-08-12T05:51:59.698+0000] {processor.py:914} INFO - Processing file /home/airflow/.local/lib/python3.12/site-packages/airflow/example_dags/example_trigger_target_dag.py for tasks to queue
[2026-08-12T05:51:59.702+0000] {logging_mixin.py:190} INFO - [2026-08-12T05:51:59.701+0000] {dagbag.py:587} INFO - Filling up the DagBag from /home/airflow/.local/lib/python3.12/site-packages/airflow/example_dags/example_trigger_target_dag.py
[2026-08-12T05:51:59.713+0000] {processor.py:925} INFO - DAG(s) 'example_trigger_target_dag' retrieved from /home/airflow/.local/lib/python3.12/site-packages/airflow/example_dags/example_trigger_target_dag.py
[2026-08-12T05:51:59.736+0000] {logging_mixin.py:190} INFO - [2026-08-12T05:51:59.736+0000] {dag.py:3211} INFO - Sync 1 DAGs
[2026-08-12T05:51:59.753+0000] {logging_mixin.py:190} INFO - [2026-08-12T05:51:59.752+0000] {dag.py:4138} INFO - Setting next_dagrun for example_trigger_target_dag to None, run_after=None
[2026-08-12T05:51:59.783+0000] {processor.py:208} INFO - Processing /home/airflow/.local/lib/python3.12/site-packages/airflow/example_dags/example_trigger_target_dag.py took 0.094 seconds
[2026-08-12T05:52:30.424+0000] {processor.py:186} INFO - Started process (PID=9904) to work on /home/airflow/.local/lib/python3.12/site-packages/airflow/example_dags/example_trigger_target_dag.py
[2026-08-12T05:52:30.428+0000] {processor.py:914} INFO - Processing file /home/airflow/.local/lib/python3.12/site-packages/airflow/example_dags/example_trigger_target_dag.py for tasks to queue
[2026-08-12T05:52:30.432+0000] {logging_mixin.py:190} INFO - [2026-08-12T05:52:30.432+0000] {dagbag.py:587} INFO - Filling up the DagBag from /home/airflow/.local/lib/python3.12/site-packages/airflow/example_dags/example_trigger_target_dag.py
[2026-08-12T05:52:30.444+0000] {processor.py:925} INFO - DAG(s) 'example_trigger_target_dag' retrieved from /home/airflow/.local/lib/python3.12/site-packages/airflow/example_dags/example_trigger_target_dag.py
[2026-08-12T05:52:30.465+0000] {logging_mixin.py:190} INFO - [2026-08-12T05:52:30.465+0000] {dag.py:3211} INFO - Sync 1 DAGs
[2026-08-12T05:52:30.481+0000] {logging_mixin.py:190} INFO - [2026-08-12T05:52:30.481+0000] {dag.py:4138} INFO - Setting next_dagrun for example_trigger_target_dag to None, run_after=None
[2026-08-12T05:52:30.509+0000] {processor.py:208} INFO - Processing /home/airflow/.local/lib/python3.12/site-packages/airflow/example_dags/example_trigger_target_dag.py took 0.097 seconds
[2026-08-12T05:53:00.700+0000] {processor.py:186} INFO - Started process (PID=9967) to work on /home/airflow/.local/lib/python3.12/site-packages/airflow/example_dags/example_trigger_target_dag.py
[2026-08-12T05:53:00.702+0000] {processor.py:914} INFO - Processing file /home/airflow/.local/lib/python3.12/site-packages/airflow/example_dags/example_trigger_target_dag.py for tasks to queue
[2026-08-12T05:53:00.706+0000] {logging_mixin.py:190} INFO - [2026-08-12T05:53:00.706+0000] {dagbag.py:587} INFO - Filling up the DagBag from /home/airflow/.local/lib/python3.12/site-packages/airflow/example_dags/example_trigger_target_dag.py
[2026-08-12T05:53:00.718+0000] {processor.py:925} INFO - DAG(s) 'example_trigger_target_dag' retrieved from /home/airflow/.local/lib/python3.12/site-packages/airflow/example_dags/example_trigger_target_dag.py
[2026-08-12T05:53:00.742+0000] {logging_mixin.py:190} INFO - [2026-08-12T05:53:00.741+0000] {dag.py:3211} INFO - Sync 1 DAGs
[2026-08-12T05:53:00.761+0000] {logging_mixin.py:190} INFO - [2026-08-12T05:53:00.761+0000] {dag.py:4138} INFO - Setting next_dagrun for example_trigger_target_dag to None, run_after=None
[2026-08-12T05:53:00.787+0000] {processor.py:208} INFO - Processing /home/airflow/.local/lib/python3.12/site-packages/airflow/example_dags/example_trigger_target_dag.py took 0.094 seconds
[2026-08-12T05:53:31.490+0000] {processor.py:186} INFO - Started process (PID=10030) to work on /home/airflow/.local/lib/python3.12/site-packages/airflow/example_dags/example_trigger_target_dag.py
[2026-08-12T05:53:31.493+0000] {processor.py:914} INFO - Processing file /home/airflow/.local/lib/python3.12/site-packages/airflow/example_dags/example_trigger_target_dag.py for tasks to queue
[2026-08-12T05:53:31.498+0000] {logging_mixin.py:190} INFO - [2026-08-12T05:53:31.497+0000] {dagbag.py:587} INFO - Filling up the DagBag from /home/airflow/.local/lib/python3.12/site-packages/airflow/example_dags/example_trigger_target_dag.py
[2026-08-12T05:53:31.509+0000] {processor.py:925} INFO - DAG(s) 'example_trigger_target_dag' retrieved from /home/airflow/.local/lib/python3.12/site-packages/airflow/example_dags/example_trigger_target_dag.py
[2026-08-12T05:53:31.532+0000] {logging_mixin.py:190} INFO - [2026-08-12T05:53:31.531+0000] {dag.py:3211} INFO - Sync 1 DAGs
[2026-08-12T05:53:31.554+0000] {logging_mixin.py:190} INFO - [2026-08-12T05:53:31.554+0000] {dag.py:4138} INFO - Setting next_dagrun for example_trigger_target_dag to None, run_after=None
[2026-08-12T05:53:31.580+0000] {processor.py:208} INFO - Processing /home/airflow/.local/lib/python3.12/site-packages/airflow/example_dags/example_trigger_target_dag.py took 0.097 seconds
[2026-08-12T05:54:01.871+0000] {processor.py:186} INFO - Started process (PID=10093) to work on /home/airflow/.local/lib/python3.12/site-packages/airflow/example_dags/example_trigger_target_dag.py
[2026-08-12T05:54:01.875+0000] {processor.py:914} INFO - Processing file /home/airflow/.local/lib/python3.12/site-packages/airflow/example_dags/example_trigger_target_dag.py for tasks to queue
[2026-08-12T05:54:01.879+0000] {logging_mixin.py:190} INFO - [2026-08-12T05:54:01.879+0000] {dagbag.py:587} INFO - Filling up the DagBag from /home/airflow/.local/lib/python3.12/site-packages/airflow/example_dags/example_trigger_target_dag.py
[2026-08-12T05:54:01.892+0000] {processor.py:925} INFO - DAG(s) 'example_trigger_target_dag' retrieved from /home/airflow/.local/lib/python3.12/site-packages/airflow/example_dags/example_trigger_target_dag.py
[2026-08-12T05:54:01.923+0000] {logging_mixin.py:190} INFO - [2026-08-12T05:54:01.922+0000] {dag.py:3211} INFO - Sync 1 DAGs
[2026-08-12T05:54:01.941+0000] {logging_mixin.py:190} INFO - [2026-08-12T05:54:01.941+0000] {dag.py:4138} INFO - Setting next_dagrun for example_trigger_target_dag to None, run_after=None
[2026-08-12T05:54:01.966+0000] {processor.py:208} INFO - Processing /home/airflow/.local/lib/python3.12/site-packages/airflow/example_dags/example_trigger_target_dag.py took 0.102 seconds
[2026-08-12T05:54:32.937+0000] {processor.py:186} INFO - Started process (PID=10156) to work on /home/airflow/.local/lib/python3.12/site-packages/airflow/example_dags/example_trigger_target_dag.py
[2026-08-12T05:54:32.940+0000] {processor.py:914} INFO - Processing file /home/airflow/.local/lib/python3.12/site-packages/airflow/example_dags/example_trigger_target_dag.py for tasks to queue
[2026-08-12T05:54:32.947+0000] {logging_mixin.py:190} INFO - [2026-08-12T05:54:32.946+0000] {dagbag.py:587} INFO - Filling up the DagBag from /home/airflow/.local/lib/python3.12/site-packages/airflow/example_dags/example_trigger_target_dag.py
[2026-08-12T05:54:32.959+0000] {processor.py:925} INFO - DAG(s) 'example_trigger_target_dag' retrieved from /home/airflow/.local/lib/python3.12/site-packages/airflow/example_dags/example_trigger_target_dag.py
[2026-08-12T05:54:32.981+0000] {logging_mixin.py:190} INFO - [2026-08-12T05:54:32.981+0000] {dag.py:3211} INFO - Sync 1 DAGs
[2026-08-12T05:54:33.434+0000] {logging_mixin.py:190} INFO - [2026-08-12T05:54:33.434+0000] {dag.py:4138} INFO - Setting next_dagrun for example_trigger_target_dag to None, run_after=None
[2026-08-12T05:54:33.470+0000] {processor.py:208} INFO - Processing /home/airflow/.local/lib/python3.12/site-packages/airflow/example_dags/example_trigger_target_dag.py took 0.539 seconds
[2026-08-12T05:55:03.602+0000] {processor.py:186} INFO - Started process (PID=10219) to work on /home/airflow/.local/lib/python3.12/site-packages/airflow/example_dags/example_trigger_target_dag.py
[2026-08-12T05:55:03.605+0000] {processor.py:914} INFO - Processing file /home/airflow/.local/lib/python3.12/site-packages/airflow/example_dags/example_trigger_target_dag.py for tasks to queue
[2026-08-12T05:55:03.610+0000] {logging_mixin.py:190} INFO - [2026-08-12T05:55:03.610+0000] {dagbag.py:587} INFO - Filling up the DagBag from /home/airflow/.local/lib/python3.12/site-packages/airflow/example_dags/example_trigger_target_dag.py
[2026-08-12T05:55:03.622+0000] {processor.py:925} INFO - DAG(s) 'example_trigger_target_dag' retrieved from /home/airflow/.local/lib/python3.12/site-packages/airflow/example_dags/example_trigger_target_dag.py
[2026-08-12T05:55:03.646+0000] {logging_mixin.py:190} INFO - [2026-08-12T05:55:03.646+0000] {dag.py:3211} INFO - Sync 1 DAGs
[2026-08-12T05:55:03.670+0000] {logging_mixin.py:190} INFO - [2026-08-12T05:55:03.669+0000] {dag.py:4138} INFO - Setting next_dagrun for example_trigger_target_dag to None, run_after=None
[2026-08-12T05:55:03.704+0000] {processor.py:208} INFO - Processing /home/airflow/.local/lib/python3.12/site-packages/airflow/example_dags/example_trigger_target_dag.py took 0.113 seconds
[2026-08-12T05:55:34.195+0000] {processor.py:186} INFO - Started process (PID=10282) to work on /home/airflow/.local/lib/python3.12/site-packages/airflow/example_dags/example_trigger_target_dag.py
[2026-08-12T05:55:34.198+0000] {processor.py:914} INFO - Processing file /home/airflow/.local/lib/python3.12/site-packages/airflow/example_dags/example_trigger_target_dag.py for tasks to queue
[2026-08-12T05:55:34.201+0000] {logging_mixin.py:190} INFO - [2026-08-12T05:55:34.201+0000] {dagbag.py:587} INFO - Filling up the DagBag from /home/airflow/.local/lib/python3.12/site-packages/airflow/example_dags/example_trigger_target_dag.py
[2026-08-12T05:55:34.212+0000] {processor.py:925} INFO - DAG(s) 'example_trigger_target_dag' retrieved from /home/airflow/.local/lib/python3.12/site-packages/airflow/example_dags/example_trigger_target_dag.py
[2026-08-12T05:55:34.235+0000] {logging_mixin.py:190} INFO - [2026-08-12T05:55:34.234+0000] {dag.py:3211} INFO - Sync 1 DAGs
[2026-08-12T05:55:34.251+0000] {logging_mixin.py:190} INFO - [2026-08-12T05:55:34.251+0000] {dag.py:4138} INFO - Setting next_dagrun for example_trigger_target_dag to None, run_after=None
[2026-08-12T05:55:34.277+0000] {processor.py:208} INFO - Processing /home/airflow/.local/lib/python3.12/site-packages/airflow/example_dags/example_trigger_target_dag.py took 0.088 seconds
[2026-08-12T05:56:04.838+0000] {processor.py:186} INFO - Started process (PID=10345) to work on /home/airflow/.local/lib/python3.12/site-packages/airflow/example_dags/example_trigger_target_dag.py
[2026-08-12T05:56:04.841+0000] {processor.py:914} INFO - Processing file /home/airflow/.local/lib/python3.12/site-packages/airflow/example_dags/example_trigger_target_dag.py for tasks to queue
[2026-08-12T05:56:04.846+0000] {logging_mixin.py:190} INFO - [2026-08-12T05:56:04.845+0000] {dagbag.py:587} INFO - Filling up the DagBag from /home/airflow/.local/lib/python3.12/site-packages/airflow/example_dags/example_trigger_target_dag.py
[2026-08-12T05:56:04.855+0000] {processor.py:925} INFO - DAG(s) 'example_trigger_target_dag' retrieved from /home/airflow/.local/lib/python3.12/site-packages/airflow/example_dags/example_trigger_target_dag.py
[2026-08-12T05:56:04.883+0000] {logging_mixin.py:190} INFO - [2026-08-12T05:56:04.882+0000] {dag.py:3211} INFO - Sync 1 DAGs
[2026-08-12T05:56:04.901+0000] {logging_mixin.py:190} INFO - [2026-08-12T05:56:04.901+0000] {dag.py:4138} INFO - Setting next_dagrun for example_trigger_target_dag to None, run_after=None
[2026-08-12T05:56:04.931+0000] {processor.py:208} INFO - Processing /home/airflow/.local/lib/python3.12/site-packages/airflow/example_dags/example_trigger_target_dag.py took 0.099 seconds
[2026-08-12T05:56:35.712+0000] {processor.py:186} INFO - Started process (PID=10408) to work on /home/airflow/.local/lib/python3.12/site-packages/airflow/example_dags/example_trigger_target_dag.py
[2026-08-12T05:56:35.714+0000] {processor.py:914} INFO - Processing file /home/airflow/.local/lib/python3.12/site-packages/airflow/example_dags/example_trigger_target_dag.py for tasks to queue
[2026-08-12T05:56:35.719+0000] {logging_mixin.py:190} INFO - [2026-08-12T05:56:35.718+0000] {dagbag.py:587} INFO - Filling up the DagBag from /home/airflow/.local/lib/python3.12/site-packages/airflow/example_dags/example_trigger_target_dag.py
[2026-08-12T05:56:35.728+0000] {processor.py:925} INFO - DAG(s) 'example_trigger_target_dag' retrieved from /home/airflow/.local/lib/python3.12/site-packages/airflow/example_dags/example_trigger_target_dag.py
[2026-08-12T05:56:35.927+0000] {logging_mixin.py:190} INFO - [2026-08-12T05:56:35.927+0000] {dag.py:3211} INFO - Sync 1 DAGs
[2026-08-12T05:56:35.941+0000] {logging_mixin.py:190} INFO - [2026-08-12T05:56:35.940+0000] {dag.py:4138} INFO - Setting next_dagrun for example_trigger_target_dag to None, run_after=None
[2026-08-12T05:56:35.960+0000] {processor.py:208} INFO - Processing /home/airflow/.local/lib/python3.12/site-packages/airflow/example_dags/example_trigger_target_dag.py took 0.253 seconds
[2026-08-12T05:57:06.591+0000] {processor.py:186} INFO - Started process (PID=10479) to work on /home/airflow/.local/lib/python3.12/site-packages/airflow/example_dags/example_trigger_target_dag.py
[2026-08-12T05:57:06.595+0000] {processor.py:914} INFO - Processing file /home/airflow/.local/lib/python3.12/site-packages/airflow/example_dags/example_trigger_target_dag.py for tasks to queue
[2026-08-12T05:57:06.601+0000] {logging_mixin.py:190} INFO - [2026-08-12T05:57:06.600+0000] {dagbag.py:587} INFO - Filling up the DagBag from /home/airflow/.local/lib/python3.12/site-packages/airflow/example_dags/example_trigger_target_dag.py
[2026-08-12T05:57:06.619+0000] {processor.py:925} INFO - DAG(s) 'example_trigger_target_dag' retrieved from /home/airflow/.local/lib/python3.12/site-packages/airflow/example_dags/example_trigger_target_dag.py
[2026-08-12T05:57:06.657+0000] {logging_mixin.py:190} INFO - [2026-08-12T05:57:06.656+0000] {dag.py:3211} INFO - Sync 1 DAGs
[2026-08-12T05:57:06.938+0000] {logging_mixin.py:190} INFO - [2026-08-12T05:57:06.937+0000] {dag.py:4138} INFO - Setting next_dagrun for example_trigger_target_dag to None, run_after=None
[2026-08-12T05:57:06.966+0000] {processor.py:208} INFO - Processing /home/airflow/.local/lib/python3.12/site-packages/airflow/example_dags/example_trigger_target_dag.py took 0.391 seconds
[2026-08-12T05:57:37.171+0000] {processor.py:186} INFO - Started process (PID=10542) to work on /home/airflow/.local/lib/python3.12/site-packages/airflow/example_dags/example_trigger_target_dag.py
[2026-08-12T05:57:37.173+0000] {processor.py:914} INFO - Processing file /home/airflow/.local/lib/python3.12/site-packages/airflow/example_dags/example_trigger_target_dag.py for tasks to queue
[2026-08-12T05:57:37.178+0000] {logging_mixin.py:190} INFO - [2026-08-12T05:57:37.178+0000] {dagbag.py:587} INFO - Filling up the DagBag from /home/airflow/.local/lib/python3.12/site-packages/airflow/example_dags/example_trigger_target_dag.py
[2026-08-12T05:57:37.192+0000] {processor.py:925} INFO - DAG(s) 'example_trigger_target_dag' retrieved from /home/airflow/.local/lib/python3.12/site-packages/airflow/example_dags/example_trigger_target_dag.py
[2026-08-12T05:57:37.225+0000] {logging_mixin.py:190} INFO - [2026-08-12T05:57:37.224+0000] {dag.py:3211} INFO - Sync 1 DAGs
[2026-08-12T05:57:37.242+0000] {logging_mixin.py:190} INFO - [2026-08-12T05:57:37.241+0000] {dag.py:4138} INFO - Setting next_dagrun for example_trigger_target_dag to None, run_after=None
[2026-08-12T05:57:37.271+0000] {processor.py:208} INFO - Processing /home/airflow/.local/lib/python3.12/site-packages/airflow/example_dags/example_trigger_target_dag.py took 0.110 seconds
[2026-08-12T05:58:08.091+0000] {processor.py:186} INFO - Started process (PID=10605) to work on /home/airflow/.local/lib/python3.12/site-packages/airflow/example_dags/example_trigger_target_dag.py
[2026-08-12T05:58:08.094+0000] {processor.py:914} INFO - Processing file /home/airflow/.local/lib/python3.12/site-packages/airflow/example_dags/example_trigger_target_dag.py for tasks to queue
[2026-08-12T05:58:08.099+0000] {logging_mixin.py:190} INFO - [2026-08-12T05:58:08.098+0000] {dagbag.py:587} INFO - Filling up the DagBag from /home/airflow/.local/lib/python3.12/site-packages/airflow/example_dags/example_trigger_target_dag.py
[2026-08-12T05:58:08.111+0000] {processor.py:925} INFO - DAG(s) 'example_trigger_target_dag' retrieved from /home/airflow/.local/lib/python3.12/site-packages/airflow/example_dags/example_trigger_target_dag.py
[2026-08-12T05:58:08.142+0000] {logging_mixin.py:190} INFO - [2026-08-12T05:58:08.141+0000] {dag.py:3211} INFO - Sync 1 DAGs
[2026-08-12T05:58:08.160+0000] {logging_mixin.py:190} INFO - [2026-08-12T05:58:08.160+0000] {dag.py:4138} INFO - Setting next_dagrun for example_trigger_target_dag to None, run_after=None
[2026-08-12T05:58:08.183+0000] {processor.py:208} INFO - Processing /home/airflow/.local/lib/python3.12/site-packages/airflow/example_dags/example_trigger_target_dag.py took 0.100 seconds
[2026-08-12T05:58:38.597+0000] {processor.py:186} INFO - Started process (PID=10668) to work on /home/airflow/.local/lib/python3.12/site-packages/airflow/example_dags/example_trigger_target_dag.py
[2026-08-12T05:58:38.600+0000] {processor.py:914} INFO - Processing file /home/airflow/.local/lib/python3.12/site-packages/airflow/example_dags/example_trigger_target_dag.py for tasks to queue
[2026-08-12T05:58:38.604+0000] {logging_mixin.py:190} INFO - [2026-08-12T05:58:38.604+0000] {dagbag.py:587} INFO - Filling up the DagBag from /home/airflow/.local/lib/python3.12/site-packages/airflow/example_dags/example_trigger_target_dag.py
[2026-08-12T05:58:38.614+0000] {processor.py:925} INFO - DAG(s) 'example_trigger_target_dag' retrieved from /home/airflow/.local/lib/python3.12/site-packages/airflow/example_dags/example_trigger_target_dag.py
[2026-08-12T05:58:38.642+0000] {logging_mixin.py:190} INFO - [2026-08-12T05:58:38.642+0000] {dag.py:3211} INFO - Sync 1 DAGs
[2026-08-12T05:58:38.658+0000] {logging_mixin.py:190} INFO - [2026-08-12T05:58:38.658+0000] {dag.py:4138} INFO - Setting next_dagrun for example_trigger_target_dag to None, run_after=None
[2026-08-12T05:58:38.684+0000] {processor.py:208} INFO - Processing /home/airflow/.local/lib/python3.12/site-packages/airflow/example_dags/example_trigger_target_dag.py took 0.094 seconds
[2026-08-12T05:59:09.162+0000] {processor.py:186} INFO - Started process (PID=10731) to work on /home/airflow/.local/lib/python3.12/site-packages/airflow/example_dags/example_trigger_target_dag.py
[2026-08-12T05:59:09.165+0000] {processor.py:914} INFO - Processing file /home/airflow/.local/lib/python3.12/site-packages/airflow/example_dags/example_trigger_target_dag.py for tasks to queue
[2026-08-12T05:59:09.170+0000] {logging_mixin.py:190} INFO - [2026-08-12T05:59:09.169+0000] {dagbag.py:587} INFO - Filling up the DagBag from /home/airflow/.local/lib/python3.12/site-packages/airflow/example_dags/example_trigger_target_dag.py
[2026-08-12T05:59:09.179+0000] {processor.py:925} INFO - DAG(s) 'example_trigger_target_dag' retrieved from /home/airflow/.local/lib/python3.12/site-packages/airflow/example_dags/example_trigger_target_dag.py
[2026-08-12T05:59:09.204+0000] {logging_mixin.py:190} INFO - [2026-08-12T05:59:09.204+0000] {dag.py:3211} INFO - Sync 1 DAGs
[2026-08-12T05:59:09.221+0000] {logging_mixin.py:190} INFO - [2026-08-12T05:59:09.221+0000] {dag.py:4138} INFO - Setting next_dagrun for example_trigger_target_dag to None, run_after=None
[2026-08-12T05:59:09.249+0000] {processor.py:208} INFO - Processing /home/airflow/.local/lib/python3.12/site-packages/airflow/example_dags/example_trigger_target_dag.py took 0.093 seconds
[2026-08-12T05:59:39.596+0000] {processor.py:186} INFO - Started process (PID=10794) to work on /home/airflow/.local/lib/python3.12/site-packages/airflow/example_dags/example_trigger_target_dag.py
[2026-08-12T05:59:39.599+0000] {processor.py:914} INFO - Processing file /home/airflow/.local/lib/python3.12/site-packages/airflow/example_dags/example_trigger_target_dag.py for tasks to queue
[2026-08-12T05:59:39.603+0000] {logging_mixin.py:190} INFO - [2026-08-12T05:59:39.602+0000] {dagbag.py:587} INFO - Filling up the DagBag from /home/airflow/.local/lib/python3.12/site-packages/airflow/example_dags/example_trigger_target_dag.py
[2026-08-12T05:59:39.618+0000] {processor.py:925} INFO - DAG(s) 'example_trigger_target_dag' retrieved from /home/airflow/.local/lib/python3.12/site-packages/airflow/example_dags/example_trigger_target_dag.py
[2026-08-12T05:59:39.648+0000] {logging_mixin.py:190} INFO - [2026-08-12T05:59:39.647+0000] {dag.py:3211} INFO - Sync 1 DAGs
[2026-08-12T05:59:39.672+0000] {logging_mixin.py:190} INFO - [2026-08-12T05:59:39.671+0000] {dag.py:4138} INFO - Setting next_dagrun for example_trigger_target_dag to None, run_after=None
[2026-08-12T05:59:39.710+0000] {processor.py:208} INFO - Processing /home/airflow/.local/lib/python3.12/site-packages/airflow/example_dags/example_trigger_target_dag.py took 0.120 seconds
[2026-08-12T06:00:10.274+0000] {processor.py:186} INFO - Started process (PID=10857) to work on /home/airflow/.local/lib/python3.12/site-packages/airflow/example_dags/example_trigger_target_dag.py
[2026-08-12T06:00:10.276+0000] {processor.py:914} INFO - Processing file /home/airflow/.local/lib/python3.12/site-packages/airflow/example_dags/example_trigger_target_dag.py for tasks to queue
[2026-08-12T06:00:10.280+0000] {logging_mixin.py:190} INFO - [2026-08-12T06:00:10.280+0000] {dagbag.py:587} INFO - Filling up the DagBag from /home/airflow/.local/lib/python3.12/site-packages/airflow/example_dags/example_trigger_target_dag.py
[2026-08-12T06:00:10.292+0000] {processor.py:925} INFO - DAG(s) 'example_trigger_target_dag' retrieved from /home/airflow/.local/lib/python3.12/site-packages/airflow/example_dags/example_trigger_target_dag.py
[2026-08-12T06:00:10.331+0000] {logging_mixin.py:190} INFO - [2026-08-12T06:00:10.331+0000] {dag.py:3211} INFO - Sync 1 DAGs
[2026-08-12T06:00:10.351+0000] {logging_mixin.py:190} INFO - [2026-08-12T06:00:10.351+0000] {dag.py:4138} INFO - Setting next_dagrun for example_trigger_target_dag to None, run_after=None
[2026-08-12T06:00:10.382+0000] {processor.py:208} INFO - Processing /home/airflow/.local/lib/python3.12/site-packages/airflow/example_dags/example_trigger_target_dag.py took 0.115 seconds
[2026-08-12T06:00:41.023+0000] {processor.py:186} INFO - Started process (PID=10920) to work on /home/airflow/.local/lib/python3.12/site-packages/airflow/example_dags/example_trigger_target_dag.py
[2026-08-12T06:00:41.025+0000] {processor.py:914} INFO - Processing file /home/airflow/.local/lib/python3.12/site-packages/airflow/example_dags/example_trigger_target_dag.py for tasks to queue
[2026-08-12T06:00:41.029+0000] {logging_mixin.py:190} INFO - [2026-08-12T06:00:41.029+0000] {dagbag.py:587} INFO - Filling up the DagBag from /home/airflow/.local/lib/python3.12/site-packages/airflow/example_dags/example_trigger_target_dag.py
[2026-08-12T06:00:41.042+0000] {processor.py:925} INFO - DAG(s) 'example_trigger_target_dag' retrieved from /home/airflow/.local/lib/python3.12/site-packages/airflow/example_dags/example_trigger_target_dag.py
[2026-08-12T06:00:41.065+0000] {logging_mixin.py:190} INFO - [2026-08-12T06:00:41.065+0000] {dag.py:3211} INFO - Sync 1 DAGs
[2026-08-12T06:00:41.084+0000] {logging_mixin.py:190} INFO - [2026-08-12T06:00:41.084+0000] {dag.py:4138} INFO - Setting next_dagrun for example_trigger_target_dag to None, run_after=None
[2026-08-12T06:00:41.115+0000] {processor.py:208} INFO - Processing /home/airflow/.local/lib/python3.12/site-packages/airflow/example_dags/example_trigger_target_dag.py took 0.101 seconds
[2026-08-12T06:01:11.820+0000] {processor.py:186} INFO - Started process (PID=10983) to work on /home/airflow/.local/lib/python3.12/site-packages/airflow/example_dags/example_trigger_target_dag.py
[2026-08-12T06:01:11.822+0000] {processor.py:914} INFO - Processing file /home/airflow/.local/lib/python3.12/site-packages/airflow/example_dags/example_trigger_target_dag.py for tasks to queue
[2026-08-12T06:01:11.828+0000] {logging_mixin.py:190} INFO - [2026-08-12T06:01:11.828+0000] {dagbag.py:587} INFO - Filling up the DagBag from /home/airflow/.local/lib/python3.12/site-packages/airflow/example_dags/example_trigger_target_dag.py
[2026-08-12T06:01:11.837+0000] {processor.py:925} INFO - DAG(s) 'example_trigger_target_dag' retrieved from /home/airflow/.local/lib/python3.12/site-packages/airflow/example_dags/example_trigger_target_dag.py
[2026-08-12T06:01:11.862+0000] {logging_mixin.py:190} INFO - [2026-08-12T06:01:11.861+0000] {dag.py:3211} INFO - Sync 1 DAGs
[2026-08-12T06:01:11.887+0000] {logging_mixin.py:190} INFO - [2026-08-12T06:01:11.886+0000] {dag.py:4138} INFO - Setting next_dagrun for example_trigger_target_dag to None, run_after=None
[2026-08-12T06:01:11.935+0000] {processor.py:208} INFO - Processing /home/airflow/.local/lib/python3.12/site-packages/airflow/example_dags/example_trigger_target_dag.py took 0.121 seconds
[2026-08-12T06:01:42.190+0000] {processor.py:186} INFO - Started process (PID=11046) to work on /home/airflow/.local/lib/python3.12/site-packages/airflow/example_dags/example_trigger_target_dag.py
[2026-08-12T06:01:42.193+0000] {processor.py:914} INFO - Processing file /home/airflow/.local/lib/python3.12/site-packages/airflow/example_dags/example_trigger_target_dag.py for tasks to queue
[2026-08-12T06:01:42.199+0000] {logging_mixin.py:190} INFO - [2026-08-12T06:01:42.199+0000] {dagbag.py:587} INFO - Filling up the DagBag from /home/airflow/.local/lib/python3.12/site-packages/airflow/example_dags/example_trigger_target_dag.py
[2026-08-12T06:01:42.216+0000] {processor.py:925} INFO - DAG(s) 'example_trigger_target_dag' retrieved from /home/airflow/.local/lib/python3.12/site-packages/airflow/example_dags/example_trigger_target_dag.py
[2026-08-12T06:01:42.254+0000] {logging_mixin.py:190} INFO - [2026-08-12T06:01:42.253+0000] {dag.py:3211} INFO - Sync 1 DAGs
[2026-08-12T06:01:42.273+0000] {logging_mixin.py:190} INFO - [2026-08-12T06:01:42.273+0000] {dag.py:4138} INFO - Setting next_dagrun for example_trigger_target_dag to None, run_after=None
[2026-08-12T06:01:42.306+0000] {processor.py:208} INFO - Processing /home/airflow/.local/lib/python3.12/site-packages/airflow/example_dags/example_trigger_target_dag.py took 0.126 seconds
[2026-08-12T06:02:13.004+0000] {processor.py:186} INFO - Started process (PID=11109) to work on /home/airflow/.local/lib/python3.12/site-packages/airflow/example_dags/example_trigger_target_dag.py
[2026-08-12T06:02:13.007+0000] {processor.py:914} INFO - Processing file /home/airflow/.local/lib/python3.12/site-packages/airflow/example_dags/example_trigger_target_dag.py for tasks to queue
[2026-08-12T06:02:13.011+0000] {logging_mixin.py:190} INFO - [2026-08-12T06:02:13.010+0000] {dagbag.py:587} INFO - Filling up the DagBag from /home/airflow/.local/lib/python3.12/site-packages/airflow/example_dags/example_trigger_target_dag.py
[2026-08-12T06:02:13.024+0000] {processor.py:925} INFO - DAG(s) 'example_trigger_target_dag' retrieved from /home/airflow/.local/lib/python3.12/site-packages/airflow/example_dags/example_trigger_target_dag.py
[2026-08-12T06:02:13.058+0000] {logging_mixin.py:190} INFO - [2026-08-12T06:02:13.057+0000] {dag.py:3211} INFO - Sync 1 DAGs
[2026-08-12T06:02:13.081+0000] {logging_mixin.py:190} INFO - [2026-08-12T06:02:13.081+0000] {dag.py:4138} INFO - Setting next_dagrun for example_trigger_target_dag to None, run_after=None
[2026-08-12T06:02:13.119+0000] {processor.py:208} INFO - Processing /home/airflow/.local/lib/python3.12/site-packages/airflow/example_dags/example_trigger_target_dag.py took 0.123 seconds
[2026-08-12T06:02:43.562+0000] {processor.py:186} INFO - Started process (PID=11172) to work on /home/airflow/.local/lib/python3.12/site-packages/airflow/example_dags/example_trigger_target_dag.py
[2026-08-12T06:02:43.565+0000] {processor.py:914} INFO - Processing file /home/airflow/.local/lib/python3.12/site-packages/airflow/example_dags/example_trigger_target_dag.py for tasks to queue
[2026-08-12T06:02:43.571+0000] {logging_mixin.py:190} INFO - [2026-08-12T06:02:43.570+0000] {dagbag.py:587} INFO - Filling up the DagBag from /home/airflow/.local/lib/python3.12/site-packages/airflow/example_dags/example_trigger_target_dag.py
[2026-08-12T06:02:43.587+0000] {processor.py:925} INFO - DAG(s) 'example_trigger_target_dag' retrieved from /home/airflow/.local/lib/python3.12/site-packages/airflow/example_dags/example_trigger_target_dag.py
[2026-08-12T06:02:43.645+0000] {logging_mixin.py:190} INFO - [2026-08-12T06:02:43.644+0000] {dag.py:3211} INFO - Sync 1 DAGs
[2026-08-12T06:02:43.698+0000] {logging_mixin.py:190} INFO - [2026-08-12T06:02:43.697+0000] {dag.py:4138} INFO - Setting next_dagrun for example_trigger_target_dag to None, run_after=None
[2026-08-12T06:02:43.747+0000] {processor.py:208} INFO - Processing /home/airflow/.local/lib/python3.12/site-packages/airflow/example_dags/example_trigger_target_dag.py took 0.204 seconds
[2026-08-12T06:03:14.244+0000] {processor.py:186} INFO - Started process (PID=11235) to work on /home/airflow/.local/lib/python3.12/site-packages/airflow/example_dags/example_trigger_target_dag.py
[2026-08-12T06:03:14.248+0000] {processor.py:914} INFO - Processing file /home/airflow/.local/lib/python3.12/site-packages/airflow/example_dags/example_trigger_target_dag.py for tasks to queue
[2026-08-12T06:03:14.255+0000] {logging_mixin.py:190} INFO - [2026-08-12T06:03:14.255+0000] {dagbag.py:587} INFO - Filling up the DagBag from /home/airflow/.local/lib/python3.12/site-packages/airflow/example_dags/example_trigger_target_dag.py
[2026-08-12T06:03:14.272+0000] {processor.py:925} INFO - DAG(s) 'example_trigger_target_dag' retrieved from /home/airflow/.local/lib/python3.12/site-packages/airflow/example_dags/example_trigger_target_dag.py
[2026-08-12T06:03:14.322+0000] {logging_mixin.py:190} INFO - [2026-08-12T06:03:14.321+0000] {dag.py:3211} INFO - Sync 1 DAGs
[2026-08-12T06:03:14.350+0000] {logging_mixin.py:190} INFO - [2026-08-12T06:03:14.350+0000] {dag.py:4138} INFO - Setting next_dagrun for example_trigger_target_dag to None, run_after=None
[2026-08-12T06:03:14.391+0000] {processor.py:208} INFO - Processing /home/airflow/.local/lib/python3.12/site-packages/airflow/example_dags/example_trigger_target_dag.py took 0.158 seconds
[2026-08-12T06:03:44.756+0000] {processor.py:186} INFO - Started process (PID=11298) to work on /home/airflow/.local/lib/python3.12/site-packages/airflow/example_dags/example_trigger_target_dag.py
[2026-08-12T06:03:44.759+0000] {processor.py:914} INFO - Processing file /home/airflow/.local/lib/python3.12/site-packages/airflow/example_dags/example_trigger_target_dag.py for tasks to queue
[2026-08-12T06:03:44.764+0000] {logging_mixin.py:190} INFO - [2026-08-12T06:03:44.763+0000] {dagbag.py:587} INFO - Filling up the DagBag from /home/airflow/.local/lib/python3.12/site-packages/airflow/example_dags/example_trigger_target_dag.py
[2026-08-12T06:03:44.776+0000] {processor.py:925} INFO - DAG(s) 'example_trigger_target_dag' retrieved from /home/airflow/.local/lib/python3.12/site-packages/airflow/example_dags/example_trigger_target_dag.py
[2026-08-12T06:03:44.806+0000] {logging_mixin.py:190} INFO - [2026-08-12T06:03:44.805+0000] {dag.py:3211} INFO - Sync 1 DAGs
[2026-08-12T06:03:44.828+0000] {logging_mixin.py:190} INFO - [2026-08-12T06:03:44.828+0000] {dag.py:4138} INFO - Setting next_dagrun for example_trigger_target_dag to None, run_after=None
[2026-08-12T06:03:44.863+0000] {processor.py:208} INFO - Processing /home/airflow/.local/lib/python3.12/site-packages/airflow/example_dags/example_trigger_target_dag.py took 0.117 seconds
[2026-08-12T06:04:15.732+0000] {processor.py:186} INFO - Started process (PID=11361) to work on /home/airflow/.local/lib/python3.12/site-packages/airflow/example_dags/example_trigger_target_dag.py
[2026-08-12T06:04:15.735+0000] {processor.py:914} INFO - Processing file /home/airflow/.local/lib/python3.12/site-packages/airflow/example_dags/example_trigger_target_dag.py for tasks to queue
[2026-08-12T06:04:15.740+0000] {logging_mixin.py:190} INFO - [2026-08-12T06:04:15.739+0000] {dagbag.py:587} INFO - Filling up the DagBag from /home/airflow/.local/lib/python3.12/site-packages/airflow/example_dags/example_trigger_target_dag.py
[2026-08-12T06:04:15.758+0000] {processor.py:925} INFO - DAG(s) 'example_trigger_target_dag' retrieved from /home/airflow/.local/lib/python3.12/site-packages/airflow/example_dags/example_trigger_target_dag.py
[2026-08-12T06:04:15.789+0000] {logging_mixin.py:190} INFO - [2026-08-12T06:04:15.788+0000] {dag.py:3211} INFO - Sync 1 DAGs
[2026-08-12T06:04:15.812+0000] {logging_mixin.py:190} INFO - [2026-08-12T06:04:15.811+0000] {dag.py:4138} INFO - Setting next_dagrun for example_trigger_target_dag to None, run_after=None
[2026-08-12T06:04:15.847+0000] {processor.py:208} INFO - Processing /home/airflow/.local/lib/python3.12/site-packages/airflow/example_dags/example_trigger_target_dag.py took 0.124 seconds
[2026-08-12T06:04:46.993+0000] {processor.py:186} INFO - Started process (PID=11425) to work on /home/airflow/.local/lib/python3.12/site-packages/airflow/example_dags/example_trigger_target_dag.py
[2026-08-12T06:04:46.996+0000] {processor.py:914} INFO - Processing file /home/airflow/.local/lib/python3.12/site-packages/airflow/example_dags/example_trigger_target_dag.py for tasks to queue
[2026-08-12T06:04:47.002+0000] {logging_mixin.py:190} INFO - [2026-08-12T06:04:47.001+0000] {dagbag.py:587} INFO - Filling up the DagBag from /home/airflow/.local/lib/python3.12/site-packages/airflow/example_dags/example_trigger_target_dag.py
[2026-08-12T06:04:47.017+0000] {processor.py:925} INFO - DAG(s) 'example_trigger_target_dag' retrieved from /home/airflow/.local/lib/python3.12/site-packages/airflow/example_dags/example_trigger_target_dag.py
[2026-08-12T06:04:47.071+0000] {logging_mixin.py:190} INFO - [2026-08-12T06:04:47.070+0000] {dag.py:3211} INFO - Sync 1 DAGs
[2026-08-12T06:04:47.105+0000] {logging_mixin.py:190} INFO - [2026-08-12T06:04:47.105+0000] {dag.py:4138} INFO - Setting next_dagrun for example_trigger_target_dag to None, run_after=None
[2026-08-12T06:04:47.149+0000] {processor.py:208} INFO - Processing /home/airflow/.local/lib/python3.12/site-packages/airflow/example_dags/example_trigger_target_dag.py took 0.167 seconds
[2026-08-12T06:05:17.363+0000] {processor.py:186} INFO - Started process (PID=11489) to work on /home/airflow/.local/lib/python3.12/site-packages/airflow/example_dags/example_trigger_target_dag.py
[2026-08-12T06:05:17.365+0000] {processor.py:914} INFO - Processing file /home/airflow/.local/lib/python3.12/site-packages/airflow/example_dags/example_trigger_target_dag.py for tasks to queue
[2026-08-12T06:05:17.369+0000] {logging_mixin.py:190} INFO - [2026-08-12T06:05:17.369+0000] {dagbag.py:587} INFO - Filling up the DagBag from /home/airflow/.local/lib/python3.12/site-packages/airflow/example_dags/example_trigger_target_dag.py
[2026-08-12T06:05:17.379+0000] {processor.py:925} INFO - DAG(s) 'example_trigger_target_dag' retrieved from /home/airflow/.local/lib/python3.12/site-packages/airflow/example_dags/example_trigger_target_dag.py
[2026-08-12T06:05:17.403+0000] {logging_mixin.py:190} INFO - [2026-08-12T06:05:17.403+0000] {dag.py:3211} INFO - Sync 1 DAGs
[2026-08-12T06:05:17.421+0000] {logging_mixin.py:190} INFO - [2026-08-12T06:05:17.421+0000] {dag.py:4138} INFO - Setting next_dagrun for example_trigger_target_dag to None, run_after=None
[2026-08-12T06:05:17.447+0000] {processor.py:208} INFO - Processing /home/airflow/.local/lib/python3.12/site-packages/airflow/example_dags/example_trigger_target_dag.py took 0.090 seconds
[2026-08-12T06:05:48.066+0000] {processor.py:186} INFO - Started process (PID=11552) to work on /home/airflow/.local/lib/python3.12/site-packages/airflow/example_dags/example_trigger_target_dag.py
[2026-08-12T06:05:48.070+0000] {processor.py:914} INFO - Processing file /home/airflow/.local/lib/python3.12/site-packages/airflow/example_dags/example_trigger_target_dag.py for tasks to queue
[2026-08-12T06:05:48.077+0000] {logging_mixin.py:190} INFO - [2026-08-12T06:05:48.076+0000] {dagbag.py:587} INFO - Filling up the DagBag from /home/airflow/.local/lib/python3.12/site-packages/airflow/example_dags/example_trigger_target_dag.py
[2026-08-12T06:05:48.089+0000] {processor.py:925} INFO - DAG(s) 'example_trigger_target_dag' retrieved from /home/airflow/.local/lib/python3.12/site-packages/airflow/example_dags/example_trigger_target_dag.py
[2026-08-12T06:05:48.119+0000] {logging_mixin.py:190} INFO - [2026-08-12T06:05:48.119+0000] {dag.py:3211} INFO - Sync 1 DAGs
[2026-08-12T06:05:48.147+0000] {logging_mixin.py:190} INFO - [2026-08-12T06:05:48.146+0000] {dag.py:4138} INFO - Setting next_dagrun for example_trigger_target_dag to None, run_after=None
[2026-08-12T06:05:48.171+0000] {processor.py:208} INFO - Processing /home/airflow/.local/lib/python3.12/site-packages/airflow/example_dags/example_trigger_target_dag.py took 0.117 seconds
[2026-08-12T06:06:18.788+0000] {processor.py:186} INFO - Started process (PID=11615) to work on /home/airflow/.local/lib/python3.12/site-packages/airflow/example_dags/example_trigger_target_dag.py
[2026-08-12T06:06:18.790+0000] {processor.py:914} INFO - Processing file /home/airflow/.local/lib/python3.12/site-packages/airflow/example_dags/example_trigger_target_dag.py for tasks to queue
[2026-08-12T06:06:18.795+0000] {logging_mixin.py:190} INFO - [2026-08-12T06:06:18.794+0000] {dagbag.py:587} INFO - Filling up the DagBag from /home/airflow/.local/lib/python3.12/site-packages/airflow/example_dags/example_trigger_target_dag.py
[2026-08-12T06:06:18.809+0000] {processor.py:925} INFO - DAG(s) 'example_trigger_target_dag' retrieved from /home/airflow/.local/lib/python3.12/site-packages/airflow/example_dags/example_trigger_target_dag.py
[2026-08-12T06:06:18.832+0000] {logging_mixin.py:190} INFO - [2026-08-12T06:06:18.832+0000] {dag.py:3211} INFO - Sync 1 DAGs
[2026-08-12T06:06:18.851+0000] {logging_mixin.py:190} INFO - [2026-08-12T06:06:18.850+0000] {dag.py:4138} INFO - Setting next_dagrun for example_trigger_target_dag to None, run_after=None
[2026-08-12T06:06:18.874+0000] {processor.py:208} INFO - Processing /home/airflow/.local/lib/python3.12/site-packages/airflow/example_dags/example_trigger_target_dag.py took 0.093 seconds
[2026-08-12T06:06:49.327+0000] {processor.py:186} INFO - Started process (PID=11678) to work on /home/airflow/.local/lib/python3.12/site-packages/airflow/example_dags/example_trigger_target_dag.py
[2026-08-12T06:06:49.329+0000] {processor.py:914} INFO - Processing file /home/airflow/.local/lib/python3.12/site-packages/airflow/example_dags/example_trigger_target_dag.py for tasks to queue
[2026-08-12T06:06:49.334+0000] {logging_mixin.py:190} INFO - [2026-08-12T06:06:49.333+0000] {dagbag.py:587} INFO - Filling up the DagBag from /home/airflow/.local/lib/python3.12/site-packages/airflow/example_dags/example_trigger_target_dag.py
[2026-08-12T06:06:49.345+0000] {processor.py:925} INFO - DAG(s) 'example_trigger_target_dag' retrieved from /home/airflow/.local/lib/python3.12/site-packages/airflow/example_dags/example_trigger_target_dag.py
[2026-08-12T06:06:49.369+0000] {logging_mixin.py:190} INFO - [2026-08-12T06:06:49.369+0000] {dag.py:3211} INFO - Sync 1 DAGs
[2026-08-12T06:06:49.386+0000] {logging_mixin.py:190} INFO - [2026-08-12T06:06:49.386+0000] {dag.py:4138} INFO - Setting next_dagrun for example_trigger_target_dag to None, run_after=None
[2026-08-12T06:06:49.420+0000] {processor.py:208} INFO - Processing /home/airflow/.local/lib/python3.12/site-packages/airflow/example_dags/example_trigger_target_dag.py took 0.100 seconds
[2026-08-12T06:07:19.756+0000] {processor.py:186} INFO - Started process (PID=11742) to work on /home/airflow/.local/lib/python3.12/site-packages/airflow/example_dags/example_trigger_target_dag.py
[2026-08-12T06:07:19.759+0000] {processor.py:914} INFO - Processing file /home/airflow/.local/lib/python3.12/site-packages/airflow/example_dags/example_trigger_target_dag.py for tasks to queue
[2026-08-12T06:07:19.763+0000] {logging_mixin.py:190} INFO - [2026-08-12T06:07:19.762+0000] {dagbag.py:587} INFO - Filling up the DagBag from /home/airflow/.local/lib/python3.12/site-packages/airflow/example_dags/example_trigger_target_dag.py
[2026-08-12T06:07:19.779+0000] {processor.py:925} INFO - DAG(s) 'example_trigger_target_dag' retrieved from /home/airflow/.local/lib/python3.12/site-packages/airflow/example_dags/example_trigger_target_dag.py
[2026-08-12T06:07:19.805+0000] {logging_mixin.py:190} INFO - [2026-08-12T06:07:19.805+0000] {dag.py:3211} INFO - Sync 1 DAGs
[2026-08-12T06:07:19.826+0000] {logging_mixin.py:190} INFO - [2026-08-12T06:07:19.825+0000] {dag.py:4138} INFO - Setting next_dagrun for example_trigger_target_dag to None, run_after=None
[2026-08-12T06:07:19.849+0000] {processor.py:208} INFO - Processing /home/airflow/.local/lib/python3.12/site-packages/airflow/example_dags/example_trigger_target_dag.py took 0.099 seconds
[2026-08-12T06:07:50.846+0000] {processor.py:186} INFO - Started process (PID=11806) to work on /home/airflow/.local/lib/python3.12/site-packages/airflow/example_dags/example_trigger_target_dag.py
[2026-08-12T06:07:50.848+0000] {processor.py:914} INFO - Processing file /home/airflow/.local/lib/python3.12/site-packages/airflow/example_dags/example_trigger_target_dag.py for tasks to queue
[2026-08-12T06:07:50.852+0000] {logging_mixin.py:190} INFO - [2026-08-12T06:07:50.851+0000] {dagbag.py:587} INFO - Filling up the DagBag from /home/airflow/.local/lib/python3.12/site-packages/airflow/example_dags/example_trigger_target_dag.py
[2026-08-12T06:07:50.862+0000] {processor.py:925} INFO - DAG(s) 'example_trigger_target_dag' retrieved from /home/airflow/.local/lib/python3.12/site-packages/airflow/example_dags/example_trigger_target_dag.py
[2026-08-12T06:07:50.886+0000] {logging_mixin.py:190} INFO - [2026-08-12T06:07:50.886+0000] {dag.py:3211} INFO - Sync 1 DAGs
[2026-08-12T06:07:50.902+0000] {logging_mixin.py:190} INFO - [2026-08-12T06:07:50.902+0000] {dag.py:4138} INFO - Setting next_dagrun for example_trigger_target_dag to None, run_after=None
[2026-08-12T06:07:50.925+0000] {processor.py:208} INFO - Processing /home/airflow/.local/lib/python3.12/site-packages/airflow/example_dags/example_trigger_target_dag.py took 0.086 seconds
[2026-08-12T06:08:21.406+0000] {processor.py:186} INFO - Started process (PID=11869) to work on /home/airflow/.local/lib/python3.12/site-packages/airflow/example_dags/example_trigger_target_dag.py
[2026-08-12T06:08:21.408+0000] {processor.py:914} INFO - Processing file /home/airflow/.local/lib/python3.12/site-packages/airflow/example_dags/example_trigger_target_dag.py for tasks to queue
[2026-08-12T06:08:21.412+0000] {logging_mixin.py:190} INFO - [2026-08-12T06:08:21.412+0000] {dagbag.py:587} INFO - Filling up the DagBag from /home/airflow/.local/lib/python3.12/site-packages/airflow/example_dags/example_trigger_target_dag.py
[2026-08-12T06:08:21.421+0000] {processor.py:925} INFO - DAG(s) 'example_trigger_target_dag' retrieved from /home/airflow/.local/lib/python3.12/site-packages/airflow/example_dags/example_trigger_target_dag.py
[2026-08-12T06:08:21.447+0000] {logging_mixin.py:190} INFO - [2026-08-12T06:08:21.446+0000] {dag.py:3211} INFO - Sync 1 DAGs
[2026-08-12T06:08:21.463+0000] {logging_mixin.py:190} INFO - [2026-08-12T06:08:21.462+0000] {dag.py:4138} INFO - Setting next_dagrun for example_trigger_target_dag to None, run_after=None
[2026-08-12T06:08:21.484+0000] {processor.py:208} INFO - Processing /home/airflow/.local/lib/python3.12/site-packages/airflow/example_dags/example_trigger_target_dag.py took 0.084 seconds
[2026-08-12T06:08:51.969+0000] {processor.py:186} INFO - Started process (PID=11933) to work on /home/airflow/.local/lib/python3.12/site-packages/airflow/example_dags/example_trigger_target_dag.py
[2026-08-12T06:08:51.971+0000] {processor.py:914} INFO - Processing file /home/airflow/.local/lib/python3.12/site-packages/airflow/example_dags/example_trigger_target_dag.py for tasks to queue
[2026-08-12T06:08:51.975+0000] {logging_mixin.py:190} INFO - [2026-08-12T06:08:51.974+0000] {dagbag.py:587} INFO - Filling up the DagBag from /home/airflow/.local/lib/python3.12/site-packages/airflow/example_dags/example_trigger_target_dag.py
[2026-08-12T06:08:51.985+0000] {processor.py:925} INFO - DAG(s) 'example_trigger_target_dag' retrieved from /home/airflow/.local/lib/python3.12/site-packages/airflow/example_dags/example_trigger_target_dag.py
[2026-08-12T06:08:52.008+0000] {logging_mixin.py:190} INFO - [2026-08-12T06:08:52.008+0000] {dag.py:3211} INFO - Sync 1 DAGs
[2026-08-12T06:08:52.025+0000] {logging_mixin.py:190} INFO - [2026-08-12T06:08:52.025+0000] {dag.py:4138} INFO - Setting next_dagrun for example_trigger_target_dag to None, run_after=None
[2026-08-12T06:08:52.057+0000] {processor.py:208} INFO - Processing /home/airflow/.local/lib/python3.12/site-packages/airflow/example_dags/example_trigger_target_dag.py took 0.094 seconds
[2026-08-12T06:09:22.712+0000] {processor.py:186} INFO - Started process (PID=11996) to work on /home/airflow/.local/lib/python3.12/site-packages/airflow/example_dags/example_trigger_target_dag.py
[2026-08-12T06:09:22.714+0000] {processor.py:914} INFO - Processing file /home/airflow/.local/lib/python3.12/site-packages/airflow/example_dags/example_trigger_target_dag.py for tasks to queue
[2026-08-12T06:09:22.719+0000] {logging_mixin.py:190} INFO - [2026-08-12T06:09:22.719+0000] {dagbag.py:587} INFO - Filling up the DagBag from /home/airflow/.local/lib/python3.12/site-packages/airflow/example_dags/example_trigger_target_dag.py
[2026-08-12T06:09:22.730+0000] {processor.py:925} INFO - DAG(s) 'example_trigger_target_dag' retrieved from /home/airflow/.local/lib/python3.12/site-packages/airflow/example_dags/example_trigger_target_dag.py
[2026-08-12T06:09:22.760+0000] {logging_mixin.py:190} INFO - [2026-08-12T06:09:22.760+0000] {dag.py:3211} INFO - Sync 1 DAGs
[2026-08-12T06:09:22.778+0000] {logging_mixin.py:190} INFO - [2026-08-12T06:09:22.777+0000] {dag.py:4138} INFO - Setting next_dagrun for example_trigger_target_dag to None, run_after=None
[2026-08-12T06:09:22.803+0000] {processor.py:208} INFO - Processing /home/airflow/.local/lib/python3.12/site-packages/airflow/example_dags/example_trigger_target_dag.py took 0.098 seconds
[2026-08-12T06:09:52.924+0000] {processor.py:186} INFO - Started process (PID=12058) to work on /home/airflow/.local/lib/python3.12/site-packages/airflow/example_dags/example_trigger_target_dag.py
[2026-08-12T06:09:52.926+0000] {processor.py:914} INFO - Processing file /home/airflow/.local/lib/python3.12/site-packages/airflow/example_dags/example_trigger_target_dag.py for tasks to queue
[2026-08-12T06:09:52.930+0000] {logging_mixin.py:190} INFO - [2026-08-12T06:09:52.930+0000] {dagbag.py:587} INFO - Filling up the DagBag from /home/airflow/.local/lib/python3.12/site-packages/airflow/example_dags/example_trigger_target_dag.py
[2026-08-12T06:09:52.940+0000] {processor.py:925} INFO - DAG(s) 'example_trigger_target_dag' retrieved from /home/airflow/.local/lib/python3.12/site-packages/airflow/example_dags/example_trigger_target_dag.py
[2026-08-12T06:09:52.967+0000] {logging_mixin.py:190} INFO - [2026-08-12T06:09:52.967+0000] {dag.py:3211} INFO - Sync 1 DAGs
[2026-08-12T06:09:52.983+0000] {logging_mixin.py:190} INFO - [2026-08-12T06:09:52.983+0000] {dag.py:4138} INFO - Setting next_dagrun for example_trigger_target_dag to None, run_after=None
[2026-08-12T06:09:53.003+0000] {processor.py:208} INFO - Processing /home/airflow/.local/lib/python3.12/site-packages/airflow/example_dags/example_trigger_target_dag.py took 0.085 seconds
[2026-08-12T06:10:23.867+0000] {processor.py:186} INFO - Started process (PID=12121) to work on /home/airflow/.local/lib/python3.12/site-packages/airflow/example_dags/example_trigger_target_dag.py
[2026-08-12T06:10:23.869+0000] {processor.py:914} INFO - Processing file /home/airflow/.local/lib/python3.12/site-packages/airflow/example_dags/example_trigger_target_dag.py for tasks to queue
[2026-08-12T06:10:23.874+0000] {logging_mixin.py:190} INFO - [2026-08-12T06:10:23.873+0000] {dagbag.py:587} INFO - Filling up the DagBag from /home/airflow/.local/lib/python3.12/site-packages/airflow/example_dags/example_trigger_target_dag.py
[2026-08-12T06:10:23.884+0000] {processor.py:925} INFO - DAG(s) 'example_trigger_target_dag' retrieved from /home/airflow/.local/lib/python3.12/site-packages/airflow/example_dags/example_trigger_target_dag.py
[2026-08-12T06:10:23.914+0000] {logging_mixin.py:190} INFO - [2026-08-12T06:10:23.914+0000] {dag.py:3211} INFO - Sync 1 DAGs
[2026-08-12T06:10:23.932+0000] {logging_mixin.py:190} INFO - [2026-08-12T06:10:23.932+0000] {dag.py:4138} INFO - Setting next_dagrun for example_trigger_target_dag to None, run_after=None
[2026-08-12T06:10:23.958+0000] {processor.py:208} INFO - Processing /home/airflow/.local/lib/python3.12/site-packages/airflow/example_dags/example_trigger_target_dag.py took 0.098 seconds
