[2026-08-12T04:31:11.776+0000] {processor.py:186} INFO - Started process (PID=109) to work on /home/airflow/.local/lib/python3.12/site-packages/airflow/example_dags/example_dynamic_task_mapping_with_no_taskflow_operators.py
[2026-08-12T04:31:11.779+0000] {processor.py:914} INFO - Processing file /home/airflow/.local/lib/python3.12/site-packages/airflow/example_dags/example_dynamic_task_mapping_with_no_taskflow_operators.py for tasks to queue
[2026-08-12T04:31:11.783+0000] {logging_mixin.py:190} INFO - [2026-08-12T04:31:11.783+0000] {dagbag.py:587} INFO - Filling up the DagBag from /home/airflow/.local/lib/python3.12/site-packages/airflow/example_dags/example_dynamic_task_mapping_with_no_taskflow_operators.py
[2026-08-12T04:31:11.796+0000] {processor.py:925} INFO - DAG(s) 'example_dynamic_task_mapping_with_no_taskflow_operators' retrieved from /home/airflow/.local/lib/python3.12/site-packages/airflow/example_dags/example_dynamic_task_mapping_with_no_taskflow_operators.py
[2026-08-12T04:31:11.915+0000] {logging_mixin.py:190} INFO - [2026-08-12T04:31:11.915+0000] {override.py:1858} INFO - Created Permission View: can delete on DAG:example_dynamic_task_mapping_with_no_taskflow_operators
[2026-08-12T04:31:11.931+0000] {logging_mixin.py:190} INFO - [2026-08-12T04:31:11.931+0000] {override.py:1858} INFO - Created Permission View: can read on DAG:example_dynamic_task_mapping_with_no_taskflow_operators
[2026-08-12T04:31:11.942+0000] {logging_mixin.py:190} INFO - [2026-08-12T04:31:11.941+0000] {override.py:1858} INFO - Created Permission View: can edit on DAG:example_dynamic_task_mapping_with_no_taskflow_operators
[2026-08-12T04:31:11.944+0000] {logging_mixin.py:190} INFO - [2026-08-12T04:31:11.944+0000] {dag.py:3211} INFO - Sync 1 DAGs
[2026-08-12T04:31:11.960+0000] {logging_mixin.py:190} INFO - [2026-08-12T04:31:11.960+0000] {dag.py:3234} INFO - Creating ORM DAG for example_dynamic_task_mapping_with_no_taskflow_operators
[2026-08-12T04:31:11.975+0000] {logging_mixin.py:190} INFO - [2026-08-12T04:31:11.974+0000] {dag.py:4138} INFO - Setting next_dagrun for example_dynamic_task_mapping_with_no_taskflow_operators to 2026-08-11 00:00:00+00:00, run_after=2026-08-12 00:00:00+00:00
[2026-08-12T04:31:11.993+0000] {processor.py:208} INFO - Processing /home/airflow/.local/lib/python3.12/site-packages/airflow/example_dags/example_dynamic_task_mapping_with_no_taskflow_operators.py took 0.222 seconds
[2026-08-12T04:31:42.693+0000] {processor.py:186} INFO - Started process (PID=171) to work on /home/airflow/.local/lib/python3.12/site-packages/airflow/example_dags/example_dynamic_task_mapping_with_no_taskflow_operators.py
[2026-08-12T04:31:42.696+0000] {processor.py:914} INFO - Processing file /home/airflow/.local/lib/python3.12/site-packages/airflow/example_dags/example_dynamic_task_mapping_with_no_taskflow_operators.py for tasks to queue
[2026-08-12T04:31:42.700+0000] {logging_mixin.py:190} INFO - [2026-08-12T04:31:42.699+0000] {dagbag.py:587} INFO - Filling up the DagBag from /home/airflow/.local/lib/python3.12/site-packages/airflow/example_dags/example_dynamic_task_mapping_with_no_taskflow_operators.py
[2026-08-12T04:31:42.712+0000] {processor.py:925} INFO - DAG(s) 'example_dynamic_task_mapping_with_no_taskflow_operators' retrieved from /home/airflow/.local/lib/python3.12/site-packages/airflow/example_dags/example_dynamic_task_mapping_with_no_taskflow_operators.py
[2026-08-12T04:31:42.735+0000] {logging_mixin.py:190} INFO - [2026-08-12T04:31:42.734+0000] {dag.py:3211} INFO - Sync 1 DAGs
[2026-08-12T04:31:42.759+0000] {logging_mixin.py:190} INFO - [2026-08-12T04:31:42.759+0000] {dag.py:4138} INFO - Setting next_dagrun for example_dynamic_task_mapping_with_no_taskflow_operators to 2026-08-11 00:00:00+00:00, run_after=2026-08-12 00:00:00+00:00
[2026-08-12T04:31:42.782+0000] {processor.py:208} INFO - Processing /home/airflow/.local/lib/python3.12/site-packages/airflow/example_dags/example_dynamic_task_mapping_with_no_taskflow_operators.py took 0.096 seconds
[2026-08-12T04:33:01.129+0000] {processor.py:186} INFO - Started process (PID=103) to work on /home/airflow/.local/lib/python3.12/site-packages/airflow/example_dags/example_dynamic_task_mapping_with_no_taskflow_operators.py
[2026-08-12T04:33:01.134+0000] {processor.py:914} INFO - Processing file /home/airflow/.local/lib/python3.12/site-packages/airflow/example_dags/example_dynamic_task_mapping_with_no_taskflow_operators.py for tasks to queue
[2026-08-12T04:33:01.140+0000] {logging_mixin.py:190} INFO - [2026-08-12T04:33:01.140+0000] {dagbag.py:587} INFO - Filling up the DagBag from /home/airflow/.local/lib/python3.12/site-packages/airflow/example_dags/example_dynamic_task_mapping_with_no_taskflow_operators.py
[2026-08-12T04:33:01.162+0000] {processor.py:925} INFO - DAG(s) 'example_dynamic_task_mapping_with_no_taskflow_operators' retrieved from /home/airflow/.local/lib/python3.12/site-packages/airflow/example_dags/example_dynamic_task_mapping_with_no_taskflow_operators.py
[2026-08-12T04:33:01.207+0000] {logging_mixin.py:190} INFO - [2026-08-12T04:33:01.206+0000] {dag.py:3211} INFO - Sync 1 DAGs
[2026-08-12T04:33:01.251+0000] {logging_mixin.py:190} INFO - [2026-08-12T04:33:01.250+0000] {dag.py:4138} INFO - Setting next_dagrun for example_dynamic_task_mapping_with_no_taskflow_operators to 2026-08-11 00:00:00+00:00, run_after=2026-08-12 00:00:00+00:00
[2026-08-12T04:33:01.295+0000] {processor.py:208} INFO - Processing /home/airflow/.local/lib/python3.12/site-packages/airflow/example_dags/example_dynamic_task_mapping_with_no_taskflow_operators.py took 0.176 seconds
[2026-08-12T04:33:31.668+0000] {processor.py:186} INFO - Started process (PID=165) to work on /home/airflow/.local/lib/python3.12/site-packages/airflow/example_dags/example_dynamic_task_mapping_with_no_taskflow_operators.py
[2026-08-12T04:33:31.670+0000] {processor.py:914} INFO - Processing file /home/airflow/.local/lib/python3.12/site-packages/airflow/example_dags/example_dynamic_task_mapping_with_no_taskflow_operators.py for tasks to queue
[2026-08-12T04:33:31.674+0000] {logging_mixin.py:190} INFO - [2026-08-12T04:33:31.674+0000] {dagbag.py:587} INFO - Filling up the DagBag from /home/airflow/.local/lib/python3.12/site-packages/airflow/example_dags/example_dynamic_task_mapping_with_no_taskflow_operators.py
[2026-08-12T04:33:31.684+0000] {processor.py:925} INFO - DAG(s) 'example_dynamic_task_mapping_with_no_taskflow_operators' retrieved from /home/airflow/.local/lib/python3.12/site-packages/airflow/example_dags/example_dynamic_task_mapping_with_no_taskflow_operators.py
[2026-08-12T04:33:31.704+0000] {logging_mixin.py:190} INFO - [2026-08-12T04:33:31.704+0000] {dag.py:3211} INFO - Sync 1 DAGs
[2026-08-12T04:33:31.730+0000] {logging_mixin.py:190} INFO - [2026-08-12T04:33:31.729+0000] {dag.py:4138} INFO - Setting next_dagrun for example_dynamic_task_mapping_with_no_taskflow_operators to 2026-08-11 00:00:00+00:00, run_after=2026-08-12 00:00:00+00:00
[2026-08-12T04:33:31.759+0000] {processor.py:208} INFO - Processing /home/airflow/.local/lib/python3.12/site-packages/airflow/example_dags/example_dynamic_task_mapping_with_no_taskflow_operators.py took 0.096 seconds
[2026-08-12T04:34:02.371+0000] {processor.py:186} INFO - Started process (PID=227) to work on /home/airflow/.local/lib/python3.12/site-packages/airflow/example_dags/example_dynamic_task_mapping_with_no_taskflow_operators.py
[2026-08-12T04:34:02.374+0000] {processor.py:914} INFO - Processing file /home/airflow/.local/lib/python3.12/site-packages/airflow/example_dags/example_dynamic_task_mapping_with_no_taskflow_operators.py for tasks to queue
[2026-08-12T04:34:02.380+0000] {logging_mixin.py:190} INFO - [2026-08-12T04:34:02.379+0000] {dagbag.py:587} INFO - Filling up the DagBag from /home/airflow/.local/lib/python3.12/site-packages/airflow/example_dags/example_dynamic_task_mapping_with_no_taskflow_operators.py
[2026-08-12T04:34:02.404+0000] {processor.py:925} INFO - DAG(s) 'example_dynamic_task_mapping_with_no_taskflow_operators' retrieved from /home/airflow/.local/lib/python3.12/site-packages/airflow/example_dags/example_dynamic_task_mapping_with_no_taskflow_operators.py
[2026-08-12T04:34:02.438+0000] {logging_mixin.py:190} INFO - [2026-08-12T04:34:02.438+0000] {dag.py:3211} INFO - Sync 1 DAGs
[2026-08-12T04:34:02.481+0000] {logging_mixin.py:190} INFO - [2026-08-12T04:34:02.480+0000] {dag.py:4138} INFO - Setting next_dagrun for example_dynamic_task_mapping_with_no_taskflow_operators to 2026-08-11 00:00:00+00:00, run_after=2026-08-12 00:00:00+00:00
[2026-08-12T04:34:02.524+0000] {processor.py:208} INFO - Processing /home/airflow/.local/lib/python3.12/site-packages/airflow/example_dags/example_dynamic_task_mapping_with_no_taskflow_operators.py took 0.160 seconds
[2026-08-12T04:34:32.879+0000] {processor.py:186} INFO - Started process (PID=289) to work on /home/airflow/.local/lib/python3.12/site-packages/airflow/example_dags/example_dynamic_task_mapping_with_no_taskflow_operators.py
[2026-08-12T04:34:32.882+0000] {processor.py:914} INFO - Processing file /home/airflow/.local/lib/python3.12/site-packages/airflow/example_dags/example_dynamic_task_mapping_with_no_taskflow_operators.py for tasks to queue
[2026-08-12T04:34:32.886+0000] {logging_mixin.py:190} INFO - [2026-08-12T04:34:32.886+0000] {dagbag.py:587} INFO - Filling up the DagBag from /home/airflow/.local/lib/python3.12/site-packages/airflow/example_dags/example_dynamic_task_mapping_with_no_taskflow_operators.py
[2026-08-12T04:34:32.897+0000] {processor.py:925} INFO - DAG(s) 'example_dynamic_task_mapping_with_no_taskflow_operators' retrieved from /home/airflow/.local/lib/python3.12/site-packages/airflow/example_dags/example_dynamic_task_mapping_with_no_taskflow_operators.py
[2026-08-12T04:34:32.924+0000] {logging_mixin.py:190} INFO - [2026-08-12T04:34:32.924+0000] {dag.py:3211} INFO - Sync 1 DAGs
[2026-08-12T04:34:32.953+0000] {logging_mixin.py:190} INFO - [2026-08-12T04:34:32.952+0000] {dag.py:4138} INFO - Setting next_dagrun for example_dynamic_task_mapping_with_no_taskflow_operators to 2026-08-11 00:00:00+00:00, run_after=2026-08-12 00:00:00+00:00
[2026-08-12T04:34:32.983+0000] {processor.py:208} INFO - Processing /home/airflow/.local/lib/python3.12/site-packages/airflow/example_dags/example_dynamic_task_mapping_with_no_taskflow_operators.py took 0.109 seconds
[2026-08-12T04:35:03.899+0000] {processor.py:186} INFO - Started process (PID=351) to work on /home/airflow/.local/lib/python3.12/site-packages/airflow/example_dags/example_dynamic_task_mapping_with_no_taskflow_operators.py
[2026-08-12T04:35:03.901+0000] {processor.py:914} INFO - Processing file /home/airflow/.local/lib/python3.12/site-packages/airflow/example_dags/example_dynamic_task_mapping_with_no_taskflow_operators.py for tasks to queue
[2026-08-12T04:35:03.906+0000] {logging_mixin.py:190} INFO - [2026-08-12T04:35:03.906+0000] {dagbag.py:587} INFO - Filling up the DagBag from /home/airflow/.local/lib/python3.12/site-packages/airflow/example_dags/example_dynamic_task_mapping_with_no_taskflow_operators.py
[2026-08-12T04:35:03.918+0000] {processor.py:925} INFO - DAG(s) 'example_dynamic_task_mapping_with_no_taskflow_operators' retrieved from /home/airflow/.local/lib/python3.12/site-packages/airflow/example_dags/example_dynamic_task_mapping_with_no_taskflow_operators.py
[2026-08-12T04:35:03.950+0000] {logging_mixin.py:190} INFO - [2026-08-12T04:35:03.950+0000] {dag.py:3211} INFO - Sync 1 DAGs
[2026-08-12T04:35:03.982+0000] {logging_mixin.py:190} INFO - [2026-08-12T04:35:03.982+0000] {dag.py:4138} INFO - Setting next_dagrun for example_dynamic_task_mapping_with_no_taskflow_operators to 2026-08-11 00:00:00+00:00, run_after=2026-08-12 00:00:00+00:00
[2026-08-12T04:35:04.013+0000] {processor.py:208} INFO - Processing /home/airflow/.local/lib/python3.12/site-packages/airflow/example_dags/example_dynamic_task_mapping_with_no_taskflow_operators.py took 0.121 seconds
[2026-08-12T04:35:34.172+0000] {processor.py:186} INFO - Started process (PID=413) to work on /home/airflow/.local/lib/python3.12/site-packages/airflow/example_dags/example_dynamic_task_mapping_with_no_taskflow_operators.py
[2026-08-12T04:35:34.174+0000] {processor.py:914} INFO - Processing file /home/airflow/.local/lib/python3.12/site-packages/airflow/example_dags/example_dynamic_task_mapping_with_no_taskflow_operators.py for tasks to queue
[2026-08-12T04:35:34.178+0000] {logging_mixin.py:190} INFO - [2026-08-12T04:35:34.178+0000] {dagbag.py:587} INFO - Filling up the DagBag from /home/airflow/.local/lib/python3.12/site-packages/airflow/example_dags/example_dynamic_task_mapping_with_no_taskflow_operators.py
[2026-08-12T04:35:34.192+0000] {processor.py:925} INFO - DAG(s) 'example_dynamic_task_mapping_with_no_taskflow_operators' retrieved from /home/airflow/.local/lib/python3.12/site-packages/airflow/example_dags/example_dynamic_task_mapping_with_no_taskflow_operators.py
[2026-08-12T04:35:34.223+0000] {logging_mixin.py:190} INFO - [2026-08-12T04:35:34.222+0000] {dag.py:3211} INFO - Sync 1 DAGs
[2026-08-12T04:35:34.253+0000] {logging_mixin.py:190} INFO - [2026-08-12T04:35:34.253+0000] {dag.py:4138} INFO - Setting next_dagrun for example_dynamic_task_mapping_with_no_taskflow_operators to 2026-08-11 00:00:00+00:00, run_after=2026-08-12 00:00:00+00:00
[2026-08-12T04:35:34.285+0000] {processor.py:208} INFO - Processing /home/airflow/.local/lib/python3.12/site-packages/airflow/example_dags/example_dynamic_task_mapping_with_no_taskflow_operators.py took 0.120 seconds
[2026-08-12T04:36:04.895+0000] {processor.py:186} INFO - Started process (PID=475) to work on /home/airflow/.local/lib/python3.12/site-packages/airflow/example_dags/example_dynamic_task_mapping_with_no_taskflow_operators.py
[2026-08-12T04:36:04.897+0000] {processor.py:914} INFO - Processing file /home/airflow/.local/lib/python3.12/site-packages/airflow/example_dags/example_dynamic_task_mapping_with_no_taskflow_operators.py for tasks to queue
[2026-08-12T04:36:04.901+0000] {logging_mixin.py:190} INFO - [2026-08-12T04:36:04.900+0000] {dagbag.py:587} INFO - Filling up the DagBag from /home/airflow/.local/lib/python3.12/site-packages/airflow/example_dags/example_dynamic_task_mapping_with_no_taskflow_operators.py
[2026-08-12T04:36:04.916+0000] {processor.py:925} INFO - DAG(s) 'example_dynamic_task_mapping_with_no_taskflow_operators' retrieved from /home/airflow/.local/lib/python3.12/site-packages/airflow/example_dags/example_dynamic_task_mapping_with_no_taskflow_operators.py
[2026-08-12T04:36:04.943+0000] {logging_mixin.py:190} INFO - [2026-08-12T04:36:04.943+0000] {dag.py:3211} INFO - Sync 1 DAGs
[2026-08-12T04:36:04.969+0000] {logging_mixin.py:190} INFO - [2026-08-12T04:36:04.969+0000] {dag.py:4138} INFO - Setting next_dagrun for example_dynamic_task_mapping_with_no_taskflow_operators to 2026-08-11 00:00:00+00:00, run_after=2026-08-12 00:00:00+00:00
[2026-08-12T04:36:04.997+0000] {processor.py:208} INFO - Processing /home/airflow/.local/lib/python3.12/site-packages/airflow/example_dags/example_dynamic_task_mapping_with_no_taskflow_operators.py took 0.110 seconds
[2026-08-12T04:36:35.356+0000] {processor.py:186} INFO - Started process (PID=537) to work on /home/airflow/.local/lib/python3.12/site-packages/airflow/example_dags/example_dynamic_task_mapping_with_no_taskflow_operators.py
[2026-08-12T04:36:35.358+0000] {processor.py:914} INFO - Processing file /home/airflow/.local/lib/python3.12/site-packages/airflow/example_dags/example_dynamic_task_mapping_with_no_taskflow_operators.py for tasks to queue
[2026-08-12T04:36:35.362+0000] {logging_mixin.py:190} INFO - [2026-08-12T04:36:35.361+0000] {dagbag.py:587} INFO - Filling up the DagBag from /home/airflow/.local/lib/python3.12/site-packages/airflow/example_dags/example_dynamic_task_mapping_with_no_taskflow_operators.py
[2026-08-12T04:36:35.373+0000] {processor.py:925} INFO - DAG(s) 'example_dynamic_task_mapping_with_no_taskflow_operators' retrieved from /home/airflow/.local/lib/python3.12/site-packages/airflow/example_dags/example_dynamic_task_mapping_with_no_taskflow_operators.py
[2026-08-12T04:36:35.393+0000] {logging_mixin.py:190} INFO - [2026-08-12T04:36:35.393+0000] {dag.py:3211} INFO - Sync 1 DAGs
[2026-08-12T04:36:35.425+0000] {logging_mixin.py:190} INFO - [2026-08-12T04:36:35.425+0000] {dag.py:4138} INFO - Setting next_dagrun for example_dynamic_task_mapping_with_no_taskflow_operators to 2026-08-11 00:00:00+00:00, run_after=2026-08-12 00:00:00+00:00
[2026-08-12T04:36:35.446+0000] {processor.py:208} INFO - Processing /home/airflow/.local/lib/python3.12/site-packages/airflow/example_dags/example_dynamic_task_mapping_with_no_taskflow_operators.py took 0.098 seconds
[2026-08-12T04:37:05.846+0000] {processor.py:186} INFO - Started process (PID=599) to work on /home/airflow/.local/lib/python3.12/site-packages/airflow/example_dags/example_dynamic_task_mapping_with_no_taskflow_operators.py
[2026-08-12T04:37:05.849+0000] {processor.py:914} INFO - Processing file /home/airflow/.local/lib/python3.12/site-packages/airflow/example_dags/example_dynamic_task_mapping_with_no_taskflow_operators.py for tasks to queue
[2026-08-12T04:37:05.854+0000] {logging_mixin.py:190} INFO - [2026-08-12T04:37:05.853+0000] {dagbag.py:587} INFO - Filling up the DagBag from /home/airflow/.local/lib/python3.12/site-packages/airflow/example_dags/example_dynamic_task_mapping_with_no_taskflow_operators.py
[2026-08-12T04:37:05.866+0000] {processor.py:925} INFO - DAG(s) 'example_dynamic_task_mapping_with_no_taskflow_operators' retrieved from /home/airflow/.local/lib/python3.12/site-packages/airflow/example_dags/example_dynamic_task_mapping_with_no_taskflow_operators.py
[2026-08-12T04:37:05.889+0000] {logging_mixin.py:190} INFO - [2026-08-12T04:37:05.889+0000] {dag.py:3211} INFO - Sync 1 DAGs
[2026-08-12T04:37:05.916+0000] {logging_mixin.py:190} INFO - [2026-08-12T04:37:05.915+0000] {dag.py:4138} INFO - Setting next_dagrun for example_dynamic_task_mapping_with_no_taskflow_operators to 2026-08-11 00:00:00+00:00, run_after=2026-08-12 00:00:00+00:00
[2026-08-12T04:37:05.938+0000] {processor.py:208} INFO - Processing /home/airflow/.local/lib/python3.12/site-packages/airflow/example_dags/example_dynamic_task_mapping_with_no_taskflow_operators.py took 0.099 seconds
[2026-08-12T04:37:36.610+0000] {processor.py:186} INFO - Started process (PID=661) to work on /home/airflow/.local/lib/python3.12/site-packages/airflow/example_dags/example_dynamic_task_mapping_with_no_taskflow_operators.py
[2026-08-12T04:37:36.614+0000] {processor.py:914} INFO - Processing file /home/airflow/.local/lib/python3.12/site-packages/airflow/example_dags/example_dynamic_task_mapping_with_no_taskflow_operators.py for tasks to queue
[2026-08-12T04:37:36.621+0000] {logging_mixin.py:190} INFO - [2026-08-12T04:37:36.620+0000] {dagbag.py:587} INFO - Filling up the DagBag from /home/airflow/.local/lib/python3.12/site-packages/airflow/example_dags/example_dynamic_task_mapping_with_no_taskflow_operators.py
[2026-08-12T04:37:36.647+0000] {processor.py:925} INFO - DAG(s) 'example_dynamic_task_mapping_with_no_taskflow_operators' retrieved from /home/airflow/.local/lib/python3.12/site-packages/airflow/example_dags/example_dynamic_task_mapping_with_no_taskflow_operators.py
[2026-08-12T04:37:36.682+0000] {logging_mixin.py:190} INFO - [2026-08-12T04:37:36.681+0000] {dag.py:3211} INFO - Sync 1 DAGs
[2026-08-12T04:37:36.710+0000] {logging_mixin.py:190} INFO - [2026-08-12T04:37:36.710+0000] {dag.py:4138} INFO - Setting next_dagrun for example_dynamic_task_mapping_with_no_taskflow_operators to 2026-08-11 00:00:00+00:00, run_after=2026-08-12 00:00:00+00:00
[2026-08-12T04:37:36.737+0000] {processor.py:208} INFO - Processing /home/airflow/.local/lib/python3.12/site-packages/airflow/example_dags/example_dynamic_task_mapping_with_no_taskflow_operators.py took 0.140 seconds
[2026-08-12T04:38:07.100+0000] {processor.py:186} INFO - Started process (PID=723) to work on /home/airflow/.local/lib/python3.12/site-packages/airflow/example_dags/example_dynamic_task_mapping_with_no_taskflow_operators.py
[2026-08-12T04:38:07.102+0000] {processor.py:914} INFO - Processing file /home/airflow/.local/lib/python3.12/site-packages/airflow/example_dags/example_dynamic_task_mapping_with_no_taskflow_operators.py for tasks to queue
[2026-08-12T04:38:07.106+0000] {logging_mixin.py:190} INFO - [2026-08-12T04:38:07.106+0000] {dagbag.py:587} INFO - Filling up the DagBag from /home/airflow/.local/lib/python3.12/site-packages/airflow/example_dags/example_dynamic_task_mapping_with_no_taskflow_operators.py
[2026-08-12T04:38:07.119+0000] {processor.py:925} INFO - DAG(s) 'example_dynamic_task_mapping_with_no_taskflow_operators' retrieved from /home/airflow/.local/lib/python3.12/site-packages/airflow/example_dags/example_dynamic_task_mapping_with_no_taskflow_operators.py
[2026-08-12T04:38:07.144+0000] {logging_mixin.py:190} INFO - [2026-08-12T04:38:07.143+0000] {dag.py:3211} INFO - Sync 1 DAGs
[2026-08-12T04:38:07.171+0000] {logging_mixin.py:190} INFO - [2026-08-12T04:38:07.171+0000] {dag.py:4138} INFO - Setting next_dagrun for example_dynamic_task_mapping_with_no_taskflow_operators to 2026-08-11 00:00:00+00:00, run_after=2026-08-12 00:00:00+00:00
[2026-08-12T04:38:07.194+0000] {processor.py:208} INFO - Processing /home/airflow/.local/lib/python3.12/site-packages/airflow/example_dags/example_dynamic_task_mapping_with_no_taskflow_operators.py took 0.101 seconds
[2026-08-12T04:38:37.511+0000] {processor.py:186} INFO - Started process (PID=785) to work on /home/airflow/.local/lib/python3.12/site-packages/airflow/example_dags/example_dynamic_task_mapping_with_no_taskflow_operators.py
[2026-08-12T04:38:37.513+0000] {processor.py:914} INFO - Processing file /home/airflow/.local/lib/python3.12/site-packages/airflow/example_dags/example_dynamic_task_mapping_with_no_taskflow_operators.py for tasks to queue
[2026-08-12T04:38:37.517+0000] {logging_mixin.py:190} INFO - [2026-08-12T04:38:37.516+0000] {dagbag.py:587} INFO - Filling up the DagBag from /home/airflow/.local/lib/python3.12/site-packages/airflow/example_dags/example_dynamic_task_mapping_with_no_taskflow_operators.py
[2026-08-12T04:38:37.527+0000] {processor.py:925} INFO - DAG(s) 'example_dynamic_task_mapping_with_no_taskflow_operators' retrieved from /home/airflow/.local/lib/python3.12/site-packages/airflow/example_dags/example_dynamic_task_mapping_with_no_taskflow_operators.py
[2026-08-12T04:38:37.549+0000] {logging_mixin.py:190} INFO - [2026-08-12T04:38:37.549+0000] {dag.py:3211} INFO - Sync 1 DAGs
[2026-08-12T04:38:37.577+0000] {logging_mixin.py:190} INFO - [2026-08-12T04:38:37.577+0000] {dag.py:4138} INFO - Setting next_dagrun for example_dynamic_task_mapping_with_no_taskflow_operators to 2026-08-11 00:00:00+00:00, run_after=2026-08-12 00:00:00+00:00
[2026-08-12T04:38:37.598+0000] {processor.py:208} INFO - Processing /home/airflow/.local/lib/python3.12/site-packages/airflow/example_dags/example_dynamic_task_mapping_with_no_taskflow_operators.py took 0.093 seconds
[2026-08-12T04:39:07.811+0000] {processor.py:186} INFO - Started process (PID=847) to work on /home/airflow/.local/lib/python3.12/site-packages/airflow/example_dags/example_dynamic_task_mapping_with_no_taskflow_operators.py
[2026-08-12T04:39:07.813+0000] {processor.py:914} INFO - Processing file /home/airflow/.local/lib/python3.12/site-packages/airflow/example_dags/example_dynamic_task_mapping_with_no_taskflow_operators.py for tasks to queue
[2026-08-12T04:39:07.817+0000] {logging_mixin.py:190} INFO - [2026-08-12T04:39:07.817+0000] {dagbag.py:587} INFO - Filling up the DagBag from /home/airflow/.local/lib/python3.12/site-packages/airflow/example_dags/example_dynamic_task_mapping_with_no_taskflow_operators.py
[2026-08-12T04:39:07.828+0000] {processor.py:925} INFO - DAG(s) 'example_dynamic_task_mapping_with_no_taskflow_operators' retrieved from /home/airflow/.local/lib/python3.12/site-packages/airflow/example_dags/example_dynamic_task_mapping_with_no_taskflow_operators.py
[2026-08-12T04:39:07.850+0000] {logging_mixin.py:190} INFO - [2026-08-12T04:39:07.849+0000] {dag.py:3211} INFO - Sync 1 DAGs
[2026-08-12T04:39:07.875+0000] {logging_mixin.py:190} INFO - [2026-08-12T04:39:07.874+0000] {dag.py:4138} INFO - Setting next_dagrun for example_dynamic_task_mapping_with_no_taskflow_operators to 2026-08-11 00:00:00+00:00, run_after=2026-08-12 00:00:00+00:00
[2026-08-12T04:39:07.895+0000] {processor.py:208} INFO - Processing /home/airflow/.local/lib/python3.12/site-packages/airflow/example_dags/example_dynamic_task_mapping_with_no_taskflow_operators.py took 0.089 seconds
[2026-08-12T04:39:38.928+0000] {processor.py:186} INFO - Started process (PID=909) to work on /home/airflow/.local/lib/python3.12/site-packages/airflow/example_dags/example_dynamic_task_mapping_with_no_taskflow_operators.py
[2026-08-12T04:39:38.931+0000] {processor.py:914} INFO - Processing file /home/airflow/.local/lib/python3.12/site-packages/airflow/example_dags/example_dynamic_task_mapping_with_no_taskflow_operators.py for tasks to queue
[2026-08-12T04:39:38.935+0000] {logging_mixin.py:190} INFO - [2026-08-12T04:39:38.934+0000] {dagbag.py:587} INFO - Filling up the DagBag from /home/airflow/.local/lib/python3.12/site-packages/airflow/example_dags/example_dynamic_task_mapping_with_no_taskflow_operators.py
[2026-08-12T04:39:38.945+0000] {processor.py:925} INFO - DAG(s) 'example_dynamic_task_mapping_with_no_taskflow_operators' retrieved from /home/airflow/.local/lib/python3.12/site-packages/airflow/example_dags/example_dynamic_task_mapping_with_no_taskflow_operators.py
[2026-08-12T04:39:38.973+0000] {logging_mixin.py:190} INFO - [2026-08-12T04:39:38.973+0000] {dag.py:3211} INFO - Sync 1 DAGs
[2026-08-12T04:39:39.011+0000] {logging_mixin.py:190} INFO - [2026-08-12T04:39:39.010+0000] {dag.py:4138} INFO - Setting next_dagrun for example_dynamic_task_mapping_with_no_taskflow_operators to 2026-08-11 00:00:00+00:00, run_after=2026-08-12 00:00:00+00:00
[2026-08-12T04:39:39.033+0000] {processor.py:208} INFO - Processing /home/airflow/.local/lib/python3.12/site-packages/airflow/example_dags/example_dynamic_task_mapping_with_no_taskflow_operators.py took 0.112 seconds
[2026-08-12T04:40:09.535+0000] {processor.py:186} INFO - Started process (PID=971) to work on /home/airflow/.local/lib/python3.12/site-packages/airflow/example_dags/example_dynamic_task_mapping_with_no_taskflow_operators.py
[2026-08-12T04:40:09.537+0000] {processor.py:914} INFO - Processing file /home/airflow/.local/lib/python3.12/site-packages/airflow/example_dags/example_dynamic_task_mapping_with_no_taskflow_operators.py for tasks to queue
[2026-08-12T04:40:09.541+0000] {logging_mixin.py:190} INFO - [2026-08-12T04:40:09.540+0000] {dagbag.py:587} INFO - Filling up the DagBag from /home/airflow/.local/lib/python3.12/site-packages/airflow/example_dags/example_dynamic_task_mapping_with_no_taskflow_operators.py
[2026-08-12T04:40:09.552+0000] {processor.py:925} INFO - DAG(s) 'example_dynamic_task_mapping_with_no_taskflow_operators' retrieved from /home/airflow/.local/lib/python3.12/site-packages/airflow/example_dags/example_dynamic_task_mapping_with_no_taskflow_operators.py
[2026-08-12T04:40:09.571+0000] {logging_mixin.py:190} INFO - [2026-08-12T04:40:09.571+0000] {dag.py:3211} INFO - Sync 1 DAGs
[2026-08-12T04:40:09.596+0000] {logging_mixin.py:190} INFO - [2026-08-12T04:40:09.596+0000] {dag.py:4138} INFO - Setting next_dagrun for example_dynamic_task_mapping_with_no_taskflow_operators to 2026-08-11 00:00:00+00:00, run_after=2026-08-12 00:00:00+00:00
[2026-08-12T04:40:09.621+0000] {processor.py:208} INFO - Processing /home/airflow/.local/lib/python3.12/site-packages/airflow/example_dags/example_dynamic_task_mapping_with_no_taskflow_operators.py took 0.093 seconds
[2026-08-12T04:40:39.937+0000] {processor.py:186} INFO - Started process (PID=1033) to work on /home/airflow/.local/lib/python3.12/site-packages/airflow/example_dags/example_dynamic_task_mapping_with_no_taskflow_operators.py
[2026-08-12T04:40:39.939+0000] {processor.py:914} INFO - Processing file /home/airflow/.local/lib/python3.12/site-packages/airflow/example_dags/example_dynamic_task_mapping_with_no_taskflow_operators.py for tasks to queue
[2026-08-12T04:40:39.943+0000] {logging_mixin.py:190} INFO - [2026-08-12T04:40:39.943+0000] {dagbag.py:587} INFO - Filling up the DagBag from /home/airflow/.local/lib/python3.12/site-packages/airflow/example_dags/example_dynamic_task_mapping_with_no_taskflow_operators.py
[2026-08-12T04:40:39.953+0000] {processor.py:925} INFO - DAG(s) 'example_dynamic_task_mapping_with_no_taskflow_operators' retrieved from /home/airflow/.local/lib/python3.12/site-packages/airflow/example_dags/example_dynamic_task_mapping_with_no_taskflow_operators.py
[2026-08-12T04:40:39.975+0000] {logging_mixin.py:190} INFO - [2026-08-12T04:40:39.975+0000] {dag.py:3211} INFO - Sync 1 DAGs
[2026-08-12T04:40:40.001+0000] {logging_mixin.py:190} INFO - [2026-08-12T04:40:40.001+0000] {dag.py:4138} INFO - Setting next_dagrun for example_dynamic_task_mapping_with_no_taskflow_operators to 2026-08-11 00:00:00+00:00, run_after=2026-08-12 00:00:00+00:00
[2026-08-12T04:40:40.028+0000] {processor.py:208} INFO - Processing /home/airflow/.local/lib/python3.12/site-packages/airflow/example_dags/example_dynamic_task_mapping_with_no_taskflow_operators.py took 0.097 seconds
[2026-08-12T04:41:11.260+0000] {processor.py:186} INFO - Started process (PID=1095) to work on /home/airflow/.local/lib/python3.12/site-packages/airflow/example_dags/example_dynamic_task_mapping_with_no_taskflow_operators.py
[2026-08-12T04:41:11.262+0000] {processor.py:914} INFO - Processing file /home/airflow/.local/lib/python3.12/site-packages/airflow/example_dags/example_dynamic_task_mapping_with_no_taskflow_operators.py for tasks to queue
[2026-08-12T04:41:11.266+0000] {logging_mixin.py:190} INFO - [2026-08-12T04:41:11.266+0000] {dagbag.py:587} INFO - Filling up the DagBag from /home/airflow/.local/lib/python3.12/site-packages/airflow/example_dags/example_dynamic_task_mapping_with_no_taskflow_operators.py
[2026-08-12T04:41:11.276+0000] {processor.py:925} INFO - DAG(s) 'example_dynamic_task_mapping_with_no_taskflow_operators' retrieved from /home/airflow/.local/lib/python3.12/site-packages/airflow/example_dags/example_dynamic_task_mapping_with_no_taskflow_operators.py
[2026-08-12T04:41:11.300+0000] {logging_mixin.py:190} INFO - [2026-08-12T04:41:11.299+0000] {dag.py:3211} INFO - Sync 1 DAGs
[2026-08-12T04:41:11.327+0000] {logging_mixin.py:190} INFO - [2026-08-12T04:41:11.327+0000] {dag.py:4138} INFO - Setting next_dagrun for example_dynamic_task_mapping_with_no_taskflow_operators to 2026-08-11 00:00:00+00:00, run_after=2026-08-12 00:00:00+00:00
[2026-08-12T04:41:11.352+0000] {processor.py:208} INFO - Processing /home/airflow/.local/lib/python3.12/site-packages/airflow/example_dags/example_dynamic_task_mapping_with_no_taskflow_operators.py took 0.098 seconds
[2026-08-12T04:41:41.823+0000] {processor.py:186} INFO - Started process (PID=1157) to work on /home/airflow/.local/lib/python3.12/site-packages/airflow/example_dags/example_dynamic_task_mapping_with_no_taskflow_operators.py
[2026-08-12T04:41:41.826+0000] {processor.py:914} INFO - Processing file /home/airflow/.local/lib/python3.12/site-packages/airflow/example_dags/example_dynamic_task_mapping_with_no_taskflow_operators.py for tasks to queue
[2026-08-12T04:41:41.831+0000] {logging_mixin.py:190} INFO - [2026-08-12T04:41:41.830+0000] {dagbag.py:587} INFO - Filling up the DagBag from /home/airflow/.local/lib/python3.12/site-packages/airflow/example_dags/example_dynamic_task_mapping_with_no_taskflow_operators.py
[2026-08-12T04:41:41.847+0000] {processor.py:925} INFO - DAG(s) 'example_dynamic_task_mapping_with_no_taskflow_operators' retrieved from /home/airflow/.local/lib/python3.12/site-packages/airflow/example_dags/example_dynamic_task_mapping_with_no_taskflow_operators.py
[2026-08-12T04:41:41.880+0000] {logging_mixin.py:190} INFO - [2026-08-12T04:41:41.879+0000] {dag.py:3211} INFO - Sync 1 DAGs
[2026-08-12T04:41:41.938+0000] {logging_mixin.py:190} INFO - [2026-08-12T04:41:41.937+0000] {dag.py:4138} INFO - Setting next_dagrun for example_dynamic_task_mapping_with_no_taskflow_operators to 2026-08-11 00:00:00+00:00, run_after=2026-08-12 00:00:00+00:00
[2026-08-12T04:41:41.980+0000] {processor.py:208} INFO - Processing /home/airflow/.local/lib/python3.12/site-packages/airflow/example_dags/example_dynamic_task_mapping_with_no_taskflow_operators.py took 0.168 seconds
[2026-08-12T04:42:12.414+0000] {processor.py:186} INFO - Started process (PID=1219) to work on /home/airflow/.local/lib/python3.12/site-packages/airflow/example_dags/example_dynamic_task_mapping_with_no_taskflow_operators.py
[2026-08-12T04:42:12.417+0000] {processor.py:914} INFO - Processing file /home/airflow/.local/lib/python3.12/site-packages/airflow/example_dags/example_dynamic_task_mapping_with_no_taskflow_operators.py for tasks to queue
[2026-08-12T04:42:12.423+0000] {logging_mixin.py:190} INFO - [2026-08-12T04:42:12.422+0000] {dagbag.py:587} INFO - Filling up the DagBag from /home/airflow/.local/lib/python3.12/site-packages/airflow/example_dags/example_dynamic_task_mapping_with_no_taskflow_operators.py
[2026-08-12T04:42:12.437+0000] {processor.py:925} INFO - DAG(s) 'example_dynamic_task_mapping_with_no_taskflow_operators' retrieved from /home/airflow/.local/lib/python3.12/site-packages/airflow/example_dags/example_dynamic_task_mapping_with_no_taskflow_operators.py
[2026-08-12T04:42:12.464+0000] {logging_mixin.py:190} INFO - [2026-08-12T04:42:12.464+0000] {dag.py:3211} INFO - Sync 1 DAGs
[2026-08-12T04:42:12.495+0000] {logging_mixin.py:190} INFO - [2026-08-12T04:42:12.494+0000] {dag.py:4138} INFO - Setting next_dagrun for example_dynamic_task_mapping_with_no_taskflow_operators to 2026-08-11 00:00:00+00:00, run_after=2026-08-12 00:00:00+00:00
[2026-08-12T04:42:12.523+0000] {processor.py:208} INFO - Processing /home/airflow/.local/lib/python3.12/site-packages/airflow/example_dags/example_dynamic_task_mapping_with_no_taskflow_operators.py took 0.118 seconds
[2026-08-12T04:42:42.811+0000] {processor.py:186} INFO - Started process (PID=1281) to work on /home/airflow/.local/lib/python3.12/site-packages/airflow/example_dags/example_dynamic_task_mapping_with_no_taskflow_operators.py
[2026-08-12T04:42:42.814+0000] {processor.py:914} INFO - Processing file /home/airflow/.local/lib/python3.12/site-packages/airflow/example_dags/example_dynamic_task_mapping_with_no_taskflow_operators.py for tasks to queue
[2026-08-12T04:42:42.818+0000] {logging_mixin.py:190} INFO - [2026-08-12T04:42:42.818+0000] {dagbag.py:587} INFO - Filling up the DagBag from /home/airflow/.local/lib/python3.12/site-packages/airflow/example_dags/example_dynamic_task_mapping_with_no_taskflow_operators.py
[2026-08-12T04:42:42.833+0000] {processor.py:925} INFO - DAG(s) 'example_dynamic_task_mapping_with_no_taskflow_operators' retrieved from /home/airflow/.local/lib/python3.12/site-packages/airflow/example_dags/example_dynamic_task_mapping_with_no_taskflow_operators.py
[2026-08-12T04:42:42.859+0000] {logging_mixin.py:190} INFO - [2026-08-12T04:42:42.859+0000] {dag.py:3211} INFO - Sync 1 DAGs
[2026-08-12T04:42:42.888+0000] {logging_mixin.py:190} INFO - [2026-08-12T04:42:42.888+0000] {dag.py:4138} INFO - Setting next_dagrun for example_dynamic_task_mapping_with_no_taskflow_operators to 2026-08-11 00:00:00+00:00, run_after=2026-08-12 00:00:00+00:00
[2026-08-12T04:42:42.915+0000] {processor.py:208} INFO - Processing /home/airflow/.local/lib/python3.12/site-packages/airflow/example_dags/example_dynamic_task_mapping_with_no_taskflow_operators.py took 0.112 seconds
[2026-08-12T04:43:13.722+0000] {processor.py:186} INFO - Started process (PID=1343) to work on /home/airflow/.local/lib/python3.12/site-packages/airflow/example_dags/example_dynamic_task_mapping_with_no_taskflow_operators.py
[2026-08-12T04:43:13.724+0000] {processor.py:914} INFO - Processing file /home/airflow/.local/lib/python3.12/site-packages/airflow/example_dags/example_dynamic_task_mapping_with_no_taskflow_operators.py for tasks to queue
[2026-08-12T04:43:13.728+0000] {logging_mixin.py:190} INFO - [2026-08-12T04:43:13.727+0000] {dagbag.py:587} INFO - Filling up the DagBag from /home/airflow/.local/lib/python3.12/site-packages/airflow/example_dags/example_dynamic_task_mapping_with_no_taskflow_operators.py
[2026-08-12T04:43:13.737+0000] {processor.py:925} INFO - DAG(s) 'example_dynamic_task_mapping_with_no_taskflow_operators' retrieved from /home/airflow/.local/lib/python3.12/site-packages/airflow/example_dags/example_dynamic_task_mapping_with_no_taskflow_operators.py
[2026-08-12T04:43:13.758+0000] {logging_mixin.py:190} INFO - [2026-08-12T04:43:13.757+0000] {dag.py:3211} INFO - Sync 1 DAGs
[2026-08-12T04:43:13.780+0000] {logging_mixin.py:190} INFO - [2026-08-12T04:43:13.780+0000] {dag.py:4138} INFO - Setting next_dagrun for example_dynamic_task_mapping_with_no_taskflow_operators to 2026-08-11 00:00:00+00:00, run_after=2026-08-12 00:00:00+00:00
[2026-08-12T04:43:13.800+0000] {processor.py:208} INFO - Processing /home/airflow/.local/lib/python3.12/site-packages/airflow/example_dags/example_dynamic_task_mapping_with_no_taskflow_operators.py took 0.085 seconds
[2026-08-12T04:43:44.229+0000] {processor.py:186} INFO - Started process (PID=1405) to work on /home/airflow/.local/lib/python3.12/site-packages/airflow/example_dags/example_dynamic_task_mapping_with_no_taskflow_operators.py
[2026-08-12T04:43:44.232+0000] {processor.py:914} INFO - Processing file /home/airflow/.local/lib/python3.12/site-packages/airflow/example_dags/example_dynamic_task_mapping_with_no_taskflow_operators.py for tasks to queue
[2026-08-12T04:43:44.237+0000] {logging_mixin.py:190} INFO - [2026-08-12T04:43:44.236+0000] {dagbag.py:587} INFO - Filling up the DagBag from /home/airflow/.local/lib/python3.12/site-packages/airflow/example_dags/example_dynamic_task_mapping_with_no_taskflow_operators.py
[2026-08-12T04:43:44.254+0000] {processor.py:925} INFO - DAG(s) 'example_dynamic_task_mapping_with_no_taskflow_operators' retrieved from /home/airflow/.local/lib/python3.12/site-packages/airflow/example_dags/example_dynamic_task_mapping_with_no_taskflow_operators.py
[2026-08-12T04:43:44.285+0000] {logging_mixin.py:190} INFO - [2026-08-12T04:43:44.284+0000] {dag.py:3211} INFO - Sync 1 DAGs
[2026-08-12T04:43:44.322+0000] {logging_mixin.py:190} INFO - [2026-08-12T04:43:44.322+0000] {dag.py:4138} INFO - Setting next_dagrun for example_dynamic_task_mapping_with_no_taskflow_operators to 2026-08-11 00:00:00+00:00, run_after=2026-08-12 00:00:00+00:00
[2026-08-12T04:43:44.356+0000] {processor.py:208} INFO - Processing /home/airflow/.local/lib/python3.12/site-packages/airflow/example_dags/example_dynamic_task_mapping_with_no_taskflow_operators.py took 0.138 seconds
[2026-08-12T04:44:14.795+0000] {processor.py:186} INFO - Started process (PID=1467) to work on /home/airflow/.local/lib/python3.12/site-packages/airflow/example_dags/example_dynamic_task_mapping_with_no_taskflow_operators.py
[2026-08-12T04:44:14.799+0000] {processor.py:914} INFO - Processing file /home/airflow/.local/lib/python3.12/site-packages/airflow/example_dags/example_dynamic_task_mapping_with_no_taskflow_operators.py for tasks to queue
[2026-08-12T04:44:14.805+0000] {logging_mixin.py:190} INFO - [2026-08-12T04:44:14.804+0000] {dagbag.py:587} INFO - Filling up the DagBag from /home/airflow/.local/lib/python3.12/site-packages/airflow/example_dags/example_dynamic_task_mapping_with_no_taskflow_operators.py
[2026-08-12T04:44:14.820+0000] {processor.py:925} INFO - DAG(s) 'example_dynamic_task_mapping_with_no_taskflow_operators' retrieved from /home/airflow/.local/lib/python3.12/site-packages/airflow/example_dags/example_dynamic_task_mapping_with_no_taskflow_operators.py
[2026-08-12T04:44:14.844+0000] {logging_mixin.py:190} INFO - [2026-08-12T04:44:14.844+0000] {dag.py:3211} INFO - Sync 1 DAGs
[2026-08-12T04:44:14.870+0000] {logging_mixin.py:190} INFO - [2026-08-12T04:44:14.870+0000] {dag.py:4138} INFO - Setting next_dagrun for example_dynamic_task_mapping_with_no_taskflow_operators to 2026-08-11 00:00:00+00:00, run_after=2026-08-12 00:00:00+00:00
[2026-08-12T04:44:14.895+0000] {processor.py:208} INFO - Processing /home/airflow/.local/lib/python3.12/site-packages/airflow/example_dags/example_dynamic_task_mapping_with_no_taskflow_operators.py took 0.109 seconds
[2026-08-12T04:44:45.083+0000] {processor.py:186} INFO - Started process (PID=1529) to work on /home/airflow/.local/lib/python3.12/site-packages/airflow/example_dags/example_dynamic_task_mapping_with_no_taskflow_operators.py
[2026-08-12T04:44:45.086+0000] {processor.py:914} INFO - Processing file /home/airflow/.local/lib/python3.12/site-packages/airflow/example_dags/example_dynamic_task_mapping_with_no_taskflow_operators.py for tasks to queue
[2026-08-12T04:44:45.092+0000] {logging_mixin.py:190} INFO - [2026-08-12T04:44:45.091+0000] {dagbag.py:587} INFO - Filling up the DagBag from /home/airflow/.local/lib/python3.12/site-packages/airflow/example_dags/example_dynamic_task_mapping_with_no_taskflow_operators.py
[2026-08-12T04:44:45.103+0000] {processor.py:925} INFO - DAG(s) 'example_dynamic_task_mapping_with_no_taskflow_operators' retrieved from /home/airflow/.local/lib/python3.12/site-packages/airflow/example_dags/example_dynamic_task_mapping_with_no_taskflow_operators.py
[2026-08-12T04:44:45.128+0000] {logging_mixin.py:190} INFO - [2026-08-12T04:44:45.128+0000] {dag.py:3211} INFO - Sync 1 DAGs
[2026-08-12T04:44:45.155+0000] {logging_mixin.py:190} INFO - [2026-08-12T04:44:45.155+0000] {dag.py:4138} INFO - Setting next_dagrun for example_dynamic_task_mapping_with_no_taskflow_operators to 2026-08-11 00:00:00+00:00, run_after=2026-08-12 00:00:00+00:00
[2026-08-12T04:44:45.203+0000] {processor.py:208} INFO - Processing /home/airflow/.local/lib/python3.12/site-packages/airflow/example_dags/example_dynamic_task_mapping_with_no_taskflow_operators.py took 0.131 seconds
[2026-08-12T04:45:15.551+0000] {processor.py:186} INFO - Started process (PID=1591) to work on /home/airflow/.local/lib/python3.12/site-packages/airflow/example_dags/example_dynamic_task_mapping_with_no_taskflow_operators.py
[2026-08-12T04:45:15.554+0000] {processor.py:914} INFO - Processing file /home/airflow/.local/lib/python3.12/site-packages/airflow/example_dags/example_dynamic_task_mapping_with_no_taskflow_operators.py for tasks to queue
[2026-08-12T04:45:15.558+0000] {logging_mixin.py:190} INFO - [2026-08-12T04:45:15.558+0000] {dagbag.py:587} INFO - Filling up the DagBag from /home/airflow/.local/lib/python3.12/site-packages/airflow/example_dags/example_dynamic_task_mapping_with_no_taskflow_operators.py
[2026-08-12T04:45:15.571+0000] {processor.py:925} INFO - DAG(s) 'example_dynamic_task_mapping_with_no_taskflow_operators' retrieved from /home/airflow/.local/lib/python3.12/site-packages/airflow/example_dags/example_dynamic_task_mapping_with_no_taskflow_operators.py
[2026-08-12T04:45:15.596+0000] {logging_mixin.py:190} INFO - [2026-08-12T04:45:15.596+0000] {dag.py:3211} INFO - Sync 1 DAGs
[2026-08-12T04:45:15.624+0000] {logging_mixin.py:190} INFO - [2026-08-12T04:45:15.624+0000] {dag.py:4138} INFO - Setting next_dagrun for example_dynamic_task_mapping_with_no_taskflow_operators to 2026-08-11 00:00:00+00:00, run_after=2026-08-12 00:00:00+00:00
[2026-08-12T04:45:15.647+0000] {processor.py:208} INFO - Processing /home/airflow/.local/lib/python3.12/site-packages/airflow/example_dags/example_dynamic_task_mapping_with_no_taskflow_operators.py took 0.103 seconds
[2026-08-12T04:45:46.213+0000] {processor.py:186} INFO - Started process (PID=1653) to work on /home/airflow/.local/lib/python3.12/site-packages/airflow/example_dags/example_dynamic_task_mapping_with_no_taskflow_operators.py
[2026-08-12T04:45:46.216+0000] {processor.py:914} INFO - Processing file /home/airflow/.local/lib/python3.12/site-packages/airflow/example_dags/example_dynamic_task_mapping_with_no_taskflow_operators.py for tasks to queue
[2026-08-12T04:45:46.222+0000] {logging_mixin.py:190} INFO - [2026-08-12T04:45:46.222+0000] {dagbag.py:587} INFO - Filling up the DagBag from /home/airflow/.local/lib/python3.12/site-packages/airflow/example_dags/example_dynamic_task_mapping_with_no_taskflow_operators.py
[2026-08-12T04:45:46.233+0000] {processor.py:925} INFO - DAG(s) 'example_dynamic_task_mapping_with_no_taskflow_operators' retrieved from /home/airflow/.local/lib/python3.12/site-packages/airflow/example_dags/example_dynamic_task_mapping_with_no_taskflow_operators.py
[2026-08-12T04:45:46.261+0000] {logging_mixin.py:190} INFO - [2026-08-12T04:45:46.261+0000] {dag.py:3211} INFO - Sync 1 DAGs
[2026-08-12T04:45:46.288+0000] {logging_mixin.py:190} INFO - [2026-08-12T04:45:46.288+0000] {dag.py:4138} INFO - Setting next_dagrun for example_dynamic_task_mapping_with_no_taskflow_operators to 2026-08-11 00:00:00+00:00, run_after=2026-08-12 00:00:00+00:00
[2026-08-12T04:45:46.324+0000] {processor.py:208} INFO - Processing /home/airflow/.local/lib/python3.12/site-packages/airflow/example_dags/example_dynamic_task_mapping_with_no_taskflow_operators.py took 0.117 seconds
[2026-08-12T04:46:16.560+0000] {processor.py:186} INFO - Started process (PID=1715) to work on /home/airflow/.local/lib/python3.12/site-packages/airflow/example_dags/example_dynamic_task_mapping_with_no_taskflow_operators.py
[2026-08-12T04:46:16.562+0000] {processor.py:914} INFO - Processing file /home/airflow/.local/lib/python3.12/site-packages/airflow/example_dags/example_dynamic_task_mapping_with_no_taskflow_operators.py for tasks to queue
[2026-08-12T04:46:16.569+0000] {logging_mixin.py:190} INFO - [2026-08-12T04:46:16.567+0000] {dagbag.py:587} INFO - Filling up the DagBag from /home/airflow/.local/lib/python3.12/site-packages/airflow/example_dags/example_dynamic_task_mapping_with_no_taskflow_operators.py
[2026-08-12T04:46:16.582+0000] {processor.py:925} INFO - DAG(s) 'example_dynamic_task_mapping_with_no_taskflow_operators' retrieved from /home/airflow/.local/lib/python3.12/site-packages/airflow/example_dags/example_dynamic_task_mapping_with_no_taskflow_operators.py
[2026-08-12T04:46:16.605+0000] {logging_mixin.py:190} INFO - [2026-08-12T04:46:16.605+0000] {dag.py:3211} INFO - Sync 1 DAGs
[2026-08-12T04:46:16.630+0000] {logging_mixin.py:190} INFO - [2026-08-12T04:46:16.630+0000] {dag.py:4138} INFO - Setting next_dagrun for example_dynamic_task_mapping_with_no_taskflow_operators to 2026-08-11 00:00:00+00:00, run_after=2026-08-12 00:00:00+00:00
[2026-08-12T04:46:16.656+0000] {processor.py:208} INFO - Processing /home/airflow/.local/lib/python3.12/site-packages/airflow/example_dags/example_dynamic_task_mapping_with_no_taskflow_operators.py took 0.103 seconds
[2026-08-12T04:46:47.196+0000] {processor.py:186} INFO - Started process (PID=1777) to work on /home/airflow/.local/lib/python3.12/site-packages/airflow/example_dags/example_dynamic_task_mapping_with_no_taskflow_operators.py
[2026-08-12T04:46:47.199+0000] {processor.py:914} INFO - Processing file /home/airflow/.local/lib/python3.12/site-packages/airflow/example_dags/example_dynamic_task_mapping_with_no_taskflow_operators.py for tasks to queue
[2026-08-12T04:46:47.203+0000] {logging_mixin.py:190} INFO - [2026-08-12T04:46:47.202+0000] {dagbag.py:587} INFO - Filling up the DagBag from /home/airflow/.local/lib/python3.12/site-packages/airflow/example_dags/example_dynamic_task_mapping_with_no_taskflow_operators.py
[2026-08-12T04:46:47.212+0000] {processor.py:925} INFO - DAG(s) 'example_dynamic_task_mapping_with_no_taskflow_operators' retrieved from /home/airflow/.local/lib/python3.12/site-packages/airflow/example_dags/example_dynamic_task_mapping_with_no_taskflow_operators.py
[2026-08-12T04:46:47.233+0000] {logging_mixin.py:190} INFO - [2026-08-12T04:46:47.232+0000] {dag.py:3211} INFO - Sync 1 DAGs
[2026-08-12T04:46:47.256+0000] {logging_mixin.py:190} INFO - [2026-08-12T04:46:47.256+0000] {dag.py:4138} INFO - Setting next_dagrun for example_dynamic_task_mapping_with_no_taskflow_operators to 2026-08-11 00:00:00+00:00, run_after=2026-08-12 00:00:00+00:00
[2026-08-12T04:46:47.282+0000] {processor.py:208} INFO - Processing /home/airflow/.local/lib/python3.12/site-packages/airflow/example_dags/example_dynamic_task_mapping_with_no_taskflow_operators.py took 0.092 seconds
[2026-08-12T04:47:17.920+0000] {processor.py:186} INFO - Started process (PID=1840) to work on /home/airflow/.local/lib/python3.12/site-packages/airflow/example_dags/example_dynamic_task_mapping_with_no_taskflow_operators.py
[2026-08-12T04:47:17.925+0000] {processor.py:914} INFO - Processing file /home/airflow/.local/lib/python3.12/site-packages/airflow/example_dags/example_dynamic_task_mapping_with_no_taskflow_operators.py for tasks to queue
[2026-08-12T04:47:17.931+0000] {logging_mixin.py:190} INFO - [2026-08-12T04:47:17.930+0000] {dagbag.py:587} INFO - Filling up the DagBag from /home/airflow/.local/lib/python3.12/site-packages/airflow/example_dags/example_dynamic_task_mapping_with_no_taskflow_operators.py
[2026-08-12T04:47:17.944+0000] {processor.py:925} INFO - DAG(s) 'example_dynamic_task_mapping_with_no_taskflow_operators' retrieved from /home/airflow/.local/lib/python3.12/site-packages/airflow/example_dags/example_dynamic_task_mapping_with_no_taskflow_operators.py
[2026-08-12T04:47:17.980+0000] {logging_mixin.py:190} INFO - [2026-08-12T04:47:17.980+0000] {dag.py:3211} INFO - Sync 1 DAGs
[2026-08-12T04:47:18.015+0000] {logging_mixin.py:190} INFO - [2026-08-12T04:47:18.015+0000] {dag.py:4138} INFO - Setting next_dagrun for example_dynamic_task_mapping_with_no_taskflow_operators to 2026-08-11 00:00:00+00:00, run_after=2026-08-12 00:00:00+00:00
[2026-08-12T04:47:18.044+0000] {processor.py:208} INFO - Processing /home/airflow/.local/lib/python3.12/site-packages/airflow/example_dags/example_dynamic_task_mapping_with_no_taskflow_operators.py took 0.133 seconds
[2026-08-12T04:47:48.468+0000] {processor.py:186} INFO - Started process (PID=1902) to work on /home/airflow/.local/lib/python3.12/site-packages/airflow/example_dags/example_dynamic_task_mapping_with_no_taskflow_operators.py
[2026-08-12T04:47:48.471+0000] {processor.py:914} INFO - Processing file /home/airflow/.local/lib/python3.12/site-packages/airflow/example_dags/example_dynamic_task_mapping_with_no_taskflow_operators.py for tasks to queue
[2026-08-12T04:47:48.475+0000] {logging_mixin.py:190} INFO - [2026-08-12T04:47:48.475+0000] {dagbag.py:587} INFO - Filling up the DagBag from /home/airflow/.local/lib/python3.12/site-packages/airflow/example_dags/example_dynamic_task_mapping_with_no_taskflow_operators.py
[2026-08-12T04:47:48.485+0000] {processor.py:925} INFO - DAG(s) 'example_dynamic_task_mapping_with_no_taskflow_operators' retrieved from /home/airflow/.local/lib/python3.12/site-packages/airflow/example_dags/example_dynamic_task_mapping_with_no_taskflow_operators.py
[2026-08-12T04:47:48.509+0000] {logging_mixin.py:190} INFO - [2026-08-12T04:47:48.509+0000] {dag.py:3211} INFO - Sync 1 DAGs
[2026-08-12T04:47:48.537+0000] {logging_mixin.py:190} INFO - [2026-08-12T04:47:48.537+0000] {dag.py:4138} INFO - Setting next_dagrun for example_dynamic_task_mapping_with_no_taskflow_operators to 2026-08-11 00:00:00+00:00, run_after=2026-08-12 00:00:00+00:00
[2026-08-12T04:47:48.564+0000] {processor.py:208} INFO - Processing /home/airflow/.local/lib/python3.12/site-packages/airflow/example_dags/example_dynamic_task_mapping_with_no_taskflow_operators.py took 0.102 seconds
[2026-08-12T04:48:18.985+0000] {processor.py:186} INFO - Started process (PID=1964) to work on /home/airflow/.local/lib/python3.12/site-packages/airflow/example_dags/example_dynamic_task_mapping_with_no_taskflow_operators.py
[2026-08-12T04:48:18.987+0000] {processor.py:914} INFO - Processing file /home/airflow/.local/lib/python3.12/site-packages/airflow/example_dags/example_dynamic_task_mapping_with_no_taskflow_operators.py for tasks to queue
[2026-08-12T04:48:18.993+0000] {logging_mixin.py:190} INFO - [2026-08-12T04:48:18.993+0000] {dagbag.py:587} INFO - Filling up the DagBag from /home/airflow/.local/lib/python3.12/site-packages/airflow/example_dags/example_dynamic_task_mapping_with_no_taskflow_operators.py
[2026-08-12T04:48:19.018+0000] {processor.py:925} INFO - DAG(s) 'example_dynamic_task_mapping_with_no_taskflow_operators' retrieved from /home/airflow/.local/lib/python3.12/site-packages/airflow/example_dags/example_dynamic_task_mapping_with_no_taskflow_operators.py
[2026-08-12T04:48:19.054+0000] {logging_mixin.py:190} INFO - [2026-08-12T04:48:19.054+0000] {dag.py:3211} INFO - Sync 1 DAGs
[2026-08-12T04:48:19.083+0000] {logging_mixin.py:190} INFO - [2026-08-12T04:48:19.083+0000] {dag.py:4138} INFO - Setting next_dagrun for example_dynamic_task_mapping_with_no_taskflow_operators to 2026-08-11 00:00:00+00:00, run_after=2026-08-12 00:00:00+00:00
[2026-08-12T04:48:19.104+0000] {processor.py:208} INFO - Processing /home/airflow/.local/lib/python3.12/site-packages/airflow/example_dags/example_dynamic_task_mapping_with_no_taskflow_operators.py took 0.129 seconds
[2026-08-12T04:48:49.332+0000] {processor.py:186} INFO - Started process (PID=2026) to work on /home/airflow/.local/lib/python3.12/site-packages/airflow/example_dags/example_dynamic_task_mapping_with_no_taskflow_operators.py
[2026-08-12T04:48:49.334+0000] {processor.py:914} INFO - Processing file /home/airflow/.local/lib/python3.12/site-packages/airflow/example_dags/example_dynamic_task_mapping_with_no_taskflow_operators.py for tasks to queue
[2026-08-12T04:48:49.338+0000] {logging_mixin.py:190} INFO - [2026-08-12T04:48:49.338+0000] {dagbag.py:587} INFO - Filling up the DagBag from /home/airflow/.local/lib/python3.12/site-packages/airflow/example_dags/example_dynamic_task_mapping_with_no_taskflow_operators.py
[2026-08-12T04:48:49.349+0000] {processor.py:925} INFO - DAG(s) 'example_dynamic_task_mapping_with_no_taskflow_operators' retrieved from /home/airflow/.local/lib/python3.12/site-packages/airflow/example_dags/example_dynamic_task_mapping_with_no_taskflow_operators.py
[2026-08-12T04:48:49.371+0000] {logging_mixin.py:190} INFO - [2026-08-12T04:48:49.371+0000] {dag.py:3211} INFO - Sync 1 DAGs
[2026-08-12T04:48:49.393+0000] {logging_mixin.py:190} INFO - [2026-08-12T04:48:49.393+0000] {dag.py:4138} INFO - Setting next_dagrun for example_dynamic_task_mapping_with_no_taskflow_operators to 2026-08-11 00:00:00+00:00, run_after=2026-08-12 00:00:00+00:00
[2026-08-12T04:48:49.413+0000] {processor.py:208} INFO - Processing /home/airflow/.local/lib/python3.12/site-packages/airflow/example_dags/example_dynamic_task_mapping_with_no_taskflow_operators.py took 0.087 seconds
[2026-08-12T04:49:20.005+0000] {processor.py:186} INFO - Started process (PID=2088) to work on /home/airflow/.local/lib/python3.12/site-packages/airflow/example_dags/example_dynamic_task_mapping_with_no_taskflow_operators.py
[2026-08-12T04:49:20.007+0000] {processor.py:914} INFO - Processing file /home/airflow/.local/lib/python3.12/site-packages/airflow/example_dags/example_dynamic_task_mapping_with_no_taskflow_operators.py for tasks to queue
[2026-08-12T04:49:20.012+0000] {logging_mixin.py:190} INFO - [2026-08-12T04:49:20.011+0000] {dagbag.py:587} INFO - Filling up the DagBag from /home/airflow/.local/lib/python3.12/site-packages/airflow/example_dags/example_dynamic_task_mapping_with_no_taskflow_operators.py
[2026-08-12T04:49:20.021+0000] {processor.py:925} INFO - DAG(s) 'example_dynamic_task_mapping_with_no_taskflow_operators' retrieved from /home/airflow/.local/lib/python3.12/site-packages/airflow/example_dags/example_dynamic_task_mapping_with_no_taskflow_operators.py
[2026-08-12T04:49:20.043+0000] {logging_mixin.py:190} INFO - [2026-08-12T04:49:20.043+0000] {dag.py:3211} INFO - Sync 1 DAGs
[2026-08-12T04:49:20.068+0000] {logging_mixin.py:190} INFO - [2026-08-12T04:49:20.067+0000] {dag.py:4138} INFO - Setting next_dagrun for example_dynamic_task_mapping_with_no_taskflow_operators to 2026-08-11 00:00:00+00:00, run_after=2026-08-12 00:00:00+00:00
[2026-08-12T04:49:20.090+0000] {processor.py:208} INFO - Processing /home/airflow/.local/lib/python3.12/site-packages/airflow/example_dags/example_dynamic_task_mapping_with_no_taskflow_operators.py took 0.090 seconds
[2026-08-12T04:49:50.667+0000] {processor.py:186} INFO - Started process (PID=2150) to work on /home/airflow/.local/lib/python3.12/site-packages/airflow/example_dags/example_dynamic_task_mapping_with_no_taskflow_operators.py
[2026-08-12T04:49:50.670+0000] {processor.py:914} INFO - Processing file /home/airflow/.local/lib/python3.12/site-packages/airflow/example_dags/example_dynamic_task_mapping_with_no_taskflow_operators.py for tasks to queue
[2026-08-12T04:49:50.674+0000] {logging_mixin.py:190} INFO - [2026-08-12T04:49:50.673+0000] {dagbag.py:587} INFO - Filling up the DagBag from /home/airflow/.local/lib/python3.12/site-packages/airflow/example_dags/example_dynamic_task_mapping_with_no_taskflow_operators.py
[2026-08-12T04:49:50.685+0000] {processor.py:925} INFO - DAG(s) 'example_dynamic_task_mapping_with_no_taskflow_operators' retrieved from /home/airflow/.local/lib/python3.12/site-packages/airflow/example_dags/example_dynamic_task_mapping_with_no_taskflow_operators.py
[2026-08-12T04:49:50.705+0000] {logging_mixin.py:190} INFO - [2026-08-12T04:49:50.705+0000] {dag.py:3211} INFO - Sync 1 DAGs
[2026-08-12T04:49:50.732+0000] {logging_mixin.py:190} INFO - [2026-08-12T04:49:50.731+0000] {dag.py:4138} INFO - Setting next_dagrun for example_dynamic_task_mapping_with_no_taskflow_operators to 2026-08-11 00:00:00+00:00, run_after=2026-08-12 00:00:00+00:00
[2026-08-12T04:49:50.759+0000] {processor.py:208} INFO - Processing /home/airflow/.local/lib/python3.12/site-packages/airflow/example_dags/example_dynamic_task_mapping_with_no_taskflow_operators.py took 0.098 seconds
[2026-08-12T04:50:21.502+0000] {processor.py:186} INFO - Started process (PID=2212) to work on /home/airflow/.local/lib/python3.12/site-packages/airflow/example_dags/example_dynamic_task_mapping_with_no_taskflow_operators.py
[2026-08-12T04:50:21.504+0000] {processor.py:914} INFO - Processing file /home/airflow/.local/lib/python3.12/site-packages/airflow/example_dags/example_dynamic_task_mapping_with_no_taskflow_operators.py for tasks to queue
[2026-08-12T04:50:21.510+0000] {logging_mixin.py:190} INFO - [2026-08-12T04:50:21.509+0000] {dagbag.py:587} INFO - Filling up the DagBag from /home/airflow/.local/lib/python3.12/site-packages/airflow/example_dags/example_dynamic_task_mapping_with_no_taskflow_operators.py
[2026-08-12T04:50:21.521+0000] {processor.py:925} INFO - DAG(s) 'example_dynamic_task_mapping_with_no_taskflow_operators' retrieved from /home/airflow/.local/lib/python3.12/site-packages/airflow/example_dags/example_dynamic_task_mapping_with_no_taskflow_operators.py
[2026-08-12T04:50:21.541+0000] {logging_mixin.py:190} INFO - [2026-08-12T04:50:21.541+0000] {dag.py:3211} INFO - Sync 1 DAGs
[2026-08-12T04:50:21.564+0000] {logging_mixin.py:190} INFO - [2026-08-12T04:50:21.564+0000] {dag.py:4138} INFO - Setting next_dagrun for example_dynamic_task_mapping_with_no_taskflow_operators to 2026-08-11 00:00:00+00:00, run_after=2026-08-12 00:00:00+00:00
[2026-08-12T04:50:21.592+0000] {processor.py:208} INFO - Processing /home/airflow/.local/lib/python3.12/site-packages/airflow/example_dags/example_dynamic_task_mapping_with_no_taskflow_operators.py took 0.100 seconds
[2026-08-12T04:50:52.172+0000] {processor.py:186} INFO - Started process (PID=2274) to work on /home/airflow/.local/lib/python3.12/site-packages/airflow/example_dags/example_dynamic_task_mapping_with_no_taskflow_operators.py
[2026-08-12T04:50:52.177+0000] {processor.py:914} INFO - Processing file /home/airflow/.local/lib/python3.12/site-packages/airflow/example_dags/example_dynamic_task_mapping_with_no_taskflow_operators.py for tasks to queue
[2026-08-12T04:50:52.188+0000] {logging_mixin.py:190} INFO - [2026-08-12T04:50:52.187+0000] {dagbag.py:587} INFO - Filling up the DagBag from /home/airflow/.local/lib/python3.12/site-packages/airflow/example_dags/example_dynamic_task_mapping_with_no_taskflow_operators.py
[2026-08-12T04:50:52.200+0000] {processor.py:925} INFO - DAG(s) 'example_dynamic_task_mapping_with_no_taskflow_operators' retrieved from /home/airflow/.local/lib/python3.12/site-packages/airflow/example_dags/example_dynamic_task_mapping_with_no_taskflow_operators.py
[2026-08-12T04:50:52.222+0000] {logging_mixin.py:190} INFO - [2026-08-12T04:50:52.221+0000] {dag.py:3211} INFO - Sync 1 DAGs
[2026-08-12T04:50:52.248+0000] {logging_mixin.py:190} INFO - [2026-08-12T04:50:52.247+0000] {dag.py:4138} INFO - Setting next_dagrun for example_dynamic_task_mapping_with_no_taskflow_operators to 2026-08-11 00:00:00+00:00, run_after=2026-08-12 00:00:00+00:00
[2026-08-12T04:50:52.273+0000] {processor.py:208} INFO - Processing /home/airflow/.local/lib/python3.12/site-packages/airflow/example_dags/example_dynamic_task_mapping_with_no_taskflow_operators.py took 0.106 seconds
[2026-08-12T04:51:22.721+0000] {processor.py:186} INFO - Started process (PID=2336) to work on /home/airflow/.local/lib/python3.12/site-packages/airflow/example_dags/example_dynamic_task_mapping_with_no_taskflow_operators.py
[2026-08-12T04:51:22.723+0000] {processor.py:914} INFO - Processing file /home/airflow/.local/lib/python3.12/site-packages/airflow/example_dags/example_dynamic_task_mapping_with_no_taskflow_operators.py for tasks to queue
[2026-08-12T04:51:22.728+0000] {logging_mixin.py:190} INFO - [2026-08-12T04:51:22.727+0000] {dagbag.py:587} INFO - Filling up the DagBag from /home/airflow/.local/lib/python3.12/site-packages/airflow/example_dags/example_dynamic_task_mapping_with_no_taskflow_operators.py
[2026-08-12T04:51:22.741+0000] {processor.py:925} INFO - DAG(s) 'example_dynamic_task_mapping_with_no_taskflow_operators' retrieved from /home/airflow/.local/lib/python3.12/site-packages/airflow/example_dags/example_dynamic_task_mapping_with_no_taskflow_operators.py
[2026-08-12T04:51:22.763+0000] {logging_mixin.py:190} INFO - [2026-08-12T04:51:22.762+0000] {dag.py:3211} INFO - Sync 1 DAGs
[2026-08-12T04:51:22.789+0000] {logging_mixin.py:190} INFO - [2026-08-12T04:51:22.789+0000] {dag.py:4138} INFO - Setting next_dagrun for example_dynamic_task_mapping_with_no_taskflow_operators to 2026-08-11 00:00:00+00:00, run_after=2026-08-12 00:00:00+00:00
[2026-08-12T04:51:22.817+0000] {processor.py:208} INFO - Processing /home/airflow/.local/lib/python3.12/site-packages/airflow/example_dags/example_dynamic_task_mapping_with_no_taskflow_operators.py took 0.103 seconds
[2026-08-12T04:51:53.899+0000] {processor.py:186} INFO - Started process (PID=2398) to work on /home/airflow/.local/lib/python3.12/site-packages/airflow/example_dags/example_dynamic_task_mapping_with_no_taskflow_operators.py
[2026-08-12T04:51:53.902+0000] {processor.py:914} INFO - Processing file /home/airflow/.local/lib/python3.12/site-packages/airflow/example_dags/example_dynamic_task_mapping_with_no_taskflow_operators.py for tasks to queue
[2026-08-12T04:51:53.906+0000] {logging_mixin.py:190} INFO - [2026-08-12T04:51:53.905+0000] {dagbag.py:587} INFO - Filling up the DagBag from /home/airflow/.local/lib/python3.12/site-packages/airflow/example_dags/example_dynamic_task_mapping_with_no_taskflow_operators.py
[2026-08-12T04:51:53.916+0000] {processor.py:925} INFO - DAG(s) 'example_dynamic_task_mapping_with_no_taskflow_operators' retrieved from /home/airflow/.local/lib/python3.12/site-packages/airflow/example_dags/example_dynamic_task_mapping_with_no_taskflow_operators.py
[2026-08-12T04:51:53.936+0000] {logging_mixin.py:190} INFO - [2026-08-12T04:51:53.935+0000] {dag.py:3211} INFO - Sync 1 DAGs
[2026-08-12T04:51:53.959+0000] {logging_mixin.py:190} INFO - [2026-08-12T04:51:53.958+0000] {dag.py:4138} INFO - Setting next_dagrun for example_dynamic_task_mapping_with_no_taskflow_operators to 2026-08-11 00:00:00+00:00, run_after=2026-08-12 00:00:00+00:00
[2026-08-12T04:51:53.982+0000] {processor.py:208} INFO - Processing /home/airflow/.local/lib/python3.12/site-packages/airflow/example_dags/example_dynamic_task_mapping_with_no_taskflow_operators.py took 0.089 seconds
[2026-08-12T04:52:24.649+0000] {processor.py:186} INFO - Started process (PID=2466) to work on /home/airflow/.local/lib/python3.12/site-packages/airflow/example_dags/example_dynamic_task_mapping_with_no_taskflow_operators.py
[2026-08-12T04:52:24.651+0000] {processor.py:914} INFO - Processing file /home/airflow/.local/lib/python3.12/site-packages/airflow/example_dags/example_dynamic_task_mapping_with_no_taskflow_operators.py for tasks to queue
[2026-08-12T04:52:24.656+0000] {logging_mixin.py:190} INFO - [2026-08-12T04:52:24.655+0000] {dagbag.py:587} INFO - Filling up the DagBag from /home/airflow/.local/lib/python3.12/site-packages/airflow/example_dags/example_dynamic_task_mapping_with_no_taskflow_operators.py
[2026-08-12T04:52:24.670+0000] {processor.py:925} INFO - DAG(s) 'example_dynamic_task_mapping_with_no_taskflow_operators' retrieved from /home/airflow/.local/lib/python3.12/site-packages/airflow/example_dags/example_dynamic_task_mapping_with_no_taskflow_operators.py
[2026-08-12T04:52:24.694+0000] {logging_mixin.py:190} INFO - [2026-08-12T04:52:24.693+0000] {dag.py:3211} INFO - Sync 1 DAGs
[2026-08-12T04:52:24.722+0000] {logging_mixin.py:190} INFO - [2026-08-12T04:52:24.721+0000] {dag.py:4138} INFO - Setting next_dagrun for example_dynamic_task_mapping_with_no_taskflow_operators to 2026-08-11 00:00:00+00:00, run_after=2026-08-12 00:00:00+00:00
[2026-08-12T04:52:24.750+0000] {processor.py:208} INFO - Processing /home/airflow/.local/lib/python3.12/site-packages/airflow/example_dags/example_dynamic_task_mapping_with_no_taskflow_operators.py took 0.110 seconds
[2026-08-12T04:52:55.572+0000] {processor.py:186} INFO - Started process (PID=2530) to work on /home/airflow/.local/lib/python3.12/site-packages/airflow/example_dags/example_dynamic_task_mapping_with_no_taskflow_operators.py
[2026-08-12T04:52:55.575+0000] {processor.py:914} INFO - Processing file /home/airflow/.local/lib/python3.12/site-packages/airflow/example_dags/example_dynamic_task_mapping_with_no_taskflow_operators.py for tasks to queue
[2026-08-12T04:52:55.582+0000] {logging_mixin.py:190} INFO - [2026-08-12T04:52:55.581+0000] {dagbag.py:587} INFO - Filling up the DagBag from /home/airflow/.local/lib/python3.12/site-packages/airflow/example_dags/example_dynamic_task_mapping_with_no_taskflow_operators.py
[2026-08-12T04:52:55.597+0000] {processor.py:925} INFO - DAG(s) 'example_dynamic_task_mapping_with_no_taskflow_operators' retrieved from /home/airflow/.local/lib/python3.12/site-packages/airflow/example_dags/example_dynamic_task_mapping_with_no_taskflow_operators.py
[2026-08-12T04:52:55.623+0000] {logging_mixin.py:190} INFO - [2026-08-12T04:52:55.622+0000] {dag.py:3211} INFO - Sync 1 DAGs
[2026-08-12T04:52:55.650+0000] {logging_mixin.py:190} INFO - [2026-08-12T04:52:55.650+0000] {dag.py:4138} INFO - Setting next_dagrun for example_dynamic_task_mapping_with_no_taskflow_operators to 2026-08-11 00:00:00+00:00, run_after=2026-08-12 00:00:00+00:00
[2026-08-12T04:52:55.677+0000] {processor.py:208} INFO - Processing /home/airflow/.local/lib/python3.12/site-packages/airflow/example_dags/example_dynamic_task_mapping_with_no_taskflow_operators.py took 0.114 seconds
[2026-08-12T04:53:26.442+0000] {processor.py:186} INFO - Started process (PID=2593) to work on /home/airflow/.local/lib/python3.12/site-packages/airflow/example_dags/example_dynamic_task_mapping_with_no_taskflow_operators.py
[2026-08-12T04:53:26.445+0000] {processor.py:914} INFO - Processing file /home/airflow/.local/lib/python3.12/site-packages/airflow/example_dags/example_dynamic_task_mapping_with_no_taskflow_operators.py for tasks to queue
[2026-08-12T04:53:26.451+0000] {logging_mixin.py:190} INFO - [2026-08-12T04:53:26.450+0000] {dagbag.py:587} INFO - Filling up the DagBag from /home/airflow/.local/lib/python3.12/site-packages/airflow/example_dags/example_dynamic_task_mapping_with_no_taskflow_operators.py
[2026-08-12T04:53:26.463+0000] {processor.py:925} INFO - DAG(s) 'example_dynamic_task_mapping_with_no_taskflow_operators' retrieved from /home/airflow/.local/lib/python3.12/site-packages/airflow/example_dags/example_dynamic_task_mapping_with_no_taskflow_operators.py
[2026-08-12T04:53:26.483+0000] {logging_mixin.py:190} INFO - [2026-08-12T04:53:26.483+0000] {dag.py:3211} INFO - Sync 1 DAGs
[2026-08-12T04:53:26.507+0000] {logging_mixin.py:190} INFO - [2026-08-12T04:53:26.506+0000] {dag.py:4138} INFO - Setting next_dagrun for example_dynamic_task_mapping_with_no_taskflow_operators to 2026-08-11 00:00:00+00:00, run_after=2026-08-12 00:00:00+00:00
[2026-08-12T04:53:26.531+0000] {processor.py:208} INFO - Processing /home/airflow/.local/lib/python3.12/site-packages/airflow/example_dags/example_dynamic_task_mapping_with_no_taskflow_operators.py took 0.098 seconds
[2026-08-12T04:53:57.072+0000] {processor.py:186} INFO - Started process (PID=2656) to work on /home/airflow/.local/lib/python3.12/site-packages/airflow/example_dags/example_dynamic_task_mapping_with_no_taskflow_operators.py
[2026-08-12T04:53:57.075+0000] {processor.py:914} INFO - Processing file /home/airflow/.local/lib/python3.12/site-packages/airflow/example_dags/example_dynamic_task_mapping_with_no_taskflow_operators.py for tasks to queue
[2026-08-12T04:53:57.083+0000] {logging_mixin.py:190} INFO - [2026-08-12T04:53:57.082+0000] {dagbag.py:587} INFO - Filling up the DagBag from /home/airflow/.local/lib/python3.12/site-packages/airflow/example_dags/example_dynamic_task_mapping_with_no_taskflow_operators.py
[2026-08-12T04:53:57.095+0000] {processor.py:925} INFO - DAG(s) 'example_dynamic_task_mapping_with_no_taskflow_operators' retrieved from /home/airflow/.local/lib/python3.12/site-packages/airflow/example_dags/example_dynamic_task_mapping_with_no_taskflow_operators.py
[2026-08-12T04:53:57.119+0000] {logging_mixin.py:190} INFO - [2026-08-12T04:53:57.119+0000] {dag.py:3211} INFO - Sync 1 DAGs
[2026-08-12T04:53:57.144+0000] {logging_mixin.py:190} INFO - [2026-08-12T04:53:57.143+0000] {dag.py:4138} INFO - Setting next_dagrun for example_dynamic_task_mapping_with_no_taskflow_operators to 2026-08-11 00:00:00+00:00, run_after=2026-08-12 00:00:00+00:00
[2026-08-12T04:53:57.166+0000] {processor.py:208} INFO - Processing /home/airflow/.local/lib/python3.12/site-packages/airflow/example_dags/example_dynamic_task_mapping_with_no_taskflow_operators.py took 0.101 seconds
[2026-08-12T04:54:28.039+0000] {processor.py:186} INFO - Started process (PID=2718) to work on /home/airflow/.local/lib/python3.12/site-packages/airflow/example_dags/example_dynamic_task_mapping_with_no_taskflow_operators.py
[2026-08-12T04:54:28.041+0000] {processor.py:914} INFO - Processing file /home/airflow/.local/lib/python3.12/site-packages/airflow/example_dags/example_dynamic_task_mapping_with_no_taskflow_operators.py for tasks to queue
[2026-08-12T04:54:28.045+0000] {logging_mixin.py:190} INFO - [2026-08-12T04:54:28.044+0000] {dagbag.py:587} INFO - Filling up the DagBag from /home/airflow/.local/lib/python3.12/site-packages/airflow/example_dags/example_dynamic_task_mapping_with_no_taskflow_operators.py
[2026-08-12T04:54:28.056+0000] {processor.py:925} INFO - DAG(s) 'example_dynamic_task_mapping_with_no_taskflow_operators' retrieved from /home/airflow/.local/lib/python3.12/site-packages/airflow/example_dags/example_dynamic_task_mapping_with_no_taskflow_operators.py
[2026-08-12T04:54:28.078+0000] {logging_mixin.py:190} INFO - [2026-08-12T04:54:28.078+0000] {dag.py:3211} INFO - Sync 1 DAGs
[2026-08-12T04:54:28.103+0000] {logging_mixin.py:190} INFO - [2026-08-12T04:54:28.103+0000] {dag.py:4138} INFO - Setting next_dagrun for example_dynamic_task_mapping_with_no_taskflow_operators to 2026-08-11 00:00:00+00:00, run_after=2026-08-12 00:00:00+00:00
[2026-08-12T04:54:28.129+0000] {processor.py:208} INFO - Processing /home/airflow/.local/lib/python3.12/site-packages/airflow/example_dags/example_dynamic_task_mapping_with_no_taskflow_operators.py took 0.095 seconds
[2026-08-12T04:54:58.491+0000] {processor.py:186} INFO - Started process (PID=2781) to work on /home/airflow/.local/lib/python3.12/site-packages/airflow/example_dags/example_dynamic_task_mapping_with_no_taskflow_operators.py
[2026-08-12T04:54:58.494+0000] {processor.py:914} INFO - Processing file /home/airflow/.local/lib/python3.12/site-packages/airflow/example_dags/example_dynamic_task_mapping_with_no_taskflow_operators.py for tasks to queue
[2026-08-12T04:54:58.498+0000] {logging_mixin.py:190} INFO - [2026-08-12T04:54:58.498+0000] {dagbag.py:587} INFO - Filling up the DagBag from /home/airflow/.local/lib/python3.12/site-packages/airflow/example_dags/example_dynamic_task_mapping_with_no_taskflow_operators.py
[2026-08-12T04:54:58.510+0000] {processor.py:925} INFO - DAG(s) 'example_dynamic_task_mapping_with_no_taskflow_operators' retrieved from /home/airflow/.local/lib/python3.12/site-packages/airflow/example_dags/example_dynamic_task_mapping_with_no_taskflow_operators.py
[2026-08-12T04:54:58.529+0000] {logging_mixin.py:190} INFO - [2026-08-12T04:54:58.529+0000] {dag.py:3211} INFO - Sync 1 DAGs
[2026-08-12T04:54:58.553+0000] {logging_mixin.py:190} INFO - [2026-08-12T04:54:58.552+0000] {dag.py:4138} INFO - Setting next_dagrun for example_dynamic_task_mapping_with_no_taskflow_operators to 2026-08-11 00:00:00+00:00, run_after=2026-08-12 00:00:00+00:00
[2026-08-12T04:54:58.578+0000] {processor.py:208} INFO - Processing /home/airflow/.local/lib/python3.12/site-packages/airflow/example_dags/example_dynamic_task_mapping_with_no_taskflow_operators.py took 0.094 seconds
[2026-08-12T04:55:29.504+0000] {processor.py:186} INFO - Started process (PID=2844) to work on /home/airflow/.local/lib/python3.12/site-packages/airflow/example_dags/example_dynamic_task_mapping_with_no_taskflow_operators.py
[2026-08-12T04:55:29.507+0000] {processor.py:914} INFO - Processing file /home/airflow/.local/lib/python3.12/site-packages/airflow/example_dags/example_dynamic_task_mapping_with_no_taskflow_operators.py for tasks to queue
[2026-08-12T04:55:29.511+0000] {logging_mixin.py:190} INFO - [2026-08-12T04:55:29.510+0000] {dagbag.py:587} INFO - Filling up the DagBag from /home/airflow/.local/lib/python3.12/site-packages/airflow/example_dags/example_dynamic_task_mapping_with_no_taskflow_operators.py
[2026-08-12T04:55:29.521+0000] {processor.py:925} INFO - DAG(s) 'example_dynamic_task_mapping_with_no_taskflow_operators' retrieved from /home/airflow/.local/lib/python3.12/site-packages/airflow/example_dags/example_dynamic_task_mapping_with_no_taskflow_operators.py
[2026-08-12T04:55:29.544+0000] {logging_mixin.py:190} INFO - [2026-08-12T04:55:29.543+0000] {dag.py:3211} INFO - Sync 1 DAGs
[2026-08-12T04:55:29.569+0000] {logging_mixin.py:190} INFO - [2026-08-12T04:55:29.568+0000] {dag.py:4138} INFO - Setting next_dagrun for example_dynamic_task_mapping_with_no_taskflow_operators to 2026-08-11 00:00:00+00:00, run_after=2026-08-12 00:00:00+00:00
[2026-08-12T04:55:29.593+0000] {processor.py:208} INFO - Processing /home/airflow/.local/lib/python3.12/site-packages/airflow/example_dags/example_dynamic_task_mapping_with_no_taskflow_operators.py took 0.095 seconds
[2026-08-12T04:56:00.524+0000] {processor.py:186} INFO - Started process (PID=2907) to work on /home/airflow/.local/lib/python3.12/site-packages/airflow/example_dags/example_dynamic_task_mapping_with_no_taskflow_operators.py
[2026-08-12T04:56:00.526+0000] {processor.py:914} INFO - Processing file /home/airflow/.local/lib/python3.12/site-packages/airflow/example_dags/example_dynamic_task_mapping_with_no_taskflow_operators.py for tasks to queue
[2026-08-12T04:56:00.530+0000] {logging_mixin.py:190} INFO - [2026-08-12T04:56:00.530+0000] {dagbag.py:587} INFO - Filling up the DagBag from /home/airflow/.local/lib/python3.12/site-packages/airflow/example_dags/example_dynamic_task_mapping_with_no_taskflow_operators.py
[2026-08-12T04:56:00.541+0000] {processor.py:925} INFO - DAG(s) 'example_dynamic_task_mapping_with_no_taskflow_operators' retrieved from /home/airflow/.local/lib/python3.12/site-packages/airflow/example_dags/example_dynamic_task_mapping_with_no_taskflow_operators.py
[2026-08-12T04:56:00.565+0000] {logging_mixin.py:190} INFO - [2026-08-12T04:56:00.565+0000] {dag.py:3211} INFO - Sync 1 DAGs
[2026-08-12T04:56:00.591+0000] {logging_mixin.py:190} INFO - [2026-08-12T04:56:00.591+0000] {dag.py:4138} INFO - Setting next_dagrun for example_dynamic_task_mapping_with_no_taskflow_operators to 2026-08-11 00:00:00+00:00, run_after=2026-08-12 00:00:00+00:00
[2026-08-12T04:56:00.614+0000] {processor.py:208} INFO - Processing /home/airflow/.local/lib/python3.12/site-packages/airflow/example_dags/example_dynamic_task_mapping_with_no_taskflow_operators.py took 0.096 seconds
[2026-08-12T04:56:31.088+0000] {processor.py:186} INFO - Started process (PID=2970) to work on /home/airflow/.local/lib/python3.12/site-packages/airflow/example_dags/example_dynamic_task_mapping_with_no_taskflow_operators.py
[2026-08-12T04:56:31.090+0000] {processor.py:914} INFO - Processing file /home/airflow/.local/lib/python3.12/site-packages/airflow/example_dags/example_dynamic_task_mapping_with_no_taskflow_operators.py for tasks to queue
[2026-08-12T04:56:31.096+0000] {logging_mixin.py:190} INFO - [2026-08-12T04:56:31.095+0000] {dagbag.py:587} INFO - Filling up the DagBag from /home/airflow/.local/lib/python3.12/site-packages/airflow/example_dags/example_dynamic_task_mapping_with_no_taskflow_operators.py
[2026-08-12T04:56:31.108+0000] {processor.py:925} INFO - DAG(s) 'example_dynamic_task_mapping_with_no_taskflow_operators' retrieved from /home/airflow/.local/lib/python3.12/site-packages/airflow/example_dags/example_dynamic_task_mapping_with_no_taskflow_operators.py
[2026-08-12T04:56:31.134+0000] {logging_mixin.py:190} INFO - [2026-08-12T04:56:31.134+0000] {dag.py:3211} INFO - Sync 1 DAGs
[2026-08-12T04:56:31.161+0000] {logging_mixin.py:190} INFO - [2026-08-12T04:56:31.160+0000] {dag.py:4138} INFO - Setting next_dagrun for example_dynamic_task_mapping_with_no_taskflow_operators to 2026-08-11 00:00:00+00:00, run_after=2026-08-12 00:00:00+00:00
[2026-08-12T04:56:31.187+0000] {processor.py:208} INFO - Processing /home/airflow/.local/lib/python3.12/site-packages/airflow/example_dags/example_dynamic_task_mapping_with_no_taskflow_operators.py took 0.106 seconds
[2026-08-12T04:57:01.688+0000] {processor.py:186} INFO - Started process (PID=3033) to work on /home/airflow/.local/lib/python3.12/site-packages/airflow/example_dags/example_dynamic_task_mapping_with_no_taskflow_operators.py
[2026-08-12T04:57:01.690+0000] {processor.py:914} INFO - Processing file /home/airflow/.local/lib/python3.12/site-packages/airflow/example_dags/example_dynamic_task_mapping_with_no_taskflow_operators.py for tasks to queue
[2026-08-12T04:57:01.695+0000] {logging_mixin.py:190} INFO - [2026-08-12T04:57:01.694+0000] {dagbag.py:587} INFO - Filling up the DagBag from /home/airflow/.local/lib/python3.12/site-packages/airflow/example_dags/example_dynamic_task_mapping_with_no_taskflow_operators.py
[2026-08-12T04:57:01.706+0000] {processor.py:925} INFO - DAG(s) 'example_dynamic_task_mapping_with_no_taskflow_operators' retrieved from /home/airflow/.local/lib/python3.12/site-packages/airflow/example_dags/example_dynamic_task_mapping_with_no_taskflow_operators.py
[2026-08-12T04:57:01.729+0000] {logging_mixin.py:190} INFO - [2026-08-12T04:57:01.729+0000] {dag.py:3211} INFO - Sync 1 DAGs
[2026-08-12T04:57:01.759+0000] {logging_mixin.py:190} INFO - [2026-08-12T04:57:01.759+0000] {dag.py:4138} INFO - Setting next_dagrun for example_dynamic_task_mapping_with_no_taskflow_operators to 2026-08-11 00:00:00+00:00, run_after=2026-08-12 00:00:00+00:00
[2026-08-12T04:57:01.780+0000] {processor.py:208} INFO - Processing /home/airflow/.local/lib/python3.12/site-packages/airflow/example_dags/example_dynamic_task_mapping_with_no_taskflow_operators.py took 0.100 seconds
[2026-08-12T04:57:32.995+0000] {processor.py:186} INFO - Started process (PID=3096) to work on /home/airflow/.local/lib/python3.12/site-packages/airflow/example_dags/example_dynamic_task_mapping_with_no_taskflow_operators.py
[2026-08-12T04:57:32.998+0000] {processor.py:914} INFO - Processing file /home/airflow/.local/lib/python3.12/site-packages/airflow/example_dags/example_dynamic_task_mapping_with_no_taskflow_operators.py for tasks to queue
[2026-08-12T04:57:33.003+0000] {logging_mixin.py:190} INFO - [2026-08-12T04:57:33.002+0000] {dagbag.py:587} INFO - Filling up the DagBag from /home/airflow/.local/lib/python3.12/site-packages/airflow/example_dags/example_dynamic_task_mapping_with_no_taskflow_operators.py
[2026-08-12T04:57:33.016+0000] {processor.py:925} INFO - DAG(s) 'example_dynamic_task_mapping_with_no_taskflow_operators' retrieved from /home/airflow/.local/lib/python3.12/site-packages/airflow/example_dags/example_dynamic_task_mapping_with_no_taskflow_operators.py
[2026-08-12T04:57:33.044+0000] {logging_mixin.py:190} INFO - [2026-08-12T04:57:33.044+0000] {dag.py:3211} INFO - Sync 1 DAGs
[2026-08-12T04:57:33.079+0000] {logging_mixin.py:190} INFO - [2026-08-12T04:57:33.078+0000] {dag.py:4138} INFO - Setting next_dagrun for example_dynamic_task_mapping_with_no_taskflow_operators to 2026-08-11 00:00:00+00:00, run_after=2026-08-12 00:00:00+00:00
[2026-08-12T04:57:33.108+0000] {processor.py:208} INFO - Processing /home/airflow/.local/lib/python3.12/site-packages/airflow/example_dags/example_dynamic_task_mapping_with_no_taskflow_operators.py took 0.121 seconds
[2026-08-12T04:58:03.729+0000] {processor.py:186} INFO - Started process (PID=3159) to work on /home/airflow/.local/lib/python3.12/site-packages/airflow/example_dags/example_dynamic_task_mapping_with_no_taskflow_operators.py
[2026-08-12T04:58:03.731+0000] {processor.py:914} INFO - Processing file /home/airflow/.local/lib/python3.12/site-packages/airflow/example_dags/example_dynamic_task_mapping_with_no_taskflow_operators.py for tasks to queue
[2026-08-12T04:58:03.735+0000] {logging_mixin.py:190} INFO - [2026-08-12T04:58:03.735+0000] {dagbag.py:587} INFO - Filling up the DagBag from /home/airflow/.local/lib/python3.12/site-packages/airflow/example_dags/example_dynamic_task_mapping_with_no_taskflow_operators.py
[2026-08-12T04:58:03.749+0000] {processor.py:925} INFO - DAG(s) 'example_dynamic_task_mapping_with_no_taskflow_operators' retrieved from /home/airflow/.local/lib/python3.12/site-packages/airflow/example_dags/example_dynamic_task_mapping_with_no_taskflow_operators.py
[2026-08-12T04:58:03.776+0000] {logging_mixin.py:190} INFO - [2026-08-12T04:58:03.774+0000] {dag.py:3211} INFO - Sync 1 DAGs
[2026-08-12T04:58:03.806+0000] {logging_mixin.py:190} INFO - [2026-08-12T04:58:03.806+0000] {dag.py:4138} INFO - Setting next_dagrun for example_dynamic_task_mapping_with_no_taskflow_operators to 2026-08-11 00:00:00+00:00, run_after=2026-08-12 00:00:00+00:00
[2026-08-12T04:58:03.834+0000] {processor.py:208} INFO - Processing /home/airflow/.local/lib/python3.12/site-packages/airflow/example_dags/example_dynamic_task_mapping_with_no_taskflow_operators.py took 0.111 seconds
[2026-08-12T04:58:34.973+0000] {processor.py:186} INFO - Started process (PID=3222) to work on /home/airflow/.local/lib/python3.12/site-packages/airflow/example_dags/example_dynamic_task_mapping_with_no_taskflow_operators.py
[2026-08-12T04:58:34.975+0000] {processor.py:914} INFO - Processing file /home/airflow/.local/lib/python3.12/site-packages/airflow/example_dags/example_dynamic_task_mapping_with_no_taskflow_operators.py for tasks to queue
[2026-08-12T04:58:34.981+0000] {logging_mixin.py:190} INFO - [2026-08-12T04:58:34.980+0000] {dagbag.py:587} INFO - Filling up the DagBag from /home/airflow/.local/lib/python3.12/site-packages/airflow/example_dags/example_dynamic_task_mapping_with_no_taskflow_operators.py
[2026-08-12T04:58:34.997+0000] {processor.py:925} INFO - DAG(s) 'example_dynamic_task_mapping_with_no_taskflow_operators' retrieved from /home/airflow/.local/lib/python3.12/site-packages/airflow/example_dags/example_dynamic_task_mapping_with_no_taskflow_operators.py
[2026-08-12T04:58:35.029+0000] {logging_mixin.py:190} INFO - [2026-08-12T04:58:35.028+0000] {dag.py:3211} INFO - Sync 1 DAGs
[2026-08-12T04:58:35.055+0000] {logging_mixin.py:190} INFO - [2026-08-12T04:58:35.054+0000] {dag.py:4138} INFO - Setting next_dagrun for example_dynamic_task_mapping_with_no_taskflow_operators to 2026-08-11 00:00:00+00:00, run_after=2026-08-12 00:00:00+00:00
[2026-08-12T04:58:35.076+0000] {processor.py:208} INFO - Processing /home/airflow/.local/lib/python3.12/site-packages/airflow/example_dags/example_dynamic_task_mapping_with_no_taskflow_operators.py took 0.111 seconds
[2026-08-12T04:59:06.256+0000] {processor.py:186} INFO - Started process (PID=3285) to work on /home/airflow/.local/lib/python3.12/site-packages/airflow/example_dags/example_dynamic_task_mapping_with_no_taskflow_operators.py
[2026-08-12T04:59:06.258+0000] {processor.py:914} INFO - Processing file /home/airflow/.local/lib/python3.12/site-packages/airflow/example_dags/example_dynamic_task_mapping_with_no_taskflow_operators.py for tasks to queue
[2026-08-12T04:59:06.263+0000] {logging_mixin.py:190} INFO - [2026-08-12T04:59:06.262+0000] {dagbag.py:587} INFO - Filling up the DagBag from /home/airflow/.local/lib/python3.12/site-packages/airflow/example_dags/example_dynamic_task_mapping_with_no_taskflow_operators.py
[2026-08-12T04:59:06.275+0000] {processor.py:925} INFO - DAG(s) 'example_dynamic_task_mapping_with_no_taskflow_operators' retrieved from /home/airflow/.local/lib/python3.12/site-packages/airflow/example_dags/example_dynamic_task_mapping_with_no_taskflow_operators.py
[2026-08-12T04:59:06.298+0000] {logging_mixin.py:190} INFO - [2026-08-12T04:59:06.297+0000] {dag.py:3211} INFO - Sync 1 DAGs
[2026-08-12T04:59:06.323+0000] {logging_mixin.py:190} INFO - [2026-08-12T04:59:06.323+0000] {dag.py:4138} INFO - Setting next_dagrun for example_dynamic_task_mapping_with_no_taskflow_operators to 2026-08-11 00:00:00+00:00, run_after=2026-08-12 00:00:00+00:00
[2026-08-12T04:59:06.345+0000] {processor.py:208} INFO - Processing /home/airflow/.local/lib/python3.12/site-packages/airflow/example_dags/example_dynamic_task_mapping_with_no_taskflow_operators.py took 0.096 seconds
[2026-08-12T04:59:37.079+0000] {processor.py:186} INFO - Started process (PID=3348) to work on /home/airflow/.local/lib/python3.12/site-packages/airflow/example_dags/example_dynamic_task_mapping_with_no_taskflow_operators.py
[2026-08-12T04:59:37.082+0000] {processor.py:914} INFO - Processing file /home/airflow/.local/lib/python3.12/site-packages/airflow/example_dags/example_dynamic_task_mapping_with_no_taskflow_operators.py for tasks to queue
[2026-08-12T04:59:37.085+0000] {logging_mixin.py:190} INFO - [2026-08-12T04:59:37.085+0000] {dagbag.py:587} INFO - Filling up the DagBag from /home/airflow/.local/lib/python3.12/site-packages/airflow/example_dags/example_dynamic_task_mapping_with_no_taskflow_operators.py
[2026-08-12T04:59:37.095+0000] {processor.py:925} INFO - DAG(s) 'example_dynamic_task_mapping_with_no_taskflow_operators' retrieved from /home/airflow/.local/lib/python3.12/site-packages/airflow/example_dags/example_dynamic_task_mapping_with_no_taskflow_operators.py
[2026-08-12T04:59:37.117+0000] {logging_mixin.py:190} INFO - [2026-08-12T04:59:37.117+0000] {dag.py:3211} INFO - Sync 1 DAGs
[2026-08-12T04:59:37.141+0000] {logging_mixin.py:190} INFO - [2026-08-12T04:59:37.141+0000] {dag.py:4138} INFO - Setting next_dagrun for example_dynamic_task_mapping_with_no_taskflow_operators to 2026-08-11 00:00:00+00:00, run_after=2026-08-12 00:00:00+00:00
[2026-08-12T04:59:37.167+0000] {processor.py:208} INFO - Processing /home/airflow/.local/lib/python3.12/site-packages/airflow/example_dags/example_dynamic_task_mapping_with_no_taskflow_operators.py took 0.094 seconds
[2026-08-12T05:00:07.840+0000] {processor.py:186} INFO - Started process (PID=3411) to work on /home/airflow/.local/lib/python3.12/site-packages/airflow/example_dags/example_dynamic_task_mapping_with_no_taskflow_operators.py
[2026-08-12T05:00:07.844+0000] {processor.py:914} INFO - Processing file /home/airflow/.local/lib/python3.12/site-packages/airflow/example_dags/example_dynamic_task_mapping_with_no_taskflow_operators.py for tasks to queue
[2026-08-12T05:00:07.849+0000] {logging_mixin.py:190} INFO - [2026-08-12T05:00:07.848+0000] {dagbag.py:587} INFO - Filling up the DagBag from /home/airflow/.local/lib/python3.12/site-packages/airflow/example_dags/example_dynamic_task_mapping_with_no_taskflow_operators.py
[2026-08-12T05:00:07.862+0000] {processor.py:925} INFO - DAG(s) 'example_dynamic_task_mapping_with_no_taskflow_operators' retrieved from /home/airflow/.local/lib/python3.12/site-packages/airflow/example_dags/example_dynamic_task_mapping_with_no_taskflow_operators.py
[2026-08-12T05:00:07.883+0000] {logging_mixin.py:190} INFO - [2026-08-12T05:00:07.883+0000] {dag.py:3211} INFO - Sync 1 DAGs
[2026-08-12T05:00:07.909+0000] {logging_mixin.py:190} INFO - [2026-08-12T05:00:07.909+0000] {dag.py:4138} INFO - Setting next_dagrun for example_dynamic_task_mapping_with_no_taskflow_operators to 2026-08-11 00:00:00+00:00, run_after=2026-08-12 00:00:00+00:00
[2026-08-12T05:00:07.934+0000] {processor.py:208} INFO - Processing /home/airflow/.local/lib/python3.12/site-packages/airflow/example_dags/example_dynamic_task_mapping_with_no_taskflow_operators.py took 0.108 seconds
[2026-08-12T05:00:38.080+0000] {processor.py:186} INFO - Started process (PID=3474) to work on /home/airflow/.local/lib/python3.12/site-packages/airflow/example_dags/example_dynamic_task_mapping_with_no_taskflow_operators.py
[2026-08-12T05:00:38.083+0000] {processor.py:914} INFO - Processing file /home/airflow/.local/lib/python3.12/site-packages/airflow/example_dags/example_dynamic_task_mapping_with_no_taskflow_operators.py for tasks to queue
[2026-08-12T05:00:38.086+0000] {logging_mixin.py:190} INFO - [2026-08-12T05:00:38.086+0000] {dagbag.py:587} INFO - Filling up the DagBag from /home/airflow/.local/lib/python3.12/site-packages/airflow/example_dags/example_dynamic_task_mapping_with_no_taskflow_operators.py
[2026-08-12T05:00:38.097+0000] {processor.py:925} INFO - DAG(s) 'example_dynamic_task_mapping_with_no_taskflow_operators' retrieved from /home/airflow/.local/lib/python3.12/site-packages/airflow/example_dags/example_dynamic_task_mapping_with_no_taskflow_operators.py
[2026-08-12T05:00:38.118+0000] {logging_mixin.py:190} INFO - [2026-08-12T05:00:38.117+0000] {dag.py:3211} INFO - Sync 1 DAGs
[2026-08-12T05:00:38.142+0000] {logging_mixin.py:190} INFO - [2026-08-12T05:00:38.141+0000] {dag.py:4138} INFO - Setting next_dagrun for example_dynamic_task_mapping_with_no_taskflow_operators to 2026-08-11 00:00:00+00:00, run_after=2026-08-12 00:00:00+00:00
[2026-08-12T05:00:38.164+0000] {processor.py:208} INFO - Processing /home/airflow/.local/lib/python3.12/site-packages/airflow/example_dags/example_dynamic_task_mapping_with_no_taskflow_operators.py took 0.089 seconds
[2026-08-12T05:01:08.956+0000] {processor.py:186} INFO - Started process (PID=3537) to work on /home/airflow/.local/lib/python3.12/site-packages/airflow/example_dags/example_dynamic_task_mapping_with_no_taskflow_operators.py
[2026-08-12T05:01:08.960+0000] {processor.py:914} INFO - Processing file /home/airflow/.local/lib/python3.12/site-packages/airflow/example_dags/example_dynamic_task_mapping_with_no_taskflow_operators.py for tasks to queue
[2026-08-12T05:01:08.968+0000] {logging_mixin.py:190} INFO - [2026-08-12T05:01:08.967+0000] {dagbag.py:587} INFO - Filling up the DagBag from /home/airflow/.local/lib/python3.12/site-packages/airflow/example_dags/example_dynamic_task_mapping_with_no_taskflow_operators.py
[2026-08-12T05:01:08.986+0000] {processor.py:925} INFO - DAG(s) 'example_dynamic_task_mapping_with_no_taskflow_operators' retrieved from /home/airflow/.local/lib/python3.12/site-packages/airflow/example_dags/example_dynamic_task_mapping_with_no_taskflow_operators.py
[2026-08-12T05:01:09.022+0000] {logging_mixin.py:190} INFO - [2026-08-12T05:01:09.022+0000] {dag.py:3211} INFO - Sync 1 DAGs
[2026-08-12T05:01:09.058+0000] {logging_mixin.py:190} INFO - [2026-08-12T05:01:09.058+0000] {dag.py:4138} INFO - Setting next_dagrun for example_dynamic_task_mapping_with_no_taskflow_operators to 2026-08-11 00:00:00+00:00, run_after=2026-08-12 00:00:00+00:00
[2026-08-12T05:01:09.092+0000] {processor.py:208} INFO - Processing /home/airflow/.local/lib/python3.12/site-packages/airflow/example_dags/example_dynamic_task_mapping_with_no_taskflow_operators.py took 0.149 seconds
[2026-08-12T05:01:39.837+0000] {processor.py:186} INFO - Started process (PID=3600) to work on /home/airflow/.local/lib/python3.12/site-packages/airflow/example_dags/example_dynamic_task_mapping_with_no_taskflow_operators.py
[2026-08-12T05:01:39.840+0000] {processor.py:914} INFO - Processing file /home/airflow/.local/lib/python3.12/site-packages/airflow/example_dags/example_dynamic_task_mapping_with_no_taskflow_operators.py for tasks to queue
[2026-08-12T05:01:39.847+0000] {logging_mixin.py:190} INFO - [2026-08-12T05:01:39.846+0000] {dagbag.py:587} INFO - Filling up the DagBag from /home/airflow/.local/lib/python3.12/site-packages/airflow/example_dags/example_dynamic_task_mapping_with_no_taskflow_operators.py
[2026-08-12T05:01:39.862+0000] {processor.py:925} INFO - DAG(s) 'example_dynamic_task_mapping_with_no_taskflow_operators' retrieved from /home/airflow/.local/lib/python3.12/site-packages/airflow/example_dags/example_dynamic_task_mapping_with_no_taskflow_operators.py
[2026-08-12T05:01:39.895+0000] {logging_mixin.py:190} INFO - [2026-08-12T05:01:39.894+0000] {dag.py:3211} INFO - Sync 1 DAGs
[2026-08-12T05:01:39.931+0000] {logging_mixin.py:190} INFO - [2026-08-12T05:01:39.930+0000] {dag.py:4138} INFO - Setting next_dagrun for example_dynamic_task_mapping_with_no_taskflow_operators to 2026-08-11 00:00:00+00:00, run_after=2026-08-12 00:00:00+00:00
[2026-08-12T05:01:39.964+0000] {processor.py:208} INFO - Processing /home/airflow/.local/lib/python3.12/site-packages/airflow/example_dags/example_dynamic_task_mapping_with_no_taskflow_operators.py took 0.136 seconds
[2026-08-12T05:02:10.490+0000] {processor.py:186} INFO - Started process (PID=3664) to work on /home/airflow/.local/lib/python3.12/site-packages/airflow/example_dags/example_dynamic_task_mapping_with_no_taskflow_operators.py
[2026-08-12T05:02:10.492+0000] {processor.py:914} INFO - Processing file /home/airflow/.local/lib/python3.12/site-packages/airflow/example_dags/example_dynamic_task_mapping_with_no_taskflow_operators.py for tasks to queue
[2026-08-12T05:02:10.497+0000] {logging_mixin.py:190} INFO - [2026-08-12T05:02:10.496+0000] {dagbag.py:587} INFO - Filling up the DagBag from /home/airflow/.local/lib/python3.12/site-packages/airflow/example_dags/example_dynamic_task_mapping_with_no_taskflow_operators.py
[2026-08-12T05:02:10.509+0000] {processor.py:925} INFO - DAG(s) 'example_dynamic_task_mapping_with_no_taskflow_operators' retrieved from /home/airflow/.local/lib/python3.12/site-packages/airflow/example_dags/example_dynamic_task_mapping_with_no_taskflow_operators.py
[2026-08-12T05:02:10.534+0000] {logging_mixin.py:190} INFO - [2026-08-12T05:02:10.534+0000] {dag.py:3211} INFO - Sync 1 DAGs
[2026-08-12T05:02:10.562+0000] {logging_mixin.py:190} INFO - [2026-08-12T05:02:10.562+0000] {dag.py:4138} INFO - Setting next_dagrun for example_dynamic_task_mapping_with_no_taskflow_operators to 2026-08-11 00:00:00+00:00, run_after=2026-08-12 00:00:00+00:00
[2026-08-12T05:02:10.589+0000] {processor.py:208} INFO - Processing /home/airflow/.local/lib/python3.12/site-packages/airflow/example_dags/example_dynamic_task_mapping_with_no_taskflow_operators.py took 0.106 seconds
[2026-08-12T05:02:41.531+0000] {processor.py:186} INFO - Started process (PID=3727) to work on /home/airflow/.local/lib/python3.12/site-packages/airflow/example_dags/example_dynamic_task_mapping_with_no_taskflow_operators.py
[2026-08-12T05:02:41.534+0000] {processor.py:914} INFO - Processing file /home/airflow/.local/lib/python3.12/site-packages/airflow/example_dags/example_dynamic_task_mapping_with_no_taskflow_operators.py for tasks to queue
[2026-08-12T05:02:41.542+0000] {logging_mixin.py:190} INFO - [2026-08-12T05:02:41.541+0000] {dagbag.py:587} INFO - Filling up the DagBag from /home/airflow/.local/lib/python3.12/site-packages/airflow/example_dags/example_dynamic_task_mapping_with_no_taskflow_operators.py
[2026-08-12T05:02:41.558+0000] {processor.py:925} INFO - DAG(s) 'example_dynamic_task_mapping_with_no_taskflow_operators' retrieved from /home/airflow/.local/lib/python3.12/site-packages/airflow/example_dags/example_dynamic_task_mapping_with_no_taskflow_operators.py
[2026-08-12T05:02:41.598+0000] {logging_mixin.py:190} INFO - [2026-08-12T05:02:41.598+0000] {dag.py:3211} INFO - Sync 1 DAGs
[2026-08-12T05:02:41.642+0000] {logging_mixin.py:190} INFO - [2026-08-12T05:02:41.641+0000] {dag.py:4138} INFO - Setting next_dagrun for example_dynamic_task_mapping_with_no_taskflow_operators to 2026-08-11 00:00:00+00:00, run_after=2026-08-12 00:00:00+00:00
[2026-08-12T05:02:41.701+0000] {processor.py:208} INFO - Processing /home/airflow/.local/lib/python3.12/site-packages/airflow/example_dags/example_dynamic_task_mapping_with_no_taskflow_operators.py took 0.179 seconds
[2026-08-12T05:03:12.210+0000] {processor.py:186} INFO - Started process (PID=3789) to work on /home/airflow/.local/lib/python3.12/site-packages/airflow/example_dags/example_dynamic_task_mapping_with_no_taskflow_operators.py
[2026-08-12T05:03:12.213+0000] {processor.py:914} INFO - Processing file /home/airflow/.local/lib/python3.12/site-packages/airflow/example_dags/example_dynamic_task_mapping_with_no_taskflow_operators.py for tasks to queue
[2026-08-12T05:03:12.218+0000] {logging_mixin.py:190} INFO - [2026-08-12T05:03:12.218+0000] {dagbag.py:587} INFO - Filling up the DagBag from /home/airflow/.local/lib/python3.12/site-packages/airflow/example_dags/example_dynamic_task_mapping_with_no_taskflow_operators.py
[2026-08-12T05:03:12.230+0000] {processor.py:925} INFO - DAG(s) 'example_dynamic_task_mapping_with_no_taskflow_operators' retrieved from /home/airflow/.local/lib/python3.12/site-packages/airflow/example_dags/example_dynamic_task_mapping_with_no_taskflow_operators.py
[2026-08-12T05:03:12.258+0000] {logging_mixin.py:190} INFO - [2026-08-12T05:03:12.258+0000] {dag.py:3211} INFO - Sync 1 DAGs
[2026-08-12T05:03:12.286+0000] {logging_mixin.py:190} INFO - [2026-08-12T05:03:12.286+0000] {dag.py:4138} INFO - Setting next_dagrun for example_dynamic_task_mapping_with_no_taskflow_operators to 2026-08-11 00:00:00+00:00, run_after=2026-08-12 00:00:00+00:00
[2026-08-12T05:03:12.317+0000] {processor.py:208} INFO - Processing /home/airflow/.local/lib/python3.12/site-packages/airflow/example_dags/example_dynamic_task_mapping_with_no_taskflow_operators.py took 0.115 seconds
[2026-08-12T05:03:43.441+0000] {processor.py:186} INFO - Started process (PID=3852) to work on /home/airflow/.local/lib/python3.12/site-packages/airflow/example_dags/example_dynamic_task_mapping_with_no_taskflow_operators.py
[2026-08-12T05:03:43.443+0000] {processor.py:914} INFO - Processing file /home/airflow/.local/lib/python3.12/site-packages/airflow/example_dags/example_dynamic_task_mapping_with_no_taskflow_operators.py for tasks to queue
[2026-08-12T05:03:43.450+0000] {logging_mixin.py:190} INFO - [2026-08-12T05:03:43.449+0000] {dagbag.py:587} INFO - Filling up the DagBag from /home/airflow/.local/lib/python3.12/site-packages/airflow/example_dags/example_dynamic_task_mapping_with_no_taskflow_operators.py
[2026-08-12T05:03:43.467+0000] {processor.py:925} INFO - DAG(s) 'example_dynamic_task_mapping_with_no_taskflow_operators' retrieved from /home/airflow/.local/lib/python3.12/site-packages/airflow/example_dags/example_dynamic_task_mapping_with_no_taskflow_operators.py
[2026-08-12T05:03:43.500+0000] {logging_mixin.py:190} INFO - [2026-08-12T05:03:43.499+0000] {dag.py:3211} INFO - Sync 1 DAGs
[2026-08-12T05:03:43.768+0000] {logging_mixin.py:190} INFO - [2026-08-12T05:03:43.767+0000] {dag.py:4138} INFO - Setting next_dagrun for example_dynamic_task_mapping_with_no_taskflow_operators to 2026-08-11 00:00:00+00:00, run_after=2026-08-12 00:00:00+00:00
[2026-08-12T05:03:43.801+0000] {processor.py:208} INFO - Processing /home/airflow/.local/lib/python3.12/site-packages/airflow/example_dags/example_dynamic_task_mapping_with_no_taskflow_operators.py took 0.369 seconds
[2026-08-12T05:04:13.896+0000] {processor.py:186} INFO - Started process (PID=3915) to work on /home/airflow/.local/lib/python3.12/site-packages/airflow/example_dags/example_dynamic_task_mapping_with_no_taskflow_operators.py
[2026-08-12T05:04:13.898+0000] {processor.py:914} INFO - Processing file /home/airflow/.local/lib/python3.12/site-packages/airflow/example_dags/example_dynamic_task_mapping_with_no_taskflow_operators.py for tasks to queue
[2026-08-12T05:04:13.902+0000] {logging_mixin.py:190} INFO - [2026-08-12T05:04:13.901+0000] {dagbag.py:587} INFO - Filling up the DagBag from /home/airflow/.local/lib/python3.12/site-packages/airflow/example_dags/example_dynamic_task_mapping_with_no_taskflow_operators.py
[2026-08-12T05:04:13.915+0000] {processor.py:925} INFO - DAG(s) 'example_dynamic_task_mapping_with_no_taskflow_operators' retrieved from /home/airflow/.local/lib/python3.12/site-packages/airflow/example_dags/example_dynamic_task_mapping_with_no_taskflow_operators.py
[2026-08-12T05:04:13.941+0000] {logging_mixin.py:190} INFO - [2026-08-12T05:04:13.940+0000] {dag.py:3211} INFO - Sync 1 DAGs
[2026-08-12T05:04:14.166+0000] {logging_mixin.py:190} INFO - [2026-08-12T05:04:14.166+0000] {dag.py:4138} INFO - Setting next_dagrun for example_dynamic_task_mapping_with_no_taskflow_operators to 2026-08-11 00:00:00+00:00, run_after=2026-08-12 00:00:00+00:00
[2026-08-12T05:04:14.195+0000] {processor.py:208} INFO - Processing /home/airflow/.local/lib/python3.12/site-packages/airflow/example_dags/example_dynamic_task_mapping_with_no_taskflow_operators.py took 0.304 seconds
[2026-08-12T05:04:44.885+0000] {processor.py:186} INFO - Started process (PID=3978) to work on /home/airflow/.local/lib/python3.12/site-packages/airflow/example_dags/example_dynamic_task_mapping_with_no_taskflow_operators.py
[2026-08-12T05:04:44.888+0000] {processor.py:914} INFO - Processing file /home/airflow/.local/lib/python3.12/site-packages/airflow/example_dags/example_dynamic_task_mapping_with_no_taskflow_operators.py for tasks to queue
[2026-08-12T05:04:44.895+0000] {logging_mixin.py:190} INFO - [2026-08-12T05:04:44.894+0000] {dagbag.py:587} INFO - Filling up the DagBag from /home/airflow/.local/lib/python3.12/site-packages/airflow/example_dags/example_dynamic_task_mapping_with_no_taskflow_operators.py
[2026-08-12T05:04:44.909+0000] {processor.py:925} INFO - DAG(s) 'example_dynamic_task_mapping_with_no_taskflow_operators' retrieved from /home/airflow/.local/lib/python3.12/site-packages/airflow/example_dags/example_dynamic_task_mapping_with_no_taskflow_operators.py
[2026-08-12T05:04:44.938+0000] {logging_mixin.py:190} INFO - [2026-08-12T05:04:44.938+0000] {dag.py:3211} INFO - Sync 1 DAGs
[2026-08-12T05:04:44.974+0000] {logging_mixin.py:190} INFO - [2026-08-12T05:04:44.973+0000] {dag.py:4138} INFO - Setting next_dagrun for example_dynamic_task_mapping_with_no_taskflow_operators to 2026-08-11 00:00:00+00:00, run_after=2026-08-12 00:00:00+00:00
[2026-08-12T05:04:45.254+0000] {processor.py:208} INFO - Processing /home/airflow/.local/lib/python3.12/site-packages/airflow/example_dags/example_dynamic_task_mapping_with_no_taskflow_operators.py took 0.379 seconds
[2026-08-12T05:05:16.473+0000] {processor.py:186} INFO - Started process (PID=4042) to work on /home/airflow/.local/lib/python3.12/site-packages/airflow/example_dags/example_dynamic_task_mapping_with_no_taskflow_operators.py
[2026-08-12T05:05:16.476+0000] {processor.py:914} INFO - Processing file /home/airflow/.local/lib/python3.12/site-packages/airflow/example_dags/example_dynamic_task_mapping_with_no_taskflow_operators.py for tasks to queue
[2026-08-12T05:05:16.482+0000] {logging_mixin.py:190} INFO - [2026-08-12T05:05:16.481+0000] {dagbag.py:587} INFO - Filling up the DagBag from /home/airflow/.local/lib/python3.12/site-packages/airflow/example_dags/example_dynamic_task_mapping_with_no_taskflow_operators.py
[2026-08-12T05:05:16.503+0000] {processor.py:925} INFO - DAG(s) 'example_dynamic_task_mapping_with_no_taskflow_operators' retrieved from /home/airflow/.local/lib/python3.12/site-packages/airflow/example_dags/example_dynamic_task_mapping_with_no_taskflow_operators.py
[2026-08-12T05:05:16.530+0000] {logging_mixin.py:190} INFO - [2026-08-12T05:05:16.530+0000] {dag.py:3211} INFO - Sync 1 DAGs
[2026-08-12T05:05:16.557+0000] {logging_mixin.py:190} INFO - [2026-08-12T05:05:16.557+0000] {dag.py:4138} INFO - Setting next_dagrun for example_dynamic_task_mapping_with_no_taskflow_operators to 2026-08-11 00:00:00+00:00, run_after=2026-08-12 00:00:00+00:00
[2026-08-12T05:05:16.586+0000] {processor.py:208} INFO - Processing /home/airflow/.local/lib/python3.12/site-packages/airflow/example_dags/example_dynamic_task_mapping_with_no_taskflow_operators.py took 0.121 seconds
[2026-08-12T05:05:47.152+0000] {processor.py:186} INFO - Started process (PID=4105) to work on /home/airflow/.local/lib/python3.12/site-packages/airflow/example_dags/example_dynamic_task_mapping_with_no_taskflow_operators.py
[2026-08-12T05:05:47.154+0000] {processor.py:914} INFO - Processing file /home/airflow/.local/lib/python3.12/site-packages/airflow/example_dags/example_dynamic_task_mapping_with_no_taskflow_operators.py for tasks to queue
[2026-08-12T05:05:47.159+0000] {logging_mixin.py:190} INFO - [2026-08-12T05:05:47.159+0000] {dagbag.py:587} INFO - Filling up the DagBag from /home/airflow/.local/lib/python3.12/site-packages/airflow/example_dags/example_dynamic_task_mapping_with_no_taskflow_operators.py
[2026-08-12T05:05:47.176+0000] {processor.py:925} INFO - DAG(s) 'example_dynamic_task_mapping_with_no_taskflow_operators' retrieved from /home/airflow/.local/lib/python3.12/site-packages/airflow/example_dags/example_dynamic_task_mapping_with_no_taskflow_operators.py
[2026-08-12T05:05:47.203+0000] {logging_mixin.py:190} INFO - [2026-08-12T05:05:47.203+0000] {dag.py:3211} INFO - Sync 1 DAGs
[2026-08-12T05:05:47.238+0000] {logging_mixin.py:190} INFO - [2026-08-12T05:05:47.237+0000] {dag.py:4138} INFO - Setting next_dagrun for example_dynamic_task_mapping_with_no_taskflow_operators to 2026-08-11 00:00:00+00:00, run_after=2026-08-12 00:00:00+00:00
[2026-08-12T05:05:47.261+0000] {processor.py:208} INFO - Processing /home/airflow/.local/lib/python3.12/site-packages/airflow/example_dags/example_dynamic_task_mapping_with_no_taskflow_operators.py took 0.116 seconds
[2026-08-12T05:06:17.554+0000] {processor.py:186} INFO - Started process (PID=4168) to work on /home/airflow/.local/lib/python3.12/site-packages/airflow/example_dags/example_dynamic_task_mapping_with_no_taskflow_operators.py
[2026-08-12T05:06:17.556+0000] {processor.py:914} INFO - Processing file /home/airflow/.local/lib/python3.12/site-packages/airflow/example_dags/example_dynamic_task_mapping_with_no_taskflow_operators.py for tasks to queue
[2026-08-12T05:06:17.562+0000] {logging_mixin.py:190} INFO - [2026-08-12T05:06:17.561+0000] {dagbag.py:587} INFO - Filling up the DagBag from /home/airflow/.local/lib/python3.12/site-packages/airflow/example_dags/example_dynamic_task_mapping_with_no_taskflow_operators.py
[2026-08-12T05:06:17.573+0000] {processor.py:925} INFO - DAG(s) 'example_dynamic_task_mapping_with_no_taskflow_operators' retrieved from /home/airflow/.local/lib/python3.12/site-packages/airflow/example_dags/example_dynamic_task_mapping_with_no_taskflow_operators.py
[2026-08-12T05:06:17.602+0000] {logging_mixin.py:190} INFO - [2026-08-12T05:06:17.601+0000] {dag.py:3211} INFO - Sync 1 DAGs
[2026-08-12T05:06:17.634+0000] {logging_mixin.py:190} INFO - [2026-08-12T05:06:17.634+0000] {dag.py:4138} INFO - Setting next_dagrun for example_dynamic_task_mapping_with_no_taskflow_operators to 2026-08-11 00:00:00+00:00, run_after=2026-08-12 00:00:00+00:00
[2026-08-12T05:06:17.665+0000] {processor.py:208} INFO - Processing /home/airflow/.local/lib/python3.12/site-packages/airflow/example_dags/example_dynamic_task_mapping_with_no_taskflow_operators.py took 0.120 seconds
[2026-08-12T05:06:48.013+0000] {processor.py:186} INFO - Started process (PID=4231) to work on /home/airflow/.local/lib/python3.12/site-packages/airflow/example_dags/example_dynamic_task_mapping_with_no_taskflow_operators.py
[2026-08-12T05:06:48.015+0000] {processor.py:914} INFO - Processing file /home/airflow/.local/lib/python3.12/site-packages/airflow/example_dags/example_dynamic_task_mapping_with_no_taskflow_operators.py for tasks to queue
[2026-08-12T05:06:48.019+0000] {logging_mixin.py:190} INFO - [2026-08-12T05:06:48.019+0000] {dagbag.py:587} INFO - Filling up the DagBag from /home/airflow/.local/lib/python3.12/site-packages/airflow/example_dags/example_dynamic_task_mapping_with_no_taskflow_operators.py
[2026-08-12T05:06:48.029+0000] {processor.py:925} INFO - DAG(s) 'example_dynamic_task_mapping_with_no_taskflow_operators' retrieved from /home/airflow/.local/lib/python3.12/site-packages/airflow/example_dags/example_dynamic_task_mapping_with_no_taskflow_operators.py
[2026-08-12T05:06:48.053+0000] {logging_mixin.py:190} INFO - [2026-08-12T05:06:48.052+0000] {dag.py:3211} INFO - Sync 1 DAGs
[2026-08-12T05:06:48.078+0000] {logging_mixin.py:190} INFO - [2026-08-12T05:06:48.077+0000] {dag.py:4138} INFO - Setting next_dagrun for example_dynamic_task_mapping_with_no_taskflow_operators to 2026-08-11 00:00:00+00:00, run_after=2026-08-12 00:00:00+00:00
[2026-08-12T05:06:48.107+0000] {processor.py:208} INFO - Processing /home/airflow/.local/lib/python3.12/site-packages/airflow/example_dags/example_dynamic_task_mapping_with_no_taskflow_operators.py took 0.100 seconds
[2026-08-12T05:07:18.738+0000] {processor.py:186} INFO - Started process (PID=4293) to work on /home/airflow/.local/lib/python3.12/site-packages/airflow/example_dags/example_dynamic_task_mapping_with_no_taskflow_operators.py
[2026-08-12T05:07:18.741+0000] {processor.py:914} INFO - Processing file /home/airflow/.local/lib/python3.12/site-packages/airflow/example_dags/example_dynamic_task_mapping_with_no_taskflow_operators.py for tasks to queue
[2026-08-12T05:07:18.745+0000] {logging_mixin.py:190} INFO - [2026-08-12T05:07:18.744+0000] {dagbag.py:587} INFO - Filling up the DagBag from /home/airflow/.local/lib/python3.12/site-packages/airflow/example_dags/example_dynamic_task_mapping_with_no_taskflow_operators.py
[2026-08-12T05:07:18.756+0000] {processor.py:925} INFO - DAG(s) 'example_dynamic_task_mapping_with_no_taskflow_operators' retrieved from /home/airflow/.local/lib/python3.12/site-packages/airflow/example_dags/example_dynamic_task_mapping_with_no_taskflow_operators.py
[2026-08-12T05:07:18.778+0000] {logging_mixin.py:190} INFO - [2026-08-12T05:07:18.778+0000] {dag.py:3211} INFO - Sync 1 DAGs
[2026-08-12T05:07:18.805+0000] {logging_mixin.py:190} INFO - [2026-08-12T05:07:18.805+0000] {dag.py:4138} INFO - Setting next_dagrun for example_dynamic_task_mapping_with_no_taskflow_operators to 2026-08-11 00:00:00+00:00, run_after=2026-08-12 00:00:00+00:00
[2026-08-12T05:07:18.828+0000] {processor.py:208} INFO - Processing /home/airflow/.local/lib/python3.12/site-packages/airflow/example_dags/example_dynamic_task_mapping_with_no_taskflow_operators.py took 0.097 seconds
[2026-08-12T05:07:49.442+0000] {processor.py:186} INFO - Started process (PID=4357) to work on /home/airflow/.local/lib/python3.12/site-packages/airflow/example_dags/example_dynamic_task_mapping_with_no_taskflow_operators.py
[2026-08-12T05:07:49.445+0000] {processor.py:914} INFO - Processing file /home/airflow/.local/lib/python3.12/site-packages/airflow/example_dags/example_dynamic_task_mapping_with_no_taskflow_operators.py for tasks to queue
[2026-08-12T05:07:49.450+0000] {logging_mixin.py:190} INFO - [2026-08-12T05:07:49.449+0000] {dagbag.py:587} INFO - Filling up the DagBag from /home/airflow/.local/lib/python3.12/site-packages/airflow/example_dags/example_dynamic_task_mapping_with_no_taskflow_operators.py
[2026-08-12T05:07:49.462+0000] {processor.py:925} INFO - DAG(s) 'example_dynamic_task_mapping_with_no_taskflow_operators' retrieved from /home/airflow/.local/lib/python3.12/site-packages/airflow/example_dags/example_dynamic_task_mapping_with_no_taskflow_operators.py
[2026-08-12T05:07:49.484+0000] {logging_mixin.py:190} INFO - [2026-08-12T05:07:49.484+0000] {dag.py:3211} INFO - Sync 1 DAGs
[2026-08-12T05:07:49.514+0000] {logging_mixin.py:190} INFO - [2026-08-12T05:07:49.514+0000] {dag.py:4138} INFO - Setting next_dagrun for example_dynamic_task_mapping_with_no_taskflow_operators to 2026-08-11 00:00:00+00:00, run_after=2026-08-12 00:00:00+00:00
[2026-08-12T05:07:49.536+0000] {processor.py:208} INFO - Processing /home/airflow/.local/lib/python3.12/site-packages/airflow/example_dags/example_dynamic_task_mapping_with_no_taskflow_operators.py took 0.103 seconds
[2026-08-12T05:08:19.875+0000] {processor.py:186} INFO - Started process (PID=4420) to work on /home/airflow/.local/lib/python3.12/site-packages/airflow/example_dags/example_dynamic_task_mapping_with_no_taskflow_operators.py
[2026-08-12T05:08:19.877+0000] {processor.py:914} INFO - Processing file /home/airflow/.local/lib/python3.12/site-packages/airflow/example_dags/example_dynamic_task_mapping_with_no_taskflow_operators.py for tasks to queue
[2026-08-12T05:08:19.882+0000] {logging_mixin.py:190} INFO - [2026-08-12T05:08:19.882+0000] {dagbag.py:587} INFO - Filling up the DagBag from /home/airflow/.local/lib/python3.12/site-packages/airflow/example_dags/example_dynamic_task_mapping_with_no_taskflow_operators.py
[2026-08-12T05:08:19.894+0000] {processor.py:925} INFO - DAG(s) 'example_dynamic_task_mapping_with_no_taskflow_operators' retrieved from /home/airflow/.local/lib/python3.12/site-packages/airflow/example_dags/example_dynamic_task_mapping_with_no_taskflow_operators.py
[2026-08-12T05:08:19.920+0000] {logging_mixin.py:190} INFO - [2026-08-12T05:08:19.920+0000] {dag.py:3211} INFO - Sync 1 DAGs
[2026-08-12T05:08:19.945+0000] {logging_mixin.py:190} INFO - [2026-08-12T05:08:19.944+0000] {dag.py:4138} INFO - Setting next_dagrun for example_dynamic_task_mapping_with_no_taskflow_operators to 2026-08-11 00:00:00+00:00, run_after=2026-08-12 00:00:00+00:00
[2026-08-12T05:08:19.970+0000] {processor.py:208} INFO - Processing /home/airflow/.local/lib/python3.12/site-packages/airflow/example_dags/example_dynamic_task_mapping_with_no_taskflow_operators.py took 0.104 seconds
[2026-08-12T05:08:50.269+0000] {processor.py:186} INFO - Started process (PID=4483) to work on /home/airflow/.local/lib/python3.12/site-packages/airflow/example_dags/example_dynamic_task_mapping_with_no_taskflow_operators.py
[2026-08-12T05:08:50.272+0000] {processor.py:914} INFO - Processing file /home/airflow/.local/lib/python3.12/site-packages/airflow/example_dags/example_dynamic_task_mapping_with_no_taskflow_operators.py for tasks to queue
[2026-08-12T05:08:50.277+0000] {logging_mixin.py:190} INFO - [2026-08-12T05:08:50.276+0000] {dagbag.py:587} INFO - Filling up the DagBag from /home/airflow/.local/lib/python3.12/site-packages/airflow/example_dags/example_dynamic_task_mapping_with_no_taskflow_operators.py
[2026-08-12T05:08:50.289+0000] {processor.py:925} INFO - DAG(s) 'example_dynamic_task_mapping_with_no_taskflow_operators' retrieved from /home/airflow/.local/lib/python3.12/site-packages/airflow/example_dags/example_dynamic_task_mapping_with_no_taskflow_operators.py
[2026-08-12T05:08:50.314+0000] {logging_mixin.py:190} INFO - [2026-08-12T05:08:50.314+0000] {dag.py:3211} INFO - Sync 1 DAGs
[2026-08-12T05:08:50.340+0000] {logging_mixin.py:190} INFO - [2026-08-12T05:08:50.339+0000] {dag.py:4138} INFO - Setting next_dagrun for example_dynamic_task_mapping_with_no_taskflow_operators to 2026-08-11 00:00:00+00:00, run_after=2026-08-12 00:00:00+00:00
[2026-08-12T05:08:50.361+0000] {processor.py:208} INFO - Processing /home/airflow/.local/lib/python3.12/site-packages/airflow/example_dags/example_dynamic_task_mapping_with_no_taskflow_operators.py took 0.099 seconds
[2026-08-12T05:09:20.659+0000] {processor.py:186} INFO - Started process (PID=4546) to work on /home/airflow/.local/lib/python3.12/site-packages/airflow/example_dags/example_dynamic_task_mapping_with_no_taskflow_operators.py
[2026-08-12T05:09:20.662+0000] {processor.py:914} INFO - Processing file /home/airflow/.local/lib/python3.12/site-packages/airflow/example_dags/example_dynamic_task_mapping_with_no_taskflow_operators.py for tasks to queue
[2026-08-12T05:09:20.667+0000] {logging_mixin.py:190} INFO - [2026-08-12T05:09:20.667+0000] {dagbag.py:587} INFO - Filling up the DagBag from /home/airflow/.local/lib/python3.12/site-packages/airflow/example_dags/example_dynamic_task_mapping_with_no_taskflow_operators.py
[2026-08-12T05:09:20.682+0000] {processor.py:925} INFO - DAG(s) 'example_dynamic_task_mapping_with_no_taskflow_operators' retrieved from /home/airflow/.local/lib/python3.12/site-packages/airflow/example_dags/example_dynamic_task_mapping_with_no_taskflow_operators.py
[2026-08-12T05:09:20.703+0000] {logging_mixin.py:190} INFO - [2026-08-12T05:09:20.702+0000] {dag.py:3211} INFO - Sync 1 DAGs
[2026-08-12T05:09:20.727+0000] {logging_mixin.py:190} INFO - [2026-08-12T05:09:20.726+0000] {dag.py:4138} INFO - Setting next_dagrun for example_dynamic_task_mapping_with_no_taskflow_operators to 2026-08-11 00:00:00+00:00, run_after=2026-08-12 00:00:00+00:00
[2026-08-12T05:09:20.747+0000] {processor.py:208} INFO - Processing /home/airflow/.local/lib/python3.12/site-packages/airflow/example_dags/example_dynamic_task_mapping_with_no_taskflow_operators.py took 0.097 seconds
[2026-08-12T05:09:50.998+0000] {processor.py:186} INFO - Started process (PID=4608) to work on /home/airflow/.local/lib/python3.12/site-packages/airflow/example_dags/example_dynamic_task_mapping_with_no_taskflow_operators.py
[2026-08-12T05:09:51.000+0000] {processor.py:914} INFO - Processing file /home/airflow/.local/lib/python3.12/site-packages/airflow/example_dags/example_dynamic_task_mapping_with_no_taskflow_operators.py for tasks to queue
[2026-08-12T05:09:51.004+0000] {logging_mixin.py:190} INFO - [2026-08-12T05:09:51.003+0000] {dagbag.py:587} INFO - Filling up the DagBag from /home/airflow/.local/lib/python3.12/site-packages/airflow/example_dags/example_dynamic_task_mapping_with_no_taskflow_operators.py
[2026-08-12T05:09:51.015+0000] {processor.py:925} INFO - DAG(s) 'example_dynamic_task_mapping_with_no_taskflow_operators' retrieved from /home/airflow/.local/lib/python3.12/site-packages/airflow/example_dags/example_dynamic_task_mapping_with_no_taskflow_operators.py
[2026-08-12T05:09:51.038+0000] {logging_mixin.py:190} INFO - [2026-08-12T05:09:51.037+0000] {dag.py:3211} INFO - Sync 1 DAGs
[2026-08-12T05:09:51.061+0000] {logging_mixin.py:190} INFO - [2026-08-12T05:09:51.061+0000] {dag.py:4138} INFO - Setting next_dagrun for example_dynamic_task_mapping_with_no_taskflow_operators to 2026-08-11 00:00:00+00:00, run_after=2026-08-12 00:00:00+00:00
[2026-08-12T05:09:51.083+0000] {processor.py:208} INFO - Processing /home/airflow/.local/lib/python3.12/site-packages/airflow/example_dags/example_dynamic_task_mapping_with_no_taskflow_operators.py took 0.091 seconds
[2026-08-12T05:10:21.311+0000] {processor.py:186} INFO - Started process (PID=4671) to work on /home/airflow/.local/lib/python3.12/site-packages/airflow/example_dags/example_dynamic_task_mapping_with_no_taskflow_operators.py
[2026-08-12T05:10:21.313+0000] {processor.py:914} INFO - Processing file /home/airflow/.local/lib/python3.12/site-packages/airflow/example_dags/example_dynamic_task_mapping_with_no_taskflow_operators.py for tasks to queue
[2026-08-12T05:10:21.317+0000] {logging_mixin.py:190} INFO - [2026-08-12T05:10:21.317+0000] {dagbag.py:587} INFO - Filling up the DagBag from /home/airflow/.local/lib/python3.12/site-packages/airflow/example_dags/example_dynamic_task_mapping_with_no_taskflow_operators.py
[2026-08-12T05:10:21.329+0000] {processor.py:925} INFO - DAG(s) 'example_dynamic_task_mapping_with_no_taskflow_operators' retrieved from /home/airflow/.local/lib/python3.12/site-packages/airflow/example_dags/example_dynamic_task_mapping_with_no_taskflow_operators.py
[2026-08-12T05:10:21.356+0000] {logging_mixin.py:190} INFO - [2026-08-12T05:10:21.355+0000] {dag.py:3211} INFO - Sync 1 DAGs
[2026-08-12T05:10:21.384+0000] {logging_mixin.py:190} INFO - [2026-08-12T05:10:21.383+0000] {dag.py:4138} INFO - Setting next_dagrun for example_dynamic_task_mapping_with_no_taskflow_operators to 2026-08-11 00:00:00+00:00, run_after=2026-08-12 00:00:00+00:00
[2026-08-12T05:10:21.406+0000] {processor.py:208} INFO - Processing /home/airflow/.local/lib/python3.12/site-packages/airflow/example_dags/example_dynamic_task_mapping_with_no_taskflow_operators.py took 0.101 seconds
[2026-08-12T05:10:52.359+0000] {processor.py:186} INFO - Started process (PID=4734) to work on /home/airflow/.local/lib/python3.12/site-packages/airflow/example_dags/example_dynamic_task_mapping_with_no_taskflow_operators.py
[2026-08-12T05:10:52.362+0000] {processor.py:914} INFO - Processing file /home/airflow/.local/lib/python3.12/site-packages/airflow/example_dags/example_dynamic_task_mapping_with_no_taskflow_operators.py for tasks to queue
[2026-08-12T05:10:52.367+0000] {logging_mixin.py:190} INFO - [2026-08-12T05:10:52.367+0000] {dagbag.py:587} INFO - Filling up the DagBag from /home/airflow/.local/lib/python3.12/site-packages/airflow/example_dags/example_dynamic_task_mapping_with_no_taskflow_operators.py
[2026-08-12T05:10:52.379+0000] {processor.py:925} INFO - DAG(s) 'example_dynamic_task_mapping_with_no_taskflow_operators' retrieved from /home/airflow/.local/lib/python3.12/site-packages/airflow/example_dags/example_dynamic_task_mapping_with_no_taskflow_operators.py
[2026-08-12T05:10:52.407+0000] {logging_mixin.py:190} INFO - [2026-08-12T05:10:52.407+0000] {dag.py:3211} INFO - Sync 1 DAGs
[2026-08-12T05:10:52.437+0000] {logging_mixin.py:190} INFO - [2026-08-12T05:10:52.437+0000] {dag.py:4138} INFO - Setting next_dagrun for example_dynamic_task_mapping_with_no_taskflow_operators to 2026-08-11 00:00:00+00:00, run_after=2026-08-12 00:00:00+00:00
[2026-08-12T05:10:52.464+0000] {processor.py:208} INFO - Processing /home/airflow/.local/lib/python3.12/site-packages/airflow/example_dags/example_dynamic_task_mapping_with_no_taskflow_operators.py took 0.111 seconds
[2026-08-12T05:11:22.930+0000] {processor.py:186} INFO - Started process (PID=4797) to work on /home/airflow/.local/lib/python3.12/site-packages/airflow/example_dags/example_dynamic_task_mapping_with_no_taskflow_operators.py
[2026-08-12T05:11:22.933+0000] {processor.py:914} INFO - Processing file /home/airflow/.local/lib/python3.12/site-packages/airflow/example_dags/example_dynamic_task_mapping_with_no_taskflow_operators.py for tasks to queue
[2026-08-12T05:11:22.938+0000] {logging_mixin.py:190} INFO - [2026-08-12T05:11:22.938+0000] {dagbag.py:587} INFO - Filling up the DagBag from /home/airflow/.local/lib/python3.12/site-packages/airflow/example_dags/example_dynamic_task_mapping_with_no_taskflow_operators.py
[2026-08-12T05:11:22.950+0000] {processor.py:925} INFO - DAG(s) 'example_dynamic_task_mapping_with_no_taskflow_operators' retrieved from /home/airflow/.local/lib/python3.12/site-packages/airflow/example_dags/example_dynamic_task_mapping_with_no_taskflow_operators.py
[2026-08-12T05:11:22.976+0000] {logging_mixin.py:190} INFO - [2026-08-12T05:11:22.976+0000] {dag.py:3211} INFO - Sync 1 DAGs
[2026-08-12T05:11:23.006+0000] {logging_mixin.py:190} INFO - [2026-08-12T05:11:23.006+0000] {dag.py:4138} INFO - Setting next_dagrun for example_dynamic_task_mapping_with_no_taskflow_operators to 2026-08-11 00:00:00+00:00, run_after=2026-08-12 00:00:00+00:00
[2026-08-12T05:11:23.032+0000] {processor.py:208} INFO - Processing /home/airflow/.local/lib/python3.12/site-packages/airflow/example_dags/example_dynamic_task_mapping_with_no_taskflow_operators.py took 0.108 seconds
[2026-08-12T05:11:53.869+0000] {processor.py:186} INFO - Started process (PID=4860) to work on /home/airflow/.local/lib/python3.12/site-packages/airflow/example_dags/example_dynamic_task_mapping_with_no_taskflow_operators.py
[2026-08-12T05:11:53.872+0000] {processor.py:914} INFO - Processing file /home/airflow/.local/lib/python3.12/site-packages/airflow/example_dags/example_dynamic_task_mapping_with_no_taskflow_operators.py for tasks to queue
[2026-08-12T05:11:53.876+0000] {logging_mixin.py:190} INFO - [2026-08-12T05:11:53.876+0000] {dagbag.py:587} INFO - Filling up the DagBag from /home/airflow/.local/lib/python3.12/site-packages/airflow/example_dags/example_dynamic_task_mapping_with_no_taskflow_operators.py
[2026-08-12T05:11:53.889+0000] {processor.py:925} INFO - DAG(s) 'example_dynamic_task_mapping_with_no_taskflow_operators' retrieved from /home/airflow/.local/lib/python3.12/site-packages/airflow/example_dags/example_dynamic_task_mapping_with_no_taskflow_operators.py
[2026-08-12T05:11:53.913+0000] {logging_mixin.py:190} INFO - [2026-08-12T05:11:53.913+0000] {dag.py:3211} INFO - Sync 1 DAGs
[2026-08-12T05:11:53.941+0000] {logging_mixin.py:190} INFO - [2026-08-12T05:11:53.940+0000] {dag.py:4138} INFO - Setting next_dagrun for example_dynamic_task_mapping_with_no_taskflow_operators to 2026-08-11 00:00:00+00:00, run_after=2026-08-12 00:00:00+00:00
[2026-08-12T05:11:53.981+0000] {processor.py:208} INFO - Processing /home/airflow/.local/lib/python3.12/site-packages/airflow/example_dags/example_dynamic_task_mapping_with_no_taskflow_operators.py took 0.118 seconds
[2026-08-12T05:12:24.340+0000] {processor.py:186} INFO - Started process (PID=4923) to work on /home/airflow/.local/lib/python3.12/site-packages/airflow/example_dags/example_dynamic_task_mapping_with_no_taskflow_operators.py
[2026-08-12T05:12:24.344+0000] {processor.py:914} INFO - Processing file /home/airflow/.local/lib/python3.12/site-packages/airflow/example_dags/example_dynamic_task_mapping_with_no_taskflow_operators.py for tasks to queue
[2026-08-12T05:12:24.353+0000] {logging_mixin.py:190} INFO - [2026-08-12T05:12:24.352+0000] {dagbag.py:587} INFO - Filling up the DagBag from /home/airflow/.local/lib/python3.12/site-packages/airflow/example_dags/example_dynamic_task_mapping_with_no_taskflow_operators.py
[2026-08-12T05:12:24.370+0000] {processor.py:925} INFO - DAG(s) 'example_dynamic_task_mapping_with_no_taskflow_operators' retrieved from /home/airflow/.local/lib/python3.12/site-packages/airflow/example_dags/example_dynamic_task_mapping_with_no_taskflow_operators.py
[2026-08-12T05:12:24.409+0000] {logging_mixin.py:190} INFO - [2026-08-12T05:12:24.408+0000] {dag.py:3211} INFO - Sync 1 DAGs
[2026-08-12T05:12:24.451+0000] {logging_mixin.py:190} INFO - [2026-08-12T05:12:24.451+0000] {dag.py:4138} INFO - Setting next_dagrun for example_dynamic_task_mapping_with_no_taskflow_operators to 2026-08-11 00:00:00+00:00, run_after=2026-08-12 00:00:00+00:00
[2026-08-12T05:12:24.477+0000] {processor.py:208} INFO - Processing /home/airflow/.local/lib/python3.12/site-packages/airflow/example_dags/example_dynamic_task_mapping_with_no_taskflow_operators.py took 0.149 seconds
[2026-08-12T05:12:55.574+0000] {processor.py:186} INFO - Started process (PID=4986) to work on /home/airflow/.local/lib/python3.12/site-packages/airflow/example_dags/example_dynamic_task_mapping_with_no_taskflow_operators.py
[2026-08-12T05:12:55.577+0000] {processor.py:914} INFO - Processing file /home/airflow/.local/lib/python3.12/site-packages/airflow/example_dags/example_dynamic_task_mapping_with_no_taskflow_operators.py for tasks to queue
[2026-08-12T05:12:55.584+0000] {logging_mixin.py:190} INFO - [2026-08-12T05:12:55.583+0000] {dagbag.py:587} INFO - Filling up the DagBag from /home/airflow/.local/lib/python3.12/site-packages/airflow/example_dags/example_dynamic_task_mapping_with_no_taskflow_operators.py
[2026-08-12T05:12:55.604+0000] {processor.py:925} INFO - DAG(s) 'example_dynamic_task_mapping_with_no_taskflow_operators' retrieved from /home/airflow/.local/lib/python3.12/site-packages/airflow/example_dags/example_dynamic_task_mapping_with_no_taskflow_operators.py
[2026-08-12T05:12:55.632+0000] {logging_mixin.py:190} INFO - [2026-08-12T05:12:55.632+0000] {dag.py:3211} INFO - Sync 1 DAGs
[2026-08-12T05:12:55.659+0000] {logging_mixin.py:190} INFO - [2026-08-12T05:12:55.659+0000] {dag.py:4138} INFO - Setting next_dagrun for example_dynamic_task_mapping_with_no_taskflow_operators to 2026-08-11 00:00:00+00:00, run_after=2026-08-12 00:00:00+00:00
[2026-08-12T05:12:55.690+0000] {processor.py:208} INFO - Processing /home/airflow/.local/lib/python3.12/site-packages/airflow/example_dags/example_dynamic_task_mapping_with_no_taskflow_operators.py took 0.125 seconds
[2026-08-12T05:13:26.084+0000] {processor.py:186} INFO - Started process (PID=5049) to work on /home/airflow/.local/lib/python3.12/site-packages/airflow/example_dags/example_dynamic_task_mapping_with_no_taskflow_operators.py
[2026-08-12T05:13:26.087+0000] {processor.py:914} INFO - Processing file /home/airflow/.local/lib/python3.12/site-packages/airflow/example_dags/example_dynamic_task_mapping_with_no_taskflow_operators.py for tasks to queue
[2026-08-12T05:13:26.091+0000] {logging_mixin.py:190} INFO - [2026-08-12T05:13:26.090+0000] {dagbag.py:587} INFO - Filling up the DagBag from /home/airflow/.local/lib/python3.12/site-packages/airflow/example_dags/example_dynamic_task_mapping_with_no_taskflow_operators.py
[2026-08-12T05:13:26.102+0000] {processor.py:925} INFO - DAG(s) 'example_dynamic_task_mapping_with_no_taskflow_operators' retrieved from /home/airflow/.local/lib/python3.12/site-packages/airflow/example_dags/example_dynamic_task_mapping_with_no_taskflow_operators.py
[2026-08-12T05:13:26.123+0000] {logging_mixin.py:190} INFO - [2026-08-12T05:13:26.123+0000] {dag.py:3211} INFO - Sync 1 DAGs
[2026-08-12T05:13:26.147+0000] {logging_mixin.py:190} INFO - [2026-08-12T05:13:26.147+0000] {dag.py:4138} INFO - Setting next_dagrun for example_dynamic_task_mapping_with_no_taskflow_operators to 2026-08-11 00:00:00+00:00, run_after=2026-08-12 00:00:00+00:00
[2026-08-12T05:13:26.168+0000] {processor.py:208} INFO - Processing /home/airflow/.local/lib/python3.12/site-packages/airflow/example_dags/example_dynamic_task_mapping_with_no_taskflow_operators.py took 0.089 seconds
[2026-08-12T05:13:57.304+0000] {processor.py:186} INFO - Started process (PID=5112) to work on /home/airflow/.local/lib/python3.12/site-packages/airflow/example_dags/example_dynamic_task_mapping_with_no_taskflow_operators.py
[2026-08-12T05:13:57.308+0000] {processor.py:914} INFO - Processing file /home/airflow/.local/lib/python3.12/site-packages/airflow/example_dags/example_dynamic_task_mapping_with_no_taskflow_operators.py for tasks to queue
[2026-08-12T05:13:57.320+0000] {logging_mixin.py:190} INFO - [2026-08-12T05:13:57.319+0000] {dagbag.py:587} INFO - Filling up the DagBag from /home/airflow/.local/lib/python3.12/site-packages/airflow/example_dags/example_dynamic_task_mapping_with_no_taskflow_operators.py
[2026-08-12T05:13:57.339+0000] {processor.py:925} INFO - DAG(s) 'example_dynamic_task_mapping_with_no_taskflow_operators' retrieved from /home/airflow/.local/lib/python3.12/site-packages/airflow/example_dags/example_dynamic_task_mapping_with_no_taskflow_operators.py
[2026-08-12T05:13:57.380+0000] {logging_mixin.py:190} INFO - [2026-08-12T05:13:57.379+0000] {dag.py:3211} INFO - Sync 1 DAGs
[2026-08-12T05:13:57.412+0000] {logging_mixin.py:190} INFO - [2026-08-12T05:13:57.411+0000] {dag.py:4138} INFO - Setting next_dagrun for example_dynamic_task_mapping_with_no_taskflow_operators to 2026-08-11 00:00:00+00:00, run_after=2026-08-12 00:00:00+00:00
[2026-08-12T05:13:57.447+0000] {processor.py:208} INFO - Processing /home/airflow/.local/lib/python3.12/site-packages/airflow/example_dags/example_dynamic_task_mapping_with_no_taskflow_operators.py took 0.154 seconds
[2026-08-12T05:14:27.721+0000] {processor.py:186} INFO - Started process (PID=5175) to work on /home/airflow/.local/lib/python3.12/site-packages/airflow/example_dags/example_dynamic_task_mapping_with_no_taskflow_operators.py
[2026-08-12T05:14:27.723+0000] {processor.py:914} INFO - Processing file /home/airflow/.local/lib/python3.12/site-packages/airflow/example_dags/example_dynamic_task_mapping_with_no_taskflow_operators.py for tasks to queue
[2026-08-12T05:14:27.727+0000] {logging_mixin.py:190} INFO - [2026-08-12T05:14:27.727+0000] {dagbag.py:587} INFO - Filling up the DagBag from /home/airflow/.local/lib/python3.12/site-packages/airflow/example_dags/example_dynamic_task_mapping_with_no_taskflow_operators.py
[2026-08-12T05:14:27.738+0000] {processor.py:925} INFO - DAG(s) 'example_dynamic_task_mapping_with_no_taskflow_operators' retrieved from /home/airflow/.local/lib/python3.12/site-packages/airflow/example_dags/example_dynamic_task_mapping_with_no_taskflow_operators.py
[2026-08-12T05:14:27.762+0000] {logging_mixin.py:190} INFO - [2026-08-12T05:14:27.761+0000] {dag.py:3211} INFO - Sync 1 DAGs
[2026-08-12T05:14:27.788+0000] {logging_mixin.py:190} INFO - [2026-08-12T05:14:27.787+0000] {dag.py:4138} INFO - Setting next_dagrun for example_dynamic_task_mapping_with_no_taskflow_operators to 2026-08-11 00:00:00+00:00, run_after=2026-08-12 00:00:00+00:00
[2026-08-12T05:14:27.815+0000] {processor.py:208} INFO - Processing /home/airflow/.local/lib/python3.12/site-packages/airflow/example_dags/example_dynamic_task_mapping_with_no_taskflow_operators.py took 0.100 seconds
[2026-08-12T05:14:58.903+0000] {processor.py:186} INFO - Started process (PID=5244) to work on /home/airflow/.local/lib/python3.12/site-packages/airflow/example_dags/example_dynamic_task_mapping_with_no_taskflow_operators.py
[2026-08-12T05:14:58.906+0000] {processor.py:914} INFO - Processing file /home/airflow/.local/lib/python3.12/site-packages/airflow/example_dags/example_dynamic_task_mapping_with_no_taskflow_operators.py for tasks to queue
[2026-08-12T05:14:58.910+0000] {logging_mixin.py:190} INFO - [2026-08-12T05:14:58.909+0000] {dagbag.py:587} INFO - Filling up the DagBag from /home/airflow/.local/lib/python3.12/site-packages/airflow/example_dags/example_dynamic_task_mapping_with_no_taskflow_operators.py
[2026-08-12T05:14:58.923+0000] {processor.py:925} INFO - DAG(s) 'example_dynamic_task_mapping_with_no_taskflow_operators' retrieved from /home/airflow/.local/lib/python3.12/site-packages/airflow/example_dags/example_dynamic_task_mapping_with_no_taskflow_operators.py
[2026-08-12T05:14:58.951+0000] {logging_mixin.py:190} INFO - [2026-08-12T05:14:58.951+0000] {dag.py:3211} INFO - Sync 1 DAGs
[2026-08-12T05:14:58.977+0000] {logging_mixin.py:190} INFO - [2026-08-12T05:14:58.977+0000] {dag.py:4138} INFO - Setting next_dagrun for example_dynamic_task_mapping_with_no_taskflow_operators to 2026-08-11 00:00:00+00:00, run_after=2026-08-12 00:00:00+00:00
[2026-08-12T05:14:58.999+0000] {processor.py:208} INFO - Processing /home/airflow/.local/lib/python3.12/site-packages/airflow/example_dags/example_dynamic_task_mapping_with_no_taskflow_operators.py took 0.103 seconds
[2026-08-12T05:15:29.333+0000] {processor.py:186} INFO - Started process (PID=5307) to work on /home/airflow/.local/lib/python3.12/site-packages/airflow/example_dags/example_dynamic_task_mapping_with_no_taskflow_operators.py
[2026-08-12T05:15:29.337+0000] {processor.py:914} INFO - Processing file /home/airflow/.local/lib/python3.12/site-packages/airflow/example_dags/example_dynamic_task_mapping_with_no_taskflow_operators.py for tasks to queue
[2026-08-12T05:15:29.342+0000] {logging_mixin.py:190} INFO - [2026-08-12T05:15:29.342+0000] {dagbag.py:587} INFO - Filling up the DagBag from /home/airflow/.local/lib/python3.12/site-packages/airflow/example_dags/example_dynamic_task_mapping_with_no_taskflow_operators.py
[2026-08-12T05:15:29.360+0000] {processor.py:925} INFO - DAG(s) 'example_dynamic_task_mapping_with_no_taskflow_operators' retrieved from /home/airflow/.local/lib/python3.12/site-packages/airflow/example_dags/example_dynamic_task_mapping_with_no_taskflow_operators.py
[2026-08-12T05:15:29.384+0000] {logging_mixin.py:190} INFO - [2026-08-12T05:15:29.384+0000] {dag.py:3211} INFO - Sync 1 DAGs
[2026-08-12T05:15:29.410+0000] {logging_mixin.py:190} INFO - [2026-08-12T05:15:29.410+0000] {dag.py:4138} INFO - Setting next_dagrun for example_dynamic_task_mapping_with_no_taskflow_operators to 2026-08-11 00:00:00+00:00, run_after=2026-08-12 00:00:00+00:00
[2026-08-12T05:15:29.431+0000] {processor.py:208} INFO - Processing /home/airflow/.local/lib/python3.12/site-packages/airflow/example_dags/example_dynamic_task_mapping_with_no_taskflow_operators.py took 0.107 seconds
[2026-08-12T05:16:00.010+0000] {processor.py:186} INFO - Started process (PID=5370) to work on /home/airflow/.local/lib/python3.12/site-packages/airflow/example_dags/example_dynamic_task_mapping_with_no_taskflow_operators.py
[2026-08-12T05:16:00.017+0000] {processor.py:914} INFO - Processing file /home/airflow/.local/lib/python3.12/site-packages/airflow/example_dags/example_dynamic_task_mapping_with_no_taskflow_operators.py for tasks to queue
[2026-08-12T05:16:00.031+0000] {logging_mixin.py:190} INFO - [2026-08-12T05:16:00.030+0000] {dagbag.py:587} INFO - Filling up the DagBag from /home/airflow/.local/lib/python3.12/site-packages/airflow/example_dags/example_dynamic_task_mapping_with_no_taskflow_operators.py
[2026-08-12T05:16:00.053+0000] {processor.py:925} INFO - DAG(s) 'example_dynamic_task_mapping_with_no_taskflow_operators' retrieved from /home/airflow/.local/lib/python3.12/site-packages/airflow/example_dags/example_dynamic_task_mapping_with_no_taskflow_operators.py
[2026-08-12T05:16:00.099+0000] {logging_mixin.py:190} INFO - [2026-08-12T05:16:00.098+0000] {dag.py:3211} INFO - Sync 1 DAGs
[2026-08-12T05:16:00.137+0000] {logging_mixin.py:190} INFO - [2026-08-12T05:16:00.136+0000] {dag.py:4138} INFO - Setting next_dagrun for example_dynamic_task_mapping_with_no_taskflow_operators to 2026-08-11 00:00:00+00:00, run_after=2026-08-12 00:00:00+00:00
[2026-08-12T05:16:00.166+0000] {processor.py:208} INFO - Processing /home/airflow/.local/lib/python3.12/site-packages/airflow/example_dags/example_dynamic_task_mapping_with_no_taskflow_operators.py took 0.178 seconds
[2026-08-12T05:16:30.528+0000] {processor.py:186} INFO - Started process (PID=5433) to work on /home/airflow/.local/lib/python3.12/site-packages/airflow/example_dags/example_dynamic_task_mapping_with_no_taskflow_operators.py
[2026-08-12T05:16:30.533+0000] {processor.py:914} INFO - Processing file /home/airflow/.local/lib/python3.12/site-packages/airflow/example_dags/example_dynamic_task_mapping_with_no_taskflow_operators.py for tasks to queue
[2026-08-12T05:16:30.538+0000] {logging_mixin.py:190} INFO - [2026-08-12T05:16:30.537+0000] {dagbag.py:587} INFO - Filling up the DagBag from /home/airflow/.local/lib/python3.12/site-packages/airflow/example_dags/example_dynamic_task_mapping_with_no_taskflow_operators.py
[2026-08-12T05:16:30.551+0000] {processor.py:925} INFO - DAG(s) 'example_dynamic_task_mapping_with_no_taskflow_operators' retrieved from /home/airflow/.local/lib/python3.12/site-packages/airflow/example_dags/example_dynamic_task_mapping_with_no_taskflow_operators.py
[2026-08-12T05:16:30.575+0000] {logging_mixin.py:190} INFO - [2026-08-12T05:16:30.575+0000] {dag.py:3211} INFO - Sync 1 DAGs
[2026-08-12T05:16:30.610+0000] {logging_mixin.py:190} INFO - [2026-08-12T05:16:30.610+0000] {dag.py:4138} INFO - Setting next_dagrun for example_dynamic_task_mapping_with_no_taskflow_operators to 2026-08-11 00:00:00+00:00, run_after=2026-08-12 00:00:00+00:00
[2026-08-12T05:16:30.636+0000] {processor.py:208} INFO - Processing /home/airflow/.local/lib/python3.12/site-packages/airflow/example_dags/example_dynamic_task_mapping_with_no_taskflow_operators.py took 0.116 seconds
[2026-08-12T05:17:01.056+0000] {processor.py:186} INFO - Started process (PID=5496) to work on /home/airflow/.local/lib/python3.12/site-packages/airflow/example_dags/example_dynamic_task_mapping_with_no_taskflow_operators.py
[2026-08-12T05:17:01.059+0000] {processor.py:914} INFO - Processing file /home/airflow/.local/lib/python3.12/site-packages/airflow/example_dags/example_dynamic_task_mapping_with_no_taskflow_operators.py for tasks to queue
[2026-08-12T05:17:01.062+0000] {logging_mixin.py:190} INFO - [2026-08-12T05:17:01.062+0000] {dagbag.py:587} INFO - Filling up the DagBag from /home/airflow/.local/lib/python3.12/site-packages/airflow/example_dags/example_dynamic_task_mapping_with_no_taskflow_operators.py
[2026-08-12T05:17:01.075+0000] {processor.py:925} INFO - DAG(s) 'example_dynamic_task_mapping_with_no_taskflow_operators' retrieved from /home/airflow/.local/lib/python3.12/site-packages/airflow/example_dags/example_dynamic_task_mapping_with_no_taskflow_operators.py
[2026-08-12T05:17:01.102+0000] {logging_mixin.py:190} INFO - [2026-08-12T05:17:01.101+0000] {dag.py:3211} INFO - Sync 1 DAGs
[2026-08-12T05:17:01.132+0000] {logging_mixin.py:190} INFO - [2026-08-12T05:17:01.132+0000] {dag.py:4138} INFO - Setting next_dagrun for example_dynamic_task_mapping_with_no_taskflow_operators to 2026-08-11 00:00:00+00:00, run_after=2026-08-12 00:00:00+00:00
[2026-08-12T05:17:01.162+0000] {processor.py:208} INFO - Processing /home/airflow/.local/lib/python3.12/site-packages/airflow/example_dags/example_dynamic_task_mapping_with_no_taskflow_operators.py took 0.113 seconds
[2026-08-12T05:17:31.603+0000] {processor.py:186} INFO - Started process (PID=5560) to work on /home/airflow/.local/lib/python3.12/site-packages/airflow/example_dags/example_dynamic_task_mapping_with_no_taskflow_operators.py
[2026-08-12T05:17:31.606+0000] {processor.py:914} INFO - Processing file /home/airflow/.local/lib/python3.12/site-packages/airflow/example_dags/example_dynamic_task_mapping_with_no_taskflow_operators.py for tasks to queue
[2026-08-12T05:17:31.613+0000] {logging_mixin.py:190} INFO - [2026-08-12T05:17:31.612+0000] {dagbag.py:587} INFO - Filling up the DagBag from /home/airflow/.local/lib/python3.12/site-packages/airflow/example_dags/example_dynamic_task_mapping_with_no_taskflow_operators.py
[2026-08-12T05:17:31.630+0000] {processor.py:925} INFO - DAG(s) 'example_dynamic_task_mapping_with_no_taskflow_operators' retrieved from /home/airflow/.local/lib/python3.12/site-packages/airflow/example_dags/example_dynamic_task_mapping_with_no_taskflow_operators.py
[2026-08-12T05:17:31.654+0000] {logging_mixin.py:190} INFO - [2026-08-12T05:17:31.654+0000] {dag.py:3211} INFO - Sync 1 DAGs
[2026-08-12T05:17:31.682+0000] {logging_mixin.py:190} INFO - [2026-08-12T05:17:31.682+0000] {dag.py:4138} INFO - Setting next_dagrun for example_dynamic_task_mapping_with_no_taskflow_operators to 2026-08-11 00:00:00+00:00, run_after=2026-08-12 00:00:00+00:00
[2026-08-12T05:17:31.704+0000] {processor.py:208} INFO - Processing /home/airflow/.local/lib/python3.12/site-packages/airflow/example_dags/example_dynamic_task_mapping_with_no_taskflow_operators.py took 0.113 seconds
[2026-08-12T05:18:01.951+0000] {processor.py:186} INFO - Started process (PID=5623) to work on /home/airflow/.local/lib/python3.12/site-packages/airflow/example_dags/example_dynamic_task_mapping_with_no_taskflow_operators.py
[2026-08-12T05:18:01.954+0000] {processor.py:914} INFO - Processing file /home/airflow/.local/lib/python3.12/site-packages/airflow/example_dags/example_dynamic_task_mapping_with_no_taskflow_operators.py for tasks to queue
[2026-08-12T05:18:01.958+0000] {logging_mixin.py:190} INFO - [2026-08-12T05:18:01.957+0000] {dagbag.py:587} INFO - Filling up the DagBag from /home/airflow/.local/lib/python3.12/site-packages/airflow/example_dags/example_dynamic_task_mapping_with_no_taskflow_operators.py
[2026-08-12T05:18:01.969+0000] {processor.py:925} INFO - DAG(s) 'example_dynamic_task_mapping_with_no_taskflow_operators' retrieved from /home/airflow/.local/lib/python3.12/site-packages/airflow/example_dags/example_dynamic_task_mapping_with_no_taskflow_operators.py
[2026-08-12T05:18:01.991+0000] {logging_mixin.py:190} INFO - [2026-08-12T05:18:01.991+0000] {dag.py:3211} INFO - Sync 1 DAGs
[2026-08-12T05:18:02.014+0000] {logging_mixin.py:190} INFO - [2026-08-12T05:18:02.014+0000] {dag.py:4138} INFO - Setting next_dagrun for example_dynamic_task_mapping_with_no_taskflow_operators to 2026-08-11 00:00:00+00:00, run_after=2026-08-12 00:00:00+00:00
[2026-08-12T05:18:02.039+0000] {processor.py:208} INFO - Processing /home/airflow/.local/lib/python3.12/site-packages/airflow/example_dags/example_dynamic_task_mapping_with_no_taskflow_operators.py took 0.094 seconds
[2026-08-12T05:18:32.349+0000] {processor.py:186} INFO - Started process (PID=5686) to work on /home/airflow/.local/lib/python3.12/site-packages/airflow/example_dags/example_dynamic_task_mapping_with_no_taskflow_operators.py
[2026-08-12T05:18:32.351+0000] {processor.py:914} INFO - Processing file /home/airflow/.local/lib/python3.12/site-packages/airflow/example_dags/example_dynamic_task_mapping_with_no_taskflow_operators.py for tasks to queue
[2026-08-12T05:18:32.356+0000] {logging_mixin.py:190} INFO - [2026-08-12T05:18:32.355+0000] {dagbag.py:587} INFO - Filling up the DagBag from /home/airflow/.local/lib/python3.12/site-packages/airflow/example_dags/example_dynamic_task_mapping_with_no_taskflow_operators.py
[2026-08-12T05:18:32.366+0000] {processor.py:925} INFO - DAG(s) 'example_dynamic_task_mapping_with_no_taskflow_operators' retrieved from /home/airflow/.local/lib/python3.12/site-packages/airflow/example_dags/example_dynamic_task_mapping_with_no_taskflow_operators.py
[2026-08-12T05:18:32.388+0000] {logging_mixin.py:190} INFO - [2026-08-12T05:18:32.387+0000] {dag.py:3211} INFO - Sync 1 DAGs
[2026-08-12T05:18:32.412+0000] {logging_mixin.py:190} INFO - [2026-08-12T05:18:32.412+0000] {dag.py:4138} INFO - Setting next_dagrun for example_dynamic_task_mapping_with_no_taskflow_operators to 2026-08-11 00:00:00+00:00, run_after=2026-08-12 00:00:00+00:00
[2026-08-12T05:18:32.433+0000] {processor.py:208} INFO - Processing /home/airflow/.local/lib/python3.12/site-packages/airflow/example_dags/example_dynamic_task_mapping_with_no_taskflow_operators.py took 0.090 seconds
[2026-08-12T05:19:02.650+0000] {processor.py:186} INFO - Started process (PID=5748) to work on /home/airflow/.local/lib/python3.12/site-packages/airflow/example_dags/example_dynamic_task_mapping_with_no_taskflow_operators.py
[2026-08-12T05:19:02.653+0000] {processor.py:914} INFO - Processing file /home/airflow/.local/lib/python3.12/site-packages/airflow/example_dags/example_dynamic_task_mapping_with_no_taskflow_operators.py for tasks to queue
[2026-08-12T05:19:02.656+0000] {logging_mixin.py:190} INFO - [2026-08-12T05:19:02.656+0000] {dagbag.py:587} INFO - Filling up the DagBag from /home/airflow/.local/lib/python3.12/site-packages/airflow/example_dags/example_dynamic_task_mapping_with_no_taskflow_operators.py
[2026-08-12T05:19:02.670+0000] {processor.py:925} INFO - DAG(s) 'example_dynamic_task_mapping_with_no_taskflow_operators' retrieved from /home/airflow/.local/lib/python3.12/site-packages/airflow/example_dags/example_dynamic_task_mapping_with_no_taskflow_operators.py
[2026-08-12T05:19:02.691+0000] {logging_mixin.py:190} INFO - [2026-08-12T05:19:02.691+0000] {dag.py:3211} INFO - Sync 1 DAGs
[2026-08-12T05:19:02.715+0000] {logging_mixin.py:190} INFO - [2026-08-12T05:19:02.715+0000] {dag.py:4138} INFO - Setting next_dagrun for example_dynamic_task_mapping_with_no_taskflow_operators to 2026-08-11 00:00:00+00:00, run_after=2026-08-12 00:00:00+00:00
[2026-08-12T05:19:02.739+0000] {processor.py:208} INFO - Processing /home/airflow/.local/lib/python3.12/site-packages/airflow/example_dags/example_dynamic_task_mapping_with_no_taskflow_operators.py took 0.097 seconds
[2026-08-12T05:19:34.009+0000] {processor.py:186} INFO - Started process (PID=5812) to work on /home/airflow/.local/lib/python3.12/site-packages/airflow/example_dags/example_dynamic_task_mapping_with_no_taskflow_operators.py
[2026-08-12T05:19:34.013+0000] {processor.py:914} INFO - Processing file /home/airflow/.local/lib/python3.12/site-packages/airflow/example_dags/example_dynamic_task_mapping_with_no_taskflow_operators.py for tasks to queue
[2026-08-12T05:19:34.021+0000] {logging_mixin.py:190} INFO - [2026-08-12T05:19:34.020+0000] {dagbag.py:587} INFO - Filling up the DagBag from /home/airflow/.local/lib/python3.12/site-packages/airflow/example_dags/example_dynamic_task_mapping_with_no_taskflow_operators.py
[2026-08-12T05:19:34.041+0000] {processor.py:925} INFO - DAG(s) 'example_dynamic_task_mapping_with_no_taskflow_operators' retrieved from /home/airflow/.local/lib/python3.12/site-packages/airflow/example_dags/example_dynamic_task_mapping_with_no_taskflow_operators.py
[2026-08-12T05:19:34.070+0000] {logging_mixin.py:190} INFO - [2026-08-12T05:19:34.069+0000] {dag.py:3211} INFO - Sync 1 DAGs
[2026-08-12T05:19:34.097+0000] {logging_mixin.py:190} INFO - [2026-08-12T05:19:34.097+0000] {dag.py:4138} INFO - Setting next_dagrun for example_dynamic_task_mapping_with_no_taskflow_operators to 2026-08-11 00:00:00+00:00, run_after=2026-08-12 00:00:00+00:00
[2026-08-12T05:19:34.128+0000] {processor.py:208} INFO - Processing /home/airflow/.local/lib/python3.12/site-packages/airflow/example_dags/example_dynamic_task_mapping_with_no_taskflow_operators.py took 0.132 seconds
[2026-08-12T05:20:04.600+0000] {processor.py:186} INFO - Started process (PID=5875) to work on /home/airflow/.local/lib/python3.12/site-packages/airflow/example_dags/example_dynamic_task_mapping_with_no_taskflow_operators.py
[2026-08-12T05:20:04.603+0000] {processor.py:914} INFO - Processing file /home/airflow/.local/lib/python3.12/site-packages/airflow/example_dags/example_dynamic_task_mapping_with_no_taskflow_operators.py for tasks to queue
[2026-08-12T05:20:04.607+0000] {logging_mixin.py:190} INFO - [2026-08-12T05:20:04.606+0000] {dagbag.py:587} INFO - Filling up the DagBag from /home/airflow/.local/lib/python3.12/site-packages/airflow/example_dags/example_dynamic_task_mapping_with_no_taskflow_operators.py
[2026-08-12T05:20:04.618+0000] {processor.py:925} INFO - DAG(s) 'example_dynamic_task_mapping_with_no_taskflow_operators' retrieved from /home/airflow/.local/lib/python3.12/site-packages/airflow/example_dags/example_dynamic_task_mapping_with_no_taskflow_operators.py
[2026-08-12T05:20:04.641+0000] {logging_mixin.py:190} INFO - [2026-08-12T05:20:04.641+0000] {dag.py:3211} INFO - Sync 1 DAGs
[2026-08-12T05:20:04.668+0000] {logging_mixin.py:190} INFO - [2026-08-12T05:20:04.667+0000] {dag.py:4138} INFO - Setting next_dagrun for example_dynamic_task_mapping_with_no_taskflow_operators to 2026-08-11 00:00:00+00:00, run_after=2026-08-12 00:00:00+00:00
[2026-08-12T05:20:04.689+0000] {processor.py:208} INFO - Processing /home/airflow/.local/lib/python3.12/site-packages/airflow/example_dags/example_dynamic_task_mapping_with_no_taskflow_operators.py took 0.096 seconds
[2026-08-12T05:20:35.168+0000] {processor.py:186} INFO - Started process (PID=5938) to work on /home/airflow/.local/lib/python3.12/site-packages/airflow/example_dags/example_dynamic_task_mapping_with_no_taskflow_operators.py
[2026-08-12T05:20:35.171+0000] {processor.py:914} INFO - Processing file /home/airflow/.local/lib/python3.12/site-packages/airflow/example_dags/example_dynamic_task_mapping_with_no_taskflow_operators.py for tasks to queue
[2026-08-12T05:20:35.174+0000] {logging_mixin.py:190} INFO - [2026-08-12T05:20:35.174+0000] {dagbag.py:587} INFO - Filling up the DagBag from /home/airflow/.local/lib/python3.12/site-packages/airflow/example_dags/example_dynamic_task_mapping_with_no_taskflow_operators.py
[2026-08-12T05:20:35.186+0000] {processor.py:925} INFO - DAG(s) 'example_dynamic_task_mapping_with_no_taskflow_operators' retrieved from /home/airflow/.local/lib/python3.12/site-packages/airflow/example_dags/example_dynamic_task_mapping_with_no_taskflow_operators.py
[2026-08-12T05:20:35.209+0000] {logging_mixin.py:190} INFO - [2026-08-12T05:20:35.208+0000] {dag.py:3211} INFO - Sync 1 DAGs
[2026-08-12T05:20:35.237+0000] {logging_mixin.py:190} INFO - [2026-08-12T05:20:35.237+0000] {dag.py:4138} INFO - Setting next_dagrun for example_dynamic_task_mapping_with_no_taskflow_operators to 2026-08-11 00:00:00+00:00, run_after=2026-08-12 00:00:00+00:00
[2026-08-12T05:20:35.258+0000] {processor.py:208} INFO - Processing /home/airflow/.local/lib/python3.12/site-packages/airflow/example_dags/example_dynamic_task_mapping_with_no_taskflow_operators.py took 0.096 seconds
[2026-08-12T05:21:06.321+0000] {processor.py:186} INFO - Started process (PID=6002) to work on /home/airflow/.local/lib/python3.12/site-packages/airflow/example_dags/example_dynamic_task_mapping_with_no_taskflow_operators.py
[2026-08-12T05:21:06.323+0000] {processor.py:914} INFO - Processing file /home/airflow/.local/lib/python3.12/site-packages/airflow/example_dags/example_dynamic_task_mapping_with_no_taskflow_operators.py for tasks to queue
[2026-08-12T05:21:06.326+0000] {logging_mixin.py:190} INFO - [2026-08-12T05:21:06.326+0000] {dagbag.py:587} INFO - Filling up the DagBag from /home/airflow/.local/lib/python3.12/site-packages/airflow/example_dags/example_dynamic_task_mapping_with_no_taskflow_operators.py
[2026-08-12T05:21:06.338+0000] {processor.py:925} INFO - DAG(s) 'example_dynamic_task_mapping_with_no_taskflow_operators' retrieved from /home/airflow/.local/lib/python3.12/site-packages/airflow/example_dags/example_dynamic_task_mapping_with_no_taskflow_operators.py
[2026-08-12T05:21:06.361+0000] {logging_mixin.py:190} INFO - [2026-08-12T05:21:06.360+0000] {dag.py:3211} INFO - Sync 1 DAGs
[2026-08-12T05:21:06.385+0000] {logging_mixin.py:190} INFO - [2026-08-12T05:21:06.384+0000] {dag.py:4138} INFO - Setting next_dagrun for example_dynamic_task_mapping_with_no_taskflow_operators to 2026-08-11 00:00:00+00:00, run_after=2026-08-12 00:00:00+00:00
[2026-08-12T05:21:06.411+0000] {processor.py:208} INFO - Processing /home/airflow/.local/lib/python3.12/site-packages/airflow/example_dags/example_dynamic_task_mapping_with_no_taskflow_operators.py took 0.097 seconds
[2026-08-12T05:21:36.779+0000] {processor.py:186} INFO - Started process (PID=6065) to work on /home/airflow/.local/lib/python3.12/site-packages/airflow/example_dags/example_dynamic_task_mapping_with_no_taskflow_operators.py
[2026-08-12T05:21:36.781+0000] {processor.py:914} INFO - Processing file /home/airflow/.local/lib/python3.12/site-packages/airflow/example_dags/example_dynamic_task_mapping_with_no_taskflow_operators.py for tasks to queue
[2026-08-12T05:21:36.786+0000] {logging_mixin.py:190} INFO - [2026-08-12T05:21:36.785+0000] {dagbag.py:587} INFO - Filling up the DagBag from /home/airflow/.local/lib/python3.12/site-packages/airflow/example_dags/example_dynamic_task_mapping_with_no_taskflow_operators.py
[2026-08-12T05:21:36.798+0000] {processor.py:925} INFO - DAG(s) 'example_dynamic_task_mapping_with_no_taskflow_operators' retrieved from /home/airflow/.local/lib/python3.12/site-packages/airflow/example_dags/example_dynamic_task_mapping_with_no_taskflow_operators.py
[2026-08-12T05:21:36.821+0000] {logging_mixin.py:190} INFO - [2026-08-12T05:21:36.821+0000] {dag.py:3211} INFO - Sync 1 DAGs
[2026-08-12T05:21:36.848+0000] {logging_mixin.py:190} INFO - [2026-08-12T05:21:36.848+0000] {dag.py:4138} INFO - Setting next_dagrun for example_dynamic_task_mapping_with_no_taskflow_operators to 2026-08-11 00:00:00+00:00, run_after=2026-08-12 00:00:00+00:00
[2026-08-12T05:21:36.874+0000] {processor.py:208} INFO - Processing /home/airflow/.local/lib/python3.12/site-packages/airflow/example_dags/example_dynamic_task_mapping_with_no_taskflow_operators.py took 0.103 seconds
[2026-08-12T05:22:07.408+0000] {processor.py:186} INFO - Started process (PID=6128) to work on /home/airflow/.local/lib/python3.12/site-packages/airflow/example_dags/example_dynamic_task_mapping_with_no_taskflow_operators.py
[2026-08-12T05:22:07.410+0000] {processor.py:914} INFO - Processing file /home/airflow/.local/lib/python3.12/site-packages/airflow/example_dags/example_dynamic_task_mapping_with_no_taskflow_operators.py for tasks to queue
[2026-08-12T05:22:07.414+0000] {logging_mixin.py:190} INFO - [2026-08-12T05:22:07.414+0000] {dagbag.py:587} INFO - Filling up the DagBag from /home/airflow/.local/lib/python3.12/site-packages/airflow/example_dags/example_dynamic_task_mapping_with_no_taskflow_operators.py
[2026-08-12T05:22:07.425+0000] {processor.py:925} INFO - DAG(s) 'example_dynamic_task_mapping_with_no_taskflow_operators' retrieved from /home/airflow/.local/lib/python3.12/site-packages/airflow/example_dags/example_dynamic_task_mapping_with_no_taskflow_operators.py
[2026-08-12T05:22:07.450+0000] {logging_mixin.py:190} INFO - [2026-08-12T05:22:07.449+0000] {dag.py:3211} INFO - Sync 1 DAGs
[2026-08-12T05:22:07.474+0000] {logging_mixin.py:190} INFO - [2026-08-12T05:22:07.474+0000] {dag.py:4138} INFO - Setting next_dagrun for example_dynamic_task_mapping_with_no_taskflow_operators to 2026-08-11 00:00:00+00:00, run_after=2026-08-12 00:00:00+00:00
[2026-08-12T05:22:07.499+0000] {processor.py:208} INFO - Processing /home/airflow/.local/lib/python3.12/site-packages/airflow/example_dags/example_dynamic_task_mapping_with_no_taskflow_operators.py took 0.096 seconds
[2026-08-12T05:22:38.133+0000] {processor.py:186} INFO - Started process (PID=6191) to work on /home/airflow/.local/lib/python3.12/site-packages/airflow/example_dags/example_dynamic_task_mapping_with_no_taskflow_operators.py
[2026-08-12T05:22:38.136+0000] {processor.py:914} INFO - Processing file /home/airflow/.local/lib/python3.12/site-packages/airflow/example_dags/example_dynamic_task_mapping_with_no_taskflow_operators.py for tasks to queue
[2026-08-12T05:22:38.142+0000] {logging_mixin.py:190} INFO - [2026-08-12T05:22:38.141+0000] {dagbag.py:587} INFO - Filling up the DagBag from /home/airflow/.local/lib/python3.12/site-packages/airflow/example_dags/example_dynamic_task_mapping_with_no_taskflow_operators.py
[2026-08-12T05:22:38.158+0000] {processor.py:925} INFO - DAG(s) 'example_dynamic_task_mapping_with_no_taskflow_operators' retrieved from /home/airflow/.local/lib/python3.12/site-packages/airflow/example_dags/example_dynamic_task_mapping_with_no_taskflow_operators.py
[2026-08-12T05:22:38.184+0000] {logging_mixin.py:190} INFO - [2026-08-12T05:22:38.184+0000] {dag.py:3211} INFO - Sync 1 DAGs
[2026-08-12T05:22:38.215+0000] {logging_mixin.py:190} INFO - [2026-08-12T05:22:38.215+0000] {dag.py:4138} INFO - Setting next_dagrun for example_dynamic_task_mapping_with_no_taskflow_operators to 2026-08-11 00:00:00+00:00, run_after=2026-08-12 00:00:00+00:00
[2026-08-12T05:22:38.243+0000] {processor.py:208} INFO - Processing /home/airflow/.local/lib/python3.12/site-packages/airflow/example_dags/example_dynamic_task_mapping_with_no_taskflow_operators.py took 0.117 seconds
[2026-08-12T05:23:08.554+0000] {processor.py:186} INFO - Started process (PID=6254) to work on /home/airflow/.local/lib/python3.12/site-packages/airflow/example_dags/example_dynamic_task_mapping_with_no_taskflow_operators.py
[2026-08-12T05:23:08.558+0000] {processor.py:914} INFO - Processing file /home/airflow/.local/lib/python3.12/site-packages/airflow/example_dags/example_dynamic_task_mapping_with_no_taskflow_operators.py for tasks to queue
[2026-08-12T05:23:08.565+0000] {logging_mixin.py:190} INFO - [2026-08-12T05:23:08.565+0000] {dagbag.py:587} INFO - Filling up the DagBag from /home/airflow/.local/lib/python3.12/site-packages/airflow/example_dags/example_dynamic_task_mapping_with_no_taskflow_operators.py
[2026-08-12T05:23:08.585+0000] {processor.py:925} INFO - DAG(s) 'example_dynamic_task_mapping_with_no_taskflow_operators' retrieved from /home/airflow/.local/lib/python3.12/site-packages/airflow/example_dags/example_dynamic_task_mapping_with_no_taskflow_operators.py
[2026-08-12T05:23:08.632+0000] {logging_mixin.py:190} INFO - [2026-08-12T05:23:08.632+0000] {dag.py:3211} INFO - Sync 1 DAGs
[2026-08-12T05:23:08.667+0000] {logging_mixin.py:190} INFO - [2026-08-12T05:23:08.667+0000] {dag.py:4138} INFO - Setting next_dagrun for example_dynamic_task_mapping_with_no_taskflow_operators to 2026-08-11 00:00:00+00:00, run_after=2026-08-12 00:00:00+00:00
[2026-08-12T05:23:08.703+0000] {processor.py:208} INFO - Processing /home/airflow/.local/lib/python3.12/site-packages/airflow/example_dags/example_dynamic_task_mapping_with_no_taskflow_operators.py took 0.164 seconds
[2026-08-12T05:23:39.856+0000] {processor.py:186} INFO - Started process (PID=6317) to work on /home/airflow/.local/lib/python3.12/site-packages/airflow/example_dags/example_dynamic_task_mapping_with_no_taskflow_operators.py
[2026-08-12T05:23:39.860+0000] {processor.py:914} INFO - Processing file /home/airflow/.local/lib/python3.12/site-packages/airflow/example_dags/example_dynamic_task_mapping_with_no_taskflow_operators.py for tasks to queue
[2026-08-12T05:23:39.865+0000] {logging_mixin.py:190} INFO - [2026-08-12T05:23:39.865+0000] {dagbag.py:587} INFO - Filling up the DagBag from /home/airflow/.local/lib/python3.12/site-packages/airflow/example_dags/example_dynamic_task_mapping_with_no_taskflow_operators.py
[2026-08-12T05:23:39.890+0000] {processor.py:925} INFO - DAG(s) 'example_dynamic_task_mapping_with_no_taskflow_operators' retrieved from /home/airflow/.local/lib/python3.12/site-packages/airflow/example_dags/example_dynamic_task_mapping_with_no_taskflow_operators.py
[2026-08-12T05:23:39.924+0000] {logging_mixin.py:190} INFO - [2026-08-12T05:23:39.924+0000] {dag.py:3211} INFO - Sync 1 DAGs
[2026-08-12T05:23:39.973+0000] {logging_mixin.py:190} INFO - [2026-08-12T05:23:39.972+0000] {dag.py:4138} INFO - Setting next_dagrun for example_dynamic_task_mapping_with_no_taskflow_operators to 2026-08-11 00:00:00+00:00, run_after=2026-08-12 00:00:00+00:00
[2026-08-12T05:23:40.008+0000] {processor.py:208} INFO - Processing /home/airflow/.local/lib/python3.12/site-packages/airflow/example_dags/example_dynamic_task_mapping_with_no_taskflow_operators.py took 0.181 seconds
[2026-08-12T05:24:10.184+0000] {processor.py:186} INFO - Started process (PID=6380) to work on /home/airflow/.local/lib/python3.12/site-packages/airflow/example_dags/example_dynamic_task_mapping_with_no_taskflow_operators.py
[2026-08-12T05:24:10.187+0000] {processor.py:914} INFO - Processing file /home/airflow/.local/lib/python3.12/site-packages/airflow/example_dags/example_dynamic_task_mapping_with_no_taskflow_operators.py for tasks to queue
[2026-08-12T05:24:10.194+0000] {logging_mixin.py:190} INFO - [2026-08-12T05:24:10.194+0000] {dagbag.py:587} INFO - Filling up the DagBag from /home/airflow/.local/lib/python3.12/site-packages/airflow/example_dags/example_dynamic_task_mapping_with_no_taskflow_operators.py
[2026-08-12T05:24:10.211+0000] {processor.py:925} INFO - DAG(s) 'example_dynamic_task_mapping_with_no_taskflow_operators' retrieved from /home/airflow/.local/lib/python3.12/site-packages/airflow/example_dags/example_dynamic_task_mapping_with_no_taskflow_operators.py
[2026-08-12T05:24:10.249+0000] {logging_mixin.py:190} INFO - [2026-08-12T05:24:10.248+0000] {dag.py:3211} INFO - Sync 1 DAGs
[2026-08-12T05:24:10.291+0000] {logging_mixin.py:190} INFO - [2026-08-12T05:24:10.290+0000] {dag.py:4138} INFO - Setting next_dagrun for example_dynamic_task_mapping_with_no_taskflow_operators to 2026-08-11 00:00:00+00:00, run_after=2026-08-12 00:00:00+00:00
[2026-08-12T05:24:10.328+0000] {processor.py:208} INFO - Processing /home/airflow/.local/lib/python3.12/site-packages/airflow/example_dags/example_dynamic_task_mapping_with_no_taskflow_operators.py took 0.152 seconds
[2026-08-12T05:24:40.811+0000] {processor.py:186} INFO - Started process (PID=6444) to work on /home/airflow/.local/lib/python3.12/site-packages/airflow/example_dags/example_dynamic_task_mapping_with_no_taskflow_operators.py
[2026-08-12T05:24:40.814+0000] {processor.py:914} INFO - Processing file /home/airflow/.local/lib/python3.12/site-packages/airflow/example_dags/example_dynamic_task_mapping_with_no_taskflow_operators.py for tasks to queue
[2026-08-12T05:24:40.820+0000] {logging_mixin.py:190} INFO - [2026-08-12T05:24:40.819+0000] {dagbag.py:587} INFO - Filling up the DagBag from /home/airflow/.local/lib/python3.12/site-packages/airflow/example_dags/example_dynamic_task_mapping_with_no_taskflow_operators.py
[2026-08-12T05:24:40.832+0000] {processor.py:925} INFO - DAG(s) 'example_dynamic_task_mapping_with_no_taskflow_operators' retrieved from /home/airflow/.local/lib/python3.12/site-packages/airflow/example_dags/example_dynamic_task_mapping_with_no_taskflow_operators.py
[2026-08-12T05:24:40.859+0000] {logging_mixin.py:190} INFO - [2026-08-12T05:24:40.858+0000] {dag.py:3211} INFO - Sync 1 DAGs
[2026-08-12T05:24:40.889+0000] {logging_mixin.py:190} INFO - [2026-08-12T05:24:40.888+0000] {dag.py:4138} INFO - Setting next_dagrun for example_dynamic_task_mapping_with_no_taskflow_operators to 2026-08-11 00:00:00+00:00, run_after=2026-08-12 00:00:00+00:00
[2026-08-12T05:24:40.919+0000] {processor.py:208} INFO - Processing /home/airflow/.local/lib/python3.12/site-packages/airflow/example_dags/example_dynamic_task_mapping_with_no_taskflow_operators.py took 0.116 seconds
[2026-08-12T05:25:11.467+0000] {processor.py:186} INFO - Started process (PID=6507) to work on /home/airflow/.local/lib/python3.12/site-packages/airflow/example_dags/example_dynamic_task_mapping_with_no_taskflow_operators.py
[2026-08-12T05:25:11.471+0000] {processor.py:914} INFO - Processing file /home/airflow/.local/lib/python3.12/site-packages/airflow/example_dags/example_dynamic_task_mapping_with_no_taskflow_operators.py for tasks to queue
[2026-08-12T05:25:11.476+0000] {logging_mixin.py:190} INFO - [2026-08-12T05:25:11.476+0000] {dagbag.py:587} INFO - Filling up the DagBag from /home/airflow/.local/lib/python3.12/site-packages/airflow/example_dags/example_dynamic_task_mapping_with_no_taskflow_operators.py
[2026-08-12T05:25:11.488+0000] {processor.py:925} INFO - DAG(s) 'example_dynamic_task_mapping_with_no_taskflow_operators' retrieved from /home/airflow/.local/lib/python3.12/site-packages/airflow/example_dags/example_dynamic_task_mapping_with_no_taskflow_operators.py
[2026-08-12T05:25:11.510+0000] {logging_mixin.py:190} INFO - [2026-08-12T05:25:11.510+0000] {dag.py:3211} INFO - Sync 1 DAGs
[2026-08-12T05:25:11.538+0000] {logging_mixin.py:190} INFO - [2026-08-12T05:25:11.537+0000] {dag.py:4138} INFO - Setting next_dagrun for example_dynamic_task_mapping_with_no_taskflow_operators to 2026-08-11 00:00:00+00:00, run_after=2026-08-12 00:00:00+00:00
[2026-08-12T05:25:11.562+0000] {processor.py:208} INFO - Processing /home/airflow/.local/lib/python3.12/site-packages/airflow/example_dags/example_dynamic_task_mapping_with_no_taskflow_operators.py took 0.103 seconds
[2026-08-12T05:25:42.099+0000] {processor.py:186} INFO - Started process (PID=6570) to work on /home/airflow/.local/lib/python3.12/site-packages/airflow/example_dags/example_dynamic_task_mapping_with_no_taskflow_operators.py
[2026-08-12T05:25:42.101+0000] {processor.py:914} INFO - Processing file /home/airflow/.local/lib/python3.12/site-packages/airflow/example_dags/example_dynamic_task_mapping_with_no_taskflow_operators.py for tasks to queue
[2026-08-12T05:25:42.106+0000] {logging_mixin.py:190} INFO - [2026-08-12T05:25:42.105+0000] {dagbag.py:587} INFO - Filling up the DagBag from /home/airflow/.local/lib/python3.12/site-packages/airflow/example_dags/example_dynamic_task_mapping_with_no_taskflow_operators.py
[2026-08-12T05:25:42.121+0000] {processor.py:925} INFO - DAG(s) 'example_dynamic_task_mapping_with_no_taskflow_operators' retrieved from /home/airflow/.local/lib/python3.12/site-packages/airflow/example_dags/example_dynamic_task_mapping_with_no_taskflow_operators.py
[2026-08-12T05:25:42.147+0000] {logging_mixin.py:190} INFO - [2026-08-12T05:25:42.147+0000] {dag.py:3211} INFO - Sync 1 DAGs
[2026-08-12T05:25:42.177+0000] {logging_mixin.py:190} INFO - [2026-08-12T05:25:42.177+0000] {dag.py:4138} INFO - Setting next_dagrun for example_dynamic_task_mapping_with_no_taskflow_operators to 2026-08-11 00:00:00+00:00, run_after=2026-08-12 00:00:00+00:00
[2026-08-12T05:25:42.213+0000] {processor.py:208} INFO - Processing /home/airflow/.local/lib/python3.12/site-packages/airflow/example_dags/example_dynamic_task_mapping_with_no_taskflow_operators.py took 0.121 seconds
[2026-08-12T05:26:13.392+0000] {processor.py:186} INFO - Started process (PID=6633) to work on /home/airflow/.local/lib/python3.12/site-packages/airflow/example_dags/example_dynamic_task_mapping_with_no_taskflow_operators.py
[2026-08-12T05:26:13.394+0000] {processor.py:914} INFO - Processing file /home/airflow/.local/lib/python3.12/site-packages/airflow/example_dags/example_dynamic_task_mapping_with_no_taskflow_operators.py for tasks to queue
[2026-08-12T05:26:13.401+0000] {logging_mixin.py:190} INFO - [2026-08-12T05:26:13.400+0000] {dagbag.py:587} INFO - Filling up the DagBag from /home/airflow/.local/lib/python3.12/site-packages/airflow/example_dags/example_dynamic_task_mapping_with_no_taskflow_operators.py
[2026-08-12T05:26:13.418+0000] {processor.py:925} INFO - DAG(s) 'example_dynamic_task_mapping_with_no_taskflow_operators' retrieved from /home/airflow/.local/lib/python3.12/site-packages/airflow/example_dags/example_dynamic_task_mapping_with_no_taskflow_operators.py
[2026-08-12T05:26:13.452+0000] {logging_mixin.py:190} INFO - [2026-08-12T05:26:13.452+0000] {dag.py:3211} INFO - Sync 1 DAGs
[2026-08-12T05:26:13.494+0000] {logging_mixin.py:190} INFO - [2026-08-12T05:26:13.494+0000] {dag.py:4138} INFO - Setting next_dagrun for example_dynamic_task_mapping_with_no_taskflow_operators to 2026-08-11 00:00:00+00:00, run_after=2026-08-12 00:00:00+00:00
[2026-08-12T05:26:13.532+0000] {processor.py:208} INFO - Processing /home/airflow/.local/lib/python3.12/site-packages/airflow/example_dags/example_dynamic_task_mapping_with_no_taskflow_operators.py took 0.150 seconds
[2026-08-12T05:26:44.102+0000] {processor.py:186} INFO - Started process (PID=6696) to work on /home/airflow/.local/lib/python3.12/site-packages/airflow/example_dags/example_dynamic_task_mapping_with_no_taskflow_operators.py
[2026-08-12T05:26:44.104+0000] {processor.py:914} INFO - Processing file /home/airflow/.local/lib/python3.12/site-packages/airflow/example_dags/example_dynamic_task_mapping_with_no_taskflow_operators.py for tasks to queue
[2026-08-12T05:26:44.109+0000] {logging_mixin.py:190} INFO - [2026-08-12T05:26:44.109+0000] {dagbag.py:587} INFO - Filling up the DagBag from /home/airflow/.local/lib/python3.12/site-packages/airflow/example_dags/example_dynamic_task_mapping_with_no_taskflow_operators.py
[2026-08-12T05:26:44.125+0000] {processor.py:925} INFO - DAG(s) 'example_dynamic_task_mapping_with_no_taskflow_operators' retrieved from /home/airflow/.local/lib/python3.12/site-packages/airflow/example_dags/example_dynamic_task_mapping_with_no_taskflow_operators.py
[2026-08-12T05:26:44.151+0000] {logging_mixin.py:190} INFO - [2026-08-12T05:26:44.151+0000] {dag.py:3211} INFO - Sync 1 DAGs
[2026-08-12T05:26:44.180+0000] {logging_mixin.py:190} INFO - [2026-08-12T05:26:44.180+0000] {dag.py:4138} INFO - Setting next_dagrun for example_dynamic_task_mapping_with_no_taskflow_operators to 2026-08-11 00:00:00+00:00, run_after=2026-08-12 00:00:00+00:00
[2026-08-12T05:26:44.202+0000] {processor.py:208} INFO - Processing /home/airflow/.local/lib/python3.12/site-packages/airflow/example_dags/example_dynamic_task_mapping_with_no_taskflow_operators.py took 0.109 seconds
[2026-08-12T05:27:14.458+0000] {processor.py:186} INFO - Started process (PID=6759) to work on /home/airflow/.local/lib/python3.12/site-packages/airflow/example_dags/example_dynamic_task_mapping_with_no_taskflow_operators.py
[2026-08-12T05:27:14.461+0000] {processor.py:914} INFO - Processing file /home/airflow/.local/lib/python3.12/site-packages/airflow/example_dags/example_dynamic_task_mapping_with_no_taskflow_operators.py for tasks to queue
[2026-08-12T05:27:14.465+0000] {logging_mixin.py:190} INFO - [2026-08-12T05:27:14.465+0000] {dagbag.py:587} INFO - Filling up the DagBag from /home/airflow/.local/lib/python3.12/site-packages/airflow/example_dags/example_dynamic_task_mapping_with_no_taskflow_operators.py
[2026-08-12T05:27:14.477+0000] {processor.py:925} INFO - DAG(s) 'example_dynamic_task_mapping_with_no_taskflow_operators' retrieved from /home/airflow/.local/lib/python3.12/site-packages/airflow/example_dags/example_dynamic_task_mapping_with_no_taskflow_operators.py
[2026-08-12T05:27:14.501+0000] {logging_mixin.py:190} INFO - [2026-08-12T05:27:14.501+0000] {dag.py:3211} INFO - Sync 1 DAGs
[2026-08-12T05:27:14.527+0000] {logging_mixin.py:190} INFO - [2026-08-12T05:27:14.526+0000] {dag.py:4138} INFO - Setting next_dagrun for example_dynamic_task_mapping_with_no_taskflow_operators to 2026-08-11 00:00:00+00:00, run_after=2026-08-12 00:00:00+00:00
[2026-08-12T05:27:14.549+0000] {processor.py:208} INFO - Processing /home/airflow/.local/lib/python3.12/site-packages/airflow/example_dags/example_dynamic_task_mapping_with_no_taskflow_operators.py took 0.096 seconds
[2026-08-12T05:27:44.978+0000] {processor.py:186} INFO - Started process (PID=6822) to work on /home/airflow/.local/lib/python3.12/site-packages/airflow/example_dags/example_dynamic_task_mapping_with_no_taskflow_operators.py
[2026-08-12T05:27:44.980+0000] {processor.py:914} INFO - Processing file /home/airflow/.local/lib/python3.12/site-packages/airflow/example_dags/example_dynamic_task_mapping_with_no_taskflow_operators.py for tasks to queue
[2026-08-12T05:27:44.988+0000] {logging_mixin.py:190} INFO - [2026-08-12T05:27:44.987+0000] {dagbag.py:587} INFO - Filling up the DagBag from /home/airflow/.local/lib/python3.12/site-packages/airflow/example_dags/example_dynamic_task_mapping_with_no_taskflow_operators.py
[2026-08-12T05:27:45.006+0000] {processor.py:925} INFO - DAG(s) 'example_dynamic_task_mapping_with_no_taskflow_operators' retrieved from /home/airflow/.local/lib/python3.12/site-packages/airflow/example_dags/example_dynamic_task_mapping_with_no_taskflow_operators.py
[2026-08-12T05:27:45.037+0000] {logging_mixin.py:190} INFO - [2026-08-12T05:27:45.037+0000] {dag.py:3211} INFO - Sync 1 DAGs
[2026-08-12T05:27:45.068+0000] {logging_mixin.py:190} INFO - [2026-08-12T05:27:45.067+0000] {dag.py:4138} INFO - Setting next_dagrun for example_dynamic_task_mapping_with_no_taskflow_operators to 2026-08-11 00:00:00+00:00, run_after=2026-08-12 00:00:00+00:00
[2026-08-12T05:27:45.097+0000] {processor.py:208} INFO - Processing /home/airflow/.local/lib/python3.12/site-packages/airflow/example_dags/example_dynamic_task_mapping_with_no_taskflow_operators.py took 0.125 seconds
[2026-08-12T05:28:15.763+0000] {processor.py:186} INFO - Started process (PID=6885) to work on /home/airflow/.local/lib/python3.12/site-packages/airflow/example_dags/example_dynamic_task_mapping_with_no_taskflow_operators.py
[2026-08-12T05:28:15.765+0000] {processor.py:914} INFO - Processing file /home/airflow/.local/lib/python3.12/site-packages/airflow/example_dags/example_dynamic_task_mapping_with_no_taskflow_operators.py for tasks to queue
[2026-08-12T05:28:15.769+0000] {logging_mixin.py:190} INFO - [2026-08-12T05:28:15.769+0000] {dagbag.py:587} INFO - Filling up the DagBag from /home/airflow/.local/lib/python3.12/site-packages/airflow/example_dags/example_dynamic_task_mapping_with_no_taskflow_operators.py
[2026-08-12T05:28:15.784+0000] {processor.py:925} INFO - DAG(s) 'example_dynamic_task_mapping_with_no_taskflow_operators' retrieved from /home/airflow/.local/lib/python3.12/site-packages/airflow/example_dags/example_dynamic_task_mapping_with_no_taskflow_operators.py
[2026-08-12T05:28:15.818+0000] {logging_mixin.py:190} INFO - [2026-08-12T05:28:15.817+0000] {dag.py:3211} INFO - Sync 1 DAGs
[2026-08-12T05:28:15.853+0000] {logging_mixin.py:190} INFO - [2026-08-12T05:28:15.853+0000] {dag.py:4138} INFO - Setting next_dagrun for example_dynamic_task_mapping_with_no_taskflow_operators to 2026-08-11 00:00:00+00:00, run_after=2026-08-12 00:00:00+00:00
[2026-08-12T05:28:15.882+0000] {processor.py:208} INFO - Processing /home/airflow/.local/lib/python3.12/site-packages/airflow/example_dags/example_dynamic_task_mapping_with_no_taskflow_operators.py took 0.129 seconds
[2026-08-12T05:28:46.570+0000] {processor.py:186} INFO - Started process (PID=6948) to work on /home/airflow/.local/lib/python3.12/site-packages/airflow/example_dags/example_dynamic_task_mapping_with_no_taskflow_operators.py
[2026-08-12T05:28:46.573+0000] {processor.py:914} INFO - Processing file /home/airflow/.local/lib/python3.12/site-packages/airflow/example_dags/example_dynamic_task_mapping_with_no_taskflow_operators.py for tasks to queue
[2026-08-12T05:28:46.579+0000] {logging_mixin.py:190} INFO - [2026-08-12T05:28:46.578+0000] {dagbag.py:587} INFO - Filling up the DagBag from /home/airflow/.local/lib/python3.12/site-packages/airflow/example_dags/example_dynamic_task_mapping_with_no_taskflow_operators.py
[2026-08-12T05:28:46.593+0000] {processor.py:925} INFO - DAG(s) 'example_dynamic_task_mapping_with_no_taskflow_operators' retrieved from /home/airflow/.local/lib/python3.12/site-packages/airflow/example_dags/example_dynamic_task_mapping_with_no_taskflow_operators.py
[2026-08-12T05:28:46.621+0000] {logging_mixin.py:190} INFO - [2026-08-12T05:28:46.621+0000] {dag.py:3211} INFO - Sync 1 DAGs
[2026-08-12T05:28:46.651+0000] {logging_mixin.py:190} INFO - [2026-08-12T05:28:46.650+0000] {dag.py:4138} INFO - Setting next_dagrun for example_dynamic_task_mapping_with_no_taskflow_operators to 2026-08-11 00:00:00+00:00, run_after=2026-08-12 00:00:00+00:00
[2026-08-12T05:28:46.674+0000] {processor.py:208} INFO - Processing /home/airflow/.local/lib/python3.12/site-packages/airflow/example_dags/example_dynamic_task_mapping_with_no_taskflow_operators.py took 0.111 seconds
[2026-08-12T05:29:17.496+0000] {processor.py:186} INFO - Started process (PID=7011) to work on /home/airflow/.local/lib/python3.12/site-packages/airflow/example_dags/example_dynamic_task_mapping_with_no_taskflow_operators.py
[2026-08-12T05:29:17.498+0000] {processor.py:914} INFO - Processing file /home/airflow/.local/lib/python3.12/site-packages/airflow/example_dags/example_dynamic_task_mapping_with_no_taskflow_operators.py for tasks to queue
[2026-08-12T05:29:17.504+0000] {logging_mixin.py:190} INFO - [2026-08-12T05:29:17.503+0000] {dagbag.py:587} INFO - Filling up the DagBag from /home/airflow/.local/lib/python3.12/site-packages/airflow/example_dags/example_dynamic_task_mapping_with_no_taskflow_operators.py
[2026-08-12T05:29:17.520+0000] {processor.py:925} INFO - DAG(s) 'example_dynamic_task_mapping_with_no_taskflow_operators' retrieved from /home/airflow/.local/lib/python3.12/site-packages/airflow/example_dags/example_dynamic_task_mapping_with_no_taskflow_operators.py
[2026-08-12T05:29:17.557+0000] {logging_mixin.py:190} INFO - [2026-08-12T05:29:17.557+0000] {dag.py:3211} INFO - Sync 1 DAGs
[2026-08-12T05:29:17.591+0000] {logging_mixin.py:190} INFO - [2026-08-12T05:29:17.591+0000] {dag.py:4138} INFO - Setting next_dagrun for example_dynamic_task_mapping_with_no_taskflow_operators to 2026-08-11 00:00:00+00:00, run_after=2026-08-12 00:00:00+00:00
[2026-08-12T05:29:17.623+0000] {processor.py:208} INFO - Processing /home/airflow/.local/lib/python3.12/site-packages/airflow/example_dags/example_dynamic_task_mapping_with_no_taskflow_operators.py took 0.135 seconds
[2026-08-12T05:29:48.429+0000] {processor.py:186} INFO - Started process (PID=7074) to work on /home/airflow/.local/lib/python3.12/site-packages/airflow/example_dags/example_dynamic_task_mapping_with_no_taskflow_operators.py
[2026-08-12T05:29:48.431+0000] {processor.py:914} INFO - Processing file /home/airflow/.local/lib/python3.12/site-packages/airflow/example_dags/example_dynamic_task_mapping_with_no_taskflow_operators.py for tasks to queue
[2026-08-12T05:29:48.440+0000] {logging_mixin.py:190} INFO - [2026-08-12T05:29:48.440+0000] {dagbag.py:587} INFO - Filling up the DagBag from /home/airflow/.local/lib/python3.12/site-packages/airflow/example_dags/example_dynamic_task_mapping_with_no_taskflow_operators.py
[2026-08-12T05:29:48.460+0000] {processor.py:925} INFO - DAG(s) 'example_dynamic_task_mapping_with_no_taskflow_operators' retrieved from /home/airflow/.local/lib/python3.12/site-packages/airflow/example_dags/example_dynamic_task_mapping_with_no_taskflow_operators.py
[2026-08-12T05:29:48.498+0000] {logging_mixin.py:190} INFO - [2026-08-12T05:29:48.497+0000] {dag.py:3211} INFO - Sync 1 DAGs
[2026-08-12T05:29:48.533+0000] {logging_mixin.py:190} INFO - [2026-08-12T05:29:48.533+0000] {dag.py:4138} INFO - Setting next_dagrun for example_dynamic_task_mapping_with_no_taskflow_operators to 2026-08-11 00:00:00+00:00, run_after=2026-08-12 00:00:00+00:00
[2026-08-12T05:29:48.565+0000] {processor.py:208} INFO - Processing /home/airflow/.local/lib/python3.12/site-packages/airflow/example_dags/example_dynamic_task_mapping_with_no_taskflow_operators.py took 0.143 seconds
[2026-08-12T05:30:19.037+0000] {processor.py:186} INFO - Started process (PID=7137) to work on /home/airflow/.local/lib/python3.12/site-packages/airflow/example_dags/example_dynamic_task_mapping_with_no_taskflow_operators.py
[2026-08-12T05:30:19.039+0000] {processor.py:914} INFO - Processing file /home/airflow/.local/lib/python3.12/site-packages/airflow/example_dags/example_dynamic_task_mapping_with_no_taskflow_operators.py for tasks to queue
[2026-08-12T05:30:19.047+0000] {logging_mixin.py:190} INFO - [2026-08-12T05:30:19.046+0000] {dagbag.py:587} INFO - Filling up the DagBag from /home/airflow/.local/lib/python3.12/site-packages/airflow/example_dags/example_dynamic_task_mapping_with_no_taskflow_operators.py
[2026-08-12T05:30:19.062+0000] {processor.py:925} INFO - DAG(s) 'example_dynamic_task_mapping_with_no_taskflow_operators' retrieved from /home/airflow/.local/lib/python3.12/site-packages/airflow/example_dags/example_dynamic_task_mapping_with_no_taskflow_operators.py
[2026-08-12T05:30:19.089+0000] {logging_mixin.py:190} INFO - [2026-08-12T05:30:19.089+0000] {dag.py:3211} INFO - Sync 1 DAGs
[2026-08-12T05:30:19.121+0000] {logging_mixin.py:190} INFO - [2026-08-12T05:30:19.121+0000] {dag.py:4138} INFO - Setting next_dagrun for example_dynamic_task_mapping_with_no_taskflow_operators to 2026-08-11 00:00:00+00:00, run_after=2026-08-12 00:00:00+00:00
[2026-08-12T05:30:19.154+0000] {processor.py:208} INFO - Processing /home/airflow/.local/lib/python3.12/site-packages/airflow/example_dags/example_dynamic_task_mapping_with_no_taskflow_operators.py took 0.126 seconds
[2026-08-12T05:30:49.616+0000] {processor.py:186} INFO - Started process (PID=7200) to work on /home/airflow/.local/lib/python3.12/site-packages/airflow/example_dags/example_dynamic_task_mapping_with_no_taskflow_operators.py
[2026-08-12T05:30:49.618+0000] {processor.py:914} INFO - Processing file /home/airflow/.local/lib/python3.12/site-packages/airflow/example_dags/example_dynamic_task_mapping_with_no_taskflow_operators.py for tasks to queue
[2026-08-12T05:30:49.622+0000] {logging_mixin.py:190} INFO - [2026-08-12T05:30:49.621+0000] {dagbag.py:587} INFO - Filling up the DagBag from /home/airflow/.local/lib/python3.12/site-packages/airflow/example_dags/example_dynamic_task_mapping_with_no_taskflow_operators.py
[2026-08-12T05:30:49.632+0000] {processor.py:925} INFO - DAG(s) 'example_dynamic_task_mapping_with_no_taskflow_operators' retrieved from /home/airflow/.local/lib/python3.12/site-packages/airflow/example_dags/example_dynamic_task_mapping_with_no_taskflow_operators.py
[2026-08-12T05:30:49.653+0000] {logging_mixin.py:190} INFO - [2026-08-12T05:30:49.652+0000] {dag.py:3211} INFO - Sync 1 DAGs
[2026-08-12T05:30:49.680+0000] {logging_mixin.py:190} INFO - [2026-08-12T05:30:49.680+0000] {dag.py:4138} INFO - Setting next_dagrun for example_dynamic_task_mapping_with_no_taskflow_operators to 2026-08-11 00:00:00+00:00, run_after=2026-08-12 00:00:00+00:00
[2026-08-12T05:30:49.704+0000] {processor.py:208} INFO - Processing /home/airflow/.local/lib/python3.12/site-packages/airflow/example_dags/example_dynamic_task_mapping_with_no_taskflow_operators.py took 0.094 seconds
[2026-08-12T05:31:20.045+0000] {processor.py:186} INFO - Started process (PID=7263) to work on /home/airflow/.local/lib/python3.12/site-packages/airflow/example_dags/example_dynamic_task_mapping_with_no_taskflow_operators.py
[2026-08-12T05:31:20.047+0000] {processor.py:914} INFO - Processing file /home/airflow/.local/lib/python3.12/site-packages/airflow/example_dags/example_dynamic_task_mapping_with_no_taskflow_operators.py for tasks to queue
[2026-08-12T05:31:20.051+0000] {logging_mixin.py:190} INFO - [2026-08-12T05:31:20.050+0000] {dagbag.py:587} INFO - Filling up the DagBag from /home/airflow/.local/lib/python3.12/site-packages/airflow/example_dags/example_dynamic_task_mapping_with_no_taskflow_operators.py
[2026-08-12T05:31:20.064+0000] {processor.py:925} INFO - DAG(s) 'example_dynamic_task_mapping_with_no_taskflow_operators' retrieved from /home/airflow/.local/lib/python3.12/site-packages/airflow/example_dags/example_dynamic_task_mapping_with_no_taskflow_operators.py
[2026-08-12T05:31:20.086+0000] {logging_mixin.py:190} INFO - [2026-08-12T05:31:20.086+0000] {dag.py:3211} INFO - Sync 1 DAGs
[2026-08-12T05:31:20.114+0000] {logging_mixin.py:190} INFO - [2026-08-12T05:31:20.113+0000] {dag.py:4138} INFO - Setting next_dagrun for example_dynamic_task_mapping_with_no_taskflow_operators to 2026-08-11 00:00:00+00:00, run_after=2026-08-12 00:00:00+00:00
[2026-08-12T05:31:20.140+0000] {processor.py:208} INFO - Processing /home/airflow/.local/lib/python3.12/site-packages/airflow/example_dags/example_dynamic_task_mapping_with_no_taskflow_operators.py took 0.101 seconds
[2026-08-12T05:31:50.940+0000] {processor.py:186} INFO - Started process (PID=7327) to work on /home/airflow/.local/lib/python3.12/site-packages/airflow/example_dags/example_dynamic_task_mapping_with_no_taskflow_operators.py
[2026-08-12T05:31:50.943+0000] {processor.py:914} INFO - Processing file /home/airflow/.local/lib/python3.12/site-packages/airflow/example_dags/example_dynamic_task_mapping_with_no_taskflow_operators.py for tasks to queue
[2026-08-12T05:31:50.951+0000] {logging_mixin.py:190} INFO - [2026-08-12T05:31:50.950+0000] {dagbag.py:587} INFO - Filling up the DagBag from /home/airflow/.local/lib/python3.12/site-packages/airflow/example_dags/example_dynamic_task_mapping_with_no_taskflow_operators.py
[2026-08-12T05:31:50.967+0000] {processor.py:925} INFO - DAG(s) 'example_dynamic_task_mapping_with_no_taskflow_operators' retrieved from /home/airflow/.local/lib/python3.12/site-packages/airflow/example_dags/example_dynamic_task_mapping_with_no_taskflow_operators.py
[2026-08-12T05:31:50.992+0000] {logging_mixin.py:190} INFO - [2026-08-12T05:31:50.992+0000] {dag.py:3211} INFO - Sync 1 DAGs
[2026-08-12T05:31:51.032+0000] {logging_mixin.py:190} INFO - [2026-08-12T05:31:51.032+0000] {dag.py:4138} INFO - Setting next_dagrun for example_dynamic_task_mapping_with_no_taskflow_operators to 2026-08-11 00:00:00+00:00, run_after=2026-08-12 00:00:00+00:00
[2026-08-12T05:31:51.058+0000] {processor.py:208} INFO - Processing /home/airflow/.local/lib/python3.12/site-packages/airflow/example_dags/example_dynamic_task_mapping_with_no_taskflow_operators.py took 0.125 seconds
[2026-08-12T05:32:21.143+0000] {processor.py:186} INFO - Started process (PID=7389) to work on /home/airflow/.local/lib/python3.12/site-packages/airflow/example_dags/example_dynamic_task_mapping_with_no_taskflow_operators.py
[2026-08-12T05:32:21.145+0000] {processor.py:914} INFO - Processing file /home/airflow/.local/lib/python3.12/site-packages/airflow/example_dags/example_dynamic_task_mapping_with_no_taskflow_operators.py for tasks to queue
[2026-08-12T05:32:21.151+0000] {logging_mixin.py:190} INFO - [2026-08-12T05:32:21.150+0000] {dagbag.py:587} INFO - Filling up the DagBag from /home/airflow/.local/lib/python3.12/site-packages/airflow/example_dags/example_dynamic_task_mapping_with_no_taskflow_operators.py
[2026-08-12T05:32:21.166+0000] {processor.py:925} INFO - DAG(s) 'example_dynamic_task_mapping_with_no_taskflow_operators' retrieved from /home/airflow/.local/lib/python3.12/site-packages/airflow/example_dags/example_dynamic_task_mapping_with_no_taskflow_operators.py
[2026-08-12T05:32:21.204+0000] {logging_mixin.py:190} INFO - [2026-08-12T05:32:21.203+0000] {dag.py:3211} INFO - Sync 1 DAGs
[2026-08-12T05:32:21.244+0000] {logging_mixin.py:190} INFO - [2026-08-12T05:32:21.244+0000] {dag.py:4138} INFO - Setting next_dagrun for example_dynamic_task_mapping_with_no_taskflow_operators to 2026-08-11 00:00:00+00:00, run_after=2026-08-12 00:00:00+00:00
[2026-08-12T05:32:21.280+0000] {processor.py:208} INFO - Processing /home/airflow/.local/lib/python3.12/site-packages/airflow/example_dags/example_dynamic_task_mapping_with_no_taskflow_operators.py took 0.149 seconds
[2026-08-12T05:32:52.126+0000] {processor.py:186} INFO - Started process (PID=7453) to work on /home/airflow/.local/lib/python3.12/site-packages/airflow/example_dags/example_dynamic_task_mapping_with_no_taskflow_operators.py
[2026-08-12T05:32:52.129+0000] {processor.py:914} INFO - Processing file /home/airflow/.local/lib/python3.12/site-packages/airflow/example_dags/example_dynamic_task_mapping_with_no_taskflow_operators.py for tasks to queue
[2026-08-12T05:32:52.134+0000] {logging_mixin.py:190} INFO - [2026-08-12T05:32:52.133+0000] {dagbag.py:587} INFO - Filling up the DagBag from /home/airflow/.local/lib/python3.12/site-packages/airflow/example_dags/example_dynamic_task_mapping_with_no_taskflow_operators.py
[2026-08-12T05:32:52.145+0000] {processor.py:925} INFO - DAG(s) 'example_dynamic_task_mapping_with_no_taskflow_operators' retrieved from /home/airflow/.local/lib/python3.12/site-packages/airflow/example_dags/example_dynamic_task_mapping_with_no_taskflow_operators.py
[2026-08-12T05:32:52.175+0000] {logging_mixin.py:190} INFO - [2026-08-12T05:32:52.174+0000] {dag.py:3211} INFO - Sync 1 DAGs
[2026-08-12T05:32:52.204+0000] {logging_mixin.py:190} INFO - [2026-08-12T05:32:52.204+0000] {dag.py:4138} INFO - Setting next_dagrun for example_dynamic_task_mapping_with_no_taskflow_operators to 2026-08-11 00:00:00+00:00, run_after=2026-08-12 00:00:00+00:00
[2026-08-12T05:32:52.229+0000] {processor.py:208} INFO - Processing /home/airflow/.local/lib/python3.12/site-packages/airflow/example_dags/example_dynamic_task_mapping_with_no_taskflow_operators.py took 0.114 seconds
[2026-08-12T05:33:22.807+0000] {processor.py:186} INFO - Started process (PID=7516) to work on /home/airflow/.local/lib/python3.12/site-packages/airflow/example_dags/example_dynamic_task_mapping_with_no_taskflow_operators.py
[2026-08-12T05:33:22.810+0000] {processor.py:914} INFO - Processing file /home/airflow/.local/lib/python3.12/site-packages/airflow/example_dags/example_dynamic_task_mapping_with_no_taskflow_operators.py for tasks to queue
[2026-08-12T05:33:22.815+0000] {logging_mixin.py:190} INFO - [2026-08-12T05:33:22.814+0000] {dagbag.py:587} INFO - Filling up the DagBag from /home/airflow/.local/lib/python3.12/site-packages/airflow/example_dags/example_dynamic_task_mapping_with_no_taskflow_operators.py
[2026-08-12T05:33:22.825+0000] {processor.py:925} INFO - DAG(s) 'example_dynamic_task_mapping_with_no_taskflow_operators' retrieved from /home/airflow/.local/lib/python3.12/site-packages/airflow/example_dags/example_dynamic_task_mapping_with_no_taskflow_operators.py
[2026-08-12T05:33:22.852+0000] {logging_mixin.py:190} INFO - [2026-08-12T05:33:22.851+0000] {dag.py:3211} INFO - Sync 1 DAGs
[2026-08-12T05:33:22.876+0000] {logging_mixin.py:190} INFO - [2026-08-12T05:33:22.876+0000] {dag.py:4138} INFO - Setting next_dagrun for example_dynamic_task_mapping_with_no_taskflow_operators to 2026-08-11 00:00:00+00:00, run_after=2026-08-12 00:00:00+00:00
[2026-08-12T05:33:22.900+0000] {processor.py:208} INFO - Processing /home/airflow/.local/lib/python3.12/site-packages/airflow/example_dags/example_dynamic_task_mapping_with_no_taskflow_operators.py took 0.098 seconds
[2026-08-12T05:33:53.205+0000] {processor.py:186} INFO - Started process (PID=7579) to work on /home/airflow/.local/lib/python3.12/site-packages/airflow/example_dags/example_dynamic_task_mapping_with_no_taskflow_operators.py
[2026-08-12T05:33:53.208+0000] {processor.py:914} INFO - Processing file /home/airflow/.local/lib/python3.12/site-packages/airflow/example_dags/example_dynamic_task_mapping_with_no_taskflow_operators.py for tasks to queue
[2026-08-12T05:33:53.212+0000] {logging_mixin.py:190} INFO - [2026-08-12T05:33:53.212+0000] {dagbag.py:587} INFO - Filling up the DagBag from /home/airflow/.local/lib/python3.12/site-packages/airflow/example_dags/example_dynamic_task_mapping_with_no_taskflow_operators.py
[2026-08-12T05:33:53.229+0000] {processor.py:925} INFO - DAG(s) 'example_dynamic_task_mapping_with_no_taskflow_operators' retrieved from /home/airflow/.local/lib/python3.12/site-packages/airflow/example_dags/example_dynamic_task_mapping_with_no_taskflow_operators.py
[2026-08-12T05:33:53.256+0000] {logging_mixin.py:190} INFO - [2026-08-12T05:33:53.256+0000] {dag.py:3211} INFO - Sync 1 DAGs
[2026-08-12T05:33:53.287+0000] {logging_mixin.py:190} INFO - [2026-08-12T05:33:53.286+0000] {dag.py:4138} INFO - Setting next_dagrun for example_dynamic_task_mapping_with_no_taskflow_operators to 2026-08-11 00:00:00+00:00, run_after=2026-08-12 00:00:00+00:00
[2026-08-12T05:33:53.315+0000] {processor.py:208} INFO - Processing /home/airflow/.local/lib/python3.12/site-packages/airflow/example_dags/example_dynamic_task_mapping_with_no_taskflow_operators.py took 0.120 seconds
[2026-08-12T05:34:23.821+0000] {processor.py:186} INFO - Started process (PID=7642) to work on /home/airflow/.local/lib/python3.12/site-packages/airflow/example_dags/example_dynamic_task_mapping_with_no_taskflow_operators.py
[2026-08-12T05:34:23.824+0000] {processor.py:914} INFO - Processing file /home/airflow/.local/lib/python3.12/site-packages/airflow/example_dags/example_dynamic_task_mapping_with_no_taskflow_operators.py for tasks to queue
[2026-08-12T05:34:23.829+0000] {logging_mixin.py:190} INFO - [2026-08-12T05:34:23.829+0000] {dagbag.py:587} INFO - Filling up the DagBag from /home/airflow/.local/lib/python3.12/site-packages/airflow/example_dags/example_dynamic_task_mapping_with_no_taskflow_operators.py
[2026-08-12T05:34:23.840+0000] {processor.py:925} INFO - DAG(s) 'example_dynamic_task_mapping_with_no_taskflow_operators' retrieved from /home/airflow/.local/lib/python3.12/site-packages/airflow/example_dags/example_dynamic_task_mapping_with_no_taskflow_operators.py
[2026-08-12T05:34:23.868+0000] {logging_mixin.py:190} INFO - [2026-08-12T05:34:23.868+0000] {dag.py:3211} INFO - Sync 1 DAGs
[2026-08-12T05:34:23.900+0000] {logging_mixin.py:190} INFO - [2026-08-12T05:34:23.900+0000] {dag.py:4138} INFO - Setting next_dagrun for example_dynamic_task_mapping_with_no_taskflow_operators to 2026-08-11 00:00:00+00:00, run_after=2026-08-12 00:00:00+00:00
[2026-08-12T05:34:23.932+0000] {processor.py:208} INFO - Processing /home/airflow/.local/lib/python3.12/site-packages/airflow/example_dags/example_dynamic_task_mapping_with_no_taskflow_operators.py took 0.119 seconds
[2026-08-12T05:34:54.319+0000] {processor.py:186} INFO - Started process (PID=7705) to work on /home/airflow/.local/lib/python3.12/site-packages/airflow/example_dags/example_dynamic_task_mapping_with_no_taskflow_operators.py
[2026-08-12T05:34:54.323+0000] {processor.py:914} INFO - Processing file /home/airflow/.local/lib/python3.12/site-packages/airflow/example_dags/example_dynamic_task_mapping_with_no_taskflow_operators.py for tasks to queue
[2026-08-12T05:34:54.334+0000] {logging_mixin.py:190} INFO - [2026-08-12T05:34:54.332+0000] {dagbag.py:587} INFO - Filling up the DagBag from /home/airflow/.local/lib/python3.12/site-packages/airflow/example_dags/example_dynamic_task_mapping_with_no_taskflow_operators.py
[2026-08-12T05:34:54.355+0000] {processor.py:925} INFO - DAG(s) 'example_dynamic_task_mapping_with_no_taskflow_operators' retrieved from /home/airflow/.local/lib/python3.12/site-packages/airflow/example_dags/example_dynamic_task_mapping_with_no_taskflow_operators.py
[2026-08-12T05:34:54.403+0000] {logging_mixin.py:190} INFO - [2026-08-12T05:34:54.403+0000] {dag.py:3211} INFO - Sync 1 DAGs
[2026-08-12T05:34:54.450+0000] {logging_mixin.py:190} INFO - [2026-08-12T05:34:54.449+0000] {dag.py:4138} INFO - Setting next_dagrun for example_dynamic_task_mapping_with_no_taskflow_operators to 2026-08-11 00:00:00+00:00, run_after=2026-08-12 00:00:00+00:00
[2026-08-12T05:34:54.486+0000] {processor.py:208} INFO - Processing /home/airflow/.local/lib/python3.12/site-packages/airflow/example_dags/example_dynamic_task_mapping_with_no_taskflow_operators.py took 0.190 seconds
[2026-08-12T05:35:24.777+0000] {processor.py:186} INFO - Started process (PID=7768) to work on /home/airflow/.local/lib/python3.12/site-packages/airflow/example_dags/example_dynamic_task_mapping_with_no_taskflow_operators.py
[2026-08-12T05:35:24.781+0000] {processor.py:914} INFO - Processing file /home/airflow/.local/lib/python3.12/site-packages/airflow/example_dags/example_dynamic_task_mapping_with_no_taskflow_operators.py for tasks to queue
[2026-08-12T05:35:24.788+0000] {logging_mixin.py:190} INFO - [2026-08-12T05:35:24.787+0000] {dagbag.py:587} INFO - Filling up the DagBag from /home/airflow/.local/lib/python3.12/site-packages/airflow/example_dags/example_dynamic_task_mapping_with_no_taskflow_operators.py
[2026-08-12T05:35:24.804+0000] {processor.py:925} INFO - DAG(s) 'example_dynamic_task_mapping_with_no_taskflow_operators' retrieved from /home/airflow/.local/lib/python3.12/site-packages/airflow/example_dags/example_dynamic_task_mapping_with_no_taskflow_operators.py
[2026-08-12T05:35:24.831+0000] {logging_mixin.py:190} INFO - [2026-08-12T05:35:24.831+0000] {dag.py:3211} INFO - Sync 1 DAGs
[2026-08-12T05:35:24.858+0000] {logging_mixin.py:190} INFO - [2026-08-12T05:35:24.857+0000] {dag.py:4138} INFO - Setting next_dagrun for example_dynamic_task_mapping_with_no_taskflow_operators to 2026-08-11 00:00:00+00:00, run_after=2026-08-12 00:00:00+00:00
[2026-08-12T05:35:24.887+0000] {processor.py:208} INFO - Processing /home/airflow/.local/lib/python3.12/site-packages/airflow/example_dags/example_dynamic_task_mapping_with_no_taskflow_operators.py took 0.123 seconds
[2026-08-12T05:35:55.141+0000] {processor.py:186} INFO - Started process (PID=7831) to work on /home/airflow/.local/lib/python3.12/site-packages/airflow/example_dags/example_dynamic_task_mapping_with_no_taskflow_operators.py
[2026-08-12T05:35:55.143+0000] {processor.py:914} INFO - Processing file /home/airflow/.local/lib/python3.12/site-packages/airflow/example_dags/example_dynamic_task_mapping_with_no_taskflow_operators.py for tasks to queue
[2026-08-12T05:35:55.149+0000] {logging_mixin.py:190} INFO - [2026-08-12T05:35:55.148+0000] {dagbag.py:587} INFO - Filling up the DagBag from /home/airflow/.local/lib/python3.12/site-packages/airflow/example_dags/example_dynamic_task_mapping_with_no_taskflow_operators.py
[2026-08-12T05:35:55.159+0000] {processor.py:925} INFO - DAG(s) 'example_dynamic_task_mapping_with_no_taskflow_operators' retrieved from /home/airflow/.local/lib/python3.12/site-packages/airflow/example_dags/example_dynamic_task_mapping_with_no_taskflow_operators.py
[2026-08-12T05:35:55.185+0000] {logging_mixin.py:190} INFO - [2026-08-12T05:35:55.184+0000] {dag.py:3211} INFO - Sync 1 DAGs
[2026-08-12T05:35:55.213+0000] {logging_mixin.py:190} INFO - [2026-08-12T05:35:55.213+0000] {dag.py:4138} INFO - Setting next_dagrun for example_dynamic_task_mapping_with_no_taskflow_operators to 2026-08-11 00:00:00+00:00, run_after=2026-08-12 00:00:00+00:00
[2026-08-12T05:35:55.240+0000] {processor.py:208} INFO - Processing /home/airflow/.local/lib/python3.12/site-packages/airflow/example_dags/example_dynamic_task_mapping_with_no_taskflow_operators.py took 0.105 seconds
[2026-08-12T05:36:25.633+0000] {processor.py:186} INFO - Started process (PID=7894) to work on /home/airflow/.local/lib/python3.12/site-packages/airflow/example_dags/example_dynamic_task_mapping_with_no_taskflow_operators.py
[2026-08-12T05:36:25.636+0000] {processor.py:914} INFO - Processing file /home/airflow/.local/lib/python3.12/site-packages/airflow/example_dags/example_dynamic_task_mapping_with_no_taskflow_operators.py for tasks to queue
[2026-08-12T05:36:25.640+0000] {logging_mixin.py:190} INFO - [2026-08-12T05:36:25.639+0000] {dagbag.py:587} INFO - Filling up the DagBag from /home/airflow/.local/lib/python3.12/site-packages/airflow/example_dags/example_dynamic_task_mapping_with_no_taskflow_operators.py
[2026-08-12T05:36:25.655+0000] {processor.py:925} INFO - DAG(s) 'example_dynamic_task_mapping_with_no_taskflow_operators' retrieved from /home/airflow/.local/lib/python3.12/site-packages/airflow/example_dags/example_dynamic_task_mapping_with_no_taskflow_operators.py
[2026-08-12T05:36:25.681+0000] {logging_mixin.py:190} INFO - [2026-08-12T05:36:25.681+0000] {dag.py:3211} INFO - Sync 1 DAGs
[2026-08-12T05:36:25.709+0000] {logging_mixin.py:190} INFO - [2026-08-12T05:36:25.709+0000] {dag.py:4138} INFO - Setting next_dagrun for example_dynamic_task_mapping_with_no_taskflow_operators to 2026-08-11 00:00:00+00:00, run_after=2026-08-12 00:00:00+00:00
[2026-08-12T05:36:25.733+0000] {processor.py:208} INFO - Processing /home/airflow/.local/lib/python3.12/site-packages/airflow/example_dags/example_dynamic_task_mapping_with_no_taskflow_operators.py took 0.106 seconds
[2026-08-12T05:36:56.001+0000] {processor.py:186} INFO - Started process (PID=7958) to work on /home/airflow/.local/lib/python3.12/site-packages/airflow/example_dags/example_dynamic_task_mapping_with_no_taskflow_operators.py
[2026-08-12T05:36:56.005+0000] {processor.py:914} INFO - Processing file /home/airflow/.local/lib/python3.12/site-packages/airflow/example_dags/example_dynamic_task_mapping_with_no_taskflow_operators.py for tasks to queue
[2026-08-12T05:36:56.013+0000] {logging_mixin.py:190} INFO - [2026-08-12T05:36:56.013+0000] {dagbag.py:587} INFO - Filling up the DagBag from /home/airflow/.local/lib/python3.12/site-packages/airflow/example_dags/example_dynamic_task_mapping_with_no_taskflow_operators.py
[2026-08-12T05:36:56.028+0000] {processor.py:925} INFO - DAG(s) 'example_dynamic_task_mapping_with_no_taskflow_operators' retrieved from /home/airflow/.local/lib/python3.12/site-packages/airflow/example_dags/example_dynamic_task_mapping_with_no_taskflow_operators.py
[2026-08-12T05:36:56.051+0000] {logging_mixin.py:190} INFO - [2026-08-12T05:36:56.050+0000] {dag.py:3211} INFO - Sync 1 DAGs
[2026-08-12T05:36:56.077+0000] {logging_mixin.py:190} INFO - [2026-08-12T05:36:56.077+0000] {dag.py:4138} INFO - Setting next_dagrun for example_dynamic_task_mapping_with_no_taskflow_operators to 2026-08-11 00:00:00+00:00, run_after=2026-08-12 00:00:00+00:00
[2026-08-12T05:36:56.102+0000] {processor.py:208} INFO - Processing /home/airflow/.local/lib/python3.12/site-packages/airflow/example_dags/example_dynamic_task_mapping_with_no_taskflow_operators.py took 0.108 seconds
[2026-08-12T05:37:26.932+0000] {processor.py:186} INFO - Started process (PID=8021) to work on /home/airflow/.local/lib/python3.12/site-packages/airflow/example_dags/example_dynamic_task_mapping_with_no_taskflow_operators.py
[2026-08-12T05:37:26.934+0000] {processor.py:914} INFO - Processing file /home/airflow/.local/lib/python3.12/site-packages/airflow/example_dags/example_dynamic_task_mapping_with_no_taskflow_operators.py for tasks to queue
[2026-08-12T05:37:26.938+0000] {logging_mixin.py:190} INFO - [2026-08-12T05:37:26.938+0000] {dagbag.py:587} INFO - Filling up the DagBag from /home/airflow/.local/lib/python3.12/site-packages/airflow/example_dags/example_dynamic_task_mapping_with_no_taskflow_operators.py
[2026-08-12T05:37:26.950+0000] {processor.py:925} INFO - DAG(s) 'example_dynamic_task_mapping_with_no_taskflow_operators' retrieved from /home/airflow/.local/lib/python3.12/site-packages/airflow/example_dags/example_dynamic_task_mapping_with_no_taskflow_operators.py
[2026-08-12T05:37:26.971+0000] {logging_mixin.py:190} INFO - [2026-08-12T05:37:26.971+0000] {dag.py:3211} INFO - Sync 1 DAGs
[2026-08-12T05:37:26.995+0000] {logging_mixin.py:190} INFO - [2026-08-12T05:37:26.995+0000] {dag.py:4138} INFO - Setting next_dagrun for example_dynamic_task_mapping_with_no_taskflow_operators to 2026-08-11 00:00:00+00:00, run_after=2026-08-12 00:00:00+00:00
[2026-08-12T05:37:27.019+0000] {processor.py:208} INFO - Processing /home/airflow/.local/lib/python3.12/site-packages/airflow/example_dags/example_dynamic_task_mapping_with_no_taskflow_operators.py took 0.094 seconds
[2026-08-12T05:37:57.118+0000] {processor.py:186} INFO - Started process (PID=8083) to work on /home/airflow/.local/lib/python3.12/site-packages/airflow/example_dags/example_dynamic_task_mapping_with_no_taskflow_operators.py
[2026-08-12T05:37:57.121+0000] {processor.py:914} INFO - Processing file /home/airflow/.local/lib/python3.12/site-packages/airflow/example_dags/example_dynamic_task_mapping_with_no_taskflow_operators.py for tasks to queue
[2026-08-12T05:37:57.126+0000] {logging_mixin.py:190} INFO - [2026-08-12T05:37:57.125+0000] {dagbag.py:587} INFO - Filling up the DagBag from /home/airflow/.local/lib/python3.12/site-packages/airflow/example_dags/example_dynamic_task_mapping_with_no_taskflow_operators.py
[2026-08-12T05:37:57.140+0000] {processor.py:925} INFO - DAG(s) 'example_dynamic_task_mapping_with_no_taskflow_operators' retrieved from /home/airflow/.local/lib/python3.12/site-packages/airflow/example_dags/example_dynamic_task_mapping_with_no_taskflow_operators.py
[2026-08-12T05:37:57.172+0000] {logging_mixin.py:190} INFO - [2026-08-12T05:37:57.172+0000] {dag.py:3211} INFO - Sync 1 DAGs
[2026-08-12T05:37:57.203+0000] {logging_mixin.py:190} INFO - [2026-08-12T05:37:57.203+0000] {dag.py:4138} INFO - Setting next_dagrun for example_dynamic_task_mapping_with_no_taskflow_operators to 2026-08-11 00:00:00+00:00, run_after=2026-08-12 00:00:00+00:00
[2026-08-12T05:37:57.227+0000] {processor.py:208} INFO - Processing /home/airflow/.local/lib/python3.12/site-packages/airflow/example_dags/example_dynamic_task_mapping_with_no_taskflow_operators.py took 0.115 seconds
[2026-08-12T05:38:27.629+0000] {processor.py:186} INFO - Started process (PID=8147) to work on /home/airflow/.local/lib/python3.12/site-packages/airflow/example_dags/example_dynamic_task_mapping_with_no_taskflow_operators.py
[2026-08-12T05:38:27.632+0000] {processor.py:914} INFO - Processing file /home/airflow/.local/lib/python3.12/site-packages/airflow/example_dags/example_dynamic_task_mapping_with_no_taskflow_operators.py for tasks to queue
[2026-08-12T05:38:27.636+0000] {logging_mixin.py:190} INFO - [2026-08-12T05:38:27.636+0000] {dagbag.py:587} INFO - Filling up the DagBag from /home/airflow/.local/lib/python3.12/site-packages/airflow/example_dags/example_dynamic_task_mapping_with_no_taskflow_operators.py
[2026-08-12T05:38:27.649+0000] {processor.py:925} INFO - DAG(s) 'example_dynamic_task_mapping_with_no_taskflow_operators' retrieved from /home/airflow/.local/lib/python3.12/site-packages/airflow/example_dags/example_dynamic_task_mapping_with_no_taskflow_operators.py
[2026-08-12T05:38:27.680+0000] {logging_mixin.py:190} INFO - [2026-08-12T05:38:27.680+0000] {dag.py:3211} INFO - Sync 1 DAGs
[2026-08-12T05:38:27.714+0000] {logging_mixin.py:190} INFO - [2026-08-12T05:38:27.714+0000] {dag.py:4138} INFO - Setting next_dagrun for example_dynamic_task_mapping_with_no_taskflow_operators to 2026-08-11 00:00:00+00:00, run_after=2026-08-12 00:00:00+00:00
[2026-08-12T05:38:27.745+0000] {processor.py:208} INFO - Processing /home/airflow/.local/lib/python3.12/site-packages/airflow/example_dags/example_dynamic_task_mapping_with_no_taskflow_operators.py took 0.123 seconds
[2026-08-12T05:38:58.100+0000] {processor.py:186} INFO - Started process (PID=8210) to work on /home/airflow/.local/lib/python3.12/site-packages/airflow/example_dags/example_dynamic_task_mapping_with_no_taskflow_operators.py
[2026-08-12T05:38:58.103+0000] {processor.py:914} INFO - Processing file /home/airflow/.local/lib/python3.12/site-packages/airflow/example_dags/example_dynamic_task_mapping_with_no_taskflow_operators.py for tasks to queue
[2026-08-12T05:38:58.107+0000] {logging_mixin.py:190} INFO - [2026-08-12T05:38:58.107+0000] {dagbag.py:587} INFO - Filling up the DagBag from /home/airflow/.local/lib/python3.12/site-packages/airflow/example_dags/example_dynamic_task_mapping_with_no_taskflow_operators.py
[2026-08-12T05:38:58.121+0000] {processor.py:925} INFO - DAG(s) 'example_dynamic_task_mapping_with_no_taskflow_operators' retrieved from /home/airflow/.local/lib/python3.12/site-packages/airflow/example_dags/example_dynamic_task_mapping_with_no_taskflow_operators.py
[2026-08-12T05:38:58.150+0000] {logging_mixin.py:190} INFO - [2026-08-12T05:38:58.150+0000] {dag.py:3211} INFO - Sync 1 DAGs
[2026-08-12T05:38:58.179+0000] {logging_mixin.py:190} INFO - [2026-08-12T05:38:58.178+0000] {dag.py:4138} INFO - Setting next_dagrun for example_dynamic_task_mapping_with_no_taskflow_operators to 2026-08-11 00:00:00+00:00, run_after=2026-08-12 00:00:00+00:00
[2026-08-12T05:38:58.203+0000] {processor.py:208} INFO - Processing /home/airflow/.local/lib/python3.12/site-packages/airflow/example_dags/example_dynamic_task_mapping_with_no_taskflow_operators.py took 0.112 seconds
[2026-08-12T05:39:28.389+0000] {processor.py:186} INFO - Started process (PID=8274) to work on /home/airflow/.local/lib/python3.12/site-packages/airflow/example_dags/example_dynamic_task_mapping_with_no_taskflow_operators.py
[2026-08-12T05:39:28.392+0000] {processor.py:914} INFO - Processing file /home/airflow/.local/lib/python3.12/site-packages/airflow/example_dags/example_dynamic_task_mapping_with_no_taskflow_operators.py for tasks to queue
[2026-08-12T05:39:28.396+0000] {logging_mixin.py:190} INFO - [2026-08-12T05:39:28.395+0000] {dagbag.py:587} INFO - Filling up the DagBag from /home/airflow/.local/lib/python3.12/site-packages/airflow/example_dags/example_dynamic_task_mapping_with_no_taskflow_operators.py
[2026-08-12T05:39:28.407+0000] {processor.py:925} INFO - DAG(s) 'example_dynamic_task_mapping_with_no_taskflow_operators' retrieved from /home/airflow/.local/lib/python3.12/site-packages/airflow/example_dags/example_dynamic_task_mapping_with_no_taskflow_operators.py
[2026-08-12T05:39:28.430+0000] {logging_mixin.py:190} INFO - [2026-08-12T05:39:28.429+0000] {dag.py:3211} INFO - Sync 1 DAGs
[2026-08-12T05:39:28.458+0000] {logging_mixin.py:190} INFO - [2026-08-12T05:39:28.458+0000] {dag.py:4138} INFO - Setting next_dagrun for example_dynamic_task_mapping_with_no_taskflow_operators to 2026-08-11 00:00:00+00:00, run_after=2026-08-12 00:00:00+00:00
[2026-08-12T05:39:28.483+0000] {processor.py:208} INFO - Processing /home/airflow/.local/lib/python3.12/site-packages/airflow/example_dags/example_dynamic_task_mapping_with_no_taskflow_operators.py took 0.101 seconds
[2026-08-12T05:39:59.182+0000] {processor.py:186} INFO - Started process (PID=8337) to work on /home/airflow/.local/lib/python3.12/site-packages/airflow/example_dags/example_dynamic_task_mapping_with_no_taskflow_operators.py
[2026-08-12T05:39:59.187+0000] {processor.py:914} INFO - Processing file /home/airflow/.local/lib/python3.12/site-packages/airflow/example_dags/example_dynamic_task_mapping_with_no_taskflow_operators.py for tasks to queue
[2026-08-12T05:39:59.194+0000] {logging_mixin.py:190} INFO - [2026-08-12T05:39:59.194+0000] {dagbag.py:587} INFO - Filling up the DagBag from /home/airflow/.local/lib/python3.12/site-packages/airflow/example_dags/example_dynamic_task_mapping_with_no_taskflow_operators.py
[2026-08-12T05:39:59.210+0000] {processor.py:925} INFO - DAG(s) 'example_dynamic_task_mapping_with_no_taskflow_operators' retrieved from /home/airflow/.local/lib/python3.12/site-packages/airflow/example_dags/example_dynamic_task_mapping_with_no_taskflow_operators.py
[2026-08-12T05:39:59.239+0000] {logging_mixin.py:190} INFO - [2026-08-12T05:39:59.239+0000] {dag.py:3211} INFO - Sync 1 DAGs
[2026-08-12T05:39:59.267+0000] {logging_mixin.py:190} INFO - [2026-08-12T05:39:59.267+0000] {dag.py:4138} INFO - Setting next_dagrun for example_dynamic_task_mapping_with_no_taskflow_operators to 2026-08-11 00:00:00+00:00, run_after=2026-08-12 00:00:00+00:00
[2026-08-12T05:39:59.294+0000] {processor.py:208} INFO - Processing /home/airflow/.local/lib/python3.12/site-packages/airflow/example_dags/example_dynamic_task_mapping_with_no_taskflow_operators.py took 0.128 seconds
[2026-08-12T05:40:29.488+0000] {processor.py:186} INFO - Started process (PID=8400) to work on /home/airflow/.local/lib/python3.12/site-packages/airflow/example_dags/example_dynamic_task_mapping_with_no_taskflow_operators.py
[2026-08-12T05:40:29.491+0000] {processor.py:914} INFO - Processing file /home/airflow/.local/lib/python3.12/site-packages/airflow/example_dags/example_dynamic_task_mapping_with_no_taskflow_operators.py for tasks to queue
[2026-08-12T05:40:29.496+0000] {logging_mixin.py:190} INFO - [2026-08-12T05:40:29.496+0000] {dagbag.py:587} INFO - Filling up the DagBag from /home/airflow/.local/lib/python3.12/site-packages/airflow/example_dags/example_dynamic_task_mapping_with_no_taskflow_operators.py
[2026-08-12T05:40:29.509+0000] {processor.py:925} INFO - DAG(s) 'example_dynamic_task_mapping_with_no_taskflow_operators' retrieved from /home/airflow/.local/lib/python3.12/site-packages/airflow/example_dags/example_dynamic_task_mapping_with_no_taskflow_operators.py
[2026-08-12T05:40:29.532+0000] {logging_mixin.py:190} INFO - [2026-08-12T05:40:29.532+0000] {dag.py:3211} INFO - Sync 1 DAGs
[2026-08-12T05:40:29.556+0000] {logging_mixin.py:190} INFO - [2026-08-12T05:40:29.556+0000] {dag.py:4138} INFO - Setting next_dagrun for example_dynamic_task_mapping_with_no_taskflow_operators to 2026-08-11 00:00:00+00:00, run_after=2026-08-12 00:00:00+00:00
[2026-08-12T05:40:29.577+0000] {processor.py:208} INFO - Processing /home/airflow/.local/lib/python3.12/site-packages/airflow/example_dags/example_dynamic_task_mapping_with_no_taskflow_operators.py took 0.100 seconds
[2026-08-12T05:40:59.786+0000] {processor.py:186} INFO - Started process (PID=8463) to work on /home/airflow/.local/lib/python3.12/site-packages/airflow/example_dags/example_dynamic_task_mapping_with_no_taskflow_operators.py
[2026-08-12T05:40:59.788+0000] {processor.py:914} INFO - Processing file /home/airflow/.local/lib/python3.12/site-packages/airflow/example_dags/example_dynamic_task_mapping_with_no_taskflow_operators.py for tasks to queue
[2026-08-12T05:40:59.794+0000] {logging_mixin.py:190} INFO - [2026-08-12T05:40:59.793+0000] {dagbag.py:587} INFO - Filling up the DagBag from /home/airflow/.local/lib/python3.12/site-packages/airflow/example_dags/example_dynamic_task_mapping_with_no_taskflow_operators.py
[2026-08-12T05:40:59.807+0000] {processor.py:925} INFO - DAG(s) 'example_dynamic_task_mapping_with_no_taskflow_operators' retrieved from /home/airflow/.local/lib/python3.12/site-packages/airflow/example_dags/example_dynamic_task_mapping_with_no_taskflow_operators.py
[2026-08-12T05:40:59.834+0000] {logging_mixin.py:190} INFO - [2026-08-12T05:40:59.834+0000] {dag.py:3211} INFO - Sync 1 DAGs
[2026-08-12T05:40:59.862+0000] {logging_mixin.py:190} INFO - [2026-08-12T05:40:59.862+0000] {dag.py:4138} INFO - Setting next_dagrun for example_dynamic_task_mapping_with_no_taskflow_operators to 2026-08-11 00:00:00+00:00, run_after=2026-08-12 00:00:00+00:00
[2026-08-12T05:40:59.886+0000] {processor.py:208} INFO - Processing /home/airflow/.local/lib/python3.12/site-packages/airflow/example_dags/example_dynamic_task_mapping_with_no_taskflow_operators.py took 0.107 seconds
[2026-08-12T05:41:30.324+0000] {processor.py:186} INFO - Started process (PID=8526) to work on /home/airflow/.local/lib/python3.12/site-packages/airflow/example_dags/example_dynamic_task_mapping_with_no_taskflow_operators.py
[2026-08-12T05:41:30.326+0000] {processor.py:914} INFO - Processing file /home/airflow/.local/lib/python3.12/site-packages/airflow/example_dags/example_dynamic_task_mapping_with_no_taskflow_operators.py for tasks to queue
[2026-08-12T05:41:30.331+0000] {logging_mixin.py:190} INFO - [2026-08-12T05:41:30.330+0000] {dagbag.py:587} INFO - Filling up the DagBag from /home/airflow/.local/lib/python3.12/site-packages/airflow/example_dags/example_dynamic_task_mapping_with_no_taskflow_operators.py
[2026-08-12T05:41:30.342+0000] {processor.py:925} INFO - DAG(s) 'example_dynamic_task_mapping_with_no_taskflow_operators' retrieved from /home/airflow/.local/lib/python3.12/site-packages/airflow/example_dags/example_dynamic_task_mapping_with_no_taskflow_operators.py
[2026-08-12T05:41:30.365+0000] {logging_mixin.py:190} INFO - [2026-08-12T05:41:30.365+0000] {dag.py:3211} INFO - Sync 1 DAGs
[2026-08-12T05:41:30.389+0000] {logging_mixin.py:190} INFO - [2026-08-12T05:41:30.389+0000] {dag.py:4138} INFO - Setting next_dagrun for example_dynamic_task_mapping_with_no_taskflow_operators to 2026-08-11 00:00:00+00:00, run_after=2026-08-12 00:00:00+00:00
[2026-08-12T05:41:30.418+0000] {processor.py:208} INFO - Processing /home/airflow/.local/lib/python3.12/site-packages/airflow/example_dags/example_dynamic_task_mapping_with_no_taskflow_operators.py took 0.101 seconds
[2026-08-12T05:42:00.713+0000] {processor.py:186} INFO - Started process (PID=8589) to work on /home/airflow/.local/lib/python3.12/site-packages/airflow/example_dags/example_dynamic_task_mapping_with_no_taskflow_operators.py
[2026-08-12T05:42:00.715+0000] {processor.py:914} INFO - Processing file /home/airflow/.local/lib/python3.12/site-packages/airflow/example_dags/example_dynamic_task_mapping_with_no_taskflow_operators.py for tasks to queue
[2026-08-12T05:42:00.719+0000] {logging_mixin.py:190} INFO - [2026-08-12T05:42:00.719+0000] {dagbag.py:587} INFO - Filling up the DagBag from /home/airflow/.local/lib/python3.12/site-packages/airflow/example_dags/example_dynamic_task_mapping_with_no_taskflow_operators.py
[2026-08-12T05:42:00.731+0000] {processor.py:925} INFO - DAG(s) 'example_dynamic_task_mapping_with_no_taskflow_operators' retrieved from /home/airflow/.local/lib/python3.12/site-packages/airflow/example_dags/example_dynamic_task_mapping_with_no_taskflow_operators.py
[2026-08-12T05:42:00.755+0000] {logging_mixin.py:190} INFO - [2026-08-12T05:42:00.755+0000] {dag.py:3211} INFO - Sync 1 DAGs
[2026-08-12T05:42:00.784+0000] {logging_mixin.py:190} INFO - [2026-08-12T05:42:00.784+0000] {dag.py:4138} INFO - Setting next_dagrun for example_dynamic_task_mapping_with_no_taskflow_operators to 2026-08-11 00:00:00+00:00, run_after=2026-08-12 00:00:00+00:00
[2026-08-12T05:42:00.815+0000] {processor.py:208} INFO - Processing /home/airflow/.local/lib/python3.12/site-packages/airflow/example_dags/example_dynamic_task_mapping_with_no_taskflow_operators.py took 0.108 seconds
[2026-08-12T05:42:31.538+0000] {processor.py:186} INFO - Started process (PID=8652) to work on /home/airflow/.local/lib/python3.12/site-packages/airflow/example_dags/example_dynamic_task_mapping_with_no_taskflow_operators.py
[2026-08-12T05:42:31.540+0000] {processor.py:914} INFO - Processing file /home/airflow/.local/lib/python3.12/site-packages/airflow/example_dags/example_dynamic_task_mapping_with_no_taskflow_operators.py for tasks to queue
[2026-08-12T05:42:31.547+0000] {logging_mixin.py:190} INFO - [2026-08-12T05:42:31.547+0000] {dagbag.py:587} INFO - Filling up the DagBag from /home/airflow/.local/lib/python3.12/site-packages/airflow/example_dags/example_dynamic_task_mapping_with_no_taskflow_operators.py
[2026-08-12T05:42:31.564+0000] {processor.py:925} INFO - DAG(s) 'example_dynamic_task_mapping_with_no_taskflow_operators' retrieved from /home/airflow/.local/lib/python3.12/site-packages/airflow/example_dags/example_dynamic_task_mapping_with_no_taskflow_operators.py
[2026-08-12T05:42:31.591+0000] {logging_mixin.py:190} INFO - [2026-08-12T05:42:31.591+0000] {dag.py:3211} INFO - Sync 1 DAGs
[2026-08-12T05:42:31.618+0000] {logging_mixin.py:190} INFO - [2026-08-12T05:42:31.618+0000] {dag.py:4138} INFO - Setting next_dagrun for example_dynamic_task_mapping_with_no_taskflow_operators to 2026-08-11 00:00:00+00:00, run_after=2026-08-12 00:00:00+00:00
[2026-08-12T05:42:31.644+0000] {processor.py:208} INFO - Processing /home/airflow/.local/lib/python3.12/site-packages/airflow/example_dags/example_dynamic_task_mapping_with_no_taskflow_operators.py took 0.119 seconds
[2026-08-12T05:43:02.295+0000] {processor.py:186} INFO - Started process (PID=8715) to work on /home/airflow/.local/lib/python3.12/site-packages/airflow/example_dags/example_dynamic_task_mapping_with_no_taskflow_operators.py
[2026-08-12T05:43:02.298+0000] {processor.py:914} INFO - Processing file /home/airflow/.local/lib/python3.12/site-packages/airflow/example_dags/example_dynamic_task_mapping_with_no_taskflow_operators.py for tasks to queue
[2026-08-12T05:43:02.303+0000] {logging_mixin.py:190} INFO - [2026-08-12T05:43:02.303+0000] {dagbag.py:587} INFO - Filling up the DagBag from /home/airflow/.local/lib/python3.12/site-packages/airflow/example_dags/example_dynamic_task_mapping_with_no_taskflow_operators.py
[2026-08-12T05:43:02.314+0000] {processor.py:925} INFO - DAG(s) 'example_dynamic_task_mapping_with_no_taskflow_operators' retrieved from /home/airflow/.local/lib/python3.12/site-packages/airflow/example_dags/example_dynamic_task_mapping_with_no_taskflow_operators.py
[2026-08-12T05:43:02.340+0000] {logging_mixin.py:190} INFO - [2026-08-12T05:43:02.340+0000] {dag.py:3211} INFO - Sync 1 DAGs
[2026-08-12T05:43:02.371+0000] {logging_mixin.py:190} INFO - [2026-08-12T05:43:02.371+0000] {dag.py:4138} INFO - Setting next_dagrun for example_dynamic_task_mapping_with_no_taskflow_operators to 2026-08-11 00:00:00+00:00, run_after=2026-08-12 00:00:00+00:00
[2026-08-12T05:43:02.391+0000] {processor.py:208} INFO - Processing /home/airflow/.local/lib/python3.12/site-packages/airflow/example_dags/example_dynamic_task_mapping_with_no_taskflow_operators.py took 0.103 seconds
[2026-08-12T05:43:33.012+0000] {processor.py:186} INFO - Started process (PID=8778) to work on /home/airflow/.local/lib/python3.12/site-packages/airflow/example_dags/example_dynamic_task_mapping_with_no_taskflow_operators.py
[2026-08-12T05:43:33.014+0000] {processor.py:914} INFO - Processing file /home/airflow/.local/lib/python3.12/site-packages/airflow/example_dags/example_dynamic_task_mapping_with_no_taskflow_operators.py for tasks to queue
[2026-08-12T05:43:33.019+0000] {logging_mixin.py:190} INFO - [2026-08-12T05:43:33.018+0000] {dagbag.py:587} INFO - Filling up the DagBag from /home/airflow/.local/lib/python3.12/site-packages/airflow/example_dags/example_dynamic_task_mapping_with_no_taskflow_operators.py
[2026-08-12T05:43:33.031+0000] {processor.py:925} INFO - DAG(s) 'example_dynamic_task_mapping_with_no_taskflow_operators' retrieved from /home/airflow/.local/lib/python3.12/site-packages/airflow/example_dags/example_dynamic_task_mapping_with_no_taskflow_operators.py
[2026-08-12T05:43:33.056+0000] {logging_mixin.py:190} INFO - [2026-08-12T05:43:33.056+0000] {dag.py:3211} INFO - Sync 1 DAGs
[2026-08-12T05:43:33.084+0000] {logging_mixin.py:190} INFO - [2026-08-12T05:43:33.084+0000] {dag.py:4138} INFO - Setting next_dagrun for example_dynamic_task_mapping_with_no_taskflow_operators to 2026-08-11 00:00:00+00:00, run_after=2026-08-12 00:00:00+00:00
[2026-08-12T05:43:33.112+0000] {processor.py:208} INFO - Processing /home/airflow/.local/lib/python3.12/site-packages/airflow/example_dags/example_dynamic_task_mapping_with_no_taskflow_operators.py took 0.109 seconds
[2026-08-12T05:44:03.612+0000] {processor.py:186} INFO - Started process (PID=8841) to work on /home/airflow/.local/lib/python3.12/site-packages/airflow/example_dags/example_dynamic_task_mapping_with_no_taskflow_operators.py
[2026-08-12T05:44:03.614+0000] {processor.py:914} INFO - Processing file /home/airflow/.local/lib/python3.12/site-packages/airflow/example_dags/example_dynamic_task_mapping_with_no_taskflow_operators.py for tasks to queue
[2026-08-12T05:44:03.619+0000] {logging_mixin.py:190} INFO - [2026-08-12T05:44:03.618+0000] {dagbag.py:587} INFO - Filling up the DagBag from /home/airflow/.local/lib/python3.12/site-packages/airflow/example_dags/example_dynamic_task_mapping_with_no_taskflow_operators.py
[2026-08-12T05:44:03.635+0000] {processor.py:925} INFO - DAG(s) 'example_dynamic_task_mapping_with_no_taskflow_operators' retrieved from /home/airflow/.local/lib/python3.12/site-packages/airflow/example_dags/example_dynamic_task_mapping_with_no_taskflow_operators.py
[2026-08-12T05:44:03.666+0000] {logging_mixin.py:190} INFO - [2026-08-12T05:44:03.666+0000] {dag.py:3211} INFO - Sync 1 DAGs
[2026-08-12T05:44:03.696+0000] {logging_mixin.py:190} INFO - [2026-08-12T05:44:03.696+0000] {dag.py:4138} INFO - Setting next_dagrun for example_dynamic_task_mapping_with_no_taskflow_operators to 2026-08-11 00:00:00+00:00, run_after=2026-08-12 00:00:00+00:00
[2026-08-12T05:44:03.721+0000] {processor.py:208} INFO - Processing /home/airflow/.local/lib/python3.12/site-packages/airflow/example_dags/example_dynamic_task_mapping_with_no_taskflow_operators.py took 0.117 seconds
[2026-08-12T05:44:34.215+0000] {processor.py:186} INFO - Started process (PID=8904) to work on /home/airflow/.local/lib/python3.12/site-packages/airflow/example_dags/example_dynamic_task_mapping_with_no_taskflow_operators.py
[2026-08-12T05:44:34.217+0000] {processor.py:914} INFO - Processing file /home/airflow/.local/lib/python3.12/site-packages/airflow/example_dags/example_dynamic_task_mapping_with_no_taskflow_operators.py for tasks to queue
[2026-08-12T05:44:34.221+0000] {logging_mixin.py:190} INFO - [2026-08-12T05:44:34.221+0000] {dagbag.py:587} INFO - Filling up the DagBag from /home/airflow/.local/lib/python3.12/site-packages/airflow/example_dags/example_dynamic_task_mapping_with_no_taskflow_operators.py
[2026-08-12T05:44:34.235+0000] {processor.py:925} INFO - DAG(s) 'example_dynamic_task_mapping_with_no_taskflow_operators' retrieved from /home/airflow/.local/lib/python3.12/site-packages/airflow/example_dags/example_dynamic_task_mapping_with_no_taskflow_operators.py
[2026-08-12T05:44:34.259+0000] {logging_mixin.py:190} INFO - [2026-08-12T05:44:34.259+0000] {dag.py:3211} INFO - Sync 1 DAGs
[2026-08-12T05:44:34.292+0000] {logging_mixin.py:190} INFO - [2026-08-12T05:44:34.291+0000] {dag.py:4138} INFO - Setting next_dagrun for example_dynamic_task_mapping_with_no_taskflow_operators to 2026-08-11 00:00:00+00:00, run_after=2026-08-12 00:00:00+00:00
[2026-08-12T05:44:34.316+0000] {processor.py:208} INFO - Processing /home/airflow/.local/lib/python3.12/site-packages/airflow/example_dags/example_dynamic_task_mapping_with_no_taskflow_operators.py took 0.108 seconds
[2026-08-12T05:45:04.579+0000] {processor.py:186} INFO - Started process (PID=8973) to work on /home/airflow/.local/lib/python3.12/site-packages/airflow/example_dags/example_dynamic_task_mapping_with_no_taskflow_operators.py
[2026-08-12T05:45:04.582+0000] {processor.py:914} INFO - Processing file /home/airflow/.local/lib/python3.12/site-packages/airflow/example_dags/example_dynamic_task_mapping_with_no_taskflow_operators.py for tasks to queue
[2026-08-12T05:45:04.586+0000] {logging_mixin.py:190} INFO - [2026-08-12T05:45:04.585+0000] {dagbag.py:587} INFO - Filling up the DagBag from /home/airflow/.local/lib/python3.12/site-packages/airflow/example_dags/example_dynamic_task_mapping_with_no_taskflow_operators.py
[2026-08-12T05:45:04.599+0000] {processor.py:925} INFO - DAG(s) 'example_dynamic_task_mapping_with_no_taskflow_operators' retrieved from /home/airflow/.local/lib/python3.12/site-packages/airflow/example_dags/example_dynamic_task_mapping_with_no_taskflow_operators.py
[2026-08-12T05:45:04.628+0000] {logging_mixin.py:190} INFO - [2026-08-12T05:45:04.627+0000] {dag.py:3211} INFO - Sync 1 DAGs
[2026-08-12T05:45:04.653+0000] {logging_mixin.py:190} INFO - [2026-08-12T05:45:04.653+0000] {dag.py:4138} INFO - Setting next_dagrun for example_dynamic_task_mapping_with_no_taskflow_operators to 2026-08-11 00:00:00+00:00, run_after=2026-08-12 00:00:00+00:00
[2026-08-12T05:45:04.680+0000] {processor.py:208} INFO - Processing /home/airflow/.local/lib/python3.12/site-packages/airflow/example_dags/example_dynamic_task_mapping_with_no_taskflow_operators.py took 0.109 seconds
[2026-08-12T05:45:35.235+0000] {processor.py:186} INFO - Started process (PID=9036) to work on /home/airflow/.local/lib/python3.12/site-packages/airflow/example_dags/example_dynamic_task_mapping_with_no_taskflow_operators.py
[2026-08-12T05:45:35.238+0000] {processor.py:914} INFO - Processing file /home/airflow/.local/lib/python3.12/site-packages/airflow/example_dags/example_dynamic_task_mapping_with_no_taskflow_operators.py for tasks to queue
[2026-08-12T05:45:35.242+0000] {logging_mixin.py:190} INFO - [2026-08-12T05:45:35.242+0000] {dagbag.py:587} INFO - Filling up the DagBag from /home/airflow/.local/lib/python3.12/site-packages/airflow/example_dags/example_dynamic_task_mapping_with_no_taskflow_operators.py
[2026-08-12T05:45:35.254+0000] {processor.py:925} INFO - DAG(s) 'example_dynamic_task_mapping_with_no_taskflow_operators' retrieved from /home/airflow/.local/lib/python3.12/site-packages/airflow/example_dags/example_dynamic_task_mapping_with_no_taskflow_operators.py
[2026-08-12T05:45:35.283+0000] {logging_mixin.py:190} INFO - [2026-08-12T05:45:35.283+0000] {dag.py:3211} INFO - Sync 1 DAGs
[2026-08-12T05:45:35.330+0000] {logging_mixin.py:190} INFO - [2026-08-12T05:45:35.330+0000] {dag.py:4138} INFO - Setting next_dagrun for example_dynamic_task_mapping_with_no_taskflow_operators to 2026-08-11 00:00:00+00:00, run_after=2026-08-12 00:00:00+00:00
[2026-08-12T05:45:35.356+0000] {processor.py:208} INFO - Processing /home/airflow/.local/lib/python3.12/site-packages/airflow/example_dags/example_dynamic_task_mapping_with_no_taskflow_operators.py took 0.127 seconds
[2026-08-12T05:46:06.030+0000] {processor.py:186} INFO - Started process (PID=9099) to work on /home/airflow/.local/lib/python3.12/site-packages/airflow/example_dags/example_dynamic_task_mapping_with_no_taskflow_operators.py
[2026-08-12T05:46:06.032+0000] {processor.py:914} INFO - Processing file /home/airflow/.local/lib/python3.12/site-packages/airflow/example_dags/example_dynamic_task_mapping_with_no_taskflow_operators.py for tasks to queue
[2026-08-12T05:46:06.037+0000] {logging_mixin.py:190} INFO - [2026-08-12T05:46:06.037+0000] {dagbag.py:587} INFO - Filling up the DagBag from /home/airflow/.local/lib/python3.12/site-packages/airflow/example_dags/example_dynamic_task_mapping_with_no_taskflow_operators.py
[2026-08-12T05:46:06.048+0000] {processor.py:925} INFO - DAG(s) 'example_dynamic_task_mapping_with_no_taskflow_operators' retrieved from /home/airflow/.local/lib/python3.12/site-packages/airflow/example_dags/example_dynamic_task_mapping_with_no_taskflow_operators.py
[2026-08-12T05:46:06.071+0000] {logging_mixin.py:190} INFO - [2026-08-12T05:46:06.071+0000] {dag.py:3211} INFO - Sync 1 DAGs
[2026-08-12T05:46:06.096+0000] {logging_mixin.py:190} INFO - [2026-08-12T05:46:06.095+0000] {dag.py:4138} INFO - Setting next_dagrun for example_dynamic_task_mapping_with_no_taskflow_operators to 2026-08-11 00:00:00+00:00, run_after=2026-08-12 00:00:00+00:00
[2026-08-12T05:46:06.116+0000] {processor.py:208} INFO - Processing /home/airflow/.local/lib/python3.12/site-packages/airflow/example_dags/example_dynamic_task_mapping_with_no_taskflow_operators.py took 0.093 seconds
[2026-08-12T05:46:36.567+0000] {processor.py:186} INFO - Started process (PID=9162) to work on /home/airflow/.local/lib/python3.12/site-packages/airflow/example_dags/example_dynamic_task_mapping_with_no_taskflow_operators.py
[2026-08-12T05:46:36.570+0000] {processor.py:914} INFO - Processing file /home/airflow/.local/lib/python3.12/site-packages/airflow/example_dags/example_dynamic_task_mapping_with_no_taskflow_operators.py for tasks to queue
[2026-08-12T05:46:36.576+0000] {logging_mixin.py:190} INFO - [2026-08-12T05:46:36.575+0000] {dagbag.py:587} INFO - Filling up the DagBag from /home/airflow/.local/lib/python3.12/site-packages/airflow/example_dags/example_dynamic_task_mapping_with_no_taskflow_operators.py
[2026-08-12T05:46:36.589+0000] {processor.py:925} INFO - DAG(s) 'example_dynamic_task_mapping_with_no_taskflow_operators' retrieved from /home/airflow/.local/lib/python3.12/site-packages/airflow/example_dags/example_dynamic_task_mapping_with_no_taskflow_operators.py
[2026-08-12T05:46:36.614+0000] {logging_mixin.py:190} INFO - [2026-08-12T05:46:36.614+0000] {dag.py:3211} INFO - Sync 1 DAGs
[2026-08-12T05:46:36.644+0000] {logging_mixin.py:190} INFO - [2026-08-12T05:46:36.644+0000] {dag.py:4138} INFO - Setting next_dagrun for example_dynamic_task_mapping_with_no_taskflow_operators to 2026-08-11 00:00:00+00:00, run_after=2026-08-12 00:00:00+00:00
[2026-08-12T05:46:36.666+0000] {processor.py:208} INFO - Processing /home/airflow/.local/lib/python3.12/site-packages/airflow/example_dags/example_dynamic_task_mapping_with_no_taskflow_operators.py took 0.107 seconds
[2026-08-12T05:47:07.811+0000] {processor.py:186} INFO - Started process (PID=9225) to work on /home/airflow/.local/lib/python3.12/site-packages/airflow/example_dags/example_dynamic_task_mapping_with_no_taskflow_operators.py
[2026-08-12T05:47:07.813+0000] {processor.py:914} INFO - Processing file /home/airflow/.local/lib/python3.12/site-packages/airflow/example_dags/example_dynamic_task_mapping_with_no_taskflow_operators.py for tasks to queue
[2026-08-12T05:47:07.818+0000] {logging_mixin.py:190} INFO - [2026-08-12T05:47:07.817+0000] {dagbag.py:587} INFO - Filling up the DagBag from /home/airflow/.local/lib/python3.12/site-packages/airflow/example_dags/example_dynamic_task_mapping_with_no_taskflow_operators.py
[2026-08-12T05:47:07.832+0000] {processor.py:925} INFO - DAG(s) 'example_dynamic_task_mapping_with_no_taskflow_operators' retrieved from /home/airflow/.local/lib/python3.12/site-packages/airflow/example_dags/example_dynamic_task_mapping_with_no_taskflow_operators.py
[2026-08-12T05:47:07.855+0000] {logging_mixin.py:190} INFO - [2026-08-12T05:47:07.855+0000] {dag.py:3211} INFO - Sync 1 DAGs
[2026-08-12T05:47:07.886+0000] {logging_mixin.py:190} INFO - [2026-08-12T05:47:07.885+0000] {dag.py:4138} INFO - Setting next_dagrun for example_dynamic_task_mapping_with_no_taskflow_operators to 2026-08-11 00:00:00+00:00, run_after=2026-08-12 00:00:00+00:00
[2026-08-12T05:47:07.916+0000] {processor.py:208} INFO - Processing /home/airflow/.local/lib/python3.12/site-packages/airflow/example_dags/example_dynamic_task_mapping_with_no_taskflow_operators.py took 0.112 seconds
[2026-08-12T05:47:38.662+0000] {processor.py:186} INFO - Started process (PID=9288) to work on /home/airflow/.local/lib/python3.12/site-packages/airflow/example_dags/example_dynamic_task_mapping_with_no_taskflow_operators.py
[2026-08-12T05:47:38.664+0000] {processor.py:914} INFO - Processing file /home/airflow/.local/lib/python3.12/site-packages/airflow/example_dags/example_dynamic_task_mapping_with_no_taskflow_operators.py for tasks to queue
[2026-08-12T05:47:38.671+0000] {logging_mixin.py:190} INFO - [2026-08-12T05:47:38.671+0000] {dagbag.py:587} INFO - Filling up the DagBag from /home/airflow/.local/lib/python3.12/site-packages/airflow/example_dags/example_dynamic_task_mapping_with_no_taskflow_operators.py
[2026-08-12T05:47:38.685+0000] {processor.py:925} INFO - DAG(s) 'example_dynamic_task_mapping_with_no_taskflow_operators' retrieved from /home/airflow/.local/lib/python3.12/site-packages/airflow/example_dags/example_dynamic_task_mapping_with_no_taskflow_operators.py
[2026-08-12T05:47:38.712+0000] {logging_mixin.py:190} INFO - [2026-08-12T05:47:38.712+0000] {dag.py:3211} INFO - Sync 1 DAGs
[2026-08-12T05:47:38.741+0000] {logging_mixin.py:190} INFO - [2026-08-12T05:47:38.741+0000] {dag.py:4138} INFO - Setting next_dagrun for example_dynamic_task_mapping_with_no_taskflow_operators to 2026-08-11 00:00:00+00:00, run_after=2026-08-12 00:00:00+00:00
[2026-08-12T05:47:38.764+0000] {processor.py:208} INFO - Processing /home/airflow/.local/lib/python3.12/site-packages/airflow/example_dags/example_dynamic_task_mapping_with_no_taskflow_operators.py took 0.111 seconds
[2026-08-12T05:48:09.761+0000] {processor.py:186} INFO - Started process (PID=9351) to work on /home/airflow/.local/lib/python3.12/site-packages/airflow/example_dags/example_dynamic_task_mapping_with_no_taskflow_operators.py
[2026-08-12T05:48:09.770+0000] {processor.py:914} INFO - Processing file /home/airflow/.local/lib/python3.12/site-packages/airflow/example_dags/example_dynamic_task_mapping_with_no_taskflow_operators.py for tasks to queue
[2026-08-12T05:48:09.783+0000] {logging_mixin.py:190} INFO - [2026-08-12T05:48:09.781+0000] {dagbag.py:587} INFO - Filling up the DagBag from /home/airflow/.local/lib/python3.12/site-packages/airflow/example_dags/example_dynamic_task_mapping_with_no_taskflow_operators.py
[2026-08-12T05:48:09.809+0000] {processor.py:925} INFO - DAG(s) 'example_dynamic_task_mapping_with_no_taskflow_operators' retrieved from /home/airflow/.local/lib/python3.12/site-packages/airflow/example_dags/example_dynamic_task_mapping_with_no_taskflow_operators.py
[2026-08-12T05:48:09.840+0000] {logging_mixin.py:190} INFO - [2026-08-12T05:48:09.840+0000] {dag.py:3211} INFO - Sync 1 DAGs
[2026-08-12T05:48:09.870+0000] {logging_mixin.py:190} INFO - [2026-08-12T05:48:09.869+0000] {dag.py:4138} INFO - Setting next_dagrun for example_dynamic_task_mapping_with_no_taskflow_operators to 2026-08-11 00:00:00+00:00, run_after=2026-08-12 00:00:00+00:00
[2026-08-12T05:48:09.896+0000] {processor.py:208} INFO - Processing /home/airflow/.local/lib/python3.12/site-packages/airflow/example_dags/example_dynamic_task_mapping_with_no_taskflow_operators.py took 0.143 seconds
[2026-08-12T05:48:40.358+0000] {processor.py:186} INFO - Started process (PID=9414) to work on /home/airflow/.local/lib/python3.12/site-packages/airflow/example_dags/example_dynamic_task_mapping_with_no_taskflow_operators.py
[2026-08-12T05:48:40.360+0000] {processor.py:914} INFO - Processing file /home/airflow/.local/lib/python3.12/site-packages/airflow/example_dags/example_dynamic_task_mapping_with_no_taskflow_operators.py for tasks to queue
[2026-08-12T05:48:40.366+0000] {logging_mixin.py:190} INFO - [2026-08-12T05:48:40.364+0000] {dagbag.py:587} INFO - Filling up the DagBag from /home/airflow/.local/lib/python3.12/site-packages/airflow/example_dags/example_dynamic_task_mapping_with_no_taskflow_operators.py
[2026-08-12T05:48:40.379+0000] {processor.py:925} INFO - DAG(s) 'example_dynamic_task_mapping_with_no_taskflow_operators' retrieved from /home/airflow/.local/lib/python3.12/site-packages/airflow/example_dags/example_dynamic_task_mapping_with_no_taskflow_operators.py
[2026-08-12T05:48:40.404+0000] {logging_mixin.py:190} INFO - [2026-08-12T05:48:40.404+0000] {dag.py:3211} INFO - Sync 1 DAGs
[2026-08-12T05:48:40.430+0000] {logging_mixin.py:190} INFO - [2026-08-12T05:48:40.430+0000] {dag.py:4138} INFO - Setting next_dagrun for example_dynamic_task_mapping_with_no_taskflow_operators to 2026-08-11 00:00:00+00:00, run_after=2026-08-12 00:00:00+00:00
[2026-08-12T05:48:40.451+0000] {processor.py:208} INFO - Processing /home/airflow/.local/lib/python3.12/site-packages/airflow/example_dags/example_dynamic_task_mapping_with_no_taskflow_operators.py took 0.102 seconds
[2026-08-12T05:49:11.373+0000] {processor.py:186} INFO - Started process (PID=9477) to work on /home/airflow/.local/lib/python3.12/site-packages/airflow/example_dags/example_dynamic_task_mapping_with_no_taskflow_operators.py
[2026-08-12T05:49:11.376+0000] {processor.py:914} INFO - Processing file /home/airflow/.local/lib/python3.12/site-packages/airflow/example_dags/example_dynamic_task_mapping_with_no_taskflow_operators.py for tasks to queue
[2026-08-12T05:49:11.381+0000] {logging_mixin.py:190} INFO - [2026-08-12T05:49:11.380+0000] {dagbag.py:587} INFO - Filling up the DagBag from /home/airflow/.local/lib/python3.12/site-packages/airflow/example_dags/example_dynamic_task_mapping_with_no_taskflow_operators.py
[2026-08-12T05:49:11.393+0000] {processor.py:925} INFO - DAG(s) 'example_dynamic_task_mapping_with_no_taskflow_operators' retrieved from /home/airflow/.local/lib/python3.12/site-packages/airflow/example_dags/example_dynamic_task_mapping_with_no_taskflow_operators.py
[2026-08-12T05:49:11.416+0000] {logging_mixin.py:190} INFO - [2026-08-12T05:49:11.415+0000] {dag.py:3211} INFO - Sync 1 DAGs
[2026-08-12T05:49:11.442+0000] {logging_mixin.py:190} INFO - [2026-08-12T05:49:11.442+0000] {dag.py:4138} INFO - Setting next_dagrun for example_dynamic_task_mapping_with_no_taskflow_operators to 2026-08-11 00:00:00+00:00, run_after=2026-08-12 00:00:00+00:00
[2026-08-12T05:49:11.467+0000] {processor.py:208} INFO - Processing /home/airflow/.local/lib/python3.12/site-packages/airflow/example_dags/example_dynamic_task_mapping_with_no_taskflow_operators.py took 0.105 seconds
[2026-08-12T05:49:42.524+0000] {processor.py:186} INFO - Started process (PID=9540) to work on /home/airflow/.local/lib/python3.12/site-packages/airflow/example_dags/example_dynamic_task_mapping_with_no_taskflow_operators.py
[2026-08-12T05:49:42.527+0000] {processor.py:914} INFO - Processing file /home/airflow/.local/lib/python3.12/site-packages/airflow/example_dags/example_dynamic_task_mapping_with_no_taskflow_operators.py for tasks to queue
[2026-08-12T05:49:42.533+0000] {logging_mixin.py:190} INFO - [2026-08-12T05:49:42.532+0000] {dagbag.py:587} INFO - Filling up the DagBag from /home/airflow/.local/lib/python3.12/site-packages/airflow/example_dags/example_dynamic_task_mapping_with_no_taskflow_operators.py
[2026-08-12T05:49:42.547+0000] {processor.py:925} INFO - DAG(s) 'example_dynamic_task_mapping_with_no_taskflow_operators' retrieved from /home/airflow/.local/lib/python3.12/site-packages/airflow/example_dags/example_dynamic_task_mapping_with_no_taskflow_operators.py
[2026-08-12T05:49:42.597+0000] {logging_mixin.py:190} INFO - [2026-08-12T05:49:42.596+0000] {dag.py:3211} INFO - Sync 1 DAGs
[2026-08-12T05:49:42.630+0000] {logging_mixin.py:190} INFO - [2026-08-12T05:49:42.629+0000] {dag.py:4138} INFO - Setting next_dagrun for example_dynamic_task_mapping_with_no_taskflow_operators to 2026-08-11 00:00:00+00:00, run_after=2026-08-12 00:00:00+00:00
[2026-08-12T05:49:42.663+0000] {processor.py:208} INFO - Processing /home/airflow/.local/lib/python3.12/site-packages/airflow/example_dags/example_dynamic_task_mapping_with_no_taskflow_operators.py took 0.144 seconds
[2026-08-12T05:50:13.134+0000] {processor.py:186} INFO - Started process (PID=9604) to work on /home/airflow/.local/lib/python3.12/site-packages/airflow/example_dags/example_dynamic_task_mapping_with_no_taskflow_operators.py
[2026-08-12T05:50:13.137+0000] {processor.py:914} INFO - Processing file /home/airflow/.local/lib/python3.12/site-packages/airflow/example_dags/example_dynamic_task_mapping_with_no_taskflow_operators.py for tasks to queue
[2026-08-12T05:50:13.142+0000] {logging_mixin.py:190} INFO - [2026-08-12T05:50:13.142+0000] {dagbag.py:587} INFO - Filling up the DagBag from /home/airflow/.local/lib/python3.12/site-packages/airflow/example_dags/example_dynamic_task_mapping_with_no_taskflow_operators.py
[2026-08-12T05:50:13.156+0000] {processor.py:925} INFO - DAG(s) 'example_dynamic_task_mapping_with_no_taskflow_operators' retrieved from /home/airflow/.local/lib/python3.12/site-packages/airflow/example_dags/example_dynamic_task_mapping_with_no_taskflow_operators.py
[2026-08-12T05:50:13.182+0000] {logging_mixin.py:190} INFO - [2026-08-12T05:50:13.181+0000] {dag.py:3211} INFO - Sync 1 DAGs
[2026-08-12T05:50:13.210+0000] {logging_mixin.py:190} INFO - [2026-08-12T05:50:13.210+0000] {dag.py:4138} INFO - Setting next_dagrun for example_dynamic_task_mapping_with_no_taskflow_operators to 2026-08-11 00:00:00+00:00, run_after=2026-08-12 00:00:00+00:00
[2026-08-12T05:50:13.243+0000] {processor.py:208} INFO - Processing /home/airflow/.local/lib/python3.12/site-packages/airflow/example_dags/example_dynamic_task_mapping_with_no_taskflow_operators.py took 0.117 seconds
[2026-08-12T05:50:43.938+0000] {processor.py:186} INFO - Started process (PID=9667) to work on /home/airflow/.local/lib/python3.12/site-packages/airflow/example_dags/example_dynamic_task_mapping_with_no_taskflow_operators.py
[2026-08-12T05:50:43.942+0000] {processor.py:914} INFO - Processing file /home/airflow/.local/lib/python3.12/site-packages/airflow/example_dags/example_dynamic_task_mapping_with_no_taskflow_operators.py for tasks to queue
[2026-08-12T05:50:43.947+0000] {logging_mixin.py:190} INFO - [2026-08-12T05:50:43.947+0000] {dagbag.py:587} INFO - Filling up the DagBag from /home/airflow/.local/lib/python3.12/site-packages/airflow/example_dags/example_dynamic_task_mapping_with_no_taskflow_operators.py
[2026-08-12T05:50:43.962+0000] {processor.py:925} INFO - DAG(s) 'example_dynamic_task_mapping_with_no_taskflow_operators' retrieved from /home/airflow/.local/lib/python3.12/site-packages/airflow/example_dags/example_dynamic_task_mapping_with_no_taskflow_operators.py
[2026-08-12T05:50:43.986+0000] {logging_mixin.py:190} INFO - [2026-08-12T05:50:43.986+0000] {dag.py:3211} INFO - Sync 1 DAGs
[2026-08-12T05:50:44.012+0000] {logging_mixin.py:190} INFO - [2026-08-12T05:50:44.011+0000] {dag.py:4138} INFO - Setting next_dagrun for example_dynamic_task_mapping_with_no_taskflow_operators to 2026-08-11 00:00:00+00:00, run_after=2026-08-12 00:00:00+00:00
[2026-08-12T05:50:44.035+0000] {processor.py:208} INFO - Processing /home/airflow/.local/lib/python3.12/site-packages/airflow/example_dags/example_dynamic_task_mapping_with_no_taskflow_operators.py took 0.103 seconds
[2026-08-12T05:51:14.571+0000] {processor.py:186} INFO - Started process (PID=9730) to work on /home/airflow/.local/lib/python3.12/site-packages/airflow/example_dags/example_dynamic_task_mapping_with_no_taskflow_operators.py
[2026-08-12T05:51:14.573+0000] {processor.py:914} INFO - Processing file /home/airflow/.local/lib/python3.12/site-packages/airflow/example_dags/example_dynamic_task_mapping_with_no_taskflow_operators.py for tasks to queue
[2026-08-12T05:51:14.577+0000] {logging_mixin.py:190} INFO - [2026-08-12T05:51:14.577+0000] {dagbag.py:587} INFO - Filling up the DagBag from /home/airflow/.local/lib/python3.12/site-packages/airflow/example_dags/example_dynamic_task_mapping_with_no_taskflow_operators.py
[2026-08-12T05:51:14.589+0000] {processor.py:925} INFO - DAG(s) 'example_dynamic_task_mapping_with_no_taskflow_operators' retrieved from /home/airflow/.local/lib/python3.12/site-packages/airflow/example_dags/example_dynamic_task_mapping_with_no_taskflow_operators.py
[2026-08-12T05:51:14.616+0000] {logging_mixin.py:190} INFO - [2026-08-12T05:51:14.615+0000] {dag.py:3211} INFO - Sync 1 DAGs
[2026-08-12T05:51:14.642+0000] {logging_mixin.py:190} INFO - [2026-08-12T05:51:14.642+0000] {dag.py:4138} INFO - Setting next_dagrun for example_dynamic_task_mapping_with_no_taskflow_operators to 2026-08-11 00:00:00+00:00, run_after=2026-08-12 00:00:00+00:00
[2026-08-12T05:51:14.667+0000] {processor.py:208} INFO - Processing /home/airflow/.local/lib/python3.12/site-packages/airflow/example_dags/example_dynamic_task_mapping_with_no_taskflow_operators.py took 0.103 seconds
[2026-08-12T05:51:45.949+0000] {processor.py:186} INFO - Started process (PID=9793) to work on /home/airflow/.local/lib/python3.12/site-packages/airflow/example_dags/example_dynamic_task_mapping_with_no_taskflow_operators.py
[2026-08-12T05:51:45.953+0000] {processor.py:914} INFO - Processing file /home/airflow/.local/lib/python3.12/site-packages/airflow/example_dags/example_dynamic_task_mapping_with_no_taskflow_operators.py for tasks to queue
[2026-08-12T05:51:45.958+0000] {logging_mixin.py:190} INFO - [2026-08-12T05:51:45.958+0000] {dagbag.py:587} INFO - Filling up the DagBag from /home/airflow/.local/lib/python3.12/site-packages/airflow/example_dags/example_dynamic_task_mapping_with_no_taskflow_operators.py
[2026-08-12T05:51:45.970+0000] {processor.py:925} INFO - DAG(s) 'example_dynamic_task_mapping_with_no_taskflow_operators' retrieved from /home/airflow/.local/lib/python3.12/site-packages/airflow/example_dags/example_dynamic_task_mapping_with_no_taskflow_operators.py
[2026-08-12T05:51:45.996+0000] {logging_mixin.py:190} INFO - [2026-08-12T05:51:45.996+0000] {dag.py:3211} INFO - Sync 1 DAGs
[2026-08-12T05:51:46.028+0000] {logging_mixin.py:190} INFO - [2026-08-12T05:51:46.028+0000] {dag.py:4138} INFO - Setting next_dagrun for example_dynamic_task_mapping_with_no_taskflow_operators to 2026-08-11 00:00:00+00:00, run_after=2026-08-12 00:00:00+00:00
[2026-08-12T05:51:46.062+0000] {processor.py:208} INFO - Processing /home/airflow/.local/lib/python3.12/site-packages/airflow/example_dags/example_dynamic_task_mapping_with_no_taskflow_operators.py took 0.130 seconds
[2026-08-12T05:52:16.732+0000] {processor.py:186} INFO - Started process (PID=9857) to work on /home/airflow/.local/lib/python3.12/site-packages/airflow/example_dags/example_dynamic_task_mapping_with_no_taskflow_operators.py
[2026-08-12T05:52:16.735+0000] {processor.py:914} INFO - Processing file /home/airflow/.local/lib/python3.12/site-packages/airflow/example_dags/example_dynamic_task_mapping_with_no_taskflow_operators.py for tasks to queue
[2026-08-12T05:52:16.739+0000] {logging_mixin.py:190} INFO - [2026-08-12T05:52:16.739+0000] {dagbag.py:587} INFO - Filling up the DagBag from /home/airflow/.local/lib/python3.12/site-packages/airflow/example_dags/example_dynamic_task_mapping_with_no_taskflow_operators.py
[2026-08-12T05:52:16.750+0000] {processor.py:925} INFO - DAG(s) 'example_dynamic_task_mapping_with_no_taskflow_operators' retrieved from /home/airflow/.local/lib/python3.12/site-packages/airflow/example_dags/example_dynamic_task_mapping_with_no_taskflow_operators.py
[2026-08-12T05:52:16.771+0000] {logging_mixin.py:190} INFO - [2026-08-12T05:52:16.770+0000] {dag.py:3211} INFO - Sync 1 DAGs
[2026-08-12T05:52:16.795+0000] {logging_mixin.py:190} INFO - [2026-08-12T05:52:16.795+0000] {dag.py:4138} INFO - Setting next_dagrun for example_dynamic_task_mapping_with_no_taskflow_operators to 2026-08-11 00:00:00+00:00, run_after=2026-08-12 00:00:00+00:00
[2026-08-12T05:52:16.818+0000] {processor.py:208} INFO - Processing /home/airflow/.local/lib/python3.12/site-packages/airflow/example_dags/example_dynamic_task_mapping_with_no_taskflow_operators.py took 0.092 seconds
[2026-08-12T05:52:47.532+0000] {processor.py:186} INFO - Started process (PID=9920) to work on /home/airflow/.local/lib/python3.12/site-packages/airflow/example_dags/example_dynamic_task_mapping_with_no_taskflow_operators.py
[2026-08-12T05:52:47.534+0000] {processor.py:914} INFO - Processing file /home/airflow/.local/lib/python3.12/site-packages/airflow/example_dags/example_dynamic_task_mapping_with_no_taskflow_operators.py for tasks to queue
[2026-08-12T05:52:47.539+0000] {logging_mixin.py:190} INFO - [2026-08-12T05:52:47.539+0000] {dagbag.py:587} INFO - Filling up the DagBag from /home/airflow/.local/lib/python3.12/site-packages/airflow/example_dags/example_dynamic_task_mapping_with_no_taskflow_operators.py
[2026-08-12T05:52:47.554+0000] {processor.py:925} INFO - DAG(s) 'example_dynamic_task_mapping_with_no_taskflow_operators' retrieved from /home/airflow/.local/lib/python3.12/site-packages/airflow/example_dags/example_dynamic_task_mapping_with_no_taskflow_operators.py
[2026-08-12T05:52:47.582+0000] {logging_mixin.py:190} INFO - [2026-08-12T05:52:47.582+0000] {dag.py:3211} INFO - Sync 1 DAGs
[2026-08-12T05:52:47.611+0000] {logging_mixin.py:190} INFO - [2026-08-12T05:52:47.611+0000] {dag.py:4138} INFO - Setting next_dagrun for example_dynamic_task_mapping_with_no_taskflow_operators to 2026-08-11 00:00:00+00:00, run_after=2026-08-12 00:00:00+00:00
[2026-08-12T05:52:47.643+0000] {processor.py:208} INFO - Processing /home/airflow/.local/lib/python3.12/site-packages/airflow/example_dags/example_dynamic_task_mapping_with_no_taskflow_operators.py took 0.121 seconds
[2026-08-12T05:53:18.291+0000] {processor.py:186} INFO - Started process (PID=9983) to work on /home/airflow/.local/lib/python3.12/site-packages/airflow/example_dags/example_dynamic_task_mapping_with_no_taskflow_operators.py
[2026-08-12T05:53:18.293+0000] {processor.py:914} INFO - Processing file /home/airflow/.local/lib/python3.12/site-packages/airflow/example_dags/example_dynamic_task_mapping_with_no_taskflow_operators.py for tasks to queue
[2026-08-12T05:53:18.299+0000] {logging_mixin.py:190} INFO - [2026-08-12T05:53:18.298+0000] {dagbag.py:587} INFO - Filling up the DagBag from /home/airflow/.local/lib/python3.12/site-packages/airflow/example_dags/example_dynamic_task_mapping_with_no_taskflow_operators.py
[2026-08-12T05:53:18.317+0000] {processor.py:925} INFO - DAG(s) 'example_dynamic_task_mapping_with_no_taskflow_operators' retrieved from /home/airflow/.local/lib/python3.12/site-packages/airflow/example_dags/example_dynamic_task_mapping_with_no_taskflow_operators.py
[2026-08-12T05:53:18.349+0000] {logging_mixin.py:190} INFO - [2026-08-12T05:53:18.349+0000] {dag.py:3211} INFO - Sync 1 DAGs
[2026-08-12T05:53:18.377+0000] {logging_mixin.py:190} INFO - [2026-08-12T05:53:18.377+0000] {dag.py:4138} INFO - Setting next_dagrun for example_dynamic_task_mapping_with_no_taskflow_operators to 2026-08-11 00:00:00+00:00, run_after=2026-08-12 00:00:00+00:00
[2026-08-12T05:53:18.401+0000] {processor.py:208} INFO - Processing /home/airflow/.local/lib/python3.12/site-packages/airflow/example_dags/example_dynamic_task_mapping_with_no_taskflow_operators.py took 0.118 seconds
[2026-08-12T05:53:49.168+0000] {processor.py:186} INFO - Started process (PID=10046) to work on /home/airflow/.local/lib/python3.12/site-packages/airflow/example_dags/example_dynamic_task_mapping_with_no_taskflow_operators.py
[2026-08-12T05:53:49.171+0000] {processor.py:914} INFO - Processing file /home/airflow/.local/lib/python3.12/site-packages/airflow/example_dags/example_dynamic_task_mapping_with_no_taskflow_operators.py for tasks to queue
[2026-08-12T05:53:49.179+0000] {logging_mixin.py:190} INFO - [2026-08-12T05:53:49.179+0000] {dagbag.py:587} INFO - Filling up the DagBag from /home/airflow/.local/lib/python3.12/site-packages/airflow/example_dags/example_dynamic_task_mapping_with_no_taskflow_operators.py
[2026-08-12T05:53:49.192+0000] {processor.py:925} INFO - DAG(s) 'example_dynamic_task_mapping_with_no_taskflow_operators' retrieved from /home/airflow/.local/lib/python3.12/site-packages/airflow/example_dags/example_dynamic_task_mapping_with_no_taskflow_operators.py
[2026-08-12T05:53:49.223+0000] {logging_mixin.py:190} INFO - [2026-08-12T05:53:49.222+0000] {dag.py:3211} INFO - Sync 1 DAGs
[2026-08-12T05:53:49.256+0000] {logging_mixin.py:190} INFO - [2026-08-12T05:53:49.256+0000] {dag.py:4138} INFO - Setting next_dagrun for example_dynamic_task_mapping_with_no_taskflow_operators to 2026-08-11 00:00:00+00:00, run_after=2026-08-12 00:00:00+00:00
[2026-08-12T05:53:49.282+0000] {processor.py:208} INFO - Processing /home/airflow/.local/lib/python3.12/site-packages/airflow/example_dags/example_dynamic_task_mapping_with_no_taskflow_operators.py took 0.124 seconds
[2026-08-12T05:54:20.454+0000] {processor.py:186} INFO - Started process (PID=10109) to work on /home/airflow/.local/lib/python3.12/site-packages/airflow/example_dags/example_dynamic_task_mapping_with_no_taskflow_operators.py
[2026-08-12T05:54:20.457+0000] {processor.py:914} INFO - Processing file /home/airflow/.local/lib/python3.12/site-packages/airflow/example_dags/example_dynamic_task_mapping_with_no_taskflow_operators.py for tasks to queue
[2026-08-12T05:54:20.462+0000] {logging_mixin.py:190} INFO - [2026-08-12T05:54:20.461+0000] {dagbag.py:587} INFO - Filling up the DagBag from /home/airflow/.local/lib/python3.12/site-packages/airflow/example_dags/example_dynamic_task_mapping_with_no_taskflow_operators.py
[2026-08-12T05:54:20.476+0000] {processor.py:925} INFO - DAG(s) 'example_dynamic_task_mapping_with_no_taskflow_operators' retrieved from /home/airflow/.local/lib/python3.12/site-packages/airflow/example_dags/example_dynamic_task_mapping_with_no_taskflow_operators.py
[2026-08-12T05:54:20.507+0000] {logging_mixin.py:190} INFO - [2026-08-12T05:54:20.506+0000] {dag.py:3211} INFO - Sync 1 DAGs
[2026-08-12T05:54:20.534+0000] {logging_mixin.py:190} INFO - [2026-08-12T05:54:20.534+0000] {dag.py:4138} INFO - Setting next_dagrun for example_dynamic_task_mapping_with_no_taskflow_operators to 2026-08-11 00:00:00+00:00, run_after=2026-08-12 00:00:00+00:00
[2026-08-12T05:54:20.559+0000] {processor.py:208} INFO - Processing /home/airflow/.local/lib/python3.12/site-packages/airflow/example_dags/example_dynamic_task_mapping_with_no_taskflow_operators.py took 0.116 seconds
[2026-08-12T05:54:51.229+0000] {processor.py:186} INFO - Started process (PID=10172) to work on /home/airflow/.local/lib/python3.12/site-packages/airflow/example_dags/example_dynamic_task_mapping_with_no_taskflow_operators.py
[2026-08-12T05:54:51.231+0000] {processor.py:914} INFO - Processing file /home/airflow/.local/lib/python3.12/site-packages/airflow/example_dags/example_dynamic_task_mapping_with_no_taskflow_operators.py for tasks to queue
[2026-08-12T05:54:51.240+0000] {logging_mixin.py:190} INFO - [2026-08-12T05:54:51.239+0000] {dagbag.py:587} INFO - Filling up the DagBag from /home/airflow/.local/lib/python3.12/site-packages/airflow/example_dags/example_dynamic_task_mapping_with_no_taskflow_operators.py
[2026-08-12T05:54:51.250+0000] {processor.py:925} INFO - DAG(s) 'example_dynamic_task_mapping_with_no_taskflow_operators' retrieved from /home/airflow/.local/lib/python3.12/site-packages/airflow/example_dags/example_dynamic_task_mapping_with_no_taskflow_operators.py
[2026-08-12T05:54:51.275+0000] {logging_mixin.py:190} INFO - [2026-08-12T05:54:51.274+0000] {dag.py:3211} INFO - Sync 1 DAGs
[2026-08-12T05:54:51.298+0000] {logging_mixin.py:190} INFO - [2026-08-12T05:54:51.298+0000] {dag.py:4138} INFO - Setting next_dagrun for example_dynamic_task_mapping_with_no_taskflow_operators to 2026-08-11 00:00:00+00:00, run_after=2026-08-12 00:00:00+00:00
[2026-08-12T05:54:51.319+0000] {processor.py:208} INFO - Processing /home/airflow/.local/lib/python3.12/site-packages/airflow/example_dags/example_dynamic_task_mapping_with_no_taskflow_operators.py took 0.098 seconds
[2026-08-12T05:55:21.542+0000] {processor.py:186} INFO - Started process (PID=10235) to work on /home/airflow/.local/lib/python3.12/site-packages/airflow/example_dags/example_dynamic_task_mapping_with_no_taskflow_operators.py
[2026-08-12T05:55:21.544+0000] {processor.py:914} INFO - Processing file /home/airflow/.local/lib/python3.12/site-packages/airflow/example_dags/example_dynamic_task_mapping_with_no_taskflow_operators.py for tasks to queue
[2026-08-12T05:55:21.549+0000] {logging_mixin.py:190} INFO - [2026-08-12T05:55:21.548+0000] {dagbag.py:587} INFO - Filling up the DagBag from /home/airflow/.local/lib/python3.12/site-packages/airflow/example_dags/example_dynamic_task_mapping_with_no_taskflow_operators.py
[2026-08-12T05:55:21.560+0000] {processor.py:925} INFO - DAG(s) 'example_dynamic_task_mapping_with_no_taskflow_operators' retrieved from /home/airflow/.local/lib/python3.12/site-packages/airflow/example_dags/example_dynamic_task_mapping_with_no_taskflow_operators.py
[2026-08-12T05:55:21.580+0000] {logging_mixin.py:190} INFO - [2026-08-12T05:55:21.579+0000] {dag.py:3211} INFO - Sync 1 DAGs
[2026-08-12T05:55:21.768+0000] {logging_mixin.py:190} INFO - [2026-08-12T05:55:21.768+0000] {dag.py:4138} INFO - Setting next_dagrun for example_dynamic_task_mapping_with_no_taskflow_operators to 2026-08-11 00:00:00+00:00, run_after=2026-08-12 00:00:00+00:00
[2026-08-12T05:55:21.790+0000] {processor.py:208} INFO - Processing /home/airflow/.local/lib/python3.12/site-packages/airflow/example_dags/example_dynamic_task_mapping_with_no_taskflow_operators.py took 0.254 seconds
[2026-08-12T05:55:52.273+0000] {processor.py:186} INFO - Started process (PID=10298) to work on /home/airflow/.local/lib/python3.12/site-packages/airflow/example_dags/example_dynamic_task_mapping_with_no_taskflow_operators.py
[2026-08-12T05:55:52.276+0000] {processor.py:914} INFO - Processing file /home/airflow/.local/lib/python3.12/site-packages/airflow/example_dags/example_dynamic_task_mapping_with_no_taskflow_operators.py for tasks to queue
[2026-08-12T05:55:52.282+0000] {logging_mixin.py:190} INFO - [2026-08-12T05:55:52.281+0000] {dagbag.py:587} INFO - Filling up the DagBag from /home/airflow/.local/lib/python3.12/site-packages/airflow/example_dags/example_dynamic_task_mapping_with_no_taskflow_operators.py
[2026-08-12T05:55:52.292+0000] {processor.py:925} INFO - DAG(s) 'example_dynamic_task_mapping_with_no_taskflow_operators' retrieved from /home/airflow/.local/lib/python3.12/site-packages/airflow/example_dags/example_dynamic_task_mapping_with_no_taskflow_operators.py
[2026-08-12T05:55:52.315+0000] {logging_mixin.py:190} INFO - [2026-08-12T05:55:52.315+0000] {dag.py:3211} INFO - Sync 1 DAGs
[2026-08-12T05:55:52.339+0000] {logging_mixin.py:190} INFO - [2026-08-12T05:55:52.339+0000] {dag.py:4138} INFO - Setting next_dagrun for example_dynamic_task_mapping_with_no_taskflow_operators to 2026-08-11 00:00:00+00:00, run_after=2026-08-12 00:00:00+00:00
[2026-08-12T05:55:52.536+0000] {processor.py:208} INFO - Processing /home/airflow/.local/lib/python3.12/site-packages/airflow/example_dags/example_dynamic_task_mapping_with_no_taskflow_operators.py took 0.272 seconds
[2026-08-12T05:56:22.797+0000] {processor.py:186} INFO - Started process (PID=10361) to work on /home/airflow/.local/lib/python3.12/site-packages/airflow/example_dags/example_dynamic_task_mapping_with_no_taskflow_operators.py
[2026-08-12T05:56:22.800+0000] {processor.py:914} INFO - Processing file /home/airflow/.local/lib/python3.12/site-packages/airflow/example_dags/example_dynamic_task_mapping_with_no_taskflow_operators.py for tasks to queue
[2026-08-12T05:56:22.804+0000] {logging_mixin.py:190} INFO - [2026-08-12T05:56:22.804+0000] {dagbag.py:587} INFO - Filling up the DagBag from /home/airflow/.local/lib/python3.12/site-packages/airflow/example_dags/example_dynamic_task_mapping_with_no_taskflow_operators.py
[2026-08-12T05:56:22.814+0000] {processor.py:925} INFO - DAG(s) 'example_dynamic_task_mapping_with_no_taskflow_operators' retrieved from /home/airflow/.local/lib/python3.12/site-packages/airflow/example_dags/example_dynamic_task_mapping_with_no_taskflow_operators.py
[2026-08-12T05:56:22.837+0000] {logging_mixin.py:190} INFO - [2026-08-12T05:56:22.837+0000] {dag.py:3211} INFO - Sync 1 DAGs
[2026-08-12T05:56:22.863+0000] {logging_mixin.py:190} INFO - [2026-08-12T05:56:22.862+0000] {dag.py:4138} INFO - Setting next_dagrun for example_dynamic_task_mapping_with_no_taskflow_operators to 2026-08-11 00:00:00+00:00, run_after=2026-08-12 00:00:00+00:00
[2026-08-12T05:56:22.883+0000] {processor.py:208} INFO - Processing /home/airflow/.local/lib/python3.12/site-packages/airflow/example_dags/example_dynamic_task_mapping_with_no_taskflow_operators.py took 0.094 seconds
[2026-08-12T05:56:54.367+0000] {processor.py:186} INFO - Started process (PID=10427) to work on /home/airflow/.local/lib/python3.12/site-packages/airflow/example_dags/example_dynamic_task_mapping_with_no_taskflow_operators.py
[2026-08-12T05:56:54.370+0000] {processor.py:914} INFO - Processing file /home/airflow/.local/lib/python3.12/site-packages/airflow/example_dags/example_dynamic_task_mapping_with_no_taskflow_operators.py for tasks to queue
[2026-08-12T05:56:54.374+0000] {logging_mixin.py:190} INFO - [2026-08-12T05:56:54.374+0000] {dagbag.py:587} INFO - Filling up the DagBag from /home/airflow/.local/lib/python3.12/site-packages/airflow/example_dags/example_dynamic_task_mapping_with_no_taskflow_operators.py
[2026-08-12T05:56:54.385+0000] {processor.py:925} INFO - DAG(s) 'example_dynamic_task_mapping_with_no_taskflow_operators' retrieved from /home/airflow/.local/lib/python3.12/site-packages/airflow/example_dags/example_dynamic_task_mapping_with_no_taskflow_operators.py
[2026-08-12T05:56:54.408+0000] {logging_mixin.py:190} INFO - [2026-08-12T05:56:54.408+0000] {dag.py:3211} INFO - Sync 1 DAGs
[2026-08-12T05:56:54.432+0000] {logging_mixin.py:190} INFO - [2026-08-12T05:56:54.432+0000] {dag.py:4138} INFO - Setting next_dagrun for example_dynamic_task_mapping_with_no_taskflow_operators to 2026-08-11 00:00:00+00:00, run_after=2026-08-12 00:00:00+00:00
[2026-08-12T05:56:54.454+0000] {processor.py:208} INFO - Processing /home/airflow/.local/lib/python3.12/site-packages/airflow/example_dags/example_dynamic_task_mapping_with_no_taskflow_operators.py took 0.093 seconds
[2026-08-12T05:57:25.702+0000] {processor.py:186} INFO - Started process (PID=10490) to work on /home/airflow/.local/lib/python3.12/site-packages/airflow/example_dags/example_dynamic_task_mapping_with_no_taskflow_operators.py
[2026-08-12T05:57:25.705+0000] {processor.py:914} INFO - Processing file /home/airflow/.local/lib/python3.12/site-packages/airflow/example_dags/example_dynamic_task_mapping_with_no_taskflow_operators.py for tasks to queue
[2026-08-12T05:57:25.711+0000] {logging_mixin.py:190} INFO - [2026-08-12T05:57:25.711+0000] {dagbag.py:587} INFO - Filling up the DagBag from /home/airflow/.local/lib/python3.12/site-packages/airflow/example_dags/example_dynamic_task_mapping_with_no_taskflow_operators.py
[2026-08-12T05:57:25.723+0000] {processor.py:925} INFO - DAG(s) 'example_dynamic_task_mapping_with_no_taskflow_operators' retrieved from /home/airflow/.local/lib/python3.12/site-packages/airflow/example_dags/example_dynamic_task_mapping_with_no_taskflow_operators.py
[2026-08-12T05:57:25.967+0000] {logging_mixin.py:190} INFO - [2026-08-12T05:57:25.966+0000] {dag.py:3211} INFO - Sync 1 DAGs
[2026-08-12T05:57:25.993+0000] {logging_mixin.py:190} INFO - [2026-08-12T05:57:25.993+0000] {dag.py:4138} INFO - Setting next_dagrun for example_dynamic_task_mapping_with_no_taskflow_operators to 2026-08-11 00:00:00+00:00, run_after=2026-08-12 00:00:00+00:00
[2026-08-12T05:57:26.021+0000] {processor.py:208} INFO - Processing /home/airflow/.local/lib/python3.12/site-packages/airflow/example_dags/example_dynamic_task_mapping_with_no_taskflow_operators.py took 0.327 seconds
[2026-08-12T05:57:56.211+0000] {processor.py:186} INFO - Started process (PID=10553) to work on /home/airflow/.local/lib/python3.12/site-packages/airflow/example_dags/example_dynamic_task_mapping_with_no_taskflow_operators.py
[2026-08-12T05:57:56.214+0000] {processor.py:914} INFO - Processing file /home/airflow/.local/lib/python3.12/site-packages/airflow/example_dags/example_dynamic_task_mapping_with_no_taskflow_operators.py for tasks to queue
[2026-08-12T05:57:56.218+0000] {logging_mixin.py:190} INFO - [2026-08-12T05:57:56.217+0000] {dagbag.py:587} INFO - Filling up the DagBag from /home/airflow/.local/lib/python3.12/site-packages/airflow/example_dags/example_dynamic_task_mapping_with_no_taskflow_operators.py
[2026-08-12T05:57:56.233+0000] {processor.py:925} INFO - DAG(s) 'example_dynamic_task_mapping_with_no_taskflow_operators' retrieved from /home/airflow/.local/lib/python3.12/site-packages/airflow/example_dags/example_dynamic_task_mapping_with_no_taskflow_operators.py
[2026-08-12T05:57:56.262+0000] {logging_mixin.py:190} INFO - [2026-08-12T05:57:56.262+0000] {dag.py:3211} INFO - Sync 1 DAGs
[2026-08-12T05:57:56.287+0000] {logging_mixin.py:190} INFO - [2026-08-12T05:57:56.287+0000] {dag.py:4138} INFO - Setting next_dagrun for example_dynamic_task_mapping_with_no_taskflow_operators to 2026-08-11 00:00:00+00:00, run_after=2026-08-12 00:00:00+00:00
[2026-08-12T05:57:56.308+0000] {processor.py:208} INFO - Processing /home/airflow/.local/lib/python3.12/site-packages/airflow/example_dags/example_dynamic_task_mapping_with_no_taskflow_operators.py took 0.104 seconds
[2026-08-12T05:58:26.579+0000] {processor.py:186} INFO - Started process (PID=10616) to work on /home/airflow/.local/lib/python3.12/site-packages/airflow/example_dags/example_dynamic_task_mapping_with_no_taskflow_operators.py
[2026-08-12T05:58:26.582+0000] {processor.py:914} INFO - Processing file /home/airflow/.local/lib/python3.12/site-packages/airflow/example_dags/example_dynamic_task_mapping_with_no_taskflow_operators.py for tasks to queue
[2026-08-12T05:58:26.586+0000] {logging_mixin.py:190} INFO - [2026-08-12T05:58:26.586+0000] {dagbag.py:587} INFO - Filling up the DagBag from /home/airflow/.local/lib/python3.12/site-packages/airflow/example_dags/example_dynamic_task_mapping_with_no_taskflow_operators.py
[2026-08-12T05:58:26.597+0000] {processor.py:925} INFO - DAG(s) 'example_dynamic_task_mapping_with_no_taskflow_operators' retrieved from /home/airflow/.local/lib/python3.12/site-packages/airflow/example_dags/example_dynamic_task_mapping_with_no_taskflow_operators.py
[2026-08-12T05:58:26.620+0000] {logging_mixin.py:190} INFO - [2026-08-12T05:58:26.620+0000] {dag.py:3211} INFO - Sync 1 DAGs
[2026-08-12T05:58:26.647+0000] {logging_mixin.py:190} INFO - [2026-08-12T05:58:26.647+0000] {dag.py:4138} INFO - Setting next_dagrun for example_dynamic_task_mapping_with_no_taskflow_operators to 2026-08-11 00:00:00+00:00, run_after=2026-08-12 00:00:00+00:00
[2026-08-12T05:58:26.668+0000] {processor.py:208} INFO - Processing /home/airflow/.local/lib/python3.12/site-packages/airflow/example_dags/example_dynamic_task_mapping_with_no_taskflow_operators.py took 0.096 seconds
[2026-08-12T05:58:56.945+0000] {processor.py:186} INFO - Started process (PID=10679) to work on /home/airflow/.local/lib/python3.12/site-packages/airflow/example_dags/example_dynamic_task_mapping_with_no_taskflow_operators.py
[2026-08-12T05:58:56.948+0000] {processor.py:914} INFO - Processing file /home/airflow/.local/lib/python3.12/site-packages/airflow/example_dags/example_dynamic_task_mapping_with_no_taskflow_operators.py for tasks to queue
[2026-08-12T05:58:56.954+0000] {logging_mixin.py:190} INFO - [2026-08-12T05:58:56.954+0000] {dagbag.py:587} INFO - Filling up the DagBag from /home/airflow/.local/lib/python3.12/site-packages/airflow/example_dags/example_dynamic_task_mapping_with_no_taskflow_operators.py
[2026-08-12T05:58:56.971+0000] {processor.py:925} INFO - DAG(s) 'example_dynamic_task_mapping_with_no_taskflow_operators' retrieved from /home/airflow/.local/lib/python3.12/site-packages/airflow/example_dags/example_dynamic_task_mapping_with_no_taskflow_operators.py
[2026-08-12T05:58:56.997+0000] {logging_mixin.py:190} INFO - [2026-08-12T05:58:56.996+0000] {dag.py:3211} INFO - Sync 1 DAGs
[2026-08-12T05:58:57.021+0000] {logging_mixin.py:190} INFO - [2026-08-12T05:58:57.021+0000] {dag.py:4138} INFO - Setting next_dagrun for example_dynamic_task_mapping_with_no_taskflow_operators to 2026-08-11 00:00:00+00:00, run_after=2026-08-12 00:00:00+00:00
[2026-08-12T05:58:57.043+0000] {processor.py:208} INFO - Processing /home/airflow/.local/lib/python3.12/site-packages/airflow/example_dags/example_dynamic_task_mapping_with_no_taskflow_operators.py took 0.104 seconds
[2026-08-12T05:59:27.361+0000] {processor.py:186} INFO - Started process (PID=10742) to work on /home/airflow/.local/lib/python3.12/site-packages/airflow/example_dags/example_dynamic_task_mapping_with_no_taskflow_operators.py
[2026-08-12T05:59:27.364+0000] {processor.py:914} INFO - Processing file /home/airflow/.local/lib/python3.12/site-packages/airflow/example_dags/example_dynamic_task_mapping_with_no_taskflow_operators.py for tasks to queue
[2026-08-12T05:59:27.370+0000] {logging_mixin.py:190} INFO - [2026-08-12T05:59:27.369+0000] {dagbag.py:587} INFO - Filling up the DagBag from /home/airflow/.local/lib/python3.12/site-packages/airflow/example_dags/example_dynamic_task_mapping_with_no_taskflow_operators.py
[2026-08-12T05:59:27.384+0000] {processor.py:925} INFO - DAG(s) 'example_dynamic_task_mapping_with_no_taskflow_operators' retrieved from /home/airflow/.local/lib/python3.12/site-packages/airflow/example_dags/example_dynamic_task_mapping_with_no_taskflow_operators.py
[2026-08-12T05:59:27.413+0000] {logging_mixin.py:190} INFO - [2026-08-12T05:59:27.413+0000] {dag.py:3211} INFO - Sync 1 DAGs
[2026-08-12T05:59:27.448+0000] {logging_mixin.py:190} INFO - [2026-08-12T05:59:27.447+0000] {dag.py:4138} INFO - Setting next_dagrun for example_dynamic_task_mapping_with_no_taskflow_operators to 2026-08-11 00:00:00+00:00, run_after=2026-08-12 00:00:00+00:00
[2026-08-12T05:59:27.481+0000] {processor.py:208} INFO - Processing /home/airflow/.local/lib/python3.12/site-packages/airflow/example_dags/example_dynamic_task_mapping_with_no_taskflow_operators.py took 0.129 seconds
[2026-08-12T05:59:58.311+0000] {processor.py:186} INFO - Started process (PID=10805) to work on /home/airflow/.local/lib/python3.12/site-packages/airflow/example_dags/example_dynamic_task_mapping_with_no_taskflow_operators.py
[2026-08-12T05:59:58.314+0000] {processor.py:914} INFO - Processing file /home/airflow/.local/lib/python3.12/site-packages/airflow/example_dags/example_dynamic_task_mapping_with_no_taskflow_operators.py for tasks to queue
[2026-08-12T05:59:58.318+0000] {logging_mixin.py:190} INFO - [2026-08-12T05:59:58.317+0000] {dagbag.py:587} INFO - Filling up the DagBag from /home/airflow/.local/lib/python3.12/site-packages/airflow/example_dags/example_dynamic_task_mapping_with_no_taskflow_operators.py
[2026-08-12T05:59:58.328+0000] {processor.py:925} INFO - DAG(s) 'example_dynamic_task_mapping_with_no_taskflow_operators' retrieved from /home/airflow/.local/lib/python3.12/site-packages/airflow/example_dags/example_dynamic_task_mapping_with_no_taskflow_operators.py
[2026-08-12T05:59:58.349+0000] {logging_mixin.py:190} INFO - [2026-08-12T05:59:58.349+0000] {dag.py:3211} INFO - Sync 1 DAGs
[2026-08-12T05:59:58.372+0000] {logging_mixin.py:190} INFO - [2026-08-12T05:59:58.372+0000] {dag.py:4138} INFO - Setting next_dagrun for example_dynamic_task_mapping_with_no_taskflow_operators to 2026-08-11 00:00:00+00:00, run_after=2026-08-12 00:00:00+00:00
[2026-08-12T05:59:58.401+0000] {processor.py:208} INFO - Processing /home/airflow/.local/lib/python3.12/site-packages/airflow/example_dags/example_dynamic_task_mapping_with_no_taskflow_operators.py took 0.096 seconds
[2026-08-12T06:00:29.033+0000] {processor.py:186} INFO - Started process (PID=10868) to work on /home/airflow/.local/lib/python3.12/site-packages/airflow/example_dags/example_dynamic_task_mapping_with_no_taskflow_operators.py
[2026-08-12T06:00:29.035+0000] {processor.py:914} INFO - Processing file /home/airflow/.local/lib/python3.12/site-packages/airflow/example_dags/example_dynamic_task_mapping_with_no_taskflow_operators.py for tasks to queue
[2026-08-12T06:00:29.041+0000] {logging_mixin.py:190} INFO - [2026-08-12T06:00:29.040+0000] {dagbag.py:587} INFO - Filling up the DagBag from /home/airflow/.local/lib/python3.12/site-packages/airflow/example_dags/example_dynamic_task_mapping_with_no_taskflow_operators.py
[2026-08-12T06:00:29.054+0000] {processor.py:925} INFO - DAG(s) 'example_dynamic_task_mapping_with_no_taskflow_operators' retrieved from /home/airflow/.local/lib/python3.12/site-packages/airflow/example_dags/example_dynamic_task_mapping_with_no_taskflow_operators.py
[2026-08-12T06:00:29.086+0000] {logging_mixin.py:190} INFO - [2026-08-12T06:00:29.086+0000] {dag.py:3211} INFO - Sync 1 DAGs
[2026-08-12T06:00:29.120+0000] {logging_mixin.py:190} INFO - [2026-08-12T06:00:29.120+0000] {dag.py:4138} INFO - Setting next_dagrun for example_dynamic_task_mapping_with_no_taskflow_operators to 2026-08-11 00:00:00+00:00, run_after=2026-08-12 00:00:00+00:00
[2026-08-12T06:00:29.149+0000] {processor.py:208} INFO - Processing /home/airflow/.local/lib/python3.12/site-packages/airflow/example_dags/example_dynamic_task_mapping_with_no_taskflow_operators.py took 0.122 seconds
[2026-08-12T06:00:59.506+0000] {processor.py:186} INFO - Started process (PID=10931) to work on /home/airflow/.local/lib/python3.12/site-packages/airflow/example_dags/example_dynamic_task_mapping_with_no_taskflow_operators.py
[2026-08-12T06:00:59.509+0000] {processor.py:914} INFO - Processing file /home/airflow/.local/lib/python3.12/site-packages/airflow/example_dags/example_dynamic_task_mapping_with_no_taskflow_operators.py for tasks to queue
[2026-08-12T06:00:59.515+0000] {logging_mixin.py:190} INFO - [2026-08-12T06:00:59.514+0000] {dagbag.py:587} INFO - Filling up the DagBag from /home/airflow/.local/lib/python3.12/site-packages/airflow/example_dags/example_dynamic_task_mapping_with_no_taskflow_operators.py
[2026-08-12T06:00:59.525+0000] {processor.py:925} INFO - DAG(s) 'example_dynamic_task_mapping_with_no_taskflow_operators' retrieved from /home/airflow/.local/lib/python3.12/site-packages/airflow/example_dags/example_dynamic_task_mapping_with_no_taskflow_operators.py
[2026-08-12T06:00:59.551+0000] {logging_mixin.py:190} INFO - [2026-08-12T06:00:59.551+0000] {dag.py:3211} INFO - Sync 1 DAGs
[2026-08-12T06:00:59.580+0000] {logging_mixin.py:190} INFO - [2026-08-12T06:00:59.579+0000] {dag.py:4138} INFO - Setting next_dagrun for example_dynamic_task_mapping_with_no_taskflow_operators to 2026-08-11 00:00:00+00:00, run_after=2026-08-12 00:00:00+00:00
[2026-08-12T06:00:59.605+0000] {processor.py:208} INFO - Processing /home/airflow/.local/lib/python3.12/site-packages/airflow/example_dags/example_dynamic_task_mapping_with_no_taskflow_operators.py took 0.105 seconds
[2026-08-12T06:01:30.082+0000] {processor.py:186} INFO - Started process (PID=10993) to work on /home/airflow/.local/lib/python3.12/site-packages/airflow/example_dags/example_dynamic_task_mapping_with_no_taskflow_operators.py
[2026-08-12T06:01:30.086+0000] {processor.py:914} INFO - Processing file /home/airflow/.local/lib/python3.12/site-packages/airflow/example_dags/example_dynamic_task_mapping_with_no_taskflow_operators.py for tasks to queue
[2026-08-12T06:01:30.091+0000] {logging_mixin.py:190} INFO - [2026-08-12T06:01:30.090+0000] {dagbag.py:587} INFO - Filling up the DagBag from /home/airflow/.local/lib/python3.12/site-packages/airflow/example_dags/example_dynamic_task_mapping_with_no_taskflow_operators.py
[2026-08-12T06:01:30.104+0000] {processor.py:925} INFO - DAG(s) 'example_dynamic_task_mapping_with_no_taskflow_operators' retrieved from /home/airflow/.local/lib/python3.12/site-packages/airflow/example_dags/example_dynamic_task_mapping_with_no_taskflow_operators.py
[2026-08-12T06:01:30.128+0000] {logging_mixin.py:190} INFO - [2026-08-12T06:01:30.127+0000] {dag.py:3211} INFO - Sync 1 DAGs
[2026-08-12T06:01:30.156+0000] {logging_mixin.py:190} INFO - [2026-08-12T06:01:30.156+0000] {dag.py:4138} INFO - Setting next_dagrun for example_dynamic_task_mapping_with_no_taskflow_operators to 2026-08-11 00:00:00+00:00, run_after=2026-08-12 00:00:00+00:00
[2026-08-12T06:01:30.182+0000] {processor.py:208} INFO - Processing /home/airflow/.local/lib/python3.12/site-packages/airflow/example_dags/example_dynamic_task_mapping_with_no_taskflow_operators.py took 0.108 seconds
[2026-08-12T06:02:00.621+0000] {processor.py:186} INFO - Started process (PID=11055) to work on /home/airflow/.local/lib/python3.12/site-packages/airflow/example_dags/example_dynamic_task_mapping_with_no_taskflow_operators.py
[2026-08-12T06:02:00.624+0000] {processor.py:914} INFO - Processing file /home/airflow/.local/lib/python3.12/site-packages/airflow/example_dags/example_dynamic_task_mapping_with_no_taskflow_operators.py for tasks to queue
[2026-08-12T06:02:00.630+0000] {logging_mixin.py:190} INFO - [2026-08-12T06:02:00.629+0000] {dagbag.py:587} INFO - Filling up the DagBag from /home/airflow/.local/lib/python3.12/site-packages/airflow/example_dags/example_dynamic_task_mapping_with_no_taskflow_operators.py
[2026-08-12T06:02:00.645+0000] {processor.py:925} INFO - DAG(s) 'example_dynamic_task_mapping_with_no_taskflow_operators' retrieved from /home/airflow/.local/lib/python3.12/site-packages/airflow/example_dags/example_dynamic_task_mapping_with_no_taskflow_operators.py
[2026-08-12T06:02:00.685+0000] {logging_mixin.py:190} INFO - [2026-08-12T06:02:00.684+0000] {dag.py:3211} INFO - Sync 1 DAGs
[2026-08-12T06:02:00.728+0000] {logging_mixin.py:190} INFO - [2026-08-12T06:02:00.727+0000] {dag.py:4138} INFO - Setting next_dagrun for example_dynamic_task_mapping_with_no_taskflow_operators to 2026-08-11 00:00:00+00:00, run_after=2026-08-12 00:00:00+00:00
[2026-08-12T06:02:00.759+0000] {processor.py:208} INFO - Processing /home/airflow/.local/lib/python3.12/site-packages/airflow/example_dags/example_dynamic_task_mapping_with_no_taskflow_operators.py took 0.145 seconds
[2026-08-12T06:02:31.994+0000] {processor.py:186} INFO - Started process (PID=11120) to work on /home/airflow/.local/lib/python3.12/site-packages/airflow/example_dags/example_dynamic_task_mapping_with_no_taskflow_operators.py
[2026-08-12T06:02:31.999+0000] {processor.py:914} INFO - Processing file /home/airflow/.local/lib/python3.12/site-packages/airflow/example_dags/example_dynamic_task_mapping_with_no_taskflow_operators.py for tasks to queue
[2026-08-12T06:02:32.005+0000] {logging_mixin.py:190} INFO - [2026-08-12T06:02:32.004+0000] {dagbag.py:587} INFO - Filling up the DagBag from /home/airflow/.local/lib/python3.12/site-packages/airflow/example_dags/example_dynamic_task_mapping_with_no_taskflow_operators.py
[2026-08-12T06:02:32.019+0000] {processor.py:925} INFO - DAG(s) 'example_dynamic_task_mapping_with_no_taskflow_operators' retrieved from /home/airflow/.local/lib/python3.12/site-packages/airflow/example_dags/example_dynamic_task_mapping_with_no_taskflow_operators.py
[2026-08-12T06:02:32.047+0000] {logging_mixin.py:190} INFO - [2026-08-12T06:02:32.046+0000] {dag.py:3211} INFO - Sync 1 DAGs
[2026-08-12T06:02:32.072+0000] {logging_mixin.py:190} INFO - [2026-08-12T06:02:32.072+0000] {dag.py:4138} INFO - Setting next_dagrun for example_dynamic_task_mapping_with_no_taskflow_operators to 2026-08-11 00:00:00+00:00, run_after=2026-08-12 00:00:00+00:00
[2026-08-12T06:02:32.095+0000] {processor.py:208} INFO - Processing /home/airflow/.local/lib/python3.12/site-packages/airflow/example_dags/example_dynamic_task_mapping_with_no_taskflow_operators.py took 0.108 seconds
[2026-08-12T06:03:03.739+0000] {processor.py:186} INFO - Started process (PID=11183) to work on /home/airflow/.local/lib/python3.12/site-packages/airflow/example_dags/example_dynamic_task_mapping_with_no_taskflow_operators.py
[2026-08-12T06:03:03.742+0000] {processor.py:914} INFO - Processing file /home/airflow/.local/lib/python3.12/site-packages/airflow/example_dags/example_dynamic_task_mapping_with_no_taskflow_operators.py for tasks to queue
[2026-08-12T06:03:03.748+0000] {logging_mixin.py:190} INFO - [2026-08-12T06:03:03.747+0000] {dagbag.py:587} INFO - Filling up the DagBag from /home/airflow/.local/lib/python3.12/site-packages/airflow/example_dags/example_dynamic_task_mapping_with_no_taskflow_operators.py
[2026-08-12T06:03:03.763+0000] {processor.py:925} INFO - DAG(s) 'example_dynamic_task_mapping_with_no_taskflow_operators' retrieved from /home/airflow/.local/lib/python3.12/site-packages/airflow/example_dags/example_dynamic_task_mapping_with_no_taskflow_operators.py
[2026-08-12T06:03:03.804+0000] {logging_mixin.py:190} INFO - [2026-08-12T06:03:03.804+0000] {dag.py:3211} INFO - Sync 1 DAGs
[2026-08-12T06:03:03.846+0000] {logging_mixin.py:190} INFO - [2026-08-12T06:03:03.846+0000] {dag.py:4138} INFO - Setting next_dagrun for example_dynamic_task_mapping_with_no_taskflow_operators to 2026-08-11 00:00:00+00:00, run_after=2026-08-12 00:00:00+00:00
[2026-08-12T06:03:03.883+0000] {processor.py:208} INFO - Processing /home/airflow/.local/lib/python3.12/site-packages/airflow/example_dags/example_dynamic_task_mapping_with_no_taskflow_operators.py took 0.155 seconds
[2026-08-12T06:03:34.863+0000] {processor.py:186} INFO - Started process (PID=11246) to work on /home/airflow/.local/lib/python3.12/site-packages/airflow/example_dags/example_dynamic_task_mapping_with_no_taskflow_operators.py
[2026-08-12T06:03:34.866+0000] {processor.py:914} INFO - Processing file /home/airflow/.local/lib/python3.12/site-packages/airflow/example_dags/example_dynamic_task_mapping_with_no_taskflow_operators.py for tasks to queue
[2026-08-12T06:03:34.871+0000] {logging_mixin.py:190} INFO - [2026-08-12T06:03:34.870+0000] {dagbag.py:587} INFO - Filling up the DagBag from /home/airflow/.local/lib/python3.12/site-packages/airflow/example_dags/example_dynamic_task_mapping_with_no_taskflow_operators.py
[2026-08-12T06:03:34.888+0000] {processor.py:925} INFO - DAG(s) 'example_dynamic_task_mapping_with_no_taskflow_operators' retrieved from /home/airflow/.local/lib/python3.12/site-packages/airflow/example_dags/example_dynamic_task_mapping_with_no_taskflow_operators.py
[2026-08-12T06:03:34.920+0000] {logging_mixin.py:190} INFO - [2026-08-12T06:03:34.919+0000] {dag.py:3211} INFO - Sync 1 DAGs
[2026-08-12T06:03:34.961+0000] {logging_mixin.py:190} INFO - [2026-08-12T06:03:34.961+0000] {dag.py:4138} INFO - Setting next_dagrun for example_dynamic_task_mapping_with_no_taskflow_operators to 2026-08-11 00:00:00+00:00, run_after=2026-08-12 00:00:00+00:00
[2026-08-12T06:03:34.996+0000] {processor.py:208} INFO - Processing /home/airflow/.local/lib/python3.12/site-packages/airflow/example_dags/example_dynamic_task_mapping_with_no_taskflow_operators.py took 0.144 seconds
[2026-08-12T06:04:05.098+0000] {processor.py:186} INFO - Started process (PID=11308) to work on /home/airflow/.local/lib/python3.12/site-packages/airflow/example_dags/example_dynamic_task_mapping_with_no_taskflow_operators.py
[2026-08-12T06:04:05.101+0000] {processor.py:914} INFO - Processing file /home/airflow/.local/lib/python3.12/site-packages/airflow/example_dags/example_dynamic_task_mapping_with_no_taskflow_operators.py for tasks to queue
[2026-08-12T06:04:05.107+0000] {logging_mixin.py:190} INFO - [2026-08-12T06:04:05.106+0000] {dagbag.py:587} INFO - Filling up the DagBag from /home/airflow/.local/lib/python3.12/site-packages/airflow/example_dags/example_dynamic_task_mapping_with_no_taskflow_operators.py
[2026-08-12T06:04:05.124+0000] {processor.py:925} INFO - DAG(s) 'example_dynamic_task_mapping_with_no_taskflow_operators' retrieved from /home/airflow/.local/lib/python3.12/site-packages/airflow/example_dags/example_dynamic_task_mapping_with_no_taskflow_operators.py
[2026-08-12T06:04:05.160+0000] {logging_mixin.py:190} INFO - [2026-08-12T06:04:05.159+0000] {dag.py:3211} INFO - Sync 1 DAGs
[2026-08-12T06:04:05.213+0000] {logging_mixin.py:190} INFO - [2026-08-12T06:04:05.213+0000] {dag.py:4138} INFO - Setting next_dagrun for example_dynamic_task_mapping_with_no_taskflow_operators to 2026-08-11 00:00:00+00:00, run_after=2026-08-12 00:00:00+00:00
[2026-08-12T06:04:05.246+0000] {processor.py:208} INFO - Processing /home/airflow/.local/lib/python3.12/site-packages/airflow/example_dags/example_dynamic_task_mapping_with_no_taskflow_operators.py took 0.156 seconds
[2026-08-12T06:04:35.889+0000] {processor.py:186} INFO - Started process (PID=11372) to work on /home/airflow/.local/lib/python3.12/site-packages/airflow/example_dags/example_dynamic_task_mapping_with_no_taskflow_operators.py
[2026-08-12T06:04:35.892+0000] {processor.py:914} INFO - Processing file /home/airflow/.local/lib/python3.12/site-packages/airflow/example_dags/example_dynamic_task_mapping_with_no_taskflow_operators.py for tasks to queue
[2026-08-12T06:04:35.901+0000] {logging_mixin.py:190} INFO - [2026-08-12T06:04:35.900+0000] {dagbag.py:587} INFO - Filling up the DagBag from /home/airflow/.local/lib/python3.12/site-packages/airflow/example_dags/example_dynamic_task_mapping_with_no_taskflow_operators.py
[2026-08-12T06:04:35.927+0000] {processor.py:925} INFO - DAG(s) 'example_dynamic_task_mapping_with_no_taskflow_operators' retrieved from /home/airflow/.local/lib/python3.12/site-packages/airflow/example_dags/example_dynamic_task_mapping_with_no_taskflow_operators.py
[2026-08-12T06:04:35.967+0000] {logging_mixin.py:190} INFO - [2026-08-12T06:04:35.966+0000] {dag.py:3211} INFO - Sync 1 DAGs
[2026-08-12T06:04:36.029+0000] {logging_mixin.py:190} INFO - [2026-08-12T06:04:36.028+0000] {dag.py:4138} INFO - Setting next_dagrun for example_dynamic_task_mapping_with_no_taskflow_operators to 2026-08-11 00:00:00+00:00, run_after=2026-08-12 00:00:00+00:00
[2026-08-12T06:04:36.075+0000] {processor.py:208} INFO - Processing /home/airflow/.local/lib/python3.12/site-packages/airflow/example_dags/example_dynamic_task_mapping_with_no_taskflow_operators.py took 0.194 seconds
[2026-08-12T06:05:06.345+0000] {processor.py:186} INFO - Started process (PID=11436) to work on /home/airflow/.local/lib/python3.12/site-packages/airflow/example_dags/example_dynamic_task_mapping_with_no_taskflow_operators.py
[2026-08-12T06:05:06.348+0000] {processor.py:914} INFO - Processing file /home/airflow/.local/lib/python3.12/site-packages/airflow/example_dags/example_dynamic_task_mapping_with_no_taskflow_operators.py for tasks to queue
[2026-08-12T06:05:06.354+0000] {logging_mixin.py:190} INFO - [2026-08-12T06:05:06.353+0000] {dagbag.py:587} INFO - Filling up the DagBag from /home/airflow/.local/lib/python3.12/site-packages/airflow/example_dags/example_dynamic_task_mapping_with_no_taskflow_operators.py
[2026-08-12T06:05:06.366+0000] {processor.py:925} INFO - DAG(s) 'example_dynamic_task_mapping_with_no_taskflow_operators' retrieved from /home/airflow/.local/lib/python3.12/site-packages/airflow/example_dags/example_dynamic_task_mapping_with_no_taskflow_operators.py
[2026-08-12T06:05:06.392+0000] {logging_mixin.py:190} INFO - [2026-08-12T06:05:06.392+0000] {dag.py:3211} INFO - Sync 1 DAGs
[2026-08-12T06:05:06.418+0000] {logging_mixin.py:190} INFO - [2026-08-12T06:05:06.418+0000] {dag.py:4138} INFO - Setting next_dagrun for example_dynamic_task_mapping_with_no_taskflow_operators to 2026-08-11 00:00:00+00:00, run_after=2026-08-12 00:00:00+00:00
[2026-08-12T06:05:06.441+0000] {processor.py:208} INFO - Processing /home/airflow/.local/lib/python3.12/site-packages/airflow/example_dags/example_dynamic_task_mapping_with_no_taskflow_operators.py took 0.102 seconds
[2026-08-12T06:05:36.736+0000] {processor.py:186} INFO - Started process (PID=11500) to work on /home/airflow/.local/lib/python3.12/site-packages/airflow/example_dags/example_dynamic_task_mapping_with_no_taskflow_operators.py
[2026-08-12T06:05:36.739+0000] {processor.py:914} INFO - Processing file /home/airflow/.local/lib/python3.12/site-packages/airflow/example_dags/example_dynamic_task_mapping_with_no_taskflow_operators.py for tasks to queue
[2026-08-12T06:05:36.744+0000] {logging_mixin.py:190} INFO - [2026-08-12T06:05:36.744+0000] {dagbag.py:587} INFO - Filling up the DagBag from /home/airflow/.local/lib/python3.12/site-packages/airflow/example_dags/example_dynamic_task_mapping_with_no_taskflow_operators.py
[2026-08-12T06:05:36.755+0000] {processor.py:925} INFO - DAG(s) 'example_dynamic_task_mapping_with_no_taskflow_operators' retrieved from /home/airflow/.local/lib/python3.12/site-packages/airflow/example_dags/example_dynamic_task_mapping_with_no_taskflow_operators.py
[2026-08-12T06:05:36.785+0000] {logging_mixin.py:190} INFO - [2026-08-12T06:05:36.785+0000] {dag.py:3211} INFO - Sync 1 DAGs
[2026-08-12T06:05:36.820+0000] {logging_mixin.py:190} INFO - [2026-08-12T06:05:36.820+0000] {dag.py:4138} INFO - Setting next_dagrun for example_dynamic_task_mapping_with_no_taskflow_operators to 2026-08-11 00:00:00+00:00, run_after=2026-08-12 00:00:00+00:00
[2026-08-12T06:05:36.846+0000] {processor.py:208} INFO - Processing /home/airflow/.local/lib/python3.12/site-packages/airflow/example_dags/example_dynamic_task_mapping_with_no_taskflow_operators.py took 0.116 seconds
[2026-08-12T06:06:07.637+0000] {processor.py:186} INFO - Started process (PID=11564) to work on /home/airflow/.local/lib/python3.12/site-packages/airflow/example_dags/example_dynamic_task_mapping_with_no_taskflow_operators.py
[2026-08-12T06:06:07.640+0000] {processor.py:914} INFO - Processing file /home/airflow/.local/lib/python3.12/site-packages/airflow/example_dags/example_dynamic_task_mapping_with_no_taskflow_operators.py for tasks to queue
[2026-08-12T06:06:07.645+0000] {logging_mixin.py:190} INFO - [2026-08-12T06:06:07.644+0000] {dagbag.py:587} INFO - Filling up the DagBag from /home/airflow/.local/lib/python3.12/site-packages/airflow/example_dags/example_dynamic_task_mapping_with_no_taskflow_operators.py
[2026-08-12T06:06:07.657+0000] {processor.py:925} INFO - DAG(s) 'example_dynamic_task_mapping_with_no_taskflow_operators' retrieved from /home/airflow/.local/lib/python3.12/site-packages/airflow/example_dags/example_dynamic_task_mapping_with_no_taskflow_operators.py
[2026-08-12T06:06:07.679+0000] {logging_mixin.py:190} INFO - [2026-08-12T06:06:07.679+0000] {dag.py:3211} INFO - Sync 1 DAGs
[2026-08-12T06:06:07.705+0000] {logging_mixin.py:190} INFO - [2026-08-12T06:06:07.705+0000] {dag.py:4138} INFO - Setting next_dagrun for example_dynamic_task_mapping_with_no_taskflow_operators to 2026-08-11 00:00:00+00:00, run_after=2026-08-12 00:00:00+00:00
[2026-08-12T06:06:07.725+0000] {processor.py:208} INFO - Processing /home/airflow/.local/lib/python3.12/site-packages/airflow/example_dags/example_dynamic_task_mapping_with_no_taskflow_operators.py took 0.098 seconds
[2026-08-12T06:06:38.540+0000] {processor.py:186} INFO - Started process (PID=11633) to work on /home/airflow/.local/lib/python3.12/site-packages/airflow/example_dags/example_dynamic_task_mapping_with_no_taskflow_operators.py
[2026-08-12T06:06:38.543+0000] {processor.py:914} INFO - Processing file /home/airflow/.local/lib/python3.12/site-packages/airflow/example_dags/example_dynamic_task_mapping_with_no_taskflow_operators.py for tasks to queue
[2026-08-12T06:06:38.549+0000] {logging_mixin.py:190} INFO - [2026-08-12T06:06:38.547+0000] {dagbag.py:587} INFO - Filling up the DagBag from /home/airflow/.local/lib/python3.12/site-packages/airflow/example_dags/example_dynamic_task_mapping_with_no_taskflow_operators.py
[2026-08-12T06:06:38.560+0000] {processor.py:925} INFO - DAG(s) 'example_dynamic_task_mapping_with_no_taskflow_operators' retrieved from /home/airflow/.local/lib/python3.12/site-packages/airflow/example_dags/example_dynamic_task_mapping_with_no_taskflow_operators.py
[2026-08-12T06:06:38.591+0000] {logging_mixin.py:190} INFO - [2026-08-12T06:06:38.590+0000] {dag.py:3211} INFO - Sync 1 DAGs
[2026-08-12T06:06:38.624+0000] {logging_mixin.py:190} INFO - [2026-08-12T06:06:38.624+0000] {dag.py:4138} INFO - Setting next_dagrun for example_dynamic_task_mapping_with_no_taskflow_operators to 2026-08-11 00:00:00+00:00, run_after=2026-08-12 00:00:00+00:00
[2026-08-12T06:06:38.652+0000] {processor.py:208} INFO - Processing /home/airflow/.local/lib/python3.12/site-packages/airflow/example_dags/example_dynamic_task_mapping_with_no_taskflow_operators.py took 0.118 seconds
[2026-08-12T06:07:08.959+0000] {processor.py:186} INFO - Started process (PID=11697) to work on /home/airflow/.local/lib/python3.12/site-packages/airflow/example_dags/example_dynamic_task_mapping_with_no_taskflow_operators.py
[2026-08-12T06:07:08.961+0000] {processor.py:914} INFO - Processing file /home/airflow/.local/lib/python3.12/site-packages/airflow/example_dags/example_dynamic_task_mapping_with_no_taskflow_operators.py for tasks to queue
[2026-08-12T06:07:08.965+0000] {logging_mixin.py:190} INFO - [2026-08-12T06:07:08.964+0000] {dagbag.py:587} INFO - Filling up the DagBag from /home/airflow/.local/lib/python3.12/site-packages/airflow/example_dags/example_dynamic_task_mapping_with_no_taskflow_operators.py
[2026-08-12T06:07:08.977+0000] {processor.py:925} INFO - DAG(s) 'example_dynamic_task_mapping_with_no_taskflow_operators' retrieved from /home/airflow/.local/lib/python3.12/site-packages/airflow/example_dags/example_dynamic_task_mapping_with_no_taskflow_operators.py
[2026-08-12T06:07:09.006+0000] {logging_mixin.py:190} INFO - [2026-08-12T06:07:09.006+0000] {dag.py:3211} INFO - Sync 1 DAGs
[2026-08-12T06:07:09.037+0000] {logging_mixin.py:190} INFO - [2026-08-12T06:07:09.037+0000] {dag.py:4138} INFO - Setting next_dagrun for example_dynamic_task_mapping_with_no_taskflow_operators to 2026-08-11 00:00:00+00:00, run_after=2026-08-12 00:00:00+00:00
[2026-08-12T06:07:09.064+0000] {processor.py:208} INFO - Processing /home/airflow/.local/lib/python3.12/site-packages/airflow/example_dags/example_dynamic_task_mapping_with_no_taskflow_operators.py took 0.112 seconds
[2026-08-12T06:07:39.434+0000] {processor.py:186} INFO - Started process (PID=11761) to work on /home/airflow/.local/lib/python3.12/site-packages/airflow/example_dags/example_dynamic_task_mapping_with_no_taskflow_operators.py
[2026-08-12T06:07:39.436+0000] {processor.py:914} INFO - Processing file /home/airflow/.local/lib/python3.12/site-packages/airflow/example_dags/example_dynamic_task_mapping_with_no_taskflow_operators.py for tasks to queue
[2026-08-12T06:07:39.440+0000] {logging_mixin.py:190} INFO - [2026-08-12T06:07:39.440+0000] {dagbag.py:587} INFO - Filling up the DagBag from /home/airflow/.local/lib/python3.12/site-packages/airflow/example_dags/example_dynamic_task_mapping_with_no_taskflow_operators.py
[2026-08-12T06:07:39.451+0000] {processor.py:925} INFO - DAG(s) 'example_dynamic_task_mapping_with_no_taskflow_operators' retrieved from /home/airflow/.local/lib/python3.12/site-packages/airflow/example_dags/example_dynamic_task_mapping_with_no_taskflow_operators.py
[2026-08-12T06:07:39.475+0000] {logging_mixin.py:190} INFO - [2026-08-12T06:07:39.475+0000] {dag.py:3211} INFO - Sync 1 DAGs
[2026-08-12T06:07:39.500+0000] {logging_mixin.py:190} INFO - [2026-08-12T06:07:39.500+0000] {dag.py:4138} INFO - Setting next_dagrun for example_dynamic_task_mapping_with_no_taskflow_operators to 2026-08-11 00:00:00+00:00, run_after=2026-08-12 00:00:00+00:00
[2026-08-12T06:07:39.522+0000] {processor.py:208} INFO - Processing /home/airflow/.local/lib/python3.12/site-packages/airflow/example_dags/example_dynamic_task_mapping_with_no_taskflow_operators.py took 0.094 seconds
[2026-08-12T06:08:10.439+0000] {processor.py:186} INFO - Started process (PID=11824) to work on /home/airflow/.local/lib/python3.12/site-packages/airflow/example_dags/example_dynamic_task_mapping_with_no_taskflow_operators.py
[2026-08-12T06:08:10.441+0000] {processor.py:914} INFO - Processing file /home/airflow/.local/lib/python3.12/site-packages/airflow/example_dags/example_dynamic_task_mapping_with_no_taskflow_operators.py for tasks to queue
[2026-08-12T06:08:10.446+0000] {logging_mixin.py:190} INFO - [2026-08-12T06:08:10.446+0000] {dagbag.py:587} INFO - Filling up the DagBag from /home/airflow/.local/lib/python3.12/site-packages/airflow/example_dags/example_dynamic_task_mapping_with_no_taskflow_operators.py
[2026-08-12T06:08:10.458+0000] {processor.py:925} INFO - DAG(s) 'example_dynamic_task_mapping_with_no_taskflow_operators' retrieved from /home/airflow/.local/lib/python3.12/site-packages/airflow/example_dags/example_dynamic_task_mapping_with_no_taskflow_operators.py
[2026-08-12T06:08:10.488+0000] {logging_mixin.py:190} INFO - [2026-08-12T06:08:10.488+0000] {dag.py:3211} INFO - Sync 1 DAGs
[2026-08-12T06:08:10.524+0000] {logging_mixin.py:190} INFO - [2026-08-12T06:08:10.524+0000] {dag.py:4138} INFO - Setting next_dagrun for example_dynamic_task_mapping_with_no_taskflow_operators to 2026-08-11 00:00:00+00:00, run_after=2026-08-12 00:00:00+00:00
[2026-08-12T06:08:10.554+0000] {processor.py:208} INFO - Processing /home/airflow/.local/lib/python3.12/site-packages/airflow/example_dags/example_dynamic_task_mapping_with_no_taskflow_operators.py took 0.121 seconds
[2026-08-12T06:08:40.925+0000] {processor.py:186} INFO - Started process (PID=11888) to work on /home/airflow/.local/lib/python3.12/site-packages/airflow/example_dags/example_dynamic_task_mapping_with_no_taskflow_operators.py
[2026-08-12T06:08:40.928+0000] {processor.py:914} INFO - Processing file /home/airflow/.local/lib/python3.12/site-packages/airflow/example_dags/example_dynamic_task_mapping_with_no_taskflow_operators.py for tasks to queue
[2026-08-12T06:08:40.932+0000] {logging_mixin.py:190} INFO - [2026-08-12T06:08:40.932+0000] {dagbag.py:587} INFO - Filling up the DagBag from /home/airflow/.local/lib/python3.12/site-packages/airflow/example_dags/example_dynamic_task_mapping_with_no_taskflow_operators.py
[2026-08-12T06:08:40.944+0000] {processor.py:925} INFO - DAG(s) 'example_dynamic_task_mapping_with_no_taskflow_operators' retrieved from /home/airflow/.local/lib/python3.12/site-packages/airflow/example_dags/example_dynamic_task_mapping_with_no_taskflow_operators.py
[2026-08-12T06:08:40.965+0000] {logging_mixin.py:190} INFO - [2026-08-12T06:08:40.965+0000] {dag.py:3211} INFO - Sync 1 DAGs
[2026-08-12T06:08:40.989+0000] {logging_mixin.py:190} INFO - [2026-08-12T06:08:40.989+0000] {dag.py:4138} INFO - Setting next_dagrun for example_dynamic_task_mapping_with_no_taskflow_operators to 2026-08-11 00:00:00+00:00, run_after=2026-08-12 00:00:00+00:00
[2026-08-12T06:08:41.014+0000] {processor.py:208} INFO - Processing /home/airflow/.local/lib/python3.12/site-packages/airflow/example_dags/example_dynamic_task_mapping_with_no_taskflow_operators.py took 0.095 seconds
[2026-08-12T06:09:11.312+0000] {processor.py:186} INFO - Started process (PID=11951) to work on /home/airflow/.local/lib/python3.12/site-packages/airflow/example_dags/example_dynamic_task_mapping_with_no_taskflow_operators.py
[2026-08-12T06:09:11.314+0000] {processor.py:914} INFO - Processing file /home/airflow/.local/lib/python3.12/site-packages/airflow/example_dags/example_dynamic_task_mapping_with_no_taskflow_operators.py for tasks to queue
[2026-08-12T06:09:11.318+0000] {logging_mixin.py:190} INFO - [2026-08-12T06:09:11.317+0000] {dagbag.py:587} INFO - Filling up the DagBag from /home/airflow/.local/lib/python3.12/site-packages/airflow/example_dags/example_dynamic_task_mapping_with_no_taskflow_operators.py
[2026-08-12T06:09:11.330+0000] {processor.py:925} INFO - DAG(s) 'example_dynamic_task_mapping_with_no_taskflow_operators' retrieved from /home/airflow/.local/lib/python3.12/site-packages/airflow/example_dags/example_dynamic_task_mapping_with_no_taskflow_operators.py
[2026-08-12T06:09:11.350+0000] {logging_mixin.py:190} INFO - [2026-08-12T06:09:11.350+0000] {dag.py:3211} INFO - Sync 1 DAGs
[2026-08-12T06:09:11.374+0000] {logging_mixin.py:190} INFO - [2026-08-12T06:09:11.374+0000] {dag.py:4138} INFO - Setting next_dagrun for example_dynamic_task_mapping_with_no_taskflow_operators to 2026-08-11 00:00:00+00:00, run_after=2026-08-12 00:00:00+00:00
[2026-08-12T06:09:11.394+0000] {processor.py:208} INFO - Processing /home/airflow/.local/lib/python3.12/site-packages/airflow/example_dags/example_dynamic_task_mapping_with_no_taskflow_operators.py took 0.091 seconds
[2026-08-12T06:09:42.142+0000] {processor.py:186} INFO - Started process (PID=12013) to work on /home/airflow/.local/lib/python3.12/site-packages/airflow/example_dags/example_dynamic_task_mapping_with_no_taskflow_operators.py
[2026-08-12T06:09:42.145+0000] {processor.py:914} INFO - Processing file /home/airflow/.local/lib/python3.12/site-packages/airflow/example_dags/example_dynamic_task_mapping_with_no_taskflow_operators.py for tasks to queue
[2026-08-12T06:09:42.151+0000] {logging_mixin.py:190} INFO - [2026-08-12T06:09:42.151+0000] {dagbag.py:587} INFO - Filling up the DagBag from /home/airflow/.local/lib/python3.12/site-packages/airflow/example_dags/example_dynamic_task_mapping_with_no_taskflow_operators.py
[2026-08-12T06:09:42.163+0000] {processor.py:925} INFO - DAG(s) 'example_dynamic_task_mapping_with_no_taskflow_operators' retrieved from /home/airflow/.local/lib/python3.12/site-packages/airflow/example_dags/example_dynamic_task_mapping_with_no_taskflow_operators.py
[2026-08-12T06:09:42.187+0000] {logging_mixin.py:190} INFO - [2026-08-12T06:09:42.187+0000] {dag.py:3211} INFO - Sync 1 DAGs
[2026-08-12T06:09:42.214+0000] {logging_mixin.py:190} INFO - [2026-08-12T06:09:42.214+0000] {dag.py:4138} INFO - Setting next_dagrun for example_dynamic_task_mapping_with_no_taskflow_operators to 2026-08-11 00:00:00+00:00, run_after=2026-08-12 00:00:00+00:00
[2026-08-12T06:09:42.235+0000] {processor.py:208} INFO - Processing /home/airflow/.local/lib/python3.12/site-packages/airflow/example_dags/example_dynamic_task_mapping_with_no_taskflow_operators.py took 0.101 seconds
[2026-08-12T06:10:12.948+0000] {processor.py:186} INFO - Started process (PID=12076) to work on /home/airflow/.local/lib/python3.12/site-packages/airflow/example_dags/example_dynamic_task_mapping_with_no_taskflow_operators.py
[2026-08-12T06:10:12.950+0000] {processor.py:914} INFO - Processing file /home/airflow/.local/lib/python3.12/site-packages/airflow/example_dags/example_dynamic_task_mapping_with_no_taskflow_operators.py for tasks to queue
[2026-08-12T06:10:12.957+0000] {logging_mixin.py:190} INFO - [2026-08-12T06:10:12.957+0000] {dagbag.py:587} INFO - Filling up the DagBag from /home/airflow/.local/lib/python3.12/site-packages/airflow/example_dags/example_dynamic_task_mapping_with_no_taskflow_operators.py
[2026-08-12T06:10:12.969+0000] {processor.py:925} INFO - DAG(s) 'example_dynamic_task_mapping_with_no_taskflow_operators' retrieved from /home/airflow/.local/lib/python3.12/site-packages/airflow/example_dags/example_dynamic_task_mapping_with_no_taskflow_operators.py
[2026-08-12T06:10:13.004+0000] {logging_mixin.py:190} INFO - [2026-08-12T06:10:13.003+0000] {dag.py:3211} INFO - Sync 1 DAGs
[2026-08-12T06:10:13.034+0000] {logging_mixin.py:190} INFO - [2026-08-12T06:10:13.033+0000] {dag.py:4138} INFO - Setting next_dagrun for example_dynamic_task_mapping_with_no_taskflow_operators to 2026-08-11 00:00:00+00:00, run_after=2026-08-12 00:00:00+00:00
[2026-08-12T06:10:13.062+0000] {processor.py:208} INFO - Processing /home/airflow/.local/lib/python3.12/site-packages/airflow/example_dags/example_dynamic_task_mapping_with_no_taskflow_operators.py took 0.121 seconds
[2026-08-12T06:10:43.263+0000] {processor.py:186} INFO - Started process (PID=12139) to work on /home/airflow/.local/lib/python3.12/site-packages/airflow/example_dags/example_dynamic_task_mapping_with_no_taskflow_operators.py
[2026-08-12T06:10:43.265+0000] {processor.py:914} INFO - Processing file /home/airflow/.local/lib/python3.12/site-packages/airflow/example_dags/example_dynamic_task_mapping_with_no_taskflow_operators.py for tasks to queue
[2026-08-12T06:10:43.271+0000] {logging_mixin.py:190} INFO - [2026-08-12T06:10:43.270+0000] {dagbag.py:587} INFO - Filling up the DagBag from /home/airflow/.local/lib/python3.12/site-packages/airflow/example_dags/example_dynamic_task_mapping_with_no_taskflow_operators.py
[2026-08-12T06:10:43.283+0000] {processor.py:925} INFO - DAG(s) 'example_dynamic_task_mapping_with_no_taskflow_operators' retrieved from /home/airflow/.local/lib/python3.12/site-packages/airflow/example_dags/example_dynamic_task_mapping_with_no_taskflow_operators.py
[2026-08-12T06:10:43.305+0000] {logging_mixin.py:190} INFO - [2026-08-12T06:10:43.304+0000] {dag.py:3211} INFO - Sync 1 DAGs
[2026-08-12T06:10:43.329+0000] {logging_mixin.py:190} INFO - [2026-08-12T06:10:43.329+0000] {dag.py:4138} INFO - Setting next_dagrun for example_dynamic_task_mapping_with_no_taskflow_operators to 2026-08-11 00:00:00+00:00, run_after=2026-08-12 00:00:00+00:00
[2026-08-12T06:10:43.353+0000] {processor.py:208} INFO - Processing /home/airflow/.local/lib/python3.12/site-packages/airflow/example_dags/example_dynamic_task_mapping_with_no_taskflow_operators.py took 0.097 seconds
