[2026-08-12T04:31:07.569+0000] {processor.py:186} INFO - Started process (PID=92) to work on /home/airflow/.local/lib/python3.12/site-packages/airflow/example_dags/example_nested_branch_dag.py
[2026-08-12T04:31:07.572+0000] {processor.py:914} INFO - Processing file /home/airflow/.local/lib/python3.12/site-packages/airflow/example_dags/example_nested_branch_dag.py for tasks to queue
[2026-08-12T04:31:07.578+0000] {logging_mixin.py:190} INFO - [2026-08-12T04:31:07.577+0000] {dagbag.py:587} INFO - Filling up the DagBag from /home/airflow/.local/lib/python3.12/site-packages/airflow/example_dags/example_nested_branch_dag.py
[2026-08-12T04:31:07.602+0000] {processor.py:925} INFO - DAG(s) 'example_nested_branch_dag' retrieved from /home/airflow/.local/lib/python3.12/site-packages/airflow/example_dags/example_nested_branch_dag.py
[2026-08-12T04:31:07.846+0000] {logging_mixin.py:190} INFO - [2026-08-12T04:31:07.845+0000] {override.py:1858} INFO - Created Permission View: can delete on DAG:example_nested_branch_dag
[2026-08-12T04:31:07.865+0000] {logging_mixin.py:190} INFO - [2026-08-12T04:31:07.865+0000] {override.py:1858} INFO - Created Permission View: can read on DAG:example_nested_branch_dag
[2026-08-12T04:31:07.881+0000] {logging_mixin.py:190} INFO - [2026-08-12T04:31:07.880+0000] {override.py:1858} INFO - Created Permission View: can edit on DAG:example_nested_branch_dag
[2026-08-12T04:31:07.883+0000] {logging_mixin.py:190} INFO - [2026-08-12T04:31:07.883+0000] {dag.py:3211} INFO - Sync 1 DAGs
[2026-08-12T04:31:07.906+0000] {logging_mixin.py:190} INFO - [2026-08-12T04:31:07.905+0000] {dag.py:3234} INFO - Creating ORM DAG for example_nested_branch_dag
[2026-08-12T04:31:07.923+0000] {logging_mixin.py:190} INFO - [2026-08-12T04:31:07.923+0000] {dag.py:4138} INFO - Setting next_dagrun for example_nested_branch_dag to 2026-08-11 00:00:00+00:00, run_after=2026-08-12 00:00:00+00:00
[2026-08-12T04:31:07.953+0000] {processor.py:208} INFO - Processing /home/airflow/.local/lib/python3.12/site-packages/airflow/example_dags/example_nested_branch_dag.py took 0.392 seconds
[2026-08-12T04:31:38.627+0000] {processor.py:186} INFO - Started process (PID=154) to work on /home/airflow/.local/lib/python3.12/site-packages/airflow/example_dags/example_nested_branch_dag.py
[2026-08-12T04:31:38.630+0000] {processor.py:914} INFO - Processing file /home/airflow/.local/lib/python3.12/site-packages/airflow/example_dags/example_nested_branch_dag.py for tasks to queue
[2026-08-12T04:31:38.634+0000] {logging_mixin.py:190} INFO - [2026-08-12T04:31:38.633+0000] {dagbag.py:587} INFO - Filling up the DagBag from /home/airflow/.local/lib/python3.12/site-packages/airflow/example_dags/example_nested_branch_dag.py
[2026-08-12T04:31:38.647+0000] {processor.py:925} INFO - DAG(s) 'example_nested_branch_dag' retrieved from /home/airflow/.local/lib/python3.12/site-packages/airflow/example_dags/example_nested_branch_dag.py
[2026-08-12T04:31:38.692+0000] {logging_mixin.py:190} INFO - [2026-08-12T04:31:38.691+0000] {dag.py:3211} INFO - Sync 1 DAGs
[2026-08-12T04:31:38.738+0000] {logging_mixin.py:190} INFO - [2026-08-12T04:31:38.738+0000] {dag.py:4138} INFO - Setting next_dagrun for example_nested_branch_dag to 2026-08-11 00:00:00+00:00, run_after=2026-08-12 00:00:00+00:00
[2026-08-12T04:31:38.768+0000] {processor.py:208} INFO - Processing /home/airflow/.local/lib/python3.12/site-packages/airflow/example_dags/example_nested_branch_dag.py took 0.148 seconds
[2026-08-12T04:32:56.579+0000] {processor.py:186} INFO - Started process (PID=86) to work on /home/airflow/.local/lib/python3.12/site-packages/airflow/example_dags/example_nested_branch_dag.py
[2026-08-12T04:32:56.585+0000] {processor.py:914} INFO - Processing file /home/airflow/.local/lib/python3.12/site-packages/airflow/example_dags/example_nested_branch_dag.py for tasks to queue
[2026-08-12T04:32:56.594+0000] {logging_mixin.py:190} INFO - [2026-08-12T04:32:56.593+0000] {dagbag.py:587} INFO - Filling up the DagBag from /home/airflow/.local/lib/python3.12/site-packages/airflow/example_dags/example_nested_branch_dag.py
[2026-08-12T04:32:56.656+0000] {processor.py:925} INFO - DAG(s) 'example_nested_branch_dag' retrieved from /home/airflow/.local/lib/python3.12/site-packages/airflow/example_dags/example_nested_branch_dag.py
[2026-08-12T04:32:56.818+0000] {logging_mixin.py:190} INFO - [2026-08-12T04:32:56.818+0000] {dag.py:3211} INFO - Sync 1 DAGs
[2026-08-12T04:32:57.026+0000] {logging_mixin.py:190} INFO - [2026-08-12T04:32:57.020+0000] {dag.py:4138} INFO - Setting next_dagrun for example_nested_branch_dag to 2026-08-11 00:00:00+00:00, run_after=2026-08-12 00:00:00+00:00
[2026-08-12T04:32:57.143+0000] {processor.py:208} INFO - Processing /home/airflow/.local/lib/python3.12/site-packages/airflow/example_dags/example_nested_branch_dag.py took 0.585 seconds
[2026-08-12T04:33:27.606+0000] {processor.py:186} INFO - Started process (PID=148) to work on /home/airflow/.local/lib/python3.12/site-packages/airflow/example_dags/example_nested_branch_dag.py
[2026-08-12T04:33:27.610+0000] {processor.py:914} INFO - Processing file /home/airflow/.local/lib/python3.12/site-packages/airflow/example_dags/example_nested_branch_dag.py for tasks to queue
[2026-08-12T04:33:27.615+0000] {logging_mixin.py:190} INFO - [2026-08-12T04:33:27.614+0000] {dagbag.py:587} INFO - Filling up the DagBag from /home/airflow/.local/lib/python3.12/site-packages/airflow/example_dags/example_nested_branch_dag.py
[2026-08-12T04:33:27.630+0000] {processor.py:925} INFO - DAG(s) 'example_nested_branch_dag' retrieved from /home/airflow/.local/lib/python3.12/site-packages/airflow/example_dags/example_nested_branch_dag.py
[2026-08-12T04:33:27.662+0000] {logging_mixin.py:190} INFO - [2026-08-12T04:33:27.662+0000] {dag.py:3211} INFO - Sync 1 DAGs
[2026-08-12T04:33:27.688+0000] {logging_mixin.py:190} INFO - [2026-08-12T04:33:27.688+0000] {dag.py:4138} INFO - Setting next_dagrun for example_nested_branch_dag to 2026-08-11 00:00:00+00:00, run_after=2026-08-12 00:00:00+00:00
[2026-08-12T04:33:27.711+0000] {processor.py:208} INFO - Processing /home/airflow/.local/lib/python3.12/site-packages/airflow/example_dags/example_nested_branch_dag.py took 0.112 seconds
[2026-08-12T04:33:58.337+0000] {processor.py:186} INFO - Started process (PID=210) to work on /home/airflow/.local/lib/python3.12/site-packages/airflow/example_dags/example_nested_branch_dag.py
[2026-08-12T04:33:58.340+0000] {processor.py:914} INFO - Processing file /home/airflow/.local/lib/python3.12/site-packages/airflow/example_dags/example_nested_branch_dag.py for tasks to queue
[2026-08-12T04:33:58.345+0000] {logging_mixin.py:190} INFO - [2026-08-12T04:33:58.344+0000] {dagbag.py:587} INFO - Filling up the DagBag from /home/airflow/.local/lib/python3.12/site-packages/airflow/example_dags/example_nested_branch_dag.py
[2026-08-12T04:33:58.366+0000] {processor.py:925} INFO - DAG(s) 'example_nested_branch_dag' retrieved from /home/airflow/.local/lib/python3.12/site-packages/airflow/example_dags/example_nested_branch_dag.py
[2026-08-12T04:33:58.396+0000] {logging_mixin.py:190} INFO - [2026-08-12T04:33:58.395+0000] {dag.py:3211} INFO - Sync 1 DAGs
[2026-08-12T04:33:58.424+0000] {logging_mixin.py:190} INFO - [2026-08-12T04:33:58.423+0000] {dag.py:4138} INFO - Setting next_dagrun for example_nested_branch_dag to 2026-08-11 00:00:00+00:00, run_after=2026-08-12 00:00:00+00:00
[2026-08-12T04:33:58.446+0000] {processor.py:208} INFO - Processing /home/airflow/.local/lib/python3.12/site-packages/airflow/example_dags/example_nested_branch_dag.py took 0.115 seconds
[2026-08-12T04:34:28.559+0000] {processor.py:186} INFO - Started process (PID=272) to work on /home/airflow/.local/lib/python3.12/site-packages/airflow/example_dags/example_nested_branch_dag.py
[2026-08-12T04:34:28.561+0000] {processor.py:914} INFO - Processing file /home/airflow/.local/lib/python3.12/site-packages/airflow/example_dags/example_nested_branch_dag.py for tasks to queue
[2026-08-12T04:34:28.565+0000] {logging_mixin.py:190} INFO - [2026-08-12T04:34:28.564+0000] {dagbag.py:587} INFO - Filling up the DagBag from /home/airflow/.local/lib/python3.12/site-packages/airflow/example_dags/example_nested_branch_dag.py
[2026-08-12T04:34:28.587+0000] {processor.py:925} INFO - DAG(s) 'example_nested_branch_dag' retrieved from /home/airflow/.local/lib/python3.12/site-packages/airflow/example_dags/example_nested_branch_dag.py
[2026-08-12T04:34:28.619+0000] {logging_mixin.py:190} INFO - [2026-08-12T04:34:28.618+0000] {dag.py:3211} INFO - Sync 1 DAGs
[2026-08-12T04:34:28.651+0000] {logging_mixin.py:190} INFO - [2026-08-12T04:34:28.651+0000] {dag.py:4138} INFO - Setting next_dagrun for example_nested_branch_dag to 2026-08-11 00:00:00+00:00, run_after=2026-08-12 00:00:00+00:00
[2026-08-12T04:34:28.681+0000] {processor.py:208} INFO - Processing /home/airflow/.local/lib/python3.12/site-packages/airflow/example_dags/example_nested_branch_dag.py took 0.129 seconds
[2026-08-12T04:34:58.755+0000] {processor.py:186} INFO - Started process (PID=334) to work on /home/airflow/.local/lib/python3.12/site-packages/airflow/example_dags/example_nested_branch_dag.py
[2026-08-12T04:34:58.758+0000] {processor.py:914} INFO - Processing file /home/airflow/.local/lib/python3.12/site-packages/airflow/example_dags/example_nested_branch_dag.py for tasks to queue
[2026-08-12T04:34:58.764+0000] {logging_mixin.py:190} INFO - [2026-08-12T04:34:58.763+0000] {dagbag.py:587} INFO - Filling up the DagBag from /home/airflow/.local/lib/python3.12/site-packages/airflow/example_dags/example_nested_branch_dag.py
[2026-08-12T04:34:58.780+0000] {processor.py:925} INFO - DAG(s) 'example_nested_branch_dag' retrieved from /home/airflow/.local/lib/python3.12/site-packages/airflow/example_dags/example_nested_branch_dag.py
[2026-08-12T04:34:58.812+0000] {logging_mixin.py:190} INFO - [2026-08-12T04:34:58.811+0000] {dag.py:3211} INFO - Sync 1 DAGs
[2026-08-12T04:34:58.843+0000] {logging_mixin.py:190} INFO - [2026-08-12T04:34:58.842+0000] {dag.py:4138} INFO - Setting next_dagrun for example_nested_branch_dag to 2026-08-11 00:00:00+00:00, run_after=2026-08-12 00:00:00+00:00
[2026-08-12T04:34:58.866+0000] {processor.py:208} INFO - Processing /home/airflow/.local/lib/python3.12/site-packages/airflow/example_dags/example_nested_branch_dag.py took 0.117 seconds
[2026-08-12T04:35:28.967+0000] {processor.py:186} INFO - Started process (PID=396) to work on /home/airflow/.local/lib/python3.12/site-packages/airflow/example_dags/example_nested_branch_dag.py
[2026-08-12T04:35:28.969+0000] {processor.py:914} INFO - Processing file /home/airflow/.local/lib/python3.12/site-packages/airflow/example_dags/example_nested_branch_dag.py for tasks to queue
[2026-08-12T04:35:28.975+0000] {logging_mixin.py:190} INFO - [2026-08-12T04:35:28.974+0000] {dagbag.py:587} INFO - Filling up the DagBag from /home/airflow/.local/lib/python3.12/site-packages/airflow/example_dags/example_nested_branch_dag.py
[2026-08-12T04:35:28.997+0000] {processor.py:925} INFO - DAG(s) 'example_nested_branch_dag' retrieved from /home/airflow/.local/lib/python3.12/site-packages/airflow/example_dags/example_nested_branch_dag.py
[2026-08-12T04:35:29.031+0000] {logging_mixin.py:190} INFO - [2026-08-12T04:35:29.030+0000] {dag.py:3211} INFO - Sync 1 DAGs
[2026-08-12T04:35:29.063+0000] {logging_mixin.py:190} INFO - [2026-08-12T04:35:29.063+0000] {dag.py:4138} INFO - Setting next_dagrun for example_nested_branch_dag to 2026-08-11 00:00:00+00:00, run_after=2026-08-12 00:00:00+00:00
[2026-08-12T04:35:29.100+0000] {processor.py:208} INFO - Processing /home/airflow/.local/lib/python3.12/site-packages/airflow/example_dags/example_nested_branch_dag.py took 0.141 seconds
[2026-08-12T04:36:00.043+0000] {processor.py:186} INFO - Started process (PID=458) to work on /home/airflow/.local/lib/python3.12/site-packages/airflow/example_dags/example_nested_branch_dag.py
[2026-08-12T04:36:00.046+0000] {processor.py:914} INFO - Processing file /home/airflow/.local/lib/python3.12/site-packages/airflow/example_dags/example_nested_branch_dag.py for tasks to queue
[2026-08-12T04:36:00.050+0000] {logging_mixin.py:190} INFO - [2026-08-12T04:36:00.049+0000] {dagbag.py:587} INFO - Filling up the DagBag from /home/airflow/.local/lib/python3.12/site-packages/airflow/example_dags/example_nested_branch_dag.py
[2026-08-12T04:36:00.064+0000] {processor.py:925} INFO - DAG(s) 'example_nested_branch_dag' retrieved from /home/airflow/.local/lib/python3.12/site-packages/airflow/example_dags/example_nested_branch_dag.py
[2026-08-12T04:36:00.095+0000] {logging_mixin.py:190} INFO - [2026-08-12T04:36:00.095+0000] {dag.py:3211} INFO - Sync 1 DAGs
[2026-08-12T04:36:00.127+0000] {logging_mixin.py:190} INFO - [2026-08-12T04:36:00.127+0000] {dag.py:4138} INFO - Setting next_dagrun for example_nested_branch_dag to 2026-08-11 00:00:00+00:00, run_after=2026-08-12 00:00:00+00:00
[2026-08-12T04:36:00.156+0000] {processor.py:208} INFO - Processing /home/airflow/.local/lib/python3.12/site-packages/airflow/example_dags/example_nested_branch_dag.py took 0.123 seconds
[2026-08-12T04:36:30.391+0000] {processor.py:186} INFO - Started process (PID=520) to work on /home/airflow/.local/lib/python3.12/site-packages/airflow/example_dags/example_nested_branch_dag.py
[2026-08-12T04:36:30.394+0000] {processor.py:914} INFO - Processing file /home/airflow/.local/lib/python3.12/site-packages/airflow/example_dags/example_nested_branch_dag.py for tasks to queue
[2026-08-12T04:36:30.397+0000] {logging_mixin.py:190} INFO - [2026-08-12T04:36:30.397+0000] {dagbag.py:587} INFO - Filling up the DagBag from /home/airflow/.local/lib/python3.12/site-packages/airflow/example_dags/example_nested_branch_dag.py
[2026-08-12T04:36:30.413+0000] {processor.py:925} INFO - DAG(s) 'example_nested_branch_dag' retrieved from /home/airflow/.local/lib/python3.12/site-packages/airflow/example_dags/example_nested_branch_dag.py
[2026-08-12T04:36:30.451+0000] {logging_mixin.py:190} INFO - [2026-08-12T04:36:30.450+0000] {dag.py:3211} INFO - Sync 1 DAGs
[2026-08-12T04:36:30.500+0000] {logging_mixin.py:190} INFO - [2026-08-12T04:36:30.500+0000] {dag.py:4138} INFO - Setting next_dagrun for example_nested_branch_dag to 2026-08-11 00:00:00+00:00, run_after=2026-08-12 00:00:00+00:00
[2026-08-12T04:36:30.529+0000] {processor.py:208} INFO - Processing /home/airflow/.local/lib/python3.12/site-packages/airflow/example_dags/example_nested_branch_dag.py took 0.145 seconds
[2026-08-12T04:37:01.086+0000] {processor.py:186} INFO - Started process (PID=582) to work on /home/airflow/.local/lib/python3.12/site-packages/airflow/example_dags/example_nested_branch_dag.py
[2026-08-12T04:37:01.088+0000] {processor.py:914} INFO - Processing file /home/airflow/.local/lib/python3.12/site-packages/airflow/example_dags/example_nested_branch_dag.py for tasks to queue
[2026-08-12T04:37:01.093+0000] {logging_mixin.py:190} INFO - [2026-08-12T04:37:01.092+0000] {dagbag.py:587} INFO - Filling up the DagBag from /home/airflow/.local/lib/python3.12/site-packages/airflow/example_dags/example_nested_branch_dag.py
[2026-08-12T04:37:01.106+0000] {processor.py:925} INFO - DAG(s) 'example_nested_branch_dag' retrieved from /home/airflow/.local/lib/python3.12/site-packages/airflow/example_dags/example_nested_branch_dag.py
[2026-08-12T04:37:01.130+0000] {logging_mixin.py:190} INFO - [2026-08-12T04:37:01.130+0000] {dag.py:3211} INFO - Sync 1 DAGs
[2026-08-12T04:37:01.158+0000] {logging_mixin.py:190} INFO - [2026-08-12T04:37:01.158+0000] {dag.py:4138} INFO - Setting next_dagrun for example_nested_branch_dag to 2026-08-11 00:00:00+00:00, run_after=2026-08-12 00:00:00+00:00
[2026-08-12T04:37:01.181+0000] {processor.py:208} INFO - Processing /home/airflow/.local/lib/python3.12/site-packages/airflow/example_dags/example_nested_branch_dag.py took 0.106 seconds
[2026-08-12T04:37:31.478+0000] {processor.py:186} INFO - Started process (PID=644) to work on /home/airflow/.local/lib/python3.12/site-packages/airflow/example_dags/example_nested_branch_dag.py
[2026-08-12T04:37:31.480+0000] {processor.py:914} INFO - Processing file /home/airflow/.local/lib/python3.12/site-packages/airflow/example_dags/example_nested_branch_dag.py for tasks to queue
[2026-08-12T04:37:31.486+0000] {logging_mixin.py:190} INFO - [2026-08-12T04:37:31.485+0000] {dagbag.py:587} INFO - Filling up the DagBag from /home/airflow/.local/lib/python3.12/site-packages/airflow/example_dags/example_nested_branch_dag.py
[2026-08-12T04:37:31.501+0000] {processor.py:925} INFO - DAG(s) 'example_nested_branch_dag' retrieved from /home/airflow/.local/lib/python3.12/site-packages/airflow/example_dags/example_nested_branch_dag.py
[2026-08-12T04:37:31.535+0000] {logging_mixin.py:190} INFO - [2026-08-12T04:37:31.535+0000] {dag.py:3211} INFO - Sync 1 DAGs
[2026-08-12T04:37:31.572+0000] {logging_mixin.py:190} INFO - [2026-08-12T04:37:31.571+0000] {dag.py:4138} INFO - Setting next_dagrun for example_nested_branch_dag to 2026-08-11 00:00:00+00:00, run_after=2026-08-12 00:00:00+00:00
[2026-08-12T04:37:31.608+0000] {processor.py:208} INFO - Processing /home/airflow/.local/lib/python3.12/site-packages/airflow/example_dags/example_nested_branch_dag.py took 0.138 seconds
[2026-08-12T04:38:01.760+0000] {processor.py:186} INFO - Started process (PID=706) to work on /home/airflow/.local/lib/python3.12/site-packages/airflow/example_dags/example_nested_branch_dag.py
[2026-08-12T04:38:01.762+0000] {processor.py:914} INFO - Processing file /home/airflow/.local/lib/python3.12/site-packages/airflow/example_dags/example_nested_branch_dag.py for tasks to queue
[2026-08-12T04:38:01.767+0000] {logging_mixin.py:190} INFO - [2026-08-12T04:38:01.766+0000] {dagbag.py:587} INFO - Filling up the DagBag from /home/airflow/.local/lib/python3.12/site-packages/airflow/example_dags/example_nested_branch_dag.py
[2026-08-12T04:38:01.786+0000] {processor.py:925} INFO - DAG(s) 'example_nested_branch_dag' retrieved from /home/airflow/.local/lib/python3.12/site-packages/airflow/example_dags/example_nested_branch_dag.py
[2026-08-12T04:38:01.811+0000] {logging_mixin.py:190} INFO - [2026-08-12T04:38:01.811+0000] {dag.py:3211} INFO - Sync 1 DAGs
[2026-08-12T04:38:01.839+0000] {logging_mixin.py:190} INFO - [2026-08-12T04:38:01.839+0000] {dag.py:4138} INFO - Setting next_dagrun for example_nested_branch_dag to 2026-08-11 00:00:00+00:00, run_after=2026-08-12 00:00:00+00:00
[2026-08-12T04:38:01.861+0000] {processor.py:208} INFO - Processing /home/airflow/.local/lib/python3.12/site-packages/airflow/example_dags/example_nested_branch_dag.py took 0.109 seconds
[2026-08-12T04:38:32.057+0000] {processor.py:186} INFO - Started process (PID=768) to work on /home/airflow/.local/lib/python3.12/site-packages/airflow/example_dags/example_nested_branch_dag.py
[2026-08-12T04:38:32.060+0000] {processor.py:914} INFO - Processing file /home/airflow/.local/lib/python3.12/site-packages/airflow/example_dags/example_nested_branch_dag.py for tasks to queue
[2026-08-12T04:38:32.064+0000] {logging_mixin.py:190} INFO - [2026-08-12T04:38:32.064+0000] {dagbag.py:587} INFO - Filling up the DagBag from /home/airflow/.local/lib/python3.12/site-packages/airflow/example_dags/example_nested_branch_dag.py
[2026-08-12T04:38:32.078+0000] {processor.py:925} INFO - DAG(s) 'example_nested_branch_dag' retrieved from /home/airflow/.local/lib/python3.12/site-packages/airflow/example_dags/example_nested_branch_dag.py
[2026-08-12T04:38:32.103+0000] {logging_mixin.py:190} INFO - [2026-08-12T04:38:32.103+0000] {dag.py:3211} INFO - Sync 1 DAGs
[2026-08-12T04:38:32.129+0000] {logging_mixin.py:190} INFO - [2026-08-12T04:38:32.129+0000] {dag.py:4138} INFO - Setting next_dagrun for example_nested_branch_dag to 2026-08-11 00:00:00+00:00, run_after=2026-08-12 00:00:00+00:00
[2026-08-12T04:38:32.148+0000] {processor.py:208} INFO - Processing /home/airflow/.local/lib/python3.12/site-packages/airflow/example_dags/example_nested_branch_dag.py took 0.097 seconds
[2026-08-12T04:39:02.374+0000] {processor.py:186} INFO - Started process (PID=830) to work on /home/airflow/.local/lib/python3.12/site-packages/airflow/example_dags/example_nested_branch_dag.py
[2026-08-12T04:39:02.377+0000] {processor.py:914} INFO - Processing file /home/airflow/.local/lib/python3.12/site-packages/airflow/example_dags/example_nested_branch_dag.py for tasks to queue
[2026-08-12T04:39:02.383+0000] {logging_mixin.py:190} INFO - [2026-08-12T04:39:02.382+0000] {dagbag.py:587} INFO - Filling up the DagBag from /home/airflow/.local/lib/python3.12/site-packages/airflow/example_dags/example_nested_branch_dag.py
[2026-08-12T04:39:02.401+0000] {processor.py:925} INFO - DAG(s) 'example_nested_branch_dag' retrieved from /home/airflow/.local/lib/python3.12/site-packages/airflow/example_dags/example_nested_branch_dag.py
[2026-08-12T04:39:02.431+0000] {logging_mixin.py:190} INFO - [2026-08-12T04:39:02.431+0000] {dag.py:3211} INFO - Sync 1 DAGs
[2026-08-12T04:39:02.462+0000] {logging_mixin.py:190} INFO - [2026-08-12T04:39:02.462+0000] {dag.py:4138} INFO - Setting next_dagrun for example_nested_branch_dag to 2026-08-11 00:00:00+00:00, run_after=2026-08-12 00:00:00+00:00
[2026-08-12T04:39:02.492+0000] {processor.py:208} INFO - Processing /home/airflow/.local/lib/python3.12/site-packages/airflow/example_dags/example_nested_branch_dag.py took 0.126 seconds
[2026-08-12T04:39:33.301+0000] {processor.py:186} INFO - Started process (PID=892) to work on /home/airflow/.local/lib/python3.12/site-packages/airflow/example_dags/example_nested_branch_dag.py
[2026-08-12T04:39:33.304+0000] {processor.py:914} INFO - Processing file /home/airflow/.local/lib/python3.12/site-packages/airflow/example_dags/example_nested_branch_dag.py for tasks to queue
[2026-08-12T04:39:33.310+0000] {logging_mixin.py:190} INFO - [2026-08-12T04:39:33.309+0000] {dagbag.py:587} INFO - Filling up the DagBag from /home/airflow/.local/lib/python3.12/site-packages/airflow/example_dags/example_nested_branch_dag.py
[2026-08-12T04:39:33.333+0000] {processor.py:925} INFO - DAG(s) 'example_nested_branch_dag' retrieved from /home/airflow/.local/lib/python3.12/site-packages/airflow/example_dags/example_nested_branch_dag.py
[2026-08-12T04:39:33.387+0000] {logging_mixin.py:190} INFO - [2026-08-12T04:39:33.386+0000] {dag.py:3211} INFO - Sync 1 DAGs
[2026-08-12T04:39:33.418+0000] {logging_mixin.py:190} INFO - [2026-08-12T04:39:33.417+0000] {dag.py:4138} INFO - Setting next_dagrun for example_nested_branch_dag to 2026-08-11 00:00:00+00:00, run_after=2026-08-12 00:00:00+00:00
[2026-08-12T04:39:33.445+0000] {processor.py:208} INFO - Processing /home/airflow/.local/lib/python3.12/site-packages/airflow/example_dags/example_nested_branch_dag.py took 0.154 seconds
[2026-08-12T04:40:03.764+0000] {processor.py:186} INFO - Started process (PID=954) to work on /home/airflow/.local/lib/python3.12/site-packages/airflow/example_dags/example_nested_branch_dag.py
[2026-08-12T04:40:03.767+0000] {processor.py:914} INFO - Processing file /home/airflow/.local/lib/python3.12/site-packages/airflow/example_dags/example_nested_branch_dag.py for tasks to queue
[2026-08-12T04:40:03.772+0000] {logging_mixin.py:190} INFO - [2026-08-12T04:40:03.771+0000] {dagbag.py:587} INFO - Filling up the DagBag from /home/airflow/.local/lib/python3.12/site-packages/airflow/example_dags/example_nested_branch_dag.py
[2026-08-12T04:40:03.787+0000] {processor.py:925} INFO - DAG(s) 'example_nested_branch_dag' retrieved from /home/airflow/.local/lib/python3.12/site-packages/airflow/example_dags/example_nested_branch_dag.py
[2026-08-12T04:40:03.813+0000] {logging_mixin.py:190} INFO - [2026-08-12T04:40:03.813+0000] {dag.py:3211} INFO - Sync 1 DAGs
[2026-08-12T04:40:03.846+0000] {logging_mixin.py:190} INFO - [2026-08-12T04:40:03.845+0000] {dag.py:4138} INFO - Setting next_dagrun for example_nested_branch_dag to 2026-08-11 00:00:00+00:00, run_after=2026-08-12 00:00:00+00:00
[2026-08-12T04:40:03.910+0000] {processor.py:208} INFO - Processing /home/airflow/.local/lib/python3.12/site-packages/airflow/example_dags/example_nested_branch_dag.py took 0.151 seconds
[2026-08-12T04:40:34.204+0000] {processor.py:186} INFO - Started process (PID=1016) to work on /home/airflow/.local/lib/python3.12/site-packages/airflow/example_dags/example_nested_branch_dag.py
[2026-08-12T04:40:34.208+0000] {processor.py:914} INFO - Processing file /home/airflow/.local/lib/python3.12/site-packages/airflow/example_dags/example_nested_branch_dag.py for tasks to queue
[2026-08-12T04:40:34.215+0000] {logging_mixin.py:190} INFO - [2026-08-12T04:40:34.215+0000] {dagbag.py:587} INFO - Filling up the DagBag from /home/airflow/.local/lib/python3.12/site-packages/airflow/example_dags/example_nested_branch_dag.py
[2026-08-12T04:40:34.232+0000] {processor.py:925} INFO - DAG(s) 'example_nested_branch_dag' retrieved from /home/airflow/.local/lib/python3.12/site-packages/airflow/example_dags/example_nested_branch_dag.py
[2026-08-12T04:40:34.256+0000] {logging_mixin.py:190} INFO - [2026-08-12T04:40:34.256+0000] {dag.py:3211} INFO - Sync 1 DAGs
[2026-08-12T04:40:34.280+0000] {logging_mixin.py:190} INFO - [2026-08-12T04:40:34.280+0000] {dag.py:4138} INFO - Setting next_dagrun for example_nested_branch_dag to 2026-08-11 00:00:00+00:00, run_after=2026-08-12 00:00:00+00:00
[2026-08-12T04:40:34.300+0000] {processor.py:208} INFO - Processing /home/airflow/.local/lib/python3.12/site-packages/airflow/example_dags/example_nested_branch_dag.py took 0.106 seconds
[2026-08-12T04:41:04.443+0000] {processor.py:186} INFO - Started process (PID=1078) to work on /home/airflow/.local/lib/python3.12/site-packages/airflow/example_dags/example_nested_branch_dag.py
[2026-08-12T04:41:04.445+0000] {processor.py:914} INFO - Processing file /home/airflow/.local/lib/python3.12/site-packages/airflow/example_dags/example_nested_branch_dag.py for tasks to queue
[2026-08-12T04:41:04.451+0000] {logging_mixin.py:190} INFO - [2026-08-12T04:41:04.450+0000] {dagbag.py:587} INFO - Filling up the DagBag from /home/airflow/.local/lib/python3.12/site-packages/airflow/example_dags/example_nested_branch_dag.py
[2026-08-12T04:41:04.469+0000] {processor.py:925} INFO - DAG(s) 'example_nested_branch_dag' retrieved from /home/airflow/.local/lib/python3.12/site-packages/airflow/example_dags/example_nested_branch_dag.py
[2026-08-12T04:41:04.504+0000] {logging_mixin.py:190} INFO - [2026-08-12T04:41:04.504+0000] {dag.py:3211} INFO - Sync 1 DAGs
[2026-08-12T04:41:04.533+0000] {logging_mixin.py:190} INFO - [2026-08-12T04:41:04.532+0000] {dag.py:4138} INFO - Setting next_dagrun for example_nested_branch_dag to 2026-08-11 00:00:00+00:00, run_after=2026-08-12 00:00:00+00:00
[2026-08-12T04:41:04.558+0000] {processor.py:208} INFO - Processing /home/airflow/.local/lib/python3.12/site-packages/airflow/example_dags/example_nested_branch_dag.py took 0.123 seconds
[2026-08-12T04:41:34.817+0000] {processor.py:186} INFO - Started process (PID=1140) to work on /home/airflow/.local/lib/python3.12/site-packages/airflow/example_dags/example_nested_branch_dag.py
[2026-08-12T04:41:34.819+0000] {processor.py:914} INFO - Processing file /home/airflow/.local/lib/python3.12/site-packages/airflow/example_dags/example_nested_branch_dag.py for tasks to queue
[2026-08-12T04:41:34.825+0000] {logging_mixin.py:190} INFO - [2026-08-12T04:41:34.824+0000] {dagbag.py:587} INFO - Filling up the DagBag from /home/airflow/.local/lib/python3.12/site-packages/airflow/example_dags/example_nested_branch_dag.py
[2026-08-12T04:41:34.840+0000] {processor.py:925} INFO - DAG(s) 'example_nested_branch_dag' retrieved from /home/airflow/.local/lib/python3.12/site-packages/airflow/example_dags/example_nested_branch_dag.py
[2026-08-12T04:41:34.879+0000] {logging_mixin.py:190} INFO - [2026-08-12T04:41:34.877+0000] {dag.py:3211} INFO - Sync 1 DAGs
[2026-08-12T04:41:34.918+0000] {logging_mixin.py:190} INFO - [2026-08-12T04:41:34.918+0000] {dag.py:4138} INFO - Setting next_dagrun for example_nested_branch_dag to 2026-08-11 00:00:00+00:00, run_after=2026-08-12 00:00:00+00:00
[2026-08-12T04:41:34.952+0000] {processor.py:208} INFO - Processing /home/airflow/.local/lib/python3.12/site-packages/airflow/example_dags/example_nested_branch_dag.py took 0.144 seconds
[2026-08-12T04:42:05.524+0000] {processor.py:186} INFO - Started process (PID=1202) to work on /home/airflow/.local/lib/python3.12/site-packages/airflow/example_dags/example_nested_branch_dag.py
[2026-08-12T04:42:05.527+0000] {processor.py:914} INFO - Processing file /home/airflow/.local/lib/python3.12/site-packages/airflow/example_dags/example_nested_branch_dag.py for tasks to queue
[2026-08-12T04:42:05.531+0000] {logging_mixin.py:190} INFO - [2026-08-12T04:42:05.531+0000] {dagbag.py:587} INFO - Filling up the DagBag from /home/airflow/.local/lib/python3.12/site-packages/airflow/example_dags/example_nested_branch_dag.py
[2026-08-12T04:42:05.555+0000] {processor.py:925} INFO - DAG(s) 'example_nested_branch_dag' retrieved from /home/airflow/.local/lib/python3.12/site-packages/airflow/example_dags/example_nested_branch_dag.py
[2026-08-12T04:42:05.583+0000] {logging_mixin.py:190} INFO - [2026-08-12T04:42:05.583+0000] {dag.py:3211} INFO - Sync 1 DAGs
[2026-08-12T04:42:05.613+0000] {logging_mixin.py:190} INFO - [2026-08-12T04:42:05.613+0000] {dag.py:4138} INFO - Setting next_dagrun for example_nested_branch_dag to 2026-08-11 00:00:00+00:00, run_after=2026-08-12 00:00:00+00:00
[2026-08-12T04:42:05.635+0000] {processor.py:208} INFO - Processing /home/airflow/.local/lib/python3.12/site-packages/airflow/example_dags/example_nested_branch_dag.py took 0.117 seconds
[2026-08-12T04:42:35.997+0000] {processor.py:186} INFO - Started process (PID=1264) to work on /home/airflow/.local/lib/python3.12/site-packages/airflow/example_dags/example_nested_branch_dag.py
[2026-08-12T04:42:35.999+0000] {processor.py:914} INFO - Processing file /home/airflow/.local/lib/python3.12/site-packages/airflow/example_dags/example_nested_branch_dag.py for tasks to queue
[2026-08-12T04:42:36.006+0000] {logging_mixin.py:190} INFO - [2026-08-12T04:42:36.005+0000] {dagbag.py:587} INFO - Filling up the DagBag from /home/airflow/.local/lib/python3.12/site-packages/airflow/example_dags/example_nested_branch_dag.py
[2026-08-12T04:42:36.023+0000] {processor.py:925} INFO - DAG(s) 'example_nested_branch_dag' retrieved from /home/airflow/.local/lib/python3.12/site-packages/airflow/example_dags/example_nested_branch_dag.py
[2026-08-12T04:42:36.048+0000] {logging_mixin.py:190} INFO - [2026-08-12T04:42:36.048+0000] {dag.py:3211} INFO - Sync 1 DAGs
[2026-08-12T04:42:36.079+0000] {logging_mixin.py:190} INFO - [2026-08-12T04:42:36.079+0000] {dag.py:4138} INFO - Setting next_dagrun for example_nested_branch_dag to 2026-08-11 00:00:00+00:00, run_after=2026-08-12 00:00:00+00:00
[2026-08-12T04:42:36.106+0000] {processor.py:208} INFO - Processing /home/airflow/.local/lib/python3.12/site-packages/airflow/example_dags/example_nested_branch_dag.py took 0.117 seconds
[2026-08-12T04:43:07.108+0000] {processor.py:186} INFO - Started process (PID=1326) to work on /home/airflow/.local/lib/python3.12/site-packages/airflow/example_dags/example_nested_branch_dag.py
[2026-08-12T04:43:07.111+0000] {processor.py:914} INFO - Processing file /home/airflow/.local/lib/python3.12/site-packages/airflow/example_dags/example_nested_branch_dag.py for tasks to queue
[2026-08-12T04:43:07.117+0000] {logging_mixin.py:190} INFO - [2026-08-12T04:43:07.117+0000] {dagbag.py:587} INFO - Filling up the DagBag from /home/airflow/.local/lib/python3.12/site-packages/airflow/example_dags/example_nested_branch_dag.py
[2026-08-12T04:43:07.135+0000] {processor.py:925} INFO - DAG(s) 'example_nested_branch_dag' retrieved from /home/airflow/.local/lib/python3.12/site-packages/airflow/example_dags/example_nested_branch_dag.py
[2026-08-12T04:43:07.160+0000] {logging_mixin.py:190} INFO - [2026-08-12T04:43:07.160+0000] {dag.py:3211} INFO - Sync 1 DAGs
[2026-08-12T04:43:07.185+0000] {logging_mixin.py:190} INFO - [2026-08-12T04:43:07.184+0000] {dag.py:4138} INFO - Setting next_dagrun for example_nested_branch_dag to 2026-08-11 00:00:00+00:00, run_after=2026-08-12 00:00:00+00:00
[2026-08-12T04:43:07.205+0000] {processor.py:208} INFO - Processing /home/airflow/.local/lib/python3.12/site-packages/airflow/example_dags/example_nested_branch_dag.py took 0.109 seconds
[2026-08-12T04:43:37.461+0000] {processor.py:186} INFO - Started process (PID=1388) to work on /home/airflow/.local/lib/python3.12/site-packages/airflow/example_dags/example_nested_branch_dag.py
[2026-08-12T04:43:37.466+0000] {processor.py:914} INFO - Processing file /home/airflow/.local/lib/python3.12/site-packages/airflow/example_dags/example_nested_branch_dag.py for tasks to queue
[2026-08-12T04:43:37.473+0000] {logging_mixin.py:190} INFO - [2026-08-12T04:43:37.472+0000] {dagbag.py:587} INFO - Filling up the DagBag from /home/airflow/.local/lib/python3.12/site-packages/airflow/example_dags/example_nested_branch_dag.py
[2026-08-12T04:43:37.493+0000] {processor.py:925} INFO - DAG(s) 'example_nested_branch_dag' retrieved from /home/airflow/.local/lib/python3.12/site-packages/airflow/example_dags/example_nested_branch_dag.py
[2026-08-12T04:43:37.521+0000] {logging_mixin.py:190} INFO - [2026-08-12T04:43:37.521+0000] {dag.py:3211} INFO - Sync 1 DAGs
[2026-08-12T04:43:37.559+0000] {logging_mixin.py:190} INFO - [2026-08-12T04:43:37.559+0000] {dag.py:4138} INFO - Setting next_dagrun for example_nested_branch_dag to 2026-08-11 00:00:00+00:00, run_after=2026-08-12 00:00:00+00:00
[2026-08-12T04:43:37.602+0000] {processor.py:208} INFO - Processing /home/airflow/.local/lib/python3.12/site-packages/airflow/example_dags/example_nested_branch_dag.py took 0.150 seconds
[2026-08-12T04:44:07.827+0000] {processor.py:186} INFO - Started process (PID=1450) to work on /home/airflow/.local/lib/python3.12/site-packages/airflow/example_dags/example_nested_branch_dag.py
[2026-08-12T04:44:07.829+0000] {processor.py:914} INFO - Processing file /home/airflow/.local/lib/python3.12/site-packages/airflow/example_dags/example_nested_branch_dag.py for tasks to queue
[2026-08-12T04:44:07.833+0000] {logging_mixin.py:190} INFO - [2026-08-12T04:44:07.832+0000] {dagbag.py:587} INFO - Filling up the DagBag from /home/airflow/.local/lib/python3.12/site-packages/airflow/example_dags/example_nested_branch_dag.py
[2026-08-12T04:44:07.850+0000] {processor.py:925} INFO - DAG(s) 'example_nested_branch_dag' retrieved from /home/airflow/.local/lib/python3.12/site-packages/airflow/example_dags/example_nested_branch_dag.py
[2026-08-12T04:44:07.876+0000] {logging_mixin.py:190} INFO - [2026-08-12T04:44:07.875+0000] {dag.py:3211} INFO - Sync 1 DAGs
[2026-08-12T04:44:07.901+0000] {logging_mixin.py:190} INFO - [2026-08-12T04:44:07.900+0000] {dag.py:4138} INFO - Setting next_dagrun for example_nested_branch_dag to 2026-08-11 00:00:00+00:00, run_after=2026-08-12 00:00:00+00:00
[2026-08-12T04:44:07.925+0000] {processor.py:208} INFO - Processing /home/airflow/.local/lib/python3.12/site-packages/airflow/example_dags/example_nested_branch_dag.py took 0.105 seconds
[2026-08-12T04:44:38.130+0000] {processor.py:186} INFO - Started process (PID=1512) to work on /home/airflow/.local/lib/python3.12/site-packages/airflow/example_dags/example_nested_branch_dag.py
[2026-08-12T04:44:38.133+0000] {processor.py:914} INFO - Processing file /home/airflow/.local/lib/python3.12/site-packages/airflow/example_dags/example_nested_branch_dag.py for tasks to queue
[2026-08-12T04:44:38.139+0000] {logging_mixin.py:190} INFO - [2026-08-12T04:44:38.138+0000] {dagbag.py:587} INFO - Filling up the DagBag from /home/airflow/.local/lib/python3.12/site-packages/airflow/example_dags/example_nested_branch_dag.py
[2026-08-12T04:44:38.156+0000] {processor.py:925} INFO - DAG(s) 'example_nested_branch_dag' retrieved from /home/airflow/.local/lib/python3.12/site-packages/airflow/example_dags/example_nested_branch_dag.py
[2026-08-12T04:44:38.182+0000] {logging_mixin.py:190} INFO - [2026-08-12T04:44:38.181+0000] {dag.py:3211} INFO - Sync 1 DAGs
[2026-08-12T04:44:38.207+0000] {logging_mixin.py:190} INFO - [2026-08-12T04:44:38.206+0000] {dag.py:4138} INFO - Setting next_dagrun for example_nested_branch_dag to 2026-08-11 00:00:00+00:00, run_after=2026-08-12 00:00:00+00:00
[2026-08-12T04:44:38.229+0000] {processor.py:208} INFO - Processing /home/airflow/.local/lib/python3.12/site-packages/airflow/example_dags/example_nested_branch_dag.py took 0.108 seconds
[2026-08-12T04:45:08.661+0000] {processor.py:186} INFO - Started process (PID=1574) to work on /home/airflow/.local/lib/python3.12/site-packages/airflow/example_dags/example_nested_branch_dag.py
[2026-08-12T04:45:08.664+0000] {processor.py:914} INFO - Processing file /home/airflow/.local/lib/python3.12/site-packages/airflow/example_dags/example_nested_branch_dag.py for tasks to queue
[2026-08-12T04:45:08.669+0000] {logging_mixin.py:190} INFO - [2026-08-12T04:45:08.668+0000] {dagbag.py:587} INFO - Filling up the DagBag from /home/airflow/.local/lib/python3.12/site-packages/airflow/example_dags/example_nested_branch_dag.py
[2026-08-12T04:45:08.685+0000] {processor.py:925} INFO - DAG(s) 'example_nested_branch_dag' retrieved from /home/airflow/.local/lib/python3.12/site-packages/airflow/example_dags/example_nested_branch_dag.py
[2026-08-12T04:45:08.711+0000] {logging_mixin.py:190} INFO - [2026-08-12T04:45:08.710+0000] {dag.py:3211} INFO - Sync 1 DAGs
[2026-08-12T04:45:08.739+0000] {logging_mixin.py:190} INFO - [2026-08-12T04:45:08.739+0000] {dag.py:4138} INFO - Setting next_dagrun for example_nested_branch_dag to 2026-08-11 00:00:00+00:00, run_after=2026-08-12 00:00:00+00:00
[2026-08-12T04:45:08.761+0000] {processor.py:208} INFO - Processing /home/airflow/.local/lib/python3.12/site-packages/airflow/example_dags/example_nested_branch_dag.py took 0.107 seconds
[2026-08-12T04:45:39.836+0000] {processor.py:186} INFO - Started process (PID=1636) to work on /home/airflow/.local/lib/python3.12/site-packages/airflow/example_dags/example_nested_branch_dag.py
[2026-08-12T04:45:39.838+0000] {processor.py:914} INFO - Processing file /home/airflow/.local/lib/python3.12/site-packages/airflow/example_dags/example_nested_branch_dag.py for tasks to queue
[2026-08-12T04:45:39.842+0000] {logging_mixin.py:190} INFO - [2026-08-12T04:45:39.842+0000] {dagbag.py:587} INFO - Filling up the DagBag from /home/airflow/.local/lib/python3.12/site-packages/airflow/example_dags/example_nested_branch_dag.py
[2026-08-12T04:45:39.854+0000] {processor.py:925} INFO - DAG(s) 'example_nested_branch_dag' retrieved from /home/airflow/.local/lib/python3.12/site-packages/airflow/example_dags/example_nested_branch_dag.py
[2026-08-12T04:45:39.879+0000] {logging_mixin.py:190} INFO - [2026-08-12T04:45:39.878+0000] {dag.py:3211} INFO - Sync 1 DAGs
[2026-08-12T04:45:39.902+0000] {logging_mixin.py:190} INFO - [2026-08-12T04:45:39.902+0000] {dag.py:4138} INFO - Setting next_dagrun for example_nested_branch_dag to 2026-08-11 00:00:00+00:00, run_after=2026-08-12 00:00:00+00:00
[2026-08-12T04:45:39.924+0000] {processor.py:208} INFO - Processing /home/airflow/.local/lib/python3.12/site-packages/airflow/example_dags/example_nested_branch_dag.py took 0.094 seconds
[2026-08-12T04:46:10.734+0000] {processor.py:186} INFO - Started process (PID=1698) to work on /home/airflow/.local/lib/python3.12/site-packages/airflow/example_dags/example_nested_branch_dag.py
[2026-08-12T04:46:10.737+0000] {processor.py:914} INFO - Processing file /home/airflow/.local/lib/python3.12/site-packages/airflow/example_dags/example_nested_branch_dag.py for tasks to queue
[2026-08-12T04:46:10.743+0000] {logging_mixin.py:190} INFO - [2026-08-12T04:46:10.742+0000] {dagbag.py:587} INFO - Filling up the DagBag from /home/airflow/.local/lib/python3.12/site-packages/airflow/example_dags/example_nested_branch_dag.py
[2026-08-12T04:46:10.758+0000] {processor.py:925} INFO - DAG(s) 'example_nested_branch_dag' retrieved from /home/airflow/.local/lib/python3.12/site-packages/airflow/example_dags/example_nested_branch_dag.py
[2026-08-12T04:46:10.781+0000] {logging_mixin.py:190} INFO - [2026-08-12T04:46:10.781+0000] {dag.py:3211} INFO - Sync 1 DAGs
[2026-08-12T04:46:10.807+0000] {logging_mixin.py:190} INFO - [2026-08-12T04:46:10.807+0000] {dag.py:4138} INFO - Setting next_dagrun for example_nested_branch_dag to 2026-08-11 00:00:00+00:00, run_after=2026-08-12 00:00:00+00:00
[2026-08-12T04:46:10.831+0000] {processor.py:208} INFO - Processing /home/airflow/.local/lib/python3.12/site-packages/airflow/example_dags/example_nested_branch_dag.py took 0.106 seconds
[2026-08-12T04:46:41.520+0000] {processor.py:186} INFO - Started process (PID=1760) to work on /home/airflow/.local/lib/python3.12/site-packages/airflow/example_dags/example_nested_branch_dag.py
[2026-08-12T04:46:41.523+0000] {processor.py:914} INFO - Processing file /home/airflow/.local/lib/python3.12/site-packages/airflow/example_dags/example_nested_branch_dag.py for tasks to queue
[2026-08-12T04:46:41.527+0000] {logging_mixin.py:190} INFO - [2026-08-12T04:46:41.527+0000] {dagbag.py:587} INFO - Filling up the DagBag from /home/airflow/.local/lib/python3.12/site-packages/airflow/example_dags/example_nested_branch_dag.py
[2026-08-12T04:46:41.541+0000] {processor.py:925} INFO - DAG(s) 'example_nested_branch_dag' retrieved from /home/airflow/.local/lib/python3.12/site-packages/airflow/example_dags/example_nested_branch_dag.py
[2026-08-12T04:46:41.565+0000] {logging_mixin.py:190} INFO - [2026-08-12T04:46:41.565+0000] {dag.py:3211} INFO - Sync 1 DAGs
[2026-08-12T04:46:41.591+0000] {logging_mixin.py:190} INFO - [2026-08-12T04:46:41.590+0000] {dag.py:4138} INFO - Setting next_dagrun for example_nested_branch_dag to 2026-08-11 00:00:00+00:00, run_after=2026-08-12 00:00:00+00:00
[2026-08-12T04:46:41.611+0000] {processor.py:208} INFO - Processing /home/airflow/.local/lib/python3.12/site-packages/airflow/example_dags/example_nested_branch_dag.py took 0.102 seconds
[2026-08-12T04:47:12.146+0000] {processor.py:186} INFO - Started process (PID=1823) to work on /home/airflow/.local/lib/python3.12/site-packages/airflow/example_dags/example_nested_branch_dag.py
[2026-08-12T04:47:12.149+0000] {processor.py:914} INFO - Processing file /home/airflow/.local/lib/python3.12/site-packages/airflow/example_dags/example_nested_branch_dag.py for tasks to queue
[2026-08-12T04:47:12.154+0000] {logging_mixin.py:190} INFO - [2026-08-12T04:47:12.153+0000] {dagbag.py:587} INFO - Filling up the DagBag from /home/airflow/.local/lib/python3.12/site-packages/airflow/example_dags/example_nested_branch_dag.py
[2026-08-12T04:47:12.175+0000] {processor.py:925} INFO - DAG(s) 'example_nested_branch_dag' retrieved from /home/airflow/.local/lib/python3.12/site-packages/airflow/example_dags/example_nested_branch_dag.py
[2026-08-12T04:47:12.198+0000] {logging_mixin.py:190} INFO - [2026-08-12T04:47:12.198+0000] {dag.py:3211} INFO - Sync 1 DAGs
[2026-08-12T04:47:12.229+0000] {logging_mixin.py:190} INFO - [2026-08-12T04:47:12.228+0000] {dag.py:4138} INFO - Setting next_dagrun for example_nested_branch_dag to 2026-08-11 00:00:00+00:00, run_after=2026-08-12 00:00:00+00:00
[2026-08-12T04:47:12.254+0000] {processor.py:208} INFO - Processing /home/airflow/.local/lib/python3.12/site-packages/airflow/example_dags/example_nested_branch_dag.py took 0.119 seconds
[2026-08-12T04:47:42.564+0000] {processor.py:186} INFO - Started process (PID=1885) to work on /home/airflow/.local/lib/python3.12/site-packages/airflow/example_dags/example_nested_branch_dag.py
[2026-08-12T04:47:42.566+0000] {processor.py:914} INFO - Processing file /home/airflow/.local/lib/python3.12/site-packages/airflow/example_dags/example_nested_branch_dag.py for tasks to queue
[2026-08-12T04:47:42.571+0000] {logging_mixin.py:190} INFO - [2026-08-12T04:47:42.570+0000] {dagbag.py:587} INFO - Filling up the DagBag from /home/airflow/.local/lib/python3.12/site-packages/airflow/example_dags/example_nested_branch_dag.py
[2026-08-12T04:47:42.583+0000] {processor.py:925} INFO - DAG(s) 'example_nested_branch_dag' retrieved from /home/airflow/.local/lib/python3.12/site-packages/airflow/example_dags/example_nested_branch_dag.py
[2026-08-12T04:47:42.607+0000] {logging_mixin.py:190} INFO - [2026-08-12T04:47:42.607+0000] {dag.py:3211} INFO - Sync 1 DAGs
[2026-08-12T04:47:42.633+0000] {logging_mixin.py:190} INFO - [2026-08-12T04:47:42.633+0000] {dag.py:4138} INFO - Setting next_dagrun for example_nested_branch_dag to 2026-08-11 00:00:00+00:00, run_after=2026-08-12 00:00:00+00:00
[2026-08-12T04:47:42.654+0000] {processor.py:208} INFO - Processing /home/airflow/.local/lib/python3.12/site-packages/airflow/example_dags/example_nested_branch_dag.py took 0.097 seconds
[2026-08-12T04:48:13.450+0000] {processor.py:186} INFO - Started process (PID=1947) to work on /home/airflow/.local/lib/python3.12/site-packages/airflow/example_dags/example_nested_branch_dag.py
[2026-08-12T04:48:13.452+0000] {processor.py:914} INFO - Processing file /home/airflow/.local/lib/python3.12/site-packages/airflow/example_dags/example_nested_branch_dag.py for tasks to queue
[2026-08-12T04:48:13.455+0000] {logging_mixin.py:190} INFO - [2026-08-12T04:48:13.455+0000] {dagbag.py:587} INFO - Filling up the DagBag from /home/airflow/.local/lib/python3.12/site-packages/airflow/example_dags/example_nested_branch_dag.py
[2026-08-12T04:48:13.470+0000] {processor.py:925} INFO - DAG(s) 'example_nested_branch_dag' retrieved from /home/airflow/.local/lib/python3.12/site-packages/airflow/example_dags/example_nested_branch_dag.py
[2026-08-12T04:48:13.493+0000] {logging_mixin.py:190} INFO - [2026-08-12T04:48:13.493+0000] {dag.py:3211} INFO - Sync 1 DAGs
[2026-08-12T04:48:13.522+0000] {logging_mixin.py:190} INFO - [2026-08-12T04:48:13.522+0000] {dag.py:4138} INFO - Setting next_dagrun for example_nested_branch_dag to 2026-08-11 00:00:00+00:00, run_after=2026-08-12 00:00:00+00:00
[2026-08-12T04:48:13.545+0000] {processor.py:208} INFO - Processing /home/airflow/.local/lib/python3.12/site-packages/airflow/example_dags/example_nested_branch_dag.py took 0.101 seconds
[2026-08-12T04:48:43.811+0000] {processor.py:186} INFO - Started process (PID=2009) to work on /home/airflow/.local/lib/python3.12/site-packages/airflow/example_dags/example_nested_branch_dag.py
[2026-08-12T04:48:43.814+0000] {processor.py:914} INFO - Processing file /home/airflow/.local/lib/python3.12/site-packages/airflow/example_dags/example_nested_branch_dag.py for tasks to queue
[2026-08-12T04:48:43.818+0000] {logging_mixin.py:190} INFO - [2026-08-12T04:48:43.817+0000] {dagbag.py:587} INFO - Filling up the DagBag from /home/airflow/.local/lib/python3.12/site-packages/airflow/example_dags/example_nested_branch_dag.py
[2026-08-12T04:48:43.832+0000] {processor.py:925} INFO - DAG(s) 'example_nested_branch_dag' retrieved from /home/airflow/.local/lib/python3.12/site-packages/airflow/example_dags/example_nested_branch_dag.py
[2026-08-12T04:48:43.863+0000] {logging_mixin.py:190} INFO - [2026-08-12T04:48:43.862+0000] {dag.py:3211} INFO - Sync 1 DAGs
[2026-08-12T04:48:43.889+0000] {logging_mixin.py:190} INFO - [2026-08-12T04:48:43.888+0000] {dag.py:4138} INFO - Setting next_dagrun for example_nested_branch_dag to 2026-08-11 00:00:00+00:00, run_after=2026-08-12 00:00:00+00:00
[2026-08-12T04:48:43.914+0000] {processor.py:208} INFO - Processing /home/airflow/.local/lib/python3.12/site-packages/airflow/example_dags/example_nested_branch_dag.py took 0.109 seconds
[2026-08-12T04:49:14.241+0000] {processor.py:186} INFO - Started process (PID=2071) to work on /home/airflow/.local/lib/python3.12/site-packages/airflow/example_dags/example_nested_branch_dag.py
[2026-08-12T04:49:14.244+0000] {processor.py:914} INFO - Processing file /home/airflow/.local/lib/python3.12/site-packages/airflow/example_dags/example_nested_branch_dag.py for tasks to queue
[2026-08-12T04:49:14.249+0000] {logging_mixin.py:190} INFO - [2026-08-12T04:49:14.248+0000] {dagbag.py:587} INFO - Filling up the DagBag from /home/airflow/.local/lib/python3.12/site-packages/airflow/example_dags/example_nested_branch_dag.py
[2026-08-12T04:49:14.265+0000] {processor.py:925} INFO - DAG(s) 'example_nested_branch_dag' retrieved from /home/airflow/.local/lib/python3.12/site-packages/airflow/example_dags/example_nested_branch_dag.py
[2026-08-12T04:49:14.292+0000] {logging_mixin.py:190} INFO - [2026-08-12T04:49:14.291+0000] {dag.py:3211} INFO - Sync 1 DAGs
[2026-08-12T04:49:14.319+0000] {logging_mixin.py:190} INFO - [2026-08-12T04:49:14.319+0000] {dag.py:4138} INFO - Setting next_dagrun for example_nested_branch_dag to 2026-08-11 00:00:00+00:00, run_after=2026-08-12 00:00:00+00:00
[2026-08-12T04:49:14.344+0000] {processor.py:208} INFO - Processing /home/airflow/.local/lib/python3.12/site-packages/airflow/example_dags/example_nested_branch_dag.py took 0.108 seconds
[2026-08-12T04:49:44.965+0000] {processor.py:186} INFO - Started process (PID=2133) to work on /home/airflow/.local/lib/python3.12/site-packages/airflow/example_dags/example_nested_branch_dag.py
[2026-08-12T04:49:44.967+0000] {processor.py:914} INFO - Processing file /home/airflow/.local/lib/python3.12/site-packages/airflow/example_dags/example_nested_branch_dag.py for tasks to queue
[2026-08-12T04:49:44.971+0000] {logging_mixin.py:190} INFO - [2026-08-12T04:49:44.971+0000] {dagbag.py:587} INFO - Filling up the DagBag from /home/airflow/.local/lib/python3.12/site-packages/airflow/example_dags/example_nested_branch_dag.py
[2026-08-12T04:49:44.985+0000] {processor.py:925} INFO - DAG(s) 'example_nested_branch_dag' retrieved from /home/airflow/.local/lib/python3.12/site-packages/airflow/example_dags/example_nested_branch_dag.py
[2026-08-12T04:49:45.011+0000] {logging_mixin.py:190} INFO - [2026-08-12T04:49:45.010+0000] {dag.py:3211} INFO - Sync 1 DAGs
[2026-08-12T04:49:45.035+0000] {logging_mixin.py:190} INFO - [2026-08-12T04:49:45.035+0000] {dag.py:4138} INFO - Setting next_dagrun for example_nested_branch_dag to 2026-08-11 00:00:00+00:00, run_after=2026-08-12 00:00:00+00:00
[2026-08-12T04:49:45.069+0000] {processor.py:208} INFO - Processing /home/airflow/.local/lib/python3.12/site-packages/airflow/example_dags/example_nested_branch_dag.py took 0.110 seconds
[2026-08-12T04:50:15.761+0000] {processor.py:186} INFO - Started process (PID=2195) to work on /home/airflow/.local/lib/python3.12/site-packages/airflow/example_dags/example_nested_branch_dag.py
[2026-08-12T04:50:15.763+0000] {processor.py:914} INFO - Processing file /home/airflow/.local/lib/python3.12/site-packages/airflow/example_dags/example_nested_branch_dag.py for tasks to queue
[2026-08-12T04:50:15.766+0000] {logging_mixin.py:190} INFO - [2026-08-12T04:50:15.766+0000] {dagbag.py:587} INFO - Filling up the DagBag from /home/airflow/.local/lib/python3.12/site-packages/airflow/example_dags/example_nested_branch_dag.py
[2026-08-12T04:50:15.780+0000] {processor.py:925} INFO - DAG(s) 'example_nested_branch_dag' retrieved from /home/airflow/.local/lib/python3.12/site-packages/airflow/example_dags/example_nested_branch_dag.py
[2026-08-12T04:50:15.803+0000] {logging_mixin.py:190} INFO - [2026-08-12T04:50:15.803+0000] {dag.py:3211} INFO - Sync 1 DAGs
[2026-08-12T04:50:15.829+0000] {logging_mixin.py:190} INFO - [2026-08-12T04:50:15.828+0000] {dag.py:4138} INFO - Setting next_dagrun for example_nested_branch_dag to 2026-08-11 00:00:00+00:00, run_after=2026-08-12 00:00:00+00:00
[2026-08-12T04:50:15.849+0000] {processor.py:208} INFO - Processing /home/airflow/.local/lib/python3.12/site-packages/airflow/example_dags/example_nested_branch_dag.py took 0.095 seconds
[2026-08-12T04:50:46.468+0000] {processor.py:186} INFO - Started process (PID=2257) to work on /home/airflow/.local/lib/python3.12/site-packages/airflow/example_dags/example_nested_branch_dag.py
[2026-08-12T04:50:46.470+0000] {processor.py:914} INFO - Processing file /home/airflow/.local/lib/python3.12/site-packages/airflow/example_dags/example_nested_branch_dag.py for tasks to queue
[2026-08-12T04:50:46.474+0000] {logging_mixin.py:190} INFO - [2026-08-12T04:50:46.474+0000] {dagbag.py:587} INFO - Filling up the DagBag from /home/airflow/.local/lib/python3.12/site-packages/airflow/example_dags/example_nested_branch_dag.py
[2026-08-12T04:50:46.487+0000] {processor.py:925} INFO - DAG(s) 'example_nested_branch_dag' retrieved from /home/airflow/.local/lib/python3.12/site-packages/airflow/example_dags/example_nested_branch_dag.py
[2026-08-12T04:50:46.511+0000] {logging_mixin.py:190} INFO - [2026-08-12T04:50:46.510+0000] {dag.py:3211} INFO - Sync 1 DAGs
[2026-08-12T04:50:46.538+0000] {logging_mixin.py:190} INFO - [2026-08-12T04:50:46.538+0000] {dag.py:4138} INFO - Setting next_dagrun for example_nested_branch_dag to 2026-08-11 00:00:00+00:00, run_after=2026-08-12 00:00:00+00:00
[2026-08-12T04:50:46.558+0000] {processor.py:208} INFO - Processing /home/airflow/.local/lib/python3.12/site-packages/airflow/example_dags/example_nested_branch_dag.py took 0.096 seconds
[2026-08-12T04:51:17.399+0000] {processor.py:186} INFO - Started process (PID=2319) to work on /home/airflow/.local/lib/python3.12/site-packages/airflow/example_dags/example_nested_branch_dag.py
[2026-08-12T04:51:17.401+0000] {processor.py:914} INFO - Processing file /home/airflow/.local/lib/python3.12/site-packages/airflow/example_dags/example_nested_branch_dag.py for tasks to queue
[2026-08-12T04:51:17.406+0000] {logging_mixin.py:190} INFO - [2026-08-12T04:51:17.406+0000] {dagbag.py:587} INFO - Filling up the DagBag from /home/airflow/.local/lib/python3.12/site-packages/airflow/example_dags/example_nested_branch_dag.py
[2026-08-12T04:51:17.421+0000] {processor.py:925} INFO - DAG(s) 'example_nested_branch_dag' retrieved from /home/airflow/.local/lib/python3.12/site-packages/airflow/example_dags/example_nested_branch_dag.py
[2026-08-12T04:51:17.446+0000] {logging_mixin.py:190} INFO - [2026-08-12T04:51:17.446+0000] {dag.py:3211} INFO - Sync 1 DAGs
[2026-08-12T04:51:17.471+0000] {logging_mixin.py:190} INFO - [2026-08-12T04:51:17.471+0000] {dag.py:4138} INFO - Setting next_dagrun for example_nested_branch_dag to 2026-08-11 00:00:00+00:00, run_after=2026-08-12 00:00:00+00:00
[2026-08-12T04:51:17.497+0000] {processor.py:208} INFO - Processing /home/airflow/.local/lib/python3.12/site-packages/airflow/example_dags/example_nested_branch_dag.py took 0.105 seconds
[2026-08-12T04:51:47.720+0000] {processor.py:186} INFO - Started process (PID=2381) to work on /home/airflow/.local/lib/python3.12/site-packages/airflow/example_dags/example_nested_branch_dag.py
[2026-08-12T04:51:47.723+0000] {processor.py:914} INFO - Processing file /home/airflow/.local/lib/python3.12/site-packages/airflow/example_dags/example_nested_branch_dag.py for tasks to queue
[2026-08-12T04:51:47.727+0000] {logging_mixin.py:190} INFO - [2026-08-12T04:51:47.726+0000] {dagbag.py:587} INFO - Filling up the DagBag from /home/airflow/.local/lib/python3.12/site-packages/airflow/example_dags/example_nested_branch_dag.py
[2026-08-12T04:51:47.739+0000] {processor.py:925} INFO - DAG(s) 'example_nested_branch_dag' retrieved from /home/airflow/.local/lib/python3.12/site-packages/airflow/example_dags/example_nested_branch_dag.py
[2026-08-12T04:51:47.762+0000] {logging_mixin.py:190} INFO - [2026-08-12T04:51:47.762+0000] {dag.py:3211} INFO - Sync 1 DAGs
[2026-08-12T04:51:47.787+0000] {logging_mixin.py:190} INFO - [2026-08-12T04:51:47.787+0000] {dag.py:4138} INFO - Setting next_dagrun for example_nested_branch_dag to 2026-08-11 00:00:00+00:00, run_after=2026-08-12 00:00:00+00:00
[2026-08-12T04:51:47.806+0000] {processor.py:208} INFO - Processing /home/airflow/.local/lib/python3.12/site-packages/airflow/example_dags/example_nested_branch_dag.py took 0.093 seconds
[2026-08-12T04:52:18.400+0000] {processor.py:186} INFO - Started process (PID=2443) to work on /home/airflow/.local/lib/python3.12/site-packages/airflow/example_dags/example_nested_branch_dag.py
[2026-08-12T04:52:18.402+0000] {processor.py:914} INFO - Processing file /home/airflow/.local/lib/python3.12/site-packages/airflow/example_dags/example_nested_branch_dag.py for tasks to queue
[2026-08-12T04:52:18.406+0000] {logging_mixin.py:190} INFO - [2026-08-12T04:52:18.406+0000] {dagbag.py:587} INFO - Filling up the DagBag from /home/airflow/.local/lib/python3.12/site-packages/airflow/example_dags/example_nested_branch_dag.py
[2026-08-12T04:52:18.422+0000] {processor.py:925} INFO - DAG(s) 'example_nested_branch_dag' retrieved from /home/airflow/.local/lib/python3.12/site-packages/airflow/example_dags/example_nested_branch_dag.py
[2026-08-12T04:52:18.446+0000] {logging_mixin.py:190} INFO - [2026-08-12T04:52:18.446+0000] {dag.py:3211} INFO - Sync 1 DAGs
[2026-08-12T04:52:18.471+0000] {logging_mixin.py:190} INFO - [2026-08-12T04:52:18.471+0000] {dag.py:4138} INFO - Setting next_dagrun for example_nested_branch_dag to 2026-08-11 00:00:00+00:00, run_after=2026-08-12 00:00:00+00:00
[2026-08-12T04:52:18.496+0000] {processor.py:208} INFO - Processing /home/airflow/.local/lib/python3.12/site-packages/airflow/example_dags/example_nested_branch_dag.py took 0.104 seconds
[2026-08-12T04:52:48.586+0000] {processor.py:186} INFO - Started process (PID=2505) to work on /home/airflow/.local/lib/python3.12/site-packages/airflow/example_dags/example_nested_branch_dag.py
[2026-08-12T04:52:48.589+0000] {processor.py:914} INFO - Processing file /home/airflow/.local/lib/python3.12/site-packages/airflow/example_dags/example_nested_branch_dag.py for tasks to queue
[2026-08-12T04:52:48.593+0000] {logging_mixin.py:190} INFO - [2026-08-12T04:52:48.593+0000] {dagbag.py:587} INFO - Filling up the DagBag from /home/airflow/.local/lib/python3.12/site-packages/airflow/example_dags/example_nested_branch_dag.py
[2026-08-12T04:52:48.609+0000] {processor.py:925} INFO - DAG(s) 'example_nested_branch_dag' retrieved from /home/airflow/.local/lib/python3.12/site-packages/airflow/example_dags/example_nested_branch_dag.py
[2026-08-12T04:52:48.636+0000] {logging_mixin.py:190} INFO - [2026-08-12T04:52:48.636+0000] {dag.py:3211} INFO - Sync 1 DAGs
[2026-08-12T04:52:48.663+0000] {logging_mixin.py:190} INFO - [2026-08-12T04:52:48.663+0000] {dag.py:4138} INFO - Setting next_dagrun for example_nested_branch_dag to 2026-08-11 00:00:00+00:00, run_after=2026-08-12 00:00:00+00:00
[2026-08-12T04:52:48.685+0000] {processor.py:208} INFO - Processing /home/airflow/.local/lib/python3.12/site-packages/airflow/example_dags/example_nested_branch_dag.py took 0.107 seconds
[2026-08-12T04:53:19.011+0000] {processor.py:186} INFO - Started process (PID=2569) to work on /home/airflow/.local/lib/python3.12/site-packages/airflow/example_dags/example_nested_branch_dag.py
[2026-08-12T04:53:19.014+0000] {processor.py:914} INFO - Processing file /home/airflow/.local/lib/python3.12/site-packages/airflow/example_dags/example_nested_branch_dag.py for tasks to queue
[2026-08-12T04:53:19.018+0000] {logging_mixin.py:190} INFO - [2026-08-12T04:53:19.018+0000] {dagbag.py:587} INFO - Filling up the DagBag from /home/airflow/.local/lib/python3.12/site-packages/airflow/example_dags/example_nested_branch_dag.py
[2026-08-12T04:53:19.035+0000] {processor.py:925} INFO - DAG(s) 'example_nested_branch_dag' retrieved from /home/airflow/.local/lib/python3.12/site-packages/airflow/example_dags/example_nested_branch_dag.py
[2026-08-12T04:53:19.070+0000] {logging_mixin.py:190} INFO - [2026-08-12T04:53:19.069+0000] {dag.py:3211} INFO - Sync 1 DAGs
[2026-08-12T04:53:19.101+0000] {logging_mixin.py:190} INFO - [2026-08-12T04:53:19.101+0000] {dag.py:4138} INFO - Setting next_dagrun for example_nested_branch_dag to 2026-08-11 00:00:00+00:00, run_after=2026-08-12 00:00:00+00:00
[2026-08-12T04:53:19.132+0000] {processor.py:208} INFO - Processing /home/airflow/.local/lib/python3.12/site-packages/airflow/example_dags/example_nested_branch_dag.py took 0.129 seconds
[2026-08-12T04:53:49.641+0000] {processor.py:186} INFO - Started process (PID=2632) to work on /home/airflow/.local/lib/python3.12/site-packages/airflow/example_dags/example_nested_branch_dag.py
[2026-08-12T04:53:49.643+0000] {processor.py:914} INFO - Processing file /home/airflow/.local/lib/python3.12/site-packages/airflow/example_dags/example_nested_branch_dag.py for tasks to queue
[2026-08-12T04:53:49.647+0000] {logging_mixin.py:190} INFO - [2026-08-12T04:53:49.646+0000] {dagbag.py:587} INFO - Filling up the DagBag from /home/airflow/.local/lib/python3.12/site-packages/airflow/example_dags/example_nested_branch_dag.py
[2026-08-12T04:53:49.660+0000] {processor.py:925} INFO - DAG(s) 'example_nested_branch_dag' retrieved from /home/airflow/.local/lib/python3.12/site-packages/airflow/example_dags/example_nested_branch_dag.py
[2026-08-12T04:53:49.684+0000] {logging_mixin.py:190} INFO - [2026-08-12T04:53:49.684+0000] {dag.py:3211} INFO - Sync 1 DAGs
[2026-08-12T04:53:49.710+0000] {logging_mixin.py:190} INFO - [2026-08-12T04:53:49.710+0000] {dag.py:4138} INFO - Setting next_dagrun for example_nested_branch_dag to 2026-08-11 00:00:00+00:00, run_after=2026-08-12 00:00:00+00:00
[2026-08-12T04:53:49.737+0000] {processor.py:208} INFO - Processing /home/airflow/.local/lib/python3.12/site-packages/airflow/example_dags/example_nested_branch_dag.py took 0.102 seconds
[2026-08-12T04:54:19.954+0000] {processor.py:186} INFO - Started process (PID=2695) to work on /home/airflow/.local/lib/python3.12/site-packages/airflow/example_dags/example_nested_branch_dag.py
[2026-08-12T04:54:19.957+0000] {processor.py:914} INFO - Processing file /home/airflow/.local/lib/python3.12/site-packages/airflow/example_dags/example_nested_branch_dag.py for tasks to queue
[2026-08-12T04:54:19.961+0000] {logging_mixin.py:190} INFO - [2026-08-12T04:54:19.961+0000] {dagbag.py:587} INFO - Filling up the DagBag from /home/airflow/.local/lib/python3.12/site-packages/airflow/example_dags/example_nested_branch_dag.py
[2026-08-12T04:54:19.976+0000] {processor.py:925} INFO - DAG(s) 'example_nested_branch_dag' retrieved from /home/airflow/.local/lib/python3.12/site-packages/airflow/example_dags/example_nested_branch_dag.py
[2026-08-12T04:54:20.000+0000] {logging_mixin.py:190} INFO - [2026-08-12T04:54:20.000+0000] {dag.py:3211} INFO - Sync 1 DAGs
[2026-08-12T04:54:20.029+0000] {logging_mixin.py:190} INFO - [2026-08-12T04:54:20.028+0000] {dag.py:4138} INFO - Setting next_dagrun for example_nested_branch_dag to 2026-08-11 00:00:00+00:00, run_after=2026-08-12 00:00:00+00:00
[2026-08-12T04:54:20.050+0000] {processor.py:208} INFO - Processing /home/airflow/.local/lib/python3.12/site-packages/airflow/example_dags/example_nested_branch_dag.py took 0.102 seconds
[2026-08-12T04:54:50.497+0000] {processor.py:186} INFO - Started process (PID=2757) to work on /home/airflow/.local/lib/python3.12/site-packages/airflow/example_dags/example_nested_branch_dag.py
[2026-08-12T04:54:50.499+0000] {processor.py:914} INFO - Processing file /home/airflow/.local/lib/python3.12/site-packages/airflow/example_dags/example_nested_branch_dag.py for tasks to queue
[2026-08-12T04:54:50.504+0000] {logging_mixin.py:190} INFO - [2026-08-12T04:54:50.503+0000] {dagbag.py:587} INFO - Filling up the DagBag from /home/airflow/.local/lib/python3.12/site-packages/airflow/example_dags/example_nested_branch_dag.py
[2026-08-12T04:54:50.520+0000] {processor.py:925} INFO - DAG(s) 'example_nested_branch_dag' retrieved from /home/airflow/.local/lib/python3.12/site-packages/airflow/example_dags/example_nested_branch_dag.py
[2026-08-12T04:54:50.545+0000] {logging_mixin.py:190} INFO - [2026-08-12T04:54:50.544+0000] {dag.py:3211} INFO - Sync 1 DAGs
[2026-08-12T04:54:50.571+0000] {logging_mixin.py:190} INFO - [2026-08-12T04:54:50.571+0000] {dag.py:4138} INFO - Setting next_dagrun for example_nested_branch_dag to 2026-08-11 00:00:00+00:00, run_after=2026-08-12 00:00:00+00:00
[2026-08-12T04:54:50.595+0000] {processor.py:208} INFO - Processing /home/airflow/.local/lib/python3.12/site-packages/airflow/example_dags/example_nested_branch_dag.py took 0.106 seconds
[2026-08-12T04:55:21.105+0000] {processor.py:186} INFO - Started process (PID=2820) to work on /home/airflow/.local/lib/python3.12/site-packages/airflow/example_dags/example_nested_branch_dag.py
[2026-08-12T04:55:21.109+0000] {processor.py:914} INFO - Processing file /home/airflow/.local/lib/python3.12/site-packages/airflow/example_dags/example_nested_branch_dag.py for tasks to queue
[2026-08-12T04:55:21.114+0000] {logging_mixin.py:190} INFO - [2026-08-12T04:55:21.114+0000] {dagbag.py:587} INFO - Filling up the DagBag from /home/airflow/.local/lib/python3.12/site-packages/airflow/example_dags/example_nested_branch_dag.py
[2026-08-12T04:55:21.137+0000] {processor.py:925} INFO - DAG(s) 'example_nested_branch_dag' retrieved from /home/airflow/.local/lib/python3.12/site-packages/airflow/example_dags/example_nested_branch_dag.py
[2026-08-12T04:55:21.161+0000] {logging_mixin.py:190} INFO - [2026-08-12T04:55:21.161+0000] {dag.py:3211} INFO - Sync 1 DAGs
[2026-08-12T04:55:21.187+0000] {logging_mixin.py:190} INFO - [2026-08-12T04:55:21.187+0000] {dag.py:4138} INFO - Setting next_dagrun for example_nested_branch_dag to 2026-08-11 00:00:00+00:00, run_after=2026-08-12 00:00:00+00:00
[2026-08-12T04:55:21.208+0000] {processor.py:208} INFO - Processing /home/airflow/.local/lib/python3.12/site-packages/airflow/example_dags/example_nested_branch_dag.py took 0.113 seconds
[2026-08-12T04:55:51.352+0000] {processor.py:186} INFO - Started process (PID=2883) to work on /home/airflow/.local/lib/python3.12/site-packages/airflow/example_dags/example_nested_branch_dag.py
[2026-08-12T04:55:51.354+0000] {processor.py:914} INFO - Processing file /home/airflow/.local/lib/python3.12/site-packages/airflow/example_dags/example_nested_branch_dag.py for tasks to queue
[2026-08-12T04:55:51.359+0000] {logging_mixin.py:190} INFO - [2026-08-12T04:55:51.358+0000] {dagbag.py:587} INFO - Filling up the DagBag from /home/airflow/.local/lib/python3.12/site-packages/airflow/example_dags/example_nested_branch_dag.py
[2026-08-12T04:55:51.371+0000] {processor.py:925} INFO - DAG(s) 'example_nested_branch_dag' retrieved from /home/airflow/.local/lib/python3.12/site-packages/airflow/example_dags/example_nested_branch_dag.py
[2026-08-12T04:55:51.396+0000] {logging_mixin.py:190} INFO - [2026-08-12T04:55:51.396+0000] {dag.py:3211} INFO - Sync 1 DAGs
[2026-08-12T04:55:51.421+0000] {logging_mixin.py:190} INFO - [2026-08-12T04:55:51.420+0000] {dag.py:4138} INFO - Setting next_dagrun for example_nested_branch_dag to 2026-08-11 00:00:00+00:00, run_after=2026-08-12 00:00:00+00:00
[2026-08-12T04:55:51.441+0000] {processor.py:208} INFO - Processing /home/airflow/.local/lib/python3.12/site-packages/airflow/example_dags/example_nested_branch_dag.py took 0.095 seconds
[2026-08-12T04:56:21.897+0000] {processor.py:186} INFO - Started process (PID=2946) to work on /home/airflow/.local/lib/python3.12/site-packages/airflow/example_dags/example_nested_branch_dag.py
[2026-08-12T04:56:21.899+0000] {processor.py:914} INFO - Processing file /home/airflow/.local/lib/python3.12/site-packages/airflow/example_dags/example_nested_branch_dag.py for tasks to queue
[2026-08-12T04:56:21.903+0000] {logging_mixin.py:190} INFO - [2026-08-12T04:56:21.903+0000] {dagbag.py:587} INFO - Filling up the DagBag from /home/airflow/.local/lib/python3.12/site-packages/airflow/example_dags/example_nested_branch_dag.py
[2026-08-12T04:56:21.917+0000] {processor.py:925} INFO - DAG(s) 'example_nested_branch_dag' retrieved from /home/airflow/.local/lib/python3.12/site-packages/airflow/example_dags/example_nested_branch_dag.py
[2026-08-12T04:56:21.950+0000] {logging_mixin.py:190} INFO - [2026-08-12T04:56:21.949+0000] {dag.py:3211} INFO - Sync 1 DAGs
[2026-08-12T04:56:21.976+0000] {logging_mixin.py:190} INFO - [2026-08-12T04:56:21.976+0000] {dag.py:4138} INFO - Setting next_dagrun for example_nested_branch_dag to 2026-08-11 00:00:00+00:00, run_after=2026-08-12 00:00:00+00:00
[2026-08-12T04:56:22.001+0000] {processor.py:208} INFO - Processing /home/airflow/.local/lib/python3.12/site-packages/airflow/example_dags/example_nested_branch_dag.py took 0.110 seconds
[2026-08-12T04:56:52.435+0000] {processor.py:186} INFO - Started process (PID=3009) to work on /home/airflow/.local/lib/python3.12/site-packages/airflow/example_dags/example_nested_branch_dag.py
[2026-08-12T04:56:52.438+0000] {processor.py:914} INFO - Processing file /home/airflow/.local/lib/python3.12/site-packages/airflow/example_dags/example_nested_branch_dag.py for tasks to queue
[2026-08-12T04:56:52.443+0000] {logging_mixin.py:190} INFO - [2026-08-12T04:56:52.443+0000] {dagbag.py:587} INFO - Filling up the DagBag from /home/airflow/.local/lib/python3.12/site-packages/airflow/example_dags/example_nested_branch_dag.py
[2026-08-12T04:56:52.459+0000] {processor.py:925} INFO - DAG(s) 'example_nested_branch_dag' retrieved from /home/airflow/.local/lib/python3.12/site-packages/airflow/example_dags/example_nested_branch_dag.py
[2026-08-12T04:56:52.488+0000] {logging_mixin.py:190} INFO - [2026-08-12T04:56:52.487+0000] {dag.py:3211} INFO - Sync 1 DAGs
[2026-08-12T04:56:52.517+0000] {logging_mixin.py:190} INFO - [2026-08-12T04:56:52.517+0000] {dag.py:4138} INFO - Setting next_dagrun for example_nested_branch_dag to 2026-08-11 00:00:00+00:00, run_after=2026-08-12 00:00:00+00:00
[2026-08-12T04:56:52.542+0000] {processor.py:208} INFO - Processing /home/airflow/.local/lib/python3.12/site-packages/airflow/example_dags/example_nested_branch_dag.py took 0.116 seconds
[2026-08-12T04:57:22.780+0000] {processor.py:186} INFO - Started process (PID=3072) to work on /home/airflow/.local/lib/python3.12/site-packages/airflow/example_dags/example_nested_branch_dag.py
[2026-08-12T04:57:22.782+0000] {processor.py:914} INFO - Processing file /home/airflow/.local/lib/python3.12/site-packages/airflow/example_dags/example_nested_branch_dag.py for tasks to queue
[2026-08-12T04:57:22.787+0000] {logging_mixin.py:190} INFO - [2026-08-12T04:57:22.786+0000] {dagbag.py:587} INFO - Filling up the DagBag from /home/airflow/.local/lib/python3.12/site-packages/airflow/example_dags/example_nested_branch_dag.py
[2026-08-12T04:57:22.807+0000] {processor.py:925} INFO - DAG(s) 'example_nested_branch_dag' retrieved from /home/airflow/.local/lib/python3.12/site-packages/airflow/example_dags/example_nested_branch_dag.py
[2026-08-12T04:57:22.838+0000] {logging_mixin.py:190} INFO - [2026-08-12T04:57:22.838+0000] {dag.py:3211} INFO - Sync 1 DAGs
[2026-08-12T04:57:22.867+0000] {logging_mixin.py:190} INFO - [2026-08-12T04:57:22.867+0000] {dag.py:4138} INFO - Setting next_dagrun for example_nested_branch_dag to 2026-08-11 00:00:00+00:00, run_after=2026-08-12 00:00:00+00:00
[2026-08-12T04:57:22.889+0000] {processor.py:208} INFO - Processing /home/airflow/.local/lib/python3.12/site-packages/airflow/example_dags/example_nested_branch_dag.py took 0.117 seconds
[2026-08-12T04:57:53.495+0000] {processor.py:186} INFO - Started process (PID=3135) to work on /home/airflow/.local/lib/python3.12/site-packages/airflow/example_dags/example_nested_branch_dag.py
[2026-08-12T04:57:53.497+0000] {processor.py:914} INFO - Processing file /home/airflow/.local/lib/python3.12/site-packages/airflow/example_dags/example_nested_branch_dag.py for tasks to queue
[2026-08-12T04:57:53.502+0000] {logging_mixin.py:190} INFO - [2026-08-12T04:57:53.501+0000] {dagbag.py:587} INFO - Filling up the DagBag from /home/airflow/.local/lib/python3.12/site-packages/airflow/example_dags/example_nested_branch_dag.py
[2026-08-12T04:57:53.514+0000] {processor.py:925} INFO - DAG(s) 'example_nested_branch_dag' retrieved from /home/airflow/.local/lib/python3.12/site-packages/airflow/example_dags/example_nested_branch_dag.py
[2026-08-12T04:57:53.541+0000] {logging_mixin.py:190} INFO - [2026-08-12T04:57:53.540+0000] {dag.py:3211} INFO - Sync 1 DAGs
[2026-08-12T04:57:53.566+0000] {logging_mixin.py:190} INFO - [2026-08-12T04:57:53.566+0000] {dag.py:4138} INFO - Setting next_dagrun for example_nested_branch_dag to 2026-08-11 00:00:00+00:00, run_after=2026-08-12 00:00:00+00:00
[2026-08-12T04:57:53.594+0000] {processor.py:208} INFO - Processing /home/airflow/.local/lib/python3.12/site-packages/airflow/example_dags/example_nested_branch_dag.py took 0.105 seconds
[2026-08-12T04:58:23.734+0000] {processor.py:186} INFO - Started process (PID=3198) to work on /home/airflow/.local/lib/python3.12/site-packages/airflow/example_dags/example_nested_branch_dag.py
[2026-08-12T04:58:23.742+0000] {processor.py:914} INFO - Processing file /home/airflow/.local/lib/python3.12/site-packages/airflow/example_dags/example_nested_branch_dag.py for tasks to queue
[2026-08-12T04:58:23.750+0000] {logging_mixin.py:190} INFO - [2026-08-12T04:58:23.749+0000] {dagbag.py:587} INFO - Filling up the DagBag from /home/airflow/.local/lib/python3.12/site-packages/airflow/example_dags/example_nested_branch_dag.py
[2026-08-12T04:58:23.775+0000] {processor.py:925} INFO - DAG(s) 'example_nested_branch_dag' retrieved from /home/airflow/.local/lib/python3.12/site-packages/airflow/example_dags/example_nested_branch_dag.py
[2026-08-12T04:58:23.810+0000] {logging_mixin.py:190} INFO - [2026-08-12T04:58:23.810+0000] {dag.py:3211} INFO - Sync 1 DAGs
[2026-08-12T04:58:23.844+0000] {logging_mixin.py:190} INFO - [2026-08-12T04:58:23.844+0000] {dag.py:4138} INFO - Setting next_dagrun for example_nested_branch_dag to 2026-08-11 00:00:00+00:00, run_after=2026-08-12 00:00:00+00:00
[2026-08-12T04:58:23.868+0000] {processor.py:208} INFO - Processing /home/airflow/.local/lib/python3.12/site-packages/airflow/example_dags/example_nested_branch_dag.py took 0.148 seconds
[2026-08-12T04:58:54.197+0000] {processor.py:186} INFO - Started process (PID=3261) to work on /home/airflow/.local/lib/python3.12/site-packages/airflow/example_dags/example_nested_branch_dag.py
[2026-08-12T04:58:54.199+0000] {processor.py:914} INFO - Processing file /home/airflow/.local/lib/python3.12/site-packages/airflow/example_dags/example_nested_branch_dag.py for tasks to queue
[2026-08-12T04:58:54.203+0000] {logging_mixin.py:190} INFO - [2026-08-12T04:58:54.203+0000] {dagbag.py:587} INFO - Filling up the DagBag from /home/airflow/.local/lib/python3.12/site-packages/airflow/example_dags/example_nested_branch_dag.py
[2026-08-12T04:58:54.218+0000] {processor.py:925} INFO - DAG(s) 'example_nested_branch_dag' retrieved from /home/airflow/.local/lib/python3.12/site-packages/airflow/example_dags/example_nested_branch_dag.py
[2026-08-12T04:58:54.243+0000] {logging_mixin.py:190} INFO - [2026-08-12T04:58:54.243+0000] {dag.py:3211} INFO - Sync 1 DAGs
[2026-08-12T04:58:54.269+0000] {logging_mixin.py:190} INFO - [2026-08-12T04:58:54.269+0000] {dag.py:4138} INFO - Setting next_dagrun for example_nested_branch_dag to 2026-08-11 00:00:00+00:00, run_after=2026-08-12 00:00:00+00:00
[2026-08-12T04:58:54.298+0000] {processor.py:208} INFO - Processing /home/airflow/.local/lib/python3.12/site-packages/airflow/example_dags/example_nested_branch_dag.py took 0.107 seconds
[2026-08-12T04:59:24.631+0000] {processor.py:186} INFO - Started process (PID=3324) to work on /home/airflow/.local/lib/python3.12/site-packages/airflow/example_dags/example_nested_branch_dag.py
[2026-08-12T04:59:24.634+0000] {processor.py:914} INFO - Processing file /home/airflow/.local/lib/python3.12/site-packages/airflow/example_dags/example_nested_branch_dag.py for tasks to queue
[2026-08-12T04:59:24.639+0000] {logging_mixin.py:190} INFO - [2026-08-12T04:59:24.638+0000] {dagbag.py:587} INFO - Filling up the DagBag from /home/airflow/.local/lib/python3.12/site-packages/airflow/example_dags/example_nested_branch_dag.py
[2026-08-12T04:59:24.657+0000] {processor.py:925} INFO - DAG(s) 'example_nested_branch_dag' retrieved from /home/airflow/.local/lib/python3.12/site-packages/airflow/example_dags/example_nested_branch_dag.py
[2026-08-12T04:59:24.682+0000] {logging_mixin.py:190} INFO - [2026-08-12T04:59:24.681+0000] {dag.py:3211} INFO - Sync 1 DAGs
[2026-08-12T04:59:24.710+0000] {logging_mixin.py:190} INFO - [2026-08-12T04:59:24.710+0000] {dag.py:4138} INFO - Setting next_dagrun for example_nested_branch_dag to 2026-08-11 00:00:00+00:00, run_after=2026-08-12 00:00:00+00:00
[2026-08-12T04:59:24.738+0000] {processor.py:208} INFO - Processing /home/airflow/.local/lib/python3.12/site-packages/airflow/example_dags/example_nested_branch_dag.py took 0.116 seconds
[2026-08-12T04:59:54.862+0000] {processor.py:186} INFO - Started process (PID=3387) to work on /home/airflow/.local/lib/python3.12/site-packages/airflow/example_dags/example_nested_branch_dag.py
[2026-08-12T04:59:54.864+0000] {processor.py:914} INFO - Processing file /home/airflow/.local/lib/python3.12/site-packages/airflow/example_dags/example_nested_branch_dag.py for tasks to queue
[2026-08-12T04:59:54.870+0000] {logging_mixin.py:190} INFO - [2026-08-12T04:59:54.869+0000] {dagbag.py:587} INFO - Filling up the DagBag from /home/airflow/.local/lib/python3.12/site-packages/airflow/example_dags/example_nested_branch_dag.py
[2026-08-12T04:59:54.885+0000] {processor.py:925} INFO - DAG(s) 'example_nested_branch_dag' retrieved from /home/airflow/.local/lib/python3.12/site-packages/airflow/example_dags/example_nested_branch_dag.py
[2026-08-12T04:59:54.913+0000] {logging_mixin.py:190} INFO - [2026-08-12T04:59:54.913+0000] {dag.py:3211} INFO - Sync 1 DAGs
[2026-08-12T04:59:54.941+0000] {logging_mixin.py:190} INFO - [2026-08-12T04:59:54.941+0000] {dag.py:4138} INFO - Setting next_dagrun for example_nested_branch_dag to 2026-08-11 00:00:00+00:00, run_after=2026-08-12 00:00:00+00:00
[2026-08-12T04:59:54.966+0000] {processor.py:208} INFO - Processing /home/airflow/.local/lib/python3.12/site-packages/airflow/example_dags/example_nested_branch_dag.py took 0.114 seconds
[2026-08-12T05:00:25.119+0000] {processor.py:186} INFO - Started process (PID=3450) to work on /home/airflow/.local/lib/python3.12/site-packages/airflow/example_dags/example_nested_branch_dag.py
[2026-08-12T05:00:25.121+0000] {processor.py:914} INFO - Processing file /home/airflow/.local/lib/python3.12/site-packages/airflow/example_dags/example_nested_branch_dag.py for tasks to queue
[2026-08-12T05:00:25.126+0000] {logging_mixin.py:190} INFO - [2026-08-12T05:00:25.126+0000] {dagbag.py:587} INFO - Filling up the DagBag from /home/airflow/.local/lib/python3.12/site-packages/airflow/example_dags/example_nested_branch_dag.py
[2026-08-12T05:00:25.145+0000] {processor.py:925} INFO - DAG(s) 'example_nested_branch_dag' retrieved from /home/airflow/.local/lib/python3.12/site-packages/airflow/example_dags/example_nested_branch_dag.py
[2026-08-12T05:00:25.174+0000] {logging_mixin.py:190} INFO - [2026-08-12T05:00:25.173+0000] {dag.py:3211} INFO - Sync 1 DAGs
[2026-08-12T05:00:25.205+0000] {logging_mixin.py:190} INFO - [2026-08-12T05:00:25.205+0000] {dag.py:4138} INFO - Setting next_dagrun for example_nested_branch_dag to 2026-08-11 00:00:00+00:00, run_after=2026-08-12 00:00:00+00:00
[2026-08-12T05:00:25.239+0000] {processor.py:208} INFO - Processing /home/airflow/.local/lib/python3.12/site-packages/airflow/example_dags/example_nested_branch_dag.py took 0.132 seconds
[2026-08-12T05:00:55.772+0000] {processor.py:186} INFO - Started process (PID=3513) to work on /home/airflow/.local/lib/python3.12/site-packages/airflow/example_dags/example_nested_branch_dag.py
[2026-08-12T05:00:55.777+0000] {processor.py:914} INFO - Processing file /home/airflow/.local/lib/python3.12/site-packages/airflow/example_dags/example_nested_branch_dag.py for tasks to queue
[2026-08-12T05:00:55.783+0000] {logging_mixin.py:190} INFO - [2026-08-12T05:00:55.782+0000] {dagbag.py:587} INFO - Filling up the DagBag from /home/airflow/.local/lib/python3.12/site-packages/airflow/example_dags/example_nested_branch_dag.py
[2026-08-12T05:00:55.802+0000] {processor.py:925} INFO - DAG(s) 'example_nested_branch_dag' retrieved from /home/airflow/.local/lib/python3.12/site-packages/airflow/example_dags/example_nested_branch_dag.py
[2026-08-12T05:00:55.839+0000] {logging_mixin.py:190} INFO - [2026-08-12T05:00:55.838+0000] {dag.py:3211} INFO - Sync 1 DAGs
[2026-08-12T05:00:55.877+0000] {logging_mixin.py:190} INFO - [2026-08-12T05:00:55.876+0000] {dag.py:4138} INFO - Setting next_dagrun for example_nested_branch_dag to 2026-08-11 00:00:00+00:00, run_after=2026-08-12 00:00:00+00:00
[2026-08-12T05:00:55.900+0000] {processor.py:208} INFO - Processing /home/airflow/.local/lib/python3.12/site-packages/airflow/example_dags/example_nested_branch_dag.py took 0.143 seconds
[2026-08-12T05:01:26.229+0000] {processor.py:186} INFO - Started process (PID=3582) to work on /home/airflow/.local/lib/python3.12/site-packages/airflow/example_dags/example_nested_branch_dag.py
[2026-08-12T05:01:26.232+0000] {processor.py:914} INFO - Processing file /home/airflow/.local/lib/python3.12/site-packages/airflow/example_dags/example_nested_branch_dag.py for tasks to queue
[2026-08-12T05:01:26.238+0000] {logging_mixin.py:190} INFO - [2026-08-12T05:01:26.237+0000] {dagbag.py:587} INFO - Filling up the DagBag from /home/airflow/.local/lib/python3.12/site-packages/airflow/example_dags/example_nested_branch_dag.py
[2026-08-12T05:01:26.257+0000] {processor.py:925} INFO - DAG(s) 'example_nested_branch_dag' retrieved from /home/airflow/.local/lib/python3.12/site-packages/airflow/example_dags/example_nested_branch_dag.py
[2026-08-12T05:01:26.297+0000] {logging_mixin.py:190} INFO - [2026-08-12T05:01:26.297+0000] {dag.py:3211} INFO - Sync 1 DAGs
[2026-08-12T05:01:26.335+0000] {logging_mixin.py:190} INFO - [2026-08-12T05:01:26.335+0000] {dag.py:4138} INFO - Setting next_dagrun for example_nested_branch_dag to 2026-08-11 00:00:00+00:00, run_after=2026-08-12 00:00:00+00:00
[2026-08-12T05:01:26.371+0000] {processor.py:208} INFO - Processing /home/airflow/.local/lib/python3.12/site-packages/airflow/example_dags/example_nested_branch_dag.py took 0.152 seconds
[2026-08-12T05:01:57.089+0000] {processor.py:186} INFO - Started process (PID=3646) to work on /home/airflow/.local/lib/python3.12/site-packages/airflow/example_dags/example_nested_branch_dag.py
[2026-08-12T05:01:57.091+0000] {processor.py:914} INFO - Processing file /home/airflow/.local/lib/python3.12/site-packages/airflow/example_dags/example_nested_branch_dag.py for tasks to queue
[2026-08-12T05:01:57.095+0000] {logging_mixin.py:190} INFO - [2026-08-12T05:01:57.095+0000] {dagbag.py:587} INFO - Filling up the DagBag from /home/airflow/.local/lib/python3.12/site-packages/airflow/example_dags/example_nested_branch_dag.py
[2026-08-12T05:01:57.111+0000] {processor.py:925} INFO - DAG(s) 'example_nested_branch_dag' retrieved from /home/airflow/.local/lib/python3.12/site-packages/airflow/example_dags/example_nested_branch_dag.py
[2026-08-12T05:01:57.143+0000] {logging_mixin.py:190} INFO - [2026-08-12T05:01:57.143+0000] {dag.py:3211} INFO - Sync 1 DAGs
[2026-08-12T05:01:57.174+0000] {logging_mixin.py:190} INFO - [2026-08-12T05:01:57.174+0000] {dag.py:4138} INFO - Setting next_dagrun for example_nested_branch_dag to 2026-08-11 00:00:00+00:00, run_after=2026-08-12 00:00:00+00:00
[2026-08-12T05:01:57.195+0000] {processor.py:208} INFO - Processing /home/airflow/.local/lib/python3.12/site-packages/airflow/example_dags/example_nested_branch_dag.py took 0.113 seconds
[2026-08-12T05:02:27.765+0000] {processor.py:186} INFO - Started process (PID=3709) to work on /home/airflow/.local/lib/python3.12/site-packages/airflow/example_dags/example_nested_branch_dag.py
[2026-08-12T05:02:27.767+0000] {processor.py:914} INFO - Processing file /home/airflow/.local/lib/python3.12/site-packages/airflow/example_dags/example_nested_branch_dag.py for tasks to queue
[2026-08-12T05:02:27.774+0000] {logging_mixin.py:190} INFO - [2026-08-12T05:02:27.773+0000] {dagbag.py:587} INFO - Filling up the DagBag from /home/airflow/.local/lib/python3.12/site-packages/airflow/example_dags/example_nested_branch_dag.py
[2026-08-12T05:02:27.792+0000] {processor.py:925} INFO - DAG(s) 'example_nested_branch_dag' retrieved from /home/airflow/.local/lib/python3.12/site-packages/airflow/example_dags/example_nested_branch_dag.py
[2026-08-12T05:02:27.827+0000] {logging_mixin.py:190} INFO - [2026-08-12T05:02:27.826+0000] {dag.py:3211} INFO - Sync 1 DAGs
[2026-08-12T05:02:27.860+0000] {logging_mixin.py:190} INFO - [2026-08-12T05:02:27.860+0000] {dag.py:4138} INFO - Setting next_dagrun for example_nested_branch_dag to 2026-08-11 00:00:00+00:00, run_after=2026-08-12 00:00:00+00:00
[2026-08-12T05:02:27.885+0000] {processor.py:208} INFO - Processing /home/airflow/.local/lib/python3.12/site-packages/airflow/example_dags/example_nested_branch_dag.py took 0.127 seconds
[2026-08-12T05:02:58.749+0000] {processor.py:186} INFO - Started process (PID=3772) to work on /home/airflow/.local/lib/python3.12/site-packages/airflow/example_dags/example_nested_branch_dag.py
[2026-08-12T05:02:58.752+0000] {processor.py:914} INFO - Processing file /home/airflow/.local/lib/python3.12/site-packages/airflow/example_dags/example_nested_branch_dag.py for tasks to queue
[2026-08-12T05:02:58.756+0000] {logging_mixin.py:190} INFO - [2026-08-12T05:02:58.755+0000] {dagbag.py:587} INFO - Filling up the DagBag from /home/airflow/.local/lib/python3.12/site-packages/airflow/example_dags/example_nested_branch_dag.py
[2026-08-12T05:02:58.773+0000] {processor.py:925} INFO - DAG(s) 'example_nested_branch_dag' retrieved from /home/airflow/.local/lib/python3.12/site-packages/airflow/example_dags/example_nested_branch_dag.py
[2026-08-12T05:02:58.806+0000] {logging_mixin.py:190} INFO - [2026-08-12T05:02:58.806+0000] {dag.py:3211} INFO - Sync 1 DAGs
[2026-08-12T05:02:58.836+0000] {logging_mixin.py:190} INFO - [2026-08-12T05:02:58.835+0000] {dag.py:4138} INFO - Setting next_dagrun for example_nested_branch_dag to 2026-08-11 00:00:00+00:00, run_after=2026-08-12 00:00:00+00:00
[2026-08-12T05:02:59.060+0000] {processor.py:208} INFO - Processing /home/airflow/.local/lib/python3.12/site-packages/airflow/example_dags/example_nested_branch_dag.py took 0.320 seconds
[2026-08-12T05:03:29.491+0000] {processor.py:186} INFO - Started process (PID=3835) to work on /home/airflow/.local/lib/python3.12/site-packages/airflow/example_dags/example_nested_branch_dag.py
[2026-08-12T05:03:29.494+0000] {processor.py:914} INFO - Processing file /home/airflow/.local/lib/python3.12/site-packages/airflow/example_dags/example_nested_branch_dag.py for tasks to queue
[2026-08-12T05:03:29.498+0000] {logging_mixin.py:190} INFO - [2026-08-12T05:03:29.498+0000] {dagbag.py:587} INFO - Filling up the DagBag from /home/airflow/.local/lib/python3.12/site-packages/airflow/example_dags/example_nested_branch_dag.py
[2026-08-12T05:03:29.519+0000] {processor.py:925} INFO - DAG(s) 'example_nested_branch_dag' retrieved from /home/airflow/.local/lib/python3.12/site-packages/airflow/example_dags/example_nested_branch_dag.py
[2026-08-12T05:03:29.557+0000] {logging_mixin.py:190} INFO - [2026-08-12T05:03:29.556+0000] {dag.py:3211} INFO - Sync 1 DAGs
[2026-08-12T05:03:29.589+0000] {logging_mixin.py:190} INFO - [2026-08-12T05:03:29.589+0000] {dag.py:4138} INFO - Setting next_dagrun for example_nested_branch_dag to 2026-08-11 00:00:00+00:00, run_after=2026-08-12 00:00:00+00:00
[2026-08-12T05:03:29.620+0000] {processor.py:208} INFO - Processing /home/airflow/.local/lib/python3.12/site-packages/airflow/example_dags/example_nested_branch_dag.py took 0.136 seconds
[2026-08-12T05:04:00.115+0000] {processor.py:186} INFO - Started process (PID=3898) to work on /home/airflow/.local/lib/python3.12/site-packages/airflow/example_dags/example_nested_branch_dag.py
[2026-08-12T05:04:00.117+0000] {processor.py:914} INFO - Processing file /home/airflow/.local/lib/python3.12/site-packages/airflow/example_dags/example_nested_branch_dag.py for tasks to queue
[2026-08-12T05:04:00.122+0000] {logging_mixin.py:190} INFO - [2026-08-12T05:04:00.121+0000] {dagbag.py:587} INFO - Filling up the DagBag from /home/airflow/.local/lib/python3.12/site-packages/airflow/example_dags/example_nested_branch_dag.py
[2026-08-12T05:04:00.146+0000] {processor.py:925} INFO - DAG(s) 'example_nested_branch_dag' retrieved from /home/airflow/.local/lib/python3.12/site-packages/airflow/example_dags/example_nested_branch_dag.py
[2026-08-12T05:04:00.177+0000] {logging_mixin.py:190} INFO - [2026-08-12T05:04:00.177+0000] {dag.py:3211} INFO - Sync 1 DAGs
[2026-08-12T05:04:00.204+0000] {logging_mixin.py:190} INFO - [2026-08-12T05:04:00.204+0000] {dag.py:4138} INFO - Setting next_dagrun for example_nested_branch_dag to 2026-08-11 00:00:00+00:00, run_after=2026-08-12 00:00:00+00:00
[2026-08-12T05:04:00.233+0000] {processor.py:208} INFO - Processing /home/airflow/.local/lib/python3.12/site-packages/airflow/example_dags/example_nested_branch_dag.py took 0.127 seconds
[2026-08-12T05:04:30.571+0000] {processor.py:186} INFO - Started process (PID=3961) to work on /home/airflow/.local/lib/python3.12/site-packages/airflow/example_dags/example_nested_branch_dag.py
[2026-08-12T05:04:30.575+0000] {processor.py:914} INFO - Processing file /home/airflow/.local/lib/python3.12/site-packages/airflow/example_dags/example_nested_branch_dag.py for tasks to queue
[2026-08-12T05:04:30.584+0000] {logging_mixin.py:190} INFO - [2026-08-12T05:04:30.583+0000] {dagbag.py:587} INFO - Filling up the DagBag from /home/airflow/.local/lib/python3.12/site-packages/airflow/example_dags/example_nested_branch_dag.py
[2026-08-12T05:04:30.608+0000] {processor.py:925} INFO - DAG(s) 'example_nested_branch_dag' retrieved from /home/airflow/.local/lib/python3.12/site-packages/airflow/example_dags/example_nested_branch_dag.py
[2026-08-12T05:04:30.635+0000] {logging_mixin.py:190} INFO - [2026-08-12T05:04:30.635+0000] {dag.py:3211} INFO - Sync 1 DAGs
[2026-08-12T05:04:30.664+0000] {logging_mixin.py:190} INFO - [2026-08-12T05:04:30.664+0000] {dag.py:4138} INFO - Setting next_dagrun for example_nested_branch_dag to 2026-08-11 00:00:00+00:00, run_after=2026-08-12 00:00:00+00:00
[2026-08-12T05:04:30.711+0000] {processor.py:208} INFO - Processing /home/airflow/.local/lib/python3.12/site-packages/airflow/example_dags/example_nested_branch_dag.py took 0.151 seconds
[2026-08-12T05:05:01.506+0000] {processor.py:186} INFO - Started process (PID=4024) to work on /home/airflow/.local/lib/python3.12/site-packages/airflow/example_dags/example_nested_branch_dag.py
[2026-08-12T05:05:01.508+0000] {processor.py:914} INFO - Processing file /home/airflow/.local/lib/python3.12/site-packages/airflow/example_dags/example_nested_branch_dag.py for tasks to queue
[2026-08-12T05:05:01.513+0000] {logging_mixin.py:190} INFO - [2026-08-12T05:05:01.512+0000] {dagbag.py:587} INFO - Filling up the DagBag from /home/airflow/.local/lib/python3.12/site-packages/airflow/example_dags/example_nested_branch_dag.py
[2026-08-12T05:05:01.528+0000] {processor.py:925} INFO - DAG(s) 'example_nested_branch_dag' retrieved from /home/airflow/.local/lib/python3.12/site-packages/airflow/example_dags/example_nested_branch_dag.py
[2026-08-12T05:05:01.553+0000] {logging_mixin.py:190} INFO - [2026-08-12T05:05:01.553+0000] {dag.py:3211} INFO - Sync 1 DAGs
[2026-08-12T05:05:01.577+0000] {logging_mixin.py:190} INFO - [2026-08-12T05:05:01.577+0000] {dag.py:4138} INFO - Setting next_dagrun for example_nested_branch_dag to 2026-08-11 00:00:00+00:00, run_after=2026-08-12 00:00:00+00:00
[2026-08-12T05:05:01.600+0000] {processor.py:208} INFO - Processing /home/airflow/.local/lib/python3.12/site-packages/airflow/example_dags/example_nested_branch_dag.py took 0.101 seconds
[2026-08-12T05:05:32.426+0000] {processor.py:186} INFO - Started process (PID=4087) to work on /home/airflow/.local/lib/python3.12/site-packages/airflow/example_dags/example_nested_branch_dag.py
[2026-08-12T05:05:32.428+0000] {processor.py:914} INFO - Processing file /home/airflow/.local/lib/python3.12/site-packages/airflow/example_dags/example_nested_branch_dag.py for tasks to queue
[2026-08-12T05:05:32.432+0000] {logging_mixin.py:190} INFO - [2026-08-12T05:05:32.432+0000] {dagbag.py:587} INFO - Filling up the DagBag from /home/airflow/.local/lib/python3.12/site-packages/airflow/example_dags/example_nested_branch_dag.py
[2026-08-12T05:05:32.451+0000] {processor.py:925} INFO - DAG(s) 'example_nested_branch_dag' retrieved from /home/airflow/.local/lib/python3.12/site-packages/airflow/example_dags/example_nested_branch_dag.py
[2026-08-12T05:05:32.688+0000] {logging_mixin.py:190} INFO - [2026-08-12T05:05:32.688+0000] {dag.py:3211} INFO - Sync 1 DAGs
[2026-08-12T05:05:32.716+0000] {logging_mixin.py:190} INFO - [2026-08-12T05:05:32.716+0000] {dag.py:4138} INFO - Setting next_dagrun for example_nested_branch_dag to 2026-08-11 00:00:00+00:00, run_after=2026-08-12 00:00:00+00:00
[2026-08-12T05:05:32.739+0000] {processor.py:208} INFO - Processing /home/airflow/.local/lib/python3.12/site-packages/airflow/example_dags/example_nested_branch_dag.py took 0.320 seconds
[2026-08-12T05:06:03.394+0000] {processor.py:186} INFO - Started process (PID=4150) to work on /home/airflow/.local/lib/python3.12/site-packages/airflow/example_dags/example_nested_branch_dag.py
[2026-08-12T05:06:03.396+0000] {processor.py:914} INFO - Processing file /home/airflow/.local/lib/python3.12/site-packages/airflow/example_dags/example_nested_branch_dag.py for tasks to queue
[2026-08-12T05:06:03.405+0000] {logging_mixin.py:190} INFO - [2026-08-12T05:06:03.404+0000] {dagbag.py:587} INFO - Filling up the DagBag from /home/airflow/.local/lib/python3.12/site-packages/airflow/example_dags/example_nested_branch_dag.py
[2026-08-12T05:06:03.422+0000] {processor.py:925} INFO - DAG(s) 'example_nested_branch_dag' retrieved from /home/airflow/.local/lib/python3.12/site-packages/airflow/example_dags/example_nested_branch_dag.py
[2026-08-12T05:06:03.452+0000] {logging_mixin.py:190} INFO - [2026-08-12T05:06:03.452+0000] {dag.py:3211} INFO - Sync 1 DAGs
[2026-08-12T05:06:03.485+0000] {logging_mixin.py:190} INFO - [2026-08-12T05:06:03.485+0000] {dag.py:4138} INFO - Setting next_dagrun for example_nested_branch_dag to 2026-08-11 00:00:00+00:00, run_after=2026-08-12 00:00:00+00:00
[2026-08-12T05:06:03.513+0000] {processor.py:208} INFO - Processing /home/airflow/.local/lib/python3.12/site-packages/airflow/example_dags/example_nested_branch_dag.py took 0.125 seconds
[2026-08-12T05:06:33.861+0000] {processor.py:186} INFO - Started process (PID=4213) to work on /home/airflow/.local/lib/python3.12/site-packages/airflow/example_dags/example_nested_branch_dag.py
[2026-08-12T05:06:33.865+0000] {processor.py:914} INFO - Processing file /home/airflow/.local/lib/python3.12/site-packages/airflow/example_dags/example_nested_branch_dag.py for tasks to queue
[2026-08-12T05:06:33.871+0000] {logging_mixin.py:190} INFO - [2026-08-12T05:06:33.870+0000] {dagbag.py:587} INFO - Filling up the DagBag from /home/airflow/.local/lib/python3.12/site-packages/airflow/example_dags/example_nested_branch_dag.py
[2026-08-12T05:06:33.885+0000] {processor.py:925} INFO - DAG(s) 'example_nested_branch_dag' retrieved from /home/airflow/.local/lib/python3.12/site-packages/airflow/example_dags/example_nested_branch_dag.py
[2026-08-12T05:06:33.912+0000] {logging_mixin.py:190} INFO - [2026-08-12T05:06:33.911+0000] {dag.py:3211} INFO - Sync 1 DAGs
[2026-08-12T05:06:33.940+0000] {logging_mixin.py:190} INFO - [2026-08-12T05:06:33.940+0000] {dag.py:4138} INFO - Setting next_dagrun for example_nested_branch_dag to 2026-08-11 00:00:00+00:00, run_after=2026-08-12 00:00:00+00:00
[2026-08-12T05:06:33.984+0000] {processor.py:208} INFO - Processing /home/airflow/.local/lib/python3.12/site-packages/airflow/example_dags/example_nested_branch_dag.py took 0.129 seconds
[2026-08-12T05:07:04.099+0000] {processor.py:186} INFO - Started process (PID=4276) to work on /home/airflow/.local/lib/python3.12/site-packages/airflow/example_dags/example_nested_branch_dag.py
[2026-08-12T05:07:04.102+0000] {processor.py:914} INFO - Processing file /home/airflow/.local/lib/python3.12/site-packages/airflow/example_dags/example_nested_branch_dag.py for tasks to queue
[2026-08-12T05:07:04.106+0000] {logging_mixin.py:190} INFO - [2026-08-12T05:07:04.106+0000] {dagbag.py:587} INFO - Filling up the DagBag from /home/airflow/.local/lib/python3.12/site-packages/airflow/example_dags/example_nested_branch_dag.py
[2026-08-12T05:07:04.123+0000] {processor.py:925} INFO - DAG(s) 'example_nested_branch_dag' retrieved from /home/airflow/.local/lib/python3.12/site-packages/airflow/example_dags/example_nested_branch_dag.py
[2026-08-12T05:07:04.149+0000] {logging_mixin.py:190} INFO - [2026-08-12T05:07:04.149+0000] {dag.py:3211} INFO - Sync 1 DAGs
[2026-08-12T05:07:04.180+0000] {logging_mixin.py:190} INFO - [2026-08-12T05:07:04.179+0000] {dag.py:4138} INFO - Setting next_dagrun for example_nested_branch_dag to 2026-08-11 00:00:00+00:00, run_after=2026-08-12 00:00:00+00:00
[2026-08-12T05:07:04.205+0000] {processor.py:208} INFO - Processing /home/airflow/.local/lib/python3.12/site-packages/airflow/example_dags/example_nested_branch_dag.py took 0.112 seconds
[2026-08-12T05:07:34.739+0000] {processor.py:186} INFO - Started process (PID=4339) to work on /home/airflow/.local/lib/python3.12/site-packages/airflow/example_dags/example_nested_branch_dag.py
[2026-08-12T05:07:34.742+0000] {processor.py:914} INFO - Processing file /home/airflow/.local/lib/python3.12/site-packages/airflow/example_dags/example_nested_branch_dag.py for tasks to queue
[2026-08-12T05:07:34.747+0000] {logging_mixin.py:190} INFO - [2026-08-12T05:07:34.746+0000] {dagbag.py:587} INFO - Filling up the DagBag from /home/airflow/.local/lib/python3.12/site-packages/airflow/example_dags/example_nested_branch_dag.py
[2026-08-12T05:07:34.770+0000] {processor.py:925} INFO - DAG(s) 'example_nested_branch_dag' retrieved from /home/airflow/.local/lib/python3.12/site-packages/airflow/example_dags/example_nested_branch_dag.py
[2026-08-12T05:07:34.802+0000] {logging_mixin.py:190} INFO - [2026-08-12T05:07:34.802+0000] {dag.py:3211} INFO - Sync 1 DAGs
[2026-08-12T05:07:34.829+0000] {logging_mixin.py:190} INFO - [2026-08-12T05:07:34.829+0000] {dag.py:4138} INFO - Setting next_dagrun for example_nested_branch_dag to 2026-08-11 00:00:00+00:00, run_after=2026-08-12 00:00:00+00:00
[2026-08-12T05:07:34.855+0000] {processor.py:208} INFO - Processing /home/airflow/.local/lib/python3.12/site-packages/airflow/example_dags/example_nested_branch_dag.py took 0.128 seconds
[2026-08-12T05:08:05.055+0000] {processor.py:186} INFO - Started process (PID=4402) to work on /home/airflow/.local/lib/python3.12/site-packages/airflow/example_dags/example_nested_branch_dag.py
[2026-08-12T05:08:05.058+0000] {processor.py:914} INFO - Processing file /home/airflow/.local/lib/python3.12/site-packages/airflow/example_dags/example_nested_branch_dag.py for tasks to queue
[2026-08-12T05:08:05.062+0000] {logging_mixin.py:190} INFO - [2026-08-12T05:08:05.062+0000] {dagbag.py:587} INFO - Filling up the DagBag from /home/airflow/.local/lib/python3.12/site-packages/airflow/example_dags/example_nested_branch_dag.py
[2026-08-12T05:08:05.080+0000] {processor.py:925} INFO - DAG(s) 'example_nested_branch_dag' retrieved from /home/airflow/.local/lib/python3.12/site-packages/airflow/example_dags/example_nested_branch_dag.py
[2026-08-12T05:08:05.113+0000] {logging_mixin.py:190} INFO - [2026-08-12T05:08:05.112+0000] {dag.py:3211} INFO - Sync 1 DAGs
[2026-08-12T05:08:05.145+0000] {logging_mixin.py:190} INFO - [2026-08-12T05:08:05.145+0000] {dag.py:4138} INFO - Setting next_dagrun for example_nested_branch_dag to 2026-08-11 00:00:00+00:00, run_after=2026-08-12 00:00:00+00:00
[2026-08-12T05:08:05.176+0000] {processor.py:208} INFO - Processing /home/airflow/.local/lib/python3.12/site-packages/airflow/example_dags/example_nested_branch_dag.py took 0.128 seconds
[2026-08-12T05:08:35.240+0000] {processor.py:186} INFO - Started process (PID=4465) to work on /home/airflow/.local/lib/python3.12/site-packages/airflow/example_dags/example_nested_branch_dag.py
[2026-08-12T05:08:35.243+0000] {processor.py:914} INFO - Processing file /home/airflow/.local/lib/python3.12/site-packages/airflow/example_dags/example_nested_branch_dag.py for tasks to queue
[2026-08-12T05:08:35.247+0000] {logging_mixin.py:190} INFO - [2026-08-12T05:08:35.246+0000] {dagbag.py:587} INFO - Filling up the DagBag from /home/airflow/.local/lib/python3.12/site-packages/airflow/example_dags/example_nested_branch_dag.py
[2026-08-12T05:08:35.269+0000] {processor.py:925} INFO - DAG(s) 'example_nested_branch_dag' retrieved from /home/airflow/.local/lib/python3.12/site-packages/airflow/example_dags/example_nested_branch_dag.py
[2026-08-12T05:08:35.296+0000] {logging_mixin.py:190} INFO - [2026-08-12T05:08:35.295+0000] {dag.py:3211} INFO - Sync 1 DAGs
[2026-08-12T05:08:35.320+0000] {logging_mixin.py:190} INFO - [2026-08-12T05:08:35.320+0000] {dag.py:4138} INFO - Setting next_dagrun for example_nested_branch_dag to 2026-08-11 00:00:00+00:00, run_after=2026-08-12 00:00:00+00:00
[2026-08-12T05:08:35.347+0000] {processor.py:208} INFO - Processing /home/airflow/.local/lib/python3.12/site-packages/airflow/example_dags/example_nested_branch_dag.py took 0.113 seconds
[2026-08-12T05:09:05.582+0000] {processor.py:186} INFO - Started process (PID=4528) to work on /home/airflow/.local/lib/python3.12/site-packages/airflow/example_dags/example_nested_branch_dag.py
[2026-08-12T05:09:05.587+0000] {processor.py:914} INFO - Processing file /home/airflow/.local/lib/python3.12/site-packages/airflow/example_dags/example_nested_branch_dag.py for tasks to queue
[2026-08-12T05:09:05.597+0000] {logging_mixin.py:190} INFO - [2026-08-12T05:09:05.596+0000] {dagbag.py:587} INFO - Filling up the DagBag from /home/airflow/.local/lib/python3.12/site-packages/airflow/example_dags/example_nested_branch_dag.py
[2026-08-12T05:09:05.623+0000] {processor.py:925} INFO - DAG(s) 'example_nested_branch_dag' retrieved from /home/airflow/.local/lib/python3.12/site-packages/airflow/example_dags/example_nested_branch_dag.py
[2026-08-12T05:09:05.663+0000] {logging_mixin.py:190} INFO - [2026-08-12T05:09:05.663+0000] {dag.py:3211} INFO - Sync 1 DAGs
[2026-08-12T05:09:05.695+0000] {logging_mixin.py:190} INFO - [2026-08-12T05:09:05.695+0000] {dag.py:4138} INFO - Setting next_dagrun for example_nested_branch_dag to 2026-08-11 00:00:00+00:00, run_after=2026-08-12 00:00:00+00:00
[2026-08-12T05:09:05.727+0000] {processor.py:208} INFO - Processing /home/airflow/.local/lib/python3.12/site-packages/airflow/example_dags/example_nested_branch_dag.py took 0.157 seconds
[2026-08-12T05:09:36.302+0000] {processor.py:186} INFO - Started process (PID=4591) to work on /home/airflow/.local/lib/python3.12/site-packages/airflow/example_dags/example_nested_branch_dag.py
[2026-08-12T05:09:36.304+0000] {processor.py:914} INFO - Processing file /home/airflow/.local/lib/python3.12/site-packages/airflow/example_dags/example_nested_branch_dag.py for tasks to queue
[2026-08-12T05:09:36.309+0000] {logging_mixin.py:190} INFO - [2026-08-12T05:09:36.309+0000] {dagbag.py:587} INFO - Filling up the DagBag from /home/airflow/.local/lib/python3.12/site-packages/airflow/example_dags/example_nested_branch_dag.py
[2026-08-12T05:09:36.325+0000] {processor.py:925} INFO - DAG(s) 'example_nested_branch_dag' retrieved from /home/airflow/.local/lib/python3.12/site-packages/airflow/example_dags/example_nested_branch_dag.py
[2026-08-12T05:09:36.351+0000] {logging_mixin.py:190} INFO - [2026-08-12T05:09:36.351+0000] {dag.py:3211} INFO - Sync 1 DAGs
[2026-08-12T05:09:36.381+0000] {logging_mixin.py:190} INFO - [2026-08-12T05:09:36.381+0000] {dag.py:4138} INFO - Setting next_dagrun for example_nested_branch_dag to 2026-08-11 00:00:00+00:00, run_after=2026-08-12 00:00:00+00:00
[2026-08-12T05:09:36.403+0000] {processor.py:208} INFO - Processing /home/airflow/.local/lib/python3.12/site-packages/airflow/example_dags/example_nested_branch_dag.py took 0.109 seconds
[2026-08-12T05:10:06.489+0000] {processor.py:186} INFO - Started process (PID=4654) to work on /home/airflow/.local/lib/python3.12/site-packages/airflow/example_dags/example_nested_branch_dag.py
[2026-08-12T05:10:06.492+0000] {processor.py:914} INFO - Processing file /home/airflow/.local/lib/python3.12/site-packages/airflow/example_dags/example_nested_branch_dag.py for tasks to queue
[2026-08-12T05:10:06.497+0000] {logging_mixin.py:190} INFO - [2026-08-12T05:10:06.497+0000] {dagbag.py:587} INFO - Filling up the DagBag from /home/airflow/.local/lib/python3.12/site-packages/airflow/example_dags/example_nested_branch_dag.py
[2026-08-12T05:10:06.512+0000] {processor.py:925} INFO - DAG(s) 'example_nested_branch_dag' retrieved from /home/airflow/.local/lib/python3.12/site-packages/airflow/example_dags/example_nested_branch_dag.py
[2026-08-12T05:10:06.542+0000] {logging_mixin.py:190} INFO - [2026-08-12T05:10:06.542+0000] {dag.py:3211} INFO - Sync 1 DAGs
[2026-08-12T05:10:06.571+0000] {logging_mixin.py:190} INFO - [2026-08-12T05:10:06.571+0000] {dag.py:4138} INFO - Setting next_dagrun for example_nested_branch_dag to 2026-08-11 00:00:00+00:00, run_after=2026-08-12 00:00:00+00:00
[2026-08-12T05:10:06.598+0000] {processor.py:208} INFO - Processing /home/airflow/.local/lib/python3.12/site-packages/airflow/example_dags/example_nested_branch_dag.py took 0.115 seconds
[2026-08-12T05:10:36.883+0000] {processor.py:186} INFO - Started process (PID=4717) to work on /home/airflow/.local/lib/python3.12/site-packages/airflow/example_dags/example_nested_branch_dag.py
[2026-08-12T05:10:36.885+0000] {processor.py:914} INFO - Processing file /home/airflow/.local/lib/python3.12/site-packages/airflow/example_dags/example_nested_branch_dag.py for tasks to queue
[2026-08-12T05:10:36.889+0000] {logging_mixin.py:190} INFO - [2026-08-12T05:10:36.888+0000] {dagbag.py:587} INFO - Filling up the DagBag from /home/airflow/.local/lib/python3.12/site-packages/airflow/example_dags/example_nested_branch_dag.py
[2026-08-12T05:10:36.901+0000] {processor.py:925} INFO - DAG(s) 'example_nested_branch_dag' retrieved from /home/airflow/.local/lib/python3.12/site-packages/airflow/example_dags/example_nested_branch_dag.py
[2026-08-12T05:10:36.925+0000] {logging_mixin.py:190} INFO - [2026-08-12T05:10:36.925+0000] {dag.py:3211} INFO - Sync 1 DAGs
[2026-08-12T05:10:36.949+0000] {logging_mixin.py:190} INFO - [2026-08-12T05:10:36.949+0000] {dag.py:4138} INFO - Setting next_dagrun for example_nested_branch_dag to 2026-08-11 00:00:00+00:00, run_after=2026-08-12 00:00:00+00:00
[2026-08-12T05:10:36.973+0000] {processor.py:208} INFO - Processing /home/airflow/.local/lib/python3.12/site-packages/airflow/example_dags/example_nested_branch_dag.py took 0.096 seconds
[2026-08-12T05:11:07.292+0000] {processor.py:186} INFO - Started process (PID=4780) to work on /home/airflow/.local/lib/python3.12/site-packages/airflow/example_dags/example_nested_branch_dag.py
[2026-08-12T05:11:07.294+0000] {processor.py:914} INFO - Processing file /home/airflow/.local/lib/python3.12/site-packages/airflow/example_dags/example_nested_branch_dag.py for tasks to queue
[2026-08-12T05:11:07.298+0000] {logging_mixin.py:190} INFO - [2026-08-12T05:11:07.297+0000] {dagbag.py:587} INFO - Filling up the DagBag from /home/airflow/.local/lib/python3.12/site-packages/airflow/example_dags/example_nested_branch_dag.py
[2026-08-12T05:11:07.311+0000] {processor.py:925} INFO - DAG(s) 'example_nested_branch_dag' retrieved from /home/airflow/.local/lib/python3.12/site-packages/airflow/example_dags/example_nested_branch_dag.py
[2026-08-12T05:11:07.332+0000] {logging_mixin.py:190} INFO - [2026-08-12T05:11:07.332+0000] {dag.py:3211} INFO - Sync 1 DAGs
[2026-08-12T05:11:07.357+0000] {logging_mixin.py:190} INFO - [2026-08-12T05:11:07.357+0000] {dag.py:4138} INFO - Setting next_dagrun for example_nested_branch_dag to 2026-08-11 00:00:00+00:00, run_after=2026-08-12 00:00:00+00:00
[2026-08-12T05:11:07.380+0000] {processor.py:208} INFO - Processing /home/airflow/.local/lib/python3.12/site-packages/airflow/example_dags/example_nested_branch_dag.py took 0.094 seconds
[2026-08-12T05:11:38.192+0000] {processor.py:186} INFO - Started process (PID=4843) to work on /home/airflow/.local/lib/python3.12/site-packages/airflow/example_dags/example_nested_branch_dag.py
[2026-08-12T05:11:38.195+0000] {processor.py:914} INFO - Processing file /home/airflow/.local/lib/python3.12/site-packages/airflow/example_dags/example_nested_branch_dag.py for tasks to queue
[2026-08-12T05:11:38.201+0000] {logging_mixin.py:190} INFO - [2026-08-12T05:11:38.201+0000] {dagbag.py:587} INFO - Filling up the DagBag from /home/airflow/.local/lib/python3.12/site-packages/airflow/example_dags/example_nested_branch_dag.py
[2026-08-12T05:11:38.219+0000] {processor.py:925} INFO - DAG(s) 'example_nested_branch_dag' retrieved from /home/airflow/.local/lib/python3.12/site-packages/airflow/example_dags/example_nested_branch_dag.py
[2026-08-12T05:11:38.248+0000] {logging_mixin.py:190} INFO - [2026-08-12T05:11:38.248+0000] {dag.py:3211} INFO - Sync 1 DAGs
[2026-08-12T05:11:38.276+0000] {logging_mixin.py:190} INFO - [2026-08-12T05:11:38.276+0000] {dag.py:4138} INFO - Setting next_dagrun for example_nested_branch_dag to 2026-08-11 00:00:00+00:00, run_after=2026-08-12 00:00:00+00:00
[2026-08-12T05:11:38.306+0000] {processor.py:208} INFO - Processing /home/airflow/.local/lib/python3.12/site-packages/airflow/example_dags/example_nested_branch_dag.py took 0.123 seconds
[2026-08-12T05:12:08.499+0000] {processor.py:186} INFO - Started process (PID=4906) to work on /home/airflow/.local/lib/python3.12/site-packages/airflow/example_dags/example_nested_branch_dag.py
[2026-08-12T05:12:08.502+0000] {processor.py:914} INFO - Processing file /home/airflow/.local/lib/python3.12/site-packages/airflow/example_dags/example_nested_branch_dag.py for tasks to queue
[2026-08-12T05:12:08.508+0000] {logging_mixin.py:190} INFO - [2026-08-12T05:12:08.508+0000] {dagbag.py:587} INFO - Filling up the DagBag from /home/airflow/.local/lib/python3.12/site-packages/airflow/example_dags/example_nested_branch_dag.py
[2026-08-12T05:12:08.528+0000] {processor.py:925} INFO - DAG(s) 'example_nested_branch_dag' retrieved from /home/airflow/.local/lib/python3.12/site-packages/airflow/example_dags/example_nested_branch_dag.py
[2026-08-12T05:12:08.559+0000] {logging_mixin.py:190} INFO - [2026-08-12T05:12:08.559+0000] {dag.py:3211} INFO - Sync 1 DAGs
[2026-08-12T05:12:08.595+0000] {logging_mixin.py:190} INFO - [2026-08-12T05:12:08.594+0000] {dag.py:4138} INFO - Setting next_dagrun for example_nested_branch_dag to 2026-08-11 00:00:00+00:00, run_after=2026-08-12 00:00:00+00:00
[2026-08-12T05:12:08.628+0000] {processor.py:208} INFO - Processing /home/airflow/.local/lib/python3.12/site-packages/airflow/example_dags/example_nested_branch_dag.py took 0.141 seconds
[2026-08-12T05:12:38.711+0000] {processor.py:186} INFO - Started process (PID=4969) to work on /home/airflow/.local/lib/python3.12/site-packages/airflow/example_dags/example_nested_branch_dag.py
[2026-08-12T05:12:38.713+0000] {processor.py:914} INFO - Processing file /home/airflow/.local/lib/python3.12/site-packages/airflow/example_dags/example_nested_branch_dag.py for tasks to queue
[2026-08-12T05:12:38.717+0000] {logging_mixin.py:190} INFO - [2026-08-12T05:12:38.717+0000] {dagbag.py:587} INFO - Filling up the DagBag from /home/airflow/.local/lib/python3.12/site-packages/airflow/example_dags/example_nested_branch_dag.py
[2026-08-12T05:12:38.733+0000] {processor.py:925} INFO - DAG(s) 'example_nested_branch_dag' retrieved from /home/airflow/.local/lib/python3.12/site-packages/airflow/example_dags/example_nested_branch_dag.py
[2026-08-12T05:12:38.762+0000] {logging_mixin.py:190} INFO - [2026-08-12T05:12:38.762+0000] {dag.py:3211} INFO - Sync 1 DAGs
[2026-08-12T05:12:38.802+0000] {logging_mixin.py:190} INFO - [2026-08-12T05:12:38.801+0000] {dag.py:4138} INFO - Setting next_dagrun for example_nested_branch_dag to 2026-08-11 00:00:00+00:00, run_after=2026-08-12 00:00:00+00:00
[2026-08-12T05:12:38.834+0000] {processor.py:208} INFO - Processing /home/airflow/.local/lib/python3.12/site-packages/airflow/example_dags/example_nested_branch_dag.py took 0.130 seconds
[2026-08-12T05:13:09.042+0000] {processor.py:186} INFO - Started process (PID=5032) to work on /home/airflow/.local/lib/python3.12/site-packages/airflow/example_dags/example_nested_branch_dag.py
[2026-08-12T05:13:09.044+0000] {processor.py:914} INFO - Processing file /home/airflow/.local/lib/python3.12/site-packages/airflow/example_dags/example_nested_branch_dag.py for tasks to queue
[2026-08-12T05:13:09.048+0000] {logging_mixin.py:190} INFO - [2026-08-12T05:13:09.048+0000] {dagbag.py:587} INFO - Filling up the DagBag from /home/airflow/.local/lib/python3.12/site-packages/airflow/example_dags/example_nested_branch_dag.py
[2026-08-12T05:13:09.076+0000] {processor.py:925} INFO - DAG(s) 'example_nested_branch_dag' retrieved from /home/airflow/.local/lib/python3.12/site-packages/airflow/example_dags/example_nested_branch_dag.py
[2026-08-12T05:13:09.105+0000] {logging_mixin.py:190} INFO - [2026-08-12T05:13:09.105+0000] {dag.py:3211} INFO - Sync 1 DAGs
[2026-08-12T05:13:09.134+0000] {logging_mixin.py:190} INFO - [2026-08-12T05:13:09.134+0000] {dag.py:4138} INFO - Setting next_dagrun for example_nested_branch_dag to 2026-08-11 00:00:00+00:00, run_after=2026-08-12 00:00:00+00:00
[2026-08-12T05:13:09.159+0000] {processor.py:208} INFO - Processing /home/airflow/.local/lib/python3.12/site-packages/airflow/example_dags/example_nested_branch_dag.py took 0.124 seconds
[2026-08-12T05:13:39.576+0000] {processor.py:186} INFO - Started process (PID=5095) to work on /home/airflow/.local/lib/python3.12/site-packages/airflow/example_dags/example_nested_branch_dag.py
[2026-08-12T05:13:39.578+0000] {processor.py:914} INFO - Processing file /home/airflow/.local/lib/python3.12/site-packages/airflow/example_dags/example_nested_branch_dag.py for tasks to queue
[2026-08-12T05:13:39.582+0000] {logging_mixin.py:190} INFO - [2026-08-12T05:13:39.581+0000] {dagbag.py:587} INFO - Filling up the DagBag from /home/airflow/.local/lib/python3.12/site-packages/airflow/example_dags/example_nested_branch_dag.py
[2026-08-12T05:13:39.596+0000] {processor.py:925} INFO - DAG(s) 'example_nested_branch_dag' retrieved from /home/airflow/.local/lib/python3.12/site-packages/airflow/example_dags/example_nested_branch_dag.py
[2026-08-12T05:13:39.623+0000] {logging_mixin.py:190} INFO - [2026-08-12T05:13:39.623+0000] {dag.py:3211} INFO - Sync 1 DAGs
[2026-08-12T05:13:39.649+0000] {logging_mixin.py:190} INFO - [2026-08-12T05:13:39.649+0000] {dag.py:4138} INFO - Setting next_dagrun for example_nested_branch_dag to 2026-08-11 00:00:00+00:00, run_after=2026-08-12 00:00:00+00:00
[2026-08-12T05:13:39.675+0000] {processor.py:208} INFO - Processing /home/airflow/.local/lib/python3.12/site-packages/airflow/example_dags/example_nested_branch_dag.py took 0.106 seconds
[2026-08-12T05:14:09.825+0000] {processor.py:186} INFO - Started process (PID=5158) to work on /home/airflow/.local/lib/python3.12/site-packages/airflow/example_dags/example_nested_branch_dag.py
[2026-08-12T05:14:09.828+0000] {processor.py:914} INFO - Processing file /home/airflow/.local/lib/python3.12/site-packages/airflow/example_dags/example_nested_branch_dag.py for tasks to queue
[2026-08-12T05:14:09.835+0000] {logging_mixin.py:190} INFO - [2026-08-12T05:14:09.833+0000] {dagbag.py:587} INFO - Filling up the DagBag from /home/airflow/.local/lib/python3.12/site-packages/airflow/example_dags/example_nested_branch_dag.py
[2026-08-12T05:14:09.852+0000] {processor.py:925} INFO - DAG(s) 'example_nested_branch_dag' retrieved from /home/airflow/.local/lib/python3.12/site-packages/airflow/example_dags/example_nested_branch_dag.py
[2026-08-12T05:14:09.876+0000] {logging_mixin.py:190} INFO - [2026-08-12T05:14:09.876+0000] {dag.py:3211} INFO - Sync 1 DAGs
[2026-08-12T05:14:09.904+0000] {logging_mixin.py:190} INFO - [2026-08-12T05:14:09.904+0000] {dag.py:4138} INFO - Setting next_dagrun for example_nested_branch_dag to 2026-08-11 00:00:00+00:00, run_after=2026-08-12 00:00:00+00:00
[2026-08-12T05:14:09.930+0000] {processor.py:208} INFO - Processing /home/airflow/.local/lib/python3.12/site-packages/airflow/example_dags/example_nested_branch_dag.py took 0.116 seconds
[2026-08-12T05:14:40.031+0000] {processor.py:186} INFO - Started process (PID=5221) to work on /home/airflow/.local/lib/python3.12/site-packages/airflow/example_dags/example_nested_branch_dag.py
[2026-08-12T05:14:40.035+0000] {processor.py:914} INFO - Processing file /home/airflow/.local/lib/python3.12/site-packages/airflow/example_dags/example_nested_branch_dag.py for tasks to queue
[2026-08-12T05:14:40.042+0000] {logging_mixin.py:190} INFO - [2026-08-12T05:14:40.041+0000] {dagbag.py:587} INFO - Filling up the DagBag from /home/airflow/.local/lib/python3.12/site-packages/airflow/example_dags/example_nested_branch_dag.py
[2026-08-12T05:14:40.065+0000] {processor.py:925} INFO - DAG(s) 'example_nested_branch_dag' retrieved from /home/airflow/.local/lib/python3.12/site-packages/airflow/example_dags/example_nested_branch_dag.py
[2026-08-12T05:14:40.104+0000] {logging_mixin.py:190} INFO - [2026-08-12T05:14:40.104+0000] {dag.py:3211} INFO - Sync 1 DAGs
[2026-08-12T05:14:40.146+0000] {logging_mixin.py:190} INFO - [2026-08-12T05:14:40.145+0000] {dag.py:4138} INFO - Setting next_dagrun for example_nested_branch_dag to 2026-08-11 00:00:00+00:00, run_after=2026-08-12 00:00:00+00:00
[2026-08-12T05:14:40.196+0000] {processor.py:208} INFO - Processing /home/airflow/.local/lib/python3.12/site-packages/airflow/example_dags/example_nested_branch_dag.py took 0.175 seconds
[2026-08-12T05:15:10.497+0000] {processor.py:186} INFO - Started process (PID=5284) to work on /home/airflow/.local/lib/python3.12/site-packages/airflow/example_dags/example_nested_branch_dag.py
[2026-08-12T05:15:10.499+0000] {processor.py:914} INFO - Processing file /home/airflow/.local/lib/python3.12/site-packages/airflow/example_dags/example_nested_branch_dag.py for tasks to queue
[2026-08-12T05:15:10.503+0000] {logging_mixin.py:190} INFO - [2026-08-12T05:15:10.502+0000] {dagbag.py:587} INFO - Filling up the DagBag from /home/airflow/.local/lib/python3.12/site-packages/airflow/example_dags/example_nested_branch_dag.py
[2026-08-12T05:15:10.516+0000] {processor.py:925} INFO - DAG(s) 'example_nested_branch_dag' retrieved from /home/airflow/.local/lib/python3.12/site-packages/airflow/example_dags/example_nested_branch_dag.py
[2026-08-12T05:15:10.538+0000] {logging_mixin.py:190} INFO - [2026-08-12T05:15:10.538+0000] {dag.py:3211} INFO - Sync 1 DAGs
[2026-08-12T05:15:10.562+0000] {logging_mixin.py:190} INFO - [2026-08-12T05:15:10.562+0000] {dag.py:4138} INFO - Setting next_dagrun for example_nested_branch_dag to 2026-08-11 00:00:00+00:00, run_after=2026-08-12 00:00:00+00:00
[2026-08-12T05:15:10.588+0000] {processor.py:208} INFO - Processing /home/airflow/.local/lib/python3.12/site-packages/airflow/example_dags/example_nested_branch_dag.py took 0.098 seconds
[2026-08-12T05:15:41.183+0000] {processor.py:186} INFO - Started process (PID=5346) to work on /home/airflow/.local/lib/python3.12/site-packages/airflow/example_dags/example_nested_branch_dag.py
[2026-08-12T05:15:41.186+0000] {processor.py:914} INFO - Processing file /home/airflow/.local/lib/python3.12/site-packages/airflow/example_dags/example_nested_branch_dag.py for tasks to queue
[2026-08-12T05:15:41.192+0000] {logging_mixin.py:190} INFO - [2026-08-12T05:15:41.191+0000] {dagbag.py:587} INFO - Filling up the DagBag from /home/airflow/.local/lib/python3.12/site-packages/airflow/example_dags/example_nested_branch_dag.py
[2026-08-12T05:15:41.214+0000] {processor.py:925} INFO - DAG(s) 'example_nested_branch_dag' retrieved from /home/airflow/.local/lib/python3.12/site-packages/airflow/example_dags/example_nested_branch_dag.py
[2026-08-12T05:15:41.253+0000] {logging_mixin.py:190} INFO - [2026-08-12T05:15:41.253+0000] {dag.py:3211} INFO - Sync 1 DAGs
[2026-08-12T05:15:41.306+0000] {logging_mixin.py:190} INFO - [2026-08-12T05:15:41.306+0000] {dag.py:4138} INFO - Setting next_dagrun for example_nested_branch_dag to 2026-08-11 00:00:00+00:00, run_after=2026-08-12 00:00:00+00:00
[2026-08-12T05:15:41.355+0000] {processor.py:208} INFO - Processing /home/airflow/.local/lib/python3.12/site-packages/airflow/example_dags/example_nested_branch_dag.py took 0.184 seconds
[2026-08-12T05:16:11.608+0000] {processor.py:186} INFO - Started process (PID=5409) to work on /home/airflow/.local/lib/python3.12/site-packages/airflow/example_dags/example_nested_branch_dag.py
[2026-08-12T05:16:11.612+0000] {processor.py:914} INFO - Processing file /home/airflow/.local/lib/python3.12/site-packages/airflow/example_dags/example_nested_branch_dag.py for tasks to queue
[2026-08-12T05:16:11.617+0000] {logging_mixin.py:190} INFO - [2026-08-12T05:16:11.617+0000] {dagbag.py:587} INFO - Filling up the DagBag from /home/airflow/.local/lib/python3.12/site-packages/airflow/example_dags/example_nested_branch_dag.py
[2026-08-12T05:16:11.637+0000] {processor.py:925} INFO - DAG(s) 'example_nested_branch_dag' retrieved from /home/airflow/.local/lib/python3.12/site-packages/airflow/example_dags/example_nested_branch_dag.py
[2026-08-12T05:16:11.668+0000] {logging_mixin.py:190} INFO - [2026-08-12T05:16:11.668+0000] {dag.py:3211} INFO - Sync 1 DAGs
[2026-08-12T05:16:11.694+0000] {logging_mixin.py:190} INFO - [2026-08-12T05:16:11.694+0000] {dag.py:4138} INFO - Setting next_dagrun for example_nested_branch_dag to 2026-08-11 00:00:00+00:00, run_after=2026-08-12 00:00:00+00:00
[2026-08-12T05:16:11.729+0000] {processor.py:208} INFO - Processing /home/airflow/.local/lib/python3.12/site-packages/airflow/example_dags/example_nested_branch_dag.py took 0.130 seconds
[2026-08-12T05:16:41.867+0000] {processor.py:186} INFO - Started process (PID=5472) to work on /home/airflow/.local/lib/python3.12/site-packages/airflow/example_dags/example_nested_branch_dag.py
[2026-08-12T05:16:41.869+0000] {processor.py:914} INFO - Processing file /home/airflow/.local/lib/python3.12/site-packages/airflow/example_dags/example_nested_branch_dag.py for tasks to queue
[2026-08-12T05:16:41.873+0000] {logging_mixin.py:190} INFO - [2026-08-12T05:16:41.872+0000] {dagbag.py:587} INFO - Filling up the DagBag from /home/airflow/.local/lib/python3.12/site-packages/airflow/example_dags/example_nested_branch_dag.py
[2026-08-12T05:16:41.888+0000] {processor.py:925} INFO - DAG(s) 'example_nested_branch_dag' retrieved from /home/airflow/.local/lib/python3.12/site-packages/airflow/example_dags/example_nested_branch_dag.py
[2026-08-12T05:16:41.916+0000] {logging_mixin.py:190} INFO - [2026-08-12T05:16:41.916+0000] {dag.py:3211} INFO - Sync 1 DAGs
[2026-08-12T05:16:41.942+0000] {logging_mixin.py:190} INFO - [2026-08-12T05:16:41.942+0000] {dag.py:4138} INFO - Setting next_dagrun for example_nested_branch_dag to 2026-08-11 00:00:00+00:00, run_after=2026-08-12 00:00:00+00:00
[2026-08-12T05:16:41.968+0000] {processor.py:208} INFO - Processing /home/airflow/.local/lib/python3.12/site-packages/airflow/example_dags/example_nested_branch_dag.py took 0.107 seconds
[2026-08-12T05:17:12.498+0000] {processor.py:186} INFO - Started process (PID=5535) to work on /home/airflow/.local/lib/python3.12/site-packages/airflow/example_dags/example_nested_branch_dag.py
[2026-08-12T05:17:12.500+0000] {processor.py:914} INFO - Processing file /home/airflow/.local/lib/python3.12/site-packages/airflow/example_dags/example_nested_branch_dag.py for tasks to queue
[2026-08-12T05:17:12.504+0000] {logging_mixin.py:190} INFO - [2026-08-12T05:17:12.503+0000] {dagbag.py:587} INFO - Filling up the DagBag from /home/airflow/.local/lib/python3.12/site-packages/airflow/example_dags/example_nested_branch_dag.py
[2026-08-12T05:17:12.519+0000] {processor.py:925} INFO - DAG(s) 'example_nested_branch_dag' retrieved from /home/airflow/.local/lib/python3.12/site-packages/airflow/example_dags/example_nested_branch_dag.py
[2026-08-12T05:17:12.547+0000] {logging_mixin.py:190} INFO - [2026-08-12T05:17:12.546+0000] {dag.py:3211} INFO - Sync 1 DAGs
[2026-08-12T05:17:12.575+0000] {logging_mixin.py:190} INFO - [2026-08-12T05:17:12.574+0000] {dag.py:4138} INFO - Setting next_dagrun for example_nested_branch_dag to 2026-08-11 00:00:00+00:00, run_after=2026-08-12 00:00:00+00:00
[2026-08-12T05:17:12.599+0000] {processor.py:208} INFO - Processing /home/airflow/.local/lib/python3.12/site-packages/airflow/example_dags/example_nested_branch_dag.py took 0.108 seconds
[2026-08-12T05:17:43.112+0000] {processor.py:186} INFO - Started process (PID=5599) to work on /home/airflow/.local/lib/python3.12/site-packages/airflow/example_dags/example_nested_branch_dag.py
[2026-08-12T05:17:43.115+0000] {processor.py:914} INFO - Processing file /home/airflow/.local/lib/python3.12/site-packages/airflow/example_dags/example_nested_branch_dag.py for tasks to queue
[2026-08-12T05:17:43.119+0000] {logging_mixin.py:190} INFO - [2026-08-12T05:17:43.118+0000] {dagbag.py:587} INFO - Filling up the DagBag from /home/airflow/.local/lib/python3.12/site-packages/airflow/example_dags/example_nested_branch_dag.py
[2026-08-12T05:17:43.132+0000] {processor.py:925} INFO - DAG(s) 'example_nested_branch_dag' retrieved from /home/airflow/.local/lib/python3.12/site-packages/airflow/example_dags/example_nested_branch_dag.py
[2026-08-12T05:17:43.157+0000] {logging_mixin.py:190} INFO - [2026-08-12T05:17:43.157+0000] {dag.py:3211} INFO - Sync 1 DAGs
[2026-08-12T05:17:43.182+0000] {logging_mixin.py:190} INFO - [2026-08-12T05:17:43.182+0000] {dag.py:4138} INFO - Setting next_dagrun for example_nested_branch_dag to 2026-08-11 00:00:00+00:00, run_after=2026-08-12 00:00:00+00:00
[2026-08-12T05:17:43.204+0000] {processor.py:208} INFO - Processing /home/airflow/.local/lib/python3.12/site-packages/airflow/example_dags/example_nested_branch_dag.py took 0.098 seconds
[2026-08-12T05:18:13.659+0000] {processor.py:186} INFO - Started process (PID=5662) to work on /home/airflow/.local/lib/python3.12/site-packages/airflow/example_dags/example_nested_branch_dag.py
[2026-08-12T05:18:13.661+0000] {processor.py:914} INFO - Processing file /home/airflow/.local/lib/python3.12/site-packages/airflow/example_dags/example_nested_branch_dag.py for tasks to queue
[2026-08-12T05:18:13.666+0000] {logging_mixin.py:190} INFO - [2026-08-12T05:18:13.666+0000] {dagbag.py:587} INFO - Filling up the DagBag from /home/airflow/.local/lib/python3.12/site-packages/airflow/example_dags/example_nested_branch_dag.py
[2026-08-12T05:18:13.681+0000] {processor.py:925} INFO - DAG(s) 'example_nested_branch_dag' retrieved from /home/airflow/.local/lib/python3.12/site-packages/airflow/example_dags/example_nested_branch_dag.py
[2026-08-12T05:18:13.705+0000] {logging_mixin.py:190} INFO - [2026-08-12T05:18:13.704+0000] {dag.py:3211} INFO - Sync 1 DAGs
[2026-08-12T05:18:13.733+0000] {logging_mixin.py:190} INFO - [2026-08-12T05:18:13.733+0000] {dag.py:4138} INFO - Setting next_dagrun for example_nested_branch_dag to 2026-08-11 00:00:00+00:00, run_after=2026-08-12 00:00:00+00:00
[2026-08-12T05:18:13.755+0000] {processor.py:208} INFO - Processing /home/airflow/.local/lib/python3.12/site-packages/airflow/example_dags/example_nested_branch_dag.py took 0.103 seconds
[2026-08-12T05:18:44.041+0000] {processor.py:186} INFO - Started process (PID=5725) to work on /home/airflow/.local/lib/python3.12/site-packages/airflow/example_dags/example_nested_branch_dag.py
[2026-08-12T05:18:44.043+0000] {processor.py:914} INFO - Processing file /home/airflow/.local/lib/python3.12/site-packages/airflow/example_dags/example_nested_branch_dag.py for tasks to queue
[2026-08-12T05:18:44.047+0000] {logging_mixin.py:190} INFO - [2026-08-12T05:18:44.047+0000] {dagbag.py:587} INFO - Filling up the DagBag from /home/airflow/.local/lib/python3.12/site-packages/airflow/example_dags/example_nested_branch_dag.py
[2026-08-12T05:18:44.065+0000] {processor.py:925} INFO - DAG(s) 'example_nested_branch_dag' retrieved from /home/airflow/.local/lib/python3.12/site-packages/airflow/example_dags/example_nested_branch_dag.py
[2026-08-12T05:18:44.092+0000] {logging_mixin.py:190} INFO - [2026-08-12T05:18:44.092+0000] {dag.py:3211} INFO - Sync 1 DAGs
[2026-08-12T05:18:44.120+0000] {logging_mixin.py:190} INFO - [2026-08-12T05:18:44.120+0000] {dag.py:4138} INFO - Setting next_dagrun for example_nested_branch_dag to 2026-08-11 00:00:00+00:00, run_after=2026-08-12 00:00:00+00:00
[2026-08-12T05:18:44.151+0000] {processor.py:208} INFO - Processing /home/airflow/.local/lib/python3.12/site-packages/airflow/example_dags/example_nested_branch_dag.py took 0.117 seconds
[2026-08-12T05:19:14.383+0000] {processor.py:186} INFO - Started process (PID=5788) to work on /home/airflow/.local/lib/python3.12/site-packages/airflow/example_dags/example_nested_branch_dag.py
[2026-08-12T05:19:14.385+0000] {processor.py:914} INFO - Processing file /home/airflow/.local/lib/python3.12/site-packages/airflow/example_dags/example_nested_branch_dag.py for tasks to queue
[2026-08-12T05:19:14.389+0000] {logging_mixin.py:190} INFO - [2026-08-12T05:19:14.388+0000] {dagbag.py:587} INFO - Filling up the DagBag from /home/airflow/.local/lib/python3.12/site-packages/airflow/example_dags/example_nested_branch_dag.py
[2026-08-12T05:19:14.402+0000] {processor.py:925} INFO - DAG(s) 'example_nested_branch_dag' retrieved from /home/airflow/.local/lib/python3.12/site-packages/airflow/example_dags/example_nested_branch_dag.py
[2026-08-12T05:19:14.427+0000] {logging_mixin.py:190} INFO - [2026-08-12T05:19:14.426+0000] {dag.py:3211} INFO - Sync 1 DAGs
[2026-08-12T05:19:14.451+0000] {logging_mixin.py:190} INFO - [2026-08-12T05:19:14.451+0000] {dag.py:4138} INFO - Setting next_dagrun for example_nested_branch_dag to 2026-08-11 00:00:00+00:00, run_after=2026-08-12 00:00:00+00:00
[2026-08-12T05:19:14.473+0000] {processor.py:208} INFO - Processing /home/airflow/.local/lib/python3.12/site-packages/airflow/example_dags/example_nested_branch_dag.py took 0.096 seconds
[2026-08-12T05:19:45.561+0000] {processor.py:186} INFO - Started process (PID=5851) to work on /home/airflow/.local/lib/python3.12/site-packages/airflow/example_dags/example_nested_branch_dag.py
[2026-08-12T05:19:45.564+0000] {processor.py:914} INFO - Processing file /home/airflow/.local/lib/python3.12/site-packages/airflow/example_dags/example_nested_branch_dag.py for tasks to queue
[2026-08-12T05:19:45.569+0000] {logging_mixin.py:190} INFO - [2026-08-12T05:19:45.569+0000] {dagbag.py:587} INFO - Filling up the DagBag from /home/airflow/.local/lib/python3.12/site-packages/airflow/example_dags/example_nested_branch_dag.py
[2026-08-12T05:19:45.587+0000] {processor.py:925} INFO - DAG(s) 'example_nested_branch_dag' retrieved from /home/airflow/.local/lib/python3.12/site-packages/airflow/example_dags/example_nested_branch_dag.py
[2026-08-12T05:19:45.614+0000] {logging_mixin.py:190} INFO - [2026-08-12T05:19:45.614+0000] {dag.py:3211} INFO - Sync 1 DAGs
[2026-08-12T05:19:45.642+0000] {logging_mixin.py:190} INFO - [2026-08-12T05:19:45.642+0000] {dag.py:4138} INFO - Setting next_dagrun for example_nested_branch_dag to 2026-08-11 00:00:00+00:00, run_after=2026-08-12 00:00:00+00:00
[2026-08-12T05:19:45.674+0000] {processor.py:208} INFO - Processing /home/airflow/.local/lib/python3.12/site-packages/airflow/example_dags/example_nested_branch_dag.py took 0.121 seconds
[2026-08-12T05:20:16.226+0000] {processor.py:186} INFO - Started process (PID=5914) to work on /home/airflow/.local/lib/python3.12/site-packages/airflow/example_dags/example_nested_branch_dag.py
[2026-08-12T05:20:16.228+0000] {processor.py:914} INFO - Processing file /home/airflow/.local/lib/python3.12/site-packages/airflow/example_dags/example_nested_branch_dag.py for tasks to queue
[2026-08-12T05:20:16.232+0000] {logging_mixin.py:190} INFO - [2026-08-12T05:20:16.232+0000] {dagbag.py:587} INFO - Filling up the DagBag from /home/airflow/.local/lib/python3.12/site-packages/airflow/example_dags/example_nested_branch_dag.py
[2026-08-12T05:20:16.246+0000] {processor.py:925} INFO - DAG(s) 'example_nested_branch_dag' retrieved from /home/airflow/.local/lib/python3.12/site-packages/airflow/example_dags/example_nested_branch_dag.py
[2026-08-12T05:20:16.273+0000] {logging_mixin.py:190} INFO - [2026-08-12T05:20:16.272+0000] {dag.py:3211} INFO - Sync 1 DAGs
[2026-08-12T05:20:16.300+0000] {logging_mixin.py:190} INFO - [2026-08-12T05:20:16.300+0000] {dag.py:4138} INFO - Setting next_dagrun for example_nested_branch_dag to 2026-08-11 00:00:00+00:00, run_after=2026-08-12 00:00:00+00:00
[2026-08-12T05:20:16.330+0000] {processor.py:208} INFO - Processing /home/airflow/.local/lib/python3.12/site-packages/airflow/example_dags/example_nested_branch_dag.py took 0.111 seconds
[2026-08-12T05:20:47.217+0000] {processor.py:186} INFO - Started process (PID=5977) to work on /home/airflow/.local/lib/python3.12/site-packages/airflow/example_dags/example_nested_branch_dag.py
[2026-08-12T05:20:47.220+0000] {processor.py:914} INFO - Processing file /home/airflow/.local/lib/python3.12/site-packages/airflow/example_dags/example_nested_branch_dag.py for tasks to queue
[2026-08-12T05:20:47.225+0000] {logging_mixin.py:190} INFO - [2026-08-12T05:20:47.225+0000] {dagbag.py:587} INFO - Filling up the DagBag from /home/airflow/.local/lib/python3.12/site-packages/airflow/example_dags/example_nested_branch_dag.py
[2026-08-12T05:20:47.243+0000] {processor.py:925} INFO - DAG(s) 'example_nested_branch_dag' retrieved from /home/airflow/.local/lib/python3.12/site-packages/airflow/example_dags/example_nested_branch_dag.py
[2026-08-12T05:20:47.273+0000] {logging_mixin.py:190} INFO - [2026-08-12T05:20:47.272+0000] {dag.py:3211} INFO - Sync 1 DAGs
[2026-08-12T05:20:47.305+0000] {logging_mixin.py:190} INFO - [2026-08-12T05:20:47.304+0000] {dag.py:4138} INFO - Setting next_dagrun for example_nested_branch_dag to 2026-08-11 00:00:00+00:00, run_after=2026-08-12 00:00:00+00:00
[2026-08-12T05:20:47.333+0000] {processor.py:208} INFO - Processing /home/airflow/.local/lib/python3.12/site-packages/airflow/example_dags/example_nested_branch_dag.py took 0.128 seconds
[2026-08-12T05:21:17.762+0000] {processor.py:186} INFO - Started process (PID=6040) to work on /home/airflow/.local/lib/python3.12/site-packages/airflow/example_dags/example_nested_branch_dag.py
[2026-08-12T05:21:17.765+0000] {processor.py:914} INFO - Processing file /home/airflow/.local/lib/python3.12/site-packages/airflow/example_dags/example_nested_branch_dag.py for tasks to queue
[2026-08-12T05:21:17.769+0000] {logging_mixin.py:190} INFO - [2026-08-12T05:21:17.768+0000] {dagbag.py:587} INFO - Filling up the DagBag from /home/airflow/.local/lib/python3.12/site-packages/airflow/example_dags/example_nested_branch_dag.py
[2026-08-12T05:21:17.783+0000] {processor.py:925} INFO - DAG(s) 'example_nested_branch_dag' retrieved from /home/airflow/.local/lib/python3.12/site-packages/airflow/example_dags/example_nested_branch_dag.py
[2026-08-12T05:21:17.806+0000] {logging_mixin.py:190} INFO - [2026-08-12T05:21:17.806+0000] {dag.py:3211} INFO - Sync 1 DAGs
[2026-08-12T05:21:17.834+0000] {logging_mixin.py:190} INFO - [2026-08-12T05:21:17.833+0000] {dag.py:4138} INFO - Setting next_dagrun for example_nested_branch_dag to 2026-08-11 00:00:00+00:00, run_after=2026-08-12 00:00:00+00:00
[2026-08-12T05:21:17.855+0000] {processor.py:208} INFO - Processing /home/airflow/.local/lib/python3.12/site-packages/airflow/example_dags/example_nested_branch_dag.py took 0.099 seconds
[2026-08-12T05:21:48.453+0000] {processor.py:186} INFO - Started process (PID=6103) to work on /home/airflow/.local/lib/python3.12/site-packages/airflow/example_dags/example_nested_branch_dag.py
[2026-08-12T05:21:48.456+0000] {processor.py:914} INFO - Processing file /home/airflow/.local/lib/python3.12/site-packages/airflow/example_dags/example_nested_branch_dag.py for tasks to queue
[2026-08-12T05:21:48.462+0000] {logging_mixin.py:190} INFO - [2026-08-12T05:21:48.462+0000] {dagbag.py:587} INFO - Filling up the DagBag from /home/airflow/.local/lib/python3.12/site-packages/airflow/example_dags/example_nested_branch_dag.py
[2026-08-12T05:21:48.476+0000] {processor.py:925} INFO - DAG(s) 'example_nested_branch_dag' retrieved from /home/airflow/.local/lib/python3.12/site-packages/airflow/example_dags/example_nested_branch_dag.py
[2026-08-12T05:21:48.500+0000] {logging_mixin.py:190} INFO - [2026-08-12T05:21:48.499+0000] {dag.py:3211} INFO - Sync 1 DAGs
[2026-08-12T05:21:48.525+0000] {logging_mixin.py:190} INFO - [2026-08-12T05:21:48.525+0000] {dag.py:4138} INFO - Setting next_dagrun for example_nested_branch_dag to 2026-08-11 00:00:00+00:00, run_after=2026-08-12 00:00:00+00:00
[2026-08-12T05:21:48.552+0000] {processor.py:208} INFO - Processing /home/airflow/.local/lib/python3.12/site-packages/airflow/example_dags/example_nested_branch_dag.py took 0.107 seconds
[2026-08-12T05:22:18.978+0000] {processor.py:186} INFO - Started process (PID=6166) to work on /home/airflow/.local/lib/python3.12/site-packages/airflow/example_dags/example_nested_branch_dag.py
[2026-08-12T05:22:18.981+0000] {processor.py:914} INFO - Processing file /home/airflow/.local/lib/python3.12/site-packages/airflow/example_dags/example_nested_branch_dag.py for tasks to queue
[2026-08-12T05:22:18.985+0000] {logging_mixin.py:190} INFO - [2026-08-12T05:22:18.985+0000] {dagbag.py:587} INFO - Filling up the DagBag from /home/airflow/.local/lib/python3.12/site-packages/airflow/example_dags/example_nested_branch_dag.py
[2026-08-12T05:22:19.000+0000] {processor.py:925} INFO - DAG(s) 'example_nested_branch_dag' retrieved from /home/airflow/.local/lib/python3.12/site-packages/airflow/example_dags/example_nested_branch_dag.py
[2026-08-12T05:22:19.025+0000] {logging_mixin.py:190} INFO - [2026-08-12T05:22:19.025+0000] {dag.py:3211} INFO - Sync 1 DAGs
[2026-08-12T05:22:19.071+0000] {logging_mixin.py:190} INFO - [2026-08-12T05:22:19.070+0000] {dag.py:4138} INFO - Setting next_dagrun for example_nested_branch_dag to 2026-08-11 00:00:00+00:00, run_after=2026-08-12 00:00:00+00:00
[2026-08-12T05:22:19.097+0000] {processor.py:208} INFO - Processing /home/airflow/.local/lib/python3.12/site-packages/airflow/example_dags/example_nested_branch_dag.py took 0.128 seconds
[2026-08-12T05:22:49.648+0000] {processor.py:186} INFO - Started process (PID=6229) to work on /home/airflow/.local/lib/python3.12/site-packages/airflow/example_dags/example_nested_branch_dag.py
[2026-08-12T05:22:49.650+0000] {processor.py:914} INFO - Processing file /home/airflow/.local/lib/python3.12/site-packages/airflow/example_dags/example_nested_branch_dag.py for tasks to queue
[2026-08-12T05:22:49.654+0000] {logging_mixin.py:190} INFO - [2026-08-12T05:22:49.654+0000] {dagbag.py:587} INFO - Filling up the DagBag from /home/airflow/.local/lib/python3.12/site-packages/airflow/example_dags/example_nested_branch_dag.py
[2026-08-12T05:22:49.669+0000] {processor.py:925} INFO - DAG(s) 'example_nested_branch_dag' retrieved from /home/airflow/.local/lib/python3.12/site-packages/airflow/example_dags/example_nested_branch_dag.py
[2026-08-12T05:22:49.698+0000] {logging_mixin.py:190} INFO - [2026-08-12T05:22:49.698+0000] {dag.py:3211} INFO - Sync 1 DAGs
[2026-08-12T05:22:49.731+0000] {logging_mixin.py:190} INFO - [2026-08-12T05:22:49.730+0000] {dag.py:4138} INFO - Setting next_dagrun for example_nested_branch_dag to 2026-08-11 00:00:00+00:00, run_after=2026-08-12 00:00:00+00:00
[2026-08-12T05:22:49.756+0000] {processor.py:208} INFO - Processing /home/airflow/.local/lib/python3.12/site-packages/airflow/example_dags/example_nested_branch_dag.py took 0.116 seconds
[2026-08-12T05:23:20.351+0000] {processor.py:186} INFO - Started process (PID=6292) to work on /home/airflow/.local/lib/python3.12/site-packages/airflow/example_dags/example_nested_branch_dag.py
[2026-08-12T05:23:20.353+0000] {processor.py:914} INFO - Processing file /home/airflow/.local/lib/python3.12/site-packages/airflow/example_dags/example_nested_branch_dag.py for tasks to queue
[2026-08-12T05:23:20.358+0000] {logging_mixin.py:190} INFO - [2026-08-12T05:23:20.358+0000] {dagbag.py:587} INFO - Filling up the DagBag from /home/airflow/.local/lib/python3.12/site-packages/airflow/example_dags/example_nested_branch_dag.py
[2026-08-12T05:23:20.371+0000] {processor.py:925} INFO - DAG(s) 'example_nested_branch_dag' retrieved from /home/airflow/.local/lib/python3.12/site-packages/airflow/example_dags/example_nested_branch_dag.py
[2026-08-12T05:23:20.401+0000] {logging_mixin.py:190} INFO - [2026-08-12T05:23:20.400+0000] {dag.py:3211} INFO - Sync 1 DAGs
[2026-08-12T05:23:20.430+0000] {logging_mixin.py:190} INFO - [2026-08-12T05:23:20.430+0000] {dag.py:4138} INFO - Setting next_dagrun for example_nested_branch_dag to 2026-08-11 00:00:00+00:00, run_after=2026-08-12 00:00:00+00:00
[2026-08-12T05:23:20.455+0000] {processor.py:208} INFO - Processing /home/airflow/.local/lib/python3.12/site-packages/airflow/example_dags/example_nested_branch_dag.py took 0.111 seconds
[2026-08-12T05:23:50.922+0000] {processor.py:186} INFO - Started process (PID=6355) to work on /home/airflow/.local/lib/python3.12/site-packages/airflow/example_dags/example_nested_branch_dag.py
[2026-08-12T05:23:50.925+0000] {processor.py:914} INFO - Processing file /home/airflow/.local/lib/python3.12/site-packages/airflow/example_dags/example_nested_branch_dag.py for tasks to queue
[2026-08-12T05:23:50.931+0000] {logging_mixin.py:190} INFO - [2026-08-12T05:23:50.931+0000] {dagbag.py:587} INFO - Filling up the DagBag from /home/airflow/.local/lib/python3.12/site-packages/airflow/example_dags/example_nested_branch_dag.py
[2026-08-12T05:23:50.948+0000] {processor.py:925} INFO - DAG(s) 'example_nested_branch_dag' retrieved from /home/airflow/.local/lib/python3.12/site-packages/airflow/example_dags/example_nested_branch_dag.py
[2026-08-12T05:23:50.974+0000] {logging_mixin.py:190} INFO - [2026-08-12T05:23:50.974+0000] {dag.py:3211} INFO - Sync 1 DAGs
[2026-08-12T05:23:51.005+0000] {logging_mixin.py:190} INFO - [2026-08-12T05:23:51.004+0000] {dag.py:4138} INFO - Setting next_dagrun for example_nested_branch_dag to 2026-08-11 00:00:00+00:00, run_after=2026-08-12 00:00:00+00:00
[2026-08-12T05:23:51.032+0000] {processor.py:208} INFO - Processing /home/airflow/.local/lib/python3.12/site-packages/airflow/example_dags/example_nested_branch_dag.py took 0.118 seconds
[2026-08-12T05:24:21.854+0000] {processor.py:186} INFO - Started process (PID=6418) to work on /home/airflow/.local/lib/python3.12/site-packages/airflow/example_dags/example_nested_branch_dag.py
[2026-08-12T05:24:21.857+0000] {processor.py:914} INFO - Processing file /home/airflow/.local/lib/python3.12/site-packages/airflow/example_dags/example_nested_branch_dag.py for tasks to queue
[2026-08-12T05:24:21.861+0000] {logging_mixin.py:190} INFO - [2026-08-12T05:24:21.860+0000] {dagbag.py:587} INFO - Filling up the DagBag from /home/airflow/.local/lib/python3.12/site-packages/airflow/example_dags/example_nested_branch_dag.py
[2026-08-12T05:24:21.876+0000] {processor.py:925} INFO - DAG(s) 'example_nested_branch_dag' retrieved from /home/airflow/.local/lib/python3.12/site-packages/airflow/example_dags/example_nested_branch_dag.py
[2026-08-12T05:24:21.907+0000] {logging_mixin.py:190} INFO - [2026-08-12T05:24:21.906+0000] {dag.py:3211} INFO - Sync 1 DAGs
[2026-08-12T05:24:21.937+0000] {logging_mixin.py:190} INFO - [2026-08-12T05:24:21.937+0000] {dag.py:4138} INFO - Setting next_dagrun for example_nested_branch_dag to 2026-08-11 00:00:00+00:00, run_after=2026-08-12 00:00:00+00:00
[2026-08-12T05:24:21.965+0000] {processor.py:208} INFO - Processing /home/airflow/.local/lib/python3.12/site-packages/airflow/example_dags/example_nested_branch_dag.py took 0.117 seconds
[2026-08-12T05:24:52.365+0000] {processor.py:186} INFO - Started process (PID=6482) to work on /home/airflow/.local/lib/python3.12/site-packages/airflow/example_dags/example_nested_branch_dag.py
[2026-08-12T05:24:52.367+0000] {processor.py:914} INFO - Processing file /home/airflow/.local/lib/python3.12/site-packages/airflow/example_dags/example_nested_branch_dag.py for tasks to queue
[2026-08-12T05:24:52.371+0000] {logging_mixin.py:190} INFO - [2026-08-12T05:24:52.371+0000] {dagbag.py:587} INFO - Filling up the DagBag from /home/airflow/.local/lib/python3.12/site-packages/airflow/example_dags/example_nested_branch_dag.py
[2026-08-12T05:24:52.395+0000] {processor.py:925} INFO - DAG(s) 'example_nested_branch_dag' retrieved from /home/airflow/.local/lib/python3.12/site-packages/airflow/example_dags/example_nested_branch_dag.py
[2026-08-12T05:24:52.430+0000] {logging_mixin.py:190} INFO - [2026-08-12T05:24:52.430+0000] {dag.py:3211} INFO - Sync 1 DAGs
[2026-08-12T05:24:52.462+0000] {logging_mixin.py:190} INFO - [2026-08-12T05:24:52.461+0000] {dag.py:4138} INFO - Setting next_dagrun for example_nested_branch_dag to 2026-08-11 00:00:00+00:00, run_after=2026-08-12 00:00:00+00:00
[2026-08-12T05:24:52.493+0000] {processor.py:208} INFO - Processing /home/airflow/.local/lib/python3.12/site-packages/airflow/example_dags/example_nested_branch_dag.py took 0.136 seconds
[2026-08-12T05:25:22.862+0000] {processor.py:186} INFO - Started process (PID=6545) to work on /home/airflow/.local/lib/python3.12/site-packages/airflow/example_dags/example_nested_branch_dag.py
[2026-08-12T05:25:22.865+0000] {processor.py:914} INFO - Processing file /home/airflow/.local/lib/python3.12/site-packages/airflow/example_dags/example_nested_branch_dag.py for tasks to queue
[2026-08-12T05:25:22.869+0000] {logging_mixin.py:190} INFO - [2026-08-12T05:25:22.869+0000] {dagbag.py:587} INFO - Filling up the DagBag from /home/airflow/.local/lib/python3.12/site-packages/airflow/example_dags/example_nested_branch_dag.py
[2026-08-12T05:25:22.887+0000] {processor.py:925} INFO - DAG(s) 'example_nested_branch_dag' retrieved from /home/airflow/.local/lib/python3.12/site-packages/airflow/example_dags/example_nested_branch_dag.py
[2026-08-12T05:25:22.922+0000] {logging_mixin.py:190} INFO - [2026-08-12T05:25:22.922+0000] {dag.py:3211} INFO - Sync 1 DAGs
[2026-08-12T05:25:22.958+0000] {logging_mixin.py:190} INFO - [2026-08-12T05:25:22.957+0000] {dag.py:4138} INFO - Setting next_dagrun for example_nested_branch_dag to 2026-08-11 00:00:00+00:00, run_after=2026-08-12 00:00:00+00:00
[2026-08-12T05:25:22.986+0000] {processor.py:208} INFO - Processing /home/airflow/.local/lib/python3.12/site-packages/airflow/example_dags/example_nested_branch_dag.py took 0.132 seconds
[2026-08-12T05:25:53.495+0000] {processor.py:186} INFO - Started process (PID=6608) to work on /home/airflow/.local/lib/python3.12/site-packages/airflow/example_dags/example_nested_branch_dag.py
[2026-08-12T05:25:53.497+0000] {processor.py:914} INFO - Processing file /home/airflow/.local/lib/python3.12/site-packages/airflow/example_dags/example_nested_branch_dag.py for tasks to queue
[2026-08-12T05:25:53.502+0000] {logging_mixin.py:190} INFO - [2026-08-12T05:25:53.501+0000] {dagbag.py:587} INFO - Filling up the DagBag from /home/airflow/.local/lib/python3.12/site-packages/airflow/example_dags/example_nested_branch_dag.py
[2026-08-12T05:25:53.515+0000] {processor.py:925} INFO - DAG(s) 'example_nested_branch_dag' retrieved from /home/airflow/.local/lib/python3.12/site-packages/airflow/example_dags/example_nested_branch_dag.py
[2026-08-12T05:25:53.540+0000] {logging_mixin.py:190} INFO - [2026-08-12T05:25:53.540+0000] {dag.py:3211} INFO - Sync 1 DAGs
[2026-08-12T05:25:53.573+0000] {logging_mixin.py:190} INFO - [2026-08-12T05:25:53.573+0000] {dag.py:4138} INFO - Setting next_dagrun for example_nested_branch_dag to 2026-08-11 00:00:00+00:00, run_after=2026-08-12 00:00:00+00:00
[2026-08-12T05:25:53.624+0000] {processor.py:208} INFO - Processing /home/airflow/.local/lib/python3.12/site-packages/airflow/example_dags/example_nested_branch_dag.py took 0.136 seconds
[2026-08-12T05:26:24.597+0000] {processor.py:186} INFO - Started process (PID=6672) to work on /home/airflow/.local/lib/python3.12/site-packages/airflow/example_dags/example_nested_branch_dag.py
[2026-08-12T05:26:24.599+0000] {processor.py:914} INFO - Processing file /home/airflow/.local/lib/python3.12/site-packages/airflow/example_dags/example_nested_branch_dag.py for tasks to queue
[2026-08-12T05:26:24.603+0000] {logging_mixin.py:190} INFO - [2026-08-12T05:26:24.603+0000] {dagbag.py:587} INFO - Filling up the DagBag from /home/airflow/.local/lib/python3.12/site-packages/airflow/example_dags/example_nested_branch_dag.py
[2026-08-12T05:26:24.624+0000] {processor.py:925} INFO - DAG(s) 'example_nested_branch_dag' retrieved from /home/airflow/.local/lib/python3.12/site-packages/airflow/example_dags/example_nested_branch_dag.py
[2026-08-12T05:26:24.652+0000] {logging_mixin.py:190} INFO - [2026-08-12T05:26:24.652+0000] {dag.py:3211} INFO - Sync 1 DAGs
[2026-08-12T05:26:24.680+0000] {logging_mixin.py:190} INFO - [2026-08-12T05:26:24.679+0000] {dag.py:4138} INFO - Setting next_dagrun for example_nested_branch_dag to 2026-08-11 00:00:00+00:00, run_after=2026-08-12 00:00:00+00:00
[2026-08-12T05:26:24.705+0000] {processor.py:208} INFO - Processing /home/airflow/.local/lib/python3.12/site-packages/airflow/example_dags/example_nested_branch_dag.py took 0.117 seconds
[2026-08-12T05:26:55.035+0000] {processor.py:186} INFO - Started process (PID=6735) to work on /home/airflow/.local/lib/python3.12/site-packages/airflow/example_dags/example_nested_branch_dag.py
[2026-08-12T05:26:55.038+0000] {processor.py:914} INFO - Processing file /home/airflow/.local/lib/python3.12/site-packages/airflow/example_dags/example_nested_branch_dag.py for tasks to queue
[2026-08-12T05:26:55.042+0000] {logging_mixin.py:190} INFO - [2026-08-12T05:26:55.042+0000] {dagbag.py:587} INFO - Filling up the DagBag from /home/airflow/.local/lib/python3.12/site-packages/airflow/example_dags/example_nested_branch_dag.py
[2026-08-12T05:26:55.057+0000] {processor.py:925} INFO - DAG(s) 'example_nested_branch_dag' retrieved from /home/airflow/.local/lib/python3.12/site-packages/airflow/example_dags/example_nested_branch_dag.py
[2026-08-12T05:26:55.090+0000] {logging_mixin.py:190} INFO - [2026-08-12T05:26:55.089+0000] {dag.py:3211} INFO - Sync 1 DAGs
[2026-08-12T05:26:55.135+0000] {logging_mixin.py:190} INFO - [2026-08-12T05:26:55.135+0000] {dag.py:4138} INFO - Setting next_dagrun for example_nested_branch_dag to 2026-08-11 00:00:00+00:00, run_after=2026-08-12 00:00:00+00:00
[2026-08-12T05:26:55.162+0000] {processor.py:208} INFO - Processing /home/airflow/.local/lib/python3.12/site-packages/airflow/example_dags/example_nested_branch_dag.py took 0.134 seconds
[2026-08-12T05:27:25.765+0000] {processor.py:186} INFO - Started process (PID=6798) to work on /home/airflow/.local/lib/python3.12/site-packages/airflow/example_dags/example_nested_branch_dag.py
[2026-08-12T05:27:25.767+0000] {processor.py:914} INFO - Processing file /home/airflow/.local/lib/python3.12/site-packages/airflow/example_dags/example_nested_branch_dag.py for tasks to queue
[2026-08-12T05:27:25.772+0000] {logging_mixin.py:190} INFO - [2026-08-12T05:27:25.771+0000] {dagbag.py:587} INFO - Filling up the DagBag from /home/airflow/.local/lib/python3.12/site-packages/airflow/example_dags/example_nested_branch_dag.py
[2026-08-12T05:27:25.788+0000] {processor.py:925} INFO - DAG(s) 'example_nested_branch_dag' retrieved from /home/airflow/.local/lib/python3.12/site-packages/airflow/example_dags/example_nested_branch_dag.py
[2026-08-12T05:27:25.815+0000] {logging_mixin.py:190} INFO - [2026-08-12T05:27:25.815+0000] {dag.py:3211} INFO - Sync 1 DAGs
[2026-08-12T05:27:25.846+0000] {logging_mixin.py:190} INFO - [2026-08-12T05:27:25.846+0000] {dag.py:4138} INFO - Setting next_dagrun for example_nested_branch_dag to 2026-08-11 00:00:00+00:00, run_after=2026-08-12 00:00:00+00:00
[2026-08-12T05:27:25.875+0000] {processor.py:208} INFO - Processing /home/airflow/.local/lib/python3.12/site-packages/airflow/example_dags/example_nested_branch_dag.py took 0.117 seconds
[2026-08-12T05:27:56.632+0000] {processor.py:186} INFO - Started process (PID=6861) to work on /home/airflow/.local/lib/python3.12/site-packages/airflow/example_dags/example_nested_branch_dag.py
[2026-08-12T05:27:56.634+0000] {processor.py:914} INFO - Processing file /home/airflow/.local/lib/python3.12/site-packages/airflow/example_dags/example_nested_branch_dag.py for tasks to queue
[2026-08-12T05:27:56.638+0000] {logging_mixin.py:190} INFO - [2026-08-12T05:27:56.637+0000] {dagbag.py:587} INFO - Filling up the DagBag from /home/airflow/.local/lib/python3.12/site-packages/airflow/example_dags/example_nested_branch_dag.py
[2026-08-12T05:27:56.654+0000] {processor.py:925} INFO - DAG(s) 'example_nested_branch_dag' retrieved from /home/airflow/.local/lib/python3.12/site-packages/airflow/example_dags/example_nested_branch_dag.py
[2026-08-12T05:27:56.690+0000] {logging_mixin.py:190} INFO - [2026-08-12T05:27:56.690+0000] {dag.py:3211} INFO - Sync 1 DAGs
[2026-08-12T05:27:56.722+0000] {logging_mixin.py:190} INFO - [2026-08-12T05:27:56.721+0000] {dag.py:4138} INFO - Setting next_dagrun for example_nested_branch_dag to 2026-08-11 00:00:00+00:00, run_after=2026-08-12 00:00:00+00:00
[2026-08-12T05:27:56.756+0000] {processor.py:208} INFO - Processing /home/airflow/.local/lib/python3.12/site-packages/airflow/example_dags/example_nested_branch_dag.py took 0.132 seconds
[2026-08-12T05:28:27.393+0000] {processor.py:186} INFO - Started process (PID=6924) to work on /home/airflow/.local/lib/python3.12/site-packages/airflow/example_dags/example_nested_branch_dag.py
[2026-08-12T05:28:27.397+0000] {processor.py:914} INFO - Processing file /home/airflow/.local/lib/python3.12/site-packages/airflow/example_dags/example_nested_branch_dag.py for tasks to queue
[2026-08-12T05:28:27.409+0000] {logging_mixin.py:190} INFO - [2026-08-12T05:28:27.408+0000] {dagbag.py:587} INFO - Filling up the DagBag from /home/airflow/.local/lib/python3.12/site-packages/airflow/example_dags/example_nested_branch_dag.py
[2026-08-12T05:28:27.428+0000] {processor.py:925} INFO - DAG(s) 'example_nested_branch_dag' retrieved from /home/airflow/.local/lib/python3.12/site-packages/airflow/example_dags/example_nested_branch_dag.py
[2026-08-12T05:28:27.461+0000] {logging_mixin.py:190} INFO - [2026-08-12T05:28:27.461+0000] {dag.py:3211} INFO - Sync 1 DAGs
[2026-08-12T05:28:27.493+0000] {logging_mixin.py:190} INFO - [2026-08-12T05:28:27.492+0000] {dag.py:4138} INFO - Setting next_dagrun for example_nested_branch_dag to 2026-08-11 00:00:00+00:00, run_after=2026-08-12 00:00:00+00:00
[2026-08-12T05:28:27.522+0000] {processor.py:208} INFO - Processing /home/airflow/.local/lib/python3.12/site-packages/airflow/example_dags/example_nested_branch_dag.py took 0.141 seconds
[2026-08-12T05:28:58.250+0000] {processor.py:186} INFO - Started process (PID=6987) to work on /home/airflow/.local/lib/python3.12/site-packages/airflow/example_dags/example_nested_branch_dag.py
[2026-08-12T05:28:58.253+0000] {processor.py:914} INFO - Processing file /home/airflow/.local/lib/python3.12/site-packages/airflow/example_dags/example_nested_branch_dag.py for tasks to queue
[2026-08-12T05:28:58.260+0000] {logging_mixin.py:190} INFO - [2026-08-12T05:28:58.259+0000] {dagbag.py:587} INFO - Filling up the DagBag from /home/airflow/.local/lib/python3.12/site-packages/airflow/example_dags/example_nested_branch_dag.py
[2026-08-12T05:28:58.275+0000] {processor.py:925} INFO - DAG(s) 'example_nested_branch_dag' retrieved from /home/airflow/.local/lib/python3.12/site-packages/airflow/example_dags/example_nested_branch_dag.py
[2026-08-12T05:28:58.303+0000] {logging_mixin.py:190} INFO - [2026-08-12T05:28:58.302+0000] {dag.py:3211} INFO - Sync 1 DAGs
[2026-08-12T05:28:58.331+0000] {logging_mixin.py:190} INFO - [2026-08-12T05:28:58.330+0000] {dag.py:4138} INFO - Setting next_dagrun for example_nested_branch_dag to 2026-08-11 00:00:00+00:00, run_after=2026-08-12 00:00:00+00:00
[2026-08-12T05:28:58.359+0000] {processor.py:208} INFO - Processing /home/airflow/.local/lib/python3.12/site-packages/airflow/example_dags/example_nested_branch_dag.py took 0.117 seconds
[2026-08-12T05:29:28.814+0000] {processor.py:186} INFO - Started process (PID=7050) to work on /home/airflow/.local/lib/python3.12/site-packages/airflow/example_dags/example_nested_branch_dag.py
[2026-08-12T05:29:28.817+0000] {processor.py:914} INFO - Processing file /home/airflow/.local/lib/python3.12/site-packages/airflow/example_dags/example_nested_branch_dag.py for tasks to queue
[2026-08-12T05:29:28.823+0000] {logging_mixin.py:190} INFO - [2026-08-12T05:29:28.822+0000] {dagbag.py:587} INFO - Filling up the DagBag from /home/airflow/.local/lib/python3.12/site-packages/airflow/example_dags/example_nested_branch_dag.py
[2026-08-12T05:29:28.838+0000] {processor.py:925} INFO - DAG(s) 'example_nested_branch_dag' retrieved from /home/airflow/.local/lib/python3.12/site-packages/airflow/example_dags/example_nested_branch_dag.py
[2026-08-12T05:29:28.871+0000] {logging_mixin.py:190} INFO - [2026-08-12T05:29:28.871+0000] {dag.py:3211} INFO - Sync 1 DAGs
[2026-08-12T05:29:28.919+0000] {logging_mixin.py:190} INFO - [2026-08-12T05:29:28.917+0000] {dag.py:4138} INFO - Setting next_dagrun for example_nested_branch_dag to 2026-08-11 00:00:00+00:00, run_after=2026-08-12 00:00:00+00:00
[2026-08-12T05:29:28.967+0000] {processor.py:208} INFO - Processing /home/airflow/.local/lib/python3.12/site-packages/airflow/example_dags/example_nested_branch_dag.py took 0.161 seconds
[2026-08-12T05:29:59.528+0000] {processor.py:186} INFO - Started process (PID=7113) to work on /home/airflow/.local/lib/python3.12/site-packages/airflow/example_dags/example_nested_branch_dag.py
[2026-08-12T05:29:59.530+0000] {processor.py:914} INFO - Processing file /home/airflow/.local/lib/python3.12/site-packages/airflow/example_dags/example_nested_branch_dag.py for tasks to queue
[2026-08-12T05:29:59.535+0000] {logging_mixin.py:190} INFO - [2026-08-12T05:29:59.534+0000] {dagbag.py:587} INFO - Filling up the DagBag from /home/airflow/.local/lib/python3.12/site-packages/airflow/example_dags/example_nested_branch_dag.py
[2026-08-12T05:29:59.554+0000] {processor.py:925} INFO - DAG(s) 'example_nested_branch_dag' retrieved from /home/airflow/.local/lib/python3.12/site-packages/airflow/example_dags/example_nested_branch_dag.py
[2026-08-12T05:29:59.583+0000] {logging_mixin.py:190} INFO - [2026-08-12T05:29:59.583+0000] {dag.py:3211} INFO - Sync 1 DAGs
[2026-08-12T05:29:59.614+0000] {logging_mixin.py:190} INFO - [2026-08-12T05:29:59.614+0000] {dag.py:4138} INFO - Setting next_dagrun for example_nested_branch_dag to 2026-08-11 00:00:00+00:00, run_after=2026-08-12 00:00:00+00:00
[2026-08-12T05:29:59.644+0000] {processor.py:208} INFO - Processing /home/airflow/.local/lib/python3.12/site-packages/airflow/example_dags/example_nested_branch_dag.py took 0.122 seconds
[2026-08-12T05:30:30.015+0000] {processor.py:186} INFO - Started process (PID=7176) to work on /home/airflow/.local/lib/python3.12/site-packages/airflow/example_dags/example_nested_branch_dag.py
[2026-08-12T05:30:30.018+0000] {processor.py:914} INFO - Processing file /home/airflow/.local/lib/python3.12/site-packages/airflow/example_dags/example_nested_branch_dag.py for tasks to queue
[2026-08-12T05:30:30.024+0000] {logging_mixin.py:190} INFO - [2026-08-12T05:30:30.023+0000] {dagbag.py:587} INFO - Filling up the DagBag from /home/airflow/.local/lib/python3.12/site-packages/airflow/example_dags/example_nested_branch_dag.py
[2026-08-12T05:30:30.041+0000] {processor.py:925} INFO - DAG(s) 'example_nested_branch_dag' retrieved from /home/airflow/.local/lib/python3.12/site-packages/airflow/example_dags/example_nested_branch_dag.py
[2026-08-12T05:30:30.071+0000] {logging_mixin.py:190} INFO - [2026-08-12T05:30:30.071+0000] {dag.py:3211} INFO - Sync 1 DAGs
[2026-08-12T05:30:30.104+0000] {logging_mixin.py:190} INFO - [2026-08-12T05:30:30.104+0000] {dag.py:4138} INFO - Setting next_dagrun for example_nested_branch_dag to 2026-08-11 00:00:00+00:00, run_after=2026-08-12 00:00:00+00:00
[2026-08-12T05:30:30.134+0000] {processor.py:208} INFO - Processing /home/airflow/.local/lib/python3.12/site-packages/airflow/example_dags/example_nested_branch_dag.py took 0.130 seconds
[2026-08-12T05:31:00.936+0000] {processor.py:186} INFO - Started process (PID=7239) to work on /home/airflow/.local/lib/python3.12/site-packages/airflow/example_dags/example_nested_branch_dag.py
[2026-08-12T05:31:00.939+0000] {processor.py:914} INFO - Processing file /home/airflow/.local/lib/python3.12/site-packages/airflow/example_dags/example_nested_branch_dag.py for tasks to queue
[2026-08-12T05:31:00.946+0000] {logging_mixin.py:190} INFO - [2026-08-12T05:31:00.945+0000] {dagbag.py:587} INFO - Filling up the DagBag from /home/airflow/.local/lib/python3.12/site-packages/airflow/example_dags/example_nested_branch_dag.py
[2026-08-12T05:31:00.973+0000] {processor.py:925} INFO - DAG(s) 'example_nested_branch_dag' retrieved from /home/airflow/.local/lib/python3.12/site-packages/airflow/example_dags/example_nested_branch_dag.py
[2026-08-12T05:31:01.011+0000] {logging_mixin.py:190} INFO - [2026-08-12T05:31:01.011+0000] {dag.py:3211} INFO - Sync 1 DAGs
[2026-08-12T05:31:01.045+0000] {logging_mixin.py:190} INFO - [2026-08-12T05:31:01.045+0000] {dag.py:4138} INFO - Setting next_dagrun for example_nested_branch_dag to 2026-08-11 00:00:00+00:00, run_after=2026-08-12 00:00:00+00:00
[2026-08-12T05:31:01.075+0000] {processor.py:208} INFO - Processing /home/airflow/.local/lib/python3.12/site-packages/airflow/example_dags/example_nested_branch_dag.py took 0.150 seconds
[2026-08-12T05:31:31.671+0000] {processor.py:186} INFO - Started process (PID=7302) to work on /home/airflow/.local/lib/python3.12/site-packages/airflow/example_dags/example_nested_branch_dag.py
[2026-08-12T05:31:31.673+0000] {processor.py:914} INFO - Processing file /home/airflow/.local/lib/python3.12/site-packages/airflow/example_dags/example_nested_branch_dag.py for tasks to queue
[2026-08-12T05:31:31.678+0000] {logging_mixin.py:190} INFO - [2026-08-12T05:31:31.677+0000] {dagbag.py:587} INFO - Filling up the DagBag from /home/airflow/.local/lib/python3.12/site-packages/airflow/example_dags/example_nested_branch_dag.py
[2026-08-12T05:31:31.697+0000] {processor.py:925} INFO - DAG(s) 'example_nested_branch_dag' retrieved from /home/airflow/.local/lib/python3.12/site-packages/airflow/example_dags/example_nested_branch_dag.py
[2026-08-12T05:31:31.729+0000] {logging_mixin.py:190} INFO - [2026-08-12T05:31:31.729+0000] {dag.py:3211} INFO - Sync 1 DAGs
[2026-08-12T05:31:31.758+0000] {logging_mixin.py:190} INFO - [2026-08-12T05:31:31.758+0000] {dag.py:4138} INFO - Setting next_dagrun for example_nested_branch_dag to 2026-08-11 00:00:00+00:00, run_after=2026-08-12 00:00:00+00:00
[2026-08-12T05:31:31.787+0000] {processor.py:208} INFO - Processing /home/airflow/.local/lib/python3.12/site-packages/airflow/example_dags/example_nested_branch_dag.py took 0.123 seconds
[2026-08-12T05:32:02.551+0000] {processor.py:186} INFO - Started process (PID=7371) to work on /home/airflow/.local/lib/python3.12/site-packages/airflow/example_dags/example_nested_branch_dag.py
[2026-08-12T05:32:02.553+0000] {processor.py:914} INFO - Processing file /home/airflow/.local/lib/python3.12/site-packages/airflow/example_dags/example_nested_branch_dag.py for tasks to queue
[2026-08-12T05:32:02.558+0000] {logging_mixin.py:190} INFO - [2026-08-12T05:32:02.557+0000] {dagbag.py:587} INFO - Filling up the DagBag from /home/airflow/.local/lib/python3.12/site-packages/airflow/example_dags/example_nested_branch_dag.py
[2026-08-12T05:32:02.574+0000] {processor.py:925} INFO - DAG(s) 'example_nested_branch_dag' retrieved from /home/airflow/.local/lib/python3.12/site-packages/airflow/example_dags/example_nested_branch_dag.py
[2026-08-12T05:32:02.598+0000] {logging_mixin.py:190} INFO - [2026-08-12T05:32:02.598+0000] {dag.py:3211} INFO - Sync 1 DAGs
[2026-08-12T05:32:02.623+0000] {logging_mixin.py:190} INFO - [2026-08-12T05:32:02.623+0000] {dag.py:4138} INFO - Setting next_dagrun for example_nested_branch_dag to 2026-08-11 00:00:00+00:00, run_after=2026-08-12 00:00:00+00:00
[2026-08-12T05:32:02.646+0000] {processor.py:208} INFO - Processing /home/airflow/.local/lib/python3.12/site-packages/airflow/example_dags/example_nested_branch_dag.py took 0.103 seconds
[2026-08-12T05:32:32.801+0000] {processor.py:186} INFO - Started process (PID=7434) to work on /home/airflow/.local/lib/python3.12/site-packages/airflow/example_dags/example_nested_branch_dag.py
[2026-08-12T05:32:32.804+0000] {processor.py:914} INFO - Processing file /home/airflow/.local/lib/python3.12/site-packages/airflow/example_dags/example_nested_branch_dag.py for tasks to queue
[2026-08-12T05:32:32.809+0000] {logging_mixin.py:190} INFO - [2026-08-12T05:32:32.808+0000] {dagbag.py:587} INFO - Filling up the DagBag from /home/airflow/.local/lib/python3.12/site-packages/airflow/example_dags/example_nested_branch_dag.py
[2026-08-12T05:32:32.825+0000] {processor.py:925} INFO - DAG(s) 'example_nested_branch_dag' retrieved from /home/airflow/.local/lib/python3.12/site-packages/airflow/example_dags/example_nested_branch_dag.py
[2026-08-12T05:32:32.853+0000] {logging_mixin.py:190} INFO - [2026-08-12T05:32:32.852+0000] {dag.py:3211} INFO - Sync 1 DAGs
[2026-08-12T05:32:32.880+0000] {logging_mixin.py:190} INFO - [2026-08-12T05:32:32.880+0000] {dag.py:4138} INFO - Setting next_dagrun for example_nested_branch_dag to 2026-08-11 00:00:00+00:00, run_after=2026-08-12 00:00:00+00:00
[2026-08-12T05:32:32.904+0000] {processor.py:208} INFO - Processing /home/airflow/.local/lib/python3.12/site-packages/airflow/example_dags/example_nested_branch_dag.py took 0.112 seconds
[2026-08-12T05:33:03.596+0000] {processor.py:186} INFO - Started process (PID=7497) to work on /home/airflow/.local/lib/python3.12/site-packages/airflow/example_dags/example_nested_branch_dag.py
[2026-08-12T05:33:03.599+0000] {processor.py:914} INFO - Processing file /home/airflow/.local/lib/python3.12/site-packages/airflow/example_dags/example_nested_branch_dag.py for tasks to queue
[2026-08-12T05:33:03.602+0000] {logging_mixin.py:190} INFO - [2026-08-12T05:33:03.602+0000] {dagbag.py:587} INFO - Filling up the DagBag from /home/airflow/.local/lib/python3.12/site-packages/airflow/example_dags/example_nested_branch_dag.py
[2026-08-12T05:33:03.616+0000] {processor.py:925} INFO - DAG(s) 'example_nested_branch_dag' retrieved from /home/airflow/.local/lib/python3.12/site-packages/airflow/example_dags/example_nested_branch_dag.py
[2026-08-12T05:33:03.640+0000] {logging_mixin.py:190} INFO - [2026-08-12T05:33:03.640+0000] {dag.py:3211} INFO - Sync 1 DAGs
[2026-08-12T05:33:03.669+0000] {logging_mixin.py:190} INFO - [2026-08-12T05:33:03.669+0000] {dag.py:4138} INFO - Setting next_dagrun for example_nested_branch_dag to 2026-08-11 00:00:00+00:00, run_after=2026-08-12 00:00:00+00:00
[2026-08-12T05:33:03.699+0000] {processor.py:208} INFO - Processing /home/airflow/.local/lib/python3.12/site-packages/airflow/example_dags/example_nested_branch_dag.py took 0.108 seconds
[2026-08-12T05:33:34.619+0000] {processor.py:186} INFO - Started process (PID=7560) to work on /home/airflow/.local/lib/python3.12/site-packages/airflow/example_dags/example_nested_branch_dag.py
[2026-08-12T05:33:34.622+0000] {processor.py:914} INFO - Processing file /home/airflow/.local/lib/python3.12/site-packages/airflow/example_dags/example_nested_branch_dag.py for tasks to queue
[2026-08-12T05:33:34.629+0000] {logging_mixin.py:190} INFO - [2026-08-12T05:33:34.628+0000] {dagbag.py:587} INFO - Filling up the DagBag from /home/airflow/.local/lib/python3.12/site-packages/airflow/example_dags/example_nested_branch_dag.py
[2026-08-12T05:33:34.648+0000] {processor.py:925} INFO - DAG(s) 'example_nested_branch_dag' retrieved from /home/airflow/.local/lib/python3.12/site-packages/airflow/example_dags/example_nested_branch_dag.py
[2026-08-12T05:33:34.676+0000] {logging_mixin.py:190} INFO - [2026-08-12T05:33:34.675+0000] {dag.py:3211} INFO - Sync 1 DAGs
[2026-08-12T05:33:34.705+0000] {logging_mixin.py:190} INFO - [2026-08-12T05:33:34.704+0000] {dag.py:4138} INFO - Setting next_dagrun for example_nested_branch_dag to 2026-08-11 00:00:00+00:00, run_after=2026-08-12 00:00:00+00:00
[2026-08-12T05:33:34.737+0000] {processor.py:208} INFO - Processing /home/airflow/.local/lib/python3.12/site-packages/airflow/example_dags/example_nested_branch_dag.py took 0.130 seconds
[2026-08-12T05:34:05.048+0000] {processor.py:186} INFO - Started process (PID=7623) to work on /home/airflow/.local/lib/python3.12/site-packages/airflow/example_dags/example_nested_branch_dag.py
[2026-08-12T05:34:05.052+0000] {processor.py:914} INFO - Processing file /home/airflow/.local/lib/python3.12/site-packages/airflow/example_dags/example_nested_branch_dag.py for tasks to queue
[2026-08-12T05:34:05.058+0000] {logging_mixin.py:190} INFO - [2026-08-12T05:34:05.057+0000] {dagbag.py:587} INFO - Filling up the DagBag from /home/airflow/.local/lib/python3.12/site-packages/airflow/example_dags/example_nested_branch_dag.py
[2026-08-12T05:34:05.073+0000] {processor.py:925} INFO - DAG(s) 'example_nested_branch_dag' retrieved from /home/airflow/.local/lib/python3.12/site-packages/airflow/example_dags/example_nested_branch_dag.py
[2026-08-12T05:34:05.101+0000] {logging_mixin.py:190} INFO - [2026-08-12T05:34:05.101+0000] {dag.py:3211} INFO - Sync 1 DAGs
[2026-08-12T05:34:05.129+0000] {logging_mixin.py:190} INFO - [2026-08-12T05:34:05.128+0000] {dag.py:4138} INFO - Setting next_dagrun for example_nested_branch_dag to 2026-08-11 00:00:00+00:00, run_after=2026-08-12 00:00:00+00:00
[2026-08-12T05:34:05.154+0000] {processor.py:208} INFO - Processing /home/airflow/.local/lib/python3.12/site-packages/airflow/example_dags/example_nested_branch_dag.py took 0.116 seconds
[2026-08-12T05:34:35.757+0000] {processor.py:186} INFO - Started process (PID=7686) to work on /home/airflow/.local/lib/python3.12/site-packages/airflow/example_dags/example_nested_branch_dag.py
[2026-08-12T05:34:35.760+0000] {processor.py:914} INFO - Processing file /home/airflow/.local/lib/python3.12/site-packages/airflow/example_dags/example_nested_branch_dag.py for tasks to queue
[2026-08-12T05:34:35.763+0000] {logging_mixin.py:190} INFO - [2026-08-12T05:34:35.763+0000] {dagbag.py:587} INFO - Filling up the DagBag from /home/airflow/.local/lib/python3.12/site-packages/airflow/example_dags/example_nested_branch_dag.py
[2026-08-12T05:34:35.778+0000] {processor.py:925} INFO - DAG(s) 'example_nested_branch_dag' retrieved from /home/airflow/.local/lib/python3.12/site-packages/airflow/example_dags/example_nested_branch_dag.py
[2026-08-12T05:34:35.806+0000] {logging_mixin.py:190} INFO - [2026-08-12T05:34:35.806+0000] {dag.py:3211} INFO - Sync 1 DAGs
[2026-08-12T05:34:35.846+0000] {logging_mixin.py:190} INFO - [2026-08-12T05:34:35.846+0000] {dag.py:4138} INFO - Setting next_dagrun for example_nested_branch_dag to 2026-08-11 00:00:00+00:00, run_after=2026-08-12 00:00:00+00:00
[2026-08-12T05:34:35.876+0000] {processor.py:208} INFO - Processing /home/airflow/.local/lib/python3.12/site-packages/airflow/example_dags/example_nested_branch_dag.py took 0.125 seconds
[2026-08-12T05:35:06.350+0000] {processor.py:186} INFO - Started process (PID=7749) to work on /home/airflow/.local/lib/python3.12/site-packages/airflow/example_dags/example_nested_branch_dag.py
[2026-08-12T05:35:06.354+0000] {processor.py:914} INFO - Processing file /home/airflow/.local/lib/python3.12/site-packages/airflow/example_dags/example_nested_branch_dag.py for tasks to queue
[2026-08-12T05:35:06.360+0000] {logging_mixin.py:190} INFO - [2026-08-12T05:35:06.359+0000] {dagbag.py:587} INFO - Filling up the DagBag from /home/airflow/.local/lib/python3.12/site-packages/airflow/example_dags/example_nested_branch_dag.py
[2026-08-12T05:35:06.376+0000] {processor.py:925} INFO - DAG(s) 'example_nested_branch_dag' retrieved from /home/airflow/.local/lib/python3.12/site-packages/airflow/example_dags/example_nested_branch_dag.py
[2026-08-12T05:35:06.408+0000] {logging_mixin.py:190} INFO - [2026-08-12T05:35:06.407+0000] {dag.py:3211} INFO - Sync 1 DAGs
[2026-08-12T05:35:06.443+0000] {logging_mixin.py:190} INFO - [2026-08-12T05:35:06.443+0000] {dag.py:4138} INFO - Setting next_dagrun for example_nested_branch_dag to 2026-08-11 00:00:00+00:00, run_after=2026-08-12 00:00:00+00:00
[2026-08-12T05:35:06.472+0000] {processor.py:208} INFO - Processing /home/airflow/.local/lib/python3.12/site-packages/airflow/example_dags/example_nested_branch_dag.py took 0.134 seconds
[2026-08-12T05:35:36.560+0000] {processor.py:186} INFO - Started process (PID=7812) to work on /home/airflow/.local/lib/python3.12/site-packages/airflow/example_dags/example_nested_branch_dag.py
[2026-08-12T05:35:36.563+0000] {processor.py:914} INFO - Processing file /home/airflow/.local/lib/python3.12/site-packages/airflow/example_dags/example_nested_branch_dag.py for tasks to queue
[2026-08-12T05:35:36.567+0000] {logging_mixin.py:190} INFO - [2026-08-12T05:35:36.567+0000] {dagbag.py:587} INFO - Filling up the DagBag from /home/airflow/.local/lib/python3.12/site-packages/airflow/example_dags/example_nested_branch_dag.py
[2026-08-12T05:35:36.579+0000] {processor.py:925} INFO - DAG(s) 'example_nested_branch_dag' retrieved from /home/airflow/.local/lib/python3.12/site-packages/airflow/example_dags/example_nested_branch_dag.py
[2026-08-12T05:35:36.611+0000] {logging_mixin.py:190} INFO - [2026-08-12T05:35:36.610+0000] {dag.py:3211} INFO - Sync 1 DAGs
[2026-08-12T05:35:36.642+0000] {logging_mixin.py:190} INFO - [2026-08-12T05:35:36.642+0000] {dag.py:4138} INFO - Setting next_dagrun for example_nested_branch_dag to 2026-08-11 00:00:00+00:00, run_after=2026-08-12 00:00:00+00:00
[2026-08-12T05:35:36.667+0000] {processor.py:208} INFO - Processing /home/airflow/.local/lib/python3.12/site-packages/airflow/example_dags/example_nested_branch_dag.py took 0.113 seconds
[2026-08-12T05:36:06.847+0000] {processor.py:186} INFO - Started process (PID=7875) to work on /home/airflow/.local/lib/python3.12/site-packages/airflow/example_dags/example_nested_branch_dag.py
[2026-08-12T05:36:06.849+0000] {processor.py:914} INFO - Processing file /home/airflow/.local/lib/python3.12/site-packages/airflow/example_dags/example_nested_branch_dag.py for tasks to queue
[2026-08-12T05:36:06.853+0000] {logging_mixin.py:190} INFO - [2026-08-12T05:36:06.853+0000] {dagbag.py:587} INFO - Filling up the DagBag from /home/airflow/.local/lib/python3.12/site-packages/airflow/example_dags/example_nested_branch_dag.py
[2026-08-12T05:36:06.866+0000] {processor.py:925} INFO - DAG(s) 'example_nested_branch_dag' retrieved from /home/airflow/.local/lib/python3.12/site-packages/airflow/example_dags/example_nested_branch_dag.py
[2026-08-12T05:36:06.891+0000] {logging_mixin.py:190} INFO - [2026-08-12T05:36:06.890+0000] {dag.py:3211} INFO - Sync 1 DAGs
[2026-08-12T05:36:06.918+0000] {logging_mixin.py:190} INFO - [2026-08-12T05:36:06.917+0000] {dag.py:4138} INFO - Setting next_dagrun for example_nested_branch_dag to 2026-08-11 00:00:00+00:00, run_after=2026-08-12 00:00:00+00:00
[2026-08-12T05:36:06.942+0000] {processor.py:208} INFO - Processing /home/airflow/.local/lib/python3.12/site-packages/airflow/example_dags/example_nested_branch_dag.py took 0.102 seconds
[2026-08-12T05:36:37.603+0000] {processor.py:186} INFO - Started process (PID=7939) to work on /home/airflow/.local/lib/python3.12/site-packages/airflow/example_dags/example_nested_branch_dag.py
[2026-08-12T05:36:37.606+0000] {processor.py:914} INFO - Processing file /home/airflow/.local/lib/python3.12/site-packages/airflow/example_dags/example_nested_branch_dag.py for tasks to queue
[2026-08-12T05:36:37.611+0000] {logging_mixin.py:190} INFO - [2026-08-12T05:36:37.611+0000] {dagbag.py:587} INFO - Filling up the DagBag from /home/airflow/.local/lib/python3.12/site-packages/airflow/example_dags/example_nested_branch_dag.py
[2026-08-12T05:36:37.632+0000] {processor.py:925} INFO - DAG(s) 'example_nested_branch_dag' retrieved from /home/airflow/.local/lib/python3.12/site-packages/airflow/example_dags/example_nested_branch_dag.py
[2026-08-12T05:36:37.664+0000] {logging_mixin.py:190} INFO - [2026-08-12T05:36:37.664+0000] {dag.py:3211} INFO - Sync 1 DAGs
[2026-08-12T05:36:37.697+0000] {logging_mixin.py:190} INFO - [2026-08-12T05:36:37.696+0000] {dag.py:4138} INFO - Setting next_dagrun for example_nested_branch_dag to 2026-08-11 00:00:00+00:00, run_after=2026-08-12 00:00:00+00:00
[2026-08-12T05:36:37.729+0000] {processor.py:208} INFO - Processing /home/airflow/.local/lib/python3.12/site-packages/airflow/example_dags/example_nested_branch_dag.py took 0.139 seconds
[2026-08-12T05:37:08.741+0000] {processor.py:186} INFO - Started process (PID=8003) to work on /home/airflow/.local/lib/python3.12/site-packages/airflow/example_dags/example_nested_branch_dag.py
[2026-08-12T05:37:08.745+0000] {processor.py:914} INFO - Processing file /home/airflow/.local/lib/python3.12/site-packages/airflow/example_dags/example_nested_branch_dag.py for tasks to queue
[2026-08-12T05:37:08.752+0000] {logging_mixin.py:190} INFO - [2026-08-12T05:37:08.751+0000] {dagbag.py:587} INFO - Filling up the DagBag from /home/airflow/.local/lib/python3.12/site-packages/airflow/example_dags/example_nested_branch_dag.py
[2026-08-12T05:37:08.769+0000] {processor.py:925} INFO - DAG(s) 'example_nested_branch_dag' retrieved from /home/airflow/.local/lib/python3.12/site-packages/airflow/example_dags/example_nested_branch_dag.py
[2026-08-12T05:37:08.795+0000] {logging_mixin.py:190} INFO - [2026-08-12T05:37:08.795+0000] {dag.py:3211} INFO - Sync 1 DAGs
[2026-08-12T05:37:08.837+0000] {logging_mixin.py:190} INFO - [2026-08-12T05:37:08.837+0000] {dag.py:4138} INFO - Setting next_dagrun for example_nested_branch_dag to 2026-08-11 00:00:00+00:00, run_after=2026-08-12 00:00:00+00:00
[2026-08-12T05:37:08.870+0000] {processor.py:208} INFO - Processing /home/airflow/.local/lib/python3.12/site-packages/airflow/example_dags/example_nested_branch_dag.py took 0.142 seconds
[2026-08-12T05:37:39.540+0000] {processor.py:186} INFO - Started process (PID=8066) to work on /home/airflow/.local/lib/python3.12/site-packages/airflow/example_dags/example_nested_branch_dag.py
[2026-08-12T05:37:39.543+0000] {processor.py:914} INFO - Processing file /home/airflow/.local/lib/python3.12/site-packages/airflow/example_dags/example_nested_branch_dag.py for tasks to queue
[2026-08-12T05:37:39.549+0000] {logging_mixin.py:190} INFO - [2026-08-12T05:37:39.548+0000] {dagbag.py:587} INFO - Filling up the DagBag from /home/airflow/.local/lib/python3.12/site-packages/airflow/example_dags/example_nested_branch_dag.py
[2026-08-12T05:37:39.562+0000] {processor.py:925} INFO - DAG(s) 'example_nested_branch_dag' retrieved from /home/airflow/.local/lib/python3.12/site-packages/airflow/example_dags/example_nested_branch_dag.py
[2026-08-12T05:37:39.586+0000] {logging_mixin.py:190} INFO - [2026-08-12T05:37:39.586+0000] {dag.py:3211} INFO - Sync 1 DAGs
[2026-08-12T05:37:39.612+0000] {logging_mixin.py:190} INFO - [2026-08-12T05:37:39.612+0000] {dag.py:4138} INFO - Setting next_dagrun for example_nested_branch_dag to 2026-08-11 00:00:00+00:00, run_after=2026-08-12 00:00:00+00:00
[2026-08-12T05:37:39.638+0000] {processor.py:208} INFO - Processing /home/airflow/.local/lib/python3.12/site-packages/airflow/example_dags/example_nested_branch_dag.py took 0.103 seconds
[2026-08-12T05:38:10.277+0000] {processor.py:186} INFO - Started process (PID=8128) to work on /home/airflow/.local/lib/python3.12/site-packages/airflow/example_dags/example_nested_branch_dag.py
[2026-08-12T05:38:10.282+0000] {processor.py:914} INFO - Processing file /home/airflow/.local/lib/python3.12/site-packages/airflow/example_dags/example_nested_branch_dag.py for tasks to queue
[2026-08-12T05:38:10.290+0000] {logging_mixin.py:190} INFO - [2026-08-12T05:38:10.290+0000] {dagbag.py:587} INFO - Filling up the DagBag from /home/airflow/.local/lib/python3.12/site-packages/airflow/example_dags/example_nested_branch_dag.py
[2026-08-12T05:38:10.317+0000] {processor.py:925} INFO - DAG(s) 'example_nested_branch_dag' retrieved from /home/airflow/.local/lib/python3.12/site-packages/airflow/example_dags/example_nested_branch_dag.py
[2026-08-12T05:38:10.344+0000] {logging_mixin.py:190} INFO - [2026-08-12T05:38:10.344+0000] {dag.py:3211} INFO - Sync 1 DAGs
[2026-08-12T05:38:10.371+0000] {logging_mixin.py:190} INFO - [2026-08-12T05:38:10.371+0000] {dag.py:4138} INFO - Setting next_dagrun for example_nested_branch_dag to 2026-08-11 00:00:00+00:00, run_after=2026-08-12 00:00:00+00:00
[2026-08-12T05:38:10.393+0000] {processor.py:208} INFO - Processing /home/airflow/.local/lib/python3.12/site-packages/airflow/example_dags/example_nested_branch_dag.py took 0.122 seconds
[2026-08-12T05:38:40.501+0000] {processor.py:186} INFO - Started process (PID=8192) to work on /home/airflow/.local/lib/python3.12/site-packages/airflow/example_dags/example_nested_branch_dag.py
[2026-08-12T05:38:40.503+0000] {processor.py:914} INFO - Processing file /home/airflow/.local/lib/python3.12/site-packages/airflow/example_dags/example_nested_branch_dag.py for tasks to queue
[2026-08-12T05:38:40.508+0000] {logging_mixin.py:190} INFO - [2026-08-12T05:38:40.508+0000] {dagbag.py:587} INFO - Filling up the DagBag from /home/airflow/.local/lib/python3.12/site-packages/airflow/example_dags/example_nested_branch_dag.py
[2026-08-12T05:38:40.521+0000] {processor.py:925} INFO - DAG(s) 'example_nested_branch_dag' retrieved from /home/airflow/.local/lib/python3.12/site-packages/airflow/example_dags/example_nested_branch_dag.py
[2026-08-12T05:38:40.545+0000] {logging_mixin.py:190} INFO - [2026-08-12T05:38:40.545+0000] {dag.py:3211} INFO - Sync 1 DAGs
[2026-08-12T05:38:40.572+0000] {logging_mixin.py:190} INFO - [2026-08-12T05:38:40.572+0000] {dag.py:4138} INFO - Setting next_dagrun for example_nested_branch_dag to 2026-08-11 00:00:00+00:00, run_after=2026-08-12 00:00:00+00:00
[2026-08-12T05:38:40.593+0000] {processor.py:208} INFO - Processing /home/airflow/.local/lib/python3.12/site-packages/airflow/example_dags/example_nested_branch_dag.py took 0.099 seconds
[2026-08-12T05:39:11.023+0000] {processor.py:186} INFO - Started process (PID=8256) to work on /home/airflow/.local/lib/python3.12/site-packages/airflow/example_dags/example_nested_branch_dag.py
[2026-08-12T05:39:11.029+0000] {processor.py:914} INFO - Processing file /home/airflow/.local/lib/python3.12/site-packages/airflow/example_dags/example_nested_branch_dag.py for tasks to queue
[2026-08-12T05:39:11.037+0000] {logging_mixin.py:190} INFO - [2026-08-12T05:39:11.036+0000] {dagbag.py:587} INFO - Filling up the DagBag from /home/airflow/.local/lib/python3.12/site-packages/airflow/example_dags/example_nested_branch_dag.py
[2026-08-12T05:39:11.058+0000] {processor.py:925} INFO - DAG(s) 'example_nested_branch_dag' retrieved from /home/airflow/.local/lib/python3.12/site-packages/airflow/example_dags/example_nested_branch_dag.py
[2026-08-12T05:39:11.087+0000] {logging_mixin.py:190} INFO - [2026-08-12T05:39:11.087+0000] {dag.py:3211} INFO - Sync 1 DAGs
[2026-08-12T05:39:11.118+0000] {logging_mixin.py:190} INFO - [2026-08-12T05:39:11.118+0000] {dag.py:4138} INFO - Setting next_dagrun for example_nested_branch_dag to 2026-08-11 00:00:00+00:00, run_after=2026-08-12 00:00:00+00:00
[2026-08-12T05:39:11.164+0000] {processor.py:208} INFO - Processing /home/airflow/.local/lib/python3.12/site-packages/airflow/example_dags/example_nested_branch_dag.py took 0.156 seconds
[2026-08-12T05:39:41.903+0000] {processor.py:186} INFO - Started process (PID=8319) to work on /home/airflow/.local/lib/python3.12/site-packages/airflow/example_dags/example_nested_branch_dag.py
[2026-08-12T05:39:41.906+0000] {processor.py:914} INFO - Processing file /home/airflow/.local/lib/python3.12/site-packages/airflow/example_dags/example_nested_branch_dag.py for tasks to queue
[2026-08-12T05:39:41.910+0000] {logging_mixin.py:190} INFO - [2026-08-12T05:39:41.909+0000] {dagbag.py:587} INFO - Filling up the DagBag from /home/airflow/.local/lib/python3.12/site-packages/airflow/example_dags/example_nested_branch_dag.py
[2026-08-12T05:39:41.929+0000] {processor.py:925} INFO - DAG(s) 'example_nested_branch_dag' retrieved from /home/airflow/.local/lib/python3.12/site-packages/airflow/example_dags/example_nested_branch_dag.py
[2026-08-12T05:39:41.958+0000] {logging_mixin.py:190} INFO - [2026-08-12T05:39:41.958+0000] {dag.py:3211} INFO - Sync 1 DAGs
[2026-08-12T05:39:41.983+0000] {logging_mixin.py:190} INFO - [2026-08-12T05:39:41.983+0000] {dag.py:4138} INFO - Setting next_dagrun for example_nested_branch_dag to 2026-08-11 00:00:00+00:00, run_after=2026-08-12 00:00:00+00:00
[2026-08-12T05:39:42.006+0000] {processor.py:208} INFO - Processing /home/airflow/.local/lib/python3.12/site-packages/airflow/example_dags/example_nested_branch_dag.py took 0.110 seconds
[2026-08-12T05:40:12.520+0000] {processor.py:186} INFO - Started process (PID=8382) to work on /home/airflow/.local/lib/python3.12/site-packages/airflow/example_dags/example_nested_branch_dag.py
[2026-08-12T05:40:12.523+0000] {processor.py:914} INFO - Processing file /home/airflow/.local/lib/python3.12/site-packages/airflow/example_dags/example_nested_branch_dag.py for tasks to queue
[2026-08-12T05:40:12.528+0000] {logging_mixin.py:190} INFO - [2026-08-12T05:40:12.528+0000] {dagbag.py:587} INFO - Filling up the DagBag from /home/airflow/.local/lib/python3.12/site-packages/airflow/example_dags/example_nested_branch_dag.py
[2026-08-12T05:40:12.543+0000] {processor.py:925} INFO - DAG(s) 'example_nested_branch_dag' retrieved from /home/airflow/.local/lib/python3.12/site-packages/airflow/example_dags/example_nested_branch_dag.py
[2026-08-12T05:40:12.568+0000] {logging_mixin.py:190} INFO - [2026-08-12T05:40:12.567+0000] {dag.py:3211} INFO - Sync 1 DAGs
[2026-08-12T05:40:12.594+0000] {logging_mixin.py:190} INFO - [2026-08-12T05:40:12.594+0000] {dag.py:4138} INFO - Setting next_dagrun for example_nested_branch_dag to 2026-08-11 00:00:00+00:00, run_after=2026-08-12 00:00:00+00:00
[2026-08-12T05:40:12.615+0000] {processor.py:208} INFO - Processing /home/airflow/.local/lib/python3.12/site-packages/airflow/example_dags/example_nested_branch_dag.py took 0.101 seconds
[2026-08-12T05:40:43.348+0000] {processor.py:186} INFO - Started process (PID=8445) to work on /home/airflow/.local/lib/python3.12/site-packages/airflow/example_dags/example_nested_branch_dag.py
[2026-08-12T05:40:43.351+0000] {processor.py:914} INFO - Processing file /home/airflow/.local/lib/python3.12/site-packages/airflow/example_dags/example_nested_branch_dag.py for tasks to queue
[2026-08-12T05:40:43.355+0000] {logging_mixin.py:190} INFO - [2026-08-12T05:40:43.355+0000] {dagbag.py:587} INFO - Filling up the DagBag from /home/airflow/.local/lib/python3.12/site-packages/airflow/example_dags/example_nested_branch_dag.py
[2026-08-12T05:40:43.371+0000] {processor.py:925} INFO - DAG(s) 'example_nested_branch_dag' retrieved from /home/airflow/.local/lib/python3.12/site-packages/airflow/example_dags/example_nested_branch_dag.py
[2026-08-12T05:40:43.399+0000] {logging_mixin.py:190} INFO - [2026-08-12T05:40:43.399+0000] {dag.py:3211} INFO - Sync 1 DAGs
[2026-08-12T05:40:43.430+0000] {logging_mixin.py:190} INFO - [2026-08-12T05:40:43.430+0000] {dag.py:4138} INFO - Setting next_dagrun for example_nested_branch_dag to 2026-08-11 00:00:00+00:00, run_after=2026-08-12 00:00:00+00:00
[2026-08-12T05:40:43.455+0000] {processor.py:208} INFO - Processing /home/airflow/.local/lib/python3.12/site-packages/airflow/example_dags/example_nested_branch_dag.py took 0.126 seconds
[2026-08-12T05:41:13.660+0000] {processor.py:186} INFO - Started process (PID=8508) to work on /home/airflow/.local/lib/python3.12/site-packages/airflow/example_dags/example_nested_branch_dag.py
[2026-08-12T05:41:13.663+0000] {processor.py:914} INFO - Processing file /home/airflow/.local/lib/python3.12/site-packages/airflow/example_dags/example_nested_branch_dag.py for tasks to queue
[2026-08-12T05:41:13.670+0000] {logging_mixin.py:190} INFO - [2026-08-12T05:41:13.669+0000] {dagbag.py:587} INFO - Filling up the DagBag from /home/airflow/.local/lib/python3.12/site-packages/airflow/example_dags/example_nested_branch_dag.py
[2026-08-12T05:41:13.685+0000] {processor.py:925} INFO - DAG(s) 'example_nested_branch_dag' retrieved from /home/airflow/.local/lib/python3.12/site-packages/airflow/example_dags/example_nested_branch_dag.py
[2026-08-12T05:41:13.710+0000] {logging_mixin.py:190} INFO - [2026-08-12T05:41:13.710+0000] {dag.py:3211} INFO - Sync 1 DAGs
[2026-08-12T05:41:13.735+0000] {logging_mixin.py:190} INFO - [2026-08-12T05:41:13.734+0000] {dag.py:4138} INFO - Setting next_dagrun for example_nested_branch_dag to 2026-08-11 00:00:00+00:00, run_after=2026-08-12 00:00:00+00:00
[2026-08-12T05:41:13.757+0000] {processor.py:208} INFO - Processing /home/airflow/.local/lib/python3.12/site-packages/airflow/example_dags/example_nested_branch_dag.py took 0.110 seconds
[2026-08-12T05:41:44.586+0000] {processor.py:186} INFO - Started process (PID=8571) to work on /home/airflow/.local/lib/python3.12/site-packages/airflow/example_dags/example_nested_branch_dag.py
[2026-08-12T05:41:44.590+0000] {processor.py:914} INFO - Processing file /home/airflow/.local/lib/python3.12/site-packages/airflow/example_dags/example_nested_branch_dag.py for tasks to queue
[2026-08-12T05:41:44.598+0000] {logging_mixin.py:190} INFO - [2026-08-12T05:41:44.597+0000] {dagbag.py:587} INFO - Filling up the DagBag from /home/airflow/.local/lib/python3.12/site-packages/airflow/example_dags/example_nested_branch_dag.py
[2026-08-12T05:41:44.629+0000] {processor.py:925} INFO - DAG(s) 'example_nested_branch_dag' retrieved from /home/airflow/.local/lib/python3.12/site-packages/airflow/example_dags/example_nested_branch_dag.py
[2026-08-12T05:41:44.690+0000] {logging_mixin.py:190} INFO - [2026-08-12T05:41:44.690+0000] {dag.py:3211} INFO - Sync 1 DAGs
[2026-08-12T05:41:44.732+0000] {logging_mixin.py:190} INFO - [2026-08-12T05:41:44.732+0000] {dag.py:4138} INFO - Setting next_dagrun for example_nested_branch_dag to 2026-08-11 00:00:00+00:00, run_after=2026-08-12 00:00:00+00:00
[2026-08-12T05:41:44.760+0000] {processor.py:208} INFO - Processing /home/airflow/.local/lib/python3.12/site-packages/airflow/example_dags/example_nested_branch_dag.py took 0.188 seconds
[2026-08-12T05:42:15.518+0000] {processor.py:186} INFO - Started process (PID=8634) to work on /home/airflow/.local/lib/python3.12/site-packages/airflow/example_dags/example_nested_branch_dag.py
[2026-08-12T05:42:15.521+0000] {processor.py:914} INFO - Processing file /home/airflow/.local/lib/python3.12/site-packages/airflow/example_dags/example_nested_branch_dag.py for tasks to queue
[2026-08-12T05:42:15.525+0000] {logging_mixin.py:190} INFO - [2026-08-12T05:42:15.524+0000] {dagbag.py:587} INFO - Filling up the DagBag from /home/airflow/.local/lib/python3.12/site-packages/airflow/example_dags/example_nested_branch_dag.py
[2026-08-12T05:42:15.539+0000] {processor.py:925} INFO - DAG(s) 'example_nested_branch_dag' retrieved from /home/airflow/.local/lib/python3.12/site-packages/airflow/example_dags/example_nested_branch_dag.py
[2026-08-12T05:42:15.562+0000] {logging_mixin.py:190} INFO - [2026-08-12T05:42:15.562+0000] {dag.py:3211} INFO - Sync 1 DAGs
[2026-08-12T05:42:15.596+0000] {logging_mixin.py:190} INFO - [2026-08-12T05:42:15.596+0000] {dag.py:4138} INFO - Setting next_dagrun for example_nested_branch_dag to 2026-08-11 00:00:00+00:00, run_after=2026-08-12 00:00:00+00:00
[2026-08-12T05:42:15.627+0000] {processor.py:208} INFO - Processing /home/airflow/.local/lib/python3.12/site-packages/airflow/example_dags/example_nested_branch_dag.py took 0.116 seconds
[2026-08-12T05:42:45.824+0000] {processor.py:186} INFO - Started process (PID=8697) to work on /home/airflow/.local/lib/python3.12/site-packages/airflow/example_dags/example_nested_branch_dag.py
[2026-08-12T05:42:45.827+0000] {processor.py:914} INFO - Processing file /home/airflow/.local/lib/python3.12/site-packages/airflow/example_dags/example_nested_branch_dag.py for tasks to queue
[2026-08-12T05:42:45.832+0000] {logging_mixin.py:190} INFO - [2026-08-12T05:42:45.831+0000] {dagbag.py:587} INFO - Filling up the DagBag from /home/airflow/.local/lib/python3.12/site-packages/airflow/example_dags/example_nested_branch_dag.py
[2026-08-12T05:42:45.845+0000] {processor.py:925} INFO - DAG(s) 'example_nested_branch_dag' retrieved from /home/airflow/.local/lib/python3.12/site-packages/airflow/example_dags/example_nested_branch_dag.py
[2026-08-12T05:42:45.870+0000] {logging_mixin.py:190} INFO - [2026-08-12T05:42:45.870+0000] {dag.py:3211} INFO - Sync 1 DAGs
[2026-08-12T05:42:45.898+0000] {logging_mixin.py:190} INFO - [2026-08-12T05:42:45.897+0000] {dag.py:4138} INFO - Setting next_dagrun for example_nested_branch_dag to 2026-08-11 00:00:00+00:00, run_after=2026-08-12 00:00:00+00:00
[2026-08-12T05:42:45.923+0000] {processor.py:208} INFO - Processing /home/airflow/.local/lib/python3.12/site-packages/airflow/example_dags/example_nested_branch_dag.py took 0.105 seconds
[2026-08-12T05:43:16.828+0000] {processor.py:186} INFO - Started process (PID=8761) to work on /home/airflow/.local/lib/python3.12/site-packages/airflow/example_dags/example_nested_branch_dag.py
[2026-08-12T05:43:16.832+0000] {processor.py:914} INFO - Processing file /home/airflow/.local/lib/python3.12/site-packages/airflow/example_dags/example_nested_branch_dag.py for tasks to queue
[2026-08-12T05:43:16.837+0000] {logging_mixin.py:190} INFO - [2026-08-12T05:43:16.836+0000] {dagbag.py:587} INFO - Filling up the DagBag from /home/airflow/.local/lib/python3.12/site-packages/airflow/example_dags/example_nested_branch_dag.py
[2026-08-12T05:43:16.853+0000] {processor.py:925} INFO - DAG(s) 'example_nested_branch_dag' retrieved from /home/airflow/.local/lib/python3.12/site-packages/airflow/example_dags/example_nested_branch_dag.py
[2026-08-12T05:43:16.889+0000] {logging_mixin.py:190} INFO - [2026-08-12T05:43:16.889+0000] {dag.py:3211} INFO - Sync 1 DAGs
[2026-08-12T05:43:16.925+0000] {logging_mixin.py:190} INFO - [2026-08-12T05:43:16.925+0000] {dag.py:4138} INFO - Setting next_dagrun for example_nested_branch_dag to 2026-08-11 00:00:00+00:00, run_after=2026-08-12 00:00:00+00:00
[2026-08-12T05:43:16.957+0000] {processor.py:208} INFO - Processing /home/airflow/.local/lib/python3.12/site-packages/airflow/example_dags/example_nested_branch_dag.py took 0.139 seconds
[2026-08-12T05:43:47.160+0000] {processor.py:186} INFO - Started process (PID=8824) to work on /home/airflow/.local/lib/python3.12/site-packages/airflow/example_dags/example_nested_branch_dag.py
[2026-08-12T05:43:47.163+0000] {processor.py:914} INFO - Processing file /home/airflow/.local/lib/python3.12/site-packages/airflow/example_dags/example_nested_branch_dag.py for tasks to queue
[2026-08-12T05:43:47.166+0000] {logging_mixin.py:190} INFO - [2026-08-12T05:43:47.166+0000] {dagbag.py:587} INFO - Filling up the DagBag from /home/airflow/.local/lib/python3.12/site-packages/airflow/example_dags/example_nested_branch_dag.py
[2026-08-12T05:43:47.183+0000] {processor.py:925} INFO - DAG(s) 'example_nested_branch_dag' retrieved from /home/airflow/.local/lib/python3.12/site-packages/airflow/example_dags/example_nested_branch_dag.py
[2026-08-12T05:43:47.211+0000] {logging_mixin.py:190} INFO - [2026-08-12T05:43:47.210+0000] {dag.py:3211} INFO - Sync 1 DAGs
[2026-08-12T05:43:47.241+0000] {logging_mixin.py:190} INFO - [2026-08-12T05:43:47.241+0000] {dag.py:4138} INFO - Setting next_dagrun for example_nested_branch_dag to 2026-08-11 00:00:00+00:00, run_after=2026-08-12 00:00:00+00:00
[2026-08-12T05:43:47.268+0000] {processor.py:208} INFO - Processing /home/airflow/.local/lib/python3.12/site-packages/airflow/example_dags/example_nested_branch_dag.py took 0.114 seconds
[2026-08-12T05:44:17.719+0000] {processor.py:186} INFO - Started process (PID=8887) to work on /home/airflow/.local/lib/python3.12/site-packages/airflow/example_dags/example_nested_branch_dag.py
[2026-08-12T05:44:17.725+0000] {processor.py:914} INFO - Processing file /home/airflow/.local/lib/python3.12/site-packages/airflow/example_dags/example_nested_branch_dag.py for tasks to queue
[2026-08-12T05:44:17.737+0000] {logging_mixin.py:190} INFO - [2026-08-12T05:44:17.734+0000] {dagbag.py:587} INFO - Filling up the DagBag from /home/airflow/.local/lib/python3.12/site-packages/airflow/example_dags/example_nested_branch_dag.py
[2026-08-12T05:44:17.765+0000] {processor.py:925} INFO - DAG(s) 'example_nested_branch_dag' retrieved from /home/airflow/.local/lib/python3.12/site-packages/airflow/example_dags/example_nested_branch_dag.py
[2026-08-12T05:44:17.791+0000] {logging_mixin.py:190} INFO - [2026-08-12T05:44:17.791+0000] {dag.py:3211} INFO - Sync 1 DAGs
[2026-08-12T05:44:17.817+0000] {logging_mixin.py:190} INFO - [2026-08-12T05:44:17.817+0000] {dag.py:4138} INFO - Setting next_dagrun for example_nested_branch_dag to 2026-08-11 00:00:00+00:00, run_after=2026-08-12 00:00:00+00:00
[2026-08-12T05:44:17.851+0000] {processor.py:208} INFO - Processing /home/airflow/.local/lib/python3.12/site-packages/airflow/example_dags/example_nested_branch_dag.py took 0.147 seconds
[2026-08-12T05:44:48.491+0000] {processor.py:186} INFO - Started process (PID=8950) to work on /home/airflow/.local/lib/python3.12/site-packages/airflow/example_dags/example_nested_branch_dag.py
[2026-08-12T05:44:48.494+0000] {processor.py:914} INFO - Processing file /home/airflow/.local/lib/python3.12/site-packages/airflow/example_dags/example_nested_branch_dag.py for tasks to queue
[2026-08-12T05:44:48.498+0000] {logging_mixin.py:190} INFO - [2026-08-12T05:44:48.497+0000] {dagbag.py:587} INFO - Filling up the DagBag from /home/airflow/.local/lib/python3.12/site-packages/airflow/example_dags/example_nested_branch_dag.py
[2026-08-12T05:44:48.513+0000] {processor.py:925} INFO - DAG(s) 'example_nested_branch_dag' retrieved from /home/airflow/.local/lib/python3.12/site-packages/airflow/example_dags/example_nested_branch_dag.py
[2026-08-12T05:44:48.535+0000] {logging_mixin.py:190} INFO - [2026-08-12T05:44:48.535+0000] {dag.py:3211} INFO - Sync 1 DAGs
[2026-08-12T05:44:48.561+0000] {logging_mixin.py:190} INFO - [2026-08-12T05:44:48.561+0000] {dag.py:4138} INFO - Setting next_dagrun for example_nested_branch_dag to 2026-08-11 00:00:00+00:00, run_after=2026-08-12 00:00:00+00:00
[2026-08-12T05:44:48.582+0000] {processor.py:208} INFO - Processing /home/airflow/.local/lib/python3.12/site-packages/airflow/example_dags/example_nested_branch_dag.py took 0.096 seconds
[2026-08-12T05:45:18.911+0000] {processor.py:186} INFO - Started process (PID=9013) to work on /home/airflow/.local/lib/python3.12/site-packages/airflow/example_dags/example_nested_branch_dag.py
[2026-08-12T05:45:18.913+0000] {processor.py:914} INFO - Processing file /home/airflow/.local/lib/python3.12/site-packages/airflow/example_dags/example_nested_branch_dag.py for tasks to queue
[2026-08-12T05:45:18.921+0000] {logging_mixin.py:190} INFO - [2026-08-12T05:45:18.920+0000] {dagbag.py:587} INFO - Filling up the DagBag from /home/airflow/.local/lib/python3.12/site-packages/airflow/example_dags/example_nested_branch_dag.py
[2026-08-12T05:45:18.941+0000] {processor.py:925} INFO - DAG(s) 'example_nested_branch_dag' retrieved from /home/airflow/.local/lib/python3.12/site-packages/airflow/example_dags/example_nested_branch_dag.py
[2026-08-12T05:45:18.967+0000] {logging_mixin.py:190} INFO - [2026-08-12T05:45:18.966+0000] {dag.py:3211} INFO - Sync 1 DAGs
[2026-08-12T05:45:18.993+0000] {logging_mixin.py:190} INFO - [2026-08-12T05:45:18.993+0000] {dag.py:4138} INFO - Setting next_dagrun for example_nested_branch_dag to 2026-08-11 00:00:00+00:00, run_after=2026-08-12 00:00:00+00:00
[2026-08-12T05:45:19.023+0000] {processor.py:208} INFO - Processing /home/airflow/.local/lib/python3.12/site-packages/airflow/example_dags/example_nested_branch_dag.py took 0.118 seconds
[2026-08-12T05:45:49.333+0000] {processor.py:186} INFO - Started process (PID=9076) to work on /home/airflow/.local/lib/python3.12/site-packages/airflow/example_dags/example_nested_branch_dag.py
[2026-08-12T05:45:49.336+0000] {processor.py:914} INFO - Processing file /home/airflow/.local/lib/python3.12/site-packages/airflow/example_dags/example_nested_branch_dag.py for tasks to queue
[2026-08-12T05:45:49.343+0000] {logging_mixin.py:190} INFO - [2026-08-12T05:45:49.343+0000] {dagbag.py:587} INFO - Filling up the DagBag from /home/airflow/.local/lib/python3.12/site-packages/airflow/example_dags/example_nested_branch_dag.py
[2026-08-12T05:45:49.361+0000] {processor.py:925} INFO - DAG(s) 'example_nested_branch_dag' retrieved from /home/airflow/.local/lib/python3.12/site-packages/airflow/example_dags/example_nested_branch_dag.py
[2026-08-12T05:45:49.387+0000] {logging_mixin.py:190} INFO - [2026-08-12T05:45:49.387+0000] {dag.py:3211} INFO - Sync 1 DAGs
[2026-08-12T05:45:49.417+0000] {logging_mixin.py:190} INFO - [2026-08-12T05:45:49.417+0000] {dag.py:4138} INFO - Setting next_dagrun for example_nested_branch_dag to 2026-08-11 00:00:00+00:00, run_after=2026-08-12 00:00:00+00:00
[2026-08-12T05:45:49.443+0000] {processor.py:208} INFO - Processing /home/airflow/.local/lib/python3.12/site-packages/airflow/example_dags/example_nested_branch_dag.py took 0.120 seconds
[2026-08-12T05:46:19.791+0000] {processor.py:186} INFO - Started process (PID=9139) to work on /home/airflow/.local/lib/python3.12/site-packages/airflow/example_dags/example_nested_branch_dag.py
[2026-08-12T05:46:19.793+0000] {processor.py:914} INFO - Processing file /home/airflow/.local/lib/python3.12/site-packages/airflow/example_dags/example_nested_branch_dag.py for tasks to queue
[2026-08-12T05:46:19.799+0000] {logging_mixin.py:190} INFO - [2026-08-12T05:46:19.798+0000] {dagbag.py:587} INFO - Filling up the DagBag from /home/airflow/.local/lib/python3.12/site-packages/airflow/example_dags/example_nested_branch_dag.py
[2026-08-12T05:46:19.813+0000] {processor.py:925} INFO - DAG(s) 'example_nested_branch_dag' retrieved from /home/airflow/.local/lib/python3.12/site-packages/airflow/example_dags/example_nested_branch_dag.py
[2026-08-12T05:46:19.837+0000] {logging_mixin.py:190} INFO - [2026-08-12T05:46:19.837+0000] {dag.py:3211} INFO - Sync 1 DAGs
[2026-08-12T05:46:19.866+0000] {logging_mixin.py:190} INFO - [2026-08-12T05:46:19.866+0000] {dag.py:4138} INFO - Setting next_dagrun for example_nested_branch_dag to 2026-08-11 00:00:00+00:00, run_after=2026-08-12 00:00:00+00:00
[2026-08-12T05:46:19.891+0000] {processor.py:208} INFO - Processing /home/airflow/.local/lib/python3.12/site-packages/airflow/example_dags/example_nested_branch_dag.py took 0.106 seconds
[2026-08-12T05:46:50.438+0000] {processor.py:186} INFO - Started process (PID=9202) to work on /home/airflow/.local/lib/python3.12/site-packages/airflow/example_dags/example_nested_branch_dag.py
[2026-08-12T05:46:50.441+0000] {processor.py:914} INFO - Processing file /home/airflow/.local/lib/python3.12/site-packages/airflow/example_dags/example_nested_branch_dag.py for tasks to queue
[2026-08-12T05:46:50.445+0000] {logging_mixin.py:190} INFO - [2026-08-12T05:46:50.444+0000] {dagbag.py:587} INFO - Filling up the DagBag from /home/airflow/.local/lib/python3.12/site-packages/airflow/example_dags/example_nested_branch_dag.py
[2026-08-12T05:46:50.459+0000] {processor.py:925} INFO - DAG(s) 'example_nested_branch_dag' retrieved from /home/airflow/.local/lib/python3.12/site-packages/airflow/example_dags/example_nested_branch_dag.py
[2026-08-12T05:46:50.488+0000] {logging_mixin.py:190} INFO - [2026-08-12T05:46:50.488+0000] {dag.py:3211} INFO - Sync 1 DAGs
[2026-08-12T05:46:50.517+0000] {logging_mixin.py:190} INFO - [2026-08-12T05:46:50.517+0000] {dag.py:4138} INFO - Setting next_dagrun for example_nested_branch_dag to 2026-08-11 00:00:00+00:00, run_after=2026-08-12 00:00:00+00:00
[2026-08-12T05:46:50.541+0000] {processor.py:208} INFO - Processing /home/airflow/.local/lib/python3.12/site-packages/airflow/example_dags/example_nested_branch_dag.py took 0.110 seconds
[2026-08-12T05:47:20.849+0000] {processor.py:186} INFO - Started process (PID=9265) to work on /home/airflow/.local/lib/python3.12/site-packages/airflow/example_dags/example_nested_branch_dag.py
[2026-08-12T05:47:20.852+0000] {processor.py:914} INFO - Processing file /home/airflow/.local/lib/python3.12/site-packages/airflow/example_dags/example_nested_branch_dag.py for tasks to queue
[2026-08-12T05:47:20.858+0000] {logging_mixin.py:190} INFO - [2026-08-12T05:47:20.857+0000] {dagbag.py:587} INFO - Filling up the DagBag from /home/airflow/.local/lib/python3.12/site-packages/airflow/example_dags/example_nested_branch_dag.py
[2026-08-12T05:47:20.881+0000] {processor.py:925} INFO - DAG(s) 'example_nested_branch_dag' retrieved from /home/airflow/.local/lib/python3.12/site-packages/airflow/example_dags/example_nested_branch_dag.py
[2026-08-12T05:47:20.908+0000] {logging_mixin.py:190} INFO - [2026-08-12T05:47:20.908+0000] {dag.py:3211} INFO - Sync 1 DAGs
[2026-08-12T05:47:20.937+0000] {logging_mixin.py:190} INFO - [2026-08-12T05:47:20.937+0000] {dag.py:4138} INFO - Setting next_dagrun for example_nested_branch_dag to 2026-08-11 00:00:00+00:00, run_after=2026-08-12 00:00:00+00:00
[2026-08-12T05:47:20.962+0000] {processor.py:208} INFO - Processing /home/airflow/.local/lib/python3.12/site-packages/airflow/example_dags/example_nested_branch_dag.py took 0.123 seconds
[2026-08-12T05:47:51.803+0000] {processor.py:186} INFO - Started process (PID=9328) to work on /home/airflow/.local/lib/python3.12/site-packages/airflow/example_dags/example_nested_branch_dag.py
[2026-08-12T05:47:51.806+0000] {processor.py:914} INFO - Processing file /home/airflow/.local/lib/python3.12/site-packages/airflow/example_dags/example_nested_branch_dag.py for tasks to queue
[2026-08-12T05:47:51.810+0000] {logging_mixin.py:190} INFO - [2026-08-12T05:47:51.810+0000] {dagbag.py:587} INFO - Filling up the DagBag from /home/airflow/.local/lib/python3.12/site-packages/airflow/example_dags/example_nested_branch_dag.py
[2026-08-12T05:47:51.828+0000] {processor.py:925} INFO - DAG(s) 'example_nested_branch_dag' retrieved from /home/airflow/.local/lib/python3.12/site-packages/airflow/example_dags/example_nested_branch_dag.py
[2026-08-12T05:47:51.858+0000] {logging_mixin.py:190} INFO - [2026-08-12T05:47:51.858+0000] {dag.py:3211} INFO - Sync 1 DAGs
[2026-08-12T05:47:51.890+0000] {logging_mixin.py:190} INFO - [2026-08-12T05:47:51.889+0000] {dag.py:4138} INFO - Setting next_dagrun for example_nested_branch_dag to 2026-08-11 00:00:00+00:00, run_after=2026-08-12 00:00:00+00:00
[2026-08-12T05:47:51.915+0000] {processor.py:208} INFO - Processing /home/airflow/.local/lib/python3.12/site-packages/airflow/example_dags/example_nested_branch_dag.py took 0.123 seconds
[2026-08-12T05:48:22.455+0000] {processor.py:186} INFO - Started process (PID=9391) to work on /home/airflow/.local/lib/python3.12/site-packages/airflow/example_dags/example_nested_branch_dag.py
[2026-08-12T05:48:22.457+0000] {processor.py:914} INFO - Processing file /home/airflow/.local/lib/python3.12/site-packages/airflow/example_dags/example_nested_branch_dag.py for tasks to queue
[2026-08-12T05:48:22.462+0000] {logging_mixin.py:190} INFO - [2026-08-12T05:48:22.461+0000] {dagbag.py:587} INFO - Filling up the DagBag from /home/airflow/.local/lib/python3.12/site-packages/airflow/example_dags/example_nested_branch_dag.py
[2026-08-12T05:48:22.478+0000] {processor.py:925} INFO - DAG(s) 'example_nested_branch_dag' retrieved from /home/airflow/.local/lib/python3.12/site-packages/airflow/example_dags/example_nested_branch_dag.py
[2026-08-12T05:48:22.508+0000] {logging_mixin.py:190} INFO - [2026-08-12T05:48:22.508+0000] {dag.py:3211} INFO - Sync 1 DAGs
[2026-08-12T05:48:22.543+0000] {logging_mixin.py:190} INFO - [2026-08-12T05:48:22.542+0000] {dag.py:4138} INFO - Setting next_dagrun for example_nested_branch_dag to 2026-08-11 00:00:00+00:00, run_after=2026-08-12 00:00:00+00:00
[2026-08-12T05:48:22.573+0000] {processor.py:208} INFO - Processing /home/airflow/.local/lib/python3.12/site-packages/airflow/example_dags/example_nested_branch_dag.py took 0.127 seconds
[2026-08-12T05:48:52.926+0000] {processor.py:186} INFO - Started process (PID=9454) to work on /home/airflow/.local/lib/python3.12/site-packages/airflow/example_dags/example_nested_branch_dag.py
[2026-08-12T05:48:52.928+0000] {processor.py:914} INFO - Processing file /home/airflow/.local/lib/python3.12/site-packages/airflow/example_dags/example_nested_branch_dag.py for tasks to queue
[2026-08-12T05:48:52.932+0000] {logging_mixin.py:190} INFO - [2026-08-12T05:48:52.932+0000] {dagbag.py:587} INFO - Filling up the DagBag from /home/airflow/.local/lib/python3.12/site-packages/airflow/example_dags/example_nested_branch_dag.py
[2026-08-12T05:48:52.945+0000] {processor.py:925} INFO - DAG(s) 'example_nested_branch_dag' retrieved from /home/airflow/.local/lib/python3.12/site-packages/airflow/example_dags/example_nested_branch_dag.py
[2026-08-12T05:48:52.967+0000] {logging_mixin.py:190} INFO - [2026-08-12T05:48:52.967+0000] {dag.py:3211} INFO - Sync 1 DAGs
[2026-08-12T05:48:52.993+0000] {logging_mixin.py:190} INFO - [2026-08-12T05:48:52.993+0000] {dag.py:4138} INFO - Setting next_dagrun for example_nested_branch_dag to 2026-08-11 00:00:00+00:00, run_after=2026-08-12 00:00:00+00:00
[2026-08-12T05:48:53.017+0000] {processor.py:208} INFO - Processing /home/airflow/.local/lib/python3.12/site-packages/airflow/example_dags/example_nested_branch_dag.py took 0.098 seconds
[2026-08-12T05:49:23.475+0000] {processor.py:186} INFO - Started process (PID=9517) to work on /home/airflow/.local/lib/python3.12/site-packages/airflow/example_dags/example_nested_branch_dag.py
[2026-08-12T05:49:23.478+0000] {processor.py:914} INFO - Processing file /home/airflow/.local/lib/python3.12/site-packages/airflow/example_dags/example_nested_branch_dag.py for tasks to queue
[2026-08-12T05:49:23.482+0000] {logging_mixin.py:190} INFO - [2026-08-12T05:49:23.481+0000] {dagbag.py:587} INFO - Filling up the DagBag from /home/airflow/.local/lib/python3.12/site-packages/airflow/example_dags/example_nested_branch_dag.py
[2026-08-12T05:49:23.495+0000] {processor.py:925} INFO - DAG(s) 'example_nested_branch_dag' retrieved from /home/airflow/.local/lib/python3.12/site-packages/airflow/example_dags/example_nested_branch_dag.py
[2026-08-12T05:49:23.520+0000] {logging_mixin.py:190} INFO - [2026-08-12T05:49:23.520+0000] {dag.py:3211} INFO - Sync 1 DAGs
[2026-08-12T05:49:23.546+0000] {logging_mixin.py:190} INFO - [2026-08-12T05:49:23.546+0000] {dag.py:4138} INFO - Setting next_dagrun for example_nested_branch_dag to 2026-08-11 00:00:00+00:00, run_after=2026-08-12 00:00:00+00:00
[2026-08-12T05:49:23.569+0000] {processor.py:208} INFO - Processing /home/airflow/.local/lib/python3.12/site-packages/airflow/example_dags/example_nested_branch_dag.py took 0.099 seconds
[2026-08-12T05:49:54.097+0000] {processor.py:186} INFO - Started process (PID=9581) to work on /home/airflow/.local/lib/python3.12/site-packages/airflow/example_dags/example_nested_branch_dag.py
[2026-08-12T05:49:54.099+0000] {processor.py:914} INFO - Processing file /home/airflow/.local/lib/python3.12/site-packages/airflow/example_dags/example_nested_branch_dag.py for tasks to queue
[2026-08-12T05:49:54.103+0000] {logging_mixin.py:190} INFO - [2026-08-12T05:49:54.103+0000] {dagbag.py:587} INFO - Filling up the DagBag from /home/airflow/.local/lib/python3.12/site-packages/airflow/example_dags/example_nested_branch_dag.py
[2026-08-12T05:49:54.118+0000] {processor.py:925} INFO - DAG(s) 'example_nested_branch_dag' retrieved from /home/airflow/.local/lib/python3.12/site-packages/airflow/example_dags/example_nested_branch_dag.py
[2026-08-12T05:49:54.146+0000] {logging_mixin.py:190} INFO - [2026-08-12T05:49:54.146+0000] {dag.py:3211} INFO - Sync 1 DAGs
[2026-08-12T05:49:54.171+0000] {logging_mixin.py:190} INFO - [2026-08-12T05:49:54.171+0000] {dag.py:4138} INFO - Setting next_dagrun for example_nested_branch_dag to 2026-08-11 00:00:00+00:00, run_after=2026-08-12 00:00:00+00:00
[2026-08-12T05:49:54.200+0000] {processor.py:208} INFO - Processing /home/airflow/.local/lib/python3.12/site-packages/airflow/example_dags/example_nested_branch_dag.py took 0.109 seconds
[2026-08-12T05:50:24.459+0000] {processor.py:186} INFO - Started process (PID=9644) to work on /home/airflow/.local/lib/python3.12/site-packages/airflow/example_dags/example_nested_branch_dag.py
[2026-08-12T05:50:24.462+0000] {processor.py:914} INFO - Processing file /home/airflow/.local/lib/python3.12/site-packages/airflow/example_dags/example_nested_branch_dag.py for tasks to queue
[2026-08-12T05:50:24.468+0000] {logging_mixin.py:190} INFO - [2026-08-12T05:50:24.467+0000] {dagbag.py:587} INFO - Filling up the DagBag from /home/airflow/.local/lib/python3.12/site-packages/airflow/example_dags/example_nested_branch_dag.py
[2026-08-12T05:50:24.483+0000] {processor.py:925} INFO - DAG(s) 'example_nested_branch_dag' retrieved from /home/airflow/.local/lib/python3.12/site-packages/airflow/example_dags/example_nested_branch_dag.py
[2026-08-12T05:50:24.517+0000] {logging_mixin.py:190} INFO - [2026-08-12T05:50:24.516+0000] {dag.py:3211} INFO - Sync 1 DAGs
[2026-08-12T05:50:24.545+0000] {logging_mixin.py:190} INFO - [2026-08-12T05:50:24.544+0000] {dag.py:4138} INFO - Setting next_dagrun for example_nested_branch_dag to 2026-08-11 00:00:00+00:00, run_after=2026-08-12 00:00:00+00:00
[2026-08-12T05:50:24.574+0000] {processor.py:208} INFO - Processing /home/airflow/.local/lib/python3.12/site-packages/airflow/example_dags/example_nested_branch_dag.py took 0.121 seconds
[2026-08-12T05:50:54.749+0000] {processor.py:186} INFO - Started process (PID=9707) to work on /home/airflow/.local/lib/python3.12/site-packages/airflow/example_dags/example_nested_branch_dag.py
[2026-08-12T05:50:54.754+0000] {processor.py:914} INFO - Processing file /home/airflow/.local/lib/python3.12/site-packages/airflow/example_dags/example_nested_branch_dag.py for tasks to queue
[2026-08-12T05:50:54.762+0000] {logging_mixin.py:190} INFO - [2026-08-12T05:50:54.761+0000] {dagbag.py:587} INFO - Filling up the DagBag from /home/airflow/.local/lib/python3.12/site-packages/airflow/example_dags/example_nested_branch_dag.py
[2026-08-12T05:50:54.793+0000] {processor.py:925} INFO - DAG(s) 'example_nested_branch_dag' retrieved from /home/airflow/.local/lib/python3.12/site-packages/airflow/example_dags/example_nested_branch_dag.py
[2026-08-12T05:50:54.819+0000] {logging_mixin.py:190} INFO - [2026-08-12T05:50:54.818+0000] {dag.py:3211} INFO - Sync 1 DAGs
[2026-08-12T05:50:54.850+0000] {logging_mixin.py:190} INFO - [2026-08-12T05:50:54.850+0000] {dag.py:4138} INFO - Setting next_dagrun for example_nested_branch_dag to 2026-08-11 00:00:00+00:00, run_after=2026-08-12 00:00:00+00:00
[2026-08-12T05:50:54.875+0000] {processor.py:208} INFO - Processing /home/airflow/.local/lib/python3.12/site-packages/airflow/example_dags/example_nested_branch_dag.py took 0.136 seconds
[2026-08-12T05:51:25.383+0000] {processor.py:186} INFO - Started process (PID=9770) to work on /home/airflow/.local/lib/python3.12/site-packages/airflow/example_dags/example_nested_branch_dag.py
[2026-08-12T05:51:25.387+0000] {processor.py:914} INFO - Processing file /home/airflow/.local/lib/python3.12/site-packages/airflow/example_dags/example_nested_branch_dag.py for tasks to queue
[2026-08-12T05:51:25.394+0000] {logging_mixin.py:190} INFO - [2026-08-12T05:51:25.393+0000] {dagbag.py:587} INFO - Filling up the DagBag from /home/airflow/.local/lib/python3.12/site-packages/airflow/example_dags/example_nested_branch_dag.py
[2026-08-12T05:51:25.423+0000] {processor.py:925} INFO - DAG(s) 'example_nested_branch_dag' retrieved from /home/airflow/.local/lib/python3.12/site-packages/airflow/example_dags/example_nested_branch_dag.py
[2026-08-12T05:51:25.454+0000] {logging_mixin.py:190} INFO - [2026-08-12T05:51:25.453+0000] {dag.py:3211} INFO - Sync 1 DAGs
[2026-08-12T05:51:25.483+0000] {logging_mixin.py:190} INFO - [2026-08-12T05:51:25.483+0000] {dag.py:4138} INFO - Setting next_dagrun for example_nested_branch_dag to 2026-08-11 00:00:00+00:00, run_after=2026-08-12 00:00:00+00:00
[2026-08-12T05:51:25.509+0000] {processor.py:208} INFO - Processing /home/airflow/.local/lib/python3.12/site-packages/airflow/example_dags/example_nested_branch_dag.py took 0.138 seconds
[2026-08-12T05:51:55.894+0000] {processor.py:186} INFO - Started process (PID=9833) to work on /home/airflow/.local/lib/python3.12/site-packages/airflow/example_dags/example_nested_branch_dag.py
[2026-08-12T05:51:55.898+0000] {processor.py:914} INFO - Processing file /home/airflow/.local/lib/python3.12/site-packages/airflow/example_dags/example_nested_branch_dag.py for tasks to queue
[2026-08-12T05:51:55.902+0000] {logging_mixin.py:190} INFO - [2026-08-12T05:51:55.902+0000] {dagbag.py:587} INFO - Filling up the DagBag from /home/airflow/.local/lib/python3.12/site-packages/airflow/example_dags/example_nested_branch_dag.py
[2026-08-12T05:51:55.918+0000] {processor.py:925} INFO - DAG(s) 'example_nested_branch_dag' retrieved from /home/airflow/.local/lib/python3.12/site-packages/airflow/example_dags/example_nested_branch_dag.py
[2026-08-12T05:51:55.944+0000] {logging_mixin.py:190} INFO - [2026-08-12T05:51:55.944+0000] {dag.py:3211} INFO - Sync 1 DAGs
[2026-08-12T05:51:55.971+0000] {logging_mixin.py:190} INFO - [2026-08-12T05:51:55.971+0000] {dag.py:4138} INFO - Setting next_dagrun for example_nested_branch_dag to 2026-08-11 00:00:00+00:00, run_after=2026-08-12 00:00:00+00:00
[2026-08-12T05:51:55.997+0000] {processor.py:208} INFO - Processing /home/airflow/.local/lib/python3.12/site-packages/airflow/example_dags/example_nested_branch_dag.py took 0.111 seconds
[2026-08-12T05:52:26.656+0000] {processor.py:186} INFO - Started process (PID=9896) to work on /home/airflow/.local/lib/python3.12/site-packages/airflow/example_dags/example_nested_branch_dag.py
[2026-08-12T05:52:26.658+0000] {processor.py:914} INFO - Processing file /home/airflow/.local/lib/python3.12/site-packages/airflow/example_dags/example_nested_branch_dag.py for tasks to queue
[2026-08-12T05:52:26.663+0000] {logging_mixin.py:190} INFO - [2026-08-12T05:52:26.662+0000] {dagbag.py:587} INFO - Filling up the DagBag from /home/airflow/.local/lib/python3.12/site-packages/airflow/example_dags/example_nested_branch_dag.py
[2026-08-12T05:52:26.677+0000] {processor.py:925} INFO - DAG(s) 'example_nested_branch_dag' retrieved from /home/airflow/.local/lib/python3.12/site-packages/airflow/example_dags/example_nested_branch_dag.py
[2026-08-12T05:52:26.711+0000] {logging_mixin.py:190} INFO - [2026-08-12T05:52:26.711+0000] {dag.py:3211} INFO - Sync 1 DAGs
[2026-08-12T05:52:26.739+0000] {logging_mixin.py:190} INFO - [2026-08-12T05:52:26.739+0000] {dag.py:4138} INFO - Setting next_dagrun for example_nested_branch_dag to 2026-08-11 00:00:00+00:00, run_after=2026-08-12 00:00:00+00:00
[2026-08-12T05:52:26.764+0000] {processor.py:208} INFO - Processing /home/airflow/.local/lib/python3.12/site-packages/airflow/example_dags/example_nested_branch_dag.py took 0.115 seconds
[2026-08-12T05:52:57.773+0000] {processor.py:186} INFO - Started process (PID=9959) to work on /home/airflow/.local/lib/python3.12/site-packages/airflow/example_dags/example_nested_branch_dag.py
[2026-08-12T05:52:57.777+0000] {processor.py:914} INFO - Processing file /home/airflow/.local/lib/python3.12/site-packages/airflow/example_dags/example_nested_branch_dag.py for tasks to queue
[2026-08-12T05:52:57.783+0000] {logging_mixin.py:190} INFO - [2026-08-12T05:52:57.783+0000] {dagbag.py:587} INFO - Filling up the DagBag from /home/airflow/.local/lib/python3.12/site-packages/airflow/example_dags/example_nested_branch_dag.py
[2026-08-12T05:52:57.812+0000] {processor.py:925} INFO - DAG(s) 'example_nested_branch_dag' retrieved from /home/airflow/.local/lib/python3.12/site-packages/airflow/example_dags/example_nested_branch_dag.py
[2026-08-12T05:52:57.851+0000] {logging_mixin.py:190} INFO - [2026-08-12T05:52:57.851+0000] {dag.py:3211} INFO - Sync 1 DAGs
[2026-08-12T05:52:57.886+0000] {logging_mixin.py:190} INFO - [2026-08-12T05:52:57.886+0000] {dag.py:4138} INFO - Setting next_dagrun for example_nested_branch_dag to 2026-08-11 00:00:00+00:00, run_after=2026-08-12 00:00:00+00:00
[2026-08-12T05:52:57.923+0000] {processor.py:208} INFO - Processing /home/airflow/.local/lib/python3.12/site-packages/airflow/example_dags/example_nested_branch_dag.py took 0.162 seconds
[2026-08-12T05:53:28.880+0000] {processor.py:186} INFO - Started process (PID=10022) to work on /home/airflow/.local/lib/python3.12/site-packages/airflow/example_dags/example_nested_branch_dag.py
[2026-08-12T05:53:28.883+0000] {processor.py:914} INFO - Processing file /home/airflow/.local/lib/python3.12/site-packages/airflow/example_dags/example_nested_branch_dag.py for tasks to queue
[2026-08-12T05:53:28.887+0000] {logging_mixin.py:190} INFO - [2026-08-12T05:53:28.887+0000] {dagbag.py:587} INFO - Filling up the DagBag from /home/airflow/.local/lib/python3.12/site-packages/airflow/example_dags/example_nested_branch_dag.py
[2026-08-12T05:53:28.901+0000] {processor.py:925} INFO - DAG(s) 'example_nested_branch_dag' retrieved from /home/airflow/.local/lib/python3.12/site-packages/airflow/example_dags/example_nested_branch_dag.py
[2026-08-12T05:53:28.927+0000] {logging_mixin.py:190} INFO - [2026-08-12T05:53:28.927+0000] {dag.py:3211} INFO - Sync 1 DAGs
[2026-08-12T05:53:28.959+0000] {logging_mixin.py:190} INFO - [2026-08-12T05:53:28.959+0000] {dag.py:4138} INFO - Setting next_dagrun for example_nested_branch_dag to 2026-08-11 00:00:00+00:00, run_after=2026-08-12 00:00:00+00:00
[2026-08-12T05:53:28.994+0000] {processor.py:208} INFO - Processing /home/airflow/.local/lib/python3.12/site-packages/airflow/example_dags/example_nested_branch_dag.py took 0.120 seconds
[2026-08-12T05:53:59.611+0000] {processor.py:186} INFO - Started process (PID=10084) to work on /home/airflow/.local/lib/python3.12/site-packages/airflow/example_dags/example_nested_branch_dag.py
[2026-08-12T05:53:59.614+0000] {processor.py:914} INFO - Processing file /home/airflow/.local/lib/python3.12/site-packages/airflow/example_dags/example_nested_branch_dag.py for tasks to queue
[2026-08-12T05:53:59.618+0000] {logging_mixin.py:190} INFO - [2026-08-12T05:53:59.617+0000] {dagbag.py:587} INFO - Filling up the DagBag from /home/airflow/.local/lib/python3.12/site-packages/airflow/example_dags/example_nested_branch_dag.py
[2026-08-12T05:53:59.635+0000] {processor.py:925} INFO - DAG(s) 'example_nested_branch_dag' retrieved from /home/airflow/.local/lib/python3.12/site-packages/airflow/example_dags/example_nested_branch_dag.py
[2026-08-12T05:53:59.663+0000] {logging_mixin.py:190} INFO - [2026-08-12T05:53:59.662+0000] {dag.py:3211} INFO - Sync 1 DAGs
[2026-08-12T05:53:59.706+0000] {logging_mixin.py:190} INFO - [2026-08-12T05:53:59.706+0000] {dag.py:4138} INFO - Setting next_dagrun for example_nested_branch_dag to 2026-08-11 00:00:00+00:00, run_after=2026-08-12 00:00:00+00:00
[2026-08-12T05:53:59.909+0000] {processor.py:208} INFO - Processing /home/airflow/.local/lib/python3.12/site-packages/airflow/example_dags/example_nested_branch_dag.py took 0.303 seconds
[2026-08-12T05:54:30.102+0000] {processor.py:186} INFO - Started process (PID=10147) to work on /home/airflow/.local/lib/python3.12/site-packages/airflow/example_dags/example_nested_branch_dag.py
[2026-08-12T05:54:30.105+0000] {processor.py:914} INFO - Processing file /home/airflow/.local/lib/python3.12/site-packages/airflow/example_dags/example_nested_branch_dag.py for tasks to queue
[2026-08-12T05:54:30.113+0000] {logging_mixin.py:190} INFO - [2026-08-12T05:54:30.112+0000] {dagbag.py:587} INFO - Filling up the DagBag from /home/airflow/.local/lib/python3.12/site-packages/airflow/example_dags/example_nested_branch_dag.py
[2026-08-12T05:54:30.127+0000] {processor.py:925} INFO - DAG(s) 'example_nested_branch_dag' retrieved from /home/airflow/.local/lib/python3.12/site-packages/airflow/example_dags/example_nested_branch_dag.py
[2026-08-12T05:54:30.152+0000] {logging_mixin.py:190} INFO - [2026-08-12T05:54:30.152+0000] {dag.py:3211} INFO - Sync 1 DAGs
[2026-08-12T05:54:30.179+0000] {logging_mixin.py:190} INFO - [2026-08-12T05:54:30.178+0000] {dag.py:4138} INFO - Setting next_dagrun for example_nested_branch_dag to 2026-08-11 00:00:00+00:00, run_after=2026-08-12 00:00:00+00:00
[2026-08-12T05:54:30.392+0000] {processor.py:208} INFO - Processing /home/airflow/.local/lib/python3.12/site-packages/airflow/example_dags/example_nested_branch_dag.py took 0.296 seconds
[2026-08-12T05:55:00.636+0000] {processor.py:186} INFO - Started process (PID=10210) to work on /home/airflow/.local/lib/python3.12/site-packages/airflow/example_dags/example_nested_branch_dag.py
[2026-08-12T05:55:00.638+0000] {processor.py:914} INFO - Processing file /home/airflow/.local/lib/python3.12/site-packages/airflow/example_dags/example_nested_branch_dag.py for tasks to queue
[2026-08-12T05:55:00.642+0000] {logging_mixin.py:190} INFO - [2026-08-12T05:55:00.641+0000] {dagbag.py:587} INFO - Filling up the DagBag from /home/airflow/.local/lib/python3.12/site-packages/airflow/example_dags/example_nested_branch_dag.py
[2026-08-12T05:55:00.655+0000] {processor.py:925} INFO - DAG(s) 'example_nested_branch_dag' retrieved from /home/airflow/.local/lib/python3.12/site-packages/airflow/example_dags/example_nested_branch_dag.py
[2026-08-12T05:55:00.682+0000] {logging_mixin.py:190} INFO - [2026-08-12T05:55:00.681+0000] {dag.py:3211} INFO - Sync 1 DAGs
[2026-08-12T05:55:00.710+0000] {logging_mixin.py:190} INFO - [2026-08-12T05:55:00.709+0000] {dag.py:4138} INFO - Setting next_dagrun for example_nested_branch_dag to 2026-08-11 00:00:00+00:00, run_after=2026-08-12 00:00:00+00:00
[2026-08-12T05:55:00.736+0000] {processor.py:208} INFO - Processing /home/airflow/.local/lib/python3.12/site-packages/airflow/example_dags/example_nested_branch_dag.py took 0.108 seconds
[2026-08-12T05:55:31.319+0000] {processor.py:186} INFO - Started process (PID=10273) to work on /home/airflow/.local/lib/python3.12/site-packages/airflow/example_dags/example_nested_branch_dag.py
[2026-08-12T05:55:31.323+0000] {processor.py:914} INFO - Processing file /home/airflow/.local/lib/python3.12/site-packages/airflow/example_dags/example_nested_branch_dag.py for tasks to queue
[2026-08-12T05:55:31.329+0000] {logging_mixin.py:190} INFO - [2026-08-12T05:55:31.329+0000] {dagbag.py:587} INFO - Filling up the DagBag from /home/airflow/.local/lib/python3.12/site-packages/airflow/example_dags/example_nested_branch_dag.py
[2026-08-12T05:55:31.350+0000] {processor.py:925} INFO - DAG(s) 'example_nested_branch_dag' retrieved from /home/airflow/.local/lib/python3.12/site-packages/airflow/example_dags/example_nested_branch_dag.py
[2026-08-12T05:55:31.387+0000] {logging_mixin.py:190} INFO - [2026-08-12T05:55:31.386+0000] {dag.py:3211} INFO - Sync 1 DAGs
[2026-08-12T05:55:31.426+0000] {logging_mixin.py:190} INFO - [2026-08-12T05:55:31.425+0000] {dag.py:4138} INFO - Setting next_dagrun for example_nested_branch_dag to 2026-08-11 00:00:00+00:00, run_after=2026-08-12 00:00:00+00:00
[2026-08-12T05:55:31.456+0000] {processor.py:208} INFO - Processing /home/airflow/.local/lib/python3.12/site-packages/airflow/example_dags/example_nested_branch_dag.py took 0.148 seconds
[2026-08-12T05:56:01.815+0000] {processor.py:186} INFO - Started process (PID=10337) to work on /home/airflow/.local/lib/python3.12/site-packages/airflow/example_dags/example_nested_branch_dag.py
[2026-08-12T05:56:01.817+0000] {processor.py:914} INFO - Processing file /home/airflow/.local/lib/python3.12/site-packages/airflow/example_dags/example_nested_branch_dag.py for tasks to queue
[2026-08-12T05:56:01.821+0000] {logging_mixin.py:190} INFO - [2026-08-12T05:56:01.821+0000] {dagbag.py:587} INFO - Filling up the DagBag from /home/airflow/.local/lib/python3.12/site-packages/airflow/example_dags/example_nested_branch_dag.py
[2026-08-12T05:56:01.834+0000] {processor.py:925} INFO - DAG(s) 'example_nested_branch_dag' retrieved from /home/airflow/.local/lib/python3.12/site-packages/airflow/example_dags/example_nested_branch_dag.py
[2026-08-12T05:56:02.029+0000] {logging_mixin.py:190} INFO - [2026-08-12T05:56:02.028+0000] {dag.py:3211} INFO - Sync 1 DAGs
[2026-08-12T05:56:02.055+0000] {logging_mixin.py:190} INFO - [2026-08-12T05:56:02.054+0000] {dag.py:4138} INFO - Setting next_dagrun for example_nested_branch_dag to 2026-08-11 00:00:00+00:00, run_after=2026-08-12 00:00:00+00:00
[2026-08-12T05:56:02.080+0000] {processor.py:208} INFO - Processing /home/airflow/.local/lib/python3.12/site-packages/airflow/example_dags/example_nested_branch_dag.py took 0.272 seconds
[2026-08-12T05:56:32.343+0000] {processor.py:186} INFO - Started process (PID=10399) to work on /home/airflow/.local/lib/python3.12/site-packages/airflow/example_dags/example_nested_branch_dag.py
[2026-08-12T05:56:32.346+0000] {processor.py:914} INFO - Processing file /home/airflow/.local/lib/python3.12/site-packages/airflow/example_dags/example_nested_branch_dag.py for tasks to queue
[2026-08-12T05:56:32.350+0000] {logging_mixin.py:190} INFO - [2026-08-12T05:56:32.349+0000] {dagbag.py:587} INFO - Filling up the DagBag from /home/airflow/.local/lib/python3.12/site-packages/airflow/example_dags/example_nested_branch_dag.py
[2026-08-12T05:56:32.365+0000] {processor.py:925} INFO - DAG(s) 'example_nested_branch_dag' retrieved from /home/airflow/.local/lib/python3.12/site-packages/airflow/example_dags/example_nested_branch_dag.py
[2026-08-12T05:56:32.388+0000] {logging_mixin.py:190} INFO - [2026-08-12T05:56:32.388+0000] {dag.py:3211} INFO - Sync 1 DAGs
[2026-08-12T05:56:32.577+0000] {logging_mixin.py:190} INFO - [2026-08-12T05:56:32.577+0000] {dag.py:4138} INFO - Setting next_dagrun for example_nested_branch_dag to 2026-08-11 00:00:00+00:00, run_after=2026-08-12 00:00:00+00:00
[2026-08-12T05:56:32.600+0000] {processor.py:208} INFO - Processing /home/airflow/.local/lib/python3.12/site-packages/airflow/example_dags/example_nested_branch_dag.py took 0.263 seconds
[2026-08-12T05:57:03.604+0000] {processor.py:186} INFO - Started process (PID=10464) to work on /home/airflow/.local/lib/python3.12/site-packages/airflow/example_dags/example_nested_branch_dag.py
[2026-08-12T05:57:03.609+0000] {processor.py:914} INFO - Processing file /home/airflow/.local/lib/python3.12/site-packages/airflow/example_dags/example_nested_branch_dag.py for tasks to queue
[2026-08-12T05:57:03.615+0000] {logging_mixin.py:190} INFO - [2026-08-12T05:57:03.614+0000] {dagbag.py:587} INFO - Filling up the DagBag from /home/airflow/.local/lib/python3.12/site-packages/airflow/example_dags/example_nested_branch_dag.py
[2026-08-12T05:57:03.636+0000] {processor.py:925} INFO - DAG(s) 'example_nested_branch_dag' retrieved from /home/airflow/.local/lib/python3.12/site-packages/airflow/example_dags/example_nested_branch_dag.py
[2026-08-12T05:57:03.663+0000] {logging_mixin.py:190} INFO - [2026-08-12T05:57:03.662+0000] {dag.py:3211} INFO - Sync 1 DAGs
[2026-08-12T05:57:03.876+0000] {logging_mixin.py:190} INFO - [2026-08-12T05:57:03.875+0000] {dag.py:4138} INFO - Setting next_dagrun for example_nested_branch_dag to 2026-08-11 00:00:00+00:00, run_after=2026-08-12 00:00:00+00:00
[2026-08-12T05:57:03.898+0000] {processor.py:208} INFO - Processing /home/airflow/.local/lib/python3.12/site-packages/airflow/example_dags/example_nested_branch_dag.py took 0.306 seconds
[2026-08-12T05:57:34.341+0000] {processor.py:186} INFO - Started process (PID=10527) to work on /home/airflow/.local/lib/python3.12/site-packages/airflow/example_dags/example_nested_branch_dag.py
[2026-08-12T05:57:34.345+0000] {processor.py:914} INFO - Processing file /home/airflow/.local/lib/python3.12/site-packages/airflow/example_dags/example_nested_branch_dag.py for tasks to queue
[2026-08-12T05:57:34.357+0000] {logging_mixin.py:190} INFO - [2026-08-12T05:57:34.355+0000] {dagbag.py:587} INFO - Filling up the DagBag from /home/airflow/.local/lib/python3.12/site-packages/airflow/example_dags/example_nested_branch_dag.py
[2026-08-12T05:57:34.384+0000] {processor.py:925} INFO - DAG(s) 'example_nested_branch_dag' retrieved from /home/airflow/.local/lib/python3.12/site-packages/airflow/example_dags/example_nested_branch_dag.py
[2026-08-12T05:57:34.417+0000] {logging_mixin.py:190} INFO - [2026-08-12T05:57:34.417+0000] {dag.py:3211} INFO - Sync 1 DAGs
[2026-08-12T05:57:34.441+0000] {logging_mixin.py:190} INFO - [2026-08-12T05:57:34.441+0000] {dag.py:4138} INFO - Setting next_dagrun for example_nested_branch_dag to 2026-08-11 00:00:00+00:00, run_after=2026-08-12 00:00:00+00:00
[2026-08-12T05:57:34.465+0000] {processor.py:208} INFO - Processing /home/airflow/.local/lib/python3.12/site-packages/airflow/example_dags/example_nested_branch_dag.py took 0.138 seconds
[2026-08-12T05:58:05.084+0000] {processor.py:186} INFO - Started process (PID=10590) to work on /home/airflow/.local/lib/python3.12/site-packages/airflow/example_dags/example_nested_branch_dag.py
[2026-08-12T05:58:05.087+0000] {processor.py:914} INFO - Processing file /home/airflow/.local/lib/python3.12/site-packages/airflow/example_dags/example_nested_branch_dag.py for tasks to queue
[2026-08-12T05:58:05.092+0000] {logging_mixin.py:190} INFO - [2026-08-12T05:58:05.091+0000] {dagbag.py:587} INFO - Filling up the DagBag from /home/airflow/.local/lib/python3.12/site-packages/airflow/example_dags/example_nested_branch_dag.py
[2026-08-12T05:58:05.108+0000] {processor.py:925} INFO - DAG(s) 'example_nested_branch_dag' retrieved from /home/airflow/.local/lib/python3.12/site-packages/airflow/example_dags/example_nested_branch_dag.py
[2026-08-12T05:58:05.135+0000] {logging_mixin.py:190} INFO - [2026-08-12T05:58:05.134+0000] {dag.py:3211} INFO - Sync 1 DAGs
[2026-08-12T05:58:05.165+0000] {logging_mixin.py:190} INFO - [2026-08-12T05:58:05.165+0000] {dag.py:4138} INFO - Setting next_dagrun for example_nested_branch_dag to 2026-08-11 00:00:00+00:00, run_after=2026-08-12 00:00:00+00:00
[2026-08-12T05:58:05.194+0000] {processor.py:208} INFO - Processing /home/airflow/.local/lib/python3.12/site-packages/airflow/example_dags/example_nested_branch_dag.py took 0.116 seconds
[2026-08-12T05:58:35.673+0000] {processor.py:186} INFO - Started process (PID=10653) to work on /home/airflow/.local/lib/python3.12/site-packages/airflow/example_dags/example_nested_branch_dag.py
[2026-08-12T05:58:35.676+0000] {processor.py:914} INFO - Processing file /home/airflow/.local/lib/python3.12/site-packages/airflow/example_dags/example_nested_branch_dag.py for tasks to queue
[2026-08-12T05:58:35.680+0000] {logging_mixin.py:190} INFO - [2026-08-12T05:58:35.680+0000] {dagbag.py:587} INFO - Filling up the DagBag from /home/airflow/.local/lib/python3.12/site-packages/airflow/example_dags/example_nested_branch_dag.py
[2026-08-12T05:58:35.697+0000] {processor.py:925} INFO - DAG(s) 'example_nested_branch_dag' retrieved from /home/airflow/.local/lib/python3.12/site-packages/airflow/example_dags/example_nested_branch_dag.py
[2026-08-12T05:58:35.722+0000] {logging_mixin.py:190} INFO - [2026-08-12T05:58:35.722+0000] {dag.py:3211} INFO - Sync 1 DAGs
[2026-08-12T05:58:35.748+0000] {logging_mixin.py:190} INFO - [2026-08-12T05:58:35.748+0000] {dag.py:4138} INFO - Setting next_dagrun for example_nested_branch_dag to 2026-08-11 00:00:00+00:00, run_after=2026-08-12 00:00:00+00:00
[2026-08-12T05:58:35.771+0000] {processor.py:208} INFO - Processing /home/airflow/.local/lib/python3.12/site-packages/airflow/example_dags/example_nested_branch_dag.py took 0.106 seconds
[2026-08-12T05:59:06.133+0000] {processor.py:186} INFO - Started process (PID=10716) to work on /home/airflow/.local/lib/python3.12/site-packages/airflow/example_dags/example_nested_branch_dag.py
[2026-08-12T05:59:06.138+0000] {processor.py:914} INFO - Processing file /home/airflow/.local/lib/python3.12/site-packages/airflow/example_dags/example_nested_branch_dag.py for tasks to queue
[2026-08-12T05:59:06.147+0000] {logging_mixin.py:190} INFO - [2026-08-12T05:59:06.146+0000] {dagbag.py:587} INFO - Filling up the DagBag from /home/airflow/.local/lib/python3.12/site-packages/airflow/example_dags/example_nested_branch_dag.py
[2026-08-12T05:59:06.181+0000] {processor.py:925} INFO - DAG(s) 'example_nested_branch_dag' retrieved from /home/airflow/.local/lib/python3.12/site-packages/airflow/example_dags/example_nested_branch_dag.py
[2026-08-12T05:59:06.214+0000] {logging_mixin.py:190} INFO - [2026-08-12T05:59:06.214+0000] {dag.py:3211} INFO - Sync 1 DAGs
[2026-08-12T05:59:06.245+0000] {logging_mixin.py:190} INFO - [2026-08-12T05:59:06.245+0000] {dag.py:4138} INFO - Setting next_dagrun for example_nested_branch_dag to 2026-08-11 00:00:00+00:00, run_after=2026-08-12 00:00:00+00:00
[2026-08-12T05:59:06.274+0000] {processor.py:208} INFO - Processing /home/airflow/.local/lib/python3.12/site-packages/airflow/example_dags/example_nested_branch_dag.py took 0.159 seconds
[2026-08-12T05:59:36.623+0000] {processor.py:186} INFO - Started process (PID=10779) to work on /home/airflow/.local/lib/python3.12/site-packages/airflow/example_dags/example_nested_branch_dag.py
[2026-08-12T05:59:36.625+0000] {processor.py:914} INFO - Processing file /home/airflow/.local/lib/python3.12/site-packages/airflow/example_dags/example_nested_branch_dag.py for tasks to queue
[2026-08-12T05:59:36.629+0000] {logging_mixin.py:190} INFO - [2026-08-12T05:59:36.629+0000] {dagbag.py:587} INFO - Filling up the DagBag from /home/airflow/.local/lib/python3.12/site-packages/airflow/example_dags/example_nested_branch_dag.py
[2026-08-12T05:59:36.645+0000] {processor.py:925} INFO - DAG(s) 'example_nested_branch_dag' retrieved from /home/airflow/.local/lib/python3.12/site-packages/airflow/example_dags/example_nested_branch_dag.py
[2026-08-12T05:59:36.669+0000] {logging_mixin.py:190} INFO - [2026-08-12T05:59:36.669+0000] {dag.py:3211} INFO - Sync 1 DAGs
[2026-08-12T05:59:36.695+0000] {logging_mixin.py:190} INFO - [2026-08-12T05:59:36.695+0000] {dag.py:4138} INFO - Setting next_dagrun for example_nested_branch_dag to 2026-08-11 00:00:00+00:00, run_after=2026-08-12 00:00:00+00:00
[2026-08-12T05:59:36.720+0000] {processor.py:208} INFO - Processing /home/airflow/.local/lib/python3.12/site-packages/airflow/example_dags/example_nested_branch_dag.py took 0.103 seconds
[2026-08-12T06:00:07.256+0000] {processor.py:186} INFO - Started process (PID=10848) to work on /home/airflow/.local/lib/python3.12/site-packages/airflow/example_dags/example_nested_branch_dag.py
[2026-08-12T06:00:07.258+0000] {processor.py:914} INFO - Processing file /home/airflow/.local/lib/python3.12/site-packages/airflow/example_dags/example_nested_branch_dag.py for tasks to queue
[2026-08-12T06:00:07.263+0000] {logging_mixin.py:190} INFO - [2026-08-12T06:00:07.263+0000] {dagbag.py:587} INFO - Filling up the DagBag from /home/airflow/.local/lib/python3.12/site-packages/airflow/example_dags/example_nested_branch_dag.py
[2026-08-12T06:00:07.279+0000] {processor.py:925} INFO - DAG(s) 'example_nested_branch_dag' retrieved from /home/airflow/.local/lib/python3.12/site-packages/airflow/example_dags/example_nested_branch_dag.py
[2026-08-12T06:00:07.316+0000] {logging_mixin.py:190} INFO - [2026-08-12T06:00:07.315+0000] {dag.py:3211} INFO - Sync 1 DAGs
[2026-08-12T06:00:07.351+0000] {logging_mixin.py:190} INFO - [2026-08-12T06:00:07.351+0000] {dag.py:4138} INFO - Setting next_dagrun for example_nested_branch_dag to 2026-08-11 00:00:00+00:00, run_after=2026-08-12 00:00:00+00:00
[2026-08-12T06:00:07.392+0000] {processor.py:208} INFO - Processing /home/airflow/.local/lib/python3.12/site-packages/airflow/example_dags/example_nested_branch_dag.py took 0.143 seconds
[2026-08-12T06:00:37.995+0000] {processor.py:186} INFO - Started process (PID=10911) to work on /home/airflow/.local/lib/python3.12/site-packages/airflow/example_dags/example_nested_branch_dag.py
[2026-08-12T06:00:37.997+0000] {processor.py:914} INFO - Processing file /home/airflow/.local/lib/python3.12/site-packages/airflow/example_dags/example_nested_branch_dag.py for tasks to queue
[2026-08-12T06:00:38.002+0000] {logging_mixin.py:190} INFO - [2026-08-12T06:00:38.001+0000] {dagbag.py:587} INFO - Filling up the DagBag from /home/airflow/.local/lib/python3.12/site-packages/airflow/example_dags/example_nested_branch_dag.py
[2026-08-12T06:00:38.016+0000] {processor.py:925} INFO - DAG(s) 'example_nested_branch_dag' retrieved from /home/airflow/.local/lib/python3.12/site-packages/airflow/example_dags/example_nested_branch_dag.py
[2026-08-12T06:00:38.040+0000] {logging_mixin.py:190} INFO - [2026-08-12T06:00:38.040+0000] {dag.py:3211} INFO - Sync 1 DAGs
[2026-08-12T06:00:38.067+0000] {logging_mixin.py:190} INFO - [2026-08-12T06:00:38.066+0000] {dag.py:4138} INFO - Setting next_dagrun for example_nested_branch_dag to 2026-08-11 00:00:00+00:00, run_after=2026-08-12 00:00:00+00:00
[2026-08-12T06:00:38.096+0000] {processor.py:208} INFO - Processing /home/airflow/.local/lib/python3.12/site-packages/airflow/example_dags/example_nested_branch_dag.py took 0.109 seconds
[2026-08-12T06:01:08.730+0000] {processor.py:186} INFO - Started process (PID=10974) to work on /home/airflow/.local/lib/python3.12/site-packages/airflow/example_dags/example_nested_branch_dag.py
[2026-08-12T06:01:08.733+0000] {processor.py:914} INFO - Processing file /home/airflow/.local/lib/python3.12/site-packages/airflow/example_dags/example_nested_branch_dag.py for tasks to queue
[2026-08-12T06:01:08.738+0000] {logging_mixin.py:190} INFO - [2026-08-12T06:01:08.737+0000] {dagbag.py:587} INFO - Filling up the DagBag from /home/airflow/.local/lib/python3.12/site-packages/airflow/example_dags/example_nested_branch_dag.py
[2026-08-12T06:01:08.760+0000] {processor.py:925} INFO - DAG(s) 'example_nested_branch_dag' retrieved from /home/airflow/.local/lib/python3.12/site-packages/airflow/example_dags/example_nested_branch_dag.py
[2026-08-12T06:01:08.797+0000] {logging_mixin.py:190} INFO - [2026-08-12T06:01:08.797+0000] {dag.py:3211} INFO - Sync 1 DAGs
[2026-08-12T06:01:08.835+0000] {logging_mixin.py:190} INFO - [2026-08-12T06:01:08.834+0000] {dag.py:4138} INFO - Setting next_dagrun for example_nested_branch_dag to 2026-08-11 00:00:00+00:00, run_after=2026-08-12 00:00:00+00:00
[2026-08-12T06:01:08.867+0000] {processor.py:208} INFO - Processing /home/airflow/.local/lib/python3.12/site-packages/airflow/example_dags/example_nested_branch_dag.py took 0.153 seconds
[2026-08-12T06:01:39.210+0000] {processor.py:186} INFO - Started process (PID=11037) to work on /home/airflow/.local/lib/python3.12/site-packages/airflow/example_dags/example_nested_branch_dag.py
[2026-08-12T06:01:39.212+0000] {processor.py:914} INFO - Processing file /home/airflow/.local/lib/python3.12/site-packages/airflow/example_dags/example_nested_branch_dag.py for tasks to queue
[2026-08-12T06:01:39.218+0000] {logging_mixin.py:190} INFO - [2026-08-12T06:01:39.218+0000] {dagbag.py:587} INFO - Filling up the DagBag from /home/airflow/.local/lib/python3.12/site-packages/airflow/example_dags/example_nested_branch_dag.py
[2026-08-12T06:01:39.231+0000] {processor.py:925} INFO - DAG(s) 'example_nested_branch_dag' retrieved from /home/airflow/.local/lib/python3.12/site-packages/airflow/example_dags/example_nested_branch_dag.py
[2026-08-12T06:01:39.264+0000] {logging_mixin.py:190} INFO - [2026-08-12T06:01:39.263+0000] {dag.py:3211} INFO - Sync 1 DAGs
[2026-08-12T06:01:39.288+0000] {logging_mixin.py:190} INFO - [2026-08-12T06:01:39.288+0000] {dag.py:4138} INFO - Setting next_dagrun for example_nested_branch_dag to 2026-08-11 00:00:00+00:00, run_after=2026-08-12 00:00:00+00:00
[2026-08-12T06:01:39.316+0000] {processor.py:208} INFO - Processing /home/airflow/.local/lib/python3.12/site-packages/airflow/example_dags/example_nested_branch_dag.py took 0.111 seconds
[2026-08-12T06:02:09.952+0000] {processor.py:186} INFO - Started process (PID=11100) to work on /home/airflow/.local/lib/python3.12/site-packages/airflow/example_dags/example_nested_branch_dag.py
[2026-08-12T06:02:09.955+0000] {processor.py:914} INFO - Processing file /home/airflow/.local/lib/python3.12/site-packages/airflow/example_dags/example_nested_branch_dag.py for tasks to queue
[2026-08-12T06:02:09.959+0000] {logging_mixin.py:190} INFO - [2026-08-12T06:02:09.958+0000] {dagbag.py:587} INFO - Filling up the DagBag from /home/airflow/.local/lib/python3.12/site-packages/airflow/example_dags/example_nested_branch_dag.py
[2026-08-12T06:02:09.971+0000] {processor.py:925} INFO - DAG(s) 'example_nested_branch_dag' retrieved from /home/airflow/.local/lib/python3.12/site-packages/airflow/example_dags/example_nested_branch_dag.py
[2026-08-12T06:02:10.000+0000] {logging_mixin.py:190} INFO - [2026-08-12T06:02:09.999+0000] {dag.py:3211} INFO - Sync 1 DAGs
[2026-08-12T06:02:10.029+0000] {logging_mixin.py:190} INFO - [2026-08-12T06:02:10.029+0000] {dag.py:4138} INFO - Setting next_dagrun for example_nested_branch_dag to 2026-08-11 00:00:00+00:00, run_after=2026-08-12 00:00:00+00:00
[2026-08-12T06:02:10.058+0000] {processor.py:208} INFO - Processing /home/airflow/.local/lib/python3.12/site-packages/airflow/example_dags/example_nested_branch_dag.py took 0.112 seconds
[2026-08-12T06:02:40.988+0000] {processor.py:186} INFO - Started process (PID=11163) to work on /home/airflow/.local/lib/python3.12/site-packages/airflow/example_dags/example_nested_branch_dag.py
[2026-08-12T06:02:40.992+0000] {processor.py:914} INFO - Processing file /home/airflow/.local/lib/python3.12/site-packages/airflow/example_dags/example_nested_branch_dag.py for tasks to queue
[2026-08-12T06:02:40.997+0000] {logging_mixin.py:190} INFO - [2026-08-12T06:02:40.997+0000] {dagbag.py:587} INFO - Filling up the DagBag from /home/airflow/.local/lib/python3.12/site-packages/airflow/example_dags/example_nested_branch_dag.py
[2026-08-12T06:02:41.018+0000] {processor.py:925} INFO - DAG(s) 'example_nested_branch_dag' retrieved from /home/airflow/.local/lib/python3.12/site-packages/airflow/example_dags/example_nested_branch_dag.py
[2026-08-12T06:02:41.051+0000] {logging_mixin.py:190} INFO - [2026-08-12T06:02:41.051+0000] {dag.py:3211} INFO - Sync 1 DAGs
[2026-08-12T06:02:41.088+0000] {logging_mixin.py:190} INFO - [2026-08-12T06:02:41.087+0000] {dag.py:4138} INFO - Setting next_dagrun for example_nested_branch_dag to 2026-08-11 00:00:00+00:00, run_after=2026-08-12 00:00:00+00:00
[2026-08-12T06:02:41.122+0000] {processor.py:208} INFO - Processing /home/airflow/.local/lib/python3.12/site-packages/airflow/example_dags/example_nested_branch_dag.py took 0.140 seconds
[2026-08-12T06:03:11.495+0000] {processor.py:186} INFO - Started process (PID=11226) to work on /home/airflow/.local/lib/python3.12/site-packages/airflow/example_dags/example_nested_branch_dag.py
[2026-08-12T06:03:11.498+0000] {processor.py:914} INFO - Processing file /home/airflow/.local/lib/python3.12/site-packages/airflow/example_dags/example_nested_branch_dag.py for tasks to queue
[2026-08-12T06:03:11.503+0000] {logging_mixin.py:190} INFO - [2026-08-12T06:03:11.502+0000] {dagbag.py:587} INFO - Filling up the DagBag from /home/airflow/.local/lib/python3.12/site-packages/airflow/example_dags/example_nested_branch_dag.py
[2026-08-12T06:03:11.522+0000] {processor.py:925} INFO - DAG(s) 'example_nested_branch_dag' retrieved from /home/airflow/.local/lib/python3.12/site-packages/airflow/example_dags/example_nested_branch_dag.py
[2026-08-12T06:03:11.556+0000] {logging_mixin.py:190} INFO - [2026-08-12T06:03:11.556+0000] {dag.py:3211} INFO - Sync 1 DAGs
[2026-08-12T06:03:11.588+0000] {logging_mixin.py:190} INFO - [2026-08-12T06:03:11.587+0000] {dag.py:4138} INFO - Setting next_dagrun for example_nested_branch_dag to 2026-08-11 00:00:00+00:00, run_after=2026-08-12 00:00:00+00:00
[2026-08-12T06:03:11.620+0000] {processor.py:208} INFO - Processing /home/airflow/.local/lib/python3.12/site-packages/airflow/example_dags/example_nested_branch_dag.py took 0.134 seconds
[2026-08-12T06:03:42.599+0000] {processor.py:186} INFO - Started process (PID=11289) to work on /home/airflow/.local/lib/python3.12/site-packages/airflow/example_dags/example_nested_branch_dag.py
[2026-08-12T06:03:42.602+0000] {processor.py:914} INFO - Processing file /home/airflow/.local/lib/python3.12/site-packages/airflow/example_dags/example_nested_branch_dag.py for tasks to queue
[2026-08-12T06:03:42.610+0000] {logging_mixin.py:190} INFO - [2026-08-12T06:03:42.609+0000] {dagbag.py:587} INFO - Filling up the DagBag from /home/airflow/.local/lib/python3.12/site-packages/airflow/example_dags/example_nested_branch_dag.py
[2026-08-12T06:03:42.632+0000] {processor.py:925} INFO - DAG(s) 'example_nested_branch_dag' retrieved from /home/airflow/.local/lib/python3.12/site-packages/airflow/example_dags/example_nested_branch_dag.py
[2026-08-12T06:03:42.669+0000] {logging_mixin.py:190} INFO - [2026-08-12T06:03:42.668+0000] {dag.py:3211} INFO - Sync 1 DAGs
[2026-08-12T06:03:42.706+0000] {logging_mixin.py:190} INFO - [2026-08-12T06:03:42.705+0000] {dag.py:4138} INFO - Setting next_dagrun for example_nested_branch_dag to 2026-08-11 00:00:00+00:00, run_after=2026-08-12 00:00:00+00:00
[2026-08-12T06:03:42.738+0000] {processor.py:208} INFO - Processing /home/airflow/.local/lib/python3.12/site-packages/airflow/example_dags/example_nested_branch_dag.py took 0.148 seconds
[2026-08-12T06:04:13.785+0000] {processor.py:186} INFO - Started process (PID=11352) to work on /home/airflow/.local/lib/python3.12/site-packages/airflow/example_dags/example_nested_branch_dag.py
[2026-08-12T06:04:13.787+0000] {processor.py:914} INFO - Processing file /home/airflow/.local/lib/python3.12/site-packages/airflow/example_dags/example_nested_branch_dag.py for tasks to queue
[2026-08-12T06:04:13.791+0000] {logging_mixin.py:190} INFO - [2026-08-12T06:04:13.791+0000] {dagbag.py:587} INFO - Filling up the DagBag from /home/airflow/.local/lib/python3.12/site-packages/airflow/example_dags/example_nested_branch_dag.py
[2026-08-12T06:04:13.809+0000] {processor.py:925} INFO - DAG(s) 'example_nested_branch_dag' retrieved from /home/airflow/.local/lib/python3.12/site-packages/airflow/example_dags/example_nested_branch_dag.py
[2026-08-12T06:04:13.835+0000] {logging_mixin.py:190} INFO - [2026-08-12T06:04:13.834+0000] {dag.py:3211} INFO - Sync 1 DAGs
[2026-08-12T06:04:13.864+0000] {logging_mixin.py:190} INFO - [2026-08-12T06:04:13.863+0000] {dag.py:4138} INFO - Setting next_dagrun for example_nested_branch_dag to 2026-08-11 00:00:00+00:00, run_after=2026-08-12 00:00:00+00:00
[2026-08-12T06:04:13.887+0000] {processor.py:208} INFO - Processing /home/airflow/.local/lib/python3.12/site-packages/airflow/example_dags/example_nested_branch_dag.py took 0.108 seconds
[2026-08-12T06:04:44.336+0000] {processor.py:186} INFO - Started process (PID=11416) to work on /home/airflow/.local/lib/python3.12/site-packages/airflow/example_dags/example_nested_branch_dag.py
[2026-08-12T06:04:44.340+0000] {processor.py:914} INFO - Processing file /home/airflow/.local/lib/python3.12/site-packages/airflow/example_dags/example_nested_branch_dag.py for tasks to queue
[2026-08-12T06:04:44.346+0000] {logging_mixin.py:190} INFO - [2026-08-12T06:04:44.345+0000] {dagbag.py:587} INFO - Filling up the DagBag from /home/airflow/.local/lib/python3.12/site-packages/airflow/example_dags/example_nested_branch_dag.py
[2026-08-12T06:04:44.372+0000] {processor.py:925} INFO - DAG(s) 'example_nested_branch_dag' retrieved from /home/airflow/.local/lib/python3.12/site-packages/airflow/example_dags/example_nested_branch_dag.py
[2026-08-12T06:04:44.412+0000] {logging_mixin.py:190} INFO - [2026-08-12T06:04:44.411+0000] {dag.py:3211} INFO - Sync 1 DAGs
[2026-08-12T06:04:44.458+0000] {logging_mixin.py:190} INFO - [2026-08-12T06:04:44.457+0000] {dag.py:4138} INFO - Setting next_dagrun for example_nested_branch_dag to 2026-08-11 00:00:00+00:00, run_after=2026-08-12 00:00:00+00:00
[2026-08-12T06:04:44.500+0000] {processor.py:208} INFO - Processing /home/airflow/.local/lib/python3.12/site-packages/airflow/example_dags/example_nested_branch_dag.py took 0.176 seconds
[2026-08-12T06:05:14.873+0000] {processor.py:186} INFO - Started process (PID=11480) to work on /home/airflow/.local/lib/python3.12/site-packages/airflow/example_dags/example_nested_branch_dag.py
[2026-08-12T06:05:14.875+0000] {processor.py:914} INFO - Processing file /home/airflow/.local/lib/python3.12/site-packages/airflow/example_dags/example_nested_branch_dag.py for tasks to queue
[2026-08-12T06:05:14.879+0000] {logging_mixin.py:190} INFO - [2026-08-12T06:05:14.878+0000] {dagbag.py:587} INFO - Filling up the DagBag from /home/airflow/.local/lib/python3.12/site-packages/airflow/example_dags/example_nested_branch_dag.py
[2026-08-12T06:05:14.894+0000] {processor.py:925} INFO - DAG(s) 'example_nested_branch_dag' retrieved from /home/airflow/.local/lib/python3.12/site-packages/airflow/example_dags/example_nested_branch_dag.py
[2026-08-12T06:05:14.924+0000] {logging_mixin.py:190} INFO - [2026-08-12T06:05:14.924+0000] {dag.py:3211} INFO - Sync 1 DAGs
[2026-08-12T06:05:14.976+0000] {logging_mixin.py:190} INFO - [2026-08-12T06:05:14.976+0000] {dag.py:4138} INFO - Setting next_dagrun for example_nested_branch_dag to 2026-08-11 00:00:00+00:00, run_after=2026-08-12 00:00:00+00:00
[2026-08-12T06:05:15.014+0000] {processor.py:208} INFO - Processing /home/airflow/.local/lib/python3.12/site-packages/airflow/example_dags/example_nested_branch_dag.py took 0.150 seconds
[2026-08-12T06:05:45.263+0000] {processor.py:186} INFO - Started process (PID=11543) to work on /home/airflow/.local/lib/python3.12/site-packages/airflow/example_dags/example_nested_branch_dag.py
[2026-08-12T06:05:45.266+0000] {processor.py:914} INFO - Processing file /home/airflow/.local/lib/python3.12/site-packages/airflow/example_dags/example_nested_branch_dag.py for tasks to queue
[2026-08-12T06:05:45.270+0000] {logging_mixin.py:190} INFO - [2026-08-12T06:05:45.270+0000] {dagbag.py:587} INFO - Filling up the DagBag from /home/airflow/.local/lib/python3.12/site-packages/airflow/example_dags/example_nested_branch_dag.py
[2026-08-12T06:05:45.286+0000] {processor.py:925} INFO - DAG(s) 'example_nested_branch_dag' retrieved from /home/airflow/.local/lib/python3.12/site-packages/airflow/example_dags/example_nested_branch_dag.py
[2026-08-12T06:05:45.322+0000] {logging_mixin.py:190} INFO - [2026-08-12T06:05:45.321+0000] {dag.py:3211} INFO - Sync 1 DAGs
[2026-08-12T06:05:45.358+0000] {logging_mixin.py:190} INFO - [2026-08-12T06:05:45.358+0000] {dag.py:4138} INFO - Setting next_dagrun for example_nested_branch_dag to 2026-08-11 00:00:00+00:00, run_after=2026-08-12 00:00:00+00:00
[2026-08-12T06:05:45.398+0000] {processor.py:208} INFO - Processing /home/airflow/.local/lib/python3.12/site-packages/airflow/example_dags/example_nested_branch_dag.py took 0.142 seconds
[2026-08-12T06:06:15.974+0000] {processor.py:186} INFO - Started process (PID=11606) to work on /home/airflow/.local/lib/python3.12/site-packages/airflow/example_dags/example_nested_branch_dag.py
[2026-08-12T06:06:15.977+0000] {processor.py:914} INFO - Processing file /home/airflow/.local/lib/python3.12/site-packages/airflow/example_dags/example_nested_branch_dag.py for tasks to queue
[2026-08-12T06:06:15.983+0000] {logging_mixin.py:190} INFO - [2026-08-12T06:06:15.982+0000] {dagbag.py:587} INFO - Filling up the DagBag from /home/airflow/.local/lib/python3.12/site-packages/airflow/example_dags/example_nested_branch_dag.py
[2026-08-12T06:06:16.002+0000] {processor.py:925} INFO - DAG(s) 'example_nested_branch_dag' retrieved from /home/airflow/.local/lib/python3.12/site-packages/airflow/example_dags/example_nested_branch_dag.py
[2026-08-12T06:06:16.031+0000] {logging_mixin.py:190} INFO - [2026-08-12T06:06:16.031+0000] {dag.py:3211} INFO - Sync 1 DAGs
[2026-08-12T06:06:16.063+0000] {logging_mixin.py:190} INFO - [2026-08-12T06:06:16.062+0000] {dag.py:4138} INFO - Setting next_dagrun for example_nested_branch_dag to 2026-08-11 00:00:00+00:00, run_after=2026-08-12 00:00:00+00:00
[2026-08-12T06:06:16.088+0000] {processor.py:208} INFO - Processing /home/airflow/.local/lib/python3.12/site-packages/airflow/example_dags/example_nested_branch_dag.py took 0.122 seconds
[2026-08-12T06:06:46.233+0000] {processor.py:186} INFO - Started process (PID=11669) to work on /home/airflow/.local/lib/python3.12/site-packages/airflow/example_dags/example_nested_branch_dag.py
[2026-08-12T06:06:46.236+0000] {processor.py:914} INFO - Processing file /home/airflow/.local/lib/python3.12/site-packages/airflow/example_dags/example_nested_branch_dag.py for tasks to queue
[2026-08-12T06:06:46.243+0000] {logging_mixin.py:190} INFO - [2026-08-12T06:06:46.242+0000] {dagbag.py:587} INFO - Filling up the DagBag from /home/airflow/.local/lib/python3.12/site-packages/airflow/example_dags/example_nested_branch_dag.py
[2026-08-12T06:06:46.261+0000] {processor.py:925} INFO - DAG(s) 'example_nested_branch_dag' retrieved from /home/airflow/.local/lib/python3.12/site-packages/airflow/example_dags/example_nested_branch_dag.py
[2026-08-12T06:06:46.285+0000] {logging_mixin.py:190} INFO - [2026-08-12T06:06:46.285+0000] {dag.py:3211} INFO - Sync 1 DAGs
[2026-08-12T06:06:46.311+0000] {logging_mixin.py:190} INFO - [2026-08-12T06:06:46.310+0000] {dag.py:4138} INFO - Setting next_dagrun for example_nested_branch_dag to 2026-08-11 00:00:00+00:00, run_after=2026-08-12 00:00:00+00:00
[2026-08-12T06:06:46.331+0000] {processor.py:208} INFO - Processing /home/airflow/.local/lib/python3.12/site-packages/airflow/example_dags/example_nested_branch_dag.py took 0.111 seconds
[2026-08-12T06:07:16.470+0000] {processor.py:186} INFO - Started process (PID=11733) to work on /home/airflow/.local/lib/python3.12/site-packages/airflow/example_dags/example_nested_branch_dag.py
[2026-08-12T06:07:16.473+0000] {processor.py:914} INFO - Processing file /home/airflow/.local/lib/python3.12/site-packages/airflow/example_dags/example_nested_branch_dag.py for tasks to queue
[2026-08-12T06:07:16.477+0000] {logging_mixin.py:190} INFO - [2026-08-12T06:07:16.477+0000] {dagbag.py:587} INFO - Filling up the DagBag from /home/airflow/.local/lib/python3.12/site-packages/airflow/example_dags/example_nested_branch_dag.py
[2026-08-12T06:07:16.492+0000] {processor.py:925} INFO - DAG(s) 'example_nested_branch_dag' retrieved from /home/airflow/.local/lib/python3.12/site-packages/airflow/example_dags/example_nested_branch_dag.py
[2026-08-12T06:07:16.520+0000] {logging_mixin.py:190} INFO - [2026-08-12T06:07:16.520+0000] {dag.py:3211} INFO - Sync 1 DAGs
[2026-08-12T06:07:16.547+0000] {logging_mixin.py:190} INFO - [2026-08-12T06:07:16.547+0000] {dag.py:4138} INFO - Setting next_dagrun for example_nested_branch_dag to 2026-08-11 00:00:00+00:00, run_after=2026-08-12 00:00:00+00:00
[2026-08-12T06:07:16.572+0000] {processor.py:208} INFO - Processing /home/airflow/.local/lib/python3.12/site-packages/airflow/example_dags/example_nested_branch_dag.py took 0.108 seconds
[2026-08-12T06:07:46.826+0000] {processor.py:186} INFO - Started process (PID=11797) to work on /home/airflow/.local/lib/python3.12/site-packages/airflow/example_dags/example_nested_branch_dag.py
[2026-08-12T06:07:46.829+0000] {processor.py:914} INFO - Processing file /home/airflow/.local/lib/python3.12/site-packages/airflow/example_dags/example_nested_branch_dag.py for tasks to queue
[2026-08-12T06:07:46.834+0000] {logging_mixin.py:190} INFO - [2026-08-12T06:07:46.834+0000] {dagbag.py:587} INFO - Filling up the DagBag from /home/airflow/.local/lib/python3.12/site-packages/airflow/example_dags/example_nested_branch_dag.py
[2026-08-12T06:07:46.850+0000] {processor.py:925} INFO - DAG(s) 'example_nested_branch_dag' retrieved from /home/airflow/.local/lib/python3.12/site-packages/airflow/example_dags/example_nested_branch_dag.py
[2026-08-12T06:07:46.883+0000] {logging_mixin.py:190} INFO - [2026-08-12T06:07:46.882+0000] {dag.py:3211} INFO - Sync 1 DAGs
[2026-08-12T06:07:46.914+0000] {logging_mixin.py:190} INFO - [2026-08-12T06:07:46.913+0000] {dag.py:4138} INFO - Setting next_dagrun for example_nested_branch_dag to 2026-08-11 00:00:00+00:00, run_after=2026-08-12 00:00:00+00:00
[2026-08-12T06:07:46.940+0000] {processor.py:208} INFO - Processing /home/airflow/.local/lib/python3.12/site-packages/airflow/example_dags/example_nested_branch_dag.py took 0.125 seconds
[2026-08-12T06:08:17.539+0000] {processor.py:186} INFO - Started process (PID=11860) to work on /home/airflow/.local/lib/python3.12/site-packages/airflow/example_dags/example_nested_branch_dag.py
[2026-08-12T06:08:17.544+0000] {processor.py:914} INFO - Processing file /home/airflow/.local/lib/python3.12/site-packages/airflow/example_dags/example_nested_branch_dag.py for tasks to queue
[2026-08-12T06:08:17.552+0000] {logging_mixin.py:190} INFO - [2026-08-12T06:08:17.551+0000] {dagbag.py:587} INFO - Filling up the DagBag from /home/airflow/.local/lib/python3.12/site-packages/airflow/example_dags/example_nested_branch_dag.py
[2026-08-12T06:08:17.599+0000] {processor.py:925} INFO - DAG(s) 'example_nested_branch_dag' retrieved from /home/airflow/.local/lib/python3.12/site-packages/airflow/example_dags/example_nested_branch_dag.py
[2026-08-12T06:08:17.633+0000] {logging_mixin.py:190} INFO - [2026-08-12T06:08:17.633+0000] {dag.py:3211} INFO - Sync 1 DAGs
[2026-08-12T06:08:17.660+0000] {logging_mixin.py:190} INFO - [2026-08-12T06:08:17.660+0000] {dag.py:4138} INFO - Setting next_dagrun for example_nested_branch_dag to 2026-08-11 00:00:00+00:00, run_after=2026-08-12 00:00:00+00:00
[2026-08-12T06:08:17.683+0000] {processor.py:208} INFO - Processing /home/airflow/.local/lib/python3.12/site-packages/airflow/example_dags/example_nested_branch_dag.py took 0.158 seconds
[2026-08-12T06:08:48.202+0000] {processor.py:186} INFO - Started process (PID=11924) to work on /home/airflow/.local/lib/python3.12/site-packages/airflow/example_dags/example_nested_branch_dag.py
[2026-08-12T06:08:48.205+0000] {processor.py:914} INFO - Processing file /home/airflow/.local/lib/python3.12/site-packages/airflow/example_dags/example_nested_branch_dag.py for tasks to queue
[2026-08-12T06:08:48.212+0000] {logging_mixin.py:190} INFO - [2026-08-12T06:08:48.211+0000] {dagbag.py:587} INFO - Filling up the DagBag from /home/airflow/.local/lib/python3.12/site-packages/airflow/example_dags/example_nested_branch_dag.py
[2026-08-12T06:08:48.228+0000] {processor.py:925} INFO - DAG(s) 'example_nested_branch_dag' retrieved from /home/airflow/.local/lib/python3.12/site-packages/airflow/example_dags/example_nested_branch_dag.py
[2026-08-12T06:08:48.261+0000] {logging_mixin.py:190} INFO - [2026-08-12T06:08:48.260+0000] {dag.py:3211} INFO - Sync 1 DAGs
[2026-08-12T06:08:48.288+0000] {logging_mixin.py:190} INFO - [2026-08-12T06:08:48.288+0000] {dag.py:4138} INFO - Setting next_dagrun for example_nested_branch_dag to 2026-08-11 00:00:00+00:00, run_after=2026-08-12 00:00:00+00:00
[2026-08-12T06:08:48.311+0000] {processor.py:208} INFO - Processing /home/airflow/.local/lib/python3.12/site-packages/airflow/example_dags/example_nested_branch_dag.py took 0.119 seconds
[2026-08-12T06:09:18.844+0000] {processor.py:186} INFO - Started process (PID=11987) to work on /home/airflow/.local/lib/python3.12/site-packages/airflow/example_dags/example_nested_branch_dag.py
[2026-08-12T06:09:18.847+0000] {processor.py:914} INFO - Processing file /home/airflow/.local/lib/python3.12/site-packages/airflow/example_dags/example_nested_branch_dag.py for tasks to queue
[2026-08-12T06:09:18.854+0000] {logging_mixin.py:190} INFO - [2026-08-12T06:09:18.853+0000] {dagbag.py:587} INFO - Filling up the DagBag from /home/airflow/.local/lib/python3.12/site-packages/airflow/example_dags/example_nested_branch_dag.py
[2026-08-12T06:09:18.889+0000] {processor.py:925} INFO - DAG(s) 'example_nested_branch_dag' retrieved from /home/airflow/.local/lib/python3.12/site-packages/airflow/example_dags/example_nested_branch_dag.py
[2026-08-12T06:09:18.928+0000] {logging_mixin.py:190} INFO - [2026-08-12T06:09:18.927+0000] {dag.py:3211} INFO - Sync 1 DAGs
[2026-08-12T06:09:18.963+0000] {logging_mixin.py:190} INFO - [2026-08-12T06:09:18.962+0000] {dag.py:4138} INFO - Setting next_dagrun for example_nested_branch_dag to 2026-08-11 00:00:00+00:00, run_after=2026-08-12 00:00:00+00:00
[2026-08-12T06:09:18.996+0000] {processor.py:208} INFO - Processing /home/airflow/.local/lib/python3.12/site-packages/airflow/example_dags/example_nested_branch_dag.py took 0.165 seconds
[2026-08-12T06:09:49.303+0000] {processor.py:186} INFO - Started process (PID=12049) to work on /home/airflow/.local/lib/python3.12/site-packages/airflow/example_dags/example_nested_branch_dag.py
[2026-08-12T06:09:49.305+0000] {processor.py:914} INFO - Processing file /home/airflow/.local/lib/python3.12/site-packages/airflow/example_dags/example_nested_branch_dag.py for tasks to queue
[2026-08-12T06:09:49.312+0000] {logging_mixin.py:190} INFO - [2026-08-12T06:09:49.311+0000] {dagbag.py:587} INFO - Filling up the DagBag from /home/airflow/.local/lib/python3.12/site-packages/airflow/example_dags/example_nested_branch_dag.py
[2026-08-12T06:09:49.328+0000] {processor.py:925} INFO - DAG(s) 'example_nested_branch_dag' retrieved from /home/airflow/.local/lib/python3.12/site-packages/airflow/example_dags/example_nested_branch_dag.py
[2026-08-12T06:09:49.353+0000] {logging_mixin.py:190} INFO - [2026-08-12T06:09:49.353+0000] {dag.py:3211} INFO - Sync 1 DAGs
[2026-08-12T06:09:49.387+0000] {logging_mixin.py:190} INFO - [2026-08-12T06:09:49.387+0000] {dag.py:4138} INFO - Setting next_dagrun for example_nested_branch_dag to 2026-08-11 00:00:00+00:00, run_after=2026-08-12 00:00:00+00:00
[2026-08-12T06:09:49.419+0000] {processor.py:208} INFO - Processing /home/airflow/.local/lib/python3.12/site-packages/airflow/example_dags/example_nested_branch_dag.py took 0.128 seconds
[2026-08-12T06:10:20.071+0000] {processor.py:186} INFO - Started process (PID=12112) to work on /home/airflow/.local/lib/python3.12/site-packages/airflow/example_dags/example_nested_branch_dag.py
[2026-08-12T06:10:20.075+0000] {processor.py:914} INFO - Processing file /home/airflow/.local/lib/python3.12/site-packages/airflow/example_dags/example_nested_branch_dag.py for tasks to queue
[2026-08-12T06:10:20.080+0000] {logging_mixin.py:190} INFO - [2026-08-12T06:10:20.080+0000] {dagbag.py:587} INFO - Filling up the DagBag from /home/airflow/.local/lib/python3.12/site-packages/airflow/example_dags/example_nested_branch_dag.py
[2026-08-12T06:10:20.096+0000] {processor.py:925} INFO - DAG(s) 'example_nested_branch_dag' retrieved from /home/airflow/.local/lib/python3.12/site-packages/airflow/example_dags/example_nested_branch_dag.py
[2026-08-12T06:10:20.128+0000] {logging_mixin.py:190} INFO - [2026-08-12T06:10:20.128+0000] {dag.py:3211} INFO - Sync 1 DAGs
[2026-08-12T06:10:20.157+0000] {logging_mixin.py:190} INFO - [2026-08-12T06:10:20.157+0000] {dag.py:4138} INFO - Setting next_dagrun for example_nested_branch_dag to 2026-08-11 00:00:00+00:00, run_after=2026-08-12 00:00:00+00:00
[2026-08-12T06:10:20.189+0000] {processor.py:208} INFO - Processing /home/airflow/.local/lib/python3.12/site-packages/airflow/example_dags/example_nested_branch_dag.py took 0.128 seconds
