[2026-08-12T04:31:10.851+0000] {processor.py:186} INFO - Started process (PID=105) to work on /home/airflow/.local/lib/python3.12/site-packages/airflow/example_dags/example_sla_dag.py
[2026-08-12T04:31:10.854+0000] {processor.py:914} INFO - Processing file /home/airflow/.local/lib/python3.12/site-packages/airflow/example_dags/example_sla_dag.py for tasks to queue
[2026-08-12T04:31:10.858+0000] {logging_mixin.py:190} INFO - [2026-08-12T04:31:10.858+0000] {dagbag.py:587} INFO - Filling up the DagBag from /home/airflow/.local/lib/python3.12/site-packages/airflow/example_dags/example_sla_dag.py
[2026-08-12T04:31:10.875+0000] {processor.py:925} INFO - DAG(s) 'example_sla_dag' retrieved from /home/airflow/.local/lib/python3.12/site-packages/airflow/example_dags/example_sla_dag.py
[2026-08-12T04:31:11.000+0000] {logging_mixin.py:190} INFO - [2026-08-12T04:31:10.999+0000] {override.py:1858} INFO - Created Permission View: can delete on DAG:example_sla_dag
[2026-08-12T04:31:11.017+0000] {logging_mixin.py:190} INFO - [2026-08-12T04:31:11.017+0000] {override.py:1858} INFO - Created Permission View: can read on DAG:example_sla_dag
[2026-08-12T04:31:11.031+0000] {logging_mixin.py:190} INFO - [2026-08-12T04:31:11.030+0000] {override.py:1858} INFO - Created Permission View: can edit on DAG:example_sla_dag
[2026-08-12T04:31:11.033+0000] {logging_mixin.py:190} INFO - [2026-08-12T04:31:11.033+0000] {dag.py:3211} INFO - Sync 1 DAGs
[2026-08-12T04:31:11.057+0000] {logging_mixin.py:190} INFO - [2026-08-12T04:31:11.057+0000] {dag.py:3234} INFO - Creating ORM DAG for example_sla_dag
[2026-08-12T04:31:11.081+0000] {logging_mixin.py:190} INFO - [2026-08-12T04:31:11.081+0000] {dag.py:4138} INFO - Setting next_dagrun for example_sla_dag to 2026-08-12 04:28:00+00:00, run_after=2026-08-12 04:30:00+00:00
[2026-08-12T04:31:11.110+0000] {processor.py:208} INFO - Processing /home/airflow/.local/lib/python3.12/site-packages/airflow/example_dags/example_sla_dag.py took 0.265 seconds
[2026-08-12T04:31:41.341+0000] {processor.py:186} INFO - Started process (PID=167) to work on /home/airflow/.local/lib/python3.12/site-packages/airflow/example_dags/example_sla_dag.py
[2026-08-12T04:31:41.345+0000] {processor.py:914} INFO - Processing file /home/airflow/.local/lib/python3.12/site-packages/airflow/example_dags/example_sla_dag.py for tasks to queue
[2026-08-12T04:31:41.351+0000] {logging_mixin.py:190} INFO - [2026-08-12T04:31:41.350+0000] {dagbag.py:587} INFO - Filling up the DagBag from /home/airflow/.local/lib/python3.12/site-packages/airflow/example_dags/example_sla_dag.py
[2026-08-12T04:31:41.369+0000] {processor.py:925} INFO - DAG(s) 'example_sla_dag' retrieved from /home/airflow/.local/lib/python3.12/site-packages/airflow/example_dags/example_sla_dag.py
[2026-08-12T04:31:41.396+0000] {logging_mixin.py:190} INFO - [2026-08-12T04:31:41.396+0000] {dag.py:3211} INFO - Sync 1 DAGs
[2026-08-12T04:31:41.424+0000] {logging_mixin.py:190} INFO - [2026-08-12T04:31:41.424+0000] {dag.py:4138} INFO - Setting next_dagrun for example_sla_dag to 2026-08-12 04:28:00+00:00, run_after=2026-08-12 04:30:00+00:00
[2026-08-12T04:31:41.445+0000] {processor.py:208} INFO - Processing /home/airflow/.local/lib/python3.12/site-packages/airflow/example_dags/example_sla_dag.py took 0.112 seconds
[2026-08-12T04:33:00.505+0000] {processor.py:186} INFO - Started process (PID=99) to work on /home/airflow/.local/lib/python3.12/site-packages/airflow/example_dags/example_sla_dag.py
[2026-08-12T04:33:00.508+0000] {processor.py:914} INFO - Processing file /home/airflow/.local/lib/python3.12/site-packages/airflow/example_dags/example_sla_dag.py for tasks to queue
[2026-08-12T04:33:00.512+0000] {logging_mixin.py:190} INFO - [2026-08-12T04:33:00.512+0000] {dagbag.py:587} INFO - Filling up the DagBag from /home/airflow/.local/lib/python3.12/site-packages/airflow/example_dags/example_sla_dag.py
[2026-08-12T04:33:00.531+0000] {processor.py:925} INFO - DAG(s) 'example_sla_dag' retrieved from /home/airflow/.local/lib/python3.12/site-packages/airflow/example_dags/example_sla_dag.py
[2026-08-12T04:33:00.576+0000] {logging_mixin.py:190} INFO - [2026-08-12T04:33:00.575+0000] {dag.py:3211} INFO - Sync 1 DAGs
[2026-08-12T04:33:00.627+0000] {logging_mixin.py:190} INFO - [2026-08-12T04:33:00.627+0000] {dag.py:4138} INFO - Setting next_dagrun for example_sla_dag to 2026-08-12 04:30:00+00:00, run_after=2026-08-12 04:32:00+00:00
[2026-08-12T04:33:00.662+0000] {processor.py:208} INFO - Processing /home/airflow/.local/lib/python3.12/site-packages/airflow/example_dags/example_sla_dag.py took 0.168 seconds
[2026-08-12T04:33:31.201+0000] {processor.py:186} INFO - Started process (PID=161) to work on /home/airflow/.local/lib/python3.12/site-packages/airflow/example_dags/example_sla_dag.py
[2026-08-12T04:33:31.203+0000] {processor.py:914} INFO - Processing file /home/airflow/.local/lib/python3.12/site-packages/airflow/example_dags/example_sla_dag.py for tasks to queue
[2026-08-12T04:33:31.209+0000] {logging_mixin.py:190} INFO - [2026-08-12T04:33:31.208+0000] {dagbag.py:587} INFO - Filling up the DagBag from /home/airflow/.local/lib/python3.12/site-packages/airflow/example_dags/example_sla_dag.py
[2026-08-12T04:33:31.221+0000] {processor.py:925} INFO - DAG(s) 'example_sla_dag' retrieved from /home/airflow/.local/lib/python3.12/site-packages/airflow/example_dags/example_sla_dag.py
[2026-08-12T04:33:31.246+0000] {logging_mixin.py:190} INFO - [2026-08-12T04:33:31.245+0000] {dag.py:3211} INFO - Sync 1 DAGs
[2026-08-12T04:33:31.280+0000] {logging_mixin.py:190} INFO - [2026-08-12T04:33:31.280+0000] {dag.py:4138} INFO - Setting next_dagrun for example_sla_dag to 2026-08-12 04:30:00+00:00, run_after=2026-08-12 04:32:00+00:00
[2026-08-12T04:33:31.312+0000] {processor.py:208} INFO - Processing /home/airflow/.local/lib/python3.12/site-packages/airflow/example_dags/example_sla_dag.py took 0.117 seconds
[2026-08-12T04:34:01.965+0000] {processor.py:186} INFO - Started process (PID=223) to work on /home/airflow/.local/lib/python3.12/site-packages/airflow/example_dags/example_sla_dag.py
[2026-08-12T04:34:01.968+0000] {processor.py:914} INFO - Processing file /home/airflow/.local/lib/python3.12/site-packages/airflow/example_dags/example_sla_dag.py for tasks to queue
[2026-08-12T04:34:01.972+0000] {logging_mixin.py:190} INFO - [2026-08-12T04:34:01.971+0000] {dagbag.py:587} INFO - Filling up the DagBag from /home/airflow/.local/lib/python3.12/site-packages/airflow/example_dags/example_sla_dag.py
[2026-08-12T04:34:01.987+0000] {processor.py:925} INFO - DAG(s) 'example_sla_dag' retrieved from /home/airflow/.local/lib/python3.12/site-packages/airflow/example_dags/example_sla_dag.py
[2026-08-12T04:34:02.011+0000] {logging_mixin.py:190} INFO - [2026-08-12T04:34:02.010+0000] {dag.py:3211} INFO - Sync 1 DAGs
[2026-08-12T04:34:02.042+0000] {logging_mixin.py:190} INFO - [2026-08-12T04:34:02.042+0000] {dag.py:4138} INFO - Setting next_dagrun for example_sla_dag to 2026-08-12 04:32:00+00:00, run_after=2026-08-12 04:34:00+00:00
[2026-08-12T04:34:02.068+0000] {processor.py:208} INFO - Processing /home/airflow/.local/lib/python3.12/site-packages/airflow/example_dags/example_sla_dag.py took 0.109 seconds
[2026-08-12T04:34:32.466+0000] {processor.py:186} INFO - Started process (PID=285) to work on /home/airflow/.local/lib/python3.12/site-packages/airflow/example_dags/example_sla_dag.py
[2026-08-12T04:34:32.468+0000] {processor.py:914} INFO - Processing file /home/airflow/.local/lib/python3.12/site-packages/airflow/example_dags/example_sla_dag.py for tasks to queue
[2026-08-12T04:34:32.471+0000] {logging_mixin.py:190} INFO - [2026-08-12T04:34:32.471+0000] {dagbag.py:587} INFO - Filling up the DagBag from /home/airflow/.local/lib/python3.12/site-packages/airflow/example_dags/example_sla_dag.py
[2026-08-12T04:34:32.483+0000] {processor.py:925} INFO - DAG(s) 'example_sla_dag' retrieved from /home/airflow/.local/lib/python3.12/site-packages/airflow/example_dags/example_sla_dag.py
[2026-08-12T04:34:32.505+0000] {logging_mixin.py:190} INFO - [2026-08-12T04:34:32.505+0000] {dag.py:3211} INFO - Sync 1 DAGs
[2026-08-12T04:34:32.534+0000] {logging_mixin.py:190} INFO - [2026-08-12T04:34:32.533+0000] {dag.py:4138} INFO - Setting next_dagrun for example_sla_dag to 2026-08-12 04:32:00+00:00, run_after=2026-08-12 04:34:00+00:00
[2026-08-12T04:34:32.557+0000] {processor.py:208} INFO - Processing /home/airflow/.local/lib/python3.12/site-packages/airflow/example_dags/example_sla_dag.py took 0.097 seconds
[2026-08-12T04:35:03.351+0000] {processor.py:186} INFO - Started process (PID=347) to work on /home/airflow/.local/lib/python3.12/site-packages/airflow/example_dags/example_sla_dag.py
[2026-08-12T04:35:03.354+0000] {processor.py:914} INFO - Processing file /home/airflow/.local/lib/python3.12/site-packages/airflow/example_dags/example_sla_dag.py for tasks to queue
[2026-08-12T04:35:03.360+0000] {logging_mixin.py:190} INFO - [2026-08-12T04:35:03.359+0000] {dagbag.py:587} INFO - Filling up the DagBag from /home/airflow/.local/lib/python3.12/site-packages/airflow/example_dags/example_sla_dag.py
[2026-08-12T04:35:03.383+0000] {processor.py:925} INFO - DAG(s) 'example_sla_dag' retrieved from /home/airflow/.local/lib/python3.12/site-packages/airflow/example_dags/example_sla_dag.py
[2026-08-12T04:35:03.420+0000] {logging_mixin.py:190} INFO - [2026-08-12T04:35:03.420+0000] {dag.py:3211} INFO - Sync 1 DAGs
[2026-08-12T04:35:03.467+0000] {logging_mixin.py:190} INFO - [2026-08-12T04:35:03.467+0000] {dag.py:4138} INFO - Setting next_dagrun for example_sla_dag to 2026-08-12 04:32:00+00:00, run_after=2026-08-12 04:34:00+00:00
[2026-08-12T04:35:03.502+0000] {processor.py:208} INFO - Processing /home/airflow/.local/lib/python3.12/site-packages/airflow/example_dags/example_sla_dag.py took 0.160 seconds
[2026-08-12T04:35:33.704+0000] {processor.py:186} INFO - Started process (PID=409) to work on /home/airflow/.local/lib/python3.12/site-packages/airflow/example_dags/example_sla_dag.py
[2026-08-12T04:35:33.706+0000] {processor.py:914} INFO - Processing file /home/airflow/.local/lib/python3.12/site-packages/airflow/example_dags/example_sla_dag.py for tasks to queue
[2026-08-12T04:35:33.711+0000] {logging_mixin.py:190} INFO - [2026-08-12T04:35:33.710+0000] {dagbag.py:587} INFO - Filling up the DagBag from /home/airflow/.local/lib/python3.12/site-packages/airflow/example_dags/example_sla_dag.py
[2026-08-12T04:35:33.728+0000] {processor.py:925} INFO - DAG(s) 'example_sla_dag' retrieved from /home/airflow/.local/lib/python3.12/site-packages/airflow/example_dags/example_sla_dag.py
[2026-08-12T04:35:33.758+0000] {logging_mixin.py:190} INFO - [2026-08-12T04:35:33.757+0000] {dag.py:3211} INFO - Sync 1 DAGs
[2026-08-12T04:35:33.802+0000] {logging_mixin.py:190} INFO - [2026-08-12T04:35:33.802+0000] {dag.py:4138} INFO - Setting next_dagrun for example_sla_dag to 2026-08-12 04:32:00+00:00, run_after=2026-08-12 04:34:00+00:00
[2026-08-12T04:35:33.842+0000] {processor.py:208} INFO - Processing /home/airflow/.local/lib/python3.12/site-packages/airflow/example_dags/example_sla_dag.py took 0.146 seconds
[2026-08-12T04:36:04.494+0000] {processor.py:186} INFO - Started process (PID=471) to work on /home/airflow/.local/lib/python3.12/site-packages/airflow/example_dags/example_sla_dag.py
[2026-08-12T04:36:04.496+0000] {processor.py:914} INFO - Processing file /home/airflow/.local/lib/python3.12/site-packages/airflow/example_dags/example_sla_dag.py for tasks to queue
[2026-08-12T04:36:04.499+0000] {logging_mixin.py:190} INFO - [2026-08-12T04:36:04.499+0000] {dagbag.py:587} INFO - Filling up the DagBag from /home/airflow/.local/lib/python3.12/site-packages/airflow/example_dags/example_sla_dag.py
[2026-08-12T04:36:04.514+0000] {processor.py:925} INFO - DAG(s) 'example_sla_dag' retrieved from /home/airflow/.local/lib/python3.12/site-packages/airflow/example_dags/example_sla_dag.py
[2026-08-12T04:36:04.538+0000] {logging_mixin.py:190} INFO - [2026-08-12T04:36:04.538+0000] {dag.py:3211} INFO - Sync 1 DAGs
[2026-08-12T04:36:04.565+0000] {logging_mixin.py:190} INFO - [2026-08-12T04:36:04.565+0000] {dag.py:4138} INFO - Setting next_dagrun for example_sla_dag to 2026-08-12 04:34:00+00:00, run_after=2026-08-12 04:36:00+00:00
[2026-08-12T04:36:04.592+0000] {processor.py:208} INFO - Processing /home/airflow/.local/lib/python3.12/site-packages/airflow/example_dags/example_sla_dag.py took 0.104 seconds
[2026-08-12T04:36:35.001+0000] {processor.py:186} INFO - Started process (PID=533) to work on /home/airflow/.local/lib/python3.12/site-packages/airflow/example_dags/example_sla_dag.py
[2026-08-12T04:36:35.004+0000] {processor.py:914} INFO - Processing file /home/airflow/.local/lib/python3.12/site-packages/airflow/example_dags/example_sla_dag.py for tasks to queue
[2026-08-12T04:36:35.008+0000] {logging_mixin.py:190} INFO - [2026-08-12T04:36:35.008+0000] {dagbag.py:587} INFO - Filling up the DagBag from /home/airflow/.local/lib/python3.12/site-packages/airflow/example_dags/example_sla_dag.py
[2026-08-12T04:36:35.023+0000] {processor.py:925} INFO - DAG(s) 'example_sla_dag' retrieved from /home/airflow/.local/lib/python3.12/site-packages/airflow/example_dags/example_sla_dag.py
[2026-08-12T04:36:35.045+0000] {logging_mixin.py:190} INFO - [2026-08-12T04:36:35.045+0000] {dag.py:3211} INFO - Sync 1 DAGs
[2026-08-12T04:36:35.074+0000] {logging_mixin.py:190} INFO - [2026-08-12T04:36:35.073+0000] {dag.py:4138} INFO - Setting next_dagrun for example_sla_dag to 2026-08-12 04:34:00+00:00, run_after=2026-08-12 04:36:00+00:00
[2026-08-12T04:36:35.096+0000] {processor.py:208} INFO - Processing /home/airflow/.local/lib/python3.12/site-packages/airflow/example_dags/example_sla_dag.py took 0.102 seconds
[2026-08-12T04:37:05.505+0000] {processor.py:186} INFO - Started process (PID=595) to work on /home/airflow/.local/lib/python3.12/site-packages/airflow/example_dags/example_sla_dag.py
[2026-08-12T04:37:05.507+0000] {processor.py:914} INFO - Processing file /home/airflow/.local/lib/python3.12/site-packages/airflow/example_dags/example_sla_dag.py for tasks to queue
[2026-08-12T04:37:05.511+0000] {logging_mixin.py:190} INFO - [2026-08-12T04:37:05.511+0000] {dagbag.py:587} INFO - Filling up the DagBag from /home/airflow/.local/lib/python3.12/site-packages/airflow/example_dags/example_sla_dag.py
[2026-08-12T04:37:05.523+0000] {processor.py:925} INFO - DAG(s) 'example_sla_dag' retrieved from /home/airflow/.local/lib/python3.12/site-packages/airflow/example_dags/example_sla_dag.py
[2026-08-12T04:37:05.544+0000] {logging_mixin.py:190} INFO - [2026-08-12T04:37:05.543+0000] {dag.py:3211} INFO - Sync 1 DAGs
[2026-08-12T04:37:05.572+0000] {logging_mixin.py:190} INFO - [2026-08-12T04:37:05.571+0000] {dag.py:4138} INFO - Setting next_dagrun for example_sla_dag to 2026-08-12 04:34:00+00:00, run_after=2026-08-12 04:36:00+00:00
[2026-08-12T04:37:05.597+0000] {processor.py:208} INFO - Processing /home/airflow/.local/lib/python3.12/site-packages/airflow/example_dags/example_sla_dag.py took 0.097 seconds
[2026-08-12T04:37:36.188+0000] {processor.py:186} INFO - Started process (PID=657) to work on /home/airflow/.local/lib/python3.12/site-packages/airflow/example_dags/example_sla_dag.py
[2026-08-12T04:37:36.190+0000] {processor.py:914} INFO - Processing file /home/airflow/.local/lib/python3.12/site-packages/airflow/example_dags/example_sla_dag.py for tasks to queue
[2026-08-12T04:37:36.193+0000] {logging_mixin.py:190} INFO - [2026-08-12T04:37:36.193+0000] {dagbag.py:587} INFO - Filling up the DagBag from /home/airflow/.local/lib/python3.12/site-packages/airflow/example_dags/example_sla_dag.py
[2026-08-12T04:37:36.205+0000] {processor.py:925} INFO - DAG(s) 'example_sla_dag' retrieved from /home/airflow/.local/lib/python3.12/site-packages/airflow/example_dags/example_sla_dag.py
[2026-08-12T04:37:36.225+0000] {logging_mixin.py:190} INFO - [2026-08-12T04:37:36.225+0000] {dag.py:3211} INFO - Sync 1 DAGs
[2026-08-12T04:37:36.252+0000] {logging_mixin.py:190} INFO - [2026-08-12T04:37:36.251+0000] {dag.py:4138} INFO - Setting next_dagrun for example_sla_dag to 2026-08-12 04:34:00+00:00, run_after=2026-08-12 04:36:00+00:00
[2026-08-12T04:37:36.270+0000] {processor.py:208} INFO - Processing /home/airflow/.local/lib/python3.12/site-packages/airflow/example_dags/example_sla_dag.py took 0.089 seconds
[2026-08-12T04:38:06.515+0000] {processor.py:186} INFO - Started process (PID=718) to work on /home/airflow/.local/lib/python3.12/site-packages/airflow/example_dags/example_sla_dag.py
[2026-08-12T04:38:06.518+0000] {processor.py:914} INFO - Processing file /home/airflow/.local/lib/python3.12/site-packages/airflow/example_dags/example_sla_dag.py for tasks to queue
[2026-08-12T04:38:06.524+0000] {logging_mixin.py:190} INFO - [2026-08-12T04:38:06.523+0000] {dagbag.py:587} INFO - Filling up the DagBag from /home/airflow/.local/lib/python3.12/site-packages/airflow/example_dags/example_sla_dag.py
[2026-08-12T04:38:06.545+0000] {processor.py:925} INFO - DAG(s) 'example_sla_dag' retrieved from /home/airflow/.local/lib/python3.12/site-packages/airflow/example_dags/example_sla_dag.py
[2026-08-12T04:38:06.577+0000] {logging_mixin.py:190} INFO - [2026-08-12T04:38:06.577+0000] {dag.py:3211} INFO - Sync 1 DAGs
[2026-08-12T04:38:06.618+0000] {logging_mixin.py:190} INFO - [2026-08-12T04:38:06.617+0000] {dag.py:4138} INFO - Setting next_dagrun for example_sla_dag to 2026-08-12 04:36:00+00:00, run_after=2026-08-12 04:38:00+00:00
[2026-08-12T04:38:06.657+0000] {processor.py:208} INFO - Processing /home/airflow/.local/lib/python3.12/site-packages/airflow/example_dags/example_sla_dag.py took 0.153 seconds
[2026-08-12T04:38:36.884+0000] {processor.py:186} INFO - Started process (PID=780) to work on /home/airflow/.local/lib/python3.12/site-packages/airflow/example_dags/example_sla_dag.py
[2026-08-12T04:38:36.888+0000] {processor.py:914} INFO - Processing file /home/airflow/.local/lib/python3.12/site-packages/airflow/example_dags/example_sla_dag.py for tasks to queue
[2026-08-12T04:38:36.896+0000] {logging_mixin.py:190} INFO - [2026-08-12T04:38:36.896+0000] {dagbag.py:587} INFO - Filling up the DagBag from /home/airflow/.local/lib/python3.12/site-packages/airflow/example_dags/example_sla_dag.py
[2026-08-12T04:38:36.916+0000] {processor.py:925} INFO - DAG(s) 'example_sla_dag' retrieved from /home/airflow/.local/lib/python3.12/site-packages/airflow/example_dags/example_sla_dag.py
[2026-08-12T04:38:36.947+0000] {logging_mixin.py:190} INFO - [2026-08-12T04:38:36.946+0000] {dag.py:3211} INFO - Sync 1 DAGs
[2026-08-12T04:38:36.993+0000] {logging_mixin.py:190} INFO - [2026-08-12T04:38:36.992+0000] {dag.py:4138} INFO - Setting next_dagrun for example_sla_dag to 2026-08-12 04:36:00+00:00, run_after=2026-08-12 04:38:00+00:00
[2026-08-12T04:38:37.031+0000] {processor.py:208} INFO - Processing /home/airflow/.local/lib/python3.12/site-packages/airflow/example_dags/example_sla_dag.py took 0.161 seconds
[2026-08-12T04:39:07.377+0000] {processor.py:186} INFO - Started process (PID=842) to work on /home/airflow/.local/lib/python3.12/site-packages/airflow/example_dags/example_sla_dag.py
[2026-08-12T04:39:07.380+0000] {processor.py:914} INFO - Processing file /home/airflow/.local/lib/python3.12/site-packages/airflow/example_dags/example_sla_dag.py for tasks to queue
[2026-08-12T04:39:07.385+0000] {logging_mixin.py:190} INFO - [2026-08-12T04:39:07.385+0000] {dagbag.py:587} INFO - Filling up the DagBag from /home/airflow/.local/lib/python3.12/site-packages/airflow/example_dags/example_sla_dag.py
[2026-08-12T04:39:07.400+0000] {processor.py:925} INFO - DAG(s) 'example_sla_dag' retrieved from /home/airflow/.local/lib/python3.12/site-packages/airflow/example_dags/example_sla_dag.py
[2026-08-12T04:39:07.425+0000] {logging_mixin.py:190} INFO - [2026-08-12T04:39:07.424+0000] {dag.py:3211} INFO - Sync 1 DAGs
[2026-08-12T04:39:07.455+0000] {logging_mixin.py:190} INFO - [2026-08-12T04:39:07.455+0000] {dag.py:4138} INFO - Setting next_dagrun for example_sla_dag to 2026-08-12 04:36:00+00:00, run_after=2026-08-12 04:38:00+00:00
[2026-08-12T04:39:07.479+0000] {processor.py:208} INFO - Processing /home/airflow/.local/lib/python3.12/site-packages/airflow/example_dags/example_sla_dag.py took 0.109 seconds
[2026-08-12T04:39:38.588+0000] {processor.py:186} INFO - Started process (PID=905) to work on /home/airflow/.local/lib/python3.12/site-packages/airflow/example_dags/example_sla_dag.py
[2026-08-12T04:39:38.590+0000] {processor.py:914} INFO - Processing file /home/airflow/.local/lib/python3.12/site-packages/airflow/example_dags/example_sla_dag.py for tasks to queue
[2026-08-12T04:39:38.595+0000] {logging_mixin.py:190} INFO - [2026-08-12T04:39:38.594+0000] {dagbag.py:587} INFO - Filling up the DagBag from /home/airflow/.local/lib/python3.12/site-packages/airflow/example_dags/example_sla_dag.py
[2026-08-12T04:39:38.607+0000] {processor.py:925} INFO - DAG(s) 'example_sla_dag' retrieved from /home/airflow/.local/lib/python3.12/site-packages/airflow/example_dags/example_sla_dag.py
[2026-08-12T04:39:38.637+0000] {logging_mixin.py:190} INFO - [2026-08-12T04:39:38.636+0000] {dag.py:3211} INFO - Sync 1 DAGs
[2026-08-12T04:39:38.666+0000] {logging_mixin.py:190} INFO - [2026-08-12T04:39:38.665+0000] {dag.py:4138} INFO - Setting next_dagrun for example_sla_dag to 2026-08-12 04:36:00+00:00, run_after=2026-08-12 04:38:00+00:00
[2026-08-12T04:39:38.690+0000] {processor.py:208} INFO - Processing /home/airflow/.local/lib/python3.12/site-packages/airflow/example_dags/example_sla_dag.py took 0.108 seconds
[2026-08-12T04:40:09.200+0000] {processor.py:186} INFO - Started process (PID=967) to work on /home/airflow/.local/lib/python3.12/site-packages/airflow/example_dags/example_sla_dag.py
[2026-08-12T04:40:09.202+0000] {processor.py:914} INFO - Processing file /home/airflow/.local/lib/python3.12/site-packages/airflow/example_dags/example_sla_dag.py for tasks to queue
[2026-08-12T04:40:09.210+0000] {logging_mixin.py:190} INFO - [2026-08-12T04:40:09.210+0000] {dagbag.py:587} INFO - Filling up the DagBag from /home/airflow/.local/lib/python3.12/site-packages/airflow/example_dags/example_sla_dag.py
[2026-08-12T04:40:09.225+0000] {processor.py:925} INFO - DAG(s) 'example_sla_dag' retrieved from /home/airflow/.local/lib/python3.12/site-packages/airflow/example_dags/example_sla_dag.py
[2026-08-12T04:40:09.246+0000] {logging_mixin.py:190} INFO - [2026-08-12T04:40:09.246+0000] {dag.py:3211} INFO - Sync 1 DAGs
[2026-08-12T04:40:09.279+0000] {logging_mixin.py:190} INFO - [2026-08-12T04:40:09.279+0000] {dag.py:4138} INFO - Setting next_dagrun for example_sla_dag to 2026-08-12 04:38:00+00:00, run_after=2026-08-12 04:40:00+00:00
[2026-08-12T04:40:09.319+0000] {processor.py:208} INFO - Processing /home/airflow/.local/lib/python3.12/site-packages/airflow/example_dags/example_sla_dag.py took 0.126 seconds
[2026-08-12T04:40:39.611+0000] {processor.py:186} INFO - Started process (PID=1029) to work on /home/airflow/.local/lib/python3.12/site-packages/airflow/example_dags/example_sla_dag.py
[2026-08-12T04:40:39.613+0000] {processor.py:914} INFO - Processing file /home/airflow/.local/lib/python3.12/site-packages/airflow/example_dags/example_sla_dag.py for tasks to queue
[2026-08-12T04:40:39.617+0000] {logging_mixin.py:190} INFO - [2026-08-12T04:40:39.617+0000] {dagbag.py:587} INFO - Filling up the DagBag from /home/airflow/.local/lib/python3.12/site-packages/airflow/example_dags/example_sla_dag.py
[2026-08-12T04:40:39.630+0000] {processor.py:925} INFO - DAG(s) 'example_sla_dag' retrieved from /home/airflow/.local/lib/python3.12/site-packages/airflow/example_dags/example_sla_dag.py
[2026-08-12T04:40:39.651+0000] {logging_mixin.py:190} INFO - [2026-08-12T04:40:39.650+0000] {dag.py:3211} INFO - Sync 1 DAGs
[2026-08-12T04:40:39.676+0000] {logging_mixin.py:190} INFO - [2026-08-12T04:40:39.676+0000] {dag.py:4138} INFO - Setting next_dagrun for example_sla_dag to 2026-08-12 04:38:00+00:00, run_after=2026-08-12 04:40:00+00:00
[2026-08-12T04:40:39.702+0000] {processor.py:208} INFO - Processing /home/airflow/.local/lib/python3.12/site-packages/airflow/example_dags/example_sla_dag.py took 0.098 seconds
[2026-08-12T04:41:10.936+0000] {processor.py:186} INFO - Started process (PID=1091) to work on /home/airflow/.local/lib/python3.12/site-packages/airflow/example_dags/example_sla_dag.py
[2026-08-12T04:41:10.939+0000] {processor.py:914} INFO - Processing file /home/airflow/.local/lib/python3.12/site-packages/airflow/example_dags/example_sla_dag.py for tasks to queue
[2026-08-12T04:41:10.945+0000] {logging_mixin.py:190} INFO - [2026-08-12T04:41:10.944+0000] {dagbag.py:587} INFO - Filling up the DagBag from /home/airflow/.local/lib/python3.12/site-packages/airflow/example_dags/example_sla_dag.py
[2026-08-12T04:41:10.958+0000] {processor.py:925} INFO - DAG(s) 'example_sla_dag' retrieved from /home/airflow/.local/lib/python3.12/site-packages/airflow/example_dags/example_sla_dag.py
[2026-08-12T04:41:10.983+0000] {logging_mixin.py:190} INFO - [2026-08-12T04:41:10.982+0000] {dag.py:3211} INFO - Sync 1 DAGs
[2026-08-12T04:41:11.010+0000] {logging_mixin.py:190} INFO - [2026-08-12T04:41:11.009+0000] {dag.py:4138} INFO - Setting next_dagrun for example_sla_dag to 2026-08-12 04:38:00+00:00, run_after=2026-08-12 04:40:00+00:00
[2026-08-12T04:41:11.039+0000] {processor.py:208} INFO - Processing /home/airflow/.local/lib/python3.12/site-packages/airflow/example_dags/example_sla_dag.py took 0.114 seconds
[2026-08-12T04:41:41.462+0000] {processor.py:186} INFO - Started process (PID=1153) to work on /home/airflow/.local/lib/python3.12/site-packages/airflow/example_dags/example_sla_dag.py
[2026-08-12T04:41:41.465+0000] {processor.py:914} INFO - Processing file /home/airflow/.local/lib/python3.12/site-packages/airflow/example_dags/example_sla_dag.py for tasks to queue
[2026-08-12T04:41:41.469+0000] {logging_mixin.py:190} INFO - [2026-08-12T04:41:41.468+0000] {dagbag.py:587} INFO - Filling up the DagBag from /home/airflow/.local/lib/python3.12/site-packages/airflow/example_dags/example_sla_dag.py
[2026-08-12T04:41:41.484+0000] {processor.py:925} INFO - DAG(s) 'example_sla_dag' retrieved from /home/airflow/.local/lib/python3.12/site-packages/airflow/example_dags/example_sla_dag.py
[2026-08-12T04:41:41.510+0000] {logging_mixin.py:190} INFO - [2026-08-12T04:41:41.510+0000] {dag.py:3211} INFO - Sync 1 DAGs
[2026-08-12T04:41:41.541+0000] {logging_mixin.py:190} INFO - [2026-08-12T04:41:41.541+0000] {dag.py:4138} INFO - Setting next_dagrun for example_sla_dag to 2026-08-12 04:38:00+00:00, run_after=2026-08-12 04:40:00+00:00
[2026-08-12T04:41:41.570+0000] {processor.py:208} INFO - Processing /home/airflow/.local/lib/python3.12/site-packages/airflow/example_dags/example_sla_dag.py took 0.115 seconds
[2026-08-12T04:42:11.997+0000] {processor.py:186} INFO - Started process (PID=1215) to work on /home/airflow/.local/lib/python3.12/site-packages/airflow/example_dags/example_sla_dag.py
[2026-08-12T04:42:12.001+0000] {processor.py:914} INFO - Processing file /home/airflow/.local/lib/python3.12/site-packages/airflow/example_dags/example_sla_dag.py for tasks to queue
[2026-08-12T04:42:12.006+0000] {logging_mixin.py:190} INFO - [2026-08-12T04:42:12.005+0000] {dagbag.py:587} INFO - Filling up the DagBag from /home/airflow/.local/lib/python3.12/site-packages/airflow/example_dags/example_sla_dag.py
[2026-08-12T04:42:12.026+0000] {processor.py:925} INFO - DAG(s) 'example_sla_dag' retrieved from /home/airflow/.local/lib/python3.12/site-packages/airflow/example_dags/example_sla_dag.py
[2026-08-12T04:42:12.055+0000] {logging_mixin.py:190} INFO - [2026-08-12T04:42:12.054+0000] {dag.py:3211} INFO - Sync 1 DAGs
[2026-08-12T04:42:12.087+0000] {logging_mixin.py:190} INFO - [2026-08-12T04:42:12.087+0000] {dag.py:4138} INFO - Setting next_dagrun for example_sla_dag to 2026-08-12 04:40:00+00:00, run_after=2026-08-12 04:42:00+00:00
[2026-08-12T04:42:12.113+0000] {processor.py:208} INFO - Processing /home/airflow/.local/lib/python3.12/site-packages/airflow/example_dags/example_sla_dag.py took 0.128 seconds
[2026-08-12T04:42:42.436+0000] {processor.py:186} INFO - Started process (PID=1277) to work on /home/airflow/.local/lib/python3.12/site-packages/airflow/example_dags/example_sla_dag.py
[2026-08-12T04:42:42.438+0000] {processor.py:914} INFO - Processing file /home/airflow/.local/lib/python3.12/site-packages/airflow/example_dags/example_sla_dag.py for tasks to queue
[2026-08-12T04:42:42.442+0000] {logging_mixin.py:190} INFO - [2026-08-12T04:42:42.441+0000] {dagbag.py:587} INFO - Filling up the DagBag from /home/airflow/.local/lib/python3.12/site-packages/airflow/example_dags/example_sla_dag.py
[2026-08-12T04:42:42.456+0000] {processor.py:925} INFO - DAG(s) 'example_sla_dag' retrieved from /home/airflow/.local/lib/python3.12/site-packages/airflow/example_dags/example_sla_dag.py
[2026-08-12T04:42:42.476+0000] {logging_mixin.py:190} INFO - [2026-08-12T04:42:42.476+0000] {dag.py:3211} INFO - Sync 1 DAGs
[2026-08-12T04:42:42.510+0000] {logging_mixin.py:190} INFO - [2026-08-12T04:42:42.510+0000] {dag.py:4138} INFO - Setting next_dagrun for example_sla_dag to 2026-08-12 04:40:00+00:00, run_after=2026-08-12 04:42:00+00:00
[2026-08-12T04:42:42.539+0000] {processor.py:208} INFO - Processing /home/airflow/.local/lib/python3.12/site-packages/airflow/example_dags/example_sla_dag.py took 0.109 seconds
[2026-08-12T04:43:13.416+0000] {processor.py:186} INFO - Started process (PID=1339) to work on /home/airflow/.local/lib/python3.12/site-packages/airflow/example_dags/example_sla_dag.py
[2026-08-12T04:43:13.418+0000] {processor.py:914} INFO - Processing file /home/airflow/.local/lib/python3.12/site-packages/airflow/example_dags/example_sla_dag.py for tasks to queue
[2026-08-12T04:43:13.423+0000] {logging_mixin.py:190} INFO - [2026-08-12T04:43:13.422+0000] {dagbag.py:587} INFO - Filling up the DagBag from /home/airflow/.local/lib/python3.12/site-packages/airflow/example_dags/example_sla_dag.py
[2026-08-12T04:43:13.435+0000] {processor.py:925} INFO - DAG(s) 'example_sla_dag' retrieved from /home/airflow/.local/lib/python3.12/site-packages/airflow/example_dags/example_sla_dag.py
[2026-08-12T04:43:13.454+0000] {logging_mixin.py:190} INFO - [2026-08-12T04:43:13.454+0000] {dag.py:3211} INFO - Sync 1 DAGs
[2026-08-12T04:43:13.478+0000] {logging_mixin.py:190} INFO - [2026-08-12T04:43:13.478+0000] {dag.py:4138} INFO - Setting next_dagrun for example_sla_dag to 2026-08-12 04:40:00+00:00, run_after=2026-08-12 04:42:00+00:00
[2026-08-12T04:43:13.498+0000] {processor.py:208} INFO - Processing /home/airflow/.local/lib/python3.12/site-packages/airflow/example_dags/example_sla_dag.py took 0.088 seconds
[2026-08-12T04:43:43.853+0000] {processor.py:186} INFO - Started process (PID=1401) to work on /home/airflow/.local/lib/python3.12/site-packages/airflow/example_dags/example_sla_dag.py
[2026-08-12T04:43:43.856+0000] {processor.py:914} INFO - Processing file /home/airflow/.local/lib/python3.12/site-packages/airflow/example_dags/example_sla_dag.py for tasks to queue
[2026-08-12T04:43:43.861+0000] {logging_mixin.py:190} INFO - [2026-08-12T04:43:43.860+0000] {dagbag.py:587} INFO - Filling up the DagBag from /home/airflow/.local/lib/python3.12/site-packages/airflow/example_dags/example_sla_dag.py
[2026-08-12T04:43:43.874+0000] {processor.py:925} INFO - DAG(s) 'example_sla_dag' retrieved from /home/airflow/.local/lib/python3.12/site-packages/airflow/example_dags/example_sla_dag.py
[2026-08-12T04:43:43.900+0000] {logging_mixin.py:190} INFO - [2026-08-12T04:43:43.900+0000] {dag.py:3211} INFO - Sync 1 DAGs
[2026-08-12T04:43:43.929+0000] {logging_mixin.py:190} INFO - [2026-08-12T04:43:43.929+0000] {dag.py:4138} INFO - Setting next_dagrun for example_sla_dag to 2026-08-12 04:40:00+00:00, run_after=2026-08-12 04:42:00+00:00
[2026-08-12T04:43:43.951+0000] {processor.py:208} INFO - Processing /home/airflow/.local/lib/python3.12/site-packages/airflow/example_dags/example_sla_dag.py took 0.105 seconds
[2026-08-12T04:44:14.362+0000] {processor.py:186} INFO - Started process (PID=1463) to work on /home/airflow/.local/lib/python3.12/site-packages/airflow/example_dags/example_sla_dag.py
[2026-08-12T04:44:14.365+0000] {processor.py:914} INFO - Processing file /home/airflow/.local/lib/python3.12/site-packages/airflow/example_dags/example_sla_dag.py for tasks to queue
[2026-08-12T04:44:14.371+0000] {logging_mixin.py:190} INFO - [2026-08-12T04:44:14.371+0000] {dagbag.py:587} INFO - Filling up the DagBag from /home/airflow/.local/lib/python3.12/site-packages/airflow/example_dags/example_sla_dag.py
[2026-08-12T04:44:14.388+0000] {processor.py:925} INFO - DAG(s) 'example_sla_dag' retrieved from /home/airflow/.local/lib/python3.12/site-packages/airflow/example_dags/example_sla_dag.py
[2026-08-12T04:44:14.417+0000] {logging_mixin.py:190} INFO - [2026-08-12T04:44:14.417+0000] {dag.py:3211} INFO - Sync 1 DAGs
[2026-08-12T04:44:14.447+0000] {logging_mixin.py:190} INFO - [2026-08-12T04:44:14.447+0000] {dag.py:4138} INFO - Setting next_dagrun for example_sla_dag to 2026-08-12 04:42:00+00:00, run_after=2026-08-12 04:44:00+00:00
[2026-08-12T04:44:14.475+0000] {processor.py:208} INFO - Processing /home/airflow/.local/lib/python3.12/site-packages/airflow/example_dags/example_sla_dag.py took 0.122 seconds
[2026-08-12T04:44:44.737+0000] {processor.py:186} INFO - Started process (PID=1525) to work on /home/airflow/.local/lib/python3.12/site-packages/airflow/example_dags/example_sla_dag.py
[2026-08-12T04:44:44.739+0000] {processor.py:914} INFO - Processing file /home/airflow/.local/lib/python3.12/site-packages/airflow/example_dags/example_sla_dag.py for tasks to queue
[2026-08-12T04:44:44.744+0000] {logging_mixin.py:190} INFO - [2026-08-12T04:44:44.744+0000] {dagbag.py:587} INFO - Filling up the DagBag from /home/airflow/.local/lib/python3.12/site-packages/airflow/example_dags/example_sla_dag.py
[2026-08-12T04:44:44.758+0000] {processor.py:925} INFO - DAG(s) 'example_sla_dag' retrieved from /home/airflow/.local/lib/python3.12/site-packages/airflow/example_dags/example_sla_dag.py
[2026-08-12T04:44:44.785+0000] {logging_mixin.py:190} INFO - [2026-08-12T04:44:44.784+0000] {dag.py:3211} INFO - Sync 1 DAGs
[2026-08-12T04:44:44.809+0000] {logging_mixin.py:190} INFO - [2026-08-12T04:44:44.809+0000] {dag.py:4138} INFO - Setting next_dagrun for example_sla_dag to 2026-08-12 04:42:00+00:00, run_after=2026-08-12 04:44:00+00:00
[2026-08-12T04:44:44.832+0000] {processor.py:208} INFO - Processing /home/airflow/.local/lib/python3.12/site-packages/airflow/example_dags/example_sla_dag.py took 0.102 seconds
[2026-08-12T04:45:15.228+0000] {processor.py:186} INFO - Started process (PID=1587) to work on /home/airflow/.local/lib/python3.12/site-packages/airflow/example_dags/example_sla_dag.py
[2026-08-12T04:45:15.230+0000] {processor.py:914} INFO - Processing file /home/airflow/.local/lib/python3.12/site-packages/airflow/example_dags/example_sla_dag.py for tasks to queue
[2026-08-12T04:45:15.235+0000] {logging_mixin.py:190} INFO - [2026-08-12T04:45:15.234+0000] {dagbag.py:587} INFO - Filling up the DagBag from /home/airflow/.local/lib/python3.12/site-packages/airflow/example_dags/example_sla_dag.py
[2026-08-12T04:45:15.248+0000] {processor.py:925} INFO - DAG(s) 'example_sla_dag' retrieved from /home/airflow/.local/lib/python3.12/site-packages/airflow/example_dags/example_sla_dag.py
[2026-08-12T04:45:15.270+0000] {logging_mixin.py:190} INFO - [2026-08-12T04:45:15.270+0000] {dag.py:3211} INFO - Sync 1 DAGs
[2026-08-12T04:45:15.303+0000] {logging_mixin.py:190} INFO - [2026-08-12T04:45:15.303+0000] {dag.py:4138} INFO - Setting next_dagrun for example_sla_dag to 2026-08-12 04:42:00+00:00, run_after=2026-08-12 04:44:00+00:00
[2026-08-12T04:45:15.329+0000] {processor.py:208} INFO - Processing /home/airflow/.local/lib/python3.12/site-packages/airflow/example_dags/example_sla_dag.py took 0.107 seconds
[2026-08-12T04:45:45.837+0000] {processor.py:186} INFO - Started process (PID=1649) to work on /home/airflow/.local/lib/python3.12/site-packages/airflow/example_dags/example_sla_dag.py
[2026-08-12T04:45:45.839+0000] {processor.py:914} INFO - Processing file /home/airflow/.local/lib/python3.12/site-packages/airflow/example_dags/example_sla_dag.py for tasks to queue
[2026-08-12T04:45:45.844+0000] {logging_mixin.py:190} INFO - [2026-08-12T04:45:45.843+0000] {dagbag.py:587} INFO - Filling up the DagBag from /home/airflow/.local/lib/python3.12/site-packages/airflow/example_dags/example_sla_dag.py
[2026-08-12T04:45:45.858+0000] {processor.py:925} INFO - DAG(s) 'example_sla_dag' retrieved from /home/airflow/.local/lib/python3.12/site-packages/airflow/example_dags/example_sla_dag.py
[2026-08-12T04:45:45.879+0000] {logging_mixin.py:190} INFO - [2026-08-12T04:45:45.879+0000] {dag.py:3211} INFO - Sync 1 DAGs
[2026-08-12T04:45:45.908+0000] {logging_mixin.py:190} INFO - [2026-08-12T04:45:45.908+0000] {dag.py:4138} INFO - Setting next_dagrun for example_sla_dag to 2026-08-12 04:42:00+00:00, run_after=2026-08-12 04:44:00+00:00
[2026-08-12T04:45:45.937+0000] {processor.py:208} INFO - Processing /home/airflow/.local/lib/python3.12/site-packages/airflow/example_dags/example_sla_dag.py took 0.107 seconds
[2026-08-12T04:46:16.018+0000] {processor.py:186} INFO - Started process (PID=1711) to work on /home/airflow/.local/lib/python3.12/site-packages/airflow/example_dags/example_sla_dag.py
[2026-08-12T04:46:16.020+0000] {processor.py:914} INFO - Processing file /home/airflow/.local/lib/python3.12/site-packages/airflow/example_dags/example_sla_dag.py for tasks to queue
[2026-08-12T04:46:16.024+0000] {logging_mixin.py:190} INFO - [2026-08-12T04:46:16.024+0000] {dagbag.py:587} INFO - Filling up the DagBag from /home/airflow/.local/lib/python3.12/site-packages/airflow/example_dags/example_sla_dag.py
[2026-08-12T04:46:16.037+0000] {processor.py:925} INFO - DAG(s) 'example_sla_dag' retrieved from /home/airflow/.local/lib/python3.12/site-packages/airflow/example_dags/example_sla_dag.py
[2026-08-12T04:46:16.063+0000] {logging_mixin.py:190} INFO - [2026-08-12T04:46:16.063+0000] {dag.py:3211} INFO - Sync 1 DAGs
[2026-08-12T04:46:16.092+0000] {logging_mixin.py:190} INFO - [2026-08-12T04:46:16.091+0000] {dag.py:4138} INFO - Setting next_dagrun for example_sla_dag to 2026-08-12 04:44:00+00:00, run_after=2026-08-12 04:46:00+00:00
[2026-08-12T04:46:16.115+0000] {processor.py:208} INFO - Processing /home/airflow/.local/lib/python3.12/site-packages/airflow/example_dags/example_sla_dag.py took 0.103 seconds
[2026-08-12T04:46:46.857+0000] {processor.py:186} INFO - Started process (PID=1773) to work on /home/airflow/.local/lib/python3.12/site-packages/airflow/example_dags/example_sla_dag.py
[2026-08-12T04:46:46.859+0000] {processor.py:914} INFO - Processing file /home/airflow/.local/lib/python3.12/site-packages/airflow/example_dags/example_sla_dag.py for tasks to queue
[2026-08-12T04:46:46.863+0000] {logging_mixin.py:190} INFO - [2026-08-12T04:46:46.862+0000] {dagbag.py:587} INFO - Filling up the DagBag from /home/airflow/.local/lib/python3.12/site-packages/airflow/example_dags/example_sla_dag.py
[2026-08-12T04:46:46.877+0000] {processor.py:925} INFO - DAG(s) 'example_sla_dag' retrieved from /home/airflow/.local/lib/python3.12/site-packages/airflow/example_dags/example_sla_dag.py
[2026-08-12T04:46:46.899+0000] {logging_mixin.py:190} INFO - [2026-08-12T04:46:46.899+0000] {dag.py:3211} INFO - Sync 1 DAGs
[2026-08-12T04:46:46.926+0000] {logging_mixin.py:190} INFO - [2026-08-12T04:46:46.926+0000] {dag.py:4138} INFO - Setting next_dagrun for example_sla_dag to 2026-08-12 04:44:00+00:00, run_after=2026-08-12 04:46:00+00:00
[2026-08-12T04:46:46.954+0000] {processor.py:208} INFO - Processing /home/airflow/.local/lib/python3.12/site-packages/airflow/example_dags/example_sla_dag.py took 0.103 seconds
[2026-08-12T04:47:17.545+0000] {processor.py:186} INFO - Started process (PID=1836) to work on /home/airflow/.local/lib/python3.12/site-packages/airflow/example_dags/example_sla_dag.py
[2026-08-12T04:47:17.545+0000] {processor.py:914} INFO - Processing file /home/airflow/.local/lib/python3.12/site-packages/airflow/example_dags/example_sla_dag.py for tasks to queue
[2026-08-12T04:47:17.550+0000] {logging_mixin.py:190} INFO - [2026-08-12T04:47:17.549+0000] {dagbag.py:587} INFO - Filling up the DagBag from /home/airflow/.local/lib/python3.12/site-packages/airflow/example_dags/example_sla_dag.py
[2026-08-12T04:47:17.564+0000] {processor.py:925} INFO - DAG(s) 'example_sla_dag' retrieved from /home/airflow/.local/lib/python3.12/site-packages/airflow/example_dags/example_sla_dag.py
[2026-08-12T04:47:17.590+0000] {logging_mixin.py:190} INFO - [2026-08-12T04:47:17.589+0000] {dag.py:3211} INFO - Sync 1 DAGs
[2026-08-12T04:47:17.624+0000] {logging_mixin.py:190} INFO - [2026-08-12T04:47:17.624+0000] {dag.py:4138} INFO - Setting next_dagrun for example_sla_dag to 2026-08-12 04:44:00+00:00, run_after=2026-08-12 04:46:00+00:00
[2026-08-12T04:47:17.654+0000] {processor.py:208} INFO - Processing /home/airflow/.local/lib/python3.12/site-packages/airflow/example_dags/example_sla_dag.py took 0.119 seconds
[2026-08-12T04:47:48.101+0000] {processor.py:186} INFO - Started process (PID=1898) to work on /home/airflow/.local/lib/python3.12/site-packages/airflow/example_dags/example_sla_dag.py
[2026-08-12T04:47:48.103+0000] {processor.py:914} INFO - Processing file /home/airflow/.local/lib/python3.12/site-packages/airflow/example_dags/example_sla_dag.py for tasks to queue
[2026-08-12T04:47:48.108+0000] {logging_mixin.py:190} INFO - [2026-08-12T04:47:48.107+0000] {dagbag.py:587} INFO - Filling up the DagBag from /home/airflow/.local/lib/python3.12/site-packages/airflow/example_dags/example_sla_dag.py
[2026-08-12T04:47:48.120+0000] {processor.py:925} INFO - DAG(s) 'example_sla_dag' retrieved from /home/airflow/.local/lib/python3.12/site-packages/airflow/example_dags/example_sla_dag.py
[2026-08-12T04:47:48.142+0000] {logging_mixin.py:190} INFO - [2026-08-12T04:47:48.142+0000] {dag.py:3211} INFO - Sync 1 DAGs
[2026-08-12T04:47:48.169+0000] {logging_mixin.py:190} INFO - [2026-08-12T04:47:48.169+0000] {dag.py:4138} INFO - Setting next_dagrun for example_sla_dag to 2026-08-12 04:44:00+00:00, run_after=2026-08-12 04:46:00+00:00
[2026-08-12T04:47:48.198+0000] {processor.py:208} INFO - Processing /home/airflow/.local/lib/python3.12/site-packages/airflow/example_dags/example_sla_dag.py took 0.103 seconds
[2026-08-12T04:48:18.624+0000] {processor.py:186} INFO - Started process (PID=1960) to work on /home/airflow/.local/lib/python3.12/site-packages/airflow/example_dags/example_sla_dag.py
[2026-08-12T04:48:18.626+0000] {processor.py:914} INFO - Processing file /home/airflow/.local/lib/python3.12/site-packages/airflow/example_dags/example_sla_dag.py for tasks to queue
[2026-08-12T04:48:18.630+0000] {logging_mixin.py:190} INFO - [2026-08-12T04:48:18.630+0000] {dagbag.py:587} INFO - Filling up the DagBag from /home/airflow/.local/lib/python3.12/site-packages/airflow/example_dags/example_sla_dag.py
[2026-08-12T04:48:18.644+0000] {processor.py:925} INFO - DAG(s) 'example_sla_dag' retrieved from /home/airflow/.local/lib/python3.12/site-packages/airflow/example_dags/example_sla_dag.py
[2026-08-12T04:48:18.668+0000] {logging_mixin.py:190} INFO - [2026-08-12T04:48:18.667+0000] {dag.py:3211} INFO - Sync 1 DAGs
[2026-08-12T04:48:18.693+0000] {logging_mixin.py:190} INFO - [2026-08-12T04:48:18.692+0000] {dag.py:4138} INFO - Setting next_dagrun for example_sla_dag to 2026-08-12 04:46:00+00:00, run_after=2026-08-12 04:48:00+00:00
[2026-08-12T04:48:18.716+0000] {processor.py:208} INFO - Processing /home/airflow/.local/lib/python3.12/site-packages/airflow/example_dags/example_sla_dag.py took 0.098 seconds
[2026-08-12T04:48:49.028+0000] {processor.py:186} INFO - Started process (PID=2022) to work on /home/airflow/.local/lib/python3.12/site-packages/airflow/example_dags/example_sla_dag.py
[2026-08-12T04:48:49.031+0000] {processor.py:914} INFO - Processing file /home/airflow/.local/lib/python3.12/site-packages/airflow/example_dags/example_sla_dag.py for tasks to queue
[2026-08-12T04:48:49.035+0000] {logging_mixin.py:190} INFO - [2026-08-12T04:48:49.035+0000] {dagbag.py:587} INFO - Filling up the DagBag from /home/airflow/.local/lib/python3.12/site-packages/airflow/example_dags/example_sla_dag.py
[2026-08-12T04:48:49.050+0000] {processor.py:925} INFO - DAG(s) 'example_sla_dag' retrieved from /home/airflow/.local/lib/python3.12/site-packages/airflow/example_dags/example_sla_dag.py
[2026-08-12T04:48:49.075+0000] {logging_mixin.py:190} INFO - [2026-08-12T04:48:49.075+0000] {dag.py:3211} INFO - Sync 1 DAGs
[2026-08-12T04:48:49.104+0000] {logging_mixin.py:190} INFO - [2026-08-12T04:48:49.103+0000] {dag.py:4138} INFO - Setting next_dagrun for example_sla_dag to 2026-08-12 04:46:00+00:00, run_after=2026-08-12 04:48:00+00:00
[2026-08-12T04:48:49.125+0000] {processor.py:208} INFO - Processing /home/airflow/.local/lib/python3.12/site-packages/airflow/example_dags/example_sla_dag.py took 0.104 seconds
[2026-08-12T04:49:19.672+0000] {processor.py:186} INFO - Started process (PID=2084) to work on /home/airflow/.local/lib/python3.12/site-packages/airflow/example_dags/example_sla_dag.py
[2026-08-12T04:49:19.675+0000] {processor.py:914} INFO - Processing file /home/airflow/.local/lib/python3.12/site-packages/airflow/example_dags/example_sla_dag.py for tasks to queue
[2026-08-12T04:49:19.680+0000] {logging_mixin.py:190} INFO - [2026-08-12T04:49:19.679+0000] {dagbag.py:587} INFO - Filling up the DagBag from /home/airflow/.local/lib/python3.12/site-packages/airflow/example_dags/example_sla_dag.py
[2026-08-12T04:49:19.691+0000] {processor.py:925} INFO - DAG(s) 'example_sla_dag' retrieved from /home/airflow/.local/lib/python3.12/site-packages/airflow/example_dags/example_sla_dag.py
[2026-08-12T04:49:19.711+0000] {logging_mixin.py:190} INFO - [2026-08-12T04:49:19.710+0000] {dag.py:3211} INFO - Sync 1 DAGs
[2026-08-12T04:49:19.736+0000] {logging_mixin.py:190} INFO - [2026-08-12T04:49:19.736+0000] {dag.py:4138} INFO - Setting next_dagrun for example_sla_dag to 2026-08-12 04:46:00+00:00, run_after=2026-08-12 04:48:00+00:00
[2026-08-12T04:49:19.757+0000] {processor.py:208} INFO - Processing /home/airflow/.local/lib/python3.12/site-packages/airflow/example_dags/example_sla_dag.py took 0.090 seconds
[2026-08-12T04:49:50.307+0000] {processor.py:186} INFO - Started process (PID=2146) to work on /home/airflow/.local/lib/python3.12/site-packages/airflow/example_dags/example_sla_dag.py
[2026-08-12T04:49:50.311+0000] {processor.py:914} INFO - Processing file /home/airflow/.local/lib/python3.12/site-packages/airflow/example_dags/example_sla_dag.py for tasks to queue
[2026-08-12T04:49:50.316+0000] {logging_mixin.py:190} INFO - [2026-08-12T04:49:50.316+0000] {dagbag.py:587} INFO - Filling up the DagBag from /home/airflow/.local/lib/python3.12/site-packages/airflow/example_dags/example_sla_dag.py
[2026-08-12T04:49:50.339+0000] {processor.py:925} INFO - DAG(s) 'example_sla_dag' retrieved from /home/airflow/.local/lib/python3.12/site-packages/airflow/example_dags/example_sla_dag.py
[2026-08-12T04:49:50.365+0000] {logging_mixin.py:190} INFO - [2026-08-12T04:49:50.365+0000] {dag.py:3211} INFO - Sync 1 DAGs
[2026-08-12T04:49:50.393+0000] {logging_mixin.py:190} INFO - [2026-08-12T04:49:50.393+0000] {dag.py:4138} INFO - Setting next_dagrun for example_sla_dag to 2026-08-12 04:46:00+00:00, run_after=2026-08-12 04:48:00+00:00
[2026-08-12T04:49:50.419+0000] {processor.py:208} INFO - Processing /home/airflow/.local/lib/python3.12/site-packages/airflow/example_dags/example_sla_dag.py took 0.119 seconds
[2026-08-12T04:50:21.138+0000] {processor.py:186} INFO - Started process (PID=2208) to work on /home/airflow/.local/lib/python3.12/site-packages/airflow/example_dags/example_sla_dag.py
[2026-08-12T04:50:21.140+0000] {processor.py:914} INFO - Processing file /home/airflow/.local/lib/python3.12/site-packages/airflow/example_dags/example_sla_dag.py for tasks to queue
[2026-08-12T04:50:21.144+0000] {logging_mixin.py:190} INFO - [2026-08-12T04:50:21.144+0000] {dagbag.py:587} INFO - Filling up the DagBag from /home/airflow/.local/lib/python3.12/site-packages/airflow/example_dags/example_sla_dag.py
[2026-08-12T04:50:21.161+0000] {processor.py:925} INFO - DAG(s) 'example_sla_dag' retrieved from /home/airflow/.local/lib/python3.12/site-packages/airflow/example_dags/example_sla_dag.py
[2026-08-12T04:50:21.184+0000] {logging_mixin.py:190} INFO - [2026-08-12T04:50:21.184+0000] {dag.py:3211} INFO - Sync 1 DAGs
[2026-08-12T04:50:21.224+0000] {logging_mixin.py:190} INFO - [2026-08-12T04:50:21.224+0000] {dag.py:4138} INFO - Setting next_dagrun for example_sla_dag to 2026-08-12 04:48:00+00:00, run_after=2026-08-12 04:50:00+00:00
[2026-08-12T04:50:21.246+0000] {processor.py:208} INFO - Processing /home/airflow/.local/lib/python3.12/site-packages/airflow/example_dags/example_sla_dag.py took 0.116 seconds
[2026-08-12T04:50:51.880+0000] {processor.py:186} INFO - Started process (PID=2270) to work on /home/airflow/.local/lib/python3.12/site-packages/airflow/example_dags/example_sla_dag.py
[2026-08-12T04:50:51.882+0000] {processor.py:914} INFO - Processing file /home/airflow/.local/lib/python3.12/site-packages/airflow/example_dags/example_sla_dag.py for tasks to queue
[2026-08-12T04:50:51.889+0000] {logging_mixin.py:190} INFO - [2026-08-12T04:50:51.889+0000] {dagbag.py:587} INFO - Filling up the DagBag from /home/airflow/.local/lib/python3.12/site-packages/airflow/example_dags/example_sla_dag.py
[2026-08-12T04:50:51.909+0000] {processor.py:925} INFO - DAG(s) 'example_sla_dag' retrieved from /home/airflow/.local/lib/python3.12/site-packages/airflow/example_dags/example_sla_dag.py
[2026-08-12T04:50:51.942+0000] {logging_mixin.py:190} INFO - [2026-08-12T04:50:51.941+0000] {dag.py:3211} INFO - Sync 1 DAGs
[2026-08-12T04:50:51.971+0000] {logging_mixin.py:190} INFO - [2026-08-12T04:50:51.970+0000] {dag.py:4138} INFO - Setting next_dagrun for example_sla_dag to 2026-08-12 04:48:00+00:00, run_after=2026-08-12 04:50:00+00:00
[2026-08-12T04:50:51.994+0000] {processor.py:208} INFO - Processing /home/airflow/.local/lib/python3.12/site-packages/airflow/example_dags/example_sla_dag.py took 0.121 seconds
[2026-08-12T04:51:22.381+0000] {processor.py:186} INFO - Started process (PID=2332) to work on /home/airflow/.local/lib/python3.12/site-packages/airflow/example_dags/example_sla_dag.py
[2026-08-12T04:51:22.383+0000] {processor.py:914} INFO - Processing file /home/airflow/.local/lib/python3.12/site-packages/airflow/example_dags/example_sla_dag.py for tasks to queue
[2026-08-12T04:51:22.389+0000] {logging_mixin.py:190} INFO - [2026-08-12T04:51:22.388+0000] {dagbag.py:587} INFO - Filling up the DagBag from /home/airflow/.local/lib/python3.12/site-packages/airflow/example_dags/example_sla_dag.py
[2026-08-12T04:51:22.405+0000] {processor.py:925} INFO - DAG(s) 'example_sla_dag' retrieved from /home/airflow/.local/lib/python3.12/site-packages/airflow/example_dags/example_sla_dag.py
[2026-08-12T04:51:22.428+0000] {logging_mixin.py:190} INFO - [2026-08-12T04:51:22.428+0000] {dag.py:3211} INFO - Sync 1 DAGs
[2026-08-12T04:51:22.457+0000] {logging_mixin.py:190} INFO - [2026-08-12T04:51:22.456+0000] {dag.py:4138} INFO - Setting next_dagrun for example_sla_dag to 2026-08-12 04:48:00+00:00, run_after=2026-08-12 04:50:00+00:00
[2026-08-12T04:51:22.480+0000] {processor.py:208} INFO - Processing /home/airflow/.local/lib/python3.12/site-packages/airflow/example_dags/example_sla_dag.py took 0.110 seconds
[2026-08-12T04:51:53.533+0000] {processor.py:186} INFO - Started process (PID=2394) to work on /home/airflow/.local/lib/python3.12/site-packages/airflow/example_dags/example_sla_dag.py
[2026-08-12T04:51:53.535+0000] {processor.py:914} INFO - Processing file /home/airflow/.local/lib/python3.12/site-packages/airflow/example_dags/example_sla_dag.py for tasks to queue
[2026-08-12T04:51:53.538+0000] {logging_mixin.py:190} INFO - [2026-08-12T04:51:53.538+0000] {dagbag.py:587} INFO - Filling up the DagBag from /home/airflow/.local/lib/python3.12/site-packages/airflow/example_dags/example_sla_dag.py
[2026-08-12T04:51:53.553+0000] {processor.py:925} INFO - DAG(s) 'example_sla_dag' retrieved from /home/airflow/.local/lib/python3.12/site-packages/airflow/example_dags/example_sla_dag.py
[2026-08-12T04:51:53.579+0000] {logging_mixin.py:190} INFO - [2026-08-12T04:51:53.578+0000] {dag.py:3211} INFO - Sync 1 DAGs
[2026-08-12T04:51:53.604+0000] {logging_mixin.py:190} INFO - [2026-08-12T04:51:53.604+0000] {dag.py:4138} INFO - Setting next_dagrun for example_sla_dag to 2026-08-12 04:48:00+00:00, run_after=2026-08-12 04:50:00+00:00
[2026-08-12T04:51:53.629+0000] {processor.py:208} INFO - Processing /home/airflow/.local/lib/python3.12/site-packages/airflow/example_dags/example_sla_dag.py took 0.102 seconds
[2026-08-12T04:52:24.299+0000] {processor.py:186} INFO - Started process (PID=2456) to work on /home/airflow/.local/lib/python3.12/site-packages/airflow/example_dags/example_sla_dag.py
[2026-08-12T04:52:24.301+0000] {processor.py:914} INFO - Processing file /home/airflow/.local/lib/python3.12/site-packages/airflow/example_dags/example_sla_dag.py for tasks to queue
[2026-08-12T04:52:24.305+0000] {logging_mixin.py:190} INFO - [2026-08-12T04:52:24.305+0000] {dagbag.py:587} INFO - Filling up the DagBag from /home/airflow/.local/lib/python3.12/site-packages/airflow/example_dags/example_sla_dag.py
[2026-08-12T04:52:24.322+0000] {processor.py:925} INFO - DAG(s) 'example_sla_dag' retrieved from /home/airflow/.local/lib/python3.12/site-packages/airflow/example_dags/example_sla_dag.py
[2026-08-12T04:52:24.342+0000] {logging_mixin.py:190} INFO - [2026-08-12T04:52:24.342+0000] {dag.py:3211} INFO - Sync 1 DAGs
[2026-08-12T04:52:24.372+0000] {logging_mixin.py:190} INFO - [2026-08-12T04:52:24.372+0000] {dag.py:4138} INFO - Setting next_dagrun for example_sla_dag to 2026-08-12 04:50:00+00:00, run_after=2026-08-12 04:52:00+00:00
[2026-08-12T04:52:24.399+0000] {processor.py:208} INFO - Processing /home/airflow/.local/lib/python3.12/site-packages/airflow/example_dags/example_sla_dag.py took 0.107 seconds
[2026-08-12T04:52:55.212+0000] {processor.py:186} INFO - Started process (PID=2526) to work on /home/airflow/.local/lib/python3.12/site-packages/airflow/example_dags/example_sla_dag.py
[2026-08-12T04:52:55.214+0000] {processor.py:914} INFO - Processing file /home/airflow/.local/lib/python3.12/site-packages/airflow/example_dags/example_sla_dag.py for tasks to queue
[2026-08-12T04:52:55.220+0000] {logging_mixin.py:190} INFO - [2026-08-12T04:52:55.219+0000] {dagbag.py:587} INFO - Filling up the DagBag from /home/airflow/.local/lib/python3.12/site-packages/airflow/example_dags/example_sla_dag.py
[2026-08-12T04:52:55.232+0000] {processor.py:925} INFO - DAG(s) 'example_sla_dag' retrieved from /home/airflow/.local/lib/python3.12/site-packages/airflow/example_dags/example_sla_dag.py
[2026-08-12T04:52:55.255+0000] {logging_mixin.py:190} INFO - [2026-08-12T04:52:55.255+0000] {dag.py:3211} INFO - Sync 1 DAGs
[2026-08-12T04:52:55.284+0000] {logging_mixin.py:190} INFO - [2026-08-12T04:52:55.284+0000] {dag.py:4138} INFO - Setting next_dagrun for example_sla_dag to 2026-08-12 04:50:00+00:00, run_after=2026-08-12 04:52:00+00:00
[2026-08-12T04:52:55.307+0000] {processor.py:208} INFO - Processing /home/airflow/.local/lib/python3.12/site-packages/airflow/example_dags/example_sla_dag.py took 0.101 seconds
[2026-08-12T04:53:26.060+0000] {processor.py:186} INFO - Started process (PID=2589) to work on /home/airflow/.local/lib/python3.12/site-packages/airflow/example_dags/example_sla_dag.py
[2026-08-12T04:53:26.062+0000] {processor.py:914} INFO - Processing file /home/airflow/.local/lib/python3.12/site-packages/airflow/example_dags/example_sla_dag.py for tasks to queue
[2026-08-12T04:53:26.068+0000] {logging_mixin.py:190} INFO - [2026-08-12T04:53:26.067+0000] {dagbag.py:587} INFO - Filling up the DagBag from /home/airflow/.local/lib/python3.12/site-packages/airflow/example_dags/example_sla_dag.py
[2026-08-12T04:53:26.086+0000] {processor.py:925} INFO - DAG(s) 'example_sla_dag' retrieved from /home/airflow/.local/lib/python3.12/site-packages/airflow/example_dags/example_sla_dag.py
[2026-08-12T04:53:26.111+0000] {logging_mixin.py:190} INFO - [2026-08-12T04:53:26.111+0000] {dag.py:3211} INFO - Sync 1 DAGs
[2026-08-12T04:53:26.142+0000] {logging_mixin.py:190} INFO - [2026-08-12T04:53:26.142+0000] {dag.py:4138} INFO - Setting next_dagrun for example_sla_dag to 2026-08-12 04:50:00+00:00, run_after=2026-08-12 04:52:00+00:00
[2026-08-12T04:53:26.166+0000] {processor.py:208} INFO - Processing /home/airflow/.local/lib/python3.12/site-packages/airflow/example_dags/example_sla_dag.py took 0.115 seconds
[2026-08-12T04:53:56.702+0000] {processor.py:186} INFO - Started process (PID=2652) to work on /home/airflow/.local/lib/python3.12/site-packages/airflow/example_dags/example_sla_dag.py
[2026-08-12T04:53:56.704+0000] {processor.py:914} INFO - Processing file /home/airflow/.local/lib/python3.12/site-packages/airflow/example_dags/example_sla_dag.py for tasks to queue
[2026-08-12T04:53:56.708+0000] {logging_mixin.py:190} INFO - [2026-08-12T04:53:56.708+0000] {dagbag.py:587} INFO - Filling up the DagBag from /home/airflow/.local/lib/python3.12/site-packages/airflow/example_dags/example_sla_dag.py
[2026-08-12T04:53:56.721+0000] {processor.py:925} INFO - DAG(s) 'example_sla_dag' retrieved from /home/airflow/.local/lib/python3.12/site-packages/airflow/example_dags/example_sla_dag.py
[2026-08-12T04:53:56.743+0000] {logging_mixin.py:190} INFO - [2026-08-12T04:53:56.743+0000] {dag.py:3211} INFO - Sync 1 DAGs
[2026-08-12T04:53:56.771+0000] {logging_mixin.py:190} INFO - [2026-08-12T04:53:56.771+0000] {dag.py:4138} INFO - Setting next_dagrun for example_sla_dag to 2026-08-12 04:50:00+00:00, run_after=2026-08-12 04:52:00+00:00
[2026-08-12T04:53:56.793+0000] {processor.py:208} INFO - Processing /home/airflow/.local/lib/python3.12/site-packages/airflow/example_dags/example_sla_dag.py took 0.097 seconds
[2026-08-12T04:54:27.765+0000] {processor.py:186} INFO - Started process (PID=2714) to work on /home/airflow/.local/lib/python3.12/site-packages/airflow/example_dags/example_sla_dag.py
[2026-08-12T04:54:27.767+0000] {processor.py:914} INFO - Processing file /home/airflow/.local/lib/python3.12/site-packages/airflow/example_dags/example_sla_dag.py for tasks to queue
[2026-08-12T04:54:27.771+0000] {logging_mixin.py:190} INFO - [2026-08-12T04:54:27.771+0000] {dagbag.py:587} INFO - Filling up the DagBag from /home/airflow/.local/lib/python3.12/site-packages/airflow/example_dags/example_sla_dag.py
[2026-08-12T04:54:27.784+0000] {processor.py:925} INFO - DAG(s) 'example_sla_dag' retrieved from /home/airflow/.local/lib/python3.12/site-packages/airflow/example_dags/example_sla_dag.py
[2026-08-12T04:54:27.811+0000] {logging_mixin.py:190} INFO - [2026-08-12T04:54:27.811+0000] {dag.py:3211} INFO - Sync 1 DAGs
[2026-08-12T04:54:27.840+0000] {logging_mixin.py:190} INFO - [2026-08-12T04:54:27.840+0000] {dag.py:4138} INFO - Setting next_dagrun for example_sla_dag to 2026-08-12 04:52:00+00:00, run_after=2026-08-12 04:54:00+00:00
[2026-08-12T04:54:27.863+0000] {processor.py:208} INFO - Processing /home/airflow/.local/lib/python3.12/site-packages/airflow/example_dags/example_sla_dag.py took 0.103 seconds
[2026-08-12T04:54:58.160+0000] {processor.py:186} INFO - Started process (PID=2777) to work on /home/airflow/.local/lib/python3.12/site-packages/airflow/example_dags/example_sla_dag.py
[2026-08-12T04:54:58.163+0000] {processor.py:914} INFO - Processing file /home/airflow/.local/lib/python3.12/site-packages/airflow/example_dags/example_sla_dag.py for tasks to queue
[2026-08-12T04:54:58.167+0000] {logging_mixin.py:190} INFO - [2026-08-12T04:54:58.166+0000] {dagbag.py:587} INFO - Filling up the DagBag from /home/airflow/.local/lib/python3.12/site-packages/airflow/example_dags/example_sla_dag.py
[2026-08-12T04:54:58.180+0000] {processor.py:925} INFO - DAG(s) 'example_sla_dag' retrieved from /home/airflow/.local/lib/python3.12/site-packages/airflow/example_dags/example_sla_dag.py
[2026-08-12T04:54:58.203+0000] {logging_mixin.py:190} INFO - [2026-08-12T04:54:58.203+0000] {dag.py:3211} INFO - Sync 1 DAGs
[2026-08-12T04:54:58.235+0000] {logging_mixin.py:190} INFO - [2026-08-12T04:54:58.235+0000] {dag.py:4138} INFO - Setting next_dagrun for example_sla_dag to 2026-08-12 04:52:00+00:00, run_after=2026-08-12 04:54:00+00:00
[2026-08-12T04:54:58.264+0000] {processor.py:208} INFO - Processing /home/airflow/.local/lib/python3.12/site-packages/airflow/example_dags/example_sla_dag.py took 0.111 seconds
[2026-08-12T04:55:29.001+0000] {processor.py:186} INFO - Started process (PID=2840) to work on /home/airflow/.local/lib/python3.12/site-packages/airflow/example_dags/example_sla_dag.py
[2026-08-12T04:55:29.004+0000] {processor.py:914} INFO - Processing file /home/airflow/.local/lib/python3.12/site-packages/airflow/example_dags/example_sla_dag.py for tasks to queue
[2026-08-12T04:55:29.008+0000] {logging_mixin.py:190} INFO - [2026-08-12T04:55:29.007+0000] {dagbag.py:587} INFO - Filling up the DagBag from /home/airflow/.local/lib/python3.12/site-packages/airflow/example_dags/example_sla_dag.py
[2026-08-12T04:55:29.019+0000] {processor.py:925} INFO - DAG(s) 'example_sla_dag' retrieved from /home/airflow/.local/lib/python3.12/site-packages/airflow/example_dags/example_sla_dag.py
[2026-08-12T04:55:29.041+0000] {logging_mixin.py:190} INFO - [2026-08-12T04:55:29.041+0000] {dag.py:3211} INFO - Sync 1 DAGs
[2026-08-12T04:55:29.067+0000] {logging_mixin.py:190} INFO - [2026-08-12T04:55:29.067+0000] {dag.py:4138} INFO - Setting next_dagrun for example_sla_dag to 2026-08-12 04:52:00+00:00, run_after=2026-08-12 04:54:00+00:00
[2026-08-12T04:55:29.091+0000] {processor.py:208} INFO - Processing /home/airflow/.local/lib/python3.12/site-packages/airflow/example_dags/example_sla_dag.py took 0.095 seconds
[2026-08-12T04:56:00.090+0000] {processor.py:186} INFO - Started process (PID=2903) to work on /home/airflow/.local/lib/python3.12/site-packages/airflow/example_dags/example_sla_dag.py
[2026-08-12T04:56:00.092+0000] {processor.py:914} INFO - Processing file /home/airflow/.local/lib/python3.12/site-packages/airflow/example_dags/example_sla_dag.py for tasks to queue
[2026-08-12T04:56:00.096+0000] {logging_mixin.py:190} INFO - [2026-08-12T04:56:00.096+0000] {dagbag.py:587} INFO - Filling up the DagBag from /home/airflow/.local/lib/python3.12/site-packages/airflow/example_dags/example_sla_dag.py
[2026-08-12T04:56:00.108+0000] {processor.py:925} INFO - DAG(s) 'example_sla_dag' retrieved from /home/airflow/.local/lib/python3.12/site-packages/airflow/example_dags/example_sla_dag.py
[2026-08-12T04:56:00.130+0000] {logging_mixin.py:190} INFO - [2026-08-12T04:56:00.130+0000] {dag.py:3211} INFO - Sync 1 DAGs
[2026-08-12T04:56:00.156+0000] {logging_mixin.py:190} INFO - [2026-08-12T04:56:00.156+0000] {dag.py:4138} INFO - Setting next_dagrun for example_sla_dag to 2026-08-12 04:54:00+00:00, run_after=2026-08-12 04:56:00+00:00
[2026-08-12T04:56:00.176+0000] {processor.py:208} INFO - Processing /home/airflow/.local/lib/python3.12/site-packages/airflow/example_dags/example_sla_dag.py took 0.093 seconds
[2026-08-12T04:56:30.750+0000] {processor.py:186} INFO - Started process (PID=2966) to work on /home/airflow/.local/lib/python3.12/site-packages/airflow/example_dags/example_sla_dag.py
[2026-08-12T04:56:30.752+0000] {processor.py:914} INFO - Processing file /home/airflow/.local/lib/python3.12/site-packages/airflow/example_dags/example_sla_dag.py for tasks to queue
[2026-08-12T04:56:30.757+0000] {logging_mixin.py:190} INFO - [2026-08-12T04:56:30.757+0000] {dagbag.py:587} INFO - Filling up the DagBag from /home/airflow/.local/lib/python3.12/site-packages/airflow/example_dags/example_sla_dag.py
[2026-08-12T04:56:30.778+0000] {processor.py:925} INFO - DAG(s) 'example_sla_dag' retrieved from /home/airflow/.local/lib/python3.12/site-packages/airflow/example_dags/example_sla_dag.py
[2026-08-12T04:56:30.806+0000] {logging_mixin.py:190} INFO - [2026-08-12T04:56:30.805+0000] {dag.py:3211} INFO - Sync 1 DAGs
[2026-08-12T04:56:30.842+0000] {logging_mixin.py:190} INFO - [2026-08-12T04:56:30.842+0000] {dag.py:4138} INFO - Setting next_dagrun for example_sla_dag to 2026-08-12 04:54:00+00:00, run_after=2026-08-12 04:56:00+00:00
[2026-08-12T04:56:30.866+0000] {processor.py:208} INFO - Processing /home/airflow/.local/lib/python3.12/site-packages/airflow/example_dags/example_sla_dag.py took 0.125 seconds
[2026-08-12T04:57:01.292+0000] {processor.py:186} INFO - Started process (PID=3029) to work on /home/airflow/.local/lib/python3.12/site-packages/airflow/example_dags/example_sla_dag.py
[2026-08-12T04:57:01.294+0000] {processor.py:914} INFO - Processing file /home/airflow/.local/lib/python3.12/site-packages/airflow/example_dags/example_sla_dag.py for tasks to queue
[2026-08-12T04:57:01.298+0000] {logging_mixin.py:190} INFO - [2026-08-12T04:57:01.297+0000] {dagbag.py:587} INFO - Filling up the DagBag from /home/airflow/.local/lib/python3.12/site-packages/airflow/example_dags/example_sla_dag.py
[2026-08-12T04:57:01.310+0000] {processor.py:925} INFO - DAG(s) 'example_sla_dag' retrieved from /home/airflow/.local/lib/python3.12/site-packages/airflow/example_dags/example_sla_dag.py
[2026-08-12T04:57:01.330+0000] {logging_mixin.py:190} INFO - [2026-08-12T04:57:01.330+0000] {dag.py:3211} INFO - Sync 1 DAGs
[2026-08-12T04:57:01.357+0000] {logging_mixin.py:190} INFO - [2026-08-12T04:57:01.357+0000] {dag.py:4138} INFO - Setting next_dagrun for example_sla_dag to 2026-08-12 04:54:00+00:00, run_after=2026-08-12 04:56:00+00:00
[2026-08-12T04:57:01.375+0000] {processor.py:208} INFO - Processing /home/airflow/.local/lib/python3.12/site-packages/airflow/example_dags/example_sla_dag.py took 0.089 seconds
[2026-08-12T04:57:32.422+0000] {processor.py:186} INFO - Started process (PID=3092) to work on /home/airflow/.local/lib/python3.12/site-packages/airflow/example_dags/example_sla_dag.py
[2026-08-12T04:57:32.426+0000] {processor.py:914} INFO - Processing file /home/airflow/.local/lib/python3.12/site-packages/airflow/example_dags/example_sla_dag.py for tasks to queue
[2026-08-12T04:57:32.432+0000] {logging_mixin.py:190} INFO - [2026-08-12T04:57:32.431+0000] {dagbag.py:587} INFO - Filling up the DagBag from /home/airflow/.local/lib/python3.12/site-packages/airflow/example_dags/example_sla_dag.py
[2026-08-12T04:57:32.448+0000] {processor.py:925} INFO - DAG(s) 'example_sla_dag' retrieved from /home/airflow/.local/lib/python3.12/site-packages/airflow/example_dags/example_sla_dag.py
[2026-08-12T04:57:32.472+0000] {logging_mixin.py:190} INFO - [2026-08-12T04:57:32.472+0000] {dag.py:3211} INFO - Sync 1 DAGs
[2026-08-12T04:57:32.501+0000] {logging_mixin.py:190} INFO - [2026-08-12T04:57:32.501+0000] {dag.py:4138} INFO - Setting next_dagrun for example_sla_dag to 2026-08-12 04:54:00+00:00, run_after=2026-08-12 04:56:00+00:00
[2026-08-12T04:57:32.531+0000] {processor.py:208} INFO - Processing /home/airflow/.local/lib/python3.12/site-packages/airflow/example_dags/example_sla_dag.py took 0.116 seconds
[2026-08-12T04:58:03.198+0000] {processor.py:186} INFO - Started process (PID=3155) to work on /home/airflow/.local/lib/python3.12/site-packages/airflow/example_dags/example_sla_dag.py
[2026-08-12T04:58:03.201+0000] {processor.py:914} INFO - Processing file /home/airflow/.local/lib/python3.12/site-packages/airflow/example_dags/example_sla_dag.py for tasks to queue
[2026-08-12T04:58:03.205+0000] {logging_mixin.py:190} INFO - [2026-08-12T04:58:03.204+0000] {dagbag.py:587} INFO - Filling up the DagBag from /home/airflow/.local/lib/python3.12/site-packages/airflow/example_dags/example_sla_dag.py
[2026-08-12T04:58:03.216+0000] {processor.py:925} INFO - DAG(s) 'example_sla_dag' retrieved from /home/airflow/.local/lib/python3.12/site-packages/airflow/example_dags/example_sla_dag.py
[2026-08-12T04:58:03.238+0000] {logging_mixin.py:190} INFO - [2026-08-12T04:58:03.238+0000] {dag.py:3211} INFO - Sync 1 DAGs
[2026-08-12T04:58:03.268+0000] {logging_mixin.py:190} INFO - [2026-08-12T04:58:03.267+0000] {dag.py:4138} INFO - Setting next_dagrun for example_sla_dag to 2026-08-12 04:56:00+00:00, run_after=2026-08-12 04:58:00+00:00
[2026-08-12T04:58:03.287+0000] {processor.py:208} INFO - Processing /home/airflow/.local/lib/python3.12/site-packages/airflow/example_dags/example_sla_dag.py took 0.096 seconds
[2026-08-12T04:58:34.542+0000] {processor.py:186} INFO - Started process (PID=3218) to work on /home/airflow/.local/lib/python3.12/site-packages/airflow/example_dags/example_sla_dag.py
[2026-08-12T04:58:34.545+0000] {processor.py:914} INFO - Processing file /home/airflow/.local/lib/python3.12/site-packages/airflow/example_dags/example_sla_dag.py for tasks to queue
[2026-08-12T04:58:34.549+0000] {logging_mixin.py:190} INFO - [2026-08-12T04:58:34.549+0000] {dagbag.py:587} INFO - Filling up the DagBag from /home/airflow/.local/lib/python3.12/site-packages/airflow/example_dags/example_sla_dag.py
[2026-08-12T04:58:34.567+0000] {processor.py:925} INFO - DAG(s) 'example_sla_dag' retrieved from /home/airflow/.local/lib/python3.12/site-packages/airflow/example_dags/example_sla_dag.py
[2026-08-12T04:58:34.601+0000] {logging_mixin.py:190} INFO - [2026-08-12T04:58:34.600+0000] {dag.py:3211} INFO - Sync 1 DAGs
[2026-08-12T04:58:34.632+0000] {logging_mixin.py:190} INFO - [2026-08-12T04:58:34.632+0000] {dag.py:4138} INFO - Setting next_dagrun for example_sla_dag to 2026-08-12 04:56:00+00:00, run_after=2026-08-12 04:58:00+00:00
[2026-08-12T04:58:34.659+0000] {processor.py:208} INFO - Processing /home/airflow/.local/lib/python3.12/site-packages/airflow/example_dags/example_sla_dag.py took 0.125 seconds
[2026-08-12T04:59:05.804+0000] {processor.py:186} INFO - Started process (PID=3281) to work on /home/airflow/.local/lib/python3.12/site-packages/airflow/example_dags/example_sla_dag.py
[2026-08-12T04:59:05.806+0000] {processor.py:914} INFO - Processing file /home/airflow/.local/lib/python3.12/site-packages/airflow/example_dags/example_sla_dag.py for tasks to queue
[2026-08-12T04:59:05.811+0000] {logging_mixin.py:190} INFO - [2026-08-12T04:59:05.810+0000] {dagbag.py:587} INFO - Filling up the DagBag from /home/airflow/.local/lib/python3.12/site-packages/airflow/example_dags/example_sla_dag.py
[2026-08-12T04:59:05.822+0000] {processor.py:925} INFO - DAG(s) 'example_sla_dag' retrieved from /home/airflow/.local/lib/python3.12/site-packages/airflow/example_dags/example_sla_dag.py
[2026-08-12T04:59:05.846+0000] {logging_mixin.py:190} INFO - [2026-08-12T04:59:05.846+0000] {dag.py:3211} INFO - Sync 1 DAGs
[2026-08-12T04:59:05.872+0000] {logging_mixin.py:190} INFO - [2026-08-12T04:59:05.872+0000] {dag.py:4138} INFO - Setting next_dagrun for example_sla_dag to 2026-08-12 04:56:00+00:00, run_after=2026-08-12 04:58:00+00:00
[2026-08-12T04:59:05.898+0000] {processor.py:208} INFO - Processing /home/airflow/.local/lib/python3.12/site-packages/airflow/example_dags/example_sla_dag.py took 0.099 seconds
[2026-08-12T04:59:36.289+0000] {processor.py:186} INFO - Started process (PID=3343) to work on /home/airflow/.local/lib/python3.12/site-packages/airflow/example_dags/example_sla_dag.py
[2026-08-12T04:59:36.291+0000] {processor.py:914} INFO - Processing file /home/airflow/.local/lib/python3.12/site-packages/airflow/example_dags/example_sla_dag.py for tasks to queue
[2026-08-12T04:59:36.295+0000] {logging_mixin.py:190} INFO - [2026-08-12T04:59:36.294+0000] {dagbag.py:587} INFO - Filling up the DagBag from /home/airflow/.local/lib/python3.12/site-packages/airflow/example_dags/example_sla_dag.py
[2026-08-12T04:59:36.307+0000] {processor.py:925} INFO - DAG(s) 'example_sla_dag' retrieved from /home/airflow/.local/lib/python3.12/site-packages/airflow/example_dags/example_sla_dag.py
[2026-08-12T04:59:36.330+0000] {logging_mixin.py:190} INFO - [2026-08-12T04:59:36.329+0000] {dag.py:3211} INFO - Sync 1 DAGs
[2026-08-12T04:59:36.360+0000] {logging_mixin.py:190} INFO - [2026-08-12T04:59:36.360+0000] {dag.py:4138} INFO - Setting next_dagrun for example_sla_dag to 2026-08-12 04:56:00+00:00, run_after=2026-08-12 04:58:00+00:00
[2026-08-12T04:59:36.388+0000] {processor.py:208} INFO - Processing /home/airflow/.local/lib/python3.12/site-packages/airflow/example_dags/example_sla_dag.py took 0.106 seconds
[2026-08-12T05:00:06.979+0000] {processor.py:186} INFO - Started process (PID=3406) to work on /home/airflow/.local/lib/python3.12/site-packages/airflow/example_dags/example_sla_dag.py
[2026-08-12T05:00:06.982+0000] {processor.py:914} INFO - Processing file /home/airflow/.local/lib/python3.12/site-packages/airflow/example_dags/example_sla_dag.py for tasks to queue
[2026-08-12T05:00:06.986+0000] {logging_mixin.py:190} INFO - [2026-08-12T05:00:06.986+0000] {dagbag.py:587} INFO - Filling up the DagBag from /home/airflow/.local/lib/python3.12/site-packages/airflow/example_dags/example_sla_dag.py
[2026-08-12T05:00:07.002+0000] {processor.py:925} INFO - DAG(s) 'example_sla_dag' retrieved from /home/airflow/.local/lib/python3.12/site-packages/airflow/example_dags/example_sla_dag.py
[2026-08-12T05:00:07.025+0000] {logging_mixin.py:190} INFO - [2026-08-12T05:00:07.025+0000] {dag.py:3211} INFO - Sync 1 DAGs
[2026-08-12T05:00:07.054+0000] {logging_mixin.py:190} INFO - [2026-08-12T05:00:07.054+0000] {dag.py:4138} INFO - Setting next_dagrun for example_sla_dag to 2026-08-12 04:58:00+00:00, run_after=2026-08-12 05:00:00+00:00
[2026-08-12T05:00:07.082+0000] {processor.py:208} INFO - Processing /home/airflow/.local/lib/python3.12/site-packages/airflow/example_dags/example_sla_dag.py took 0.110 seconds
[2026-08-12T05:00:37.492+0000] {processor.py:186} INFO - Started process (PID=3469) to work on /home/airflow/.local/lib/python3.12/site-packages/airflow/example_dags/example_sla_dag.py
[2026-08-12T05:00:37.494+0000] {processor.py:914} INFO - Processing file /home/airflow/.local/lib/python3.12/site-packages/airflow/example_dags/example_sla_dag.py for tasks to queue
[2026-08-12T05:00:37.497+0000] {logging_mixin.py:190} INFO - [2026-08-12T05:00:37.497+0000] {dagbag.py:587} INFO - Filling up the DagBag from /home/airflow/.local/lib/python3.12/site-packages/airflow/example_dags/example_sla_dag.py
[2026-08-12T05:00:37.509+0000] {processor.py:925} INFO - DAG(s) 'example_sla_dag' retrieved from /home/airflow/.local/lib/python3.12/site-packages/airflow/example_dags/example_sla_dag.py
[2026-08-12T05:00:37.531+0000] {logging_mixin.py:190} INFO - [2026-08-12T05:00:37.530+0000] {dag.py:3211} INFO - Sync 1 DAGs
[2026-08-12T05:00:37.556+0000] {logging_mixin.py:190} INFO - [2026-08-12T05:00:37.556+0000] {dag.py:4138} INFO - Setting next_dagrun for example_sla_dag to 2026-08-12 04:58:00+00:00, run_after=2026-08-12 05:00:00+00:00
[2026-08-12T05:00:37.575+0000] {processor.py:208} INFO - Processing /home/airflow/.local/lib/python3.12/site-packages/airflow/example_dags/example_sla_dag.py took 0.090 seconds
[2026-08-12T05:01:07.692+0000] {processor.py:186} INFO - Started process (PID=3531) to work on /home/airflow/.local/lib/python3.12/site-packages/airflow/example_dags/example_sla_dag.py
[2026-08-12T05:01:07.695+0000] {processor.py:914} INFO - Processing file /home/airflow/.local/lib/python3.12/site-packages/airflow/example_dags/example_sla_dag.py for tasks to queue
[2026-08-12T05:01:07.700+0000] {logging_mixin.py:190} INFO - [2026-08-12T05:01:07.699+0000] {dagbag.py:587} INFO - Filling up the DagBag from /home/airflow/.local/lib/python3.12/site-packages/airflow/example_dags/example_sla_dag.py
[2026-08-12T05:01:07.714+0000] {processor.py:925} INFO - DAG(s) 'example_sla_dag' retrieved from /home/airflow/.local/lib/python3.12/site-packages/airflow/example_dags/example_sla_dag.py
[2026-08-12T05:01:07.739+0000] {logging_mixin.py:190} INFO - [2026-08-12T05:01:07.739+0000] {dag.py:3211} INFO - Sync 1 DAGs
[2026-08-12T05:01:07.771+0000] {logging_mixin.py:190} INFO - [2026-08-12T05:01:07.771+0000] {dag.py:4138} INFO - Setting next_dagrun for example_sla_dag to 2026-08-12 04:58:00+00:00, run_after=2026-08-12 05:00:00+00:00
[2026-08-12T05:01:07.801+0000] {processor.py:208} INFO - Processing /home/airflow/.local/lib/python3.12/site-packages/airflow/example_dags/example_sla_dag.py took 0.115 seconds
[2026-08-12T05:01:38.247+0000] {processor.py:186} INFO - Started process (PID=3593) to work on /home/airflow/.local/lib/python3.12/site-packages/airflow/example_dags/example_sla_dag.py
[2026-08-12T05:01:38.251+0000] {processor.py:914} INFO - Processing file /home/airflow/.local/lib/python3.12/site-packages/airflow/example_dags/example_sla_dag.py for tasks to queue
[2026-08-12T05:01:38.258+0000] {logging_mixin.py:190} INFO - [2026-08-12T05:01:38.256+0000] {dagbag.py:587} INFO - Filling up the DagBag from /home/airflow/.local/lib/python3.12/site-packages/airflow/example_dags/example_sla_dag.py
[2026-08-12T05:01:38.271+0000] {processor.py:925} INFO - DAG(s) 'example_sla_dag' retrieved from /home/airflow/.local/lib/python3.12/site-packages/airflow/example_dags/example_sla_dag.py
[2026-08-12T05:01:38.302+0000] {logging_mixin.py:190} INFO - [2026-08-12T05:01:38.301+0000] {dag.py:3211} INFO - Sync 1 DAGs
[2026-08-12T05:01:38.341+0000] {logging_mixin.py:190} INFO - [2026-08-12T05:01:38.340+0000] {dag.py:4138} INFO - Setting next_dagrun for example_sla_dag to 2026-08-12 04:58:00+00:00, run_after=2026-08-12 05:00:00+00:00
[2026-08-12T05:01:38.376+0000] {processor.py:208} INFO - Processing /home/airflow/.local/lib/python3.12/site-packages/airflow/example_dags/example_sla_dag.py took 0.139 seconds
[2026-08-12T05:02:08.923+0000] {processor.py:186} INFO - Started process (PID=3657) to work on /home/airflow/.local/lib/python3.12/site-packages/airflow/example_dags/example_sla_dag.py
[2026-08-12T05:02:08.929+0000] {processor.py:914} INFO - Processing file /home/airflow/.local/lib/python3.12/site-packages/airflow/example_dags/example_sla_dag.py for tasks to queue
[2026-08-12T05:02:08.938+0000] {logging_mixin.py:190} INFO - [2026-08-12T05:02:08.937+0000] {dagbag.py:587} INFO - Filling up the DagBag from /home/airflow/.local/lib/python3.12/site-packages/airflow/example_dags/example_sla_dag.py
[2026-08-12T05:02:08.955+0000] {processor.py:925} INFO - DAG(s) 'example_sla_dag' retrieved from /home/airflow/.local/lib/python3.12/site-packages/airflow/example_dags/example_sla_dag.py
[2026-08-12T05:02:08.980+0000] {logging_mixin.py:190} INFO - [2026-08-12T05:02:08.979+0000] {dag.py:3211} INFO - Sync 1 DAGs
[2026-08-12T05:02:09.006+0000] {logging_mixin.py:190} INFO - [2026-08-12T05:02:09.006+0000] {dag.py:4138} INFO - Setting next_dagrun for example_sla_dag to 2026-08-12 05:00:00+00:00, run_after=2026-08-12 05:02:00+00:00
[2026-08-12T05:02:09.027+0000] {processor.py:208} INFO - Processing /home/airflow/.local/lib/python3.12/site-packages/airflow/example_dags/example_sla_dag.py took 0.118 seconds
[2026-08-12T05:02:39.699+0000] {processor.py:186} INFO - Started process (PID=3720) to work on /home/airflow/.local/lib/python3.12/site-packages/airflow/example_dags/example_sla_dag.py
[2026-08-12T05:02:39.703+0000] {processor.py:914} INFO - Processing file /home/airflow/.local/lib/python3.12/site-packages/airflow/example_dags/example_sla_dag.py for tasks to queue
[2026-08-12T05:02:39.708+0000] {logging_mixin.py:190} INFO - [2026-08-12T05:02:39.708+0000] {dagbag.py:587} INFO - Filling up the DagBag from /home/airflow/.local/lib/python3.12/site-packages/airflow/example_dags/example_sla_dag.py
[2026-08-12T05:02:39.725+0000] {processor.py:925} INFO - DAG(s) 'example_sla_dag' retrieved from /home/airflow/.local/lib/python3.12/site-packages/airflow/example_dags/example_sla_dag.py
[2026-08-12T05:02:39.761+0000] {logging_mixin.py:190} INFO - [2026-08-12T05:02:39.760+0000] {dag.py:3211} INFO - Sync 1 DAGs
[2026-08-12T05:02:39.817+0000] {logging_mixin.py:190} INFO - [2026-08-12T05:02:39.817+0000] {dag.py:4138} INFO - Setting next_dagrun for example_sla_dag to 2026-08-12 05:00:00+00:00, run_after=2026-08-12 05:02:00+00:00
[2026-08-12T05:02:39.855+0000] {processor.py:208} INFO - Processing /home/airflow/.local/lib/python3.12/site-packages/airflow/example_dags/example_sla_dag.py took 0.165 seconds
[2026-08-12T05:03:10.212+0000] {processor.py:186} INFO - Started process (PID=3783) to work on /home/airflow/.local/lib/python3.12/site-packages/airflow/example_dags/example_sla_dag.py
[2026-08-12T05:03:10.216+0000] {processor.py:914} INFO - Processing file /home/airflow/.local/lib/python3.12/site-packages/airflow/example_dags/example_sla_dag.py for tasks to queue
[2026-08-12T05:03:10.220+0000] {logging_mixin.py:190} INFO - [2026-08-12T05:03:10.220+0000] {dagbag.py:587} INFO - Filling up the DagBag from /home/airflow/.local/lib/python3.12/site-packages/airflow/example_dags/example_sla_dag.py
[2026-08-12T05:03:10.239+0000] {processor.py:925} INFO - DAG(s) 'example_sla_dag' retrieved from /home/airflow/.local/lib/python3.12/site-packages/airflow/example_dags/example_sla_dag.py
[2026-08-12T05:03:10.270+0000] {logging_mixin.py:190} INFO - [2026-08-12T05:03:10.270+0000] {dag.py:3211} INFO - Sync 1 DAGs
[2026-08-12T05:03:10.305+0000] {logging_mixin.py:190} INFO - [2026-08-12T05:03:10.304+0000] {dag.py:4138} INFO - Setting next_dagrun for example_sla_dag to 2026-08-12 05:00:00+00:00, run_after=2026-08-12 05:02:00+00:00
[2026-08-12T05:03:10.331+0000] {processor.py:208} INFO - Processing /home/airflow/.local/lib/python3.12/site-packages/airflow/example_dags/example_sla_dag.py took 0.128 seconds
[2026-08-12T05:03:40.712+0000] {processor.py:186} INFO - Started process (PID=3846) to work on /home/airflow/.local/lib/python3.12/site-packages/airflow/example_dags/example_sla_dag.py
[2026-08-12T05:03:40.716+0000] {processor.py:914} INFO - Processing file /home/airflow/.local/lib/python3.12/site-packages/airflow/example_dags/example_sla_dag.py for tasks to queue
[2026-08-12T05:03:40.722+0000] {logging_mixin.py:190} INFO - [2026-08-12T05:03:40.721+0000] {dagbag.py:587} INFO - Filling up the DagBag from /home/airflow/.local/lib/python3.12/site-packages/airflow/example_dags/example_sla_dag.py
[2026-08-12T05:03:40.736+0000] {processor.py:925} INFO - DAG(s) 'example_sla_dag' retrieved from /home/airflow/.local/lib/python3.12/site-packages/airflow/example_dags/example_sla_dag.py
[2026-08-12T05:03:40.770+0000] {logging_mixin.py:190} INFO - [2026-08-12T05:03:40.770+0000] {dag.py:3211} INFO - Sync 1 DAGs
[2026-08-12T05:03:41.035+0000] {logging_mixin.py:190} INFO - [2026-08-12T05:03:41.035+0000] {dag.py:4138} INFO - Setting next_dagrun for example_sla_dag to 2026-08-12 05:00:00+00:00, run_after=2026-08-12 05:02:00+00:00
[2026-08-12T05:03:41.059+0000] {processor.py:208} INFO - Processing /home/airflow/.local/lib/python3.12/site-packages/airflow/example_dags/example_sla_dag.py took 0.353 seconds
[2026-08-12T05:04:11.484+0000] {processor.py:186} INFO - Started process (PID=3909) to work on /home/airflow/.local/lib/python3.12/site-packages/airflow/example_dags/example_sla_dag.py
[2026-08-12T05:04:11.488+0000] {processor.py:914} INFO - Processing file /home/airflow/.local/lib/python3.12/site-packages/airflow/example_dags/example_sla_dag.py for tasks to queue
[2026-08-12T05:04:11.492+0000] {logging_mixin.py:190} INFO - [2026-08-12T05:04:11.492+0000] {dagbag.py:587} INFO - Filling up the DagBag from /home/airflow/.local/lib/python3.12/site-packages/airflow/example_dags/example_sla_dag.py
[2026-08-12T05:04:11.510+0000] {processor.py:925} INFO - DAG(s) 'example_sla_dag' retrieved from /home/airflow/.local/lib/python3.12/site-packages/airflow/example_dags/example_sla_dag.py
[2026-08-12T05:04:11.539+0000] {logging_mixin.py:190} INFO - [2026-08-12T05:04:11.538+0000] {dag.py:3211} INFO - Sync 1 DAGs
[2026-08-12T05:04:11.793+0000] {logging_mixin.py:190} INFO - [2026-08-12T05:04:11.793+0000] {dag.py:4138} INFO - Setting next_dagrun for example_sla_dag to 2026-08-12 05:02:00+00:00, run_after=2026-08-12 05:04:00+00:00
[2026-08-12T05:04:11.819+0000] {processor.py:208} INFO - Processing /home/airflow/.local/lib/python3.12/site-packages/airflow/example_dags/example_sla_dag.py took 0.343 seconds
[2026-08-12T05:04:42.821+0000] {processor.py:186} INFO - Started process (PID=3972) to work on /home/airflow/.local/lib/python3.12/site-packages/airflow/example_dags/example_sla_dag.py
[2026-08-12T05:04:42.824+0000] {processor.py:914} INFO - Processing file /home/airflow/.local/lib/python3.12/site-packages/airflow/example_dags/example_sla_dag.py for tasks to queue
[2026-08-12T05:04:42.830+0000] {logging_mixin.py:190} INFO - [2026-08-12T05:04:42.829+0000] {dagbag.py:587} INFO - Filling up the DagBag from /home/airflow/.local/lib/python3.12/site-packages/airflow/example_dags/example_sla_dag.py
[2026-08-12T05:04:42.843+0000] {processor.py:925} INFO - DAG(s) 'example_sla_dag' retrieved from /home/airflow/.local/lib/python3.12/site-packages/airflow/example_dags/example_sla_dag.py
[2026-08-12T05:04:42.873+0000] {logging_mixin.py:190} INFO - [2026-08-12T05:04:42.873+0000] {dag.py:3211} INFO - Sync 1 DAGs
[2026-08-12T05:04:42.913+0000] {logging_mixin.py:190} INFO - [2026-08-12T05:04:42.912+0000] {dag.py:4138} INFO - Setting next_dagrun for example_sla_dag to 2026-08-12 05:02:00+00:00, run_after=2026-08-12 05:04:00+00:00
[2026-08-12T05:04:42.953+0000] {processor.py:208} INFO - Processing /home/airflow/.local/lib/python3.12/site-packages/airflow/example_dags/example_sla_dag.py took 0.140 seconds
[2026-08-12T05:05:13.172+0000] {processor.py:186} INFO - Started process (PID=4035) to work on /home/airflow/.local/lib/python3.12/site-packages/airflow/example_dags/example_sla_dag.py
[2026-08-12T05:05:13.174+0000] {processor.py:914} INFO - Processing file /home/airflow/.local/lib/python3.12/site-packages/airflow/example_dags/example_sla_dag.py for tasks to queue
[2026-08-12T05:05:13.179+0000] {logging_mixin.py:190} INFO - [2026-08-12T05:05:13.178+0000] {dagbag.py:587} INFO - Filling up the DagBag from /home/airflow/.local/lib/python3.12/site-packages/airflow/example_dags/example_sla_dag.py
[2026-08-12T05:05:13.193+0000] {processor.py:925} INFO - DAG(s) 'example_sla_dag' retrieved from /home/airflow/.local/lib/python3.12/site-packages/airflow/example_dags/example_sla_dag.py
[2026-08-12T05:05:13.218+0000] {logging_mixin.py:190} INFO - [2026-08-12T05:05:13.218+0000] {dag.py:3211} INFO - Sync 1 DAGs
[2026-08-12T05:05:13.246+0000] {logging_mixin.py:190} INFO - [2026-08-12T05:05:13.245+0000] {dag.py:4138} INFO - Setting next_dagrun for example_sla_dag to 2026-08-12 05:02:00+00:00, run_after=2026-08-12 05:04:00+00:00
[2026-08-12T05:05:13.278+0000] {processor.py:208} INFO - Processing /home/airflow/.local/lib/python3.12/site-packages/airflow/example_dags/example_sla_dag.py took 0.115 seconds
[2026-08-12T05:05:44.217+0000] {processor.py:186} INFO - Started process (PID=4098) to work on /home/airflow/.local/lib/python3.12/site-packages/airflow/example_dags/example_sla_dag.py
[2026-08-12T05:05:44.221+0000] {processor.py:914} INFO - Processing file /home/airflow/.local/lib/python3.12/site-packages/airflow/example_dags/example_sla_dag.py for tasks to queue
[2026-08-12T05:05:44.230+0000] {logging_mixin.py:190} INFO - [2026-08-12T05:05:44.229+0000] {dagbag.py:587} INFO - Filling up the DagBag from /home/airflow/.local/lib/python3.12/site-packages/airflow/example_dags/example_sla_dag.py
[2026-08-12T05:05:44.249+0000] {processor.py:925} INFO - DAG(s) 'example_sla_dag' retrieved from /home/airflow/.local/lib/python3.12/site-packages/airflow/example_dags/example_sla_dag.py
[2026-08-12T05:05:44.279+0000] {logging_mixin.py:190} INFO - [2026-08-12T05:05:44.278+0000] {dag.py:3211} INFO - Sync 1 DAGs
[2026-08-12T05:05:44.317+0000] {logging_mixin.py:190} INFO - [2026-08-12T05:05:44.317+0000] {dag.py:4138} INFO - Setting next_dagrun for example_sla_dag to 2026-08-12 05:02:00+00:00, run_after=2026-08-12 05:04:00+00:00
[2026-08-12T05:05:44.352+0000] {processor.py:208} INFO - Processing /home/airflow/.local/lib/python3.12/site-packages/airflow/example_dags/example_sla_dag.py took 0.145 seconds
[2026-08-12T05:06:14.694+0000] {processor.py:186} INFO - Started process (PID=4161) to work on /home/airflow/.local/lib/python3.12/site-packages/airflow/example_dags/example_sla_dag.py
[2026-08-12T05:06:14.697+0000] {processor.py:914} INFO - Processing file /home/airflow/.local/lib/python3.12/site-packages/airflow/example_dags/example_sla_dag.py for tasks to queue
[2026-08-12T05:06:14.703+0000] {logging_mixin.py:190} INFO - [2026-08-12T05:06:14.702+0000] {dagbag.py:587} INFO - Filling up the DagBag from /home/airflow/.local/lib/python3.12/site-packages/airflow/example_dags/example_sla_dag.py
[2026-08-12T05:06:14.718+0000] {processor.py:925} INFO - DAG(s) 'example_sla_dag' retrieved from /home/airflow/.local/lib/python3.12/site-packages/airflow/example_dags/example_sla_dag.py
[2026-08-12T05:06:14.741+0000] {logging_mixin.py:190} INFO - [2026-08-12T05:06:14.741+0000] {dag.py:3211} INFO - Sync 1 DAGs
[2026-08-12T05:06:14.769+0000] {logging_mixin.py:190} INFO - [2026-08-12T05:06:14.769+0000] {dag.py:4138} INFO - Setting next_dagrun for example_sla_dag to 2026-08-12 05:04:00+00:00, run_after=2026-08-12 05:06:00+00:00
[2026-08-12T05:06:14.792+0000] {processor.py:208} INFO - Processing /home/airflow/.local/lib/python3.12/site-packages/airflow/example_dags/example_sla_dag.py took 0.105 seconds
[2026-08-12T05:06:45.134+0000] {processor.py:186} INFO - Started process (PID=4224) to work on /home/airflow/.local/lib/python3.12/site-packages/airflow/example_dags/example_sla_dag.py
[2026-08-12T05:06:45.138+0000] {processor.py:914} INFO - Processing file /home/airflow/.local/lib/python3.12/site-packages/airflow/example_dags/example_sla_dag.py for tasks to queue
[2026-08-12T05:06:45.142+0000] {logging_mixin.py:190} INFO - [2026-08-12T05:06:45.141+0000] {dagbag.py:587} INFO - Filling up the DagBag from /home/airflow/.local/lib/python3.12/site-packages/airflow/example_dags/example_sla_dag.py
[2026-08-12T05:06:45.154+0000] {processor.py:925} INFO - DAG(s) 'example_sla_dag' retrieved from /home/airflow/.local/lib/python3.12/site-packages/airflow/example_dags/example_sla_dag.py
[2026-08-12T05:06:45.181+0000] {logging_mixin.py:190} INFO - [2026-08-12T05:06:45.181+0000] {dag.py:3211} INFO - Sync 1 DAGs
[2026-08-12T05:06:45.210+0000] {logging_mixin.py:190} INFO - [2026-08-12T05:06:45.210+0000] {dag.py:4138} INFO - Setting next_dagrun for example_sla_dag to 2026-08-12 05:04:00+00:00, run_after=2026-08-12 05:06:00+00:00
[2026-08-12T05:06:45.234+0000] {processor.py:208} INFO - Processing /home/airflow/.local/lib/python3.12/site-packages/airflow/example_dags/example_sla_dag.py took 0.105 seconds
[2026-08-12T05:07:16.173+0000] {processor.py:186} INFO - Started process (PID=4287) to work on /home/airflow/.local/lib/python3.12/site-packages/airflow/example_dags/example_sla_dag.py
[2026-08-12T05:07:16.176+0000] {processor.py:914} INFO - Processing file /home/airflow/.local/lib/python3.12/site-packages/airflow/example_dags/example_sla_dag.py for tasks to queue
[2026-08-12T05:07:16.180+0000] {logging_mixin.py:190} INFO - [2026-08-12T05:07:16.180+0000] {dagbag.py:587} INFO - Filling up the DagBag from /home/airflow/.local/lib/python3.12/site-packages/airflow/example_dags/example_sla_dag.py
[2026-08-12T05:07:16.193+0000] {processor.py:925} INFO - DAG(s) 'example_sla_dag' retrieved from /home/airflow/.local/lib/python3.12/site-packages/airflow/example_dags/example_sla_dag.py
[2026-08-12T05:07:16.215+0000] {logging_mixin.py:190} INFO - [2026-08-12T05:07:16.214+0000] {dag.py:3211} INFO - Sync 1 DAGs
[2026-08-12T05:07:16.243+0000] {logging_mixin.py:190} INFO - [2026-08-12T05:07:16.243+0000] {dag.py:4138} INFO - Setting next_dagrun for example_sla_dag to 2026-08-12 05:04:00+00:00, run_after=2026-08-12 05:06:00+00:00
[2026-08-12T05:07:16.263+0000] {processor.py:208} INFO - Processing /home/airflow/.local/lib/python3.12/site-packages/airflow/example_dags/example_sla_dag.py took 0.096 seconds
[2026-08-12T05:07:46.602+0000] {processor.py:186} INFO - Started process (PID=4350) to work on /home/airflow/.local/lib/python3.12/site-packages/airflow/example_dags/example_sla_dag.py
[2026-08-12T05:07:46.604+0000] {processor.py:914} INFO - Processing file /home/airflow/.local/lib/python3.12/site-packages/airflow/example_dags/example_sla_dag.py for tasks to queue
[2026-08-12T05:07:46.608+0000] {logging_mixin.py:190} INFO - [2026-08-12T05:07:46.607+0000] {dagbag.py:587} INFO - Filling up the DagBag from /home/airflow/.local/lib/python3.12/site-packages/airflow/example_dags/example_sla_dag.py
[2026-08-12T05:07:46.619+0000] {processor.py:925} INFO - DAG(s) 'example_sla_dag' retrieved from /home/airflow/.local/lib/python3.12/site-packages/airflow/example_dags/example_sla_dag.py
[2026-08-12T05:07:46.640+0000] {logging_mixin.py:190} INFO - [2026-08-12T05:07:46.639+0000] {dag.py:3211} INFO - Sync 1 DAGs
[2026-08-12T05:07:46.668+0000] {logging_mixin.py:190} INFO - [2026-08-12T05:07:46.667+0000] {dag.py:4138} INFO - Setting next_dagrun for example_sla_dag to 2026-08-12 05:04:00+00:00, run_after=2026-08-12 05:06:00+00:00
[2026-08-12T05:07:46.690+0000] {processor.py:208} INFO - Processing /home/airflow/.local/lib/python3.12/site-packages/airflow/example_dags/example_sla_dag.py took 0.094 seconds
[2026-08-12T05:08:17.072+0000] {processor.py:186} INFO - Started process (PID=4413) to work on /home/airflow/.local/lib/python3.12/site-packages/airflow/example_dags/example_sla_dag.py
[2026-08-12T05:08:17.075+0000] {processor.py:914} INFO - Processing file /home/airflow/.local/lib/python3.12/site-packages/airflow/example_dags/example_sla_dag.py for tasks to queue
[2026-08-12T05:08:17.081+0000] {logging_mixin.py:190} INFO - [2026-08-12T05:08:17.081+0000] {dagbag.py:587} INFO - Filling up the DagBag from /home/airflow/.local/lib/python3.12/site-packages/airflow/example_dags/example_sla_dag.py
[2026-08-12T05:08:17.105+0000] {processor.py:925} INFO - DAG(s) 'example_sla_dag' retrieved from /home/airflow/.local/lib/python3.12/site-packages/airflow/example_dags/example_sla_dag.py
[2026-08-12T05:08:17.129+0000] {logging_mixin.py:190} INFO - [2026-08-12T05:08:17.129+0000] {dag.py:3211} INFO - Sync 1 DAGs
[2026-08-12T05:08:17.159+0000] {logging_mixin.py:190} INFO - [2026-08-12T05:08:17.159+0000] {dag.py:4138} INFO - Setting next_dagrun for example_sla_dag to 2026-08-12 05:06:00+00:00, run_after=2026-08-12 05:08:00+00:00
[2026-08-12T05:08:17.185+0000] {processor.py:208} INFO - Processing /home/airflow/.local/lib/python3.12/site-packages/airflow/example_dags/example_sla_dag.py took 0.120 seconds
[2026-08-12T05:08:47.482+0000] {processor.py:186} INFO - Started process (PID=4476) to work on /home/airflow/.local/lib/python3.12/site-packages/airflow/example_dags/example_sla_dag.py
[2026-08-12T05:08:47.484+0000] {processor.py:914} INFO - Processing file /home/airflow/.local/lib/python3.12/site-packages/airflow/example_dags/example_sla_dag.py for tasks to queue
[2026-08-12T05:08:47.488+0000] {logging_mixin.py:190} INFO - [2026-08-12T05:08:47.487+0000] {dagbag.py:587} INFO - Filling up the DagBag from /home/airflow/.local/lib/python3.12/site-packages/airflow/example_dags/example_sla_dag.py
[2026-08-12T05:08:47.501+0000] {processor.py:925} INFO - DAG(s) 'example_sla_dag' retrieved from /home/airflow/.local/lib/python3.12/site-packages/airflow/example_dags/example_sla_dag.py
[2026-08-12T05:08:47.522+0000] {logging_mixin.py:190} INFO - [2026-08-12T05:08:47.522+0000] {dag.py:3211} INFO - Sync 1 DAGs
[2026-08-12T05:08:47.547+0000] {logging_mixin.py:190} INFO - [2026-08-12T05:08:47.547+0000] {dag.py:4138} INFO - Setting next_dagrun for example_sla_dag to 2026-08-12 05:06:00+00:00, run_after=2026-08-12 05:08:00+00:00
[2026-08-12T05:08:47.573+0000] {processor.py:208} INFO - Processing /home/airflow/.local/lib/python3.12/site-packages/airflow/example_dags/example_sla_dag.py took 0.098 seconds
[2026-08-12T05:09:17.751+0000] {processor.py:186} INFO - Started process (PID=4539) to work on /home/airflow/.local/lib/python3.12/site-packages/airflow/example_dags/example_sla_dag.py
[2026-08-12T05:09:17.753+0000] {processor.py:914} INFO - Processing file /home/airflow/.local/lib/python3.12/site-packages/airflow/example_dags/example_sla_dag.py for tasks to queue
[2026-08-12T05:09:17.757+0000] {logging_mixin.py:190} INFO - [2026-08-12T05:09:17.757+0000] {dagbag.py:587} INFO - Filling up the DagBag from /home/airflow/.local/lib/python3.12/site-packages/airflow/example_dags/example_sla_dag.py
[2026-08-12T05:09:17.771+0000] {processor.py:925} INFO - DAG(s) 'example_sla_dag' retrieved from /home/airflow/.local/lib/python3.12/site-packages/airflow/example_dags/example_sla_dag.py
[2026-08-12T05:09:17.799+0000] {logging_mixin.py:190} INFO - [2026-08-12T05:09:17.799+0000] {dag.py:3211} INFO - Sync 1 DAGs
[2026-08-12T05:09:17.828+0000] {logging_mixin.py:190} INFO - [2026-08-12T05:09:17.827+0000] {dag.py:4138} INFO - Setting next_dagrun for example_sla_dag to 2026-08-12 05:06:00+00:00, run_after=2026-08-12 05:08:00+00:00
[2026-08-12T05:09:17.854+0000] {processor.py:208} INFO - Processing /home/airflow/.local/lib/python3.12/site-packages/airflow/example_dags/example_sla_dag.py took 0.111 seconds
[2026-08-12T05:09:48.205+0000] {processor.py:186} INFO - Started process (PID=4602) to work on /home/airflow/.local/lib/python3.12/site-packages/airflow/example_dags/example_sla_dag.py
[2026-08-12T05:09:48.208+0000] {processor.py:914} INFO - Processing file /home/airflow/.local/lib/python3.12/site-packages/airflow/example_dags/example_sla_dag.py for tasks to queue
[2026-08-12T05:09:48.211+0000] {logging_mixin.py:190} INFO - [2026-08-12T05:09:48.211+0000] {dagbag.py:587} INFO - Filling up the DagBag from /home/airflow/.local/lib/python3.12/site-packages/airflow/example_dags/example_sla_dag.py
[2026-08-12T05:09:48.223+0000] {processor.py:925} INFO - DAG(s) 'example_sla_dag' retrieved from /home/airflow/.local/lib/python3.12/site-packages/airflow/example_dags/example_sla_dag.py
[2026-08-12T05:09:48.244+0000] {logging_mixin.py:190} INFO - [2026-08-12T05:09:48.243+0000] {dag.py:3211} INFO - Sync 1 DAGs
[2026-08-12T05:09:48.270+0000] {logging_mixin.py:190} INFO - [2026-08-12T05:09:48.269+0000] {dag.py:4138} INFO - Setting next_dagrun for example_sla_dag to 2026-08-12 05:06:00+00:00, run_after=2026-08-12 05:08:00+00:00
[2026-08-12T05:09:48.294+0000] {processor.py:208} INFO - Processing /home/airflow/.local/lib/python3.12/site-packages/airflow/example_dags/example_sla_dag.py took 0.095 seconds
[2026-08-12T05:10:18.518+0000] {processor.py:186} INFO - Started process (PID=4665) to work on /home/airflow/.local/lib/python3.12/site-packages/airflow/example_dags/example_sla_dag.py
[2026-08-12T05:10:18.520+0000] {processor.py:914} INFO - Processing file /home/airflow/.local/lib/python3.12/site-packages/airflow/example_dags/example_sla_dag.py for tasks to queue
[2026-08-12T05:10:18.525+0000] {logging_mixin.py:190} INFO - [2026-08-12T05:10:18.524+0000] {dagbag.py:587} INFO - Filling up the DagBag from /home/airflow/.local/lib/python3.12/site-packages/airflow/example_dags/example_sla_dag.py
[2026-08-12T05:10:18.537+0000] {processor.py:925} INFO - DAG(s) 'example_sla_dag' retrieved from /home/airflow/.local/lib/python3.12/site-packages/airflow/example_dags/example_sla_dag.py
[2026-08-12T05:10:18.562+0000] {logging_mixin.py:190} INFO - [2026-08-12T05:10:18.561+0000] {dag.py:3211} INFO - Sync 1 DAGs
[2026-08-12T05:10:18.588+0000] {logging_mixin.py:190} INFO - [2026-08-12T05:10:18.588+0000] {dag.py:4138} INFO - Setting next_dagrun for example_sla_dag to 2026-08-12 05:08:00+00:00, run_after=2026-08-12 05:10:00+00:00
[2026-08-12T05:10:18.610+0000] {processor.py:208} INFO - Processing /home/airflow/.local/lib/python3.12/site-packages/airflow/example_dags/example_sla_dag.py took 0.100 seconds
[2026-08-12T05:10:48.796+0000] {processor.py:186} INFO - Started process (PID=4728) to work on /home/airflow/.local/lib/python3.12/site-packages/airflow/example_dags/example_sla_dag.py
[2026-08-12T05:10:48.798+0000] {processor.py:914} INFO - Processing file /home/airflow/.local/lib/python3.12/site-packages/airflow/example_dags/example_sla_dag.py for tasks to queue
[2026-08-12T05:10:48.803+0000] {logging_mixin.py:190} INFO - [2026-08-12T05:10:48.802+0000] {dagbag.py:587} INFO - Filling up the DagBag from /home/airflow/.local/lib/python3.12/site-packages/airflow/example_dags/example_sla_dag.py
[2026-08-12T05:10:48.816+0000] {processor.py:925} INFO - DAG(s) 'example_sla_dag' retrieved from /home/airflow/.local/lib/python3.12/site-packages/airflow/example_dags/example_sla_dag.py
[2026-08-12T05:10:48.840+0000] {logging_mixin.py:190} INFO - [2026-08-12T05:10:48.840+0000] {dag.py:3211} INFO - Sync 1 DAGs
[2026-08-12T05:10:48.869+0000] {logging_mixin.py:190} INFO - [2026-08-12T05:10:48.868+0000] {dag.py:4138} INFO - Setting next_dagrun for example_sla_dag to 2026-08-12 05:08:00+00:00, run_after=2026-08-12 05:10:00+00:00
[2026-08-12T05:10:48.895+0000] {processor.py:208} INFO - Processing /home/airflow/.local/lib/python3.12/site-packages/airflow/example_dags/example_sla_dag.py took 0.106 seconds
[2026-08-12T05:11:19.165+0000] {processor.py:186} INFO - Started process (PID=4791) to work on /home/airflow/.local/lib/python3.12/site-packages/airflow/example_dags/example_sla_dag.py
[2026-08-12T05:11:19.168+0000] {processor.py:914} INFO - Processing file /home/airflow/.local/lib/python3.12/site-packages/airflow/example_dags/example_sla_dag.py for tasks to queue
[2026-08-12T05:11:19.173+0000] {logging_mixin.py:190} INFO - [2026-08-12T05:11:19.173+0000] {dagbag.py:587} INFO - Filling up the DagBag from /home/airflow/.local/lib/python3.12/site-packages/airflow/example_dags/example_sla_dag.py
[2026-08-12T05:11:19.190+0000] {processor.py:925} INFO - DAG(s) 'example_sla_dag' retrieved from /home/airflow/.local/lib/python3.12/site-packages/airflow/example_dags/example_sla_dag.py
[2026-08-12T05:11:19.222+0000] {logging_mixin.py:190} INFO - [2026-08-12T05:11:19.222+0000] {dag.py:3211} INFO - Sync 1 DAGs
[2026-08-12T05:11:19.256+0000] {logging_mixin.py:190} INFO - [2026-08-12T05:11:19.255+0000] {dag.py:4138} INFO - Setting next_dagrun for example_sla_dag to 2026-08-12 05:08:00+00:00, run_after=2026-08-12 05:10:00+00:00
[2026-08-12T05:11:19.286+0000] {processor.py:208} INFO - Processing /home/airflow/.local/lib/python3.12/site-packages/airflow/example_dags/example_sla_dag.py took 0.128 seconds
[2026-08-12T05:11:50.212+0000] {processor.py:186} INFO - Started process (PID=4854) to work on /home/airflow/.local/lib/python3.12/site-packages/airflow/example_dags/example_sla_dag.py
[2026-08-12T05:11:50.216+0000] {processor.py:914} INFO - Processing file /home/airflow/.local/lib/python3.12/site-packages/airflow/example_dags/example_sla_dag.py for tasks to queue
[2026-08-12T05:11:50.223+0000] {logging_mixin.py:190} INFO - [2026-08-12T05:11:50.222+0000] {dagbag.py:587} INFO - Filling up the DagBag from /home/airflow/.local/lib/python3.12/site-packages/airflow/example_dags/example_sla_dag.py
[2026-08-12T05:11:50.243+0000] {processor.py:925} INFO - DAG(s) 'example_sla_dag' retrieved from /home/airflow/.local/lib/python3.12/site-packages/airflow/example_dags/example_sla_dag.py
[2026-08-12T05:11:50.266+0000] {logging_mixin.py:190} INFO - [2026-08-12T05:11:50.266+0000] {dag.py:3211} INFO - Sync 1 DAGs
[2026-08-12T05:11:50.291+0000] {logging_mixin.py:190} INFO - [2026-08-12T05:11:50.291+0000] {dag.py:4138} INFO - Setting next_dagrun for example_sla_dag to 2026-08-12 05:08:00+00:00, run_after=2026-08-12 05:10:00+00:00
[2026-08-12T05:11:50.317+0000] {processor.py:208} INFO - Processing /home/airflow/.local/lib/python3.12/site-packages/airflow/example_dags/example_sla_dag.py took 0.117 seconds
[2026-08-12T05:12:20.554+0000] {processor.py:186} INFO - Started process (PID=4917) to work on /home/airflow/.local/lib/python3.12/site-packages/airflow/example_dags/example_sla_dag.py
[2026-08-12T05:12:20.557+0000] {processor.py:914} INFO - Processing file /home/airflow/.local/lib/python3.12/site-packages/airflow/example_dags/example_sla_dag.py for tasks to queue
[2026-08-12T05:12:20.561+0000] {logging_mixin.py:190} INFO - [2026-08-12T05:12:20.561+0000] {dagbag.py:587} INFO - Filling up the DagBag from /home/airflow/.local/lib/python3.12/site-packages/airflow/example_dags/example_sla_dag.py
[2026-08-12T05:12:20.577+0000] {processor.py:925} INFO - DAG(s) 'example_sla_dag' retrieved from /home/airflow/.local/lib/python3.12/site-packages/airflow/example_dags/example_sla_dag.py
[2026-08-12T05:12:20.605+0000] {logging_mixin.py:190} INFO - [2026-08-12T05:12:20.605+0000] {dag.py:3211} INFO - Sync 1 DAGs
[2026-08-12T05:12:20.638+0000] {logging_mixin.py:190} INFO - [2026-08-12T05:12:20.638+0000] {dag.py:4138} INFO - Setting next_dagrun for example_sla_dag to 2026-08-12 05:10:00+00:00, run_after=2026-08-12 05:12:00+00:00
[2026-08-12T05:12:20.665+0000] {processor.py:208} INFO - Processing /home/airflow/.local/lib/python3.12/site-packages/airflow/example_dags/example_sla_dag.py took 0.118 seconds
[2026-08-12T05:12:50.907+0000] {processor.py:186} INFO - Started process (PID=4980) to work on /home/airflow/.local/lib/python3.12/site-packages/airflow/example_dags/example_sla_dag.py
[2026-08-12T05:12:50.909+0000] {processor.py:914} INFO - Processing file /home/airflow/.local/lib/python3.12/site-packages/airflow/example_dags/example_sla_dag.py for tasks to queue
[2026-08-12T05:12:50.914+0000] {logging_mixin.py:190} INFO - [2026-08-12T05:12:50.913+0000] {dagbag.py:587} INFO - Filling up the DagBag from /home/airflow/.local/lib/python3.12/site-packages/airflow/example_dags/example_sla_dag.py
[2026-08-12T05:12:50.927+0000] {processor.py:925} INFO - DAG(s) 'example_sla_dag' retrieved from /home/airflow/.local/lib/python3.12/site-packages/airflow/example_dags/example_sla_dag.py
[2026-08-12T05:12:50.950+0000] {logging_mixin.py:190} INFO - [2026-08-12T05:12:50.950+0000] {dag.py:3211} INFO - Sync 1 DAGs
[2026-08-12T05:12:50.977+0000] {logging_mixin.py:190} INFO - [2026-08-12T05:12:50.977+0000] {dag.py:4138} INFO - Setting next_dagrun for example_sla_dag to 2026-08-12 05:10:00+00:00, run_after=2026-08-12 05:12:00+00:00
[2026-08-12T05:12:50.999+0000] {processor.py:208} INFO - Processing /home/airflow/.local/lib/python3.12/site-packages/airflow/example_dags/example_sla_dag.py took 0.098 seconds
[2026-08-12T05:13:21.310+0000] {processor.py:186} INFO - Started process (PID=5043) to work on /home/airflow/.local/lib/python3.12/site-packages/airflow/example_dags/example_sla_dag.py
[2026-08-12T05:13:21.313+0000] {processor.py:914} INFO - Processing file /home/airflow/.local/lib/python3.12/site-packages/airflow/example_dags/example_sla_dag.py for tasks to queue
[2026-08-12T05:13:21.323+0000] {logging_mixin.py:190} INFO - [2026-08-12T05:13:21.321+0000] {dagbag.py:587} INFO - Filling up the DagBag from /home/airflow/.local/lib/python3.12/site-packages/airflow/example_dags/example_sla_dag.py
[2026-08-12T05:13:21.349+0000] {processor.py:925} INFO - DAG(s) 'example_sla_dag' retrieved from /home/airflow/.local/lib/python3.12/site-packages/airflow/example_dags/example_sla_dag.py
[2026-08-12T05:13:21.383+0000] {logging_mixin.py:190} INFO - [2026-08-12T05:13:21.383+0000] {dag.py:3211} INFO - Sync 1 DAGs
[2026-08-12T05:13:21.422+0000] {logging_mixin.py:190} INFO - [2026-08-12T05:13:21.422+0000] {dag.py:4138} INFO - Setting next_dagrun for example_sla_dag to 2026-08-12 05:10:00+00:00, run_after=2026-08-12 05:12:00+00:00
[2026-08-12T05:13:21.455+0000] {processor.py:208} INFO - Processing /home/airflow/.local/lib/python3.12/site-packages/airflow/example_dags/example_sla_dag.py took 0.155 seconds
[2026-08-12T05:13:51.623+0000] {processor.py:186} INFO - Started process (PID=5107) to work on /home/airflow/.local/lib/python3.12/site-packages/airflow/example_dags/example_sla_dag.py
[2026-08-12T05:13:51.625+0000] {processor.py:914} INFO - Processing file /home/airflow/.local/lib/python3.12/site-packages/airflow/example_dags/example_sla_dag.py for tasks to queue
[2026-08-12T05:13:51.630+0000] {logging_mixin.py:190} INFO - [2026-08-12T05:13:51.629+0000] {dagbag.py:587} INFO - Filling up the DagBag from /home/airflow/.local/lib/python3.12/site-packages/airflow/example_dags/example_sla_dag.py
[2026-08-12T05:13:51.642+0000] {processor.py:925} INFO - DAG(s) 'example_sla_dag' retrieved from /home/airflow/.local/lib/python3.12/site-packages/airflow/example_dags/example_sla_dag.py
[2026-08-12T05:13:51.669+0000] {logging_mixin.py:190} INFO - [2026-08-12T05:13:51.668+0000] {dag.py:3211} INFO - Sync 1 DAGs
[2026-08-12T05:13:51.697+0000] {logging_mixin.py:190} INFO - [2026-08-12T05:13:51.696+0000] {dag.py:4138} INFO - Setting next_dagrun for example_sla_dag to 2026-08-12 05:10:00+00:00, run_after=2026-08-12 05:12:00+00:00
[2026-08-12T05:13:51.741+0000] {processor.py:208} INFO - Processing /home/airflow/.local/lib/python3.12/site-packages/airflow/example_dags/example_sla_dag.py took 0.124 seconds
[2026-08-12T05:14:21.992+0000] {processor.py:186} INFO - Started process (PID=5169) to work on /home/airflow/.local/lib/python3.12/site-packages/airflow/example_dags/example_sla_dag.py
[2026-08-12T05:14:21.995+0000] {processor.py:914} INFO - Processing file /home/airflow/.local/lib/python3.12/site-packages/airflow/example_dags/example_sla_dag.py for tasks to queue
[2026-08-12T05:14:22.000+0000] {logging_mixin.py:190} INFO - [2026-08-12T05:14:22.000+0000] {dagbag.py:587} INFO - Filling up the DagBag from /home/airflow/.local/lib/python3.12/site-packages/airflow/example_dags/example_sla_dag.py
[2026-08-12T05:14:22.015+0000] {processor.py:925} INFO - DAG(s) 'example_sla_dag' retrieved from /home/airflow/.local/lib/python3.12/site-packages/airflow/example_dags/example_sla_dag.py
[2026-08-12T05:14:22.042+0000] {logging_mixin.py:190} INFO - [2026-08-12T05:14:22.042+0000] {dag.py:3211} INFO - Sync 1 DAGs
[2026-08-12T05:14:22.067+0000] {logging_mixin.py:190} INFO - [2026-08-12T05:14:22.067+0000] {dag.py:4138} INFO - Setting next_dagrun for example_sla_dag to 2026-08-12 05:12:00+00:00, run_after=2026-08-12 05:14:00+00:00
[2026-08-12T05:14:22.091+0000] {processor.py:208} INFO - Processing /home/airflow/.local/lib/python3.12/site-packages/airflow/example_dags/example_sla_dag.py took 0.105 seconds
[2026-08-12T05:14:52.262+0000] {processor.py:186} INFO - Started process (PID=5232) to work on /home/airflow/.local/lib/python3.12/site-packages/airflow/example_dags/example_sla_dag.py
[2026-08-12T05:14:52.266+0000] {processor.py:914} INFO - Processing file /home/airflow/.local/lib/python3.12/site-packages/airflow/example_dags/example_sla_dag.py for tasks to queue
[2026-08-12T05:14:52.272+0000] {logging_mixin.py:190} INFO - [2026-08-12T05:14:52.272+0000] {dagbag.py:587} INFO - Filling up the DagBag from /home/airflow/.local/lib/python3.12/site-packages/airflow/example_dags/example_sla_dag.py
[2026-08-12T05:14:52.287+0000] {processor.py:925} INFO - DAG(s) 'example_sla_dag' retrieved from /home/airflow/.local/lib/python3.12/site-packages/airflow/example_dags/example_sla_dag.py
[2026-08-12T05:14:52.312+0000] {logging_mixin.py:190} INFO - [2026-08-12T05:14:52.312+0000] {dag.py:3211} INFO - Sync 1 DAGs
[2026-08-12T05:14:52.337+0000] {logging_mixin.py:190} INFO - [2026-08-12T05:14:52.337+0000] {dag.py:4138} INFO - Setting next_dagrun for example_sla_dag to 2026-08-12 05:12:00+00:00, run_after=2026-08-12 05:14:00+00:00
[2026-08-12T05:14:52.361+0000] {processor.py:208} INFO - Processing /home/airflow/.local/lib/python3.12/site-packages/airflow/example_dags/example_sla_dag.py took 0.109 seconds
[2026-08-12T05:15:22.537+0000] {processor.py:186} INFO - Started process (PID=5295) to work on /home/airflow/.local/lib/python3.12/site-packages/airflow/example_dags/example_sla_dag.py
[2026-08-12T05:15:22.539+0000] {processor.py:914} INFO - Processing file /home/airflow/.local/lib/python3.12/site-packages/airflow/example_dags/example_sla_dag.py for tasks to queue
[2026-08-12T05:15:22.544+0000] {logging_mixin.py:190} INFO - [2026-08-12T05:15:22.544+0000] {dagbag.py:587} INFO - Filling up the DagBag from /home/airflow/.local/lib/python3.12/site-packages/airflow/example_dags/example_sla_dag.py
[2026-08-12T05:15:22.557+0000] {processor.py:925} INFO - DAG(s) 'example_sla_dag' retrieved from /home/airflow/.local/lib/python3.12/site-packages/airflow/example_dags/example_sla_dag.py
[2026-08-12T05:15:22.585+0000] {logging_mixin.py:190} INFO - [2026-08-12T05:15:22.584+0000] {dag.py:3211} INFO - Sync 1 DAGs
[2026-08-12T05:15:22.613+0000] {logging_mixin.py:190} INFO - [2026-08-12T05:15:22.613+0000] {dag.py:4138} INFO - Setting next_dagrun for example_sla_dag to 2026-08-12 05:12:00+00:00, run_after=2026-08-12 05:14:00+00:00
[2026-08-12T05:15:22.634+0000] {processor.py:208} INFO - Processing /home/airflow/.local/lib/python3.12/site-packages/airflow/example_dags/example_sla_dag.py took 0.104 seconds
[2026-08-12T05:15:53.188+0000] {processor.py:186} INFO - Started process (PID=5358) to work on /home/airflow/.local/lib/python3.12/site-packages/airflow/example_dags/example_sla_dag.py
[2026-08-12T05:15:53.190+0000] {processor.py:914} INFO - Processing file /home/airflow/.local/lib/python3.12/site-packages/airflow/example_dags/example_sla_dag.py for tasks to queue
[2026-08-12T05:15:53.195+0000] {logging_mixin.py:190} INFO - [2026-08-12T05:15:53.194+0000] {dagbag.py:587} INFO - Filling up the DagBag from /home/airflow/.local/lib/python3.12/site-packages/airflow/example_dags/example_sla_dag.py
[2026-08-12T05:15:53.207+0000] {processor.py:925} INFO - DAG(s) 'example_sla_dag' retrieved from /home/airflow/.local/lib/python3.12/site-packages/airflow/example_dags/example_sla_dag.py
[2026-08-12T05:15:53.228+0000] {logging_mixin.py:190} INFO - [2026-08-12T05:15:53.228+0000] {dag.py:3211} INFO - Sync 1 DAGs
[2026-08-12T05:15:53.255+0000] {logging_mixin.py:190} INFO - [2026-08-12T05:15:53.255+0000] {dag.py:4138} INFO - Setting next_dagrun for example_sla_dag to 2026-08-12 05:12:00+00:00, run_after=2026-08-12 05:14:00+00:00
[2026-08-12T05:15:53.273+0000] {processor.py:208} INFO - Processing /home/airflow/.local/lib/python3.12/site-packages/airflow/example_dags/example_sla_dag.py took 0.092 seconds
[2026-08-12T05:16:23.685+0000] {processor.py:186} INFO - Started process (PID=5421) to work on /home/airflow/.local/lib/python3.12/site-packages/airflow/example_dags/example_sla_dag.py
[2026-08-12T05:16:23.687+0000] {processor.py:914} INFO - Processing file /home/airflow/.local/lib/python3.12/site-packages/airflow/example_dags/example_sla_dag.py for tasks to queue
[2026-08-12T05:16:23.691+0000] {logging_mixin.py:190} INFO - [2026-08-12T05:16:23.691+0000] {dagbag.py:587} INFO - Filling up the DagBag from /home/airflow/.local/lib/python3.12/site-packages/airflow/example_dags/example_sla_dag.py
[2026-08-12T05:16:23.705+0000] {processor.py:925} INFO - DAG(s) 'example_sla_dag' retrieved from /home/airflow/.local/lib/python3.12/site-packages/airflow/example_dags/example_sla_dag.py
[2026-08-12T05:16:23.730+0000] {logging_mixin.py:190} INFO - [2026-08-12T05:16:23.729+0000] {dag.py:3211} INFO - Sync 1 DAGs
[2026-08-12T05:16:23.758+0000] {logging_mixin.py:190} INFO - [2026-08-12T05:16:23.758+0000] {dag.py:4138} INFO - Setting next_dagrun for example_sla_dag to 2026-08-12 05:14:00+00:00, run_after=2026-08-12 05:16:00+00:00
[2026-08-12T05:16:23.783+0000] {processor.py:208} INFO - Processing /home/airflow/.local/lib/python3.12/site-packages/airflow/example_dags/example_sla_dag.py took 0.104 seconds
[2026-08-12T05:16:54.316+0000] {processor.py:186} INFO - Started process (PID=5484) to work on /home/airflow/.local/lib/python3.12/site-packages/airflow/example_dags/example_sla_dag.py
[2026-08-12T05:16:54.319+0000] {processor.py:914} INFO - Processing file /home/airflow/.local/lib/python3.12/site-packages/airflow/example_dags/example_sla_dag.py for tasks to queue
[2026-08-12T05:16:54.325+0000] {logging_mixin.py:190} INFO - [2026-08-12T05:16:54.324+0000] {dagbag.py:587} INFO - Filling up the DagBag from /home/airflow/.local/lib/python3.12/site-packages/airflow/example_dags/example_sla_dag.py
[2026-08-12T05:16:54.339+0000] {processor.py:925} INFO - DAG(s) 'example_sla_dag' retrieved from /home/airflow/.local/lib/python3.12/site-packages/airflow/example_dags/example_sla_dag.py
[2026-08-12T05:16:54.361+0000] {logging_mixin.py:190} INFO - [2026-08-12T05:16:54.361+0000] {dag.py:3211} INFO - Sync 1 DAGs
[2026-08-12T05:16:54.386+0000] {logging_mixin.py:190} INFO - [2026-08-12T05:16:54.386+0000] {dag.py:4138} INFO - Setting next_dagrun for example_sla_dag to 2026-08-12 05:14:00+00:00, run_after=2026-08-12 05:16:00+00:00
[2026-08-12T05:16:54.413+0000] {processor.py:208} INFO - Processing /home/airflow/.local/lib/python3.12/site-packages/airflow/example_dags/example_sla_dag.py took 0.102 seconds
[2026-08-12T05:17:24.636+0000] {processor.py:186} INFO - Started process (PID=5547) to work on /home/airflow/.local/lib/python3.12/site-packages/airflow/example_dags/example_sla_dag.py
[2026-08-12T05:17:24.638+0000] {processor.py:914} INFO - Processing file /home/airflow/.local/lib/python3.12/site-packages/airflow/example_dags/example_sla_dag.py for tasks to queue
[2026-08-12T05:17:24.643+0000] {logging_mixin.py:190} INFO - [2026-08-12T05:17:24.642+0000] {dagbag.py:587} INFO - Filling up the DagBag from /home/airflow/.local/lib/python3.12/site-packages/airflow/example_dags/example_sla_dag.py
[2026-08-12T05:17:24.656+0000] {processor.py:925} INFO - DAG(s) 'example_sla_dag' retrieved from /home/airflow/.local/lib/python3.12/site-packages/airflow/example_dags/example_sla_dag.py
[2026-08-12T05:17:24.683+0000] {logging_mixin.py:190} INFO - [2026-08-12T05:17:24.682+0000] {dag.py:3211} INFO - Sync 1 DAGs
[2026-08-12T05:17:24.716+0000] {logging_mixin.py:190} INFO - [2026-08-12T05:17:24.716+0000] {dag.py:4138} INFO - Setting next_dagrun for example_sla_dag to 2026-08-12 05:14:00+00:00, run_after=2026-08-12 05:16:00+00:00
[2026-08-12T05:17:24.741+0000] {processor.py:208} INFO - Processing /home/airflow/.local/lib/python3.12/site-packages/airflow/example_dags/example_sla_dag.py took 0.112 seconds
[2026-08-12T05:17:55.322+0000] {processor.py:186} INFO - Started process (PID=5611) to work on /home/airflow/.local/lib/python3.12/site-packages/airflow/example_dags/example_sla_dag.py
[2026-08-12T05:17:55.325+0000] {processor.py:914} INFO - Processing file /home/airflow/.local/lib/python3.12/site-packages/airflow/example_dags/example_sla_dag.py for tasks to queue
[2026-08-12T05:17:55.330+0000] {logging_mixin.py:190} INFO - [2026-08-12T05:17:55.329+0000] {dagbag.py:587} INFO - Filling up the DagBag from /home/airflow/.local/lib/python3.12/site-packages/airflow/example_dags/example_sla_dag.py
[2026-08-12T05:17:55.345+0000] {processor.py:925} INFO - DAG(s) 'example_sla_dag' retrieved from /home/airflow/.local/lib/python3.12/site-packages/airflow/example_dags/example_sla_dag.py
[2026-08-12T05:17:55.367+0000] {logging_mixin.py:190} INFO - [2026-08-12T05:17:55.366+0000] {dag.py:3211} INFO - Sync 1 DAGs
[2026-08-12T05:17:55.392+0000] {logging_mixin.py:190} INFO - [2026-08-12T05:17:55.392+0000] {dag.py:4138} INFO - Setting next_dagrun for example_sla_dag to 2026-08-12 05:14:00+00:00, run_after=2026-08-12 05:16:00+00:00
[2026-08-12T05:17:55.415+0000] {processor.py:208} INFO - Processing /home/airflow/.local/lib/python3.12/site-packages/airflow/example_dags/example_sla_dag.py took 0.099 seconds
[2026-08-12T05:18:25.849+0000] {processor.py:186} INFO - Started process (PID=5674) to work on /home/airflow/.local/lib/python3.12/site-packages/airflow/example_dags/example_sla_dag.py
[2026-08-12T05:18:25.852+0000] {processor.py:914} INFO - Processing file /home/airflow/.local/lib/python3.12/site-packages/airflow/example_dags/example_sla_dag.py for tasks to queue
[2026-08-12T05:18:25.857+0000] {logging_mixin.py:190} INFO - [2026-08-12T05:18:25.857+0000] {dagbag.py:587} INFO - Filling up the DagBag from /home/airflow/.local/lib/python3.12/site-packages/airflow/example_dags/example_sla_dag.py
[2026-08-12T05:18:25.871+0000] {processor.py:925} INFO - DAG(s) 'example_sla_dag' retrieved from /home/airflow/.local/lib/python3.12/site-packages/airflow/example_dags/example_sla_dag.py
[2026-08-12T05:18:25.897+0000] {logging_mixin.py:190} INFO - [2026-08-12T05:18:25.896+0000] {dag.py:3211} INFO - Sync 1 DAGs
[2026-08-12T05:18:25.933+0000] {logging_mixin.py:190} INFO - [2026-08-12T05:18:25.933+0000] {dag.py:4138} INFO - Setting next_dagrun for example_sla_dag to 2026-08-12 05:16:00+00:00, run_after=2026-08-12 05:18:00+00:00
[2026-08-12T05:18:25.959+0000] {processor.py:208} INFO - Processing /home/airflow/.local/lib/python3.12/site-packages/airflow/example_dags/example_sla_dag.py took 0.118 seconds
[2026-08-12T05:18:56.069+0000] {processor.py:186} INFO - Started process (PID=5737) to work on /home/airflow/.local/lib/python3.12/site-packages/airflow/example_dags/example_sla_dag.py
[2026-08-12T05:18:56.072+0000] {processor.py:914} INFO - Processing file /home/airflow/.local/lib/python3.12/site-packages/airflow/example_dags/example_sla_dag.py for tasks to queue
[2026-08-12T05:18:56.076+0000] {logging_mixin.py:190} INFO - [2026-08-12T05:18:56.076+0000] {dagbag.py:587} INFO - Filling up the DagBag from /home/airflow/.local/lib/python3.12/site-packages/airflow/example_dags/example_sla_dag.py
[2026-08-12T05:18:56.088+0000] {processor.py:925} INFO - DAG(s) 'example_sla_dag' retrieved from /home/airflow/.local/lib/python3.12/site-packages/airflow/example_dags/example_sla_dag.py
[2026-08-12T05:18:56.110+0000] {logging_mixin.py:190} INFO - [2026-08-12T05:18:56.109+0000] {dag.py:3211} INFO - Sync 1 DAGs
[2026-08-12T05:18:56.138+0000] {logging_mixin.py:190} INFO - [2026-08-12T05:18:56.138+0000] {dag.py:4138} INFO - Setting next_dagrun for example_sla_dag to 2026-08-12 05:16:00+00:00, run_after=2026-08-12 05:18:00+00:00
[2026-08-12T05:18:56.172+0000] {processor.py:208} INFO - Processing /home/airflow/.local/lib/python3.12/site-packages/airflow/example_dags/example_sla_dag.py took 0.108 seconds
[2026-08-12T05:19:26.265+0000] {processor.py:186} INFO - Started process (PID=5800) to work on /home/airflow/.local/lib/python3.12/site-packages/airflow/example_dags/example_sla_dag.py
[2026-08-12T05:19:26.268+0000] {processor.py:914} INFO - Processing file /home/airflow/.local/lib/python3.12/site-packages/airflow/example_dags/example_sla_dag.py for tasks to queue
[2026-08-12T05:19:26.272+0000] {logging_mixin.py:190} INFO - [2026-08-12T05:19:26.271+0000] {dagbag.py:587} INFO - Filling up the DagBag from /home/airflow/.local/lib/python3.12/site-packages/airflow/example_dags/example_sla_dag.py
[2026-08-12T05:19:26.284+0000] {processor.py:925} INFO - DAG(s) 'example_sla_dag' retrieved from /home/airflow/.local/lib/python3.12/site-packages/airflow/example_dags/example_sla_dag.py
[2026-08-12T05:19:26.308+0000] {logging_mixin.py:190} INFO - [2026-08-12T05:19:26.308+0000] {dag.py:3211} INFO - Sync 1 DAGs
[2026-08-12T05:19:26.334+0000] {logging_mixin.py:190} INFO - [2026-08-12T05:19:26.334+0000] {dag.py:4138} INFO - Setting next_dagrun for example_sla_dag to 2026-08-12 05:16:00+00:00, run_after=2026-08-12 05:18:00+00:00
[2026-08-12T05:19:26.356+0000] {processor.py:208} INFO - Processing /home/airflow/.local/lib/python3.12/site-packages/airflow/example_dags/example_sla_dag.py took 0.096 seconds
[2026-08-12T05:19:56.696+0000] {processor.py:186} INFO - Started process (PID=5863) to work on /home/airflow/.local/lib/python3.12/site-packages/airflow/example_dags/example_sla_dag.py
[2026-08-12T05:19:56.698+0000] {processor.py:914} INFO - Processing file /home/airflow/.local/lib/python3.12/site-packages/airflow/example_dags/example_sla_dag.py for tasks to queue
[2026-08-12T05:19:56.702+0000] {logging_mixin.py:190} INFO - [2026-08-12T05:19:56.701+0000] {dagbag.py:587} INFO - Filling up the DagBag from /home/airflow/.local/lib/python3.12/site-packages/airflow/example_dags/example_sla_dag.py
[2026-08-12T05:19:56.719+0000] {processor.py:925} INFO - DAG(s) 'example_sla_dag' retrieved from /home/airflow/.local/lib/python3.12/site-packages/airflow/example_dags/example_sla_dag.py
[2026-08-12T05:19:56.743+0000] {logging_mixin.py:190} INFO - [2026-08-12T05:19:56.742+0000] {dag.py:3211} INFO - Sync 1 DAGs
[2026-08-12T05:19:56.770+0000] {logging_mixin.py:190} INFO - [2026-08-12T05:19:56.770+0000] {dag.py:4138} INFO - Setting next_dagrun for example_sla_dag to 2026-08-12 05:16:00+00:00, run_after=2026-08-12 05:18:00+00:00
[2026-08-12T05:19:56.800+0000] {processor.py:208} INFO - Processing /home/airflow/.local/lib/python3.12/site-packages/airflow/example_dags/example_sla_dag.py took 0.112 seconds
[2026-08-12T05:20:26.989+0000] {processor.py:186} INFO - Started process (PID=5926) to work on /home/airflow/.local/lib/python3.12/site-packages/airflow/example_dags/example_sla_dag.py
[2026-08-12T05:20:26.993+0000] {processor.py:914} INFO - Processing file /home/airflow/.local/lib/python3.12/site-packages/airflow/example_dags/example_sla_dag.py for tasks to queue
[2026-08-12T05:20:26.997+0000] {logging_mixin.py:190} INFO - [2026-08-12T05:20:26.996+0000] {dagbag.py:587} INFO - Filling up the DagBag from /home/airflow/.local/lib/python3.12/site-packages/airflow/example_dags/example_sla_dag.py
[2026-08-12T05:20:27.013+0000] {processor.py:925} INFO - DAG(s) 'example_sla_dag' retrieved from /home/airflow/.local/lib/python3.12/site-packages/airflow/example_dags/example_sla_dag.py
[2026-08-12T05:20:27.038+0000] {logging_mixin.py:190} INFO - [2026-08-12T05:20:27.037+0000] {dag.py:3211} INFO - Sync 1 DAGs
[2026-08-12T05:20:27.064+0000] {logging_mixin.py:190} INFO - [2026-08-12T05:20:27.064+0000] {dag.py:4138} INFO - Setting next_dagrun for example_sla_dag to 2026-08-12 05:18:00+00:00, run_after=2026-08-12 05:20:00+00:00
[2026-08-12T05:20:27.089+0000] {processor.py:208} INFO - Processing /home/airflow/.local/lib/python3.12/site-packages/airflow/example_dags/example_sla_dag.py took 0.109 seconds
[2026-08-12T05:20:57.277+0000] {processor.py:186} INFO - Started process (PID=5988) to work on /home/airflow/.local/lib/python3.12/site-packages/airflow/example_dags/example_sla_dag.py
[2026-08-12T05:20:57.280+0000] {processor.py:914} INFO - Processing file /home/airflow/.local/lib/python3.12/site-packages/airflow/example_dags/example_sla_dag.py for tasks to queue
[2026-08-12T05:20:57.284+0000] {logging_mixin.py:190} INFO - [2026-08-12T05:20:57.284+0000] {dagbag.py:587} INFO - Filling up the DagBag from /home/airflow/.local/lib/python3.12/site-packages/airflow/example_dags/example_sla_dag.py
[2026-08-12T05:20:57.297+0000] {processor.py:925} INFO - DAG(s) 'example_sla_dag' retrieved from /home/airflow/.local/lib/python3.12/site-packages/airflow/example_dags/example_sla_dag.py
[2026-08-12T05:20:57.319+0000] {logging_mixin.py:190} INFO - [2026-08-12T05:20:57.319+0000] {dag.py:3211} INFO - Sync 1 DAGs
[2026-08-12T05:20:57.350+0000] {logging_mixin.py:190} INFO - [2026-08-12T05:20:57.350+0000] {dag.py:4138} INFO - Setting next_dagrun for example_sla_dag to 2026-08-12 05:18:00+00:00, run_after=2026-08-12 05:20:00+00:00
[2026-08-12T05:20:57.375+0000] {processor.py:208} INFO - Processing /home/airflow/.local/lib/python3.12/site-packages/airflow/example_dags/example_sla_dag.py took 0.104 seconds
[2026-08-12T05:21:27.709+0000] {processor.py:186} INFO - Started process (PID=6052) to work on /home/airflow/.local/lib/python3.12/site-packages/airflow/example_dags/example_sla_dag.py
[2026-08-12T05:21:27.716+0000] {processor.py:914} INFO - Processing file /home/airflow/.local/lib/python3.12/site-packages/airflow/example_dags/example_sla_dag.py for tasks to queue
[2026-08-12T05:21:27.724+0000] {logging_mixin.py:190} INFO - [2026-08-12T05:21:27.723+0000] {dagbag.py:587} INFO - Filling up the DagBag from /home/airflow/.local/lib/python3.12/site-packages/airflow/example_dags/example_sla_dag.py
[2026-08-12T05:21:27.743+0000] {processor.py:925} INFO - DAG(s) 'example_sla_dag' retrieved from /home/airflow/.local/lib/python3.12/site-packages/airflow/example_dags/example_sla_dag.py
[2026-08-12T05:21:27.769+0000] {logging_mixin.py:190} INFO - [2026-08-12T05:21:27.769+0000] {dag.py:3211} INFO - Sync 1 DAGs
[2026-08-12T05:21:27.804+0000] {logging_mixin.py:190} INFO - [2026-08-12T05:21:27.804+0000] {dag.py:4138} INFO - Setting next_dagrun for example_sla_dag to 2026-08-12 05:18:00+00:00, run_after=2026-08-12 05:20:00+00:00
[2026-08-12T05:21:27.832+0000] {processor.py:208} INFO - Processing /home/airflow/.local/lib/python3.12/site-packages/airflow/example_dags/example_sla_dag.py took 0.137 seconds
[2026-08-12T05:21:58.403+0000] {processor.py:186} INFO - Started process (PID=6115) to work on /home/airflow/.local/lib/python3.12/site-packages/airflow/example_dags/example_sla_dag.py
[2026-08-12T05:21:58.406+0000] {processor.py:914} INFO - Processing file /home/airflow/.local/lib/python3.12/site-packages/airflow/example_dags/example_sla_dag.py for tasks to queue
[2026-08-12T05:21:58.412+0000] {logging_mixin.py:190} INFO - [2026-08-12T05:21:58.411+0000] {dagbag.py:587} INFO - Filling up the DagBag from /home/airflow/.local/lib/python3.12/site-packages/airflow/example_dags/example_sla_dag.py
[2026-08-12T05:21:58.426+0000] {processor.py:925} INFO - DAG(s) 'example_sla_dag' retrieved from /home/airflow/.local/lib/python3.12/site-packages/airflow/example_dags/example_sla_dag.py
[2026-08-12T05:21:58.452+0000] {logging_mixin.py:190} INFO - [2026-08-12T05:21:58.452+0000] {dag.py:3211} INFO - Sync 1 DAGs
[2026-08-12T05:21:58.480+0000] {logging_mixin.py:190} INFO - [2026-08-12T05:21:58.480+0000] {dag.py:4138} INFO - Setting next_dagrun for example_sla_dag to 2026-08-12 05:18:00+00:00, run_after=2026-08-12 05:20:00+00:00
[2026-08-12T05:21:58.507+0000] {processor.py:208} INFO - Processing /home/airflow/.local/lib/python3.12/site-packages/airflow/example_dags/example_sla_dag.py took 0.115 seconds
[2026-08-12T05:22:28.816+0000] {processor.py:186} INFO - Started process (PID=6178) to work on /home/airflow/.local/lib/python3.12/site-packages/airflow/example_dags/example_sla_dag.py
[2026-08-12T05:22:28.819+0000] {processor.py:914} INFO - Processing file /home/airflow/.local/lib/python3.12/site-packages/airflow/example_dags/example_sla_dag.py for tasks to queue
[2026-08-12T05:22:28.827+0000] {logging_mixin.py:190} INFO - [2026-08-12T05:22:28.826+0000] {dagbag.py:587} INFO - Filling up the DagBag from /home/airflow/.local/lib/python3.12/site-packages/airflow/example_dags/example_sla_dag.py
[2026-08-12T05:22:28.848+0000] {processor.py:925} INFO - DAG(s) 'example_sla_dag' retrieved from /home/airflow/.local/lib/python3.12/site-packages/airflow/example_dags/example_sla_dag.py
[2026-08-12T05:22:28.881+0000] {logging_mixin.py:190} INFO - [2026-08-12T05:22:28.881+0000] {dag.py:3211} INFO - Sync 1 DAGs
[2026-08-12T05:22:28.909+0000] {logging_mixin.py:190} INFO - [2026-08-12T05:22:28.908+0000] {dag.py:4138} INFO - Setting next_dagrun for example_sla_dag to 2026-08-12 05:20:00+00:00, run_after=2026-08-12 05:22:00+00:00
[2026-08-12T05:22:28.938+0000] {processor.py:208} INFO - Processing /home/airflow/.local/lib/python3.12/site-packages/airflow/example_dags/example_sla_dag.py took 0.130 seconds
[2026-08-12T05:22:59.151+0000] {processor.py:186} INFO - Started process (PID=6240) to work on /home/airflow/.local/lib/python3.12/site-packages/airflow/example_dags/example_sla_dag.py
[2026-08-12T05:22:59.153+0000] {processor.py:914} INFO - Processing file /home/airflow/.local/lib/python3.12/site-packages/airflow/example_dags/example_sla_dag.py for tasks to queue
[2026-08-12T05:22:59.157+0000] {logging_mixin.py:190} INFO - [2026-08-12T05:22:59.157+0000] {dagbag.py:587} INFO - Filling up the DagBag from /home/airflow/.local/lib/python3.12/site-packages/airflow/example_dags/example_sla_dag.py
[2026-08-12T05:22:59.172+0000] {processor.py:925} INFO - DAG(s) 'example_sla_dag' retrieved from /home/airflow/.local/lib/python3.12/site-packages/airflow/example_dags/example_sla_dag.py
[2026-08-12T05:22:59.200+0000] {logging_mixin.py:190} INFO - [2026-08-12T05:22:59.200+0000] {dag.py:3211} INFO - Sync 1 DAGs
[2026-08-12T05:22:59.232+0000] {logging_mixin.py:190} INFO - [2026-08-12T05:22:59.232+0000] {dag.py:4138} INFO - Setting next_dagrun for example_sla_dag to 2026-08-12 05:20:00+00:00, run_after=2026-08-12 05:22:00+00:00
[2026-08-12T05:22:59.266+0000] {processor.py:208} INFO - Processing /home/airflow/.local/lib/python3.12/site-packages/airflow/example_dags/example_sla_dag.py took 0.124 seconds
[2026-08-12T05:23:29.435+0000] {processor.py:186} INFO - Started process (PID=6303) to work on /home/airflow/.local/lib/python3.12/site-packages/airflow/example_dags/example_sla_dag.py
[2026-08-12T05:23:29.439+0000] {processor.py:914} INFO - Processing file /home/airflow/.local/lib/python3.12/site-packages/airflow/example_dags/example_sla_dag.py for tasks to queue
[2026-08-12T05:23:29.445+0000] {logging_mixin.py:190} INFO - [2026-08-12T05:23:29.445+0000] {dagbag.py:587} INFO - Filling up the DagBag from /home/airflow/.local/lib/python3.12/site-packages/airflow/example_dags/example_sla_dag.py
[2026-08-12T05:23:29.459+0000] {processor.py:925} INFO - DAG(s) 'example_sla_dag' retrieved from /home/airflow/.local/lib/python3.12/site-packages/airflow/example_dags/example_sla_dag.py
[2026-08-12T05:23:29.483+0000] {logging_mixin.py:190} INFO - [2026-08-12T05:23:29.483+0000] {dag.py:3211} INFO - Sync 1 DAGs
[2026-08-12T05:23:29.515+0000] {logging_mixin.py:190} INFO - [2026-08-12T05:23:29.515+0000] {dag.py:4138} INFO - Setting next_dagrun for example_sla_dag to 2026-08-12 05:20:00+00:00, run_after=2026-08-12 05:22:00+00:00
[2026-08-12T05:23:29.549+0000] {processor.py:208} INFO - Processing /home/airflow/.local/lib/python3.12/site-packages/airflow/example_dags/example_sla_dag.py took 0.119 seconds
[2026-08-12T05:23:59.891+0000] {processor.py:186} INFO - Started process (PID=6366) to work on /home/airflow/.local/lib/python3.12/site-packages/airflow/example_dags/example_sla_dag.py
[2026-08-12T05:23:59.896+0000] {processor.py:914} INFO - Processing file /home/airflow/.local/lib/python3.12/site-packages/airflow/example_dags/example_sla_dag.py for tasks to queue
[2026-08-12T05:23:59.902+0000] {logging_mixin.py:190} INFO - [2026-08-12T05:23:59.902+0000] {dagbag.py:587} INFO - Filling up the DagBag from /home/airflow/.local/lib/python3.12/site-packages/airflow/example_dags/example_sla_dag.py
[2026-08-12T05:23:59.920+0000] {processor.py:925} INFO - DAG(s) 'example_sla_dag' retrieved from /home/airflow/.local/lib/python3.12/site-packages/airflow/example_dags/example_sla_dag.py
[2026-08-12T05:23:59.954+0000] {logging_mixin.py:190} INFO - [2026-08-12T05:23:59.954+0000] {dag.py:3211} INFO - Sync 1 DAGs
[2026-08-12T05:23:59.988+0000] {logging_mixin.py:190} INFO - [2026-08-12T05:23:59.988+0000] {dag.py:4138} INFO - Setting next_dagrun for example_sla_dag to 2026-08-12 05:20:00+00:00, run_after=2026-08-12 05:22:00+00:00
[2026-08-12T05:24:00.013+0000] {processor.py:208} INFO - Processing /home/airflow/.local/lib/python3.12/site-packages/airflow/example_dags/example_sla_dag.py took 0.135 seconds
[2026-08-12T05:24:30.722+0000] {processor.py:186} INFO - Started process (PID=6436) to work on /home/airflow/.local/lib/python3.12/site-packages/airflow/example_dags/example_sla_dag.py
[2026-08-12T05:24:30.725+0000] {processor.py:914} INFO - Processing file /home/airflow/.local/lib/python3.12/site-packages/airflow/example_dags/example_sla_dag.py for tasks to queue
[2026-08-12T05:24:30.729+0000] {logging_mixin.py:190} INFO - [2026-08-12T05:24:30.729+0000] {dagbag.py:587} INFO - Filling up the DagBag from /home/airflow/.local/lib/python3.12/site-packages/airflow/example_dags/example_sla_dag.py
[2026-08-12T05:24:30.742+0000] {processor.py:925} INFO - DAG(s) 'example_sla_dag' retrieved from /home/airflow/.local/lib/python3.12/site-packages/airflow/example_dags/example_sla_dag.py
[2026-08-12T05:24:30.769+0000] {logging_mixin.py:190} INFO - [2026-08-12T05:24:30.769+0000] {dag.py:3211} INFO - Sync 1 DAGs
[2026-08-12T05:24:30.800+0000] {logging_mixin.py:190} INFO - [2026-08-12T05:24:30.800+0000] {dag.py:4138} INFO - Setting next_dagrun for example_sla_dag to 2026-08-12 05:22:00+00:00, run_after=2026-08-12 05:24:00+00:00
[2026-08-12T05:24:30.830+0000] {processor.py:208} INFO - Processing /home/airflow/.local/lib/python3.12/site-packages/airflow/example_dags/example_sla_dag.py took 0.117 seconds
[2026-08-12T05:25:01.335+0000] {processor.py:186} INFO - Started process (PID=6499) to work on /home/airflow/.local/lib/python3.12/site-packages/airflow/example_dags/example_sla_dag.py
[2026-08-12T05:25:01.341+0000] {processor.py:914} INFO - Processing file /home/airflow/.local/lib/python3.12/site-packages/airflow/example_dags/example_sla_dag.py for tasks to queue
[2026-08-12T05:25:01.356+0000] {logging_mixin.py:190} INFO - [2026-08-12T05:25:01.353+0000] {dagbag.py:587} INFO - Filling up the DagBag from /home/airflow/.local/lib/python3.12/site-packages/airflow/example_dags/example_sla_dag.py
[2026-08-12T05:25:01.386+0000] {processor.py:925} INFO - DAG(s) 'example_sla_dag' retrieved from /home/airflow/.local/lib/python3.12/site-packages/airflow/example_dags/example_sla_dag.py
[2026-08-12T05:25:01.413+0000] {logging_mixin.py:190} INFO - [2026-08-12T05:25:01.413+0000] {dag.py:3211} INFO - Sync 1 DAGs
[2026-08-12T05:25:01.446+0000] {logging_mixin.py:190} INFO - [2026-08-12T05:25:01.446+0000] {dag.py:4138} INFO - Setting next_dagrun for example_sla_dag to 2026-08-12 05:22:00+00:00, run_after=2026-08-12 05:24:00+00:00
[2026-08-12T05:25:01.468+0000] {processor.py:208} INFO - Processing /home/airflow/.local/lib/python3.12/site-packages/airflow/example_dags/example_sla_dag.py took 0.140 seconds
[2026-08-12T05:25:31.774+0000] {processor.py:186} INFO - Started process (PID=6562) to work on /home/airflow/.local/lib/python3.12/site-packages/airflow/example_dags/example_sla_dag.py
[2026-08-12T05:25:31.776+0000] {processor.py:914} INFO - Processing file /home/airflow/.local/lib/python3.12/site-packages/airflow/example_dags/example_sla_dag.py for tasks to queue
[2026-08-12T05:25:31.784+0000] {logging_mixin.py:190} INFO - [2026-08-12T05:25:31.783+0000] {dagbag.py:587} INFO - Filling up the DagBag from /home/airflow/.local/lib/python3.12/site-packages/airflow/example_dags/example_sla_dag.py
[2026-08-12T05:25:31.807+0000] {processor.py:925} INFO - DAG(s) 'example_sla_dag' retrieved from /home/airflow/.local/lib/python3.12/site-packages/airflow/example_dags/example_sla_dag.py
[2026-08-12T05:25:31.841+0000] {logging_mixin.py:190} INFO - [2026-08-12T05:25:31.840+0000] {dag.py:3211} INFO - Sync 1 DAGs
[2026-08-12T05:25:31.880+0000] {logging_mixin.py:190} INFO - [2026-08-12T05:25:31.880+0000] {dag.py:4138} INFO - Setting next_dagrun for example_sla_dag to 2026-08-12 05:22:00+00:00, run_after=2026-08-12 05:24:00+00:00
[2026-08-12T05:25:31.914+0000] {processor.py:208} INFO - Processing /home/airflow/.local/lib/python3.12/site-packages/airflow/example_dags/example_sla_dag.py took 0.148 seconds
[2026-08-12T05:26:01.987+0000] {processor.py:186} INFO - Started process (PID=6625) to work on /home/airflow/.local/lib/python3.12/site-packages/airflow/example_dags/example_sla_dag.py
[2026-08-12T05:26:01.990+0000] {processor.py:914} INFO - Processing file /home/airflow/.local/lib/python3.12/site-packages/airflow/example_dags/example_sla_dag.py for tasks to queue
[2026-08-12T05:26:01.994+0000] {logging_mixin.py:190} INFO - [2026-08-12T05:26:01.994+0000] {dagbag.py:587} INFO - Filling up the DagBag from /home/airflow/.local/lib/python3.12/site-packages/airflow/example_dags/example_sla_dag.py
[2026-08-12T05:26:02.010+0000] {processor.py:925} INFO - DAG(s) 'example_sla_dag' retrieved from /home/airflow/.local/lib/python3.12/site-packages/airflow/example_dags/example_sla_dag.py
[2026-08-12T05:26:02.041+0000] {logging_mixin.py:190} INFO - [2026-08-12T05:26:02.040+0000] {dag.py:3211} INFO - Sync 1 DAGs
[2026-08-12T05:26:02.079+0000] {logging_mixin.py:190} INFO - [2026-08-12T05:26:02.079+0000] {dag.py:4138} INFO - Setting next_dagrun for example_sla_dag to 2026-08-12 05:24:00+00:00, run_after=2026-08-12 05:26:00+00:00
[2026-08-12T05:26:02.108+0000] {processor.py:208} INFO - Processing /home/airflow/.local/lib/python3.12/site-packages/airflow/example_dags/example_sla_dag.py took 0.128 seconds
[2026-08-12T05:26:32.434+0000] {processor.py:186} INFO - Started process (PID=6688) to work on /home/airflow/.local/lib/python3.12/site-packages/airflow/example_dags/example_sla_dag.py
[2026-08-12T05:26:32.437+0000] {processor.py:914} INFO - Processing file /home/airflow/.local/lib/python3.12/site-packages/airflow/example_dags/example_sla_dag.py for tasks to queue
[2026-08-12T05:26:32.443+0000] {logging_mixin.py:190} INFO - [2026-08-12T05:26:32.442+0000] {dagbag.py:587} INFO - Filling up the DagBag from /home/airflow/.local/lib/python3.12/site-packages/airflow/example_dags/example_sla_dag.py
[2026-08-12T05:26:32.459+0000] {processor.py:925} INFO - DAG(s) 'example_sla_dag' retrieved from /home/airflow/.local/lib/python3.12/site-packages/airflow/example_dags/example_sla_dag.py
[2026-08-12T05:26:32.494+0000] {logging_mixin.py:190} INFO - [2026-08-12T05:26:32.494+0000] {dag.py:3211} INFO - Sync 1 DAGs
[2026-08-12T05:26:32.534+0000] {logging_mixin.py:190} INFO - [2026-08-12T05:26:32.534+0000] {dag.py:4138} INFO - Setting next_dagrun for example_sla_dag to 2026-08-12 05:24:00+00:00, run_after=2026-08-12 05:26:00+00:00
[2026-08-12T05:26:32.567+0000] {processor.py:208} INFO - Processing /home/airflow/.local/lib/python3.12/site-packages/airflow/example_dags/example_sla_dag.py took 0.140 seconds
[2026-08-12T05:27:03.221+0000] {processor.py:186} INFO - Started process (PID=6751) to work on /home/airflow/.local/lib/python3.12/site-packages/airflow/example_dags/example_sla_dag.py
[2026-08-12T05:27:03.224+0000] {processor.py:914} INFO - Processing file /home/airflow/.local/lib/python3.12/site-packages/airflow/example_dags/example_sla_dag.py for tasks to queue
[2026-08-12T05:27:03.229+0000] {logging_mixin.py:190} INFO - [2026-08-12T05:27:03.228+0000] {dagbag.py:587} INFO - Filling up the DagBag from /home/airflow/.local/lib/python3.12/site-packages/airflow/example_dags/example_sla_dag.py
[2026-08-12T05:27:03.246+0000] {processor.py:925} INFO - DAG(s) 'example_sla_dag' retrieved from /home/airflow/.local/lib/python3.12/site-packages/airflow/example_dags/example_sla_dag.py
[2026-08-12T05:27:03.268+0000] {logging_mixin.py:190} INFO - [2026-08-12T05:27:03.268+0000] {dag.py:3211} INFO - Sync 1 DAGs
[2026-08-12T05:27:03.294+0000] {logging_mixin.py:190} INFO - [2026-08-12T05:27:03.294+0000] {dag.py:4138} INFO - Setting next_dagrun for example_sla_dag to 2026-08-12 05:24:00+00:00, run_after=2026-08-12 05:26:00+00:00
[2026-08-12T05:27:03.321+0000] {processor.py:208} INFO - Processing /home/airflow/.local/lib/python3.12/site-packages/airflow/example_dags/example_sla_dag.py took 0.106 seconds
[2026-08-12T05:27:33.624+0000] {processor.py:186} INFO - Started process (PID=6814) to work on /home/airflow/.local/lib/python3.12/site-packages/airflow/example_dags/example_sla_dag.py
[2026-08-12T05:27:33.628+0000] {processor.py:914} INFO - Processing file /home/airflow/.local/lib/python3.12/site-packages/airflow/example_dags/example_sla_dag.py for tasks to queue
[2026-08-12T05:27:33.636+0000] {logging_mixin.py:190} INFO - [2026-08-12T05:27:33.634+0000] {dagbag.py:587} INFO - Filling up the DagBag from /home/airflow/.local/lib/python3.12/site-packages/airflow/example_dags/example_sla_dag.py
[2026-08-12T05:27:33.667+0000] {processor.py:925} INFO - DAG(s) 'example_sla_dag' retrieved from /home/airflow/.local/lib/python3.12/site-packages/airflow/example_dags/example_sla_dag.py
[2026-08-12T05:27:33.704+0000] {logging_mixin.py:190} INFO - [2026-08-12T05:27:33.703+0000] {dag.py:3211} INFO - Sync 1 DAGs
[2026-08-12T05:27:33.739+0000] {logging_mixin.py:190} INFO - [2026-08-12T05:27:33.739+0000] {dag.py:4138} INFO - Setting next_dagrun for example_sla_dag to 2026-08-12 05:24:00+00:00, run_after=2026-08-12 05:26:00+00:00
[2026-08-12T05:27:33.764+0000] {processor.py:208} INFO - Processing /home/airflow/.local/lib/python3.12/site-packages/airflow/example_dags/example_sla_dag.py took 0.151 seconds
[2026-08-12T05:28:04.532+0000] {processor.py:186} INFO - Started process (PID=6877) to work on /home/airflow/.local/lib/python3.12/site-packages/airflow/example_dags/example_sla_dag.py
[2026-08-12T05:28:04.535+0000] {processor.py:914} INFO - Processing file /home/airflow/.local/lib/python3.12/site-packages/airflow/example_dags/example_sla_dag.py for tasks to queue
[2026-08-12T05:28:04.541+0000] {logging_mixin.py:190} INFO - [2026-08-12T05:28:04.540+0000] {dagbag.py:587} INFO - Filling up the DagBag from /home/airflow/.local/lib/python3.12/site-packages/airflow/example_dags/example_sla_dag.py
[2026-08-12T05:28:04.564+0000] {processor.py:925} INFO - DAG(s) 'example_sla_dag' retrieved from /home/airflow/.local/lib/python3.12/site-packages/airflow/example_dags/example_sla_dag.py
[2026-08-12T05:28:04.594+0000] {logging_mixin.py:190} INFO - [2026-08-12T05:28:04.594+0000] {dag.py:3211} INFO - Sync 1 DAGs
[2026-08-12T05:28:04.631+0000] {logging_mixin.py:190} INFO - [2026-08-12T05:28:04.631+0000] {dag.py:4138} INFO - Setting next_dagrun for example_sla_dag to 2026-08-12 05:26:00+00:00, run_after=2026-08-12 05:28:00+00:00
[2026-08-12T05:28:04.665+0000] {processor.py:208} INFO - Processing /home/airflow/.local/lib/python3.12/site-packages/airflow/example_dags/example_sla_dag.py took 0.144 seconds
[2026-08-12T05:28:35.488+0000] {processor.py:186} INFO - Started process (PID=6940) to work on /home/airflow/.local/lib/python3.12/site-packages/airflow/example_dags/example_sla_dag.py
[2026-08-12T05:28:35.495+0000] {processor.py:914} INFO - Processing file /home/airflow/.local/lib/python3.12/site-packages/airflow/example_dags/example_sla_dag.py for tasks to queue
[2026-08-12T05:28:35.502+0000] {logging_mixin.py:190} INFO - [2026-08-12T05:28:35.502+0000] {dagbag.py:587} INFO - Filling up the DagBag from /home/airflow/.local/lib/python3.12/site-packages/airflow/example_dags/example_sla_dag.py
[2026-08-12T05:28:35.519+0000] {processor.py:925} INFO - DAG(s) 'example_sla_dag' retrieved from /home/airflow/.local/lib/python3.12/site-packages/airflow/example_dags/example_sla_dag.py
[2026-08-12T05:28:35.544+0000] {logging_mixin.py:190} INFO - [2026-08-12T05:28:35.544+0000] {dag.py:3211} INFO - Sync 1 DAGs
[2026-08-12T05:28:35.581+0000] {logging_mixin.py:190} INFO - [2026-08-12T05:28:35.580+0000] {dag.py:4138} INFO - Setting next_dagrun for example_sla_dag to 2026-08-12 05:26:00+00:00, run_after=2026-08-12 05:28:00+00:00
[2026-08-12T05:28:35.609+0000] {processor.py:208} INFO - Processing /home/airflow/.local/lib/python3.12/site-packages/airflow/example_dags/example_sla_dag.py took 0.136 seconds
[2026-08-12T05:29:05.763+0000] {processor.py:186} INFO - Started process (PID=7003) to work on /home/airflow/.local/lib/python3.12/site-packages/airflow/example_dags/example_sla_dag.py
[2026-08-12T05:29:05.766+0000] {processor.py:914} INFO - Processing file /home/airflow/.local/lib/python3.12/site-packages/airflow/example_dags/example_sla_dag.py for tasks to queue
[2026-08-12T05:29:05.773+0000] {logging_mixin.py:190} INFO - [2026-08-12T05:29:05.772+0000] {dagbag.py:587} INFO - Filling up the DagBag from /home/airflow/.local/lib/python3.12/site-packages/airflow/example_dags/example_sla_dag.py
[2026-08-12T05:29:05.805+0000] {processor.py:925} INFO - DAG(s) 'example_sla_dag' retrieved from /home/airflow/.local/lib/python3.12/site-packages/airflow/example_dags/example_sla_dag.py
[2026-08-12T05:29:05.844+0000] {logging_mixin.py:190} INFO - [2026-08-12T05:29:05.843+0000] {dag.py:3211} INFO - Sync 1 DAGs
[2026-08-12T05:29:05.874+0000] {logging_mixin.py:190} INFO - [2026-08-12T05:29:05.874+0000] {dag.py:4138} INFO - Setting next_dagrun for example_sla_dag to 2026-08-12 05:26:00+00:00, run_after=2026-08-12 05:28:00+00:00
[2026-08-12T05:29:05.897+0000] {processor.py:208} INFO - Processing /home/airflow/.local/lib/python3.12/site-packages/airflow/example_dags/example_sla_dag.py took 0.144 seconds
[2026-08-12T05:29:36.258+0000] {processor.py:186} INFO - Started process (PID=7066) to work on /home/airflow/.local/lib/python3.12/site-packages/airflow/example_dags/example_sla_dag.py
[2026-08-12T05:29:36.261+0000] {processor.py:914} INFO - Processing file /home/airflow/.local/lib/python3.12/site-packages/airflow/example_dags/example_sla_dag.py for tasks to queue
[2026-08-12T05:29:36.266+0000] {logging_mixin.py:190} INFO - [2026-08-12T05:29:36.266+0000] {dagbag.py:587} INFO - Filling up the DagBag from /home/airflow/.local/lib/python3.12/site-packages/airflow/example_dags/example_sla_dag.py
[2026-08-12T05:29:36.280+0000] {processor.py:925} INFO - DAG(s) 'example_sla_dag' retrieved from /home/airflow/.local/lib/python3.12/site-packages/airflow/example_dags/example_sla_dag.py
[2026-08-12T05:29:36.303+0000] {logging_mixin.py:190} INFO - [2026-08-12T05:29:36.303+0000] {dag.py:3211} INFO - Sync 1 DAGs
[2026-08-12T05:29:36.341+0000] {logging_mixin.py:190} INFO - [2026-08-12T05:29:36.341+0000] {dag.py:4138} INFO - Setting next_dagrun for example_sla_dag to 2026-08-12 05:26:00+00:00, run_after=2026-08-12 05:28:00+00:00
[2026-08-12T05:29:36.370+0000] {processor.py:208} INFO - Processing /home/airflow/.local/lib/python3.12/site-packages/airflow/example_dags/example_sla_dag.py took 0.119 seconds
[2026-08-12T05:30:06.582+0000] {processor.py:186} INFO - Started process (PID=7129) to work on /home/airflow/.local/lib/python3.12/site-packages/airflow/example_dags/example_sla_dag.py
[2026-08-12T05:30:06.585+0000] {processor.py:914} INFO - Processing file /home/airflow/.local/lib/python3.12/site-packages/airflow/example_dags/example_sla_dag.py for tasks to queue
[2026-08-12T05:30:06.589+0000] {logging_mixin.py:190} INFO - [2026-08-12T05:30:06.589+0000] {dagbag.py:587} INFO - Filling up the DagBag from /home/airflow/.local/lib/python3.12/site-packages/airflow/example_dags/example_sla_dag.py
[2026-08-12T05:30:06.604+0000] {processor.py:925} INFO - DAG(s) 'example_sla_dag' retrieved from /home/airflow/.local/lib/python3.12/site-packages/airflow/example_dags/example_sla_dag.py
[2026-08-12T05:30:06.627+0000] {logging_mixin.py:190} INFO - [2026-08-12T05:30:06.627+0000] {dag.py:3211} INFO - Sync 1 DAGs
[2026-08-12T05:30:06.658+0000] {logging_mixin.py:190} INFO - [2026-08-12T05:30:06.657+0000] {dag.py:4138} INFO - Setting next_dagrun for example_sla_dag to 2026-08-12 05:28:00+00:00, run_after=2026-08-12 05:30:00+00:00
[2026-08-12T05:30:06.684+0000] {processor.py:208} INFO - Processing /home/airflow/.local/lib/python3.12/site-packages/airflow/example_dags/example_sla_dag.py took 0.109 seconds
[2026-08-12T05:30:37.083+0000] {processor.py:186} INFO - Started process (PID=7192) to work on /home/airflow/.local/lib/python3.12/site-packages/airflow/example_dags/example_sla_dag.py
[2026-08-12T05:30:37.086+0000] {processor.py:914} INFO - Processing file /home/airflow/.local/lib/python3.12/site-packages/airflow/example_dags/example_sla_dag.py for tasks to queue
[2026-08-12T05:30:37.091+0000] {logging_mixin.py:190} INFO - [2026-08-12T05:30:37.090+0000] {dagbag.py:587} INFO - Filling up the DagBag from /home/airflow/.local/lib/python3.12/site-packages/airflow/example_dags/example_sla_dag.py
[2026-08-12T05:30:37.106+0000] {processor.py:925} INFO - DAG(s) 'example_sla_dag' retrieved from /home/airflow/.local/lib/python3.12/site-packages/airflow/example_dags/example_sla_dag.py
[2026-08-12T05:30:37.137+0000] {logging_mixin.py:190} INFO - [2026-08-12T05:30:37.137+0000] {dag.py:3211} INFO - Sync 1 DAGs
[2026-08-12T05:30:37.173+0000] {logging_mixin.py:190} INFO - [2026-08-12T05:30:37.172+0000] {dag.py:4138} INFO - Setting next_dagrun for example_sla_dag to 2026-08-12 05:28:00+00:00, run_after=2026-08-12 05:30:00+00:00
[2026-08-12T05:30:37.203+0000] {processor.py:208} INFO - Processing /home/airflow/.local/lib/python3.12/site-packages/airflow/example_dags/example_sla_dag.py took 0.130 seconds
[2026-08-12T05:31:07.910+0000] {processor.py:186} INFO - Started process (PID=7255) to work on /home/airflow/.local/lib/python3.12/site-packages/airflow/example_dags/example_sla_dag.py
[2026-08-12T05:31:07.914+0000] {processor.py:914} INFO - Processing file /home/airflow/.local/lib/python3.12/site-packages/airflow/example_dags/example_sla_dag.py for tasks to queue
[2026-08-12T05:31:07.919+0000] {logging_mixin.py:190} INFO - [2026-08-12T05:31:07.919+0000] {dagbag.py:587} INFO - Filling up the DagBag from /home/airflow/.local/lib/python3.12/site-packages/airflow/example_dags/example_sla_dag.py
[2026-08-12T05:31:07.937+0000] {processor.py:925} INFO - DAG(s) 'example_sla_dag' retrieved from /home/airflow/.local/lib/python3.12/site-packages/airflow/example_dags/example_sla_dag.py
[2026-08-12T05:31:07.959+0000] {logging_mixin.py:190} INFO - [2026-08-12T05:31:07.959+0000] {dag.py:3211} INFO - Sync 1 DAGs
[2026-08-12T05:31:07.987+0000] {logging_mixin.py:190} INFO - [2026-08-12T05:31:07.987+0000] {dag.py:4138} INFO - Setting next_dagrun for example_sla_dag to 2026-08-12 05:28:00+00:00, run_after=2026-08-12 05:30:00+00:00
[2026-08-12T05:31:08.006+0000] {processor.py:208} INFO - Processing /home/airflow/.local/lib/python3.12/site-packages/airflow/example_dags/example_sla_dag.py took 0.104 seconds
[2026-08-12T05:31:38.638+0000] {processor.py:186} INFO - Started process (PID=7318) to work on /home/airflow/.local/lib/python3.12/site-packages/airflow/example_dags/example_sla_dag.py
[2026-08-12T05:31:38.641+0000] {processor.py:914} INFO - Processing file /home/airflow/.local/lib/python3.12/site-packages/airflow/example_dags/example_sla_dag.py for tasks to queue
[2026-08-12T05:31:38.649+0000] {logging_mixin.py:190} INFO - [2026-08-12T05:31:38.648+0000] {dagbag.py:587} INFO - Filling up the DagBag from /home/airflow/.local/lib/python3.12/site-packages/airflow/example_dags/example_sla_dag.py
[2026-08-12T05:31:38.670+0000] {processor.py:925} INFO - DAG(s) 'example_sla_dag' retrieved from /home/airflow/.local/lib/python3.12/site-packages/airflow/example_dags/example_sla_dag.py
[2026-08-12T05:31:38.703+0000] {logging_mixin.py:190} INFO - [2026-08-12T05:31:38.703+0000] {dag.py:3211} INFO - Sync 1 DAGs
[2026-08-12T05:31:38.735+0000] {logging_mixin.py:190} INFO - [2026-08-12T05:31:38.735+0000] {dag.py:4138} INFO - Setting next_dagrun for example_sla_dag to 2026-08-12 05:28:00+00:00, run_after=2026-08-12 05:30:00+00:00
[2026-08-12T05:31:38.762+0000] {processor.py:208} INFO - Processing /home/airflow/.local/lib/python3.12/site-packages/airflow/example_dags/example_sla_dag.py took 0.132 seconds
[2026-08-12T05:32:09.405+0000] {processor.py:186} INFO - Started process (PID=7381) to work on /home/airflow/.local/lib/python3.12/site-packages/airflow/example_dags/example_sla_dag.py
[2026-08-12T05:32:09.407+0000] {processor.py:914} INFO - Processing file /home/airflow/.local/lib/python3.12/site-packages/airflow/example_dags/example_sla_dag.py for tasks to queue
[2026-08-12T05:32:09.411+0000] {logging_mixin.py:190} INFO - [2026-08-12T05:32:09.410+0000] {dagbag.py:587} INFO - Filling up the DagBag from /home/airflow/.local/lib/python3.12/site-packages/airflow/example_dags/example_sla_dag.py
[2026-08-12T05:32:09.426+0000] {processor.py:925} INFO - DAG(s) 'example_sla_dag' retrieved from /home/airflow/.local/lib/python3.12/site-packages/airflow/example_dags/example_sla_dag.py
[2026-08-12T05:32:09.450+0000] {logging_mixin.py:190} INFO - [2026-08-12T05:32:09.449+0000] {dag.py:3211} INFO - Sync 1 DAGs
[2026-08-12T05:32:09.491+0000] {logging_mixin.py:190} INFO - [2026-08-12T05:32:09.491+0000] {dag.py:4138} INFO - Setting next_dagrun for example_sla_dag to 2026-08-12 05:30:00+00:00, run_after=2026-08-12 05:32:00+00:00
[2026-08-12T05:32:09.515+0000] {processor.py:208} INFO - Processing /home/airflow/.local/lib/python3.12/site-packages/airflow/example_dags/example_sla_dag.py took 0.116 seconds
[2026-08-12T05:32:39.761+0000] {processor.py:186} INFO - Started process (PID=7444) to work on /home/airflow/.local/lib/python3.12/site-packages/airflow/example_dags/example_sla_dag.py
[2026-08-12T05:32:39.764+0000] {processor.py:914} INFO - Processing file /home/airflow/.local/lib/python3.12/site-packages/airflow/example_dags/example_sla_dag.py for tasks to queue
[2026-08-12T05:32:39.770+0000] {logging_mixin.py:190} INFO - [2026-08-12T05:32:39.769+0000] {dagbag.py:587} INFO - Filling up the DagBag from /home/airflow/.local/lib/python3.12/site-packages/airflow/example_dags/example_sla_dag.py
[2026-08-12T05:32:39.787+0000] {processor.py:925} INFO - DAG(s) 'example_sla_dag' retrieved from /home/airflow/.local/lib/python3.12/site-packages/airflow/example_dags/example_sla_dag.py
[2026-08-12T05:32:39.811+0000] {logging_mixin.py:190} INFO - [2026-08-12T05:32:39.810+0000] {dag.py:3211} INFO - Sync 1 DAGs
[2026-08-12T05:32:39.840+0000] {logging_mixin.py:190} INFO - [2026-08-12T05:32:39.840+0000] {dag.py:4138} INFO - Setting next_dagrun for example_sla_dag to 2026-08-12 05:30:00+00:00, run_after=2026-08-12 05:32:00+00:00
[2026-08-12T05:32:39.864+0000] {processor.py:208} INFO - Processing /home/airflow/.local/lib/python3.12/site-packages/airflow/example_dags/example_sla_dag.py took 0.109 seconds
[2026-08-12T05:33:10.644+0000] {processor.py:186} INFO - Started process (PID=7507) to work on /home/airflow/.local/lib/python3.12/site-packages/airflow/example_dags/example_sla_dag.py
[2026-08-12T05:33:10.647+0000] {processor.py:914} INFO - Processing file /home/airflow/.local/lib/python3.12/site-packages/airflow/example_dags/example_sla_dag.py for tasks to queue
[2026-08-12T05:33:10.651+0000] {logging_mixin.py:190} INFO - [2026-08-12T05:33:10.651+0000] {dagbag.py:587} INFO - Filling up the DagBag from /home/airflow/.local/lib/python3.12/site-packages/airflow/example_dags/example_sla_dag.py
[2026-08-12T05:33:10.664+0000] {processor.py:925} INFO - DAG(s) 'example_sla_dag' retrieved from /home/airflow/.local/lib/python3.12/site-packages/airflow/example_dags/example_sla_dag.py
[2026-08-12T05:33:10.688+0000] {logging_mixin.py:190} INFO - [2026-08-12T05:33:10.687+0000] {dag.py:3211} INFO - Sync 1 DAGs
[2026-08-12T05:33:10.716+0000] {logging_mixin.py:190} INFO - [2026-08-12T05:33:10.716+0000] {dag.py:4138} INFO - Setting next_dagrun for example_sla_dag to 2026-08-12 05:30:00+00:00, run_after=2026-08-12 05:32:00+00:00
[2026-08-12T05:33:10.738+0000] {processor.py:208} INFO - Processing /home/airflow/.local/lib/python3.12/site-packages/airflow/example_dags/example_sla_dag.py took 0.103 seconds
[2026-08-12T05:33:40.841+0000] {processor.py:186} INFO - Started process (PID=7570) to work on /home/airflow/.local/lib/python3.12/site-packages/airflow/example_dags/example_sla_dag.py
[2026-08-12T05:33:40.844+0000] {processor.py:914} INFO - Processing file /home/airflow/.local/lib/python3.12/site-packages/airflow/example_dags/example_sla_dag.py for tasks to queue
[2026-08-12T05:33:40.850+0000] {logging_mixin.py:190} INFO - [2026-08-12T05:33:40.850+0000] {dagbag.py:587} INFO - Filling up the DagBag from /home/airflow/.local/lib/python3.12/site-packages/airflow/example_dags/example_sla_dag.py
[2026-08-12T05:33:40.865+0000] {processor.py:925} INFO - DAG(s) 'example_sla_dag' retrieved from /home/airflow/.local/lib/python3.12/site-packages/airflow/example_dags/example_sla_dag.py
[2026-08-12T05:33:40.894+0000] {logging_mixin.py:190} INFO - [2026-08-12T05:33:40.893+0000] {dag.py:3211} INFO - Sync 1 DAGs
[2026-08-12T05:33:40.923+0000] {logging_mixin.py:190} INFO - [2026-08-12T05:33:40.922+0000] {dag.py:4138} INFO - Setting next_dagrun for example_sla_dag to 2026-08-12 05:30:00+00:00, run_after=2026-08-12 05:32:00+00:00
[2026-08-12T05:33:40.950+0000] {processor.py:208} INFO - Processing /home/airflow/.local/lib/python3.12/site-packages/airflow/example_dags/example_sla_dag.py took 0.119 seconds
[2026-08-12T05:34:11.225+0000] {processor.py:186} INFO - Started process (PID=7633) to work on /home/airflow/.local/lib/python3.12/site-packages/airflow/example_dags/example_sla_dag.py
[2026-08-12T05:34:11.228+0000] {processor.py:914} INFO - Processing file /home/airflow/.local/lib/python3.12/site-packages/airflow/example_dags/example_sla_dag.py for tasks to queue
[2026-08-12T05:34:11.233+0000] {logging_mixin.py:190} INFO - [2026-08-12T05:34:11.232+0000] {dagbag.py:587} INFO - Filling up the DagBag from /home/airflow/.local/lib/python3.12/site-packages/airflow/example_dags/example_sla_dag.py
[2026-08-12T05:34:11.246+0000] {processor.py:925} INFO - DAG(s) 'example_sla_dag' retrieved from /home/airflow/.local/lib/python3.12/site-packages/airflow/example_dags/example_sla_dag.py
[2026-08-12T05:34:11.270+0000] {logging_mixin.py:190} INFO - [2026-08-12T05:34:11.270+0000] {dag.py:3211} INFO - Sync 1 DAGs
[2026-08-12T05:34:11.304+0000] {logging_mixin.py:190} INFO - [2026-08-12T05:34:11.304+0000] {dag.py:4138} INFO - Setting next_dagrun for example_sla_dag to 2026-08-12 05:32:00+00:00, run_after=2026-08-12 05:34:00+00:00
[2026-08-12T05:34:11.327+0000] {processor.py:208} INFO - Processing /home/airflow/.local/lib/python3.12/site-packages/airflow/example_dags/example_sla_dag.py took 0.107 seconds
[2026-08-12T05:34:41.484+0000] {processor.py:186} INFO - Started process (PID=7696) to work on /home/airflow/.local/lib/python3.12/site-packages/airflow/example_dags/example_sla_dag.py
[2026-08-12T05:34:41.487+0000] {processor.py:914} INFO - Processing file /home/airflow/.local/lib/python3.12/site-packages/airflow/example_dags/example_sla_dag.py for tasks to queue
[2026-08-12T05:34:41.494+0000] {logging_mixin.py:190} INFO - [2026-08-12T05:34:41.493+0000] {dagbag.py:587} INFO - Filling up the DagBag from /home/airflow/.local/lib/python3.12/site-packages/airflow/example_dags/example_sla_dag.py
[2026-08-12T05:34:41.509+0000] {processor.py:925} INFO - DAG(s) 'example_sla_dag' retrieved from /home/airflow/.local/lib/python3.12/site-packages/airflow/example_dags/example_sla_dag.py
[2026-08-12T05:34:41.529+0000] {logging_mixin.py:190} INFO - [2026-08-12T05:34:41.529+0000] {dag.py:3211} INFO - Sync 1 DAGs
[2026-08-12T05:34:41.556+0000] {logging_mixin.py:190} INFO - [2026-08-12T05:34:41.555+0000] {dag.py:4138} INFO - Setting next_dagrun for example_sla_dag to 2026-08-12 05:32:00+00:00, run_after=2026-08-12 05:34:00+00:00
[2026-08-12T05:34:41.579+0000] {processor.py:208} INFO - Processing /home/airflow/.local/lib/python3.12/site-packages/airflow/example_dags/example_sla_dag.py took 0.109 seconds
[2026-08-12T05:35:12.365+0000] {processor.py:186} INFO - Started process (PID=7759) to work on /home/airflow/.local/lib/python3.12/site-packages/airflow/example_dags/example_sla_dag.py
[2026-08-12T05:35:12.368+0000] {processor.py:914} INFO - Processing file /home/airflow/.local/lib/python3.12/site-packages/airflow/example_dags/example_sla_dag.py for tasks to queue
[2026-08-12T05:35:12.373+0000] {logging_mixin.py:190} INFO - [2026-08-12T05:35:12.373+0000] {dagbag.py:587} INFO - Filling up the DagBag from /home/airflow/.local/lib/python3.12/site-packages/airflow/example_dags/example_sla_dag.py
[2026-08-12T05:35:12.388+0000] {processor.py:925} INFO - DAG(s) 'example_sla_dag' retrieved from /home/airflow/.local/lib/python3.12/site-packages/airflow/example_dags/example_sla_dag.py
[2026-08-12T05:35:12.413+0000] {logging_mixin.py:190} INFO - [2026-08-12T05:35:12.413+0000] {dag.py:3211} INFO - Sync 1 DAGs
[2026-08-12T05:35:12.443+0000] {logging_mixin.py:190} INFO - [2026-08-12T05:35:12.442+0000] {dag.py:4138} INFO - Setting next_dagrun for example_sla_dag to 2026-08-12 05:32:00+00:00, run_after=2026-08-12 05:34:00+00:00
[2026-08-12T05:35:12.469+0000] {processor.py:208} INFO - Processing /home/airflow/.local/lib/python3.12/site-packages/airflow/example_dags/example_sla_dag.py took 0.112 seconds
[2026-08-12T05:35:42.656+0000] {processor.py:186} INFO - Started process (PID=7822) to work on /home/airflow/.local/lib/python3.12/site-packages/airflow/example_dags/example_sla_dag.py
[2026-08-12T05:35:42.658+0000] {processor.py:914} INFO - Processing file /home/airflow/.local/lib/python3.12/site-packages/airflow/example_dags/example_sla_dag.py for tasks to queue
[2026-08-12T05:35:42.663+0000] {logging_mixin.py:190} INFO - [2026-08-12T05:35:42.662+0000] {dagbag.py:587} INFO - Filling up the DagBag from /home/airflow/.local/lib/python3.12/site-packages/airflow/example_dags/example_sla_dag.py
[2026-08-12T05:35:42.676+0000] {processor.py:925} INFO - DAG(s) 'example_sla_dag' retrieved from /home/airflow/.local/lib/python3.12/site-packages/airflow/example_dags/example_sla_dag.py
[2026-08-12T05:35:42.704+0000] {logging_mixin.py:190} INFO - [2026-08-12T05:35:42.704+0000] {dag.py:3211} INFO - Sync 1 DAGs
[2026-08-12T05:35:42.733+0000] {logging_mixin.py:190} INFO - [2026-08-12T05:35:42.733+0000] {dag.py:4138} INFO - Setting next_dagrun for example_sla_dag to 2026-08-12 05:32:00+00:00, run_after=2026-08-12 05:34:00+00:00
[2026-08-12T05:35:42.757+0000] {processor.py:208} INFO - Processing /home/airflow/.local/lib/python3.12/site-packages/airflow/example_dags/example_sla_dag.py took 0.107 seconds
[2026-08-12T05:36:12.990+0000] {processor.py:186} INFO - Started process (PID=7885) to work on /home/airflow/.local/lib/python3.12/site-packages/airflow/example_dags/example_sla_dag.py
[2026-08-12T05:36:12.993+0000] {processor.py:914} INFO - Processing file /home/airflow/.local/lib/python3.12/site-packages/airflow/example_dags/example_sla_dag.py for tasks to queue
[2026-08-12T05:36:12.998+0000] {logging_mixin.py:190} INFO - [2026-08-12T05:36:12.997+0000] {dagbag.py:587} INFO - Filling up the DagBag from /home/airflow/.local/lib/python3.12/site-packages/airflow/example_dags/example_sla_dag.py
[2026-08-12T05:36:13.010+0000] {processor.py:925} INFO - DAG(s) 'example_sla_dag' retrieved from /home/airflow/.local/lib/python3.12/site-packages/airflow/example_dags/example_sla_dag.py
[2026-08-12T05:36:13.030+0000] {logging_mixin.py:190} INFO - [2026-08-12T05:36:13.030+0000] {dag.py:3211} INFO - Sync 1 DAGs
[2026-08-12T05:36:13.055+0000] {logging_mixin.py:190} INFO - [2026-08-12T05:36:13.055+0000] {dag.py:4138} INFO - Setting next_dagrun for example_sla_dag to 2026-08-12 05:34:00+00:00, run_after=2026-08-12 05:36:00+00:00
[2026-08-12T05:36:13.079+0000] {processor.py:208} INFO - Processing /home/airflow/.local/lib/python3.12/site-packages/airflow/example_dags/example_sla_dag.py took 0.094 seconds
[2026-08-12T05:36:43.400+0000] {processor.py:186} INFO - Started process (PID=7949) to work on /home/airflow/.local/lib/python3.12/site-packages/airflow/example_dags/example_sla_dag.py
[2026-08-12T05:36:43.403+0000] {processor.py:914} INFO - Processing file /home/airflow/.local/lib/python3.12/site-packages/airflow/example_dags/example_sla_dag.py for tasks to queue
[2026-08-12T05:36:43.408+0000] {logging_mixin.py:190} INFO - [2026-08-12T05:36:43.407+0000] {dagbag.py:587} INFO - Filling up the DagBag from /home/airflow/.local/lib/python3.12/site-packages/airflow/example_dags/example_sla_dag.py
[2026-08-12T05:36:43.427+0000] {processor.py:925} INFO - DAG(s) 'example_sla_dag' retrieved from /home/airflow/.local/lib/python3.12/site-packages/airflow/example_dags/example_sla_dag.py
[2026-08-12T05:36:43.460+0000] {logging_mixin.py:190} INFO - [2026-08-12T05:36:43.460+0000] {dag.py:3211} INFO - Sync 1 DAGs
[2026-08-12T05:36:43.501+0000] {logging_mixin.py:190} INFO - [2026-08-12T05:36:43.501+0000] {dag.py:4138} INFO - Setting next_dagrun for example_sla_dag to 2026-08-12 05:34:00+00:00, run_after=2026-08-12 05:36:00+00:00
[2026-08-12T05:36:43.524+0000] {processor.py:208} INFO - Processing /home/airflow/.local/lib/python3.12/site-packages/airflow/example_dags/example_sla_dag.py took 0.132 seconds
[2026-08-12T05:37:13.715+0000] {processor.py:186} INFO - Started process (PID=8012) to work on /home/airflow/.local/lib/python3.12/site-packages/airflow/example_dags/example_sla_dag.py
[2026-08-12T05:37:13.718+0000] {processor.py:914} INFO - Processing file /home/airflow/.local/lib/python3.12/site-packages/airflow/example_dags/example_sla_dag.py for tasks to queue
[2026-08-12T05:37:13.722+0000] {logging_mixin.py:190} INFO - [2026-08-12T05:37:13.721+0000] {dagbag.py:587} INFO - Filling up the DagBag from /home/airflow/.local/lib/python3.12/site-packages/airflow/example_dags/example_sla_dag.py
[2026-08-12T05:37:13.734+0000] {processor.py:925} INFO - DAG(s) 'example_sla_dag' retrieved from /home/airflow/.local/lib/python3.12/site-packages/airflow/example_dags/example_sla_dag.py
[2026-08-12T05:37:13.760+0000] {logging_mixin.py:190} INFO - [2026-08-12T05:37:13.760+0000] {dag.py:3211} INFO - Sync 1 DAGs
[2026-08-12T05:37:13.791+0000] {logging_mixin.py:190} INFO - [2026-08-12T05:37:13.791+0000] {dag.py:4138} INFO - Setting next_dagrun for example_sla_dag to 2026-08-12 05:34:00+00:00, run_after=2026-08-12 05:36:00+00:00
[2026-08-12T05:37:13.813+0000] {processor.py:208} INFO - Processing /home/airflow/.local/lib/python3.12/site-packages/airflow/example_dags/example_sla_dag.py took 0.103 seconds
[2026-08-12T05:37:44.378+0000] {processor.py:186} INFO - Started process (PID=8074) to work on /home/airflow/.local/lib/python3.12/site-packages/airflow/example_dags/example_sla_dag.py
[2026-08-12T05:37:44.382+0000] {processor.py:914} INFO - Processing file /home/airflow/.local/lib/python3.12/site-packages/airflow/example_dags/example_sla_dag.py for tasks to queue
[2026-08-12T05:37:44.387+0000] {logging_mixin.py:190} INFO - [2026-08-12T05:37:44.387+0000] {dagbag.py:587} INFO - Filling up the DagBag from /home/airflow/.local/lib/python3.12/site-packages/airflow/example_dags/example_sla_dag.py
[2026-08-12T05:37:44.406+0000] {processor.py:925} INFO - DAG(s) 'example_sla_dag' retrieved from /home/airflow/.local/lib/python3.12/site-packages/airflow/example_dags/example_sla_dag.py
[2026-08-12T05:37:44.437+0000] {logging_mixin.py:190} INFO - [2026-08-12T05:37:44.437+0000] {dag.py:3211} INFO - Sync 1 DAGs
[2026-08-12T05:37:44.501+0000] {logging_mixin.py:190} INFO - [2026-08-12T05:37:44.499+0000] {dag.py:4138} INFO - Setting next_dagrun for example_sla_dag to 2026-08-12 05:34:00+00:00, run_after=2026-08-12 05:36:00+00:00
[2026-08-12T05:37:44.541+0000] {processor.py:208} INFO - Processing /home/airflow/.local/lib/python3.12/site-packages/airflow/example_dags/example_sla_dag.py took 0.175 seconds
[2026-08-12T05:38:15.144+0000] {processor.py:186} INFO - Started process (PID=8137) to work on /home/airflow/.local/lib/python3.12/site-packages/airflow/example_dags/example_sla_dag.py
[2026-08-12T05:38:15.146+0000] {processor.py:914} INFO - Processing file /home/airflow/.local/lib/python3.12/site-packages/airflow/example_dags/example_sla_dag.py for tasks to queue
[2026-08-12T05:38:15.152+0000] {logging_mixin.py:190} INFO - [2026-08-12T05:38:15.151+0000] {dagbag.py:587} INFO - Filling up the DagBag from /home/airflow/.local/lib/python3.12/site-packages/airflow/example_dags/example_sla_dag.py
[2026-08-12T05:38:15.165+0000] {processor.py:925} INFO - DAG(s) 'example_sla_dag' retrieved from /home/airflow/.local/lib/python3.12/site-packages/airflow/example_dags/example_sla_dag.py
[2026-08-12T05:38:15.189+0000] {logging_mixin.py:190} INFO - [2026-08-12T05:38:15.189+0000] {dag.py:3211} INFO - Sync 1 DAGs
[2026-08-12T05:38:15.218+0000] {logging_mixin.py:190} INFO - [2026-08-12T05:38:15.218+0000] {dag.py:4138} INFO - Setting next_dagrun for example_sla_dag to 2026-08-12 05:36:00+00:00, run_after=2026-08-12 05:38:00+00:00
[2026-08-12T05:38:15.258+0000] {processor.py:208} INFO - Processing /home/airflow/.local/lib/python3.12/site-packages/airflow/example_dags/example_sla_dag.py took 0.120 seconds
[2026-08-12T05:38:45.498+0000] {processor.py:186} INFO - Started process (PID=8201) to work on /home/airflow/.local/lib/python3.12/site-packages/airflow/example_dags/example_sla_dag.py
[2026-08-12T05:38:45.500+0000] {processor.py:914} INFO - Processing file /home/airflow/.local/lib/python3.12/site-packages/airflow/example_dags/example_sla_dag.py for tasks to queue
[2026-08-12T05:38:45.505+0000] {logging_mixin.py:190} INFO - [2026-08-12T05:38:45.504+0000] {dagbag.py:587} INFO - Filling up the DagBag from /home/airflow/.local/lib/python3.12/site-packages/airflow/example_dags/example_sla_dag.py
[2026-08-12T05:38:45.517+0000] {processor.py:925} INFO - DAG(s) 'example_sla_dag' retrieved from /home/airflow/.local/lib/python3.12/site-packages/airflow/example_dags/example_sla_dag.py
[2026-08-12T05:38:45.543+0000] {logging_mixin.py:190} INFO - [2026-08-12T05:38:45.543+0000] {dag.py:3211} INFO - Sync 1 DAGs
[2026-08-12T05:38:45.576+0000] {logging_mixin.py:190} INFO - [2026-08-12T05:38:45.576+0000] {dag.py:4138} INFO - Setting next_dagrun for example_sla_dag to 2026-08-12 05:36:00+00:00, run_after=2026-08-12 05:38:00+00:00
[2026-08-12T05:38:45.600+0000] {processor.py:208} INFO - Processing /home/airflow/.local/lib/python3.12/site-packages/airflow/example_dags/example_sla_dag.py took 0.109 seconds
[2026-08-12T05:39:16.706+0000] {processor.py:186} INFO - Started process (PID=8265) to work on /home/airflow/.local/lib/python3.12/site-packages/airflow/example_dags/example_sla_dag.py
[2026-08-12T05:39:16.709+0000] {processor.py:914} INFO - Processing file /home/airflow/.local/lib/python3.12/site-packages/airflow/example_dags/example_sla_dag.py for tasks to queue
[2026-08-12T05:39:16.717+0000] {logging_mixin.py:190} INFO - [2026-08-12T05:39:16.717+0000] {dagbag.py:587} INFO - Filling up the DagBag from /home/airflow/.local/lib/python3.12/site-packages/airflow/example_dags/example_sla_dag.py
[2026-08-12T05:39:16.731+0000] {processor.py:925} INFO - DAG(s) 'example_sla_dag' retrieved from /home/airflow/.local/lib/python3.12/site-packages/airflow/example_dags/example_sla_dag.py
[2026-08-12T05:39:16.755+0000] {logging_mixin.py:190} INFO - [2026-08-12T05:39:16.754+0000] {dag.py:3211} INFO - Sync 1 DAGs
[2026-08-12T05:39:16.795+0000] {logging_mixin.py:190} INFO - [2026-08-12T05:39:16.795+0000] {dag.py:4138} INFO - Setting next_dagrun for example_sla_dag to 2026-08-12 05:36:00+00:00, run_after=2026-08-12 05:38:00+00:00
[2026-08-12T05:39:16.831+0000] {processor.py:208} INFO - Processing /home/airflow/.local/lib/python3.12/site-packages/airflow/example_dags/example_sla_dag.py took 0.133 seconds
[2026-08-12T05:39:47.660+0000] {processor.py:186} INFO - Started process (PID=8328) to work on /home/airflow/.local/lib/python3.12/site-packages/airflow/example_dags/example_sla_dag.py
[2026-08-12T05:39:47.663+0000] {processor.py:914} INFO - Processing file /home/airflow/.local/lib/python3.12/site-packages/airflow/example_dags/example_sla_dag.py for tasks to queue
[2026-08-12T05:39:47.670+0000] {logging_mixin.py:190} INFO - [2026-08-12T05:39:47.669+0000] {dagbag.py:587} INFO - Filling up the DagBag from /home/airflow/.local/lib/python3.12/site-packages/airflow/example_dags/example_sla_dag.py
[2026-08-12T05:39:47.685+0000] {processor.py:925} INFO - DAG(s) 'example_sla_dag' retrieved from /home/airflow/.local/lib/python3.12/site-packages/airflow/example_dags/example_sla_dag.py
[2026-08-12T05:39:47.710+0000] {logging_mixin.py:190} INFO - [2026-08-12T05:39:47.710+0000] {dag.py:3211} INFO - Sync 1 DAGs
[2026-08-12T05:39:47.735+0000] {logging_mixin.py:190} INFO - [2026-08-12T05:39:47.735+0000] {dag.py:4138} INFO - Setting next_dagrun for example_sla_dag to 2026-08-12 05:36:00+00:00, run_after=2026-08-12 05:38:00+00:00
[2026-08-12T05:39:47.758+0000] {processor.py:208} INFO - Processing /home/airflow/.local/lib/python3.12/site-packages/airflow/example_dags/example_sla_dag.py took 0.109 seconds
[2026-08-12T05:40:18.190+0000] {processor.py:186} INFO - Started process (PID=8391) to work on /home/airflow/.local/lib/python3.12/site-packages/airflow/example_dags/example_sla_dag.py
[2026-08-12T05:40:18.194+0000] {processor.py:914} INFO - Processing file /home/airflow/.local/lib/python3.12/site-packages/airflow/example_dags/example_sla_dag.py for tasks to queue
[2026-08-12T05:40:18.199+0000] {logging_mixin.py:190} INFO - [2026-08-12T05:40:18.199+0000] {dagbag.py:587} INFO - Filling up the DagBag from /home/airflow/.local/lib/python3.12/site-packages/airflow/example_dags/example_sla_dag.py
[2026-08-12T05:40:18.215+0000] {processor.py:925} INFO - DAG(s) 'example_sla_dag' retrieved from /home/airflow/.local/lib/python3.12/site-packages/airflow/example_dags/example_sla_dag.py
[2026-08-12T05:40:18.242+0000] {logging_mixin.py:190} INFO - [2026-08-12T05:40:18.242+0000] {dag.py:3211} INFO - Sync 1 DAGs
[2026-08-12T05:40:18.272+0000] {logging_mixin.py:190} INFO - [2026-08-12T05:40:18.272+0000] {dag.py:4138} INFO - Setting next_dagrun for example_sla_dag to 2026-08-12 05:38:00+00:00, run_after=2026-08-12 05:40:00+00:00
[2026-08-12T05:40:18.298+0000] {processor.py:208} INFO - Processing /home/airflow/.local/lib/python3.12/site-packages/airflow/example_dags/example_sla_dag.py took 0.119 seconds
[2026-08-12T05:40:49.051+0000] {processor.py:186} INFO - Started process (PID=8454) to work on /home/airflow/.local/lib/python3.12/site-packages/airflow/example_dags/example_sla_dag.py
[2026-08-12T05:40:49.054+0000] {processor.py:914} INFO - Processing file /home/airflow/.local/lib/python3.12/site-packages/airflow/example_dags/example_sla_dag.py for tasks to queue
[2026-08-12T05:40:49.062+0000] {logging_mixin.py:190} INFO - [2026-08-12T05:40:49.061+0000] {dagbag.py:587} INFO - Filling up the DagBag from /home/airflow/.local/lib/python3.12/site-packages/airflow/example_dags/example_sla_dag.py
[2026-08-12T05:40:49.084+0000] {processor.py:925} INFO - DAG(s) 'example_sla_dag' retrieved from /home/airflow/.local/lib/python3.12/site-packages/airflow/example_dags/example_sla_dag.py
[2026-08-12T05:40:49.109+0000] {logging_mixin.py:190} INFO - [2026-08-12T05:40:49.109+0000] {dag.py:3211} INFO - Sync 1 DAGs
[2026-08-12T05:40:49.139+0000] {logging_mixin.py:190} INFO - [2026-08-12T05:40:49.139+0000] {dag.py:4138} INFO - Setting next_dagrun for example_sla_dag to 2026-08-12 05:38:00+00:00, run_after=2026-08-12 05:40:00+00:00
[2026-08-12T05:40:49.165+0000] {processor.py:208} INFO - Processing /home/airflow/.local/lib/python3.12/site-packages/airflow/example_dags/example_sla_dag.py took 0.126 seconds
[2026-08-12T05:41:19.414+0000] {processor.py:186} INFO - Started process (PID=8517) to work on /home/airflow/.local/lib/python3.12/site-packages/airflow/example_dags/example_sla_dag.py
[2026-08-12T05:41:19.417+0000] {processor.py:914} INFO - Processing file /home/airflow/.local/lib/python3.12/site-packages/airflow/example_dags/example_sla_dag.py for tasks to queue
[2026-08-12T05:41:19.421+0000] {logging_mixin.py:190} INFO - [2026-08-12T05:41:19.420+0000] {dagbag.py:587} INFO - Filling up the DagBag from /home/airflow/.local/lib/python3.12/site-packages/airflow/example_dags/example_sla_dag.py
[2026-08-12T05:41:19.434+0000] {processor.py:925} INFO - DAG(s) 'example_sla_dag' retrieved from /home/airflow/.local/lib/python3.12/site-packages/airflow/example_dags/example_sla_dag.py
[2026-08-12T05:41:19.459+0000] {logging_mixin.py:190} INFO - [2026-08-12T05:41:19.459+0000] {dag.py:3211} INFO - Sync 1 DAGs
[2026-08-12T05:41:19.488+0000] {logging_mixin.py:190} INFO - [2026-08-12T05:41:19.488+0000] {dag.py:4138} INFO - Setting next_dagrun for example_sla_dag to 2026-08-12 05:38:00+00:00, run_after=2026-08-12 05:40:00+00:00
[2026-08-12T05:41:19.510+0000] {processor.py:208} INFO - Processing /home/airflow/.local/lib/python3.12/site-packages/airflow/example_dags/example_sla_dag.py took 0.102 seconds
[2026-08-12T05:41:49.653+0000] {processor.py:186} INFO - Started process (PID=8580) to work on /home/airflow/.local/lib/python3.12/site-packages/airflow/example_dags/example_sla_dag.py
[2026-08-12T05:41:49.656+0000] {processor.py:914} INFO - Processing file /home/airflow/.local/lib/python3.12/site-packages/airflow/example_dags/example_sla_dag.py for tasks to queue
[2026-08-12T05:41:49.661+0000] {logging_mixin.py:190} INFO - [2026-08-12T05:41:49.661+0000] {dagbag.py:587} INFO - Filling up the DagBag from /home/airflow/.local/lib/python3.12/site-packages/airflow/example_dags/example_sla_dag.py
[2026-08-12T05:41:49.676+0000] {processor.py:925} INFO - DAG(s) 'example_sla_dag' retrieved from /home/airflow/.local/lib/python3.12/site-packages/airflow/example_dags/example_sla_dag.py
[2026-08-12T05:41:49.702+0000] {logging_mixin.py:190} INFO - [2026-08-12T05:41:49.702+0000] {dag.py:3211} INFO - Sync 1 DAGs
[2026-08-12T05:41:49.729+0000] {logging_mixin.py:190} INFO - [2026-08-12T05:41:49.729+0000] {dag.py:4138} INFO - Setting next_dagrun for example_sla_dag to 2026-08-12 05:38:00+00:00, run_after=2026-08-12 05:40:00+00:00
[2026-08-12T05:41:49.759+0000] {processor.py:208} INFO - Processing /home/airflow/.local/lib/python3.12/site-packages/airflow/example_dags/example_sla_dag.py took 0.116 seconds
[2026-08-12T05:42:20.401+0000] {processor.py:186} INFO - Started process (PID=8643) to work on /home/airflow/.local/lib/python3.12/site-packages/airflow/example_dags/example_sla_dag.py
[2026-08-12T05:42:20.406+0000] {processor.py:914} INFO - Processing file /home/airflow/.local/lib/python3.12/site-packages/airflow/example_dags/example_sla_dag.py for tasks to queue
[2026-08-12T05:42:20.416+0000] {logging_mixin.py:190} INFO - [2026-08-12T05:42:20.415+0000] {dagbag.py:587} INFO - Filling up the DagBag from /home/airflow/.local/lib/python3.12/site-packages/airflow/example_dags/example_sla_dag.py
[2026-08-12T05:42:20.442+0000] {processor.py:925} INFO - DAG(s) 'example_sla_dag' retrieved from /home/airflow/.local/lib/python3.12/site-packages/airflow/example_dags/example_sla_dag.py
[2026-08-12T05:42:20.465+0000] {logging_mixin.py:190} INFO - [2026-08-12T05:42:20.465+0000] {dag.py:3211} INFO - Sync 1 DAGs
[2026-08-12T05:42:20.497+0000] {logging_mixin.py:190} INFO - [2026-08-12T05:42:20.496+0000] {dag.py:4138} INFO - Setting next_dagrun for example_sla_dag to 2026-08-12 05:40:00+00:00, run_after=2026-08-12 05:42:00+00:00
[2026-08-12T05:42:20.521+0000] {processor.py:208} INFO - Processing /home/airflow/.local/lib/python3.12/site-packages/airflow/example_dags/example_sla_dag.py took 0.140 seconds
[2026-08-12T05:42:50.731+0000] {processor.py:186} INFO - Started process (PID=8706) to work on /home/airflow/.local/lib/python3.12/site-packages/airflow/example_dags/example_sla_dag.py
[2026-08-12T05:42:50.734+0000] {processor.py:914} INFO - Processing file /home/airflow/.local/lib/python3.12/site-packages/airflow/example_dags/example_sla_dag.py for tasks to queue
[2026-08-12T05:42:50.740+0000] {logging_mixin.py:190} INFO - [2026-08-12T05:42:50.739+0000] {dagbag.py:587} INFO - Filling up the DagBag from /home/airflow/.local/lib/python3.12/site-packages/airflow/example_dags/example_sla_dag.py
[2026-08-12T05:42:50.754+0000] {processor.py:925} INFO - DAG(s) 'example_sla_dag' retrieved from /home/airflow/.local/lib/python3.12/site-packages/airflow/example_dags/example_sla_dag.py
[2026-08-12T05:42:50.780+0000] {logging_mixin.py:190} INFO - [2026-08-12T05:42:50.780+0000] {dag.py:3211} INFO - Sync 1 DAGs
[2026-08-12T05:42:50.815+0000] {logging_mixin.py:190} INFO - [2026-08-12T05:42:50.814+0000] {dag.py:4138} INFO - Setting next_dagrun for example_sla_dag to 2026-08-12 05:40:00+00:00, run_after=2026-08-12 05:42:00+00:00
[2026-08-12T05:42:50.847+0000] {processor.py:208} INFO - Processing /home/airflow/.local/lib/python3.12/site-packages/airflow/example_dags/example_sla_dag.py took 0.121 seconds
[2026-08-12T05:43:21.114+0000] {processor.py:186} INFO - Started process (PID=8770) to work on /home/airflow/.local/lib/python3.12/site-packages/airflow/example_dags/example_sla_dag.py
[2026-08-12T05:43:21.117+0000] {processor.py:914} INFO - Processing file /home/airflow/.local/lib/python3.12/site-packages/airflow/example_dags/example_sla_dag.py for tasks to queue
[2026-08-12T05:43:21.122+0000] {logging_mixin.py:190} INFO - [2026-08-12T05:43:21.122+0000] {dagbag.py:587} INFO - Filling up the DagBag from /home/airflow/.local/lib/python3.12/site-packages/airflow/example_dags/example_sla_dag.py
[2026-08-12T05:43:21.142+0000] {processor.py:925} INFO - DAG(s) 'example_sla_dag' retrieved from /home/airflow/.local/lib/python3.12/site-packages/airflow/example_dags/example_sla_dag.py
[2026-08-12T05:43:21.175+0000] {logging_mixin.py:190} INFO - [2026-08-12T05:43:21.175+0000] {dag.py:3211} INFO - Sync 1 DAGs
[2026-08-12T05:43:21.226+0000] {logging_mixin.py:190} INFO - [2026-08-12T05:43:21.226+0000] {dag.py:4138} INFO - Setting next_dagrun for example_sla_dag to 2026-08-12 05:40:00+00:00, run_after=2026-08-12 05:42:00+00:00
[2026-08-12T05:43:21.267+0000] {processor.py:208} INFO - Processing /home/airflow/.local/lib/python3.12/site-packages/airflow/example_dags/example_sla_dag.py took 0.161 seconds
[2026-08-12T05:43:52.206+0000] {processor.py:186} INFO - Started process (PID=8833) to work on /home/airflow/.local/lib/python3.12/site-packages/airflow/example_dags/example_sla_dag.py
[2026-08-12T05:43:52.209+0000] {processor.py:914} INFO - Processing file /home/airflow/.local/lib/python3.12/site-packages/airflow/example_dags/example_sla_dag.py for tasks to queue
[2026-08-12T05:43:52.217+0000] {logging_mixin.py:190} INFO - [2026-08-12T05:43:52.216+0000] {dagbag.py:587} INFO - Filling up the DagBag from /home/airflow/.local/lib/python3.12/site-packages/airflow/example_dags/example_sla_dag.py
[2026-08-12T05:43:52.239+0000] {processor.py:925} INFO - DAG(s) 'example_sla_dag' retrieved from /home/airflow/.local/lib/python3.12/site-packages/airflow/example_dags/example_sla_dag.py
[2026-08-12T05:43:52.271+0000] {logging_mixin.py:190} INFO - [2026-08-12T05:43:52.271+0000] {dag.py:3211} INFO - Sync 1 DAGs
[2026-08-12T05:43:52.303+0000] {logging_mixin.py:190} INFO - [2026-08-12T05:43:52.303+0000] {dag.py:4138} INFO - Setting next_dagrun for example_sla_dag to 2026-08-12 05:40:00+00:00, run_after=2026-08-12 05:42:00+00:00
[2026-08-12T05:43:52.326+0000] {processor.py:208} INFO - Processing /home/airflow/.local/lib/python3.12/site-packages/airflow/example_dags/example_sla_dag.py took 0.127 seconds
[2026-08-12T05:44:22.598+0000] {processor.py:186} INFO - Started process (PID=8896) to work on /home/airflow/.local/lib/python3.12/site-packages/airflow/example_dags/example_sla_dag.py
[2026-08-12T05:44:22.601+0000] {processor.py:914} INFO - Processing file /home/airflow/.local/lib/python3.12/site-packages/airflow/example_dags/example_sla_dag.py for tasks to queue
[2026-08-12T05:44:22.608+0000] {logging_mixin.py:190} INFO - [2026-08-12T05:44:22.607+0000] {dagbag.py:587} INFO - Filling up the DagBag from /home/airflow/.local/lib/python3.12/site-packages/airflow/example_dags/example_sla_dag.py
[2026-08-12T05:44:22.629+0000] {processor.py:925} INFO - DAG(s) 'example_sla_dag' retrieved from /home/airflow/.local/lib/python3.12/site-packages/airflow/example_dags/example_sla_dag.py
[2026-08-12T05:44:22.663+0000] {logging_mixin.py:190} INFO - [2026-08-12T05:44:22.663+0000] {dag.py:3211} INFO - Sync 1 DAGs
[2026-08-12T05:44:22.694+0000] {logging_mixin.py:190} INFO - [2026-08-12T05:44:22.693+0000] {dag.py:4138} INFO - Setting next_dagrun for example_sla_dag to 2026-08-12 05:42:00+00:00, run_after=2026-08-12 05:44:00+00:00
[2026-08-12T05:44:22.716+0000] {processor.py:208} INFO - Processing /home/airflow/.local/lib/python3.12/site-packages/airflow/example_dags/example_sla_dag.py took 0.125 seconds
[2026-08-12T05:44:53.186+0000] {processor.py:186} INFO - Started process (PID=8959) to work on /home/airflow/.local/lib/python3.12/site-packages/airflow/example_dags/example_sla_dag.py
[2026-08-12T05:44:53.190+0000] {processor.py:914} INFO - Processing file /home/airflow/.local/lib/python3.12/site-packages/airflow/example_dags/example_sla_dag.py for tasks to queue
[2026-08-12T05:44:53.196+0000] {logging_mixin.py:190} INFO - [2026-08-12T05:44:53.196+0000] {dagbag.py:587} INFO - Filling up the DagBag from /home/airflow/.local/lib/python3.12/site-packages/airflow/example_dags/example_sla_dag.py
[2026-08-12T05:44:53.210+0000] {processor.py:925} INFO - DAG(s) 'example_sla_dag' retrieved from /home/airflow/.local/lib/python3.12/site-packages/airflow/example_dags/example_sla_dag.py
[2026-08-12T05:44:53.231+0000] {logging_mixin.py:190} INFO - [2026-08-12T05:44:53.231+0000] {dag.py:3211} INFO - Sync 1 DAGs
[2026-08-12T05:44:53.258+0000] {logging_mixin.py:190} INFO - [2026-08-12T05:44:53.258+0000] {dag.py:4138} INFO - Setting next_dagrun for example_sla_dag to 2026-08-12 05:42:00+00:00, run_after=2026-08-12 05:44:00+00:00
[2026-08-12T05:44:53.278+0000] {processor.py:208} INFO - Processing /home/airflow/.local/lib/python3.12/site-packages/airflow/example_dags/example_sla_dag.py took 0.101 seconds
[2026-08-12T05:45:23.527+0000] {processor.py:186} INFO - Started process (PID=9022) to work on /home/airflow/.local/lib/python3.12/site-packages/airflow/example_dags/example_sla_dag.py
[2026-08-12T05:45:23.530+0000] {processor.py:914} INFO - Processing file /home/airflow/.local/lib/python3.12/site-packages/airflow/example_dags/example_sla_dag.py for tasks to queue
[2026-08-12T05:45:23.535+0000] {logging_mixin.py:190} INFO - [2026-08-12T05:45:23.534+0000] {dagbag.py:587} INFO - Filling up the DagBag from /home/airflow/.local/lib/python3.12/site-packages/airflow/example_dags/example_sla_dag.py
[2026-08-12T05:45:23.550+0000] {processor.py:925} INFO - DAG(s) 'example_sla_dag' retrieved from /home/airflow/.local/lib/python3.12/site-packages/airflow/example_dags/example_sla_dag.py
[2026-08-12T05:45:23.577+0000] {logging_mixin.py:190} INFO - [2026-08-12T05:45:23.577+0000] {dag.py:3211} INFO - Sync 1 DAGs
[2026-08-12T05:45:23.610+0000] {logging_mixin.py:190} INFO - [2026-08-12T05:45:23.610+0000] {dag.py:4138} INFO - Setting next_dagrun for example_sla_dag to 2026-08-12 05:42:00+00:00, run_after=2026-08-12 05:44:00+00:00
[2026-08-12T05:45:23.643+0000] {processor.py:208} INFO - Processing /home/airflow/.local/lib/python3.12/site-packages/airflow/example_dags/example_sla_dag.py took 0.121 seconds
[2026-08-12T05:45:54.150+0000] {processor.py:186} INFO - Started process (PID=9085) to work on /home/airflow/.local/lib/python3.12/site-packages/airflow/example_dags/example_sla_dag.py
[2026-08-12T05:45:54.155+0000] {processor.py:914} INFO - Processing file /home/airflow/.local/lib/python3.12/site-packages/airflow/example_dags/example_sla_dag.py for tasks to queue
[2026-08-12T05:45:54.165+0000] {logging_mixin.py:190} INFO - [2026-08-12T05:45:54.164+0000] {dagbag.py:587} INFO - Filling up the DagBag from /home/airflow/.local/lib/python3.12/site-packages/airflow/example_dags/example_sla_dag.py
[2026-08-12T05:45:54.180+0000] {processor.py:925} INFO - DAG(s) 'example_sla_dag' retrieved from /home/airflow/.local/lib/python3.12/site-packages/airflow/example_dags/example_sla_dag.py
[2026-08-12T05:45:54.209+0000] {logging_mixin.py:190} INFO - [2026-08-12T05:45:54.208+0000] {dag.py:3211} INFO - Sync 1 DAGs
[2026-08-12T05:45:54.239+0000] {logging_mixin.py:190} INFO - [2026-08-12T05:45:54.239+0000] {dag.py:4138} INFO - Setting next_dagrun for example_sla_dag to 2026-08-12 05:42:00+00:00, run_after=2026-08-12 05:44:00+00:00
[2026-08-12T05:45:54.262+0000] {processor.py:208} INFO - Processing /home/airflow/.local/lib/python3.12/site-packages/airflow/example_dags/example_sla_dag.py took 0.127 seconds
[2026-08-12T05:46:24.579+0000] {processor.py:186} INFO - Started process (PID=9148) to work on /home/airflow/.local/lib/python3.12/site-packages/airflow/example_dags/example_sla_dag.py
[2026-08-12T05:46:24.581+0000] {processor.py:914} INFO - Processing file /home/airflow/.local/lib/python3.12/site-packages/airflow/example_dags/example_sla_dag.py for tasks to queue
[2026-08-12T05:46:24.585+0000] {logging_mixin.py:190} INFO - [2026-08-12T05:46:24.585+0000] {dagbag.py:587} INFO - Filling up the DagBag from /home/airflow/.local/lib/python3.12/site-packages/airflow/example_dags/example_sla_dag.py
[2026-08-12T05:46:24.597+0000] {processor.py:925} INFO - DAG(s) 'example_sla_dag' retrieved from /home/airflow/.local/lib/python3.12/site-packages/airflow/example_dags/example_sla_dag.py
[2026-08-12T05:46:24.619+0000] {logging_mixin.py:190} INFO - [2026-08-12T05:46:24.619+0000] {dag.py:3211} INFO - Sync 1 DAGs
[2026-08-12T05:46:24.648+0000] {logging_mixin.py:190} INFO - [2026-08-12T05:46:24.648+0000] {dag.py:4138} INFO - Setting next_dagrun for example_sla_dag to 2026-08-12 05:44:00+00:00, run_after=2026-08-12 05:46:00+00:00
[2026-08-12T05:46:24.672+0000] {processor.py:208} INFO - Processing /home/airflow/.local/lib/python3.12/site-packages/airflow/example_dags/example_sla_dag.py took 0.100 seconds
[2026-08-12T05:46:55.183+0000] {processor.py:186} INFO - Started process (PID=9211) to work on /home/airflow/.local/lib/python3.12/site-packages/airflow/example_dags/example_sla_dag.py
[2026-08-12T05:46:55.186+0000] {processor.py:914} INFO - Processing file /home/airflow/.local/lib/python3.12/site-packages/airflow/example_dags/example_sla_dag.py for tasks to queue
[2026-08-12T05:46:55.191+0000] {logging_mixin.py:190} INFO - [2026-08-12T05:46:55.191+0000] {dagbag.py:587} INFO - Filling up the DagBag from /home/airflow/.local/lib/python3.12/site-packages/airflow/example_dags/example_sla_dag.py
[2026-08-12T05:46:55.210+0000] {processor.py:925} INFO - DAG(s) 'example_sla_dag' retrieved from /home/airflow/.local/lib/python3.12/site-packages/airflow/example_dags/example_sla_dag.py
[2026-08-12T05:46:55.236+0000] {logging_mixin.py:190} INFO - [2026-08-12T05:46:55.235+0000] {dag.py:3211} INFO - Sync 1 DAGs
[2026-08-12T05:46:55.263+0000] {logging_mixin.py:190} INFO - [2026-08-12T05:46:55.263+0000] {dag.py:4138} INFO - Setting next_dagrun for example_sla_dag to 2026-08-12 05:44:00+00:00, run_after=2026-08-12 05:46:00+00:00
[2026-08-12T05:46:55.287+0000] {processor.py:208} INFO - Processing /home/airflow/.local/lib/python3.12/site-packages/airflow/example_dags/example_sla_dag.py took 0.111 seconds
[2026-08-12T05:47:25.636+0000] {processor.py:186} INFO - Started process (PID=9274) to work on /home/airflow/.local/lib/python3.12/site-packages/airflow/example_dags/example_sla_dag.py
[2026-08-12T05:47:25.639+0000] {processor.py:914} INFO - Processing file /home/airflow/.local/lib/python3.12/site-packages/airflow/example_dags/example_sla_dag.py for tasks to queue
[2026-08-12T05:47:25.643+0000] {logging_mixin.py:190} INFO - [2026-08-12T05:47:25.642+0000] {dagbag.py:587} INFO - Filling up the DagBag from /home/airflow/.local/lib/python3.12/site-packages/airflow/example_dags/example_sla_dag.py
[2026-08-12T05:47:25.654+0000] {processor.py:925} INFO - DAG(s) 'example_sla_dag' retrieved from /home/airflow/.local/lib/python3.12/site-packages/airflow/example_dags/example_sla_dag.py
[2026-08-12T05:47:25.679+0000] {logging_mixin.py:190} INFO - [2026-08-12T05:47:25.678+0000] {dag.py:3211} INFO - Sync 1 DAGs
[2026-08-12T05:47:25.707+0000] {logging_mixin.py:190} INFO - [2026-08-12T05:47:25.706+0000] {dag.py:4138} INFO - Setting next_dagrun for example_sla_dag to 2026-08-12 05:44:00+00:00, run_after=2026-08-12 05:46:00+00:00
[2026-08-12T05:47:25.729+0000] {processor.py:208} INFO - Processing /home/airflow/.local/lib/python3.12/site-packages/airflow/example_dags/example_sla_dag.py took 0.099 seconds
[2026-08-12T05:47:56.651+0000] {processor.py:186} INFO - Started process (PID=9337) to work on /home/airflow/.local/lib/python3.12/site-packages/airflow/example_dags/example_sla_dag.py
[2026-08-12T05:47:56.654+0000] {processor.py:914} INFO - Processing file /home/airflow/.local/lib/python3.12/site-packages/airflow/example_dags/example_sla_dag.py for tasks to queue
[2026-08-12T05:47:56.659+0000] {logging_mixin.py:190} INFO - [2026-08-12T05:47:56.658+0000] {dagbag.py:587} INFO - Filling up the DagBag from /home/airflow/.local/lib/python3.12/site-packages/airflow/example_dags/example_sla_dag.py
[2026-08-12T05:47:56.674+0000] {processor.py:925} INFO - DAG(s) 'example_sla_dag' retrieved from /home/airflow/.local/lib/python3.12/site-packages/airflow/example_dags/example_sla_dag.py
[2026-08-12T05:47:56.703+0000] {logging_mixin.py:190} INFO - [2026-08-12T05:47:56.703+0000] {dag.py:3211} INFO - Sync 1 DAGs
[2026-08-12T05:47:56.738+0000] {logging_mixin.py:190} INFO - [2026-08-12T05:47:56.738+0000] {dag.py:4138} INFO - Setting next_dagrun for example_sla_dag to 2026-08-12 05:44:00+00:00, run_after=2026-08-12 05:46:00+00:00
[2026-08-12T05:47:56.768+0000] {processor.py:208} INFO - Processing /home/airflow/.local/lib/python3.12/site-packages/airflow/example_dags/example_sla_dag.py took 0.128 seconds
[2026-08-12T05:48:27.268+0000] {processor.py:186} INFO - Started process (PID=9400) to work on /home/airflow/.local/lib/python3.12/site-packages/airflow/example_dags/example_sla_dag.py
[2026-08-12T05:48:27.272+0000] {processor.py:914} INFO - Processing file /home/airflow/.local/lib/python3.12/site-packages/airflow/example_dags/example_sla_dag.py for tasks to queue
[2026-08-12T05:48:27.279+0000] {logging_mixin.py:190} INFO - [2026-08-12T05:48:27.278+0000] {dagbag.py:587} INFO - Filling up the DagBag from /home/airflow/.local/lib/python3.12/site-packages/airflow/example_dags/example_sla_dag.py
[2026-08-12T05:48:27.297+0000] {processor.py:925} INFO - DAG(s) 'example_sla_dag' retrieved from /home/airflow/.local/lib/python3.12/site-packages/airflow/example_dags/example_sla_dag.py
[2026-08-12T05:48:27.329+0000] {logging_mixin.py:190} INFO - [2026-08-12T05:48:27.329+0000] {dag.py:3211} INFO - Sync 1 DAGs
[2026-08-12T05:48:27.361+0000] {logging_mixin.py:190} INFO - [2026-08-12T05:48:27.360+0000] {dag.py:4138} INFO - Setting next_dagrun for example_sla_dag to 2026-08-12 05:46:00+00:00, run_after=2026-08-12 05:48:00+00:00
[2026-08-12T05:48:27.388+0000] {processor.py:208} INFO - Processing /home/airflow/.local/lib/python3.12/site-packages/airflow/example_dags/example_sla_dag.py took 0.141 seconds
[2026-08-12T05:48:57.768+0000] {processor.py:186} INFO - Started process (PID=9463) to work on /home/airflow/.local/lib/python3.12/site-packages/airflow/example_dags/example_sla_dag.py
[2026-08-12T05:48:57.772+0000] {processor.py:914} INFO - Processing file /home/airflow/.local/lib/python3.12/site-packages/airflow/example_dags/example_sla_dag.py for tasks to queue
[2026-08-12T05:48:57.779+0000] {logging_mixin.py:190} INFO - [2026-08-12T05:48:57.779+0000] {dagbag.py:587} INFO - Filling up the DagBag from /home/airflow/.local/lib/python3.12/site-packages/airflow/example_dags/example_sla_dag.py
[2026-08-12T05:48:57.793+0000] {processor.py:925} INFO - DAG(s) 'example_sla_dag' retrieved from /home/airflow/.local/lib/python3.12/site-packages/airflow/example_dags/example_sla_dag.py
[2026-08-12T05:48:57.815+0000] {logging_mixin.py:190} INFO - [2026-08-12T05:48:57.815+0000] {dag.py:3211} INFO - Sync 1 DAGs
[2026-08-12T05:48:57.844+0000] {logging_mixin.py:190} INFO - [2026-08-12T05:48:57.844+0000] {dag.py:4138} INFO - Setting next_dagrun for example_sla_dag to 2026-08-12 05:46:00+00:00, run_after=2026-08-12 05:48:00+00:00
[2026-08-12T05:48:57.868+0000] {processor.py:208} INFO - Processing /home/airflow/.local/lib/python3.12/site-packages/airflow/example_dags/example_sla_dag.py took 0.112 seconds
[2026-08-12T05:49:28.202+0000] {processor.py:186} INFO - Started process (PID=9526) to work on /home/airflow/.local/lib/python3.12/site-packages/airflow/example_dags/example_sla_dag.py
[2026-08-12T05:49:28.205+0000] {processor.py:914} INFO - Processing file /home/airflow/.local/lib/python3.12/site-packages/airflow/example_dags/example_sla_dag.py for tasks to queue
[2026-08-12T05:49:28.210+0000] {logging_mixin.py:190} INFO - [2026-08-12T05:49:28.209+0000] {dagbag.py:587} INFO - Filling up the DagBag from /home/airflow/.local/lib/python3.12/site-packages/airflow/example_dags/example_sla_dag.py
[2026-08-12T05:49:28.222+0000] {processor.py:925} INFO - DAG(s) 'example_sla_dag' retrieved from /home/airflow/.local/lib/python3.12/site-packages/airflow/example_dags/example_sla_dag.py
[2026-08-12T05:49:28.244+0000] {logging_mixin.py:190} INFO - [2026-08-12T05:49:28.244+0000] {dag.py:3211} INFO - Sync 1 DAGs
[2026-08-12T05:49:28.273+0000] {logging_mixin.py:190} INFO - [2026-08-12T05:49:28.273+0000] {dag.py:4138} INFO - Setting next_dagrun for example_sla_dag to 2026-08-12 05:46:00+00:00, run_after=2026-08-12 05:48:00+00:00
[2026-08-12T05:49:28.297+0000] {processor.py:208} INFO - Processing /home/airflow/.local/lib/python3.12/site-packages/airflow/example_dags/example_sla_dag.py took 0.101 seconds
[2026-08-12T05:49:58.856+0000] {processor.py:186} INFO - Started process (PID=9590) to work on /home/airflow/.local/lib/python3.12/site-packages/airflow/example_dags/example_sla_dag.py
[2026-08-12T05:49:58.858+0000] {processor.py:914} INFO - Processing file /home/airflow/.local/lib/python3.12/site-packages/airflow/example_dags/example_sla_dag.py for tasks to queue
[2026-08-12T05:49:58.863+0000] {logging_mixin.py:190} INFO - [2026-08-12T05:49:58.862+0000] {dagbag.py:587} INFO - Filling up the DagBag from /home/airflow/.local/lib/python3.12/site-packages/airflow/example_dags/example_sla_dag.py
[2026-08-12T05:49:58.878+0000] {processor.py:925} INFO - DAG(s) 'example_sla_dag' retrieved from /home/airflow/.local/lib/python3.12/site-packages/airflow/example_dags/example_sla_dag.py
[2026-08-12T05:49:58.902+0000] {logging_mixin.py:190} INFO - [2026-08-12T05:49:58.902+0000] {dag.py:3211} INFO - Sync 1 DAGs
[2026-08-12T05:49:58.932+0000] {logging_mixin.py:190} INFO - [2026-08-12T05:49:58.931+0000] {dag.py:4138} INFO - Setting next_dagrun for example_sla_dag to 2026-08-12 05:46:00+00:00, run_after=2026-08-12 05:48:00+00:00
[2026-08-12T05:49:58.953+0000] {processor.py:208} INFO - Processing /home/airflow/.local/lib/python3.12/site-packages/airflow/example_dags/example_sla_dag.py took 0.105 seconds
[2026-08-12T05:50:29.287+0000] {processor.py:186} INFO - Started process (PID=9653) to work on /home/airflow/.local/lib/python3.12/site-packages/airflow/example_dags/example_sla_dag.py
[2026-08-12T05:50:29.290+0000] {processor.py:914} INFO - Processing file /home/airflow/.local/lib/python3.12/site-packages/airflow/example_dags/example_sla_dag.py for tasks to queue
[2026-08-12T05:50:29.296+0000] {logging_mixin.py:190} INFO - [2026-08-12T05:50:29.296+0000] {dagbag.py:587} INFO - Filling up the DagBag from /home/airflow/.local/lib/python3.12/site-packages/airflow/example_dags/example_sla_dag.py
[2026-08-12T05:50:29.319+0000] {processor.py:925} INFO - DAG(s) 'example_sla_dag' retrieved from /home/airflow/.local/lib/python3.12/site-packages/airflow/example_dags/example_sla_dag.py
[2026-08-12T05:50:29.353+0000] {logging_mixin.py:190} INFO - [2026-08-12T05:50:29.353+0000] {dag.py:3211} INFO - Sync 1 DAGs
[2026-08-12T05:50:29.384+0000] {logging_mixin.py:190} INFO - [2026-08-12T05:50:29.384+0000] {dag.py:4138} INFO - Setting next_dagrun for example_sla_dag to 2026-08-12 05:48:00+00:00, run_after=2026-08-12 05:50:00+00:00
[2026-08-12T05:50:29.408+0000] {processor.py:208} INFO - Processing /home/airflow/.local/lib/python3.12/site-packages/airflow/example_dags/example_sla_dag.py took 0.128 seconds
[2026-08-12T05:50:59.581+0000] {processor.py:186} INFO - Started process (PID=9716) to work on /home/airflow/.local/lib/python3.12/site-packages/airflow/example_dags/example_sla_dag.py
[2026-08-12T05:50:59.584+0000] {processor.py:914} INFO - Processing file /home/airflow/.local/lib/python3.12/site-packages/airflow/example_dags/example_sla_dag.py for tasks to queue
[2026-08-12T05:50:59.589+0000] {logging_mixin.py:190} INFO - [2026-08-12T05:50:59.589+0000] {dagbag.py:587} INFO - Filling up the DagBag from /home/airflow/.local/lib/python3.12/site-packages/airflow/example_dags/example_sla_dag.py
[2026-08-12T05:50:59.607+0000] {processor.py:925} INFO - DAG(s) 'example_sla_dag' retrieved from /home/airflow/.local/lib/python3.12/site-packages/airflow/example_dags/example_sla_dag.py
[2026-08-12T05:50:59.636+0000] {logging_mixin.py:190} INFO - [2026-08-12T05:50:59.636+0000] {dag.py:3211} INFO - Sync 1 DAGs
[2026-08-12T05:50:59.663+0000] {logging_mixin.py:190} INFO - [2026-08-12T05:50:59.663+0000] {dag.py:4138} INFO - Setting next_dagrun for example_sla_dag to 2026-08-12 05:48:00+00:00, run_after=2026-08-12 05:50:00+00:00
[2026-08-12T05:50:59.683+0000] {processor.py:208} INFO - Processing /home/airflow/.local/lib/python3.12/site-packages/airflow/example_dags/example_sla_dag.py took 0.109 seconds
[2026-08-12T05:51:30.464+0000] {processor.py:186} INFO - Started process (PID=9779) to work on /home/airflow/.local/lib/python3.12/site-packages/airflow/example_dags/example_sla_dag.py
[2026-08-12T05:51:30.467+0000] {processor.py:914} INFO - Processing file /home/airflow/.local/lib/python3.12/site-packages/airflow/example_dags/example_sla_dag.py for tasks to queue
[2026-08-12T05:51:30.474+0000] {logging_mixin.py:190} INFO - [2026-08-12T05:51:30.473+0000] {dagbag.py:587} INFO - Filling up the DagBag from /home/airflow/.local/lib/python3.12/site-packages/airflow/example_dags/example_sla_dag.py
[2026-08-12T05:51:30.491+0000] {processor.py:925} INFO - DAG(s) 'example_sla_dag' retrieved from /home/airflow/.local/lib/python3.12/site-packages/airflow/example_dags/example_sla_dag.py
[2026-08-12T05:51:30.521+0000] {logging_mixin.py:190} INFO - [2026-08-12T05:51:30.521+0000] {dag.py:3211} INFO - Sync 1 DAGs
[2026-08-12T05:51:30.558+0000] {logging_mixin.py:190} INFO - [2026-08-12T05:51:30.557+0000] {dag.py:4138} INFO - Setting next_dagrun for example_sla_dag to 2026-08-12 05:48:00+00:00, run_after=2026-08-12 05:50:00+00:00
[2026-08-12T05:51:30.586+0000] {processor.py:208} INFO - Processing /home/airflow/.local/lib/python3.12/site-packages/airflow/example_dags/example_sla_dag.py took 0.131 seconds
[2026-08-12T05:52:00.758+0000] {processor.py:186} INFO - Started process (PID=9842) to work on /home/airflow/.local/lib/python3.12/site-packages/airflow/example_dags/example_sla_dag.py
[2026-08-12T05:52:00.762+0000] {processor.py:914} INFO - Processing file /home/airflow/.local/lib/python3.12/site-packages/airflow/example_dags/example_sla_dag.py for tasks to queue
[2026-08-12T05:52:00.767+0000] {logging_mixin.py:190} INFO - [2026-08-12T05:52:00.767+0000] {dagbag.py:587} INFO - Filling up the DagBag from /home/airflow/.local/lib/python3.12/site-packages/airflow/example_dags/example_sla_dag.py
[2026-08-12T05:52:00.786+0000] {processor.py:925} INFO - DAG(s) 'example_sla_dag' retrieved from /home/airflow/.local/lib/python3.12/site-packages/airflow/example_dags/example_sla_dag.py
[2026-08-12T05:52:00.811+0000] {logging_mixin.py:190} INFO - [2026-08-12T05:52:00.810+0000] {dag.py:3211} INFO - Sync 1 DAGs
[2026-08-12T05:52:00.837+0000] {logging_mixin.py:190} INFO - [2026-08-12T05:52:00.837+0000] {dag.py:4138} INFO - Setting next_dagrun for example_sla_dag to 2026-08-12 05:50:00+00:00, run_after=2026-08-12 05:52:00+00:00
[2026-08-12T05:52:00.857+0000] {processor.py:208} INFO - Processing /home/airflow/.local/lib/python3.12/site-packages/airflow/example_dags/example_sla_dag.py took 0.106 seconds
[2026-08-12T05:52:31.492+0000] {processor.py:186} INFO - Started process (PID=9905) to work on /home/airflow/.local/lib/python3.12/site-packages/airflow/example_dags/example_sla_dag.py
[2026-08-12T05:52:31.495+0000] {processor.py:914} INFO - Processing file /home/airflow/.local/lib/python3.12/site-packages/airflow/example_dags/example_sla_dag.py for tasks to queue
[2026-08-12T05:52:31.499+0000] {logging_mixin.py:190} INFO - [2026-08-12T05:52:31.498+0000] {dagbag.py:587} INFO - Filling up the DagBag from /home/airflow/.local/lib/python3.12/site-packages/airflow/example_dags/example_sla_dag.py
[2026-08-12T05:52:31.521+0000] {processor.py:925} INFO - DAG(s) 'example_sla_dag' retrieved from /home/airflow/.local/lib/python3.12/site-packages/airflow/example_dags/example_sla_dag.py
[2026-08-12T05:52:31.546+0000] {logging_mixin.py:190} INFO - [2026-08-12T05:52:31.546+0000] {dag.py:3211} INFO - Sync 1 DAGs
[2026-08-12T05:52:31.573+0000] {logging_mixin.py:190} INFO - [2026-08-12T05:52:31.573+0000] {dag.py:4138} INFO - Setting next_dagrun for example_sla_dag to 2026-08-12 05:50:00+00:00, run_after=2026-08-12 05:52:00+00:00
[2026-08-12T05:52:31.595+0000] {processor.py:208} INFO - Processing /home/airflow/.local/lib/python3.12/site-packages/airflow/example_dags/example_sla_dag.py took 0.112 seconds
[2026-08-12T05:53:01.762+0000] {processor.py:186} INFO - Started process (PID=9968) to work on /home/airflow/.local/lib/python3.12/site-packages/airflow/example_dags/example_sla_dag.py
[2026-08-12T05:53:01.765+0000] {processor.py:914} INFO - Processing file /home/airflow/.local/lib/python3.12/site-packages/airflow/example_dags/example_sla_dag.py for tasks to queue
[2026-08-12T05:53:01.769+0000] {logging_mixin.py:190} INFO - [2026-08-12T05:53:01.769+0000] {dagbag.py:587} INFO - Filling up the DagBag from /home/airflow/.local/lib/python3.12/site-packages/airflow/example_dags/example_sla_dag.py
[2026-08-12T05:53:01.784+0000] {processor.py:925} INFO - DAG(s) 'example_sla_dag' retrieved from /home/airflow/.local/lib/python3.12/site-packages/airflow/example_dags/example_sla_dag.py
[2026-08-12T05:53:01.811+0000] {logging_mixin.py:190} INFO - [2026-08-12T05:53:01.811+0000] {dag.py:3211} INFO - Sync 1 DAGs
[2026-08-12T05:53:01.845+0000] {logging_mixin.py:190} INFO - [2026-08-12T05:53:01.845+0000] {dag.py:4138} INFO - Setting next_dagrun for example_sla_dag to 2026-08-12 05:50:00+00:00, run_after=2026-08-12 05:52:00+00:00
[2026-08-12T05:53:01.868+0000] {processor.py:208} INFO - Processing /home/airflow/.local/lib/python3.12/site-packages/airflow/example_dags/example_sla_dag.py took 0.114 seconds
[2026-08-12T05:53:32.563+0000] {processor.py:186} INFO - Started process (PID=10031) to work on /home/airflow/.local/lib/python3.12/site-packages/airflow/example_dags/example_sla_dag.py
[2026-08-12T05:53:32.566+0000] {processor.py:914} INFO - Processing file /home/airflow/.local/lib/python3.12/site-packages/airflow/example_dags/example_sla_dag.py for tasks to queue
[2026-08-12T05:53:32.573+0000] {logging_mixin.py:190} INFO - [2026-08-12T05:53:32.572+0000] {dagbag.py:587} INFO - Filling up the DagBag from /home/airflow/.local/lib/python3.12/site-packages/airflow/example_dags/example_sla_dag.py
[2026-08-12T05:53:32.591+0000] {processor.py:925} INFO - DAG(s) 'example_sla_dag' retrieved from /home/airflow/.local/lib/python3.12/site-packages/airflow/example_dags/example_sla_dag.py
[2026-08-12T05:53:32.617+0000] {logging_mixin.py:190} INFO - [2026-08-12T05:53:32.617+0000] {dag.py:3211} INFO - Sync 1 DAGs
[2026-08-12T05:53:32.644+0000] {logging_mixin.py:190} INFO - [2026-08-12T05:53:32.644+0000] {dag.py:4138} INFO - Setting next_dagrun for example_sla_dag to 2026-08-12 05:50:00+00:00, run_after=2026-08-12 05:52:00+00:00
[2026-08-12T05:53:32.666+0000] {processor.py:208} INFO - Processing /home/airflow/.local/lib/python3.12/site-packages/airflow/example_dags/example_sla_dag.py took 0.115 seconds
[2026-08-12T05:54:02.935+0000] {processor.py:186} INFO - Started process (PID=10094) to work on /home/airflow/.local/lib/python3.12/site-packages/airflow/example_dags/example_sla_dag.py
[2026-08-12T05:54:02.938+0000] {processor.py:914} INFO - Processing file /home/airflow/.local/lib/python3.12/site-packages/airflow/example_dags/example_sla_dag.py for tasks to queue
[2026-08-12T05:54:02.944+0000] {logging_mixin.py:190} INFO - [2026-08-12T05:54:02.943+0000] {dagbag.py:587} INFO - Filling up the DagBag from /home/airflow/.local/lib/python3.12/site-packages/airflow/example_dags/example_sla_dag.py
[2026-08-12T05:54:02.960+0000] {processor.py:925} INFO - DAG(s) 'example_sla_dag' retrieved from /home/airflow/.local/lib/python3.12/site-packages/airflow/example_dags/example_sla_dag.py
[2026-08-12T05:54:02.983+0000] {logging_mixin.py:190} INFO - [2026-08-12T05:54:02.983+0000] {dag.py:3211} INFO - Sync 1 DAGs
[2026-08-12T05:54:03.011+0000] {logging_mixin.py:190} INFO - [2026-08-12T05:54:03.011+0000] {dag.py:4138} INFO - Setting next_dagrun for example_sla_dag to 2026-08-12 05:52:00+00:00, run_after=2026-08-12 05:54:00+00:00
[2026-08-12T05:54:03.032+0000] {processor.py:208} INFO - Processing /home/airflow/.local/lib/python3.12/site-packages/airflow/example_dags/example_sla_dag.py took 0.106 seconds
[2026-08-12T05:54:33.574+0000] {processor.py:186} INFO - Started process (PID=10157) to work on /home/airflow/.local/lib/python3.12/site-packages/airflow/example_dags/example_sla_dag.py
[2026-08-12T05:54:33.577+0000] {processor.py:914} INFO - Processing file /home/airflow/.local/lib/python3.12/site-packages/airflow/example_dags/example_sla_dag.py for tasks to queue
[2026-08-12T05:54:33.581+0000] {logging_mixin.py:190} INFO - [2026-08-12T05:54:33.581+0000] {dagbag.py:587} INFO - Filling up the DagBag from /home/airflow/.local/lib/python3.12/site-packages/airflow/example_dags/example_sla_dag.py
[2026-08-12T05:54:33.596+0000] {processor.py:925} INFO - DAG(s) 'example_sla_dag' retrieved from /home/airflow/.local/lib/python3.12/site-packages/airflow/example_dags/example_sla_dag.py
[2026-08-12T05:54:33.619+0000] {logging_mixin.py:190} INFO - [2026-08-12T05:54:33.619+0000] {dag.py:3211} INFO - Sync 1 DAGs
[2026-08-12T05:54:33.856+0000] {logging_mixin.py:190} INFO - [2026-08-12T05:54:33.856+0000] {dag.py:4138} INFO - Setting next_dagrun for example_sla_dag to 2026-08-12 05:52:00+00:00, run_after=2026-08-12 05:54:00+00:00
[2026-08-12T05:54:33.890+0000] {processor.py:208} INFO - Processing /home/airflow/.local/lib/python3.12/site-packages/airflow/example_dags/example_sla_dag.py took 0.325 seconds
[2026-08-12T05:55:04.591+0000] {processor.py:186} INFO - Started process (PID=10220) to work on /home/airflow/.local/lib/python3.12/site-packages/airflow/example_dags/example_sla_dag.py
[2026-08-12T05:55:04.594+0000] {processor.py:914} INFO - Processing file /home/airflow/.local/lib/python3.12/site-packages/airflow/example_dags/example_sla_dag.py for tasks to queue
[2026-08-12T05:55:04.598+0000] {logging_mixin.py:190} INFO - [2026-08-12T05:55:04.597+0000] {dagbag.py:587} INFO - Filling up the DagBag from /home/airflow/.local/lib/python3.12/site-packages/airflow/example_dags/example_sla_dag.py
[2026-08-12T05:55:04.611+0000] {processor.py:925} INFO - DAG(s) 'example_sla_dag' retrieved from /home/airflow/.local/lib/python3.12/site-packages/airflow/example_dags/example_sla_dag.py
[2026-08-12T05:55:04.636+0000] {logging_mixin.py:190} INFO - [2026-08-12T05:55:04.635+0000] {dag.py:3211} INFO - Sync 1 DAGs
[2026-08-12T05:55:04.663+0000] {logging_mixin.py:190} INFO - [2026-08-12T05:55:04.663+0000] {dag.py:4138} INFO - Setting next_dagrun for example_sla_dag to 2026-08-12 05:52:00+00:00, run_after=2026-08-12 05:54:00+00:00
[2026-08-12T05:55:04.870+0000] {processor.py:208} INFO - Processing /home/airflow/.local/lib/python3.12/site-packages/airflow/example_dags/example_sla_dag.py took 0.284 seconds
[2026-08-12T05:55:35.351+0000] {processor.py:186} INFO - Started process (PID=10283) to work on /home/airflow/.local/lib/python3.12/site-packages/airflow/example_dags/example_sla_dag.py
[2026-08-12T05:55:35.353+0000] {processor.py:914} INFO - Processing file /home/airflow/.local/lib/python3.12/site-packages/airflow/example_dags/example_sla_dag.py for tasks to queue
[2026-08-12T05:55:35.360+0000] {logging_mixin.py:190} INFO - [2026-08-12T05:55:35.359+0000] {dagbag.py:587} INFO - Filling up the DagBag from /home/airflow/.local/lib/python3.12/site-packages/airflow/example_dags/example_sla_dag.py
[2026-08-12T05:55:35.377+0000] {processor.py:925} INFO - DAG(s) 'example_sla_dag' retrieved from /home/airflow/.local/lib/python3.12/site-packages/airflow/example_dags/example_sla_dag.py
[2026-08-12T05:55:35.405+0000] {logging_mixin.py:190} INFO - [2026-08-12T05:55:35.405+0000] {dag.py:3211} INFO - Sync 1 DAGs
[2026-08-12T05:55:35.436+0000] {logging_mixin.py:190} INFO - [2026-08-12T05:55:35.435+0000] {dag.py:4138} INFO - Setting next_dagrun for example_sla_dag to 2026-08-12 05:52:00+00:00, run_after=2026-08-12 05:54:00+00:00
[2026-08-12T05:55:35.463+0000] {processor.py:208} INFO - Processing /home/airflow/.local/lib/python3.12/site-packages/airflow/example_dags/example_sla_dag.py took 0.121 seconds
[2026-08-12T05:56:05.887+0000] {processor.py:186} INFO - Started process (PID=10346) to work on /home/airflow/.local/lib/python3.12/site-packages/airflow/example_dags/example_sla_dag.py
[2026-08-12T05:56:05.890+0000] {processor.py:914} INFO - Processing file /home/airflow/.local/lib/python3.12/site-packages/airflow/example_dags/example_sla_dag.py for tasks to queue
[2026-08-12T05:56:05.895+0000] {logging_mixin.py:190} INFO - [2026-08-12T05:56:05.895+0000] {dagbag.py:587} INFO - Filling up the DagBag from /home/airflow/.local/lib/python3.12/site-packages/airflow/example_dags/example_sla_dag.py
[2026-08-12T05:56:05.907+0000] {processor.py:925} INFO - DAG(s) 'example_sla_dag' retrieved from /home/airflow/.local/lib/python3.12/site-packages/airflow/example_dags/example_sla_dag.py
[2026-08-12T05:56:05.931+0000] {logging_mixin.py:190} INFO - [2026-08-12T05:56:05.931+0000] {dag.py:3211} INFO - Sync 1 DAGs
[2026-08-12T05:56:05.957+0000] {logging_mixin.py:190} INFO - [2026-08-12T05:56:05.956+0000] {dag.py:4138} INFO - Setting next_dagrun for example_sla_dag to 2026-08-12 05:54:00+00:00, run_after=2026-08-12 05:56:00+00:00
[2026-08-12T05:56:05.981+0000] {processor.py:208} INFO - Processing /home/airflow/.local/lib/python3.12/site-packages/airflow/example_dags/example_sla_dag.py took 0.099 seconds
[2026-08-12T05:56:36.788+0000] {processor.py:186} INFO - Started process (PID=10416) to work on /home/airflow/.local/lib/python3.12/site-packages/airflow/example_dags/example_sla_dag.py
[2026-08-12T05:56:36.791+0000] {processor.py:914} INFO - Processing file /home/airflow/.local/lib/python3.12/site-packages/airflow/example_dags/example_sla_dag.py for tasks to queue
[2026-08-12T05:56:36.797+0000] {logging_mixin.py:190} INFO - [2026-08-12T05:56:36.797+0000] {dagbag.py:587} INFO - Filling up the DagBag from /home/airflow/.local/lib/python3.12/site-packages/airflow/example_dags/example_sla_dag.py
[2026-08-12T05:56:36.825+0000] {processor.py:925} INFO - DAG(s) 'example_sla_dag' retrieved from /home/airflow/.local/lib/python3.12/site-packages/airflow/example_dags/example_sla_dag.py
[2026-08-12T05:56:37.046+0000] {logging_mixin.py:190} INFO - [2026-08-12T05:56:37.046+0000] {dag.py:3211} INFO - Sync 1 DAGs
[2026-08-12T05:56:37.082+0000] {logging_mixin.py:190} INFO - [2026-08-12T05:56:37.082+0000] {dag.py:4138} INFO - Setting next_dagrun for example_sla_dag to 2026-08-12 05:54:00+00:00, run_after=2026-08-12 05:56:00+00:00
[2026-08-12T05:56:37.104+0000] {processor.py:208} INFO - Processing /home/airflow/.local/lib/python3.12/site-packages/airflow/example_dags/example_sla_dag.py took 0.328 seconds
[2026-08-12T05:57:07.612+0000] {processor.py:186} INFO - Started process (PID=10480) to work on /home/airflow/.local/lib/python3.12/site-packages/airflow/example_dags/example_sla_dag.py
[2026-08-12T05:57:07.615+0000] {processor.py:914} INFO - Processing file /home/airflow/.local/lib/python3.12/site-packages/airflow/example_dags/example_sla_dag.py for tasks to queue
[2026-08-12T05:57:07.619+0000] {logging_mixin.py:190} INFO - [2026-08-12T05:57:07.618+0000] {dagbag.py:587} INFO - Filling up the DagBag from /home/airflow/.local/lib/python3.12/site-packages/airflow/example_dags/example_sla_dag.py
[2026-08-12T05:57:07.636+0000] {processor.py:925} INFO - DAG(s) 'example_sla_dag' retrieved from /home/airflow/.local/lib/python3.12/site-packages/airflow/example_dags/example_sla_dag.py
[2026-08-12T05:57:07.671+0000] {logging_mixin.py:190} INFO - [2026-08-12T05:57:07.671+0000] {dag.py:3211} INFO - Sync 1 DAGs
[2026-08-12T05:57:07.865+0000] {logging_mixin.py:190} INFO - [2026-08-12T05:57:07.864+0000] {dag.py:4138} INFO - Setting next_dagrun for example_sla_dag to 2026-08-12 05:54:00+00:00, run_after=2026-08-12 05:56:00+00:00
[2026-08-12T05:57:07.889+0000] {processor.py:208} INFO - Processing /home/airflow/.local/lib/python3.12/site-packages/airflow/example_dags/example_sla_dag.py took 0.286 seconds
[2026-08-12T05:57:38.225+0000] {processor.py:186} INFO - Started process (PID=10543) to work on /home/airflow/.local/lib/python3.12/site-packages/airflow/example_dags/example_sla_dag.py
[2026-08-12T05:57:38.227+0000] {processor.py:914} INFO - Processing file /home/airflow/.local/lib/python3.12/site-packages/airflow/example_dags/example_sla_dag.py for tasks to queue
[2026-08-12T05:57:38.235+0000] {logging_mixin.py:190} INFO - [2026-08-12T05:57:38.234+0000] {dagbag.py:587} INFO - Filling up the DagBag from /home/airflow/.local/lib/python3.12/site-packages/airflow/example_dags/example_sla_dag.py
[2026-08-12T05:57:38.254+0000] {processor.py:925} INFO - DAG(s) 'example_sla_dag' retrieved from /home/airflow/.local/lib/python3.12/site-packages/airflow/example_dags/example_sla_dag.py
[2026-08-12T05:57:38.277+0000] {logging_mixin.py:190} INFO - [2026-08-12T05:57:38.277+0000] {dag.py:3211} INFO - Sync 1 DAGs
[2026-08-12T05:57:38.306+0000] {logging_mixin.py:190} INFO - [2026-08-12T05:57:38.306+0000] {dag.py:4138} INFO - Setting next_dagrun for example_sla_dag to 2026-08-12 05:54:00+00:00, run_after=2026-08-12 05:56:00+00:00
[2026-08-12T05:57:38.338+0000] {processor.py:208} INFO - Processing /home/airflow/.local/lib/python3.12/site-packages/airflow/example_dags/example_sla_dag.py took 0.126 seconds
[2026-08-12T05:58:09.134+0000] {processor.py:186} INFO - Started process (PID=10606) to work on /home/airflow/.local/lib/python3.12/site-packages/airflow/example_dags/example_sla_dag.py
[2026-08-12T05:58:09.137+0000] {processor.py:914} INFO - Processing file /home/airflow/.local/lib/python3.12/site-packages/airflow/example_dags/example_sla_dag.py for tasks to queue
[2026-08-12T05:58:09.142+0000] {logging_mixin.py:190} INFO - [2026-08-12T05:58:09.141+0000] {dagbag.py:587} INFO - Filling up the DagBag from /home/airflow/.local/lib/python3.12/site-packages/airflow/example_dags/example_sla_dag.py
[2026-08-12T05:58:09.154+0000] {processor.py:925} INFO - DAG(s) 'example_sla_dag' retrieved from /home/airflow/.local/lib/python3.12/site-packages/airflow/example_dags/example_sla_dag.py
[2026-08-12T05:58:09.175+0000] {logging_mixin.py:190} INFO - [2026-08-12T05:58:09.174+0000] {dag.py:3211} INFO - Sync 1 DAGs
[2026-08-12T05:58:09.200+0000] {logging_mixin.py:190} INFO - [2026-08-12T05:58:09.200+0000] {dag.py:4138} INFO - Setting next_dagrun for example_sla_dag to 2026-08-12 05:56:00+00:00, run_after=2026-08-12 05:58:00+00:00
[2026-08-12T05:58:09.231+0000] {processor.py:208} INFO - Processing /home/airflow/.local/lib/python3.12/site-packages/airflow/example_dags/example_sla_dag.py took 0.103 seconds
[2026-08-12T05:58:39.683+0000] {processor.py:186} INFO - Started process (PID=10669) to work on /home/airflow/.local/lib/python3.12/site-packages/airflow/example_dags/example_sla_dag.py
[2026-08-12T05:58:39.686+0000] {processor.py:914} INFO - Processing file /home/airflow/.local/lib/python3.12/site-packages/airflow/example_dags/example_sla_dag.py for tasks to queue
[2026-08-12T05:58:39.691+0000] {logging_mixin.py:190} INFO - [2026-08-12T05:58:39.691+0000] {dagbag.py:587} INFO - Filling up the DagBag from /home/airflow/.local/lib/python3.12/site-packages/airflow/example_dags/example_sla_dag.py
[2026-08-12T05:58:39.718+0000] {processor.py:925} INFO - DAG(s) 'example_sla_dag' retrieved from /home/airflow/.local/lib/python3.12/site-packages/airflow/example_dags/example_sla_dag.py
[2026-08-12T05:58:39.745+0000] {logging_mixin.py:190} INFO - [2026-08-12T05:58:39.745+0000] {dag.py:3211} INFO - Sync 1 DAGs
[2026-08-12T05:58:39.777+0000] {logging_mixin.py:190} INFO - [2026-08-12T05:58:39.777+0000] {dag.py:4138} INFO - Setting next_dagrun for example_sla_dag to 2026-08-12 05:56:00+00:00, run_after=2026-08-12 05:58:00+00:00
[2026-08-12T05:58:39.800+0000] {processor.py:208} INFO - Processing /home/airflow/.local/lib/python3.12/site-packages/airflow/example_dags/example_sla_dag.py took 0.129 seconds
[2026-08-12T05:59:10.232+0000] {processor.py:186} INFO - Started process (PID=10732) to work on /home/airflow/.local/lib/python3.12/site-packages/airflow/example_dags/example_sla_dag.py
[2026-08-12T05:59:10.236+0000] {processor.py:914} INFO - Processing file /home/airflow/.local/lib/python3.12/site-packages/airflow/example_dags/example_sla_dag.py for tasks to queue
[2026-08-12T05:59:10.240+0000] {logging_mixin.py:190} INFO - [2026-08-12T05:59:10.239+0000] {dagbag.py:587} INFO - Filling up the DagBag from /home/airflow/.local/lib/python3.12/site-packages/airflow/example_dags/example_sla_dag.py
[2026-08-12T05:59:10.257+0000] {processor.py:925} INFO - DAG(s) 'example_sla_dag' retrieved from /home/airflow/.local/lib/python3.12/site-packages/airflow/example_dags/example_sla_dag.py
[2026-08-12T05:59:10.285+0000] {logging_mixin.py:190} INFO - [2026-08-12T05:59:10.284+0000] {dag.py:3211} INFO - Sync 1 DAGs
[2026-08-12T05:59:10.317+0000] {logging_mixin.py:190} INFO - [2026-08-12T05:59:10.316+0000] {dag.py:4138} INFO - Setting next_dagrun for example_sla_dag to 2026-08-12 05:56:00+00:00, run_after=2026-08-12 05:58:00+00:00
[2026-08-12T05:59:10.340+0000] {processor.py:208} INFO - Processing /home/airflow/.local/lib/python3.12/site-packages/airflow/example_dags/example_sla_dag.py took 0.116 seconds
[2026-08-12T05:59:40.660+0000] {processor.py:186} INFO - Started process (PID=10795) to work on /home/airflow/.local/lib/python3.12/site-packages/airflow/example_dags/example_sla_dag.py
[2026-08-12T05:59:40.662+0000] {processor.py:914} INFO - Processing file /home/airflow/.local/lib/python3.12/site-packages/airflow/example_dags/example_sla_dag.py for tasks to queue
[2026-08-12T05:59:40.666+0000] {logging_mixin.py:190} INFO - [2026-08-12T05:59:40.666+0000] {dagbag.py:587} INFO - Filling up the DagBag from /home/airflow/.local/lib/python3.12/site-packages/airflow/example_dags/example_sla_dag.py
[2026-08-12T05:59:40.683+0000] {processor.py:925} INFO - DAG(s) 'example_sla_dag' retrieved from /home/airflow/.local/lib/python3.12/site-packages/airflow/example_dags/example_sla_dag.py
[2026-08-12T05:59:40.706+0000] {logging_mixin.py:190} INFO - [2026-08-12T05:59:40.706+0000] {dag.py:3211} INFO - Sync 1 DAGs
[2026-08-12T05:59:40.733+0000] {logging_mixin.py:190} INFO - [2026-08-12T05:59:40.733+0000] {dag.py:4138} INFO - Setting next_dagrun for example_sla_dag to 2026-08-12 05:56:00+00:00, run_after=2026-08-12 05:58:00+00:00
[2026-08-12T05:59:40.758+0000] {processor.py:208} INFO - Processing /home/airflow/.local/lib/python3.12/site-packages/airflow/example_dags/example_sla_dag.py took 0.105 seconds
[2026-08-12T06:00:11.309+0000] {processor.py:186} INFO - Started process (PID=10858) to work on /home/airflow/.local/lib/python3.12/site-packages/airflow/example_dags/example_sla_dag.py
[2026-08-12T06:00:11.312+0000] {processor.py:914} INFO - Processing file /home/airflow/.local/lib/python3.12/site-packages/airflow/example_dags/example_sla_dag.py for tasks to queue
[2026-08-12T06:00:11.317+0000] {logging_mixin.py:190} INFO - [2026-08-12T06:00:11.316+0000] {dagbag.py:587} INFO - Filling up the DagBag from /home/airflow/.local/lib/python3.12/site-packages/airflow/example_dags/example_sla_dag.py
[2026-08-12T06:00:11.336+0000] {processor.py:925} INFO - DAG(s) 'example_sla_dag' retrieved from /home/airflow/.local/lib/python3.12/site-packages/airflow/example_dags/example_sla_dag.py
[2026-08-12T06:00:11.368+0000] {logging_mixin.py:190} INFO - [2026-08-12T06:00:11.368+0000] {dag.py:3211} INFO - Sync 1 DAGs
[2026-08-12T06:00:11.409+0000] {logging_mixin.py:190} INFO - [2026-08-12T06:00:11.409+0000] {dag.py:4138} INFO - Setting next_dagrun for example_sla_dag to 2026-08-12 05:58:00+00:00, run_after=2026-08-12 06:00:00+00:00
[2026-08-12T06:00:11.449+0000] {processor.py:208} INFO - Processing /home/airflow/.local/lib/python3.12/site-packages/airflow/example_dags/example_sla_dag.py took 0.147 seconds
[2026-08-12T06:00:42.111+0000] {processor.py:186} INFO - Started process (PID=10921) to work on /home/airflow/.local/lib/python3.12/site-packages/airflow/example_dags/example_sla_dag.py
[2026-08-12T06:00:42.114+0000] {processor.py:914} INFO - Processing file /home/airflow/.local/lib/python3.12/site-packages/airflow/example_dags/example_sla_dag.py for tasks to queue
[2026-08-12T06:00:42.122+0000] {logging_mixin.py:190} INFO - [2026-08-12T06:00:42.121+0000] {dagbag.py:587} INFO - Filling up the DagBag from /home/airflow/.local/lib/python3.12/site-packages/airflow/example_dags/example_sla_dag.py
[2026-08-12T06:00:42.147+0000] {processor.py:925} INFO - DAG(s) 'example_sla_dag' retrieved from /home/airflow/.local/lib/python3.12/site-packages/airflow/example_dags/example_sla_dag.py
[2026-08-12T06:00:42.197+0000] {logging_mixin.py:190} INFO - [2026-08-12T06:00:42.197+0000] {dag.py:3211} INFO - Sync 1 DAGs
[2026-08-12T06:00:42.230+0000] {logging_mixin.py:190} INFO - [2026-08-12T06:00:42.229+0000] {dag.py:4138} INFO - Setting next_dagrun for example_sla_dag to 2026-08-12 05:58:00+00:00, run_after=2026-08-12 06:00:00+00:00
[2026-08-12T06:00:42.263+0000] {processor.py:208} INFO - Processing /home/airflow/.local/lib/python3.12/site-packages/airflow/example_dags/example_sla_dag.py took 0.165 seconds
[2026-08-12T06:01:12.888+0000] {processor.py:186} INFO - Started process (PID=10984) to work on /home/airflow/.local/lib/python3.12/site-packages/airflow/example_dags/example_sla_dag.py
[2026-08-12T06:01:12.892+0000] {processor.py:914} INFO - Processing file /home/airflow/.local/lib/python3.12/site-packages/airflow/example_dags/example_sla_dag.py for tasks to queue
[2026-08-12T06:01:12.897+0000] {logging_mixin.py:190} INFO - [2026-08-12T06:01:12.896+0000] {dagbag.py:587} INFO - Filling up the DagBag from /home/airflow/.local/lib/python3.12/site-packages/airflow/example_dags/example_sla_dag.py
[2026-08-12T06:01:12.919+0000] {processor.py:925} INFO - DAG(s) 'example_sla_dag' retrieved from /home/airflow/.local/lib/python3.12/site-packages/airflow/example_dags/example_sla_dag.py
[2026-08-12T06:01:12.949+0000] {logging_mixin.py:190} INFO - [2026-08-12T06:01:12.949+0000] {dag.py:3211} INFO - Sync 1 DAGs
[2026-08-12T06:01:12.978+0000] {logging_mixin.py:190} INFO - [2026-08-12T06:01:12.978+0000] {dag.py:4138} INFO - Setting next_dagrun for example_sla_dag to 2026-08-12 05:58:00+00:00, run_after=2026-08-12 06:00:00+00:00
[2026-08-12T06:01:12.999+0000] {processor.py:208} INFO - Processing /home/airflow/.local/lib/python3.12/site-packages/airflow/example_dags/example_sla_dag.py took 0.119 seconds
[2026-08-12T06:01:43.223+0000] {processor.py:186} INFO - Started process (PID=11047) to work on /home/airflow/.local/lib/python3.12/site-packages/airflow/example_dags/example_sla_dag.py
[2026-08-12T06:01:43.225+0000] {processor.py:914} INFO - Processing file /home/airflow/.local/lib/python3.12/site-packages/airflow/example_dags/example_sla_dag.py for tasks to queue
[2026-08-12T06:01:43.231+0000] {logging_mixin.py:190} INFO - [2026-08-12T06:01:43.231+0000] {dagbag.py:587} INFO - Filling up the DagBag from /home/airflow/.local/lib/python3.12/site-packages/airflow/example_dags/example_sla_dag.py
[2026-08-12T06:01:43.255+0000] {processor.py:925} INFO - DAG(s) 'example_sla_dag' retrieved from /home/airflow/.local/lib/python3.12/site-packages/airflow/example_dags/example_sla_dag.py
[2026-08-12T06:01:43.281+0000] {logging_mixin.py:190} INFO - [2026-08-12T06:01:43.281+0000] {dag.py:3211} INFO - Sync 1 DAGs
[2026-08-12T06:01:43.315+0000] {logging_mixin.py:190} INFO - [2026-08-12T06:01:43.314+0000] {dag.py:4138} INFO - Setting next_dagrun for example_sla_dag to 2026-08-12 05:58:00+00:00, run_after=2026-08-12 06:00:00+00:00
[2026-08-12T06:01:43.340+0000] {processor.py:208} INFO - Processing /home/airflow/.local/lib/python3.12/site-packages/airflow/example_dags/example_sla_dag.py took 0.123 seconds
[2026-08-12T06:02:14.073+0000] {processor.py:186} INFO - Started process (PID=11110) to work on /home/airflow/.local/lib/python3.12/site-packages/airflow/example_dags/example_sla_dag.py
[2026-08-12T06:02:14.076+0000] {processor.py:914} INFO - Processing file /home/airflow/.local/lib/python3.12/site-packages/airflow/example_dags/example_sla_dag.py for tasks to queue
[2026-08-12T06:02:14.080+0000] {logging_mixin.py:190} INFO - [2026-08-12T06:02:14.079+0000] {dagbag.py:587} INFO - Filling up the DagBag from /home/airflow/.local/lib/python3.12/site-packages/airflow/example_dags/example_sla_dag.py
[2026-08-12T06:02:14.093+0000] {processor.py:925} INFO - DAG(s) 'example_sla_dag' retrieved from /home/airflow/.local/lib/python3.12/site-packages/airflow/example_dags/example_sla_dag.py
[2026-08-12T06:02:14.119+0000] {logging_mixin.py:190} INFO - [2026-08-12T06:02:14.119+0000] {dag.py:3211} INFO - Sync 1 DAGs
[2026-08-12T06:02:14.147+0000] {logging_mixin.py:190} INFO - [2026-08-12T06:02:14.147+0000] {dag.py:4138} INFO - Setting next_dagrun for example_sla_dag to 2026-08-12 06:00:00+00:00, run_after=2026-08-12 06:02:00+00:00
[2026-08-12T06:02:14.172+0000] {processor.py:208} INFO - Processing /home/airflow/.local/lib/python3.12/site-packages/airflow/example_dags/example_sla_dag.py took 0.109 seconds
[2026-08-12T06:02:44.626+0000] {processor.py:186} INFO - Started process (PID=11173) to work on /home/airflow/.local/lib/python3.12/site-packages/airflow/example_dags/example_sla_dag.py
[2026-08-12T06:02:44.628+0000] {processor.py:914} INFO - Processing file /home/airflow/.local/lib/python3.12/site-packages/airflow/example_dags/example_sla_dag.py for tasks to queue
[2026-08-12T06:02:44.633+0000] {logging_mixin.py:190} INFO - [2026-08-12T06:02:44.633+0000] {dagbag.py:587} INFO - Filling up the DagBag from /home/airflow/.local/lib/python3.12/site-packages/airflow/example_dags/example_sla_dag.py
[2026-08-12T06:02:44.648+0000] {processor.py:925} INFO - DAG(s) 'example_sla_dag' retrieved from /home/airflow/.local/lib/python3.12/site-packages/airflow/example_dags/example_sla_dag.py
[2026-08-12T06:02:44.679+0000] {logging_mixin.py:190} INFO - [2026-08-12T06:02:44.678+0000] {dag.py:3211} INFO - Sync 1 DAGs
[2026-08-12T06:02:44.716+0000] {logging_mixin.py:190} INFO - [2026-08-12T06:02:44.715+0000] {dag.py:4138} INFO - Setting next_dagrun for example_sla_dag to 2026-08-12 06:00:00+00:00, run_after=2026-08-12 06:02:00+00:00
[2026-08-12T06:02:44.749+0000] {processor.py:208} INFO - Processing /home/airflow/.local/lib/python3.12/site-packages/airflow/example_dags/example_sla_dag.py took 0.130 seconds
[2026-08-12T06:03:15.454+0000] {processor.py:186} INFO - Started process (PID=11236) to work on /home/airflow/.local/lib/python3.12/site-packages/airflow/example_dags/example_sla_dag.py
[2026-08-12T06:03:15.458+0000] {processor.py:914} INFO - Processing file /home/airflow/.local/lib/python3.12/site-packages/airflow/example_dags/example_sla_dag.py for tasks to queue
[2026-08-12T06:03:15.462+0000] {logging_mixin.py:190} INFO - [2026-08-12T06:03:15.462+0000] {dagbag.py:587} INFO - Filling up the DagBag from /home/airflow/.local/lib/python3.12/site-packages/airflow/example_dags/example_sla_dag.py
[2026-08-12T06:03:15.477+0000] {processor.py:925} INFO - DAG(s) 'example_sla_dag' retrieved from /home/airflow/.local/lib/python3.12/site-packages/airflow/example_dags/example_sla_dag.py
[2026-08-12T06:03:15.514+0000] {logging_mixin.py:190} INFO - [2026-08-12T06:03:15.513+0000] {dag.py:3211} INFO - Sync 1 DAGs
[2026-08-12T06:03:15.557+0000] {logging_mixin.py:190} INFO - [2026-08-12T06:03:15.557+0000] {dag.py:4138} INFO - Setting next_dagrun for example_sla_dag to 2026-08-12 06:00:00+00:00, run_after=2026-08-12 06:02:00+00:00
[2026-08-12T06:03:15.598+0000] {processor.py:208} INFO - Processing /home/airflow/.local/lib/python3.12/site-packages/airflow/example_dags/example_sla_dag.py took 0.151 seconds
[2026-08-12T06:03:45.832+0000] {processor.py:186} INFO - Started process (PID=11299) to work on /home/airflow/.local/lib/python3.12/site-packages/airflow/example_dags/example_sla_dag.py
[2026-08-12T06:03:45.835+0000] {processor.py:914} INFO - Processing file /home/airflow/.local/lib/python3.12/site-packages/airflow/example_dags/example_sla_dag.py for tasks to queue
[2026-08-12T06:03:45.841+0000] {logging_mixin.py:190} INFO - [2026-08-12T06:03:45.840+0000] {dagbag.py:587} INFO - Filling up the DagBag from /home/airflow/.local/lib/python3.12/site-packages/airflow/example_dags/example_sla_dag.py
[2026-08-12T06:03:45.861+0000] {processor.py:925} INFO - DAG(s) 'example_sla_dag' retrieved from /home/airflow/.local/lib/python3.12/site-packages/airflow/example_dags/example_sla_dag.py
[2026-08-12T06:03:45.905+0000] {logging_mixin.py:190} INFO - [2026-08-12T06:03:45.904+0000] {dag.py:3211} INFO - Sync 1 DAGs
[2026-08-12T06:03:45.960+0000] {logging_mixin.py:190} INFO - [2026-08-12T06:03:45.960+0000] {dag.py:4138} INFO - Setting next_dagrun for example_sla_dag to 2026-08-12 06:00:00+00:00, run_after=2026-08-12 06:02:00+00:00
[2026-08-12T06:03:46.000+0000] {processor.py:208} INFO - Processing /home/airflow/.local/lib/python3.12/site-packages/airflow/example_dags/example_sla_dag.py took 0.176 seconds
[2026-08-12T06:04:16.822+0000] {processor.py:186} INFO - Started process (PID=11362) to work on /home/airflow/.local/lib/python3.12/site-packages/airflow/example_dags/example_sla_dag.py
[2026-08-12T06:04:16.825+0000] {processor.py:914} INFO - Processing file /home/airflow/.local/lib/python3.12/site-packages/airflow/example_dags/example_sla_dag.py for tasks to queue
[2026-08-12T06:04:16.830+0000] {logging_mixin.py:190} INFO - [2026-08-12T06:04:16.830+0000] {dagbag.py:587} INFO - Filling up the DagBag from /home/airflow/.local/lib/python3.12/site-packages/airflow/example_dags/example_sla_dag.py
[2026-08-12T06:04:16.849+0000] {processor.py:925} INFO - DAG(s) 'example_sla_dag' retrieved from /home/airflow/.local/lib/python3.12/site-packages/airflow/example_dags/example_sla_dag.py
[2026-08-12T06:04:16.885+0000] {logging_mixin.py:190} INFO - [2026-08-12T06:04:16.885+0000] {dag.py:3211} INFO - Sync 1 DAGs
[2026-08-12T06:04:16.926+0000] {logging_mixin.py:190} INFO - [2026-08-12T06:04:16.925+0000] {dag.py:4138} INFO - Setting next_dagrun for example_sla_dag to 2026-08-12 06:02:00+00:00, run_after=2026-08-12 06:04:00+00:00
[2026-08-12T06:04:16.957+0000] {processor.py:208} INFO - Processing /home/airflow/.local/lib/python3.12/site-packages/airflow/example_dags/example_sla_dag.py took 0.145 seconds
[2026-08-12T06:04:47.277+0000] {processor.py:186} INFO - Started process (PID=11426) to work on /home/airflow/.local/lib/python3.12/site-packages/airflow/example_dags/example_sla_dag.py
[2026-08-12T06:04:47.282+0000] {processor.py:914} INFO - Processing file /home/airflow/.local/lib/python3.12/site-packages/airflow/example_dags/example_sla_dag.py for tasks to queue
[2026-08-12T06:04:47.292+0000] {logging_mixin.py:190} INFO - [2026-08-12T06:04:47.290+0000] {dagbag.py:587} INFO - Filling up the DagBag from /home/airflow/.local/lib/python3.12/site-packages/airflow/example_dags/example_sla_dag.py
[2026-08-12T06:04:47.334+0000] {processor.py:925} INFO - DAG(s) 'example_sla_dag' retrieved from /home/airflow/.local/lib/python3.12/site-packages/airflow/example_dags/example_sla_dag.py
[2026-08-12T06:04:47.409+0000] {logging_mixin.py:190} INFO - [2026-08-12T06:04:47.408+0000] {dag.py:3211} INFO - Sync 1 DAGs
[2026-08-12T06:04:47.507+0000] {logging_mixin.py:190} INFO - [2026-08-12T06:04:47.507+0000] {dag.py:4138} INFO - Setting next_dagrun for example_sla_dag to 2026-08-12 06:02:00+00:00, run_after=2026-08-12 06:04:00+00:00
[2026-08-12T06:04:47.556+0000] {processor.py:208} INFO - Processing /home/airflow/.local/lib/python3.12/site-packages/airflow/example_dags/example_sla_dag.py took 0.299 seconds
[2026-08-12T06:05:18.466+0000] {processor.py:186} INFO - Started process (PID=11490) to work on /home/airflow/.local/lib/python3.12/site-packages/airflow/example_dags/example_sla_dag.py
[2026-08-12T06:05:18.471+0000] {processor.py:914} INFO - Processing file /home/airflow/.local/lib/python3.12/site-packages/airflow/example_dags/example_sla_dag.py for tasks to queue
[2026-08-12T06:05:18.481+0000] {logging_mixin.py:190} INFO - [2026-08-12T06:05:18.481+0000] {dagbag.py:587} INFO - Filling up the DagBag from /home/airflow/.local/lib/python3.12/site-packages/airflow/example_dags/example_sla_dag.py
[2026-08-12T06:05:18.499+0000] {processor.py:925} INFO - DAG(s) 'example_sla_dag' retrieved from /home/airflow/.local/lib/python3.12/site-packages/airflow/example_dags/example_sla_dag.py
[2026-08-12T06:05:18.528+0000] {logging_mixin.py:190} INFO - [2026-08-12T06:05:18.527+0000] {dag.py:3211} INFO - Sync 1 DAGs
[2026-08-12T06:05:18.573+0000] {logging_mixin.py:190} INFO - [2026-08-12T06:05:18.571+0000] {dag.py:4138} INFO - Setting next_dagrun for example_sla_dag to 2026-08-12 06:02:00+00:00, run_after=2026-08-12 06:04:00+00:00
[2026-08-12T06:05:18.602+0000] {processor.py:208} INFO - Processing /home/airflow/.local/lib/python3.12/site-packages/airflow/example_dags/example_sla_dag.py took 0.147 seconds
[2026-08-12T06:05:49.193+0000] {processor.py:186} INFO - Started process (PID=11553) to work on /home/airflow/.local/lib/python3.12/site-packages/airflow/example_dags/example_sla_dag.py
[2026-08-12T06:05:49.196+0000] {processor.py:914} INFO - Processing file /home/airflow/.local/lib/python3.12/site-packages/airflow/example_dags/example_sla_dag.py for tasks to queue
[2026-08-12T06:05:49.200+0000] {logging_mixin.py:190} INFO - [2026-08-12T06:05:49.200+0000] {dagbag.py:587} INFO - Filling up the DagBag from /home/airflow/.local/lib/python3.12/site-packages/airflow/example_dags/example_sla_dag.py
[2026-08-12T06:05:49.215+0000] {processor.py:925} INFO - DAG(s) 'example_sla_dag' retrieved from /home/airflow/.local/lib/python3.12/site-packages/airflow/example_dags/example_sla_dag.py
[2026-08-12T06:05:49.253+0000] {logging_mixin.py:190} INFO - [2026-08-12T06:05:49.253+0000] {dag.py:3211} INFO - Sync 1 DAGs
[2026-08-12T06:05:49.287+0000] {logging_mixin.py:190} INFO - [2026-08-12T06:05:49.286+0000] {dag.py:4138} INFO - Setting next_dagrun for example_sla_dag to 2026-08-12 06:02:00+00:00, run_after=2026-08-12 06:04:00+00:00
[2026-08-12T06:05:49.314+0000] {processor.py:208} INFO - Processing /home/airflow/.local/lib/python3.12/site-packages/airflow/example_dags/example_sla_dag.py took 0.130 seconds
[2026-08-12T06:06:19.922+0000] {processor.py:186} INFO - Started process (PID=11616) to work on /home/airflow/.local/lib/python3.12/site-packages/airflow/example_dags/example_sla_dag.py
[2026-08-12T06:06:19.924+0000] {processor.py:914} INFO - Processing file /home/airflow/.local/lib/python3.12/site-packages/airflow/example_dags/example_sla_dag.py for tasks to queue
[2026-08-12T06:06:19.930+0000] {logging_mixin.py:190} INFO - [2026-08-12T06:06:19.929+0000] {dagbag.py:587} INFO - Filling up the DagBag from /home/airflow/.local/lib/python3.12/site-packages/airflow/example_dags/example_sla_dag.py
[2026-08-12T06:06:19.948+0000] {processor.py:925} INFO - DAG(s) 'example_sla_dag' retrieved from /home/airflow/.local/lib/python3.12/site-packages/airflow/example_dags/example_sla_dag.py
[2026-08-12T06:06:19.970+0000] {logging_mixin.py:190} INFO - [2026-08-12T06:06:19.970+0000] {dag.py:3211} INFO - Sync 1 DAGs
[2026-08-12T06:06:19.999+0000] {logging_mixin.py:190} INFO - [2026-08-12T06:06:19.998+0000] {dag.py:4138} INFO - Setting next_dagrun for example_sla_dag to 2026-08-12 06:04:00+00:00, run_after=2026-08-12 06:06:00+00:00
[2026-08-12T06:06:20.022+0000] {processor.py:208} INFO - Processing /home/airflow/.local/lib/python3.12/site-packages/airflow/example_dags/example_sla_dag.py took 0.116 seconds
[2026-08-12T06:06:50.468+0000] {processor.py:186} INFO - Started process (PID=11679) to work on /home/airflow/.local/lib/python3.12/site-packages/airflow/example_dags/example_sla_dag.py
[2026-08-12T06:06:50.471+0000] {processor.py:914} INFO - Processing file /home/airflow/.local/lib/python3.12/site-packages/airflow/example_dags/example_sla_dag.py for tasks to queue
[2026-08-12T06:06:50.475+0000] {logging_mixin.py:190} INFO - [2026-08-12T06:06:50.474+0000] {dagbag.py:587} INFO - Filling up the DagBag from /home/airflow/.local/lib/python3.12/site-packages/airflow/example_dags/example_sla_dag.py
[2026-08-12T06:06:50.486+0000] {processor.py:925} INFO - DAG(s) 'example_sla_dag' retrieved from /home/airflow/.local/lib/python3.12/site-packages/airflow/example_dags/example_sla_dag.py
[2026-08-12T06:06:50.512+0000] {logging_mixin.py:190} INFO - [2026-08-12T06:06:50.512+0000] {dag.py:3211} INFO - Sync 1 DAGs
[2026-08-12T06:06:50.541+0000] {logging_mixin.py:190} INFO - [2026-08-12T06:06:50.541+0000] {dag.py:4138} INFO - Setting next_dagrun for example_sla_dag to 2026-08-12 06:04:00+00:00, run_after=2026-08-12 06:06:00+00:00
[2026-08-12T06:06:50.566+0000] {processor.py:208} INFO - Processing /home/airflow/.local/lib/python3.12/site-packages/airflow/example_dags/example_sla_dag.py took 0.104 seconds
[2026-08-12T06:07:20.851+0000] {processor.py:186} INFO - Started process (PID=11743) to work on /home/airflow/.local/lib/python3.12/site-packages/airflow/example_dags/example_sla_dag.py
[2026-08-12T06:07:20.854+0000] {processor.py:914} INFO - Processing file /home/airflow/.local/lib/python3.12/site-packages/airflow/example_dags/example_sla_dag.py for tasks to queue
[2026-08-12T06:07:20.858+0000] {logging_mixin.py:190} INFO - [2026-08-12T06:07:20.857+0000] {dagbag.py:587} INFO - Filling up the DagBag from /home/airflow/.local/lib/python3.12/site-packages/airflow/example_dags/example_sla_dag.py
[2026-08-12T06:07:20.871+0000] {processor.py:925} INFO - DAG(s) 'example_sla_dag' retrieved from /home/airflow/.local/lib/python3.12/site-packages/airflow/example_dags/example_sla_dag.py
[2026-08-12T06:07:20.894+0000] {logging_mixin.py:190} INFO - [2026-08-12T06:07:20.894+0000] {dag.py:3211} INFO - Sync 1 DAGs
[2026-08-12T06:07:20.929+0000] {logging_mixin.py:190} INFO - [2026-08-12T06:07:20.929+0000] {dag.py:4138} INFO - Setting next_dagrun for example_sla_dag to 2026-08-12 06:04:00+00:00, run_after=2026-08-12 06:06:00+00:00
[2026-08-12T06:07:20.958+0000] {processor.py:208} INFO - Processing /home/airflow/.local/lib/python3.12/site-packages/airflow/example_dags/example_sla_dag.py took 0.114 seconds
[2026-08-12T06:07:51.925+0000] {processor.py:186} INFO - Started process (PID=11807) to work on /home/airflow/.local/lib/python3.12/site-packages/airflow/example_dags/example_sla_dag.py
[2026-08-12T06:07:51.927+0000] {processor.py:914} INFO - Processing file /home/airflow/.local/lib/python3.12/site-packages/airflow/example_dags/example_sla_dag.py for tasks to queue
[2026-08-12T06:07:51.931+0000] {logging_mixin.py:190} INFO - [2026-08-12T06:07:51.931+0000] {dagbag.py:587} INFO - Filling up the DagBag from /home/airflow/.local/lib/python3.12/site-packages/airflow/example_dags/example_sla_dag.py
[2026-08-12T06:07:51.942+0000] {processor.py:925} INFO - DAG(s) 'example_sla_dag' retrieved from /home/airflow/.local/lib/python3.12/site-packages/airflow/example_dags/example_sla_dag.py
[2026-08-12T06:07:51.966+0000] {logging_mixin.py:190} INFO - [2026-08-12T06:07:51.966+0000] {dag.py:3211} INFO - Sync 1 DAGs
[2026-08-12T06:07:51.993+0000] {logging_mixin.py:190} INFO - [2026-08-12T06:07:51.993+0000] {dag.py:4138} INFO - Setting next_dagrun for example_sla_dag to 2026-08-12 06:04:00+00:00, run_after=2026-08-12 06:06:00+00:00
[2026-08-12T06:07:52.015+0000] {processor.py:208} INFO - Processing /home/airflow/.local/lib/python3.12/site-packages/airflow/example_dags/example_sla_dag.py took 0.096 seconds
[2026-08-12T06:08:22.517+0000] {processor.py:186} INFO - Started process (PID=11870) to work on /home/airflow/.local/lib/python3.12/site-packages/airflow/example_dags/example_sla_dag.py
[2026-08-12T06:08:22.519+0000] {processor.py:914} INFO - Processing file /home/airflow/.local/lib/python3.12/site-packages/airflow/example_dags/example_sla_dag.py for tasks to queue
[2026-08-12T06:08:22.524+0000] {logging_mixin.py:190} INFO - [2026-08-12T06:08:22.523+0000] {dagbag.py:587} INFO - Filling up the DagBag from /home/airflow/.local/lib/python3.12/site-packages/airflow/example_dags/example_sla_dag.py
[2026-08-12T06:08:22.538+0000] {processor.py:925} INFO - DAG(s) 'example_sla_dag' retrieved from /home/airflow/.local/lib/python3.12/site-packages/airflow/example_dags/example_sla_dag.py
[2026-08-12T06:08:22.571+0000] {logging_mixin.py:190} INFO - [2026-08-12T06:08:22.571+0000] {dag.py:3211} INFO - Sync 1 DAGs
[2026-08-12T06:08:22.604+0000] {logging_mixin.py:190} INFO - [2026-08-12T06:08:22.604+0000] {dag.py:4138} INFO - Setting next_dagrun for example_sla_dag to 2026-08-12 06:06:00+00:00, run_after=2026-08-12 06:08:00+00:00
[2026-08-12T06:08:22.630+0000] {processor.py:208} INFO - Processing /home/airflow/.local/lib/python3.12/site-packages/airflow/example_dags/example_sla_dag.py took 0.121 seconds
[2026-08-12T06:08:53.082+0000] {processor.py:186} INFO - Started process (PID=11934) to work on /home/airflow/.local/lib/python3.12/site-packages/airflow/example_dags/example_sla_dag.py
[2026-08-12T06:08:53.085+0000] {processor.py:914} INFO - Processing file /home/airflow/.local/lib/python3.12/site-packages/airflow/example_dags/example_sla_dag.py for tasks to queue
[2026-08-12T06:08:53.090+0000] {logging_mixin.py:190} INFO - [2026-08-12T06:08:53.090+0000] {dagbag.py:587} INFO - Filling up the DagBag from /home/airflow/.local/lib/python3.12/site-packages/airflow/example_dags/example_sla_dag.py
[2026-08-12T06:08:53.104+0000] {processor.py:925} INFO - DAG(s) 'example_sla_dag' retrieved from /home/airflow/.local/lib/python3.12/site-packages/airflow/example_dags/example_sla_dag.py
[2026-08-12T06:08:53.128+0000] {logging_mixin.py:190} INFO - [2026-08-12T06:08:53.127+0000] {dag.py:3211} INFO - Sync 1 DAGs
[2026-08-12T06:08:53.157+0000] {logging_mixin.py:190} INFO - [2026-08-12T06:08:53.156+0000] {dag.py:4138} INFO - Setting next_dagrun for example_sla_dag to 2026-08-12 06:06:00+00:00, run_after=2026-08-12 06:08:00+00:00
[2026-08-12T06:08:53.186+0000] {processor.py:208} INFO - Processing /home/airflow/.local/lib/python3.12/site-packages/airflow/example_dags/example_sla_dag.py took 0.113 seconds
[2026-08-12T06:09:23.847+0000] {processor.py:186} INFO - Started process (PID=11997) to work on /home/airflow/.local/lib/python3.12/site-packages/airflow/example_dags/example_sla_dag.py
[2026-08-12T06:09:23.849+0000] {processor.py:914} INFO - Processing file /home/airflow/.local/lib/python3.12/site-packages/airflow/example_dags/example_sla_dag.py for tasks to queue
[2026-08-12T06:09:23.855+0000] {logging_mixin.py:190} INFO - [2026-08-12T06:09:23.854+0000] {dagbag.py:587} INFO - Filling up the DagBag from /home/airflow/.local/lib/python3.12/site-packages/airflow/example_dags/example_sla_dag.py
[2026-08-12T06:09:23.870+0000] {processor.py:925} INFO - DAG(s) 'example_sla_dag' retrieved from /home/airflow/.local/lib/python3.12/site-packages/airflow/example_dags/example_sla_dag.py
[2026-08-12T06:09:23.892+0000] {logging_mixin.py:190} INFO - [2026-08-12T06:09:23.892+0000] {dag.py:3211} INFO - Sync 1 DAGs
[2026-08-12T06:09:23.920+0000] {logging_mixin.py:190} INFO - [2026-08-12T06:09:23.920+0000] {dag.py:4138} INFO - Setting next_dagrun for example_sla_dag to 2026-08-12 06:06:00+00:00, run_after=2026-08-12 06:08:00+00:00
[2026-08-12T06:09:23.942+0000] {processor.py:208} INFO - Processing /home/airflow/.local/lib/python3.12/site-packages/airflow/example_dags/example_sla_dag.py took 0.110 seconds
[2026-08-12T06:09:54.103+0000] {processor.py:186} INFO - Started process (PID=12059) to work on /home/airflow/.local/lib/python3.12/site-packages/airflow/example_dags/example_sla_dag.py
[2026-08-12T06:09:54.105+0000] {processor.py:914} INFO - Processing file /home/airflow/.local/lib/python3.12/site-packages/airflow/example_dags/example_sla_dag.py for tasks to queue
[2026-08-12T06:09:54.111+0000] {logging_mixin.py:190} INFO - [2026-08-12T06:09:54.111+0000] {dagbag.py:587} INFO - Filling up the DagBag from /home/airflow/.local/lib/python3.12/site-packages/airflow/example_dags/example_sla_dag.py
[2026-08-12T06:09:54.128+0000] {processor.py:925} INFO - DAG(s) 'example_sla_dag' retrieved from /home/airflow/.local/lib/python3.12/site-packages/airflow/example_dags/example_sla_dag.py
[2026-08-12T06:09:54.154+0000] {logging_mixin.py:190} INFO - [2026-08-12T06:09:54.154+0000] {dag.py:3211} INFO - Sync 1 DAGs
[2026-08-12T06:09:54.183+0000] {logging_mixin.py:190} INFO - [2026-08-12T06:09:54.182+0000] {dag.py:4138} INFO - Setting next_dagrun for example_sla_dag to 2026-08-12 06:06:00+00:00, run_after=2026-08-12 06:08:00+00:00
[2026-08-12T06:09:54.205+0000] {processor.py:208} INFO - Processing /home/airflow/.local/lib/python3.12/site-packages/airflow/example_dags/example_sla_dag.py took 0.110 seconds
[2026-08-12T06:10:24.977+0000] {processor.py:186} INFO - Started process (PID=12122) to work on /home/airflow/.local/lib/python3.12/site-packages/airflow/example_dags/example_sla_dag.py
[2026-08-12T06:10:24.980+0000] {processor.py:914} INFO - Processing file /home/airflow/.local/lib/python3.12/site-packages/airflow/example_dags/example_sla_dag.py for tasks to queue
[2026-08-12T06:10:24.985+0000] {logging_mixin.py:190} INFO - [2026-08-12T06:10:24.985+0000] {dagbag.py:587} INFO - Filling up the DagBag from /home/airflow/.local/lib/python3.12/site-packages/airflow/example_dags/example_sla_dag.py
[2026-08-12T06:10:24.999+0000] {processor.py:925} INFO - DAG(s) 'example_sla_dag' retrieved from /home/airflow/.local/lib/python3.12/site-packages/airflow/example_dags/example_sla_dag.py
[2026-08-12T06:10:25.021+0000] {logging_mixin.py:190} INFO - [2026-08-12T06:10:25.021+0000] {dag.py:3211} INFO - Sync 1 DAGs
[2026-08-12T06:10:25.048+0000] {logging_mixin.py:190} INFO - [2026-08-12T06:10:25.048+0000] {dag.py:4138} INFO - Setting next_dagrun for example_sla_dag to 2026-08-12 06:08:00+00:00, run_after=2026-08-12 06:10:00+00:00
[2026-08-12T06:10:25.072+0000] {processor.py:208} INFO - Processing /home/airflow/.local/lib/python3.12/site-packages/airflow/example_dags/example_sla_dag.py took 0.101 seconds
