[2026-08-12T04:30:59.701+0000] {processor.py:186} INFO - Started process (PID=64) to work on /home/airflow/.local/lib/python3.12/site-packages/airflow/example_dags/example_workday_timetable.py
[2026-08-12T04:30:59.705+0000] {processor.py:914} INFO - Processing file /home/airflow/.local/lib/python3.12/site-packages/airflow/example_dags/example_workday_timetable.py for tasks to queue
[2026-08-12T04:30:59.712+0000] {logging_mixin.py:190} INFO - [2026-08-12T04:30:59.711+0000] {dagbag.py:587} INFO - Filling up the DagBag from /home/airflow/.local/lib/python3.12/site-packages/airflow/example_dags/example_workday_timetable.py
[2026-08-12T04:30:59.792+0000] {processor.py:925} INFO - DAG(s) 'example_workday_timetable' retrieved from /home/airflow/.local/lib/python3.12/site-packages/airflow/example_dags/example_workday_timetable.py
[2026-08-12T04:31:00.501+0000] {logging_mixin.py:190} INFO - [2026-08-12T04:31:00.499+0000] {override.py:1858} INFO - Created Permission View: can delete on DAG:example_workday_timetable
[2026-08-12T04:31:00.531+0000] {logging_mixin.py:190} INFO - [2026-08-12T04:31:00.530+0000] {override.py:1858} INFO - Created Permission View: can read on DAG:example_workday_timetable
[2026-08-12T04:31:00.546+0000] {logging_mixin.py:190} INFO - [2026-08-12T04:31:00.545+0000] {override.py:1858} INFO - Created Permission View: can edit on DAG:example_workday_timetable
[2026-08-12T04:31:00.550+0000] {logging_mixin.py:190} INFO - [2026-08-12T04:31:00.549+0000] {dag.py:3211} INFO - Sync 1 DAGs
[2026-08-12T04:31:00.599+0000] {logging_mixin.py:190} INFO - [2026-08-12T04:31:00.599+0000] {dag.py:3234} INFO - Creating ORM DAG for example_workday_timetable
[2026-08-12T04:31:00.838+0000] {logging_mixin.py:190} INFO - [2026-08-12T04:31:00.837+0000] {dag.py:4138} INFO - Setting next_dagrun for example_workday_timetable to 2021-01-04 00:00:00+00:00, run_after=2021-01-05 00:00:00+00:00
[2026-08-12T04:31:00.889+0000] {processor.py:208} INFO - Processing /home/airflow/.local/lib/python3.12/site-packages/airflow/example_dags/example_workday_timetable.py took 1.204 seconds
[2026-08-12T04:31:31.164+0000] {processor.py:186} INFO - Started process (PID=126) to work on /home/airflow/.local/lib/python3.12/site-packages/airflow/example_dags/example_workday_timetable.py
[2026-08-12T04:31:31.166+0000] {processor.py:914} INFO - Processing file /home/airflow/.local/lib/python3.12/site-packages/airflow/example_dags/example_workday_timetable.py for tasks to queue
[2026-08-12T04:31:31.170+0000] {logging_mixin.py:190} INFO - [2026-08-12T04:31:31.170+0000] {dagbag.py:587} INFO - Filling up the DagBag from /home/airflow/.local/lib/python3.12/site-packages/airflow/example_dags/example_workday_timetable.py
[2026-08-12T04:31:31.180+0000] {processor.py:925} INFO - DAG(s) 'example_workday_timetable' retrieved from /home/airflow/.local/lib/python3.12/site-packages/airflow/example_dags/example_workday_timetable.py
[2026-08-12T04:31:31.205+0000] {logging_mixin.py:190} INFO - [2026-08-12T04:31:31.204+0000] {dag.py:3211} INFO - Sync 1 DAGs
[2026-08-12T04:31:31.297+0000] {logging_mixin.py:190} INFO - [2026-08-12T04:31:31.297+0000] {dag.py:4138} INFO - Setting next_dagrun for example_workday_timetable to 2021-01-04 00:00:00+00:00, run_after=2021-01-05 00:00:00+00:00
[2026-08-12T04:31:31.324+0000] {processor.py:208} INFO - Processing /home/airflow/.local/lib/python3.12/site-packages/airflow/example_dags/example_workday_timetable.py took 0.168 seconds
[2026-08-12T04:32:49.655+0000] {processor.py:186} INFO - Started process (PID=58) to work on /home/airflow/.local/lib/python3.12/site-packages/airflow/example_dags/example_workday_timetable.py
[2026-08-12T04:32:49.658+0000] {processor.py:914} INFO - Processing file /home/airflow/.local/lib/python3.12/site-packages/airflow/example_dags/example_workday_timetable.py for tasks to queue
[2026-08-12T04:32:49.665+0000] {logging_mixin.py:190} INFO - [2026-08-12T04:32:49.664+0000] {dagbag.py:587} INFO - Filling up the DagBag from /home/airflow/.local/lib/python3.12/site-packages/airflow/example_dags/example_workday_timetable.py
[2026-08-12T04:32:49.684+0000] {processor.py:925} INFO - DAG(s) 'example_workday_timetable' retrieved from /home/airflow/.local/lib/python3.12/site-packages/airflow/example_dags/example_workday_timetable.py
[2026-08-12T04:32:49.732+0000] {logging_mixin.py:190} INFO - [2026-08-12T04:32:49.732+0000] {dag.py:3211} INFO - Sync 1 DAGs
[2026-08-12T04:32:49.892+0000] {logging_mixin.py:190} INFO - [2026-08-12T04:32:49.891+0000] {dag.py:4138} INFO - Setting next_dagrun for example_workday_timetable to 2021-01-04 00:00:00+00:00, run_after=2021-01-05 00:00:00+00:00
[2026-08-12T04:32:49.947+0000] {processor.py:208} INFO - Processing /home/airflow/.local/lib/python3.12/site-packages/airflow/example_dags/example_workday_timetable.py took 0.319 seconds
[2026-08-12T04:33:20.296+0000] {processor.py:186} INFO - Started process (PID=120) to work on /home/airflow/.local/lib/python3.12/site-packages/airflow/example_dags/example_workday_timetable.py
[2026-08-12T04:33:20.300+0000] {processor.py:914} INFO - Processing file /home/airflow/.local/lib/python3.12/site-packages/airflow/example_dags/example_workday_timetable.py for tasks to queue
[2026-08-12T04:33:20.315+0000] {logging_mixin.py:190} INFO - [2026-08-12T04:33:20.314+0000] {dagbag.py:587} INFO - Filling up the DagBag from /home/airflow/.local/lib/python3.12/site-packages/airflow/example_dags/example_workday_timetable.py
[2026-08-12T04:33:20.328+0000] {processor.py:925} INFO - DAG(s) 'example_workday_timetable' retrieved from /home/airflow/.local/lib/python3.12/site-packages/airflow/example_dags/example_workday_timetable.py
[2026-08-12T04:33:20.369+0000] {logging_mixin.py:190} INFO - [2026-08-12T04:33:20.369+0000] {dag.py:3211} INFO - Sync 1 DAGs
[2026-08-12T04:33:20.472+0000] {logging_mixin.py:190} INFO - [2026-08-12T04:33:20.472+0000] {dag.py:4138} INFO - Setting next_dagrun for example_workday_timetable to 2021-01-04 00:00:00+00:00, run_after=2021-01-05 00:00:00+00:00
[2026-08-12T04:33:20.501+0000] {processor.py:208} INFO - Processing /home/airflow/.local/lib/python3.12/site-packages/airflow/example_dags/example_workday_timetable.py took 0.216 seconds
[2026-08-12T04:33:51.382+0000] {processor.py:186} INFO - Started process (PID=188) to work on /home/airflow/.local/lib/python3.12/site-packages/airflow/example_dags/example_workday_timetable.py
[2026-08-12T04:33:51.385+0000] {processor.py:914} INFO - Processing file /home/airflow/.local/lib/python3.12/site-packages/airflow/example_dags/example_workday_timetable.py for tasks to queue
[2026-08-12T04:33:51.389+0000] {logging_mixin.py:190} INFO - [2026-08-12T04:33:51.388+0000] {dagbag.py:587} INFO - Filling up the DagBag from /home/airflow/.local/lib/python3.12/site-packages/airflow/example_dags/example_workday_timetable.py
[2026-08-12T04:33:51.397+0000] {processor.py:925} INFO - DAG(s) 'example_workday_timetable' retrieved from /home/airflow/.local/lib/python3.12/site-packages/airflow/example_dags/example_workday_timetable.py
[2026-08-12T04:33:51.424+0000] {logging_mixin.py:190} INFO - [2026-08-12T04:33:51.423+0000] {dag.py:3211} INFO - Sync 1 DAGs
[2026-08-12T04:33:51.521+0000] {logging_mixin.py:190} INFO - [2026-08-12T04:33:51.521+0000] {dag.py:4138} INFO - Setting next_dagrun for example_workday_timetable to 2021-01-04 00:00:00+00:00, run_after=2021-01-05 00:00:00+00:00
[2026-08-12T04:33:51.553+0000] {processor.py:208} INFO - Processing /home/airflow/.local/lib/python3.12/site-packages/airflow/example_dags/example_workday_timetable.py took 0.178 seconds
[2026-08-12T04:34:21.874+0000] {processor.py:186} INFO - Started process (PID=250) to work on /home/airflow/.local/lib/python3.12/site-packages/airflow/example_dags/example_workday_timetable.py
[2026-08-12T04:34:21.877+0000] {processor.py:914} INFO - Processing file /home/airflow/.local/lib/python3.12/site-packages/airflow/example_dags/example_workday_timetable.py for tasks to queue
[2026-08-12T04:34:21.881+0000] {logging_mixin.py:190} INFO - [2026-08-12T04:34:21.881+0000] {dagbag.py:587} INFO - Filling up the DagBag from /home/airflow/.local/lib/python3.12/site-packages/airflow/example_dags/example_workday_timetable.py
[2026-08-12T04:34:21.891+0000] {processor.py:925} INFO - DAG(s) 'example_workday_timetable' retrieved from /home/airflow/.local/lib/python3.12/site-packages/airflow/example_dags/example_workday_timetable.py
[2026-08-12T04:34:21.920+0000] {logging_mixin.py:190} INFO - [2026-08-12T04:34:21.919+0000] {dag.py:3211} INFO - Sync 1 DAGs
[2026-08-12T04:34:21.980+0000] {logging_mixin.py:190} INFO - [2026-08-12T04:34:21.980+0000] {dag.py:4138} INFO - Setting next_dagrun for example_workday_timetable to 2021-01-04 00:00:00+00:00, run_after=2021-01-05 00:00:00+00:00
[2026-08-12T04:34:22.005+0000] {processor.py:208} INFO - Processing /home/airflow/.local/lib/python3.12/site-packages/airflow/example_dags/example_workday_timetable.py took 0.141 seconds
[2026-08-12T04:34:52.637+0000] {processor.py:186} INFO - Started process (PID=312) to work on /home/airflow/.local/lib/python3.12/site-packages/airflow/example_dags/example_workday_timetable.py
[2026-08-12T04:34:52.640+0000] {processor.py:914} INFO - Processing file /home/airflow/.local/lib/python3.12/site-packages/airflow/example_dags/example_workday_timetable.py for tasks to queue
[2026-08-12T04:34:52.649+0000] {logging_mixin.py:190} INFO - [2026-08-12T04:34:52.647+0000] {dagbag.py:587} INFO - Filling up the DagBag from /home/airflow/.local/lib/python3.12/site-packages/airflow/example_dags/example_workday_timetable.py
[2026-08-12T04:34:52.661+0000] {processor.py:925} INFO - DAG(s) 'example_workday_timetable' retrieved from /home/airflow/.local/lib/python3.12/site-packages/airflow/example_dags/example_workday_timetable.py
[2026-08-12T04:34:52.700+0000] {logging_mixin.py:190} INFO - [2026-08-12T04:34:52.699+0000] {dag.py:3211} INFO - Sync 1 DAGs
[2026-08-12T04:34:52.806+0000] {logging_mixin.py:190} INFO - [2026-08-12T04:34:52.806+0000] {dag.py:4138} INFO - Setting next_dagrun for example_workday_timetable to 2021-01-04 00:00:00+00:00, run_after=2021-01-05 00:00:00+00:00
[2026-08-12T04:34:52.840+0000] {processor.py:208} INFO - Processing /home/airflow/.local/lib/python3.12/site-packages/airflow/example_dags/example_workday_timetable.py took 0.211 seconds
[2026-08-12T04:35:23.292+0000] {processor.py:186} INFO - Started process (PID=374) to work on /home/airflow/.local/lib/python3.12/site-packages/airflow/example_dags/example_workday_timetable.py
[2026-08-12T04:35:23.295+0000] {processor.py:914} INFO - Processing file /home/airflow/.local/lib/python3.12/site-packages/airflow/example_dags/example_workday_timetable.py for tasks to queue
[2026-08-12T04:35:23.302+0000] {logging_mixin.py:190} INFO - [2026-08-12T04:35:23.301+0000] {dagbag.py:587} INFO - Filling up the DagBag from /home/airflow/.local/lib/python3.12/site-packages/airflow/example_dags/example_workday_timetable.py
[2026-08-12T04:35:23.314+0000] {processor.py:925} INFO - DAG(s) 'example_workday_timetable' retrieved from /home/airflow/.local/lib/python3.12/site-packages/airflow/example_dags/example_workday_timetable.py
[2026-08-12T04:35:23.357+0000] {logging_mixin.py:190} INFO - [2026-08-12T04:35:23.357+0000] {dag.py:3211} INFO - Sync 1 DAGs
[2026-08-12T04:35:23.452+0000] {logging_mixin.py:190} INFO - [2026-08-12T04:35:23.451+0000] {dag.py:4138} INFO - Setting next_dagrun for example_workday_timetable to 2021-01-04 00:00:00+00:00, run_after=2021-01-05 00:00:00+00:00
[2026-08-12T04:35:23.483+0000] {processor.py:208} INFO - Processing /home/airflow/.local/lib/python3.12/site-packages/airflow/example_dags/example_workday_timetable.py took 0.198 seconds
[2026-08-12T04:35:53.737+0000] {processor.py:186} INFO - Started process (PID=436) to work on /home/airflow/.local/lib/python3.12/site-packages/airflow/example_dags/example_workday_timetable.py
[2026-08-12T04:35:53.740+0000] {processor.py:914} INFO - Processing file /home/airflow/.local/lib/python3.12/site-packages/airflow/example_dags/example_workday_timetable.py for tasks to queue
[2026-08-12T04:35:53.745+0000] {logging_mixin.py:190} INFO - [2026-08-12T04:35:53.744+0000] {dagbag.py:587} INFO - Filling up the DagBag from /home/airflow/.local/lib/python3.12/site-packages/airflow/example_dags/example_workday_timetable.py
[2026-08-12T04:35:53.753+0000] {processor.py:925} INFO - DAG(s) 'example_workday_timetable' retrieved from /home/airflow/.local/lib/python3.12/site-packages/airflow/example_dags/example_workday_timetable.py
[2026-08-12T04:35:53.780+0000] {logging_mixin.py:190} INFO - [2026-08-12T04:35:53.780+0000] {dag.py:3211} INFO - Sync 1 DAGs
[2026-08-12T04:35:53.853+0000] {logging_mixin.py:190} INFO - [2026-08-12T04:35:53.853+0000] {dag.py:4138} INFO - Setting next_dagrun for example_workday_timetable to 2021-01-04 00:00:00+00:00, run_after=2021-01-05 00:00:00+00:00
[2026-08-12T04:35:53.880+0000] {processor.py:208} INFO - Processing /home/airflow/.local/lib/python3.12/site-packages/airflow/example_dags/example_workday_timetable.py took 0.151 seconds
[2026-08-12T04:36:24.279+0000] {processor.py:186} INFO - Started process (PID=498) to work on /home/airflow/.local/lib/python3.12/site-packages/airflow/example_dags/example_workday_timetable.py
[2026-08-12T04:36:24.281+0000] {processor.py:914} INFO - Processing file /home/airflow/.local/lib/python3.12/site-packages/airflow/example_dags/example_workday_timetable.py for tasks to queue
[2026-08-12T04:36:24.286+0000] {logging_mixin.py:190} INFO - [2026-08-12T04:36:24.285+0000] {dagbag.py:587} INFO - Filling up the DagBag from /home/airflow/.local/lib/python3.12/site-packages/airflow/example_dags/example_workday_timetable.py
[2026-08-12T04:36:24.294+0000] {processor.py:925} INFO - DAG(s) 'example_workday_timetable' retrieved from /home/airflow/.local/lib/python3.12/site-packages/airflow/example_dags/example_workday_timetable.py
[2026-08-12T04:36:24.326+0000] {logging_mixin.py:190} INFO - [2026-08-12T04:36:24.326+0000] {dag.py:3211} INFO - Sync 1 DAGs
[2026-08-12T04:36:24.395+0000] {logging_mixin.py:190} INFO - [2026-08-12T04:36:24.394+0000] {dag.py:4138} INFO - Setting next_dagrun for example_workday_timetable to 2021-01-04 00:00:00+00:00, run_after=2021-01-05 00:00:00+00:00
[2026-08-12T04:36:24.419+0000] {processor.py:208} INFO - Processing /home/airflow/.local/lib/python3.12/site-packages/airflow/example_dags/example_workday_timetable.py took 0.146 seconds
[2026-08-12T04:36:54.818+0000] {processor.py:186} INFO - Started process (PID=560) to work on /home/airflow/.local/lib/python3.12/site-packages/airflow/example_dags/example_workday_timetable.py
[2026-08-12T04:36:54.822+0000] {processor.py:914} INFO - Processing file /home/airflow/.local/lib/python3.12/site-packages/airflow/example_dags/example_workday_timetable.py for tasks to queue
[2026-08-12T04:36:54.828+0000] {logging_mixin.py:190} INFO - [2026-08-12T04:36:54.827+0000] {dagbag.py:587} INFO - Filling up the DagBag from /home/airflow/.local/lib/python3.12/site-packages/airflow/example_dags/example_workday_timetable.py
[2026-08-12T04:36:54.851+0000] {processor.py:925} INFO - DAG(s) 'example_workday_timetable' retrieved from /home/airflow/.local/lib/python3.12/site-packages/airflow/example_dags/example_workday_timetable.py
[2026-08-12T04:36:54.879+0000] {logging_mixin.py:190} INFO - [2026-08-12T04:36:54.879+0000] {dag.py:3211} INFO - Sync 1 DAGs
[2026-08-12T04:36:54.952+0000] {logging_mixin.py:190} INFO - [2026-08-12T04:36:54.951+0000] {dag.py:4138} INFO - Setting next_dagrun for example_workday_timetable to 2021-01-04 00:00:00+00:00, run_after=2021-01-05 00:00:00+00:00
[2026-08-12T04:36:54.983+0000] {processor.py:208} INFO - Processing /home/airflow/.local/lib/python3.12/site-packages/airflow/example_dags/example_workday_timetable.py took 0.174 seconds
[2026-08-12T04:37:25.258+0000] {processor.py:186} INFO - Started process (PID=622) to work on /home/airflow/.local/lib/python3.12/site-packages/airflow/example_dags/example_workday_timetable.py
[2026-08-12T04:37:25.260+0000] {processor.py:914} INFO - Processing file /home/airflow/.local/lib/python3.12/site-packages/airflow/example_dags/example_workday_timetable.py for tasks to queue
[2026-08-12T04:37:25.264+0000] {logging_mixin.py:190} INFO - [2026-08-12T04:37:25.264+0000] {dagbag.py:587} INFO - Filling up the DagBag from /home/airflow/.local/lib/python3.12/site-packages/airflow/example_dags/example_workday_timetable.py
[2026-08-12T04:37:25.275+0000] {processor.py:925} INFO - DAG(s) 'example_workday_timetable' retrieved from /home/airflow/.local/lib/python3.12/site-packages/airflow/example_dags/example_workday_timetable.py
[2026-08-12T04:37:25.302+0000] {logging_mixin.py:190} INFO - [2026-08-12T04:37:25.302+0000] {dag.py:3211} INFO - Sync 1 DAGs
[2026-08-12T04:37:25.365+0000] {logging_mixin.py:190} INFO - [2026-08-12T04:37:25.365+0000] {dag.py:4138} INFO - Setting next_dagrun for example_workday_timetable to 2021-01-04 00:00:00+00:00, run_after=2021-01-05 00:00:00+00:00
[2026-08-12T04:37:25.390+0000] {processor.py:208} INFO - Processing /home/airflow/.local/lib/python3.12/site-packages/airflow/example_dags/example_workday_timetable.py took 0.141 seconds
[2026-08-12T04:37:55.539+0000] {processor.py:186} INFO - Started process (PID=684) to work on /home/airflow/.local/lib/python3.12/site-packages/airflow/example_dags/example_workday_timetable.py
[2026-08-12T04:37:55.543+0000] {processor.py:914} INFO - Processing file /home/airflow/.local/lib/python3.12/site-packages/airflow/example_dags/example_workday_timetable.py for tasks to queue
[2026-08-12T04:37:55.549+0000] {logging_mixin.py:190} INFO - [2026-08-12T04:37:55.549+0000] {dagbag.py:587} INFO - Filling up the DagBag from /home/airflow/.local/lib/python3.12/site-packages/airflow/example_dags/example_workday_timetable.py
[2026-08-12T04:37:55.558+0000] {processor.py:925} INFO - DAG(s) 'example_workday_timetable' retrieved from /home/airflow/.local/lib/python3.12/site-packages/airflow/example_dags/example_workday_timetable.py
[2026-08-12T04:37:55.584+0000] {logging_mixin.py:190} INFO - [2026-08-12T04:37:55.584+0000] {dag.py:3211} INFO - Sync 1 DAGs
[2026-08-12T04:37:55.647+0000] {logging_mixin.py:190} INFO - [2026-08-12T04:37:55.647+0000] {dag.py:4138} INFO - Setting next_dagrun for example_workday_timetable to 2021-01-04 00:00:00+00:00, run_after=2021-01-05 00:00:00+00:00
[2026-08-12T04:37:55.670+0000] {processor.py:208} INFO - Processing /home/airflow/.local/lib/python3.12/site-packages/airflow/example_dags/example_workday_timetable.py took 0.140 seconds
[2026-08-12T04:38:25.784+0000] {processor.py:186} INFO - Started process (PID=746) to work on /home/airflow/.local/lib/python3.12/site-packages/airflow/example_dags/example_workday_timetable.py
[2026-08-12T04:38:25.790+0000] {processor.py:914} INFO - Processing file /home/airflow/.local/lib/python3.12/site-packages/airflow/example_dags/example_workday_timetable.py for tasks to queue
[2026-08-12T04:38:25.795+0000] {logging_mixin.py:190} INFO - [2026-08-12T04:38:25.794+0000] {dagbag.py:587} INFO - Filling up the DagBag from /home/airflow/.local/lib/python3.12/site-packages/airflow/example_dags/example_workday_timetable.py
[2026-08-12T04:38:25.806+0000] {processor.py:925} INFO - DAG(s) 'example_workday_timetable' retrieved from /home/airflow/.local/lib/python3.12/site-packages/airflow/example_dags/example_workday_timetable.py
[2026-08-12T04:38:25.831+0000] {logging_mixin.py:190} INFO - [2026-08-12T04:38:25.830+0000] {dag.py:3211} INFO - Sync 1 DAGs
[2026-08-12T04:38:25.894+0000] {logging_mixin.py:190} INFO - [2026-08-12T04:38:25.894+0000] {dag.py:4138} INFO - Setting next_dagrun for example_workday_timetable to 2021-01-04 00:00:00+00:00, run_after=2021-01-05 00:00:00+00:00
[2026-08-12T04:38:25.916+0000] {processor.py:208} INFO - Processing /home/airflow/.local/lib/python3.12/site-packages/airflow/example_dags/example_workday_timetable.py took 0.145 seconds
[2026-08-12T04:38:56.211+0000] {processor.py:186} INFO - Started process (PID=808) to work on /home/airflow/.local/lib/python3.12/site-packages/airflow/example_dags/example_workday_timetable.py
[2026-08-12T04:38:56.214+0000] {processor.py:914} INFO - Processing file /home/airflow/.local/lib/python3.12/site-packages/airflow/example_dags/example_workday_timetable.py for tasks to queue
[2026-08-12T04:38:56.220+0000] {logging_mixin.py:190} INFO - [2026-08-12T04:38:56.219+0000] {dagbag.py:587} INFO - Filling up the DagBag from /home/airflow/.local/lib/python3.12/site-packages/airflow/example_dags/example_workday_timetable.py
[2026-08-12T04:38:56.230+0000] {processor.py:925} INFO - DAG(s) 'example_workday_timetable' retrieved from /home/airflow/.local/lib/python3.12/site-packages/airflow/example_dags/example_workday_timetable.py
[2026-08-12T04:38:56.261+0000] {logging_mixin.py:190} INFO - [2026-08-12T04:38:56.260+0000] {dag.py:3211} INFO - Sync 1 DAGs
[2026-08-12T04:38:56.330+0000] {logging_mixin.py:190} INFO - [2026-08-12T04:38:56.330+0000] {dag.py:4138} INFO - Setting next_dagrun for example_workday_timetable to 2021-01-04 00:00:00+00:00, run_after=2021-01-05 00:00:00+00:00
[2026-08-12T04:38:56.358+0000] {processor.py:208} INFO - Processing /home/airflow/.local/lib/python3.12/site-packages/airflow/example_dags/example_workday_timetable.py took 0.155 seconds
[2026-08-12T04:39:27.133+0000] {processor.py:186} INFO - Started process (PID=870) to work on /home/airflow/.local/lib/python3.12/site-packages/airflow/example_dags/example_workday_timetable.py
[2026-08-12T04:39:27.136+0000] {processor.py:914} INFO - Processing file /home/airflow/.local/lib/python3.12/site-packages/airflow/example_dags/example_workday_timetable.py for tasks to queue
[2026-08-12T04:39:27.142+0000] {logging_mixin.py:190} INFO - [2026-08-12T04:39:27.141+0000] {dagbag.py:587} INFO - Filling up the DagBag from /home/airflow/.local/lib/python3.12/site-packages/airflow/example_dags/example_workday_timetable.py
[2026-08-12T04:39:27.153+0000] {processor.py:925} INFO - DAG(s) 'example_workday_timetable' retrieved from /home/airflow/.local/lib/python3.12/site-packages/airflow/example_dags/example_workday_timetable.py
[2026-08-12T04:39:27.185+0000] {logging_mixin.py:190} INFO - [2026-08-12T04:39:27.184+0000] {dag.py:3211} INFO - Sync 1 DAGs
[2026-08-12T04:39:27.244+0000] {logging_mixin.py:190} INFO - [2026-08-12T04:39:27.244+0000] {dag.py:4138} INFO - Setting next_dagrun for example_workday_timetable to 2021-01-04 00:00:00+00:00, run_after=2021-01-05 00:00:00+00:00
[2026-08-12T04:39:27.267+0000] {processor.py:208} INFO - Processing /home/airflow/.local/lib/python3.12/site-packages/airflow/example_dags/example_workday_timetable.py took 0.147 seconds
[2026-08-12T04:39:57.690+0000] {processor.py:186} INFO - Started process (PID=932) to work on /home/airflow/.local/lib/python3.12/site-packages/airflow/example_dags/example_workday_timetable.py
[2026-08-12T04:39:57.693+0000] {processor.py:914} INFO - Processing file /home/airflow/.local/lib/python3.12/site-packages/airflow/example_dags/example_workday_timetable.py for tasks to queue
[2026-08-12T04:39:57.697+0000] {logging_mixin.py:190} INFO - [2026-08-12T04:39:57.697+0000] {dagbag.py:587} INFO - Filling up the DagBag from /home/airflow/.local/lib/python3.12/site-packages/airflow/example_dags/example_workday_timetable.py
[2026-08-12T04:39:57.707+0000] {processor.py:925} INFO - DAG(s) 'example_workday_timetable' retrieved from /home/airflow/.local/lib/python3.12/site-packages/airflow/example_dags/example_workday_timetable.py
[2026-08-12T04:39:57.729+0000] {logging_mixin.py:190} INFO - [2026-08-12T04:39:57.729+0000] {dag.py:3211} INFO - Sync 1 DAGs
[2026-08-12T04:39:57.790+0000] {logging_mixin.py:190} INFO - [2026-08-12T04:39:57.790+0000] {dag.py:4138} INFO - Setting next_dagrun for example_workday_timetable to 2021-01-04 00:00:00+00:00, run_after=2021-01-05 00:00:00+00:00
[2026-08-12T04:39:57.817+0000] {processor.py:208} INFO - Processing /home/airflow/.local/lib/python3.12/site-packages/airflow/example_dags/example_workday_timetable.py took 0.132 seconds
[2026-08-12T04:40:27.870+0000] {processor.py:186} INFO - Started process (PID=994) to work on /home/airflow/.local/lib/python3.12/site-packages/airflow/example_dags/example_workday_timetable.py
[2026-08-12T04:40:27.873+0000] {processor.py:914} INFO - Processing file /home/airflow/.local/lib/python3.12/site-packages/airflow/example_dags/example_workday_timetable.py for tasks to queue
[2026-08-12T04:40:27.878+0000] {logging_mixin.py:190} INFO - [2026-08-12T04:40:27.877+0000] {dagbag.py:587} INFO - Filling up the DagBag from /home/airflow/.local/lib/python3.12/site-packages/airflow/example_dags/example_workday_timetable.py
[2026-08-12T04:40:27.885+0000] {processor.py:925} INFO - DAG(s) 'example_workday_timetable' retrieved from /home/airflow/.local/lib/python3.12/site-packages/airflow/example_dags/example_workday_timetable.py
[2026-08-12T04:40:27.907+0000] {logging_mixin.py:190} INFO - [2026-08-12T04:40:27.906+0000] {dag.py:3211} INFO - Sync 1 DAGs
[2026-08-12T04:40:27.969+0000] {logging_mixin.py:190} INFO - [2026-08-12T04:40:27.969+0000] {dag.py:4138} INFO - Setting next_dagrun for example_workday_timetable to 2021-01-04 00:00:00+00:00, run_after=2021-01-05 00:00:00+00:00
[2026-08-12T04:40:27.989+0000] {processor.py:208} INFO - Processing /home/airflow/.local/lib/python3.12/site-packages/airflow/example_dags/example_workday_timetable.py took 0.125 seconds
[2026-08-12T04:40:58.097+0000] {processor.py:186} INFO - Started process (PID=1056) to work on /home/airflow/.local/lib/python3.12/site-packages/airflow/example_dags/example_workday_timetable.py
[2026-08-12T04:40:58.101+0000] {processor.py:914} INFO - Processing file /home/airflow/.local/lib/python3.12/site-packages/airflow/example_dags/example_workday_timetable.py for tasks to queue
[2026-08-12T04:40:58.106+0000] {logging_mixin.py:190} INFO - [2026-08-12T04:40:58.106+0000] {dagbag.py:587} INFO - Filling up the DagBag from /home/airflow/.local/lib/python3.12/site-packages/airflow/example_dags/example_workday_timetable.py
[2026-08-12T04:40:58.114+0000] {processor.py:925} INFO - DAG(s) 'example_workday_timetable' retrieved from /home/airflow/.local/lib/python3.12/site-packages/airflow/example_dags/example_workday_timetable.py
[2026-08-12T04:40:58.145+0000] {logging_mixin.py:190} INFO - [2026-08-12T04:40:58.145+0000] {dag.py:3211} INFO - Sync 1 DAGs
[2026-08-12T04:40:58.209+0000] {logging_mixin.py:190} INFO - [2026-08-12T04:40:58.209+0000] {dag.py:4138} INFO - Setting next_dagrun for example_workday_timetable to 2021-01-04 00:00:00+00:00, run_after=2021-01-05 00:00:00+00:00
[2026-08-12T04:40:58.237+0000] {processor.py:208} INFO - Processing /home/airflow/.local/lib/python3.12/site-packages/airflow/example_dags/example_workday_timetable.py took 0.148 seconds
[2026-08-12T04:41:28.688+0000] {processor.py:186} INFO - Started process (PID=1118) to work on /home/airflow/.local/lib/python3.12/site-packages/airflow/example_dags/example_workday_timetable.py
[2026-08-12T04:41:28.691+0000] {processor.py:914} INFO - Processing file /home/airflow/.local/lib/python3.12/site-packages/airflow/example_dags/example_workday_timetable.py for tasks to queue
[2026-08-12T04:41:28.697+0000] {logging_mixin.py:190} INFO - [2026-08-12T04:41:28.696+0000] {dagbag.py:587} INFO - Filling up the DagBag from /home/airflow/.local/lib/python3.12/site-packages/airflow/example_dags/example_workday_timetable.py
[2026-08-12T04:41:28.707+0000] {processor.py:925} INFO - DAG(s) 'example_workday_timetable' retrieved from /home/airflow/.local/lib/python3.12/site-packages/airflow/example_dags/example_workday_timetable.py
[2026-08-12T04:41:28.736+0000] {logging_mixin.py:190} INFO - [2026-08-12T04:41:28.736+0000] {dag.py:3211} INFO - Sync 1 DAGs
[2026-08-12T04:41:28.810+0000] {logging_mixin.py:190} INFO - [2026-08-12T04:41:28.809+0000] {dag.py:4138} INFO - Setting next_dagrun for example_workday_timetable to 2021-01-04 00:00:00+00:00, run_after=2021-01-05 00:00:00+00:00
[2026-08-12T04:41:28.838+0000] {processor.py:208} INFO - Processing /home/airflow/.local/lib/python3.12/site-packages/airflow/example_dags/example_workday_timetable.py took 0.156 seconds
[2026-08-12T04:41:59.553+0000] {processor.py:186} INFO - Started process (PID=1180) to work on /home/airflow/.local/lib/python3.12/site-packages/airflow/example_dags/example_workday_timetable.py
[2026-08-12T04:41:59.556+0000] {processor.py:914} INFO - Processing file /home/airflow/.local/lib/python3.12/site-packages/airflow/example_dags/example_workday_timetable.py for tasks to queue
[2026-08-12T04:41:59.562+0000] {logging_mixin.py:190} INFO - [2026-08-12T04:41:59.562+0000] {dagbag.py:587} INFO - Filling up the DagBag from /home/airflow/.local/lib/python3.12/site-packages/airflow/example_dags/example_workday_timetable.py
[2026-08-12T04:41:59.571+0000] {processor.py:925} INFO - DAG(s) 'example_workday_timetable' retrieved from /home/airflow/.local/lib/python3.12/site-packages/airflow/example_dags/example_workday_timetable.py
[2026-08-12T04:41:59.593+0000] {logging_mixin.py:190} INFO - [2026-08-12T04:41:59.593+0000] {dag.py:3211} INFO - Sync 1 DAGs
[2026-08-12T04:41:59.653+0000] {logging_mixin.py:190} INFO - [2026-08-12T04:41:59.653+0000] {dag.py:4138} INFO - Setting next_dagrun for example_workday_timetable to 2021-01-04 00:00:00+00:00, run_after=2021-01-05 00:00:00+00:00
[2026-08-12T04:41:59.690+0000] {processor.py:208} INFO - Processing /home/airflow/.local/lib/python3.12/site-packages/airflow/example_dags/example_workday_timetable.py took 0.150 seconds
[2026-08-12T04:42:30.088+0000] {processor.py:186} INFO - Started process (PID=1242) to work on /home/airflow/.local/lib/python3.12/site-packages/airflow/example_dags/example_workday_timetable.py
[2026-08-12T04:42:30.091+0000] {processor.py:914} INFO - Processing file /home/airflow/.local/lib/python3.12/site-packages/airflow/example_dags/example_workday_timetable.py for tasks to queue
[2026-08-12T04:42:30.097+0000] {logging_mixin.py:190} INFO - [2026-08-12T04:42:30.096+0000] {dagbag.py:587} INFO - Filling up the DagBag from /home/airflow/.local/lib/python3.12/site-packages/airflow/example_dags/example_workday_timetable.py
[2026-08-12T04:42:30.113+0000] {processor.py:925} INFO - DAG(s) 'example_workday_timetable' retrieved from /home/airflow/.local/lib/python3.12/site-packages/airflow/example_dags/example_workday_timetable.py
[2026-08-12T04:42:30.156+0000] {logging_mixin.py:190} INFO - [2026-08-12T04:42:30.156+0000] {dag.py:3211} INFO - Sync 1 DAGs
[2026-08-12T04:42:30.221+0000] {logging_mixin.py:190} INFO - [2026-08-12T04:42:30.220+0000] {dag.py:4138} INFO - Setting next_dagrun for example_workday_timetable to 2021-01-04 00:00:00+00:00, run_after=2021-01-05 00:00:00+00:00
[2026-08-12T04:42:30.245+0000] {processor.py:208} INFO - Processing /home/airflow/.local/lib/python3.12/site-packages/airflow/example_dags/example_workday_timetable.py took 0.165 seconds
[2026-08-12T04:43:01.028+0000] {processor.py:186} INFO - Started process (PID=1304) to work on /home/airflow/.local/lib/python3.12/site-packages/airflow/example_dags/example_workday_timetable.py
[2026-08-12T04:43:01.032+0000] {processor.py:914} INFO - Processing file /home/airflow/.local/lib/python3.12/site-packages/airflow/example_dags/example_workday_timetable.py for tasks to queue
[2026-08-12T04:43:01.039+0000] {logging_mixin.py:190} INFO - [2026-08-12T04:43:01.039+0000] {dagbag.py:587} INFO - Filling up the DagBag from /home/airflow/.local/lib/python3.12/site-packages/airflow/example_dags/example_workday_timetable.py
[2026-08-12T04:43:01.052+0000] {processor.py:925} INFO - DAG(s) 'example_workday_timetable' retrieved from /home/airflow/.local/lib/python3.12/site-packages/airflow/example_dags/example_workday_timetable.py
[2026-08-12T04:43:01.079+0000] {logging_mixin.py:190} INFO - [2026-08-12T04:43:01.078+0000] {dag.py:3211} INFO - Sync 1 DAGs
[2026-08-12T04:43:01.144+0000] {logging_mixin.py:190} INFO - [2026-08-12T04:43:01.144+0000] {dag.py:4138} INFO - Setting next_dagrun for example_workday_timetable to 2021-01-04 00:00:00+00:00, run_after=2021-01-05 00:00:00+00:00
[2026-08-12T04:43:01.169+0000] {processor.py:208} INFO - Processing /home/airflow/.local/lib/python3.12/site-packages/airflow/example_dags/example_workday_timetable.py took 0.152 seconds
[2026-08-12T04:43:31.899+0000] {processor.py:186} INFO - Started process (PID=1366) to work on /home/airflow/.local/lib/python3.12/site-packages/airflow/example_dags/example_workday_timetable.py
[2026-08-12T04:43:31.902+0000] {processor.py:914} INFO - Processing file /home/airflow/.local/lib/python3.12/site-packages/airflow/example_dags/example_workday_timetable.py for tasks to queue
[2026-08-12T04:43:31.906+0000] {logging_mixin.py:190} INFO - [2026-08-12T04:43:31.905+0000] {dagbag.py:587} INFO - Filling up the DagBag from /home/airflow/.local/lib/python3.12/site-packages/airflow/example_dags/example_workday_timetable.py
[2026-08-12T04:43:31.917+0000] {processor.py:925} INFO - DAG(s) 'example_workday_timetable' retrieved from /home/airflow/.local/lib/python3.12/site-packages/airflow/example_dags/example_workday_timetable.py
[2026-08-12T04:43:31.951+0000] {logging_mixin.py:190} INFO - [2026-08-12T04:43:31.950+0000] {dag.py:3211} INFO - Sync 1 DAGs
[2026-08-12T04:43:32.077+0000] {logging_mixin.py:190} INFO - [2026-08-12T04:43:32.077+0000] {dag.py:4138} INFO - Setting next_dagrun for example_workday_timetable to 2021-01-04 00:00:00+00:00, run_after=2021-01-05 00:00:00+00:00
[2026-08-12T04:43:32.121+0000] {processor.py:208} INFO - Processing /home/airflow/.local/lib/python3.12/site-packages/airflow/example_dags/example_workday_timetable.py took 0.230 seconds
[2026-08-12T04:44:02.451+0000] {processor.py:186} INFO - Started process (PID=1428) to work on /home/airflow/.local/lib/python3.12/site-packages/airflow/example_dags/example_workday_timetable.py
[2026-08-12T04:44:02.454+0000] {processor.py:914} INFO - Processing file /home/airflow/.local/lib/python3.12/site-packages/airflow/example_dags/example_workday_timetable.py for tasks to queue
[2026-08-12T04:44:02.459+0000] {logging_mixin.py:190} INFO - [2026-08-12T04:44:02.458+0000] {dagbag.py:587} INFO - Filling up the DagBag from /home/airflow/.local/lib/python3.12/site-packages/airflow/example_dags/example_workday_timetable.py
[2026-08-12T04:44:02.466+0000] {processor.py:925} INFO - DAG(s) 'example_workday_timetable' retrieved from /home/airflow/.local/lib/python3.12/site-packages/airflow/example_dags/example_workday_timetable.py
[2026-08-12T04:44:02.490+0000] {logging_mixin.py:190} INFO - [2026-08-12T04:44:02.490+0000] {dag.py:3211} INFO - Sync 1 DAGs
[2026-08-12T04:44:02.555+0000] {logging_mixin.py:190} INFO - [2026-08-12T04:44:02.554+0000] {dag.py:4138} INFO - Setting next_dagrun for example_workday_timetable to 2021-01-04 00:00:00+00:00, run_after=2021-01-05 00:00:00+00:00
[2026-08-12T04:44:02.579+0000] {processor.py:208} INFO - Processing /home/airflow/.local/lib/python3.12/site-packages/airflow/example_dags/example_workday_timetable.py took 0.133 seconds
[2026-08-12T04:44:32.942+0000] {processor.py:186} INFO - Started process (PID=1490) to work on /home/airflow/.local/lib/python3.12/site-packages/airflow/example_dags/example_workday_timetable.py
[2026-08-12T04:44:32.947+0000] {processor.py:914} INFO - Processing file /home/airflow/.local/lib/python3.12/site-packages/airflow/example_dags/example_workday_timetable.py for tasks to queue
[2026-08-12T04:44:32.954+0000] {logging_mixin.py:190} INFO - [2026-08-12T04:44:32.953+0000] {dagbag.py:587} INFO - Filling up the DagBag from /home/airflow/.local/lib/python3.12/site-packages/airflow/example_dags/example_workday_timetable.py
[2026-08-12T04:44:32.966+0000] {processor.py:925} INFO - DAG(s) 'example_workday_timetable' retrieved from /home/airflow/.local/lib/python3.12/site-packages/airflow/example_dags/example_workday_timetable.py
[2026-08-12T04:44:32.996+0000] {logging_mixin.py:190} INFO - [2026-08-12T04:44:32.996+0000] {dag.py:3211} INFO - Sync 1 DAGs
[2026-08-12T04:44:33.092+0000] {logging_mixin.py:190} INFO - [2026-08-12T04:44:33.092+0000] {dag.py:4138} INFO - Setting next_dagrun for example_workday_timetable to 2021-01-04 00:00:00+00:00, run_after=2021-01-05 00:00:00+00:00
[2026-08-12T04:44:33.124+0000] {processor.py:208} INFO - Processing /home/airflow/.local/lib/python3.12/site-packages/airflow/example_dags/example_workday_timetable.py took 0.192 seconds
[2026-08-12T04:45:03.570+0000] {processor.py:186} INFO - Started process (PID=1552) to work on /home/airflow/.local/lib/python3.12/site-packages/airflow/example_dags/example_workday_timetable.py
[2026-08-12T04:45:03.572+0000] {processor.py:914} INFO - Processing file /home/airflow/.local/lib/python3.12/site-packages/airflow/example_dags/example_workday_timetable.py for tasks to queue
[2026-08-12T04:45:03.577+0000] {logging_mixin.py:190} INFO - [2026-08-12T04:45:03.576+0000] {dagbag.py:587} INFO - Filling up the DagBag from /home/airflow/.local/lib/python3.12/site-packages/airflow/example_dags/example_workday_timetable.py
[2026-08-12T04:45:03.585+0000] {processor.py:925} INFO - DAG(s) 'example_workday_timetable' retrieved from /home/airflow/.local/lib/python3.12/site-packages/airflow/example_dags/example_workday_timetable.py
[2026-08-12T04:45:03.615+0000] {logging_mixin.py:190} INFO - [2026-08-12T04:45:03.615+0000] {dag.py:3211} INFO - Sync 1 DAGs
[2026-08-12T04:45:03.700+0000] {logging_mixin.py:190} INFO - [2026-08-12T04:45:03.700+0000] {dag.py:4138} INFO - Setting next_dagrun for example_workday_timetable to 2021-01-04 00:00:00+00:00, run_after=2021-01-05 00:00:00+00:00
[2026-08-12T04:45:03.729+0000] {processor.py:208} INFO - Processing /home/airflow/.local/lib/python3.12/site-packages/airflow/example_dags/example_workday_timetable.py took 0.167 seconds
[2026-08-12T04:45:34.491+0000] {processor.py:186} INFO - Started process (PID=1614) to work on /home/airflow/.local/lib/python3.12/site-packages/airflow/example_dags/example_workday_timetable.py
[2026-08-12T04:45:34.494+0000] {processor.py:914} INFO - Processing file /home/airflow/.local/lib/python3.12/site-packages/airflow/example_dags/example_workday_timetable.py for tasks to queue
[2026-08-12T04:45:34.499+0000] {logging_mixin.py:190} INFO - [2026-08-12T04:45:34.498+0000] {dagbag.py:587} INFO - Filling up the DagBag from /home/airflow/.local/lib/python3.12/site-packages/airflow/example_dags/example_workday_timetable.py
[2026-08-12T04:45:34.510+0000] {processor.py:925} INFO - DAG(s) 'example_workday_timetable' retrieved from /home/airflow/.local/lib/python3.12/site-packages/airflow/example_dags/example_workday_timetable.py
[2026-08-12T04:45:34.536+0000] {logging_mixin.py:190} INFO - [2026-08-12T04:45:34.535+0000] {dag.py:3211} INFO - Sync 1 DAGs
[2026-08-12T04:45:34.603+0000] {logging_mixin.py:190} INFO - [2026-08-12T04:45:34.603+0000] {dag.py:4138} INFO - Setting next_dagrun for example_workday_timetable to 2021-01-04 00:00:00+00:00, run_after=2021-01-05 00:00:00+00:00
[2026-08-12T04:45:34.629+0000] {processor.py:208} INFO - Processing /home/airflow/.local/lib/python3.12/site-packages/airflow/example_dags/example_workday_timetable.py took 0.148 seconds
[2026-08-12T04:46:04.734+0000] {processor.py:186} INFO - Started process (PID=1676) to work on /home/airflow/.local/lib/python3.12/site-packages/airflow/example_dags/example_workday_timetable.py
[2026-08-12T04:46:04.737+0000] {processor.py:914} INFO - Processing file /home/airflow/.local/lib/python3.12/site-packages/airflow/example_dags/example_workday_timetable.py for tasks to queue
[2026-08-12T04:46:04.745+0000] {logging_mixin.py:190} INFO - [2026-08-12T04:46:04.745+0000] {dagbag.py:587} INFO - Filling up the DagBag from /home/airflow/.local/lib/python3.12/site-packages/airflow/example_dags/example_workday_timetable.py
[2026-08-12T04:46:04.754+0000] {processor.py:925} INFO - DAG(s) 'example_workday_timetable' retrieved from /home/airflow/.local/lib/python3.12/site-packages/airflow/example_dags/example_workday_timetable.py
[2026-08-12T04:46:04.777+0000] {logging_mixin.py:190} INFO - [2026-08-12T04:46:04.776+0000] {dag.py:3211} INFO - Sync 1 DAGs
[2026-08-12T04:46:04.836+0000] {logging_mixin.py:190} INFO - [2026-08-12T04:46:04.836+0000] {dag.py:4138} INFO - Setting next_dagrun for example_workday_timetable to 2021-01-04 00:00:00+00:00, run_after=2021-01-05 00:00:00+00:00
[2026-08-12T04:46:04.862+0000] {processor.py:208} INFO - Processing /home/airflow/.local/lib/python3.12/site-packages/airflow/example_dags/example_workday_timetable.py took 0.134 seconds
[2026-08-12T04:46:35.202+0000] {processor.py:186} INFO - Started process (PID=1738) to work on /home/airflow/.local/lib/python3.12/site-packages/airflow/example_dags/example_workday_timetable.py
[2026-08-12T04:46:35.204+0000] {processor.py:914} INFO - Processing file /home/airflow/.local/lib/python3.12/site-packages/airflow/example_dags/example_workday_timetable.py for tasks to queue
[2026-08-12T04:46:35.209+0000] {logging_mixin.py:190} INFO - [2026-08-12T04:46:35.208+0000] {dagbag.py:587} INFO - Filling up the DagBag from /home/airflow/.local/lib/python3.12/site-packages/airflow/example_dags/example_workday_timetable.py
[2026-08-12T04:46:35.220+0000] {processor.py:925} INFO - DAG(s) 'example_workday_timetable' retrieved from /home/airflow/.local/lib/python3.12/site-packages/airflow/example_dags/example_workday_timetable.py
[2026-08-12T04:46:35.252+0000] {logging_mixin.py:190} INFO - [2026-08-12T04:46:35.252+0000] {dag.py:3211} INFO - Sync 1 DAGs
[2026-08-12T04:46:35.323+0000] {logging_mixin.py:190} INFO - [2026-08-12T04:46:35.323+0000] {dag.py:4138} INFO - Setting next_dagrun for example_workday_timetable to 2021-01-04 00:00:00+00:00, run_after=2021-01-05 00:00:00+00:00
[2026-08-12T04:46:35.350+0000] {processor.py:208} INFO - Processing /home/airflow/.local/lib/python3.12/site-packages/airflow/example_dags/example_workday_timetable.py took 0.157 seconds
[2026-08-12T04:47:05.886+0000] {processor.py:186} INFO - Started process (PID=1801) to work on /home/airflow/.local/lib/python3.12/site-packages/airflow/example_dags/example_workday_timetable.py
[2026-08-12T04:47:05.890+0000] {processor.py:914} INFO - Processing file /home/airflow/.local/lib/python3.12/site-packages/airflow/example_dags/example_workday_timetable.py for tasks to queue
[2026-08-12T04:47:05.895+0000] {logging_mixin.py:190} INFO - [2026-08-12T04:47:05.894+0000] {dagbag.py:587} INFO - Filling up the DagBag from /home/airflow/.local/lib/python3.12/site-packages/airflow/example_dags/example_workday_timetable.py
[2026-08-12T04:47:05.903+0000] {processor.py:925} INFO - DAG(s) 'example_workday_timetable' retrieved from /home/airflow/.local/lib/python3.12/site-packages/airflow/example_dags/example_workday_timetable.py
[2026-08-12T04:47:05.930+0000] {logging_mixin.py:190} INFO - [2026-08-12T04:47:05.930+0000] {dag.py:3211} INFO - Sync 1 DAGs
[2026-08-12T04:47:05.987+0000] {logging_mixin.py:190} INFO - [2026-08-12T04:47:05.987+0000] {dag.py:4138} INFO - Setting next_dagrun for example_workday_timetable to 2021-01-04 00:00:00+00:00, run_after=2021-01-05 00:00:00+00:00
[2026-08-12T04:47:06.010+0000] {processor.py:208} INFO - Processing /home/airflow/.local/lib/python3.12/site-packages/airflow/example_dags/example_workday_timetable.py took 0.130 seconds
[2026-08-12T04:47:36.556+0000] {processor.py:186} INFO - Started process (PID=1863) to work on /home/airflow/.local/lib/python3.12/site-packages/airflow/example_dags/example_workday_timetable.py
[2026-08-12T04:47:36.559+0000] {processor.py:914} INFO - Processing file /home/airflow/.local/lib/python3.12/site-packages/airflow/example_dags/example_workday_timetable.py for tasks to queue
[2026-08-12T04:47:36.566+0000] {logging_mixin.py:190} INFO - [2026-08-12T04:47:36.565+0000] {dagbag.py:587} INFO - Filling up the DagBag from /home/airflow/.local/lib/python3.12/site-packages/airflow/example_dags/example_workday_timetable.py
[2026-08-12T04:47:36.575+0000] {processor.py:925} INFO - DAG(s) 'example_workday_timetable' retrieved from /home/airflow/.local/lib/python3.12/site-packages/airflow/example_dags/example_workday_timetable.py
[2026-08-12T04:47:36.599+0000] {logging_mixin.py:190} INFO - [2026-08-12T04:47:36.598+0000] {dag.py:3211} INFO - Sync 1 DAGs
[2026-08-12T04:47:36.657+0000] {logging_mixin.py:190} INFO - [2026-08-12T04:47:36.657+0000] {dag.py:4138} INFO - Setting next_dagrun for example_workday_timetable to 2021-01-04 00:00:00+00:00, run_after=2021-01-05 00:00:00+00:00
[2026-08-12T04:47:36.680+0000] {processor.py:208} INFO - Processing /home/airflow/.local/lib/python3.12/site-packages/airflow/example_dags/example_workday_timetable.py took 0.135 seconds
[2026-08-12T04:48:07.300+0000] {processor.py:186} INFO - Started process (PID=1925) to work on /home/airflow/.local/lib/python3.12/site-packages/airflow/example_dags/example_workday_timetable.py
[2026-08-12T04:48:07.303+0000] {processor.py:914} INFO - Processing file /home/airflow/.local/lib/python3.12/site-packages/airflow/example_dags/example_workday_timetable.py for tasks to queue
[2026-08-12T04:48:07.308+0000] {logging_mixin.py:190} INFO - [2026-08-12T04:48:07.307+0000] {dagbag.py:587} INFO - Filling up the DagBag from /home/airflow/.local/lib/python3.12/site-packages/airflow/example_dags/example_workday_timetable.py
[2026-08-12T04:48:07.315+0000] {processor.py:925} INFO - DAG(s) 'example_workday_timetable' retrieved from /home/airflow/.local/lib/python3.12/site-packages/airflow/example_dags/example_workday_timetable.py
[2026-08-12T04:48:07.343+0000] {logging_mixin.py:190} INFO - [2026-08-12T04:48:07.342+0000] {dag.py:3211} INFO - Sync 1 DAGs
[2026-08-12T04:48:07.399+0000] {logging_mixin.py:190} INFO - [2026-08-12T04:48:07.399+0000] {dag.py:4138} INFO - Setting next_dagrun for example_workday_timetable to 2021-01-04 00:00:00+00:00, run_after=2021-01-05 00:00:00+00:00
[2026-08-12T04:48:07.430+0000] {processor.py:208} INFO - Processing /home/airflow/.local/lib/python3.12/site-packages/airflow/example_dags/example_workday_timetable.py took 0.136 seconds
[2026-08-12T04:48:37.606+0000] {processor.py:186} INFO - Started process (PID=1987) to work on /home/airflow/.local/lib/python3.12/site-packages/airflow/example_dags/example_workday_timetable.py
[2026-08-12T04:48:37.608+0000] {processor.py:914} INFO - Processing file /home/airflow/.local/lib/python3.12/site-packages/airflow/example_dags/example_workday_timetable.py for tasks to queue
[2026-08-12T04:48:37.612+0000] {logging_mixin.py:190} INFO - [2026-08-12T04:48:37.612+0000] {dagbag.py:587} INFO - Filling up the DagBag from /home/airflow/.local/lib/python3.12/site-packages/airflow/example_dags/example_workday_timetable.py
[2026-08-12T04:48:37.619+0000] {processor.py:925} INFO - DAG(s) 'example_workday_timetable' retrieved from /home/airflow/.local/lib/python3.12/site-packages/airflow/example_dags/example_workday_timetable.py
[2026-08-12T04:48:37.643+0000] {logging_mixin.py:190} INFO - [2026-08-12T04:48:37.642+0000] {dag.py:3211} INFO - Sync 1 DAGs
[2026-08-12T04:48:37.705+0000] {logging_mixin.py:190} INFO - [2026-08-12T04:48:37.705+0000] {dag.py:4138} INFO - Setting next_dagrun for example_workday_timetable to 2021-01-04 00:00:00+00:00, run_after=2021-01-05 00:00:00+00:00
[2026-08-12T04:48:37.736+0000] {processor.py:208} INFO - Processing /home/airflow/.local/lib/python3.12/site-packages/airflow/example_dags/example_workday_timetable.py took 0.137 seconds
[2026-08-12T04:49:08.628+0000] {processor.py:186} INFO - Started process (PID=2049) to work on /home/airflow/.local/lib/python3.12/site-packages/airflow/example_dags/example_workday_timetable.py
[2026-08-12T04:49:08.630+0000] {processor.py:914} INFO - Processing file /home/airflow/.local/lib/python3.12/site-packages/airflow/example_dags/example_workday_timetable.py for tasks to queue
[2026-08-12T04:49:08.637+0000] {logging_mixin.py:190} INFO - [2026-08-12T04:49:08.636+0000] {dagbag.py:587} INFO - Filling up the DagBag from /home/airflow/.local/lib/python3.12/site-packages/airflow/example_dags/example_workday_timetable.py
[2026-08-12T04:49:08.648+0000] {processor.py:925} INFO - DAG(s) 'example_workday_timetable' retrieved from /home/airflow/.local/lib/python3.12/site-packages/airflow/example_dags/example_workday_timetable.py
[2026-08-12T04:49:08.673+0000] {logging_mixin.py:190} INFO - [2026-08-12T04:49:08.673+0000] {dag.py:3211} INFO - Sync 1 DAGs
[2026-08-12T04:49:08.740+0000] {logging_mixin.py:190} INFO - [2026-08-12T04:49:08.739+0000] {dag.py:4138} INFO - Setting next_dagrun for example_workday_timetable to 2021-01-04 00:00:00+00:00, run_after=2021-01-05 00:00:00+00:00
[2026-08-12T04:49:08.767+0000] {processor.py:208} INFO - Processing /home/airflow/.local/lib/python3.12/site-packages/airflow/example_dags/example_workday_timetable.py took 0.146 seconds
[2026-08-12T04:49:39.342+0000] {processor.py:186} INFO - Started process (PID=2111) to work on /home/airflow/.local/lib/python3.12/site-packages/airflow/example_dags/example_workday_timetable.py
[2026-08-12T04:49:39.345+0000] {processor.py:914} INFO - Processing file /home/airflow/.local/lib/python3.12/site-packages/airflow/example_dags/example_workday_timetable.py for tasks to queue
[2026-08-12T04:49:39.349+0000] {logging_mixin.py:190} INFO - [2026-08-12T04:49:39.349+0000] {dagbag.py:587} INFO - Filling up the DagBag from /home/airflow/.local/lib/python3.12/site-packages/airflow/example_dags/example_workday_timetable.py
[2026-08-12T04:49:39.358+0000] {processor.py:925} INFO - DAG(s) 'example_workday_timetable' retrieved from /home/airflow/.local/lib/python3.12/site-packages/airflow/example_dags/example_workday_timetable.py
[2026-08-12T04:49:39.383+0000] {logging_mixin.py:190} INFO - [2026-08-12T04:49:39.383+0000] {dag.py:3211} INFO - Sync 1 DAGs
[2026-08-12T04:49:39.448+0000] {logging_mixin.py:190} INFO - [2026-08-12T04:49:39.448+0000] {dag.py:4138} INFO - Setting next_dagrun for example_workday_timetable to 2021-01-04 00:00:00+00:00, run_after=2021-01-05 00:00:00+00:00
[2026-08-12T04:49:39.474+0000] {processor.py:208} INFO - Processing /home/airflow/.local/lib/python3.12/site-packages/airflow/example_dags/example_workday_timetable.py took 0.138 seconds
[2026-08-12T04:50:10.107+0000] {processor.py:186} INFO - Started process (PID=2173) to work on /home/airflow/.local/lib/python3.12/site-packages/airflow/example_dags/example_workday_timetable.py
[2026-08-12T04:50:10.110+0000] {processor.py:914} INFO - Processing file /home/airflow/.local/lib/python3.12/site-packages/airflow/example_dags/example_workday_timetable.py for tasks to queue
[2026-08-12T04:50:10.115+0000] {logging_mixin.py:190} INFO - [2026-08-12T04:50:10.114+0000] {dagbag.py:587} INFO - Filling up the DagBag from /home/airflow/.local/lib/python3.12/site-packages/airflow/example_dags/example_workday_timetable.py
[2026-08-12T04:50:10.122+0000] {processor.py:925} INFO - DAG(s) 'example_workday_timetable' retrieved from /home/airflow/.local/lib/python3.12/site-packages/airflow/example_dags/example_workday_timetable.py
[2026-08-12T04:50:10.148+0000] {logging_mixin.py:190} INFO - [2026-08-12T04:50:10.147+0000] {dag.py:3211} INFO - Sync 1 DAGs
[2026-08-12T04:50:10.206+0000] {logging_mixin.py:190} INFO - [2026-08-12T04:50:10.206+0000] {dag.py:4138} INFO - Setting next_dagrun for example_workday_timetable to 2021-01-04 00:00:00+00:00, run_after=2021-01-05 00:00:00+00:00
[2026-08-12T04:50:10.231+0000] {processor.py:208} INFO - Processing /home/airflow/.local/lib/python3.12/site-packages/airflow/example_dags/example_workday_timetable.py took 0.129 seconds
[2026-08-12T04:50:40.868+0000] {processor.py:186} INFO - Started process (PID=2235) to work on /home/airflow/.local/lib/python3.12/site-packages/airflow/example_dags/example_workday_timetable.py
[2026-08-12T04:50:40.871+0000] {processor.py:914} INFO - Processing file /home/airflow/.local/lib/python3.12/site-packages/airflow/example_dags/example_workday_timetable.py for tasks to queue
[2026-08-12T04:50:40.877+0000] {logging_mixin.py:190} INFO - [2026-08-12T04:50:40.877+0000] {dagbag.py:587} INFO - Filling up the DagBag from /home/airflow/.local/lib/python3.12/site-packages/airflow/example_dags/example_workday_timetable.py
[2026-08-12T04:50:40.891+0000] {processor.py:925} INFO - DAG(s) 'example_workday_timetable' retrieved from /home/airflow/.local/lib/python3.12/site-packages/airflow/example_dags/example_workday_timetable.py
[2026-08-12T04:50:40.919+0000] {logging_mixin.py:190} INFO - [2026-08-12T04:50:40.918+0000] {dag.py:3211} INFO - Sync 1 DAGs
[2026-08-12T04:50:40.984+0000] {logging_mixin.py:190} INFO - [2026-08-12T04:50:40.984+0000] {dag.py:4138} INFO - Setting next_dagrun for example_workday_timetable to 2021-01-04 00:00:00+00:00, run_after=2021-01-05 00:00:00+00:00
[2026-08-12T04:50:41.007+0000] {processor.py:208} INFO - Processing /home/airflow/.local/lib/python3.12/site-packages/airflow/example_dags/example_workday_timetable.py took 0.147 seconds
[2026-08-12T04:51:11.734+0000] {processor.py:186} INFO - Started process (PID=2297) to work on /home/airflow/.local/lib/python3.12/site-packages/airflow/example_dags/example_workday_timetable.py
[2026-08-12T04:51:11.737+0000] {processor.py:914} INFO - Processing file /home/airflow/.local/lib/python3.12/site-packages/airflow/example_dags/example_workday_timetable.py for tasks to queue
[2026-08-12T04:51:11.748+0000] {logging_mixin.py:190} INFO - [2026-08-12T04:51:11.748+0000] {dagbag.py:587} INFO - Filling up the DagBag from /home/airflow/.local/lib/python3.12/site-packages/airflow/example_dags/example_workday_timetable.py
[2026-08-12T04:51:11.756+0000] {processor.py:925} INFO - DAG(s) 'example_workday_timetable' retrieved from /home/airflow/.local/lib/python3.12/site-packages/airflow/example_dags/example_workday_timetable.py
[2026-08-12T04:51:11.778+0000] {logging_mixin.py:190} INFO - [2026-08-12T04:51:11.777+0000] {dag.py:3211} INFO - Sync 1 DAGs
[2026-08-12T04:51:11.834+0000] {logging_mixin.py:190} INFO - [2026-08-12T04:51:11.834+0000] {dag.py:4138} INFO - Setting next_dagrun for example_workday_timetable to 2021-01-04 00:00:00+00:00, run_after=2021-01-05 00:00:00+00:00
[2026-08-12T04:51:11.855+0000] {processor.py:208} INFO - Processing /home/airflow/.local/lib/python3.12/site-packages/airflow/example_dags/example_workday_timetable.py took 0.126 seconds
[2026-08-12T04:51:42.061+0000] {processor.py:186} INFO - Started process (PID=2359) to work on /home/airflow/.local/lib/python3.12/site-packages/airflow/example_dags/example_workday_timetable.py
[2026-08-12T04:51:42.065+0000] {processor.py:914} INFO - Processing file /home/airflow/.local/lib/python3.12/site-packages/airflow/example_dags/example_workday_timetable.py for tasks to queue
[2026-08-12T04:51:42.072+0000] {logging_mixin.py:190} INFO - [2026-08-12T04:51:42.071+0000] {dagbag.py:587} INFO - Filling up the DagBag from /home/airflow/.local/lib/python3.12/site-packages/airflow/example_dags/example_workday_timetable.py
[2026-08-12T04:51:42.083+0000] {processor.py:925} INFO - DAG(s) 'example_workday_timetable' retrieved from /home/airflow/.local/lib/python3.12/site-packages/airflow/example_dags/example_workday_timetable.py
[2026-08-12T04:51:42.117+0000] {logging_mixin.py:190} INFO - [2026-08-12T04:51:42.117+0000] {dag.py:3211} INFO - Sync 1 DAGs
[2026-08-12T04:51:42.177+0000] {logging_mixin.py:190} INFO - [2026-08-12T04:51:42.177+0000] {dag.py:4138} INFO - Setting next_dagrun for example_workday_timetable to 2021-01-04 00:00:00+00:00, run_after=2021-01-05 00:00:00+00:00
[2026-08-12T04:51:42.203+0000] {processor.py:208} INFO - Processing /home/airflow/.local/lib/python3.12/site-packages/airflow/example_dags/example_workday_timetable.py took 0.154 seconds
[2026-08-12T04:52:12.348+0000] {processor.py:186} INFO - Started process (PID=2421) to work on /home/airflow/.local/lib/python3.12/site-packages/airflow/example_dags/example_workday_timetable.py
[2026-08-12T04:52:12.350+0000] {processor.py:914} INFO - Processing file /home/airflow/.local/lib/python3.12/site-packages/airflow/example_dags/example_workday_timetable.py for tasks to queue
[2026-08-12T04:52:12.355+0000] {logging_mixin.py:190} INFO - [2026-08-12T04:52:12.354+0000] {dagbag.py:587} INFO - Filling up the DagBag from /home/airflow/.local/lib/python3.12/site-packages/airflow/example_dags/example_workday_timetable.py
[2026-08-12T04:52:12.363+0000] {processor.py:925} INFO - DAG(s) 'example_workday_timetable' retrieved from /home/airflow/.local/lib/python3.12/site-packages/airflow/example_dags/example_workday_timetable.py
[2026-08-12T04:52:12.392+0000] {logging_mixin.py:190} INFO - [2026-08-12T04:52:12.392+0000] {dag.py:3211} INFO - Sync 1 DAGs
[2026-08-12T04:52:12.464+0000] {logging_mixin.py:190} INFO - [2026-08-12T04:52:12.464+0000] {dag.py:4138} INFO - Setting next_dagrun for example_workday_timetable to 2021-01-04 00:00:00+00:00, run_after=2021-01-05 00:00:00+00:00
[2026-08-12T04:52:12.494+0000] {processor.py:208} INFO - Processing /home/airflow/.local/lib/python3.12/site-packages/airflow/example_dags/example_workday_timetable.py took 0.154 seconds
[2026-08-12T04:52:42.961+0000] {processor.py:186} INFO - Started process (PID=2483) to work on /home/airflow/.local/lib/python3.12/site-packages/airflow/example_dags/example_workday_timetable.py
[2026-08-12T04:52:42.963+0000] {processor.py:914} INFO - Processing file /home/airflow/.local/lib/python3.12/site-packages/airflow/example_dags/example_workday_timetable.py for tasks to queue
[2026-08-12T04:52:42.967+0000] {logging_mixin.py:190} INFO - [2026-08-12T04:52:42.967+0000] {dagbag.py:587} INFO - Filling up the DagBag from /home/airflow/.local/lib/python3.12/site-packages/airflow/example_dags/example_workday_timetable.py
[2026-08-12T04:52:42.979+0000] {processor.py:925} INFO - DAG(s) 'example_workday_timetable' retrieved from /home/airflow/.local/lib/python3.12/site-packages/airflow/example_dags/example_workday_timetable.py
[2026-08-12T04:52:43.004+0000] {logging_mixin.py:190} INFO - [2026-08-12T04:52:43.004+0000] {dag.py:3211} INFO - Sync 1 DAGs
[2026-08-12T04:52:43.072+0000] {logging_mixin.py:190} INFO - [2026-08-12T04:52:43.072+0000] {dag.py:4138} INFO - Setting next_dagrun for example_workday_timetable to 2021-01-04 00:00:00+00:00, run_after=2021-01-05 00:00:00+00:00
[2026-08-12T04:52:43.101+0000] {processor.py:208} INFO - Processing /home/airflow/.local/lib/python3.12/site-packages/airflow/example_dags/example_workday_timetable.py took 0.147 seconds
[2026-08-12T04:53:13.488+0000] {processor.py:186} INFO - Started process (PID=2547) to work on /home/airflow/.local/lib/python3.12/site-packages/airflow/example_dags/example_workday_timetable.py
[2026-08-12T04:53:13.490+0000] {processor.py:914} INFO - Processing file /home/airflow/.local/lib/python3.12/site-packages/airflow/example_dags/example_workday_timetable.py for tasks to queue
[2026-08-12T04:53:13.496+0000] {logging_mixin.py:190} INFO - [2026-08-12T04:53:13.495+0000] {dagbag.py:587} INFO - Filling up the DagBag from /home/airflow/.local/lib/python3.12/site-packages/airflow/example_dags/example_workday_timetable.py
[2026-08-12T04:53:13.506+0000] {processor.py:925} INFO - DAG(s) 'example_workday_timetable' retrieved from /home/airflow/.local/lib/python3.12/site-packages/airflow/example_dags/example_workday_timetable.py
[2026-08-12T04:53:13.543+0000] {logging_mixin.py:190} INFO - [2026-08-12T04:53:13.543+0000] {dag.py:3211} INFO - Sync 1 DAGs
[2026-08-12T04:53:13.650+0000] {logging_mixin.py:190} INFO - [2026-08-12T04:53:13.650+0000] {dag.py:4138} INFO - Setting next_dagrun for example_workday_timetable to 2021-01-04 00:00:00+00:00, run_after=2021-01-05 00:00:00+00:00
[2026-08-12T04:53:13.685+0000] {processor.py:208} INFO - Processing /home/airflow/.local/lib/python3.12/site-packages/airflow/example_dags/example_workday_timetable.py took 0.207 seconds
[2026-08-12T04:53:44.058+0000] {processor.py:186} INFO - Started process (PID=2610) to work on /home/airflow/.local/lib/python3.12/site-packages/airflow/example_dags/example_workday_timetable.py
[2026-08-12T04:53:44.062+0000] {processor.py:914} INFO - Processing file /home/airflow/.local/lib/python3.12/site-packages/airflow/example_dags/example_workday_timetable.py for tasks to queue
[2026-08-12T04:53:44.067+0000] {logging_mixin.py:190} INFO - [2026-08-12T04:53:44.066+0000] {dagbag.py:587} INFO - Filling up the DagBag from /home/airflow/.local/lib/python3.12/site-packages/airflow/example_dags/example_workday_timetable.py
[2026-08-12T04:53:44.076+0000] {processor.py:925} INFO - DAG(s) 'example_workday_timetable' retrieved from /home/airflow/.local/lib/python3.12/site-packages/airflow/example_dags/example_workday_timetable.py
[2026-08-12T04:53:44.102+0000] {logging_mixin.py:190} INFO - [2026-08-12T04:53:44.102+0000] {dag.py:3211} INFO - Sync 1 DAGs
[2026-08-12T04:53:44.166+0000] {logging_mixin.py:190} INFO - [2026-08-12T04:53:44.166+0000] {dag.py:4138} INFO - Setting next_dagrun for example_workday_timetable to 2021-01-04 00:00:00+00:00, run_after=2021-01-05 00:00:00+00:00
[2026-08-12T04:53:44.190+0000] {processor.py:208} INFO - Processing /home/airflow/.local/lib/python3.12/site-packages/airflow/example_dags/example_workday_timetable.py took 0.145 seconds
[2026-08-12T04:54:14.320+0000] {processor.py:186} INFO - Started process (PID=2673) to work on /home/airflow/.local/lib/python3.12/site-packages/airflow/example_dags/example_workday_timetable.py
[2026-08-12T04:54:14.323+0000] {processor.py:914} INFO - Processing file /home/airflow/.local/lib/python3.12/site-packages/airflow/example_dags/example_workday_timetable.py for tasks to queue
[2026-08-12T04:54:14.330+0000] {logging_mixin.py:190} INFO - [2026-08-12T04:54:14.328+0000] {dagbag.py:587} INFO - Filling up the DagBag from /home/airflow/.local/lib/python3.12/site-packages/airflow/example_dags/example_workday_timetable.py
[2026-08-12T04:54:14.338+0000] {processor.py:925} INFO - DAG(s) 'example_workday_timetable' retrieved from /home/airflow/.local/lib/python3.12/site-packages/airflow/example_dags/example_workday_timetable.py
[2026-08-12T04:54:14.367+0000] {logging_mixin.py:190} INFO - [2026-08-12T04:54:14.367+0000] {dag.py:3211} INFO - Sync 1 DAGs
[2026-08-12T04:54:14.429+0000] {logging_mixin.py:190} INFO - [2026-08-12T04:54:14.429+0000] {dag.py:4138} INFO - Setting next_dagrun for example_workday_timetable to 2021-01-04 00:00:00+00:00, run_after=2021-01-05 00:00:00+00:00
[2026-08-12T04:54:14.452+0000] {processor.py:208} INFO - Processing /home/airflow/.local/lib/python3.12/site-packages/airflow/example_dags/example_workday_timetable.py took 0.140 seconds
[2026-08-12T04:54:44.858+0000] {processor.py:186} INFO - Started process (PID=2735) to work on /home/airflow/.local/lib/python3.12/site-packages/airflow/example_dags/example_workday_timetable.py
[2026-08-12T04:54:44.861+0000] {processor.py:914} INFO - Processing file /home/airflow/.local/lib/python3.12/site-packages/airflow/example_dags/example_workday_timetable.py for tasks to queue
[2026-08-12T04:54:44.865+0000] {logging_mixin.py:190} INFO - [2026-08-12T04:54:44.865+0000] {dagbag.py:587} INFO - Filling up the DagBag from /home/airflow/.local/lib/python3.12/site-packages/airflow/example_dags/example_workday_timetable.py
[2026-08-12T04:54:44.874+0000] {processor.py:925} INFO - DAG(s) 'example_workday_timetable' retrieved from /home/airflow/.local/lib/python3.12/site-packages/airflow/example_dags/example_workday_timetable.py
[2026-08-12T04:54:44.898+0000] {logging_mixin.py:190} INFO - [2026-08-12T04:54:44.897+0000] {dag.py:3211} INFO - Sync 1 DAGs
[2026-08-12T04:54:44.958+0000] {logging_mixin.py:190} INFO - [2026-08-12T04:54:44.958+0000] {dag.py:4138} INFO - Setting next_dagrun for example_workday_timetable to 2021-01-04 00:00:00+00:00, run_after=2021-01-05 00:00:00+00:00
[2026-08-12T04:54:44.979+0000] {processor.py:208} INFO - Processing /home/airflow/.local/lib/python3.12/site-packages/airflow/example_dags/example_workday_timetable.py took 0.127 seconds
[2026-08-12T04:55:15.110+0000] {processor.py:186} INFO - Started process (PID=2798) to work on /home/airflow/.local/lib/python3.12/site-packages/airflow/example_dags/example_workday_timetable.py
[2026-08-12T04:55:15.113+0000] {processor.py:914} INFO - Processing file /home/airflow/.local/lib/python3.12/site-packages/airflow/example_dags/example_workday_timetable.py for tasks to queue
[2026-08-12T04:55:15.119+0000] {logging_mixin.py:190} INFO - [2026-08-12T04:55:15.118+0000] {dagbag.py:587} INFO - Filling up the DagBag from /home/airflow/.local/lib/python3.12/site-packages/airflow/example_dags/example_workday_timetable.py
[2026-08-12T04:55:15.130+0000] {processor.py:925} INFO - DAG(s) 'example_workday_timetable' retrieved from /home/airflow/.local/lib/python3.12/site-packages/airflow/example_dags/example_workday_timetable.py
[2026-08-12T04:55:15.153+0000] {logging_mixin.py:190} INFO - [2026-08-12T04:55:15.153+0000] {dag.py:3211} INFO - Sync 1 DAGs
[2026-08-12T04:55:15.214+0000] {logging_mixin.py:190} INFO - [2026-08-12T04:55:15.214+0000] {dag.py:4138} INFO - Setting next_dagrun for example_workday_timetable to 2021-01-04 00:00:00+00:00, run_after=2021-01-05 00:00:00+00:00
[2026-08-12T04:55:15.236+0000] {processor.py:208} INFO - Processing /home/airflow/.local/lib/python3.12/site-packages/airflow/example_dags/example_workday_timetable.py took 0.138 seconds
[2026-08-12T04:55:45.883+0000] {processor.py:186} INFO - Started process (PID=2861) to work on /home/airflow/.local/lib/python3.12/site-packages/airflow/example_dags/example_workday_timetable.py
[2026-08-12T04:55:45.885+0000] {processor.py:914} INFO - Processing file /home/airflow/.local/lib/python3.12/site-packages/airflow/example_dags/example_workday_timetable.py for tasks to queue
[2026-08-12T04:55:45.889+0000] {logging_mixin.py:190} INFO - [2026-08-12T04:55:45.889+0000] {dagbag.py:587} INFO - Filling up the DagBag from /home/airflow/.local/lib/python3.12/site-packages/airflow/example_dags/example_workday_timetable.py
[2026-08-12T04:55:45.897+0000] {processor.py:925} INFO - DAG(s) 'example_workday_timetable' retrieved from /home/airflow/.local/lib/python3.12/site-packages/airflow/example_dags/example_workday_timetable.py
[2026-08-12T04:55:45.922+0000] {logging_mixin.py:190} INFO - [2026-08-12T04:55:45.922+0000] {dag.py:3211} INFO - Sync 1 DAGs
[2026-08-12T04:55:45.981+0000] {logging_mixin.py:190} INFO - [2026-08-12T04:55:45.981+0000] {dag.py:4138} INFO - Setting next_dagrun for example_workday_timetable to 2021-01-04 00:00:00+00:00, run_after=2021-01-05 00:00:00+00:00
[2026-08-12T04:55:46.005+0000] {processor.py:208} INFO - Processing /home/airflow/.local/lib/python3.12/site-packages/airflow/example_dags/example_workday_timetable.py took 0.129 seconds
[2026-08-12T04:56:16.218+0000] {processor.py:186} INFO - Started process (PID=2924) to work on /home/airflow/.local/lib/python3.12/site-packages/airflow/example_dags/example_workday_timetable.py
[2026-08-12T04:56:16.223+0000] {processor.py:914} INFO - Processing file /home/airflow/.local/lib/python3.12/site-packages/airflow/example_dags/example_workday_timetable.py for tasks to queue
[2026-08-12T04:56:16.230+0000] {logging_mixin.py:190} INFO - [2026-08-12T04:56:16.229+0000] {dagbag.py:587} INFO - Filling up the DagBag from /home/airflow/.local/lib/python3.12/site-packages/airflow/example_dags/example_workday_timetable.py
[2026-08-12T04:56:16.239+0000] {processor.py:925} INFO - DAG(s) 'example_workday_timetable' retrieved from /home/airflow/.local/lib/python3.12/site-packages/airflow/example_dags/example_workday_timetable.py
[2026-08-12T04:56:16.268+0000] {logging_mixin.py:190} INFO - [2026-08-12T04:56:16.268+0000] {dag.py:3211} INFO - Sync 1 DAGs
[2026-08-12T04:56:16.330+0000] {logging_mixin.py:190} INFO - [2026-08-12T04:56:16.329+0000] {dag.py:4138} INFO - Setting next_dagrun for example_workday_timetable to 2021-01-04 00:00:00+00:00, run_after=2021-01-05 00:00:00+00:00
[2026-08-12T04:56:16.357+0000] {processor.py:208} INFO - Processing /home/airflow/.local/lib/python3.12/site-packages/airflow/example_dags/example_workday_timetable.py took 0.149 seconds
[2026-08-12T04:56:46.755+0000] {processor.py:186} INFO - Started process (PID=2987) to work on /home/airflow/.local/lib/python3.12/site-packages/airflow/example_dags/example_workday_timetable.py
[2026-08-12T04:56:46.759+0000] {processor.py:914} INFO - Processing file /home/airflow/.local/lib/python3.12/site-packages/airflow/example_dags/example_workday_timetable.py for tasks to queue
[2026-08-12T04:56:46.764+0000] {logging_mixin.py:190} INFO - [2026-08-12T04:56:46.763+0000] {dagbag.py:587} INFO - Filling up the DagBag from /home/airflow/.local/lib/python3.12/site-packages/airflow/example_dags/example_workday_timetable.py
[2026-08-12T04:56:46.772+0000] {processor.py:925} INFO - DAG(s) 'example_workday_timetable' retrieved from /home/airflow/.local/lib/python3.12/site-packages/airflow/example_dags/example_workday_timetable.py
[2026-08-12T04:56:46.796+0000] {logging_mixin.py:190} INFO - [2026-08-12T04:56:46.796+0000] {dag.py:3211} INFO - Sync 1 DAGs
[2026-08-12T04:56:46.860+0000] {logging_mixin.py:190} INFO - [2026-08-12T04:56:46.860+0000] {dag.py:4138} INFO - Setting next_dagrun for example_workday_timetable to 2021-01-04 00:00:00+00:00, run_after=2021-01-05 00:00:00+00:00
[2026-08-12T04:56:46.884+0000] {processor.py:208} INFO - Processing /home/airflow/.local/lib/python3.12/site-packages/airflow/example_dags/example_workday_timetable.py took 0.149 seconds
[2026-08-12T04:57:17.121+0000] {processor.py:186} INFO - Started process (PID=3050) to work on /home/airflow/.local/lib/python3.12/site-packages/airflow/example_dags/example_workday_timetable.py
[2026-08-12T04:57:17.124+0000] {processor.py:914} INFO - Processing file /home/airflow/.local/lib/python3.12/site-packages/airflow/example_dags/example_workday_timetable.py for tasks to queue
[2026-08-12T04:57:17.131+0000] {logging_mixin.py:190} INFO - [2026-08-12T04:57:17.130+0000] {dagbag.py:587} INFO - Filling up the DagBag from /home/airflow/.local/lib/python3.12/site-packages/airflow/example_dags/example_workday_timetable.py
[2026-08-12T04:57:17.143+0000] {processor.py:925} INFO - DAG(s) 'example_workday_timetable' retrieved from /home/airflow/.local/lib/python3.12/site-packages/airflow/example_dags/example_workday_timetable.py
[2026-08-12T04:57:17.177+0000] {logging_mixin.py:190} INFO - [2026-08-12T04:57:17.177+0000] {dag.py:3211} INFO - Sync 1 DAGs
[2026-08-12T04:57:17.247+0000] {logging_mixin.py:190} INFO - [2026-08-12T04:57:17.247+0000] {dag.py:4138} INFO - Setting next_dagrun for example_workday_timetable to 2021-01-04 00:00:00+00:00, run_after=2021-01-05 00:00:00+00:00
[2026-08-12T04:57:17.273+0000] {processor.py:208} INFO - Processing /home/airflow/.local/lib/python3.12/site-packages/airflow/example_dags/example_workday_timetable.py took 0.158 seconds
[2026-08-12T04:57:47.425+0000] {processor.py:186} INFO - Started process (PID=3113) to work on /home/airflow/.local/lib/python3.12/site-packages/airflow/example_dags/example_workday_timetable.py
[2026-08-12T04:57:47.428+0000] {processor.py:914} INFO - Processing file /home/airflow/.local/lib/python3.12/site-packages/airflow/example_dags/example_workday_timetable.py for tasks to queue
[2026-08-12T04:57:47.433+0000] {logging_mixin.py:190} INFO - [2026-08-12T04:57:47.432+0000] {dagbag.py:587} INFO - Filling up the DagBag from /home/airflow/.local/lib/python3.12/site-packages/airflow/example_dags/example_workday_timetable.py
[2026-08-12T04:57:47.441+0000] {processor.py:925} INFO - DAG(s) 'example_workday_timetable' retrieved from /home/airflow/.local/lib/python3.12/site-packages/airflow/example_dags/example_workday_timetable.py
[2026-08-12T04:57:47.470+0000] {logging_mixin.py:190} INFO - [2026-08-12T04:57:47.470+0000] {dag.py:3211} INFO - Sync 1 DAGs
[2026-08-12T04:57:47.544+0000] {logging_mixin.py:190} INFO - [2026-08-12T04:57:47.544+0000] {dag.py:4138} INFO - Setting next_dagrun for example_workday_timetable to 2021-01-04 00:00:00+00:00, run_after=2021-01-05 00:00:00+00:00
[2026-08-12T04:57:47.570+0000] {processor.py:208} INFO - Processing /home/airflow/.local/lib/python3.12/site-packages/airflow/example_dags/example_workday_timetable.py took 0.153 seconds
[2026-08-12T04:58:17.750+0000] {processor.py:186} INFO - Started process (PID=3176) to work on /home/airflow/.local/lib/python3.12/site-packages/airflow/example_dags/example_workday_timetable.py
[2026-08-12T04:58:17.753+0000] {processor.py:914} INFO - Processing file /home/airflow/.local/lib/python3.12/site-packages/airflow/example_dags/example_workday_timetable.py for tasks to queue
[2026-08-12T04:58:17.761+0000] {logging_mixin.py:190} INFO - [2026-08-12T04:58:17.760+0000] {dagbag.py:587} INFO - Filling up the DagBag from /home/airflow/.local/lib/python3.12/site-packages/airflow/example_dags/example_workday_timetable.py
[2026-08-12T04:58:17.776+0000] {processor.py:925} INFO - DAG(s) 'example_workday_timetable' retrieved from /home/airflow/.local/lib/python3.12/site-packages/airflow/example_dags/example_workday_timetable.py
[2026-08-12T04:58:17.804+0000] {logging_mixin.py:190} INFO - [2026-08-12T04:58:17.804+0000] {dag.py:3211} INFO - Sync 1 DAGs
[2026-08-12T04:58:17.867+0000] {logging_mixin.py:190} INFO - [2026-08-12T04:58:17.866+0000] {dag.py:4138} INFO - Setting next_dagrun for example_workday_timetable to 2021-01-04 00:00:00+00:00, run_after=2021-01-05 00:00:00+00:00
[2026-08-12T04:58:17.891+0000] {processor.py:208} INFO - Processing /home/airflow/.local/lib/python3.12/site-packages/airflow/example_dags/example_workday_timetable.py took 0.154 seconds
[2026-08-12T04:58:48.075+0000] {processor.py:186} INFO - Started process (PID=3239) to work on /home/airflow/.local/lib/python3.12/site-packages/airflow/example_dags/example_workday_timetable.py
[2026-08-12T04:58:48.078+0000] {processor.py:914} INFO - Processing file /home/airflow/.local/lib/python3.12/site-packages/airflow/example_dags/example_workday_timetable.py for tasks to queue
[2026-08-12T04:58:48.083+0000] {logging_mixin.py:190} INFO - [2026-08-12T04:58:48.082+0000] {dagbag.py:587} INFO - Filling up the DagBag from /home/airflow/.local/lib/python3.12/site-packages/airflow/example_dags/example_workday_timetable.py
[2026-08-12T04:58:48.092+0000] {processor.py:925} INFO - DAG(s) 'example_workday_timetable' retrieved from /home/airflow/.local/lib/python3.12/site-packages/airflow/example_dags/example_workday_timetable.py
[2026-08-12T04:58:48.117+0000] {logging_mixin.py:190} INFO - [2026-08-12T04:58:48.117+0000] {dag.py:3211} INFO - Sync 1 DAGs
[2026-08-12T04:58:48.175+0000] {logging_mixin.py:190} INFO - [2026-08-12T04:58:48.174+0000] {dag.py:4138} INFO - Setting next_dagrun for example_workday_timetable to 2021-01-04 00:00:00+00:00, run_after=2021-01-05 00:00:00+00:00
[2026-08-12T04:58:48.198+0000] {processor.py:208} INFO - Processing /home/airflow/.local/lib/python3.12/site-packages/airflow/example_dags/example_workday_timetable.py took 0.128 seconds
[2026-08-12T04:59:18.462+0000] {processor.py:186} INFO - Started process (PID=3302) to work on /home/airflow/.local/lib/python3.12/site-packages/airflow/example_dags/example_workday_timetable.py
[2026-08-12T04:59:18.467+0000] {processor.py:914} INFO - Processing file /home/airflow/.local/lib/python3.12/site-packages/airflow/example_dags/example_workday_timetable.py for tasks to queue
[2026-08-12T04:59:18.477+0000] {logging_mixin.py:190} INFO - [2026-08-12T04:59:18.476+0000] {dagbag.py:587} INFO - Filling up the DagBag from /home/airflow/.local/lib/python3.12/site-packages/airflow/example_dags/example_workday_timetable.py
[2026-08-12T04:59:18.491+0000] {processor.py:925} INFO - DAG(s) 'example_workday_timetable' retrieved from /home/airflow/.local/lib/python3.12/site-packages/airflow/example_dags/example_workday_timetable.py
[2026-08-12T04:59:18.519+0000] {logging_mixin.py:190} INFO - [2026-08-12T04:59:18.519+0000] {dag.py:3211} INFO - Sync 1 DAGs
[2026-08-12T04:59:18.580+0000] {logging_mixin.py:190} INFO - [2026-08-12T04:59:18.580+0000] {dag.py:4138} INFO - Setting next_dagrun for example_workday_timetable to 2021-01-04 00:00:00+00:00, run_after=2021-01-05 00:00:00+00:00
[2026-08-12T04:59:18.605+0000] {processor.py:208} INFO - Processing /home/airflow/.local/lib/python3.12/site-packages/airflow/example_dags/example_workday_timetable.py took 0.159 seconds
[2026-08-12T04:59:48.905+0000] {processor.py:186} INFO - Started process (PID=3365) to work on /home/airflow/.local/lib/python3.12/site-packages/airflow/example_dags/example_workday_timetable.py
[2026-08-12T04:59:48.909+0000] {processor.py:914} INFO - Processing file /home/airflow/.local/lib/python3.12/site-packages/airflow/example_dags/example_workday_timetable.py for tasks to queue
[2026-08-12T04:59:48.916+0000] {logging_mixin.py:190} INFO - [2026-08-12T04:59:48.915+0000] {dagbag.py:587} INFO - Filling up the DagBag from /home/airflow/.local/lib/python3.12/site-packages/airflow/example_dags/example_workday_timetable.py
[2026-08-12T04:59:48.926+0000] {processor.py:925} INFO - DAG(s) 'example_workday_timetable' retrieved from /home/airflow/.local/lib/python3.12/site-packages/airflow/example_dags/example_workday_timetable.py
[2026-08-12T04:59:48.950+0000] {logging_mixin.py:190} INFO - [2026-08-12T04:59:48.950+0000] {dag.py:3211} INFO - Sync 1 DAGs
[2026-08-12T04:59:49.020+0000] {logging_mixin.py:190} INFO - [2026-08-12T04:59:49.020+0000] {dag.py:4138} INFO - Setting next_dagrun for example_workday_timetable to 2021-01-04 00:00:00+00:00, run_after=2021-01-05 00:00:00+00:00
[2026-08-12T04:59:49.046+0000] {processor.py:208} INFO - Processing /home/airflow/.local/lib/python3.12/site-packages/airflow/example_dags/example_workday_timetable.py took 0.153 seconds
[2026-08-12T05:00:19.301+0000] {processor.py:186} INFO - Started process (PID=3428) to work on /home/airflow/.local/lib/python3.12/site-packages/airflow/example_dags/example_workday_timetable.py
[2026-08-12T05:00:19.304+0000] {processor.py:914} INFO - Processing file /home/airflow/.local/lib/python3.12/site-packages/airflow/example_dags/example_workday_timetable.py for tasks to queue
[2026-08-12T05:00:19.311+0000] {logging_mixin.py:190} INFO - [2026-08-12T05:00:19.311+0000] {dagbag.py:587} INFO - Filling up the DagBag from /home/airflow/.local/lib/python3.12/site-packages/airflow/example_dags/example_workday_timetable.py
[2026-08-12T05:00:19.320+0000] {processor.py:925} INFO - DAG(s) 'example_workday_timetable' retrieved from /home/airflow/.local/lib/python3.12/site-packages/airflow/example_dags/example_workday_timetable.py
[2026-08-12T05:00:19.345+0000] {logging_mixin.py:190} INFO - [2026-08-12T05:00:19.345+0000] {dag.py:3211} INFO - Sync 1 DAGs
[2026-08-12T05:00:19.410+0000] {logging_mixin.py:190} INFO - [2026-08-12T05:00:19.410+0000] {dag.py:4138} INFO - Setting next_dagrun for example_workday_timetable to 2021-01-04 00:00:00+00:00, run_after=2021-01-05 00:00:00+00:00
[2026-08-12T05:00:19.436+0000] {processor.py:208} INFO - Processing /home/airflow/.local/lib/python3.12/site-packages/airflow/example_dags/example_workday_timetable.py took 0.147 seconds
[2026-08-12T05:00:49.763+0000] {processor.py:186} INFO - Started process (PID=3491) to work on /home/airflow/.local/lib/python3.12/site-packages/airflow/example_dags/example_workday_timetable.py
[2026-08-12T05:00:49.766+0000] {processor.py:914} INFO - Processing file /home/airflow/.local/lib/python3.12/site-packages/airflow/example_dags/example_workday_timetable.py for tasks to queue
[2026-08-12T05:00:49.772+0000] {logging_mixin.py:190} INFO - [2026-08-12T05:00:49.772+0000] {dagbag.py:587} INFO - Filling up the DagBag from /home/airflow/.local/lib/python3.12/site-packages/airflow/example_dags/example_workday_timetable.py
[2026-08-12T05:00:49.783+0000] {processor.py:925} INFO - DAG(s) 'example_workday_timetable' retrieved from /home/airflow/.local/lib/python3.12/site-packages/airflow/example_dags/example_workday_timetable.py
[2026-08-12T05:00:49.814+0000] {logging_mixin.py:190} INFO - [2026-08-12T05:00:49.814+0000] {dag.py:3211} INFO - Sync 1 DAGs
[2026-08-12T05:00:49.886+0000] {logging_mixin.py:190} INFO - [2026-08-12T05:00:49.885+0000] {dag.py:4138} INFO - Setting next_dagrun for example_workday_timetable to 2021-01-04 00:00:00+00:00, run_after=2021-01-05 00:00:00+00:00
[2026-08-12T05:00:49.913+0000] {processor.py:208} INFO - Processing /home/airflow/.local/lib/python3.12/site-packages/airflow/example_dags/example_workday_timetable.py took 0.161 seconds
[2026-08-12T05:01:20.060+0000] {processor.py:186} INFO - Started process (PID=3554) to work on /home/airflow/.local/lib/python3.12/site-packages/airflow/example_dags/example_workday_timetable.py
[2026-08-12T05:01:20.066+0000] {processor.py:914} INFO - Processing file /home/airflow/.local/lib/python3.12/site-packages/airflow/example_dags/example_workday_timetable.py for tasks to queue
[2026-08-12T05:01:20.072+0000] {logging_mixin.py:190} INFO - [2026-08-12T05:01:20.071+0000] {dagbag.py:587} INFO - Filling up the DagBag from /home/airflow/.local/lib/python3.12/site-packages/airflow/example_dags/example_workday_timetable.py
[2026-08-12T05:01:20.087+0000] {processor.py:925} INFO - DAG(s) 'example_workday_timetable' retrieved from /home/airflow/.local/lib/python3.12/site-packages/airflow/example_dags/example_workday_timetable.py
[2026-08-12T05:01:20.111+0000] {logging_mixin.py:190} INFO - [2026-08-12T05:01:20.111+0000] {dag.py:3211} INFO - Sync 1 DAGs
[2026-08-12T05:01:20.195+0000] {logging_mixin.py:190} INFO - [2026-08-12T05:01:20.195+0000] {dag.py:4138} INFO - Setting next_dagrun for example_workday_timetable to 2021-01-04 00:00:00+00:00, run_after=2021-01-05 00:00:00+00:00
[2026-08-12T05:01:20.226+0000] {processor.py:208} INFO - Processing /home/airflow/.local/lib/python3.12/site-packages/airflow/example_dags/example_workday_timetable.py took 0.187 seconds
[2026-08-12T05:01:50.816+0000] {processor.py:186} INFO - Started process (PID=3617) to work on /home/airflow/.local/lib/python3.12/site-packages/airflow/example_dags/example_workday_timetable.py
[2026-08-12T05:01:50.819+0000] {processor.py:914} INFO - Processing file /home/airflow/.local/lib/python3.12/site-packages/airflow/example_dags/example_workday_timetable.py for tasks to queue
[2026-08-12T05:01:50.823+0000] {logging_mixin.py:190} INFO - [2026-08-12T05:01:50.823+0000] {dagbag.py:587} INFO - Filling up the DagBag from /home/airflow/.local/lib/python3.12/site-packages/airflow/example_dags/example_workday_timetable.py
[2026-08-12T05:01:50.831+0000] {processor.py:925} INFO - DAG(s) 'example_workday_timetable' retrieved from /home/airflow/.local/lib/python3.12/site-packages/airflow/example_dags/example_workday_timetable.py
[2026-08-12T05:01:50.861+0000] {logging_mixin.py:190} INFO - [2026-08-12T05:01:50.860+0000] {dag.py:3211} INFO - Sync 1 DAGs
[2026-08-12T05:01:50.951+0000] {logging_mixin.py:190} INFO - [2026-08-12T05:01:50.951+0000] {dag.py:4138} INFO - Setting next_dagrun for example_workday_timetable to 2021-01-04 00:00:00+00:00, run_after=2021-01-05 00:00:00+00:00
[2026-08-12T05:01:50.980+0000] {processor.py:208} INFO - Processing /home/airflow/.local/lib/python3.12/site-packages/airflow/example_dags/example_workday_timetable.py took 0.171 seconds
[2026-08-12T05:02:21.467+0000] {processor.py:186} INFO - Started process (PID=3681) to work on /home/airflow/.local/lib/python3.12/site-packages/airflow/example_dags/example_workday_timetable.py
[2026-08-12T05:02:21.470+0000] {processor.py:914} INFO - Processing file /home/airflow/.local/lib/python3.12/site-packages/airflow/example_dags/example_workday_timetable.py for tasks to queue
[2026-08-12T05:02:21.479+0000] {logging_mixin.py:190} INFO - [2026-08-12T05:02:21.478+0000] {dagbag.py:587} INFO - Filling up the DagBag from /home/airflow/.local/lib/python3.12/site-packages/airflow/example_dags/example_workday_timetable.py
[2026-08-12T05:02:21.491+0000] {processor.py:925} INFO - DAG(s) 'example_workday_timetable' retrieved from /home/airflow/.local/lib/python3.12/site-packages/airflow/example_dags/example_workday_timetable.py
[2026-08-12T05:02:21.524+0000] {logging_mixin.py:190} INFO - [2026-08-12T05:02:21.523+0000] {dag.py:3211} INFO - Sync 1 DAGs
[2026-08-12T05:02:21.600+0000] {logging_mixin.py:190} INFO - [2026-08-12T05:02:21.600+0000] {dag.py:4138} INFO - Setting next_dagrun for example_workday_timetable to 2021-01-04 00:00:00+00:00, run_after=2021-01-05 00:00:00+00:00
[2026-08-12T05:02:21.631+0000] {processor.py:208} INFO - Processing /home/airflow/.local/lib/python3.12/site-packages/airflow/example_dags/example_workday_timetable.py took 0.174 seconds
[2026-08-12T05:02:51.877+0000] {processor.py:186} INFO - Started process (PID=3744) to work on /home/airflow/.local/lib/python3.12/site-packages/airflow/example_dags/example_workday_timetable.py
[2026-08-12T05:02:51.881+0000] {processor.py:914} INFO - Processing file /home/airflow/.local/lib/python3.12/site-packages/airflow/example_dags/example_workday_timetable.py for tasks to queue
[2026-08-12T05:02:51.887+0000] {logging_mixin.py:190} INFO - [2026-08-12T05:02:51.887+0000] {dagbag.py:587} INFO - Filling up the DagBag from /home/airflow/.local/lib/python3.12/site-packages/airflow/example_dags/example_workday_timetable.py
[2026-08-12T05:02:51.898+0000] {processor.py:925} INFO - DAG(s) 'example_workday_timetable' retrieved from /home/airflow/.local/lib/python3.12/site-packages/airflow/example_dags/example_workday_timetable.py
[2026-08-12T05:02:51.923+0000] {logging_mixin.py:190} INFO - [2026-08-12T05:02:51.923+0000] {dag.py:3211} INFO - Sync 1 DAGs
[2026-08-12T05:02:51.987+0000] {logging_mixin.py:190} INFO - [2026-08-12T05:02:51.987+0000] {dag.py:4138} INFO - Setting next_dagrun for example_workday_timetable to 2021-01-04 00:00:00+00:00, run_after=2021-01-05 00:00:00+00:00
[2026-08-12T05:02:52.015+0000] {processor.py:208} INFO - Processing /home/airflow/.local/lib/python3.12/site-packages/airflow/example_dags/example_workday_timetable.py took 0.148 seconds
[2026-08-12T05:03:22.346+0000] {processor.py:186} INFO - Started process (PID=3807) to work on /home/airflow/.local/lib/python3.12/site-packages/airflow/example_dags/example_workday_timetable.py
[2026-08-12T05:03:22.348+0000] {processor.py:914} INFO - Processing file /home/airflow/.local/lib/python3.12/site-packages/airflow/example_dags/example_workday_timetable.py for tasks to queue
[2026-08-12T05:03:22.355+0000] {logging_mixin.py:190} INFO - [2026-08-12T05:03:22.354+0000] {dagbag.py:587} INFO - Filling up the DagBag from /home/airflow/.local/lib/python3.12/site-packages/airflow/example_dags/example_workday_timetable.py
[2026-08-12T05:03:22.363+0000] {processor.py:925} INFO - DAG(s) 'example_workday_timetable' retrieved from /home/airflow/.local/lib/python3.12/site-packages/airflow/example_dags/example_workday_timetable.py
[2026-08-12T05:03:22.389+0000] {logging_mixin.py:190} INFO - [2026-08-12T05:03:22.388+0000] {dag.py:3211} INFO - Sync 1 DAGs
[2026-08-12T05:03:22.454+0000] {logging_mixin.py:190} INFO - [2026-08-12T05:03:22.454+0000] {dag.py:4138} INFO - Setting next_dagrun for example_workday_timetable to 2021-01-04 00:00:00+00:00, run_after=2021-01-05 00:00:00+00:00
[2026-08-12T05:03:22.482+0000] {processor.py:208} INFO - Processing /home/airflow/.local/lib/python3.12/site-packages/airflow/example_dags/example_workday_timetable.py took 0.143 seconds
[2026-08-12T05:03:52.997+0000] {processor.py:186} INFO - Started process (PID=3870) to work on /home/airflow/.local/lib/python3.12/site-packages/airflow/example_dags/example_workday_timetable.py
[2026-08-12T05:03:52.999+0000] {processor.py:914} INFO - Processing file /home/airflow/.local/lib/python3.12/site-packages/airflow/example_dags/example_workday_timetable.py for tasks to queue
[2026-08-12T05:03:53.005+0000] {logging_mixin.py:190} INFO - [2026-08-12T05:03:53.004+0000] {dagbag.py:587} INFO - Filling up the DagBag from /home/airflow/.local/lib/python3.12/site-packages/airflow/example_dags/example_workday_timetable.py
[2026-08-12T05:03:53.017+0000] {processor.py:925} INFO - DAG(s) 'example_workday_timetable' retrieved from /home/airflow/.local/lib/python3.12/site-packages/airflow/example_dags/example_workday_timetable.py
[2026-08-12T05:03:53.052+0000] {logging_mixin.py:190} INFO - [2026-08-12T05:03:53.052+0000] {dag.py:3211} INFO - Sync 1 DAGs
[2026-08-12T05:03:53.139+0000] {logging_mixin.py:190} INFO - [2026-08-12T05:03:53.138+0000] {dag.py:4138} INFO - Setting next_dagrun for example_workday_timetable to 2021-01-04 00:00:00+00:00, run_after=2021-01-05 00:00:00+00:00
[2026-08-12T05:03:53.169+0000] {processor.py:208} INFO - Processing /home/airflow/.local/lib/python3.12/site-packages/airflow/example_dags/example_workday_timetable.py took 0.183 seconds
[2026-08-12T05:04:23.398+0000] {processor.py:186} INFO - Started process (PID=3933) to work on /home/airflow/.local/lib/python3.12/site-packages/airflow/example_dags/example_workday_timetable.py
[2026-08-12T05:04:23.401+0000] {processor.py:914} INFO - Processing file /home/airflow/.local/lib/python3.12/site-packages/airflow/example_dags/example_workday_timetable.py for tasks to queue
[2026-08-12T05:04:23.406+0000] {logging_mixin.py:190} INFO - [2026-08-12T05:04:23.405+0000] {dagbag.py:587} INFO - Filling up the DagBag from /home/airflow/.local/lib/python3.12/site-packages/airflow/example_dags/example_workday_timetable.py
[2026-08-12T05:04:23.419+0000] {processor.py:925} INFO - DAG(s) 'example_workday_timetable' retrieved from /home/airflow/.local/lib/python3.12/site-packages/airflow/example_dags/example_workday_timetable.py
[2026-08-12T05:04:23.451+0000] {logging_mixin.py:190} INFO - [2026-08-12T05:04:23.451+0000] {dag.py:3211} INFO - Sync 1 DAGs
[2026-08-12T05:04:23.733+0000] {logging_mixin.py:190} INFO - [2026-08-12T05:04:23.732+0000] {dag.py:4138} INFO - Setting next_dagrun for example_workday_timetable to 2021-01-04 00:00:00+00:00, run_after=2021-01-05 00:00:00+00:00
[2026-08-12T05:04:23.762+0000] {processor.py:208} INFO - Processing /home/airflow/.local/lib/python3.12/site-packages/airflow/example_dags/example_workday_timetable.py took 0.373 seconds
[2026-08-12T05:04:54.261+0000] {processor.py:186} INFO - Started process (PID=3996) to work on /home/airflow/.local/lib/python3.12/site-packages/airflow/example_dags/example_workday_timetable.py
[2026-08-12T05:04:54.263+0000] {processor.py:914} INFO - Processing file /home/airflow/.local/lib/python3.12/site-packages/airflow/example_dags/example_workday_timetable.py for tasks to queue
[2026-08-12T05:04:54.268+0000] {logging_mixin.py:190} INFO - [2026-08-12T05:04:54.267+0000] {dagbag.py:587} INFO - Filling up the DagBag from /home/airflow/.local/lib/python3.12/site-packages/airflow/example_dags/example_workday_timetable.py
[2026-08-12T05:04:54.282+0000] {processor.py:925} INFO - DAG(s) 'example_workday_timetable' retrieved from /home/airflow/.local/lib/python3.12/site-packages/airflow/example_dags/example_workday_timetable.py
[2026-08-12T05:04:54.309+0000] {logging_mixin.py:190} INFO - [2026-08-12T05:04:54.308+0000] {dag.py:3211} INFO - Sync 1 DAGs
[2026-08-12T05:04:54.568+0000] {logging_mixin.py:190} INFO - [2026-08-12T05:04:54.568+0000] {dag.py:4138} INFO - Setting next_dagrun for example_workday_timetable to 2021-01-04 00:00:00+00:00, run_after=2021-01-05 00:00:00+00:00
[2026-08-12T05:04:54.596+0000] {processor.py:208} INFO - Processing /home/airflow/.local/lib/python3.12/site-packages/airflow/example_dags/example_workday_timetable.py took 0.347 seconds
[2026-08-12T05:05:25.310+0000] {processor.py:186} INFO - Started process (PID=4059) to work on /home/airflow/.local/lib/python3.12/site-packages/airflow/example_dags/example_workday_timetable.py
[2026-08-12T05:05:25.313+0000] {processor.py:914} INFO - Processing file /home/airflow/.local/lib/python3.12/site-packages/airflow/example_dags/example_workday_timetable.py for tasks to queue
[2026-08-12T05:05:25.320+0000] {logging_mixin.py:190} INFO - [2026-08-12T05:05:25.319+0000] {dagbag.py:587} INFO - Filling up the DagBag from /home/airflow/.local/lib/python3.12/site-packages/airflow/example_dags/example_workday_timetable.py
[2026-08-12T05:05:25.330+0000] {processor.py:925} INFO - DAG(s) 'example_workday_timetable' retrieved from /home/airflow/.local/lib/python3.12/site-packages/airflow/example_dags/example_workday_timetable.py
[2026-08-12T05:05:25.363+0000] {logging_mixin.py:190} INFO - [2026-08-12T05:05:25.363+0000] {dag.py:3211} INFO - Sync 1 DAGs
[2026-08-12T05:05:25.679+0000] {logging_mixin.py:190} INFO - [2026-08-12T05:05:25.679+0000] {dag.py:4138} INFO - Setting next_dagrun for example_workday_timetable to 2021-01-04 00:00:00+00:00, run_after=2021-01-05 00:00:00+00:00
[2026-08-12T05:05:25.706+0000] {processor.py:208} INFO - Processing /home/airflow/.local/lib/python3.12/site-packages/airflow/example_dags/example_workday_timetable.py took 0.407 seconds
[2026-08-12T05:05:56.209+0000] {processor.py:186} INFO - Started process (PID=4122) to work on /home/airflow/.local/lib/python3.12/site-packages/airflow/example_dags/example_workday_timetable.py
[2026-08-12T05:05:56.211+0000] {processor.py:914} INFO - Processing file /home/airflow/.local/lib/python3.12/site-packages/airflow/example_dags/example_workday_timetable.py for tasks to queue
[2026-08-12T05:05:56.217+0000] {logging_mixin.py:190} INFO - [2026-08-12T05:05:56.216+0000] {dagbag.py:587} INFO - Filling up the DagBag from /home/airflow/.local/lib/python3.12/site-packages/airflow/example_dags/example_workday_timetable.py
[2026-08-12T05:05:56.227+0000] {processor.py:925} INFO - DAG(s) 'example_workday_timetable' retrieved from /home/airflow/.local/lib/python3.12/site-packages/airflow/example_dags/example_workday_timetable.py
[2026-08-12T05:05:56.259+0000] {logging_mixin.py:190} INFO - [2026-08-12T05:05:56.259+0000] {dag.py:3211} INFO - Sync 1 DAGs
[2026-08-12T05:05:56.341+0000] {logging_mixin.py:190} INFO - [2026-08-12T05:05:56.341+0000] {dag.py:4138} INFO - Setting next_dagrun for example_workday_timetable to 2021-01-04 00:00:00+00:00, run_after=2021-01-05 00:00:00+00:00
[2026-08-12T05:05:56.369+0000] {processor.py:208} INFO - Processing /home/airflow/.local/lib/python3.12/site-packages/airflow/example_dags/example_workday_timetable.py took 0.171 seconds
[2026-08-12T05:06:27.024+0000] {processor.py:186} INFO - Started process (PID=4185) to work on /home/airflow/.local/lib/python3.12/site-packages/airflow/example_dags/example_workday_timetable.py
[2026-08-12T05:06:27.026+0000] {processor.py:914} INFO - Processing file /home/airflow/.local/lib/python3.12/site-packages/airflow/example_dags/example_workday_timetable.py for tasks to queue
[2026-08-12T05:06:27.031+0000] {logging_mixin.py:190} INFO - [2026-08-12T05:06:27.030+0000] {dagbag.py:587} INFO - Filling up the DagBag from /home/airflow/.local/lib/python3.12/site-packages/airflow/example_dags/example_workday_timetable.py
[2026-08-12T05:06:27.039+0000] {processor.py:925} INFO - DAG(s) 'example_workday_timetable' retrieved from /home/airflow/.local/lib/python3.12/site-packages/airflow/example_dags/example_workday_timetable.py
[2026-08-12T05:06:27.066+0000] {logging_mixin.py:190} INFO - [2026-08-12T05:06:27.066+0000] {dag.py:3211} INFO - Sync 1 DAGs
[2026-08-12T05:06:27.125+0000] {logging_mixin.py:190} INFO - [2026-08-12T05:06:27.125+0000] {dag.py:4138} INFO - Setting next_dagrun for example_workday_timetable to 2021-01-04 00:00:00+00:00, run_after=2021-01-05 00:00:00+00:00
[2026-08-12T05:06:27.155+0000] {processor.py:208} INFO - Processing /home/airflow/.local/lib/python3.12/site-packages/airflow/example_dags/example_workday_timetable.py took 0.144 seconds
[2026-08-12T05:06:57.435+0000] {processor.py:186} INFO - Started process (PID=4254) to work on /home/airflow/.local/lib/python3.12/site-packages/airflow/example_dags/example_workday_timetable.py
[2026-08-12T05:06:57.438+0000] {processor.py:914} INFO - Processing file /home/airflow/.local/lib/python3.12/site-packages/airflow/example_dags/example_workday_timetable.py for tasks to queue
[2026-08-12T05:06:57.443+0000] {logging_mixin.py:190} INFO - [2026-08-12T05:06:57.443+0000] {dagbag.py:587} INFO - Filling up the DagBag from /home/airflow/.local/lib/python3.12/site-packages/airflow/example_dags/example_workday_timetable.py
[2026-08-12T05:06:57.453+0000] {processor.py:925} INFO - DAG(s) 'example_workday_timetable' retrieved from /home/airflow/.local/lib/python3.12/site-packages/airflow/example_dags/example_workday_timetable.py
[2026-08-12T05:06:57.483+0000] {logging_mixin.py:190} INFO - [2026-08-12T05:06:57.483+0000] {dag.py:3211} INFO - Sync 1 DAGs
[2026-08-12T05:06:57.543+0000] {logging_mixin.py:190} INFO - [2026-08-12T05:06:57.543+0000] {dag.py:4138} INFO - Setting next_dagrun for example_workday_timetable to 2021-01-04 00:00:00+00:00, run_after=2021-01-05 00:00:00+00:00
[2026-08-12T05:06:57.571+0000] {processor.py:208} INFO - Processing /home/airflow/.local/lib/python3.12/site-packages/airflow/example_dags/example_workday_timetable.py took 0.144 seconds
[2026-08-12T05:07:27.706+0000] {processor.py:186} INFO - Started process (PID=4317) to work on /home/airflow/.local/lib/python3.12/site-packages/airflow/example_dags/example_workday_timetable.py
[2026-08-12T05:07:27.710+0000] {processor.py:914} INFO - Processing file /home/airflow/.local/lib/python3.12/site-packages/airflow/example_dags/example_workday_timetable.py for tasks to queue
[2026-08-12T05:07:27.716+0000] {logging_mixin.py:190} INFO - [2026-08-12T05:07:27.715+0000] {dagbag.py:587} INFO - Filling up the DagBag from /home/airflow/.local/lib/python3.12/site-packages/airflow/example_dags/example_workday_timetable.py
[2026-08-12T05:07:27.727+0000] {processor.py:925} INFO - DAG(s) 'example_workday_timetable' retrieved from /home/airflow/.local/lib/python3.12/site-packages/airflow/example_dags/example_workday_timetable.py
[2026-08-12T05:07:27.752+0000] {logging_mixin.py:190} INFO - [2026-08-12T05:07:27.751+0000] {dag.py:3211} INFO - Sync 1 DAGs
[2026-08-12T05:07:27.831+0000] {logging_mixin.py:190} INFO - [2026-08-12T05:07:27.830+0000] {dag.py:4138} INFO - Setting next_dagrun for example_workday_timetable to 2021-01-04 00:00:00+00:00, run_after=2021-01-05 00:00:00+00:00
[2026-08-12T05:07:27.858+0000] {processor.py:208} INFO - Processing /home/airflow/.local/lib/python3.12/site-packages/airflow/example_dags/example_workday_timetable.py took 0.163 seconds
[2026-08-12T05:07:57.961+0000] {processor.py:186} INFO - Started process (PID=4380) to work on /home/airflow/.local/lib/python3.12/site-packages/airflow/example_dags/example_workday_timetable.py
[2026-08-12T05:07:57.964+0000] {processor.py:914} INFO - Processing file /home/airflow/.local/lib/python3.12/site-packages/airflow/example_dags/example_workday_timetable.py for tasks to queue
[2026-08-12T05:07:57.968+0000] {logging_mixin.py:190} INFO - [2026-08-12T05:07:57.968+0000] {dagbag.py:587} INFO - Filling up the DagBag from /home/airflow/.local/lib/python3.12/site-packages/airflow/example_dags/example_workday_timetable.py
[2026-08-12T05:07:57.976+0000] {processor.py:925} INFO - DAG(s) 'example_workday_timetable' retrieved from /home/airflow/.local/lib/python3.12/site-packages/airflow/example_dags/example_workday_timetable.py
[2026-08-12T05:07:57.998+0000] {logging_mixin.py:190} INFO - [2026-08-12T05:07:57.998+0000] {dag.py:3211} INFO - Sync 1 DAGs
[2026-08-12T05:07:58.055+0000] {logging_mixin.py:190} INFO - [2026-08-12T05:07:58.054+0000] {dag.py:4138} INFO - Setting next_dagrun for example_workday_timetable to 2021-01-04 00:00:00+00:00, run_after=2021-01-05 00:00:00+00:00
[2026-08-12T05:07:58.083+0000] {processor.py:208} INFO - Processing /home/airflow/.local/lib/python3.12/site-packages/airflow/example_dags/example_workday_timetable.py took 0.129 seconds
[2026-08-12T05:08:28.265+0000] {processor.py:186} INFO - Started process (PID=4442) to work on /home/airflow/.local/lib/python3.12/site-packages/airflow/example_dags/example_workday_timetable.py
[2026-08-12T05:08:28.268+0000] {processor.py:914} INFO - Processing file /home/airflow/.local/lib/python3.12/site-packages/airflow/example_dags/example_workday_timetable.py for tasks to queue
[2026-08-12T05:08:28.272+0000] {logging_mixin.py:190} INFO - [2026-08-12T05:08:28.272+0000] {dagbag.py:587} INFO - Filling up the DagBag from /home/airflow/.local/lib/python3.12/site-packages/airflow/example_dags/example_workday_timetable.py
[2026-08-12T05:08:28.281+0000] {processor.py:925} INFO - DAG(s) 'example_workday_timetable' retrieved from /home/airflow/.local/lib/python3.12/site-packages/airflow/example_dags/example_workday_timetable.py
[2026-08-12T05:08:28.309+0000] {logging_mixin.py:190} INFO - [2026-08-12T05:08:28.308+0000] {dag.py:3211} INFO - Sync 1 DAGs
[2026-08-12T05:08:28.379+0000] {logging_mixin.py:190} INFO - [2026-08-12T05:08:28.379+0000] {dag.py:4138} INFO - Setting next_dagrun for example_workday_timetable to 2021-01-04 00:00:00+00:00, run_after=2021-01-05 00:00:00+00:00
[2026-08-12T05:08:28.401+0000] {processor.py:208} INFO - Processing /home/airflow/.local/lib/python3.12/site-packages/airflow/example_dags/example_workday_timetable.py took 0.145 seconds
[2026-08-12T05:08:58.462+0000] {processor.py:186} INFO - Started process (PID=4505) to work on /home/airflow/.local/lib/python3.12/site-packages/airflow/example_dags/example_workday_timetable.py
[2026-08-12T05:08:58.464+0000] {processor.py:914} INFO - Processing file /home/airflow/.local/lib/python3.12/site-packages/airflow/example_dags/example_workday_timetable.py for tasks to queue
[2026-08-12T05:08:58.468+0000] {logging_mixin.py:190} INFO - [2026-08-12T05:08:58.468+0000] {dagbag.py:587} INFO - Filling up the DagBag from /home/airflow/.local/lib/python3.12/site-packages/airflow/example_dags/example_workday_timetable.py
[2026-08-12T05:08:58.476+0000] {processor.py:925} INFO - DAG(s) 'example_workday_timetable' retrieved from /home/airflow/.local/lib/python3.12/site-packages/airflow/example_dags/example_workday_timetable.py
[2026-08-12T05:08:58.502+0000] {logging_mixin.py:190} INFO - [2026-08-12T05:08:58.502+0000] {dag.py:3211} INFO - Sync 1 DAGs
[2026-08-12T05:08:58.575+0000] {logging_mixin.py:190} INFO - [2026-08-12T05:08:58.574+0000] {dag.py:4138} INFO - Setting next_dagrun for example_workday_timetable to 2021-01-04 00:00:00+00:00, run_after=2021-01-05 00:00:00+00:00
[2026-08-12T05:08:58.597+0000] {processor.py:208} INFO - Processing /home/airflow/.local/lib/python3.12/site-packages/airflow/example_dags/example_workday_timetable.py took 0.141 seconds
[2026-08-12T05:09:28.829+0000] {processor.py:186} INFO - Started process (PID=4568) to work on /home/airflow/.local/lib/python3.12/site-packages/airflow/example_dags/example_workday_timetable.py
[2026-08-12T05:09:28.833+0000] {processor.py:914} INFO - Processing file /home/airflow/.local/lib/python3.12/site-packages/airflow/example_dags/example_workday_timetable.py for tasks to queue
[2026-08-12T05:09:28.839+0000] {logging_mixin.py:190} INFO - [2026-08-12T05:09:28.838+0000] {dagbag.py:587} INFO - Filling up the DagBag from /home/airflow/.local/lib/python3.12/site-packages/airflow/example_dags/example_workday_timetable.py
[2026-08-12T05:09:28.847+0000] {processor.py:925} INFO - DAG(s) 'example_workday_timetable' retrieved from /home/airflow/.local/lib/python3.12/site-packages/airflow/example_dags/example_workday_timetable.py
[2026-08-12T05:09:28.872+0000] {logging_mixin.py:190} INFO - [2026-08-12T05:09:28.872+0000] {dag.py:3211} INFO - Sync 1 DAGs
[2026-08-12T05:09:28.932+0000] {logging_mixin.py:190} INFO - [2026-08-12T05:09:28.932+0000] {dag.py:4138} INFO - Setting next_dagrun for example_workday_timetable to 2021-01-04 00:00:00+00:00, run_after=2021-01-05 00:00:00+00:00
[2026-08-12T05:09:28.956+0000] {processor.py:208} INFO - Processing /home/airflow/.local/lib/python3.12/site-packages/airflow/example_dags/example_workday_timetable.py took 0.135 seconds
[2026-08-12T05:09:59.586+0000] {processor.py:186} INFO - Started process (PID=4631) to work on /home/airflow/.local/lib/python3.12/site-packages/airflow/example_dags/example_workday_timetable.py
[2026-08-12T05:09:59.593+0000] {processor.py:914} INFO - Processing file /home/airflow/.local/lib/python3.12/site-packages/airflow/example_dags/example_workday_timetable.py for tasks to queue
[2026-08-12T05:09:59.611+0000] {logging_mixin.py:190} INFO - [2026-08-12T05:09:59.610+0000] {dagbag.py:587} INFO - Filling up the DagBag from /home/airflow/.local/lib/python3.12/site-packages/airflow/example_dags/example_workday_timetable.py
[2026-08-12T05:09:59.638+0000] {processor.py:925} INFO - DAG(s) 'example_workday_timetable' retrieved from /home/airflow/.local/lib/python3.12/site-packages/airflow/example_dags/example_workday_timetable.py
[2026-08-12T05:09:59.689+0000] {logging_mixin.py:190} INFO - [2026-08-12T05:09:59.688+0000] {dag.py:3211} INFO - Sync 1 DAGs
[2026-08-12T05:09:59.910+0000] {logging_mixin.py:190} INFO - [2026-08-12T05:09:59.910+0000] {dag.py:4138} INFO - Setting next_dagrun for example_workday_timetable to 2021-01-04 00:00:00+00:00, run_after=2021-01-05 00:00:00+00:00
[2026-08-12T05:09:59.961+0000] {processor.py:208} INFO - Processing /home/airflow/.local/lib/python3.12/site-packages/airflow/example_dags/example_workday_timetable.py took 0.397 seconds
[2026-08-12T05:10:30.087+0000] {processor.py:186} INFO - Started process (PID=4694) to work on /home/airflow/.local/lib/python3.12/site-packages/airflow/example_dags/example_workday_timetable.py
[2026-08-12T05:10:30.089+0000] {processor.py:914} INFO - Processing file /home/airflow/.local/lib/python3.12/site-packages/airflow/example_dags/example_workday_timetable.py for tasks to queue
[2026-08-12T05:10:30.094+0000] {logging_mixin.py:190} INFO - [2026-08-12T05:10:30.093+0000] {dagbag.py:587} INFO - Filling up the DagBag from /home/airflow/.local/lib/python3.12/site-packages/airflow/example_dags/example_workday_timetable.py
[2026-08-12T05:10:30.102+0000] {processor.py:925} INFO - DAG(s) 'example_workday_timetable' retrieved from /home/airflow/.local/lib/python3.12/site-packages/airflow/example_dags/example_workday_timetable.py
[2026-08-12T05:10:30.128+0000] {logging_mixin.py:190} INFO - [2026-08-12T05:10:30.128+0000] {dag.py:3211} INFO - Sync 1 DAGs
[2026-08-12T05:10:30.190+0000] {logging_mixin.py:190} INFO - [2026-08-12T05:10:30.190+0000] {dag.py:4138} INFO - Setting next_dagrun for example_workday_timetable to 2021-01-04 00:00:00+00:00, run_after=2021-01-05 00:00:00+00:00
[2026-08-12T05:10:30.212+0000] {processor.py:208} INFO - Processing /home/airflow/.local/lib/python3.12/site-packages/airflow/example_dags/example_workday_timetable.py took 0.131 seconds
[2026-08-12T05:11:00.846+0000] {processor.py:186} INFO - Started process (PID=4757) to work on /home/airflow/.local/lib/python3.12/site-packages/airflow/example_dags/example_workday_timetable.py
[2026-08-12T05:11:00.850+0000] {processor.py:914} INFO - Processing file /home/airflow/.local/lib/python3.12/site-packages/airflow/example_dags/example_workday_timetable.py for tasks to queue
[2026-08-12T05:11:00.855+0000] {logging_mixin.py:190} INFO - [2026-08-12T05:11:00.855+0000] {dagbag.py:587} INFO - Filling up the DagBag from /home/airflow/.local/lib/python3.12/site-packages/airflow/example_dags/example_workday_timetable.py
[2026-08-12T05:11:00.865+0000] {processor.py:925} INFO - DAG(s) 'example_workday_timetable' retrieved from /home/airflow/.local/lib/python3.12/site-packages/airflow/example_dags/example_workday_timetable.py
[2026-08-12T05:11:00.893+0000] {logging_mixin.py:190} INFO - [2026-08-12T05:11:00.892+0000] {dag.py:3211} INFO - Sync 1 DAGs
[2026-08-12T05:11:00.965+0000] {logging_mixin.py:190} INFO - [2026-08-12T05:11:00.964+0000] {dag.py:4138} INFO - Setting next_dagrun for example_workday_timetable to 2021-01-04 00:00:00+00:00, run_after=2021-01-05 00:00:00+00:00
[2026-08-12T05:11:00.986+0000] {processor.py:208} INFO - Processing /home/airflow/.local/lib/python3.12/site-packages/airflow/example_dags/example_workday_timetable.py took 0.150 seconds
[2026-08-12T05:11:31.522+0000] {processor.py:186} INFO - Started process (PID=4820) to work on /home/airflow/.local/lib/python3.12/site-packages/airflow/example_dags/example_workday_timetable.py
[2026-08-12T05:11:31.525+0000] {processor.py:914} INFO - Processing file /home/airflow/.local/lib/python3.12/site-packages/airflow/example_dags/example_workday_timetable.py for tasks to queue
[2026-08-12T05:11:31.530+0000] {logging_mixin.py:190} INFO - [2026-08-12T05:11:31.530+0000] {dagbag.py:587} INFO - Filling up the DagBag from /home/airflow/.local/lib/python3.12/site-packages/airflow/example_dags/example_workday_timetable.py
[2026-08-12T05:11:31.542+0000] {processor.py:925} INFO - DAG(s) 'example_workday_timetable' retrieved from /home/airflow/.local/lib/python3.12/site-packages/airflow/example_dags/example_workday_timetable.py
[2026-08-12T05:11:31.572+0000] {logging_mixin.py:190} INFO - [2026-08-12T05:11:31.572+0000] {dag.py:3211} INFO - Sync 1 DAGs
[2026-08-12T05:11:31.644+0000] {logging_mixin.py:190} INFO - [2026-08-12T05:11:31.644+0000] {dag.py:4138} INFO - Setting next_dagrun for example_workday_timetable to 2021-01-04 00:00:00+00:00, run_after=2021-01-05 00:00:00+00:00
[2026-08-12T05:11:31.671+0000] {processor.py:208} INFO - Processing /home/airflow/.local/lib/python3.12/site-packages/airflow/example_dags/example_workday_timetable.py took 0.158 seconds
[2026-08-12T05:12:01.786+0000] {processor.py:186} INFO - Started process (PID=4883) to work on /home/airflow/.local/lib/python3.12/site-packages/airflow/example_dags/example_workday_timetable.py
[2026-08-12T05:12:01.788+0000] {processor.py:914} INFO - Processing file /home/airflow/.local/lib/python3.12/site-packages/airflow/example_dags/example_workday_timetable.py for tasks to queue
[2026-08-12T05:12:01.795+0000] {logging_mixin.py:190} INFO - [2026-08-12T05:12:01.794+0000] {dagbag.py:587} INFO - Filling up the DagBag from /home/airflow/.local/lib/python3.12/site-packages/airflow/example_dags/example_workday_timetable.py
[2026-08-12T05:12:01.805+0000] {processor.py:925} INFO - DAG(s) 'example_workday_timetable' retrieved from /home/airflow/.local/lib/python3.12/site-packages/airflow/example_dags/example_workday_timetable.py
[2026-08-12T05:12:01.835+0000] {logging_mixin.py:190} INFO - [2026-08-12T05:12:01.835+0000] {dag.py:3211} INFO - Sync 1 DAGs
[2026-08-12T05:12:01.900+0000] {logging_mixin.py:190} INFO - [2026-08-12T05:12:01.899+0000] {dag.py:4138} INFO - Setting next_dagrun for example_workday_timetable to 2021-01-04 00:00:00+00:00, run_after=2021-01-05 00:00:00+00:00
[2026-08-12T05:12:01.926+0000] {processor.py:208} INFO - Processing /home/airflow/.local/lib/python3.12/site-packages/airflow/example_dags/example_workday_timetable.py took 0.146 seconds
[2026-08-12T05:12:32.135+0000] {processor.py:186} INFO - Started process (PID=4946) to work on /home/airflow/.local/lib/python3.12/site-packages/airflow/example_dags/example_workday_timetable.py
[2026-08-12T05:12:32.137+0000] {processor.py:914} INFO - Processing file /home/airflow/.local/lib/python3.12/site-packages/airflow/example_dags/example_workday_timetable.py for tasks to queue
[2026-08-12T05:12:32.144+0000] {logging_mixin.py:190} INFO - [2026-08-12T05:12:32.143+0000] {dagbag.py:587} INFO - Filling up the DagBag from /home/airflow/.local/lib/python3.12/site-packages/airflow/example_dags/example_workday_timetable.py
[2026-08-12T05:12:32.155+0000] {processor.py:925} INFO - DAG(s) 'example_workday_timetable' retrieved from /home/airflow/.local/lib/python3.12/site-packages/airflow/example_dags/example_workday_timetable.py
[2026-08-12T05:12:32.180+0000] {logging_mixin.py:190} INFO - [2026-08-12T05:12:32.180+0000] {dag.py:3211} INFO - Sync 1 DAGs
[2026-08-12T05:12:32.244+0000] {logging_mixin.py:190} INFO - [2026-08-12T05:12:32.244+0000] {dag.py:4138} INFO - Setting next_dagrun for example_workday_timetable to 2021-01-04 00:00:00+00:00, run_after=2021-01-05 00:00:00+00:00
[2026-08-12T05:12:32.269+0000] {processor.py:208} INFO - Processing /home/airflow/.local/lib/python3.12/site-packages/airflow/example_dags/example_workday_timetable.py took 0.142 seconds
[2026-08-12T05:13:03.265+0000] {processor.py:186} INFO - Started process (PID=5009) to work on /home/airflow/.local/lib/python3.12/site-packages/airflow/example_dags/example_workday_timetable.py
[2026-08-12T05:13:03.268+0000] {processor.py:914} INFO - Processing file /home/airflow/.local/lib/python3.12/site-packages/airflow/example_dags/example_workday_timetable.py for tasks to queue
[2026-08-12T05:13:03.275+0000] {logging_mixin.py:190} INFO - [2026-08-12T05:13:03.275+0000] {dagbag.py:587} INFO - Filling up the DagBag from /home/airflow/.local/lib/python3.12/site-packages/airflow/example_dags/example_workday_timetable.py
[2026-08-12T05:13:03.285+0000] {processor.py:925} INFO - DAG(s) 'example_workday_timetable' retrieved from /home/airflow/.local/lib/python3.12/site-packages/airflow/example_dags/example_workday_timetable.py
[2026-08-12T05:13:03.312+0000] {logging_mixin.py:190} INFO - [2026-08-12T05:13:03.311+0000] {dag.py:3211} INFO - Sync 1 DAGs
[2026-08-12T05:13:03.388+0000] {logging_mixin.py:190} INFO - [2026-08-12T05:13:03.387+0000] {dag.py:4138} INFO - Setting next_dagrun for example_workday_timetable to 2021-01-04 00:00:00+00:00, run_after=2021-01-05 00:00:00+00:00
[2026-08-12T05:13:03.414+0000] {processor.py:208} INFO - Processing /home/airflow/.local/lib/python3.12/site-packages/airflow/example_dags/example_workday_timetable.py took 0.154 seconds
[2026-08-12T05:13:33.653+0000] {processor.py:186} INFO - Started process (PID=5072) to work on /home/airflow/.local/lib/python3.12/site-packages/airflow/example_dags/example_workday_timetable.py
[2026-08-12T05:13:33.656+0000] {processor.py:914} INFO - Processing file /home/airflow/.local/lib/python3.12/site-packages/airflow/example_dags/example_workday_timetable.py for tasks to queue
[2026-08-12T05:13:33.664+0000] {logging_mixin.py:190} INFO - [2026-08-12T05:13:33.664+0000] {dagbag.py:587} INFO - Filling up the DagBag from /home/airflow/.local/lib/python3.12/site-packages/airflow/example_dags/example_workday_timetable.py
[2026-08-12T05:13:33.673+0000] {processor.py:925} INFO - DAG(s) 'example_workday_timetable' retrieved from /home/airflow/.local/lib/python3.12/site-packages/airflow/example_dags/example_workday_timetable.py
[2026-08-12T05:13:33.697+0000] {logging_mixin.py:190} INFO - [2026-08-12T05:13:33.696+0000] {dag.py:3211} INFO - Sync 1 DAGs
[2026-08-12T05:13:33.752+0000] {logging_mixin.py:190} INFO - [2026-08-12T05:13:33.752+0000] {dag.py:4138} INFO - Setting next_dagrun for example_workday_timetable to 2021-01-04 00:00:00+00:00, run_after=2021-01-05 00:00:00+00:00
[2026-08-12T05:13:33.774+0000] {processor.py:208} INFO - Processing /home/airflow/.local/lib/python3.12/site-packages/airflow/example_dags/example_workday_timetable.py took 0.131 seconds
[2026-08-12T05:14:04.634+0000] {processor.py:186} INFO - Started process (PID=5135) to work on /home/airflow/.local/lib/python3.12/site-packages/airflow/example_dags/example_workday_timetable.py
[2026-08-12T05:14:04.637+0000] {processor.py:914} INFO - Processing file /home/airflow/.local/lib/python3.12/site-packages/airflow/example_dags/example_workday_timetable.py for tasks to queue
[2026-08-12T05:14:04.643+0000] {logging_mixin.py:190} INFO - [2026-08-12T05:14:04.642+0000] {dagbag.py:587} INFO - Filling up the DagBag from /home/airflow/.local/lib/python3.12/site-packages/airflow/example_dags/example_workday_timetable.py
[2026-08-12T05:14:04.651+0000] {processor.py:925} INFO - DAG(s) 'example_workday_timetable' retrieved from /home/airflow/.local/lib/python3.12/site-packages/airflow/example_dags/example_workday_timetable.py
[2026-08-12T05:14:04.676+0000] {logging_mixin.py:190} INFO - [2026-08-12T05:14:04.676+0000] {dag.py:3211} INFO - Sync 1 DAGs
[2026-08-12T05:14:04.741+0000] {logging_mixin.py:190} INFO - [2026-08-12T05:14:04.741+0000] {dag.py:4138} INFO - Setting next_dagrun for example_workday_timetable to 2021-01-04 00:00:00+00:00, run_after=2021-01-05 00:00:00+00:00
[2026-08-12T05:14:04.764+0000] {processor.py:208} INFO - Processing /home/airflow/.local/lib/python3.12/site-packages/airflow/example_dags/example_workday_timetable.py took 0.138 seconds
[2026-08-12T05:14:35.376+0000] {processor.py:186} INFO - Started process (PID=5198) to work on /home/airflow/.local/lib/python3.12/site-packages/airflow/example_dags/example_workday_timetable.py
[2026-08-12T05:14:35.379+0000] {processor.py:914} INFO - Processing file /home/airflow/.local/lib/python3.12/site-packages/airflow/example_dags/example_workday_timetable.py for tasks to queue
[2026-08-12T05:14:35.384+0000] {logging_mixin.py:190} INFO - [2026-08-12T05:14:35.383+0000] {dagbag.py:587} INFO - Filling up the DagBag from /home/airflow/.local/lib/python3.12/site-packages/airflow/example_dags/example_workday_timetable.py
[2026-08-12T05:14:35.392+0000] {processor.py:925} INFO - DAG(s) 'example_workday_timetable' retrieved from /home/airflow/.local/lib/python3.12/site-packages/airflow/example_dags/example_workday_timetable.py
[2026-08-12T05:14:35.415+0000] {logging_mixin.py:190} INFO - [2026-08-12T05:14:35.415+0000] {dag.py:3211} INFO - Sync 1 DAGs
[2026-08-12T05:14:35.474+0000] {logging_mixin.py:190} INFO - [2026-08-12T05:14:35.474+0000] {dag.py:4138} INFO - Setting next_dagrun for example_workday_timetable to 2021-01-04 00:00:00+00:00, run_after=2021-01-05 00:00:00+00:00
[2026-08-12T05:14:35.516+0000] {processor.py:208} INFO - Processing /home/airflow/.local/lib/python3.12/site-packages/airflow/example_dags/example_workday_timetable.py took 0.154 seconds
[2026-08-12T05:15:06.249+0000] {processor.py:186} INFO - Started process (PID=5261) to work on /home/airflow/.local/lib/python3.12/site-packages/airflow/example_dags/example_workday_timetable.py
[2026-08-12T05:15:06.255+0000] {processor.py:914} INFO - Processing file /home/airflow/.local/lib/python3.12/site-packages/airflow/example_dags/example_workday_timetable.py for tasks to queue
[2026-08-12T05:15:06.267+0000] {logging_mixin.py:190} INFO - [2026-08-12T05:15:06.267+0000] {dagbag.py:587} INFO - Filling up the DagBag from /home/airflow/.local/lib/python3.12/site-packages/airflow/example_dags/example_workday_timetable.py
[2026-08-12T05:15:06.283+0000] {processor.py:925} INFO - DAG(s) 'example_workday_timetable' retrieved from /home/airflow/.local/lib/python3.12/site-packages/airflow/example_dags/example_workday_timetable.py
[2026-08-12T05:15:06.308+0000] {logging_mixin.py:190} INFO - [2026-08-12T05:15:06.307+0000] {dag.py:3211} INFO - Sync 1 DAGs
[2026-08-12T05:15:06.373+0000] {logging_mixin.py:190} INFO - [2026-08-12T05:15:06.372+0000] {dag.py:4138} INFO - Setting next_dagrun for example_workday_timetable to 2021-01-04 00:00:00+00:00, run_after=2021-01-05 00:00:00+00:00
[2026-08-12T05:15:06.402+0000] {processor.py:208} INFO - Processing /home/airflow/.local/lib/python3.12/site-packages/airflow/example_dags/example_workday_timetable.py took 0.165 seconds
[2026-08-12T05:15:36.890+0000] {processor.py:186} INFO - Started process (PID=5324) to work on /home/airflow/.local/lib/python3.12/site-packages/airflow/example_dags/example_workday_timetable.py
[2026-08-12T05:15:36.893+0000] {processor.py:914} INFO - Processing file /home/airflow/.local/lib/python3.12/site-packages/airflow/example_dags/example_workday_timetable.py for tasks to queue
[2026-08-12T05:15:36.900+0000] {logging_mixin.py:190} INFO - [2026-08-12T05:15:36.900+0000] {dagbag.py:587} INFO - Filling up the DagBag from /home/airflow/.local/lib/python3.12/site-packages/airflow/example_dags/example_workday_timetable.py
[2026-08-12T05:15:36.909+0000] {processor.py:925} INFO - DAG(s) 'example_workday_timetable' retrieved from /home/airflow/.local/lib/python3.12/site-packages/airflow/example_dags/example_workday_timetable.py
[2026-08-12T05:15:36.933+0000] {logging_mixin.py:190} INFO - [2026-08-12T05:15:36.933+0000] {dag.py:3211} INFO - Sync 1 DAGs
[2026-08-12T05:15:36.992+0000] {logging_mixin.py:190} INFO - [2026-08-12T05:15:36.992+0000] {dag.py:4138} INFO - Setting next_dagrun for example_workday_timetable to 2021-01-04 00:00:00+00:00, run_after=2021-01-05 00:00:00+00:00
[2026-08-12T05:15:37.017+0000] {processor.py:208} INFO - Processing /home/airflow/.local/lib/python3.12/site-packages/airflow/example_dags/example_workday_timetable.py took 0.135 seconds
[2026-08-12T05:16:07.464+0000] {processor.py:186} INFO - Started process (PID=5387) to work on /home/airflow/.local/lib/python3.12/site-packages/airflow/example_dags/example_workday_timetable.py
[2026-08-12T05:16:07.467+0000] {processor.py:914} INFO - Processing file /home/airflow/.local/lib/python3.12/site-packages/airflow/example_dags/example_workday_timetable.py for tasks to queue
[2026-08-12T05:16:07.476+0000] {logging_mixin.py:190} INFO - [2026-08-12T05:16:07.475+0000] {dagbag.py:587} INFO - Filling up the DagBag from /home/airflow/.local/lib/python3.12/site-packages/airflow/example_dags/example_workday_timetable.py
[2026-08-12T05:16:07.492+0000] {processor.py:925} INFO - DAG(s) 'example_workday_timetable' retrieved from /home/airflow/.local/lib/python3.12/site-packages/airflow/example_dags/example_workday_timetable.py
[2026-08-12T05:16:07.527+0000] {logging_mixin.py:190} INFO - [2026-08-12T05:16:07.527+0000] {dag.py:3211} INFO - Sync 1 DAGs
[2026-08-12T05:16:07.613+0000] {logging_mixin.py:190} INFO - [2026-08-12T05:16:07.612+0000] {dag.py:4138} INFO - Setting next_dagrun for example_workday_timetable to 2021-01-04 00:00:00+00:00, run_after=2021-01-05 00:00:00+00:00
[2026-08-12T05:16:07.647+0000] {processor.py:208} INFO - Processing /home/airflow/.local/lib/python3.12/site-packages/airflow/example_dags/example_workday_timetable.py took 0.193 seconds
[2026-08-12T05:16:38.028+0000] {processor.py:186} INFO - Started process (PID=5450) to work on /home/airflow/.local/lib/python3.12/site-packages/airflow/example_dags/example_workday_timetable.py
[2026-08-12T05:16:38.032+0000] {processor.py:914} INFO - Processing file /home/airflow/.local/lib/python3.12/site-packages/airflow/example_dags/example_workday_timetable.py for tasks to queue
[2026-08-12T05:16:38.036+0000] {logging_mixin.py:190} INFO - [2026-08-12T05:16:38.036+0000] {dagbag.py:587} INFO - Filling up the DagBag from /home/airflow/.local/lib/python3.12/site-packages/airflow/example_dags/example_workday_timetable.py
[2026-08-12T05:16:38.043+0000] {processor.py:925} INFO - DAG(s) 'example_workday_timetable' retrieved from /home/airflow/.local/lib/python3.12/site-packages/airflow/example_dags/example_workday_timetable.py
[2026-08-12T05:16:38.067+0000] {logging_mixin.py:190} INFO - [2026-08-12T05:16:38.067+0000] {dag.py:3211} INFO - Sync 1 DAGs
[2026-08-12T05:16:38.133+0000] {logging_mixin.py:190} INFO - [2026-08-12T05:16:38.133+0000] {dag.py:4138} INFO - Setting next_dagrun for example_workday_timetable to 2021-01-04 00:00:00+00:00, run_after=2021-01-05 00:00:00+00:00
[2026-08-12T05:16:38.158+0000] {processor.py:208} INFO - Processing /home/airflow/.local/lib/python3.12/site-packages/airflow/example_dags/example_workday_timetable.py took 0.136 seconds
[2026-08-12T05:17:08.775+0000] {processor.py:186} INFO - Started process (PID=5513) to work on /home/airflow/.local/lib/python3.12/site-packages/airflow/example_dags/example_workday_timetable.py
[2026-08-12T05:17:08.777+0000] {processor.py:914} INFO - Processing file /home/airflow/.local/lib/python3.12/site-packages/airflow/example_dags/example_workday_timetable.py for tasks to queue
[2026-08-12T05:17:08.782+0000] {logging_mixin.py:190} INFO - [2026-08-12T05:17:08.781+0000] {dagbag.py:587} INFO - Filling up the DagBag from /home/airflow/.local/lib/python3.12/site-packages/airflow/example_dags/example_workday_timetable.py
[2026-08-12T05:17:08.794+0000] {processor.py:925} INFO - DAG(s) 'example_workday_timetable' retrieved from /home/airflow/.local/lib/python3.12/site-packages/airflow/example_dags/example_workday_timetable.py
[2026-08-12T05:17:08.817+0000] {logging_mixin.py:190} INFO - [2026-08-12T05:17:08.816+0000] {dag.py:3211} INFO - Sync 1 DAGs
[2026-08-12T05:17:08.883+0000] {logging_mixin.py:190} INFO - [2026-08-12T05:17:08.882+0000] {dag.py:4138} INFO - Setting next_dagrun for example_workday_timetable to 2021-01-04 00:00:00+00:00, run_after=2021-01-05 00:00:00+00:00
[2026-08-12T05:17:08.909+0000] {processor.py:208} INFO - Processing /home/airflow/.local/lib/python3.12/site-packages/airflow/example_dags/example_workday_timetable.py took 0.140 seconds
[2026-08-12T05:17:39.100+0000] {processor.py:186} INFO - Started process (PID=5577) to work on /home/airflow/.local/lib/python3.12/site-packages/airflow/example_dags/example_workday_timetable.py
[2026-08-12T05:17:39.102+0000] {processor.py:914} INFO - Processing file /home/airflow/.local/lib/python3.12/site-packages/airflow/example_dags/example_workday_timetable.py for tasks to queue
[2026-08-12T05:17:39.110+0000] {logging_mixin.py:190} INFO - [2026-08-12T05:17:39.109+0000] {dagbag.py:587} INFO - Filling up the DagBag from /home/airflow/.local/lib/python3.12/site-packages/airflow/example_dags/example_workday_timetable.py
[2026-08-12T05:17:39.121+0000] {processor.py:925} INFO - DAG(s) 'example_workday_timetable' retrieved from /home/airflow/.local/lib/python3.12/site-packages/airflow/example_dags/example_workday_timetable.py
[2026-08-12T05:17:39.150+0000] {logging_mixin.py:190} INFO - [2026-08-12T05:17:39.149+0000] {dag.py:3211} INFO - Sync 1 DAGs
[2026-08-12T05:17:39.228+0000] {logging_mixin.py:190} INFO - [2026-08-12T05:17:39.228+0000] {dag.py:4138} INFO - Setting next_dagrun for example_workday_timetable to 2021-01-04 00:00:00+00:00, run_after=2021-01-05 00:00:00+00:00
[2026-08-12T05:17:39.260+0000] {processor.py:208} INFO - Processing /home/airflow/.local/lib/python3.12/site-packages/airflow/example_dags/example_workday_timetable.py took 0.169 seconds
[2026-08-12T05:18:09.783+0000] {processor.py:186} INFO - Started process (PID=5640) to work on /home/airflow/.local/lib/python3.12/site-packages/airflow/example_dags/example_workday_timetable.py
[2026-08-12T05:18:09.787+0000] {processor.py:914} INFO - Processing file /home/airflow/.local/lib/python3.12/site-packages/airflow/example_dags/example_workday_timetable.py for tasks to queue
[2026-08-12T05:18:09.795+0000] {logging_mixin.py:190} INFO - [2026-08-12T05:18:09.794+0000] {dagbag.py:587} INFO - Filling up the DagBag from /home/airflow/.local/lib/python3.12/site-packages/airflow/example_dags/example_workday_timetable.py
[2026-08-12T05:18:09.809+0000] {processor.py:925} INFO - DAG(s) 'example_workday_timetable' retrieved from /home/airflow/.local/lib/python3.12/site-packages/airflow/example_dags/example_workday_timetable.py
[2026-08-12T05:18:09.848+0000] {logging_mixin.py:190} INFO - [2026-08-12T05:18:09.847+0000] {dag.py:3211} INFO - Sync 1 DAGs
[2026-08-12T05:18:09.914+0000] {logging_mixin.py:190} INFO - [2026-08-12T05:18:09.913+0000] {dag.py:4138} INFO - Setting next_dagrun for example_workday_timetable to 2021-01-04 00:00:00+00:00, run_after=2021-01-05 00:00:00+00:00
[2026-08-12T05:18:09.938+0000] {processor.py:208} INFO - Processing /home/airflow/.local/lib/python3.12/site-packages/airflow/example_dags/example_workday_timetable.py took 0.164 seconds
[2026-08-12T05:18:40.157+0000] {processor.py:186} INFO - Started process (PID=5703) to work on /home/airflow/.local/lib/python3.12/site-packages/airflow/example_dags/example_workday_timetable.py
[2026-08-12T05:18:40.159+0000] {processor.py:914} INFO - Processing file /home/airflow/.local/lib/python3.12/site-packages/airflow/example_dags/example_workday_timetable.py for tasks to queue
[2026-08-12T05:18:40.164+0000] {logging_mixin.py:190} INFO - [2026-08-12T05:18:40.163+0000] {dagbag.py:587} INFO - Filling up the DagBag from /home/airflow/.local/lib/python3.12/site-packages/airflow/example_dags/example_workday_timetable.py
[2026-08-12T05:18:40.173+0000] {processor.py:925} INFO - DAG(s) 'example_workday_timetable' retrieved from /home/airflow/.local/lib/python3.12/site-packages/airflow/example_dags/example_workday_timetable.py
[2026-08-12T05:18:40.195+0000] {logging_mixin.py:190} INFO - [2026-08-12T05:18:40.195+0000] {dag.py:3211} INFO - Sync 1 DAGs
[2026-08-12T05:18:40.256+0000] {logging_mixin.py:190} INFO - [2026-08-12T05:18:40.256+0000] {dag.py:4138} INFO - Setting next_dagrun for example_workday_timetable to 2021-01-04 00:00:00+00:00, run_after=2021-01-05 00:00:00+00:00
[2026-08-12T05:18:40.279+0000] {processor.py:208} INFO - Processing /home/airflow/.local/lib/python3.12/site-packages/airflow/example_dags/example_workday_timetable.py took 0.129 seconds
[2026-08-12T05:19:10.665+0000] {processor.py:186} INFO - Started process (PID=5766) to work on /home/airflow/.local/lib/python3.12/site-packages/airflow/example_dags/example_workday_timetable.py
[2026-08-12T05:19:10.668+0000] {processor.py:914} INFO - Processing file /home/airflow/.local/lib/python3.12/site-packages/airflow/example_dags/example_workday_timetable.py for tasks to queue
[2026-08-12T05:19:10.673+0000] {logging_mixin.py:190} INFO - [2026-08-12T05:19:10.672+0000] {dagbag.py:587} INFO - Filling up the DagBag from /home/airflow/.local/lib/python3.12/site-packages/airflow/example_dags/example_workday_timetable.py
[2026-08-12T05:19:10.681+0000] {processor.py:925} INFO - DAG(s) 'example_workday_timetable' retrieved from /home/airflow/.local/lib/python3.12/site-packages/airflow/example_dags/example_workday_timetable.py
[2026-08-12T05:19:10.704+0000] {logging_mixin.py:190} INFO - [2026-08-12T05:19:10.704+0000] {dag.py:3211} INFO - Sync 1 DAGs
[2026-08-12T05:19:10.766+0000] {logging_mixin.py:190} INFO - [2026-08-12T05:19:10.766+0000] {dag.py:4138} INFO - Setting next_dagrun for example_workday_timetable to 2021-01-04 00:00:00+00:00, run_after=2021-01-05 00:00:00+00:00
[2026-08-12T05:19:10.787+0000] {processor.py:208} INFO - Processing /home/airflow/.local/lib/python3.12/site-packages/airflow/example_dags/example_workday_timetable.py took 0.128 seconds
[2026-08-12T05:19:41.407+0000] {processor.py:186} INFO - Started process (PID=5829) to work on /home/airflow/.local/lib/python3.12/site-packages/airflow/example_dags/example_workday_timetable.py
[2026-08-12T05:19:41.409+0000] {processor.py:914} INFO - Processing file /home/airflow/.local/lib/python3.12/site-packages/airflow/example_dags/example_workday_timetable.py for tasks to queue
[2026-08-12T05:19:41.416+0000] {logging_mixin.py:190} INFO - [2026-08-12T05:19:41.415+0000] {dagbag.py:587} INFO - Filling up the DagBag from /home/airflow/.local/lib/python3.12/site-packages/airflow/example_dags/example_workday_timetable.py
[2026-08-12T05:19:41.423+0000] {processor.py:925} INFO - DAG(s) 'example_workday_timetable' retrieved from /home/airflow/.local/lib/python3.12/site-packages/airflow/example_dags/example_workday_timetable.py
[2026-08-12T05:19:41.447+0000] {logging_mixin.py:190} INFO - [2026-08-12T05:19:41.447+0000] {dag.py:3211} INFO - Sync 1 DAGs
[2026-08-12T05:19:41.509+0000] {logging_mixin.py:190} INFO - [2026-08-12T05:19:41.509+0000] {dag.py:4138} INFO - Setting next_dagrun for example_workday_timetable to 2021-01-04 00:00:00+00:00, run_after=2021-01-05 00:00:00+00:00
[2026-08-12T05:19:41.532+0000] {processor.py:208} INFO - Processing /home/airflow/.local/lib/python3.12/site-packages/airflow/example_dags/example_workday_timetable.py took 0.131 seconds
[2026-08-12T05:20:11.909+0000] {processor.py:186} INFO - Started process (PID=5892) to work on /home/airflow/.local/lib/python3.12/site-packages/airflow/example_dags/example_workday_timetable.py
[2026-08-12T05:20:11.912+0000] {processor.py:914} INFO - Processing file /home/airflow/.local/lib/python3.12/site-packages/airflow/example_dags/example_workday_timetable.py for tasks to queue
[2026-08-12T05:20:11.919+0000] {logging_mixin.py:190} INFO - [2026-08-12T05:20:11.918+0000] {dagbag.py:587} INFO - Filling up the DagBag from /home/airflow/.local/lib/python3.12/site-packages/airflow/example_dags/example_workday_timetable.py
[2026-08-12T05:20:11.936+0000] {processor.py:925} INFO - DAG(s) 'example_workday_timetable' retrieved from /home/airflow/.local/lib/python3.12/site-packages/airflow/example_dags/example_workday_timetable.py
[2026-08-12T05:20:11.989+0000] {logging_mixin.py:190} INFO - [2026-08-12T05:20:11.988+0000] {dag.py:3211} INFO - Sync 1 DAGs
[2026-08-12T05:20:12.191+0000] {logging_mixin.py:190} INFO - [2026-08-12T05:20:12.190+0000] {dag.py:4138} INFO - Setting next_dagrun for example_workday_timetable to 2021-01-04 00:00:00+00:00, run_after=2021-01-05 00:00:00+00:00
[2026-08-12T05:20:12.249+0000] {processor.py:208} INFO - Processing /home/airflow/.local/lib/python3.12/site-packages/airflow/example_dags/example_workday_timetable.py took 0.355 seconds
[2026-08-12T05:20:42.583+0000] {processor.py:186} INFO - Started process (PID=5955) to work on /home/airflow/.local/lib/python3.12/site-packages/airflow/example_dags/example_workday_timetable.py
[2026-08-12T05:20:42.586+0000] {processor.py:914} INFO - Processing file /home/airflow/.local/lib/python3.12/site-packages/airflow/example_dags/example_workday_timetable.py for tasks to queue
[2026-08-12T05:20:42.592+0000] {logging_mixin.py:190} INFO - [2026-08-12T05:20:42.591+0000] {dagbag.py:587} INFO - Filling up the DagBag from /home/airflow/.local/lib/python3.12/site-packages/airflow/example_dags/example_workday_timetable.py
[2026-08-12T05:20:42.603+0000] {processor.py:925} INFO - DAG(s) 'example_workday_timetable' retrieved from /home/airflow/.local/lib/python3.12/site-packages/airflow/example_dags/example_workday_timetable.py
[2026-08-12T05:20:42.628+0000] {logging_mixin.py:190} INFO - [2026-08-12T05:20:42.628+0000] {dag.py:3211} INFO - Sync 1 DAGs
[2026-08-12T05:20:42.697+0000] {logging_mixin.py:190} INFO - [2026-08-12T05:20:42.697+0000] {dag.py:4138} INFO - Setting next_dagrun for example_workday_timetable to 2021-01-04 00:00:00+00:00, run_after=2021-01-05 00:00:00+00:00
[2026-08-12T05:20:42.726+0000] {processor.py:208} INFO - Processing /home/airflow/.local/lib/python3.12/site-packages/airflow/example_dags/example_workday_timetable.py took 0.152 seconds
[2026-08-12T05:21:13.340+0000] {processor.py:186} INFO - Started process (PID=6018) to work on /home/airflow/.local/lib/python3.12/site-packages/airflow/example_dags/example_workday_timetable.py
[2026-08-12T05:21:13.344+0000] {processor.py:914} INFO - Processing file /home/airflow/.local/lib/python3.12/site-packages/airflow/example_dags/example_workday_timetable.py for tasks to queue
[2026-08-12T05:21:13.351+0000] {logging_mixin.py:190} INFO - [2026-08-12T05:21:13.350+0000] {dagbag.py:587} INFO - Filling up the DagBag from /home/airflow/.local/lib/python3.12/site-packages/airflow/example_dags/example_workday_timetable.py
[2026-08-12T05:21:13.361+0000] {processor.py:925} INFO - DAG(s) 'example_workday_timetable' retrieved from /home/airflow/.local/lib/python3.12/site-packages/airflow/example_dags/example_workday_timetable.py
[2026-08-12T05:21:13.386+0000] {logging_mixin.py:190} INFO - [2026-08-12T05:21:13.385+0000] {dag.py:3211} INFO - Sync 1 DAGs
[2026-08-12T05:21:13.445+0000] {logging_mixin.py:190} INFO - [2026-08-12T05:21:13.445+0000] {dag.py:4138} INFO - Setting next_dagrun for example_workday_timetable to 2021-01-04 00:00:00+00:00, run_after=2021-01-05 00:00:00+00:00
[2026-08-12T05:21:13.468+0000] {processor.py:208} INFO - Processing /home/airflow/.local/lib/python3.12/site-packages/airflow/example_dags/example_workday_timetable.py took 0.139 seconds
[2026-08-12T05:21:43.810+0000] {processor.py:186} INFO - Started process (PID=6081) to work on /home/airflow/.local/lib/python3.12/site-packages/airflow/example_dags/example_workday_timetable.py
[2026-08-12T05:21:43.812+0000] {processor.py:914} INFO - Processing file /home/airflow/.local/lib/python3.12/site-packages/airflow/example_dags/example_workday_timetable.py for tasks to queue
[2026-08-12T05:21:43.817+0000] {logging_mixin.py:190} INFO - [2026-08-12T05:21:43.816+0000] {dagbag.py:587} INFO - Filling up the DagBag from /home/airflow/.local/lib/python3.12/site-packages/airflow/example_dags/example_workday_timetable.py
[2026-08-12T05:21:43.825+0000] {processor.py:925} INFO - DAG(s) 'example_workday_timetable' retrieved from /home/airflow/.local/lib/python3.12/site-packages/airflow/example_dags/example_workday_timetable.py
[2026-08-12T05:21:43.860+0000] {logging_mixin.py:190} INFO - [2026-08-12T05:21:43.860+0000] {dag.py:3211} INFO - Sync 1 DAGs
[2026-08-12T05:21:43.958+0000] {logging_mixin.py:190} INFO - [2026-08-12T05:21:43.958+0000] {dag.py:4138} INFO - Setting next_dagrun for example_workday_timetable to 2021-01-04 00:00:00+00:00, run_after=2021-01-05 00:00:00+00:00
[2026-08-12T05:21:43.989+0000] {processor.py:208} INFO - Processing /home/airflow/.local/lib/python3.12/site-packages/airflow/example_dags/example_workday_timetable.py took 0.188 seconds
[2026-08-12T05:22:14.590+0000] {processor.py:186} INFO - Started process (PID=6144) to work on /home/airflow/.local/lib/python3.12/site-packages/airflow/example_dags/example_workday_timetable.py
[2026-08-12T05:22:14.593+0000] {processor.py:914} INFO - Processing file /home/airflow/.local/lib/python3.12/site-packages/airflow/example_dags/example_workday_timetable.py for tasks to queue
[2026-08-12T05:22:14.598+0000] {logging_mixin.py:190} INFO - [2026-08-12T05:22:14.598+0000] {dagbag.py:587} INFO - Filling up the DagBag from /home/airflow/.local/lib/python3.12/site-packages/airflow/example_dags/example_workday_timetable.py
[2026-08-12T05:22:14.606+0000] {processor.py:925} INFO - DAG(s) 'example_workday_timetable' retrieved from /home/airflow/.local/lib/python3.12/site-packages/airflow/example_dags/example_workday_timetable.py
[2026-08-12T05:22:14.631+0000] {logging_mixin.py:190} INFO - [2026-08-12T05:22:14.631+0000] {dag.py:3211} INFO - Sync 1 DAGs
[2026-08-12T05:22:14.691+0000] {logging_mixin.py:190} INFO - [2026-08-12T05:22:14.691+0000] {dag.py:4138} INFO - Setting next_dagrun for example_workday_timetable to 2021-01-04 00:00:00+00:00, run_after=2021-01-05 00:00:00+00:00
[2026-08-12T05:22:14.717+0000] {processor.py:208} INFO - Processing /home/airflow/.local/lib/python3.12/site-packages/airflow/example_dags/example_workday_timetable.py took 0.132 seconds
[2026-08-12T05:22:45.497+0000] {processor.py:186} INFO - Started process (PID=6207) to work on /home/airflow/.local/lib/python3.12/site-packages/airflow/example_dags/example_workday_timetable.py
[2026-08-12T05:22:45.500+0000] {processor.py:914} INFO - Processing file /home/airflow/.local/lib/python3.12/site-packages/airflow/example_dags/example_workday_timetable.py for tasks to queue
[2026-08-12T05:22:45.512+0000] {logging_mixin.py:190} INFO - [2026-08-12T05:22:45.510+0000] {dagbag.py:587} INFO - Filling up the DagBag from /home/airflow/.local/lib/python3.12/site-packages/airflow/example_dags/example_workday_timetable.py
[2026-08-12T05:22:45.528+0000] {processor.py:925} INFO - DAG(s) 'example_workday_timetable' retrieved from /home/airflow/.local/lib/python3.12/site-packages/airflow/example_dags/example_workday_timetable.py
[2026-08-12T05:22:45.557+0000] {logging_mixin.py:190} INFO - [2026-08-12T05:22:45.557+0000] {dag.py:3211} INFO - Sync 1 DAGs
[2026-08-12T05:22:45.617+0000] {logging_mixin.py:190} INFO - [2026-08-12T05:22:45.617+0000] {dag.py:4138} INFO - Setting next_dagrun for example_workday_timetable to 2021-01-04 00:00:00+00:00, run_after=2021-01-05 00:00:00+00:00
[2026-08-12T05:22:45.641+0000] {processor.py:208} INFO - Processing /home/airflow/.local/lib/python3.12/site-packages/airflow/example_dags/example_workday_timetable.py took 0.156 seconds
[2026-08-12T05:23:15.995+0000] {processor.py:186} INFO - Started process (PID=6270) to work on /home/airflow/.local/lib/python3.12/site-packages/airflow/example_dags/example_workday_timetable.py
[2026-08-12T05:23:15.997+0000] {processor.py:914} INFO - Processing file /home/airflow/.local/lib/python3.12/site-packages/airflow/example_dags/example_workday_timetable.py for tasks to queue
[2026-08-12T05:23:16.008+0000] {logging_mixin.py:190} INFO - [2026-08-12T05:23:16.007+0000] {dagbag.py:587} INFO - Filling up the DagBag from /home/airflow/.local/lib/python3.12/site-packages/airflow/example_dags/example_workday_timetable.py
[2026-08-12T05:23:16.019+0000] {processor.py:925} INFO - DAG(s) 'example_workday_timetable' retrieved from /home/airflow/.local/lib/python3.12/site-packages/airflow/example_dags/example_workday_timetable.py
[2026-08-12T05:23:16.066+0000] {logging_mixin.py:190} INFO - [2026-08-12T05:23:16.066+0000] {dag.py:3211} INFO - Sync 1 DAGs
[2026-08-12T05:23:16.158+0000] {logging_mixin.py:190} INFO - [2026-08-12T05:23:16.158+0000] {dag.py:4138} INFO - Setting next_dagrun for example_workday_timetable to 2021-01-04 00:00:00+00:00, run_after=2021-01-05 00:00:00+00:00
[2026-08-12T05:23:16.189+0000] {processor.py:208} INFO - Processing /home/airflow/.local/lib/python3.12/site-packages/airflow/example_dags/example_workday_timetable.py took 0.203 seconds
[2026-08-12T05:23:46.436+0000] {processor.py:186} INFO - Started process (PID=6333) to work on /home/airflow/.local/lib/python3.12/site-packages/airflow/example_dags/example_workday_timetable.py
[2026-08-12T05:23:46.439+0000] {processor.py:914} INFO - Processing file /home/airflow/.local/lib/python3.12/site-packages/airflow/example_dags/example_workday_timetable.py for tasks to queue
[2026-08-12T05:23:46.444+0000] {logging_mixin.py:190} INFO - [2026-08-12T05:23:46.443+0000] {dagbag.py:587} INFO - Filling up the DagBag from /home/airflow/.local/lib/python3.12/site-packages/airflow/example_dags/example_workday_timetable.py
[2026-08-12T05:23:46.455+0000] {processor.py:925} INFO - DAG(s) 'example_workday_timetable' retrieved from /home/airflow/.local/lib/python3.12/site-packages/airflow/example_dags/example_workday_timetable.py
[2026-08-12T05:23:46.484+0000] {logging_mixin.py:190} INFO - [2026-08-12T05:23:46.484+0000] {dag.py:3211} INFO - Sync 1 DAGs
[2026-08-12T05:23:46.553+0000] {logging_mixin.py:190} INFO - [2026-08-12T05:23:46.552+0000] {dag.py:4138} INFO - Setting next_dagrun for example_workday_timetable to 2021-01-04 00:00:00+00:00, run_after=2021-01-05 00:00:00+00:00
[2026-08-12T05:23:46.579+0000] {processor.py:208} INFO - Processing /home/airflow/.local/lib/python3.12/site-packages/airflow/example_dags/example_workday_timetable.py took 0.150 seconds
[2026-08-12T05:24:16.821+0000] {processor.py:186} INFO - Started process (PID=6396) to work on /home/airflow/.local/lib/python3.12/site-packages/airflow/example_dags/example_workday_timetable.py
[2026-08-12T05:24:16.824+0000] {processor.py:914} INFO - Processing file /home/airflow/.local/lib/python3.12/site-packages/airflow/example_dags/example_workday_timetable.py for tasks to queue
[2026-08-12T05:24:16.828+0000] {logging_mixin.py:190} INFO - [2026-08-12T05:24:16.828+0000] {dagbag.py:587} INFO - Filling up the DagBag from /home/airflow/.local/lib/python3.12/site-packages/airflow/example_dags/example_workday_timetable.py
[2026-08-12T05:24:16.835+0000] {processor.py:925} INFO - DAG(s) 'example_workday_timetable' retrieved from /home/airflow/.local/lib/python3.12/site-packages/airflow/example_dags/example_workday_timetable.py
[2026-08-12T05:24:16.859+0000] {logging_mixin.py:190} INFO - [2026-08-12T05:24:16.858+0000] {dag.py:3211} INFO - Sync 1 DAGs
[2026-08-12T05:24:16.941+0000] {logging_mixin.py:190} INFO - [2026-08-12T05:24:16.941+0000] {dag.py:4138} INFO - Setting next_dagrun for example_workday_timetable to 2021-01-04 00:00:00+00:00, run_after=2021-01-05 00:00:00+00:00
[2026-08-12T05:24:16.967+0000] {processor.py:208} INFO - Processing /home/airflow/.local/lib/python3.12/site-packages/airflow/example_dags/example_workday_timetable.py took 0.157 seconds
[2026-08-12T05:24:47.184+0000] {processor.py:186} INFO - Started process (PID=6460) to work on /home/airflow/.local/lib/python3.12/site-packages/airflow/example_dags/example_workday_timetable.py
[2026-08-12T05:24:47.187+0000] {processor.py:914} INFO - Processing file /home/airflow/.local/lib/python3.12/site-packages/airflow/example_dags/example_workday_timetable.py for tasks to queue
[2026-08-12T05:24:47.194+0000] {logging_mixin.py:190} INFO - [2026-08-12T05:24:47.193+0000] {dagbag.py:587} INFO - Filling up the DagBag from /home/airflow/.local/lib/python3.12/site-packages/airflow/example_dags/example_workday_timetable.py
[2026-08-12T05:24:47.207+0000] {processor.py:925} INFO - DAG(s) 'example_workday_timetable' retrieved from /home/airflow/.local/lib/python3.12/site-packages/airflow/example_dags/example_workday_timetable.py
[2026-08-12T05:24:47.258+0000] {logging_mixin.py:190} INFO - [2026-08-12T05:24:47.258+0000] {dag.py:3211} INFO - Sync 1 DAGs
[2026-08-12T05:24:47.322+0000] {logging_mixin.py:190} INFO - [2026-08-12T05:24:47.322+0000] {dag.py:4138} INFO - Setting next_dagrun for example_workday_timetable to 2021-01-04 00:00:00+00:00, run_after=2021-01-05 00:00:00+00:00
[2026-08-12T05:24:47.348+0000] {processor.py:208} INFO - Processing /home/airflow/.local/lib/python3.12/site-packages/airflow/example_dags/example_workday_timetable.py took 0.176 seconds
[2026-08-12T05:25:17.950+0000] {processor.py:186} INFO - Started process (PID=6523) to work on /home/airflow/.local/lib/python3.12/site-packages/airflow/example_dags/example_workday_timetable.py
[2026-08-12T05:25:17.953+0000] {processor.py:914} INFO - Processing file /home/airflow/.local/lib/python3.12/site-packages/airflow/example_dags/example_workday_timetable.py for tasks to queue
[2026-08-12T05:25:17.957+0000] {logging_mixin.py:190} INFO - [2026-08-12T05:25:17.957+0000] {dagbag.py:587} INFO - Filling up the DagBag from /home/airflow/.local/lib/python3.12/site-packages/airflow/example_dags/example_workday_timetable.py
[2026-08-12T05:25:17.968+0000] {processor.py:925} INFO - DAG(s) 'example_workday_timetable' retrieved from /home/airflow/.local/lib/python3.12/site-packages/airflow/example_dags/example_workday_timetable.py
[2026-08-12T05:25:17.995+0000] {logging_mixin.py:190} INFO - [2026-08-12T05:25:17.995+0000] {dag.py:3211} INFO - Sync 1 DAGs
[2026-08-12T05:25:18.071+0000] {logging_mixin.py:190} INFO - [2026-08-12T05:25:18.071+0000] {dag.py:4138} INFO - Setting next_dagrun for example_workday_timetable to 2021-01-04 00:00:00+00:00, run_after=2021-01-05 00:00:00+00:00
[2026-08-12T05:25:18.097+0000] {processor.py:208} INFO - Processing /home/airflow/.local/lib/python3.12/site-packages/airflow/example_dags/example_workday_timetable.py took 0.154 seconds
[2026-08-12T05:25:48.442+0000] {processor.py:186} INFO - Started process (PID=6586) to work on /home/airflow/.local/lib/python3.12/site-packages/airflow/example_dags/example_workday_timetable.py
[2026-08-12T05:25:48.445+0000] {processor.py:914} INFO - Processing file /home/airflow/.local/lib/python3.12/site-packages/airflow/example_dags/example_workday_timetable.py for tasks to queue
[2026-08-12T05:25:48.451+0000] {logging_mixin.py:190} INFO - [2026-08-12T05:25:48.451+0000] {dagbag.py:587} INFO - Filling up the DagBag from /home/airflow/.local/lib/python3.12/site-packages/airflow/example_dags/example_workday_timetable.py
[2026-08-12T05:25:48.460+0000] {processor.py:925} INFO - DAG(s) 'example_workday_timetable' retrieved from /home/airflow/.local/lib/python3.12/site-packages/airflow/example_dags/example_workday_timetable.py
[2026-08-12T05:25:48.484+0000] {logging_mixin.py:190} INFO - [2026-08-12T05:25:48.484+0000] {dag.py:3211} INFO - Sync 1 DAGs
[2026-08-12T05:25:48.552+0000] {logging_mixin.py:190} INFO - [2026-08-12T05:25:48.552+0000] {dag.py:4138} INFO - Setting next_dagrun for example_workday_timetable to 2021-01-04 00:00:00+00:00, run_after=2021-01-05 00:00:00+00:00
[2026-08-12T05:25:48.577+0000] {processor.py:208} INFO - Processing /home/airflow/.local/lib/python3.12/site-packages/airflow/example_dags/example_workday_timetable.py took 0.147 seconds
[2026-08-12T05:26:19.319+0000] {processor.py:186} INFO - Started process (PID=6650) to work on /home/airflow/.local/lib/python3.12/site-packages/airflow/example_dags/example_workday_timetable.py
[2026-08-12T05:26:19.321+0000] {processor.py:914} INFO - Processing file /home/airflow/.local/lib/python3.12/site-packages/airflow/example_dags/example_workday_timetable.py for tasks to queue
[2026-08-12T05:26:19.328+0000] {logging_mixin.py:190} INFO - [2026-08-12T05:26:19.327+0000] {dagbag.py:587} INFO - Filling up the DagBag from /home/airflow/.local/lib/python3.12/site-packages/airflow/example_dags/example_workday_timetable.py
[2026-08-12T05:26:19.338+0000] {processor.py:925} INFO - DAG(s) 'example_workday_timetable' retrieved from /home/airflow/.local/lib/python3.12/site-packages/airflow/example_dags/example_workday_timetable.py
[2026-08-12T05:26:19.375+0000] {logging_mixin.py:190} INFO - [2026-08-12T05:26:19.375+0000] {dag.py:3211} INFO - Sync 1 DAGs
[2026-08-12T05:26:19.467+0000] {logging_mixin.py:190} INFO - [2026-08-12T05:26:19.467+0000] {dag.py:4138} INFO - Setting next_dagrun for example_workday_timetable to 2021-01-04 00:00:00+00:00, run_after=2021-01-05 00:00:00+00:00
[2026-08-12T05:26:19.501+0000] {processor.py:208} INFO - Processing /home/airflow/.local/lib/python3.12/site-packages/airflow/example_dags/example_workday_timetable.py took 0.190 seconds
[2026-08-12T05:26:49.721+0000] {processor.py:186} INFO - Started process (PID=6713) to work on /home/airflow/.local/lib/python3.12/site-packages/airflow/example_dags/example_workday_timetable.py
[2026-08-12T05:26:49.725+0000] {processor.py:914} INFO - Processing file /home/airflow/.local/lib/python3.12/site-packages/airflow/example_dags/example_workday_timetable.py for tasks to queue
[2026-08-12T05:26:49.731+0000] {logging_mixin.py:190} INFO - [2026-08-12T05:26:49.731+0000] {dagbag.py:587} INFO - Filling up the DagBag from /home/airflow/.local/lib/python3.12/site-packages/airflow/example_dags/example_workday_timetable.py
[2026-08-12T05:26:49.741+0000] {processor.py:925} INFO - DAG(s) 'example_workday_timetable' retrieved from /home/airflow/.local/lib/python3.12/site-packages/airflow/example_dags/example_workday_timetable.py
[2026-08-12T05:26:49.764+0000] {logging_mixin.py:190} INFO - [2026-08-12T05:26:49.763+0000] {dag.py:3211} INFO - Sync 1 DAGs
[2026-08-12T05:26:49.832+0000] {logging_mixin.py:190} INFO - [2026-08-12T05:26:49.832+0000] {dag.py:4138} INFO - Setting next_dagrun for example_workday_timetable to 2021-01-04 00:00:00+00:00, run_after=2021-01-05 00:00:00+00:00
[2026-08-12T05:26:49.856+0000] {processor.py:208} INFO - Processing /home/airflow/.local/lib/python3.12/site-packages/airflow/example_dags/example_workday_timetable.py took 0.147 seconds
[2026-08-12T05:27:20.816+0000] {processor.py:186} INFO - Started process (PID=6776) to work on /home/airflow/.local/lib/python3.12/site-packages/airflow/example_dags/example_workday_timetable.py
[2026-08-12T05:27:20.820+0000] {processor.py:914} INFO - Processing file /home/airflow/.local/lib/python3.12/site-packages/airflow/example_dags/example_workday_timetable.py for tasks to queue
[2026-08-12T05:27:20.828+0000] {logging_mixin.py:190} INFO - [2026-08-12T05:27:20.828+0000] {dagbag.py:587} INFO - Filling up the DagBag from /home/airflow/.local/lib/python3.12/site-packages/airflow/example_dags/example_workday_timetable.py
[2026-08-12T05:27:20.841+0000] {processor.py:925} INFO - DAG(s) 'example_workday_timetable' retrieved from /home/airflow/.local/lib/python3.12/site-packages/airflow/example_dags/example_workday_timetable.py
[2026-08-12T05:27:20.874+0000] {logging_mixin.py:190} INFO - [2026-08-12T05:27:20.874+0000] {dag.py:3211} INFO - Sync 1 DAGs
[2026-08-12T05:27:20.955+0000] {logging_mixin.py:190} INFO - [2026-08-12T05:27:20.954+0000] {dag.py:4138} INFO - Setting next_dagrun for example_workday_timetable to 2021-01-04 00:00:00+00:00, run_after=2021-01-05 00:00:00+00:00
[2026-08-12T05:27:20.981+0000] {processor.py:208} INFO - Processing /home/airflow/.local/lib/python3.12/site-packages/airflow/example_dags/example_workday_timetable.py took 0.176 seconds
[2026-08-12T05:27:51.523+0000] {processor.py:186} INFO - Started process (PID=6839) to work on /home/airflow/.local/lib/python3.12/site-packages/airflow/example_dags/example_workday_timetable.py
[2026-08-12T05:27:51.525+0000] {processor.py:914} INFO - Processing file /home/airflow/.local/lib/python3.12/site-packages/airflow/example_dags/example_workday_timetable.py for tasks to queue
[2026-08-12T05:27:51.531+0000] {logging_mixin.py:190} INFO - [2026-08-12T05:27:51.531+0000] {dagbag.py:587} INFO - Filling up the DagBag from /home/airflow/.local/lib/python3.12/site-packages/airflow/example_dags/example_workday_timetable.py
[2026-08-12T05:27:51.539+0000] {processor.py:925} INFO - DAG(s) 'example_workday_timetable' retrieved from /home/airflow/.local/lib/python3.12/site-packages/airflow/example_dags/example_workday_timetable.py
[2026-08-12T05:27:51.570+0000] {logging_mixin.py:190} INFO - [2026-08-12T05:27:51.570+0000] {dag.py:3211} INFO - Sync 1 DAGs
[2026-08-12T05:27:51.672+0000] {logging_mixin.py:190} INFO - [2026-08-12T05:27:51.672+0000] {dag.py:4138} INFO - Setting next_dagrun for example_workday_timetable to 2021-01-04 00:00:00+00:00, run_after=2021-01-05 00:00:00+00:00
[2026-08-12T05:27:51.701+0000] {processor.py:208} INFO - Processing /home/airflow/.local/lib/python3.12/site-packages/airflow/example_dags/example_workday_timetable.py took 0.187 seconds
[2026-08-12T05:28:22.215+0000] {processor.py:186} INFO - Started process (PID=6902) to work on /home/airflow/.local/lib/python3.12/site-packages/airflow/example_dags/example_workday_timetable.py
[2026-08-12T05:28:22.218+0000] {processor.py:914} INFO - Processing file /home/airflow/.local/lib/python3.12/site-packages/airflow/example_dags/example_workday_timetable.py for tasks to queue
[2026-08-12T05:28:22.226+0000] {logging_mixin.py:190} INFO - [2026-08-12T05:28:22.226+0000] {dagbag.py:587} INFO - Filling up the DagBag from /home/airflow/.local/lib/python3.12/site-packages/airflow/example_dags/example_workday_timetable.py
[2026-08-12T05:28:22.241+0000] {processor.py:925} INFO - DAG(s) 'example_workday_timetable' retrieved from /home/airflow/.local/lib/python3.12/site-packages/airflow/example_dags/example_workday_timetable.py
[2026-08-12T05:28:22.271+0000] {logging_mixin.py:190} INFO - [2026-08-12T05:28:22.270+0000] {dag.py:3211} INFO - Sync 1 DAGs
[2026-08-12T05:28:22.359+0000] {logging_mixin.py:190} INFO - [2026-08-12T05:28:22.358+0000] {dag.py:4138} INFO - Setting next_dagrun for example_workday_timetable to 2021-01-04 00:00:00+00:00, run_after=2021-01-05 00:00:00+00:00
[2026-08-12T05:28:22.393+0000] {processor.py:208} INFO - Processing /home/airflow/.local/lib/python3.12/site-packages/airflow/example_dags/example_workday_timetable.py took 0.184 seconds
[2026-08-12T05:28:52.992+0000] {processor.py:186} INFO - Started process (PID=6965) to work on /home/airflow/.local/lib/python3.12/site-packages/airflow/example_dags/example_workday_timetable.py
[2026-08-12T05:28:52.994+0000] {processor.py:914} INFO - Processing file /home/airflow/.local/lib/python3.12/site-packages/airflow/example_dags/example_workday_timetable.py for tasks to queue
[2026-08-12T05:28:52.998+0000] {logging_mixin.py:190} INFO - [2026-08-12T05:28:52.998+0000] {dagbag.py:587} INFO - Filling up the DagBag from /home/airflow/.local/lib/python3.12/site-packages/airflow/example_dags/example_workday_timetable.py
[2026-08-12T05:28:53.006+0000] {processor.py:925} INFO - DAG(s) 'example_workday_timetable' retrieved from /home/airflow/.local/lib/python3.12/site-packages/airflow/example_dags/example_workday_timetable.py
[2026-08-12T05:28:53.035+0000] {logging_mixin.py:190} INFO - [2026-08-12T05:28:53.035+0000] {dag.py:3211} INFO - Sync 1 DAGs
[2026-08-12T05:28:53.119+0000] {logging_mixin.py:190} INFO - [2026-08-12T05:28:53.119+0000] {dag.py:4138} INFO - Setting next_dagrun for example_workday_timetable to 2021-01-04 00:00:00+00:00, run_after=2021-01-05 00:00:00+00:00
[2026-08-12T05:28:53.147+0000] {processor.py:208} INFO - Processing /home/airflow/.local/lib/python3.12/site-packages/airflow/example_dags/example_workday_timetable.py took 0.162 seconds
[2026-08-12T05:29:24.064+0000] {processor.py:186} INFO - Started process (PID=7028) to work on /home/airflow/.local/lib/python3.12/site-packages/airflow/example_dags/example_workday_timetable.py
[2026-08-12T05:29:24.066+0000] {processor.py:914} INFO - Processing file /home/airflow/.local/lib/python3.12/site-packages/airflow/example_dags/example_workday_timetable.py for tasks to queue
[2026-08-12T05:29:24.071+0000] {logging_mixin.py:190} INFO - [2026-08-12T05:29:24.071+0000] {dagbag.py:587} INFO - Filling up the DagBag from /home/airflow/.local/lib/python3.12/site-packages/airflow/example_dags/example_workday_timetable.py
[2026-08-12T05:29:24.080+0000] {processor.py:925} INFO - DAG(s) 'example_workday_timetable' retrieved from /home/airflow/.local/lib/python3.12/site-packages/airflow/example_dags/example_workday_timetable.py
[2026-08-12T05:29:24.112+0000] {logging_mixin.py:190} INFO - [2026-08-12T05:29:24.111+0000] {dag.py:3211} INFO - Sync 1 DAGs
[2026-08-12T05:29:24.204+0000] {logging_mixin.py:190} INFO - [2026-08-12T05:29:24.203+0000] {dag.py:4138} INFO - Setting next_dagrun for example_workday_timetable to 2021-01-04 00:00:00+00:00, run_after=2021-01-05 00:00:00+00:00
[2026-08-12T05:29:24.240+0000] {processor.py:208} INFO - Processing /home/airflow/.local/lib/python3.12/site-packages/airflow/example_dags/example_workday_timetable.py took 0.183 seconds
[2026-08-12T05:29:54.991+0000] {processor.py:186} INFO - Started process (PID=7091) to work on /home/airflow/.local/lib/python3.12/site-packages/airflow/example_dags/example_workday_timetable.py
[2026-08-12T05:29:54.994+0000] {processor.py:914} INFO - Processing file /home/airflow/.local/lib/python3.12/site-packages/airflow/example_dags/example_workday_timetable.py for tasks to queue
[2026-08-12T05:29:54.998+0000] {logging_mixin.py:190} INFO - [2026-08-12T05:29:54.998+0000] {dagbag.py:587} INFO - Filling up the DagBag from /home/airflow/.local/lib/python3.12/site-packages/airflow/example_dags/example_workday_timetable.py
[2026-08-12T05:29:55.009+0000] {processor.py:925} INFO - DAG(s) 'example_workday_timetable' retrieved from /home/airflow/.local/lib/python3.12/site-packages/airflow/example_dags/example_workday_timetable.py
[2026-08-12T05:29:55.037+0000] {logging_mixin.py:190} INFO - [2026-08-12T05:29:55.036+0000] {dag.py:3211} INFO - Sync 1 DAGs
[2026-08-12T05:29:55.121+0000] {logging_mixin.py:190} INFO - [2026-08-12T05:29:55.120+0000] {dag.py:4138} INFO - Setting next_dagrun for example_workday_timetable to 2021-01-04 00:00:00+00:00, run_after=2021-01-05 00:00:00+00:00
[2026-08-12T05:29:55.150+0000] {processor.py:208} INFO - Processing /home/airflow/.local/lib/python3.12/site-packages/airflow/example_dags/example_workday_timetable.py took 0.168 seconds
[2026-08-12T05:30:25.674+0000] {processor.py:186} INFO - Started process (PID=7154) to work on /home/airflow/.local/lib/python3.12/site-packages/airflow/example_dags/example_workday_timetable.py
[2026-08-12T05:30:25.680+0000] {processor.py:914} INFO - Processing file /home/airflow/.local/lib/python3.12/site-packages/airflow/example_dags/example_workday_timetable.py for tasks to queue
[2026-08-12T05:30:25.688+0000] {logging_mixin.py:190} INFO - [2026-08-12T05:30:25.687+0000] {dagbag.py:587} INFO - Filling up the DagBag from /home/airflow/.local/lib/python3.12/site-packages/airflow/example_dags/example_workday_timetable.py
[2026-08-12T05:30:25.698+0000] {processor.py:925} INFO - DAG(s) 'example_workday_timetable' retrieved from /home/airflow/.local/lib/python3.12/site-packages/airflow/example_dags/example_workday_timetable.py
[2026-08-12T05:30:25.729+0000] {logging_mixin.py:190} INFO - [2026-08-12T05:30:25.729+0000] {dag.py:3211} INFO - Sync 1 DAGs
[2026-08-12T05:30:25.813+0000] {logging_mixin.py:190} INFO - [2026-08-12T05:30:25.813+0000] {dag.py:4138} INFO - Setting next_dagrun for example_workday_timetable to 2021-01-04 00:00:00+00:00, run_after=2021-01-05 00:00:00+00:00
[2026-08-12T05:30:25.842+0000] {processor.py:208} INFO - Processing /home/airflow/.local/lib/python3.12/site-packages/airflow/example_dags/example_workday_timetable.py took 0.176 seconds
[2026-08-12T05:30:55.996+0000] {processor.py:186} INFO - Started process (PID=7217) to work on /home/airflow/.local/lib/python3.12/site-packages/airflow/example_dags/example_workday_timetable.py
[2026-08-12T05:30:55.998+0000] {processor.py:914} INFO - Processing file /home/airflow/.local/lib/python3.12/site-packages/airflow/example_dags/example_workday_timetable.py for tasks to queue
[2026-08-12T05:30:56.004+0000] {logging_mixin.py:190} INFO - [2026-08-12T05:30:56.003+0000] {dagbag.py:587} INFO - Filling up the DagBag from /home/airflow/.local/lib/python3.12/site-packages/airflow/example_dags/example_workday_timetable.py
[2026-08-12T05:30:56.022+0000] {processor.py:925} INFO - DAG(s) 'example_workday_timetable' retrieved from /home/airflow/.local/lib/python3.12/site-packages/airflow/example_dags/example_workday_timetable.py
[2026-08-12T05:30:56.058+0000] {logging_mixin.py:190} INFO - [2026-08-12T05:30:56.058+0000] {dag.py:3211} INFO - Sync 1 DAGs
[2026-08-12T05:30:56.120+0000] {logging_mixin.py:190} INFO - [2026-08-12T05:30:56.119+0000] {dag.py:4138} INFO - Setting next_dagrun for example_workday_timetable to 2021-01-04 00:00:00+00:00, run_after=2021-01-05 00:00:00+00:00
[2026-08-12T05:30:56.155+0000] {processor.py:208} INFO - Processing /home/airflow/.local/lib/python3.12/site-packages/airflow/example_dags/example_workday_timetable.py took 0.165 seconds
[2026-08-12T05:31:26.541+0000] {processor.py:186} INFO - Started process (PID=7280) to work on /home/airflow/.local/lib/python3.12/site-packages/airflow/example_dags/example_workday_timetable.py
[2026-08-12T05:31:26.544+0000] {processor.py:914} INFO - Processing file /home/airflow/.local/lib/python3.12/site-packages/airflow/example_dags/example_workday_timetable.py for tasks to queue
[2026-08-12T05:31:26.549+0000] {logging_mixin.py:190} INFO - [2026-08-12T05:31:26.548+0000] {dagbag.py:587} INFO - Filling up the DagBag from /home/airflow/.local/lib/python3.12/site-packages/airflow/example_dags/example_workday_timetable.py
[2026-08-12T05:31:26.557+0000] {processor.py:925} INFO - DAG(s) 'example_workday_timetable' retrieved from /home/airflow/.local/lib/python3.12/site-packages/airflow/example_dags/example_workday_timetable.py
[2026-08-12T05:31:26.581+0000] {logging_mixin.py:190} INFO - [2026-08-12T05:31:26.581+0000] {dag.py:3211} INFO - Sync 1 DAGs
[2026-08-12T05:31:26.641+0000] {logging_mixin.py:190} INFO - [2026-08-12T05:31:26.641+0000] {dag.py:4138} INFO - Setting next_dagrun for example_workday_timetable to 2021-01-04 00:00:00+00:00, run_after=2021-01-05 00:00:00+00:00
[2026-08-12T05:31:26.665+0000] {processor.py:208} INFO - Processing /home/airflow/.local/lib/python3.12/site-packages/airflow/example_dags/example_workday_timetable.py took 0.132 seconds
[2026-08-12T05:31:57.335+0000] {processor.py:186} INFO - Started process (PID=7343) to work on /home/airflow/.local/lib/python3.12/site-packages/airflow/example_dags/example_workday_timetable.py
[2026-08-12T05:31:57.339+0000] {processor.py:914} INFO - Processing file /home/airflow/.local/lib/python3.12/site-packages/airflow/example_dags/example_workday_timetable.py for tasks to queue
[2026-08-12T05:31:57.347+0000] {logging_mixin.py:190} INFO - [2026-08-12T05:31:57.346+0000] {dagbag.py:587} INFO - Filling up the DagBag from /home/airflow/.local/lib/python3.12/site-packages/airflow/example_dags/example_workday_timetable.py
[2026-08-12T05:31:57.355+0000] {processor.py:925} INFO - DAG(s) 'example_workday_timetable' retrieved from /home/airflow/.local/lib/python3.12/site-packages/airflow/example_dags/example_workday_timetable.py
[2026-08-12T05:31:57.379+0000] {logging_mixin.py:190} INFO - [2026-08-12T05:31:57.379+0000] {dag.py:3211} INFO - Sync 1 DAGs
[2026-08-12T05:31:57.446+0000] {logging_mixin.py:190} INFO - [2026-08-12T05:31:57.445+0000] {dag.py:4138} INFO - Setting next_dagrun for example_workday_timetable to 2021-01-04 00:00:00+00:00, run_after=2021-01-05 00:00:00+00:00
[2026-08-12T05:31:57.472+0000] {processor.py:208} INFO - Processing /home/airflow/.local/lib/python3.12/site-packages/airflow/example_dags/example_workday_timetable.py took 0.153 seconds
[2026-08-12T05:32:27.752+0000] {processor.py:186} INFO - Started process (PID=7406) to work on /home/airflow/.local/lib/python3.12/site-packages/airflow/example_dags/example_workday_timetable.py
[2026-08-12T05:32:27.756+0000] {processor.py:914} INFO - Processing file /home/airflow/.local/lib/python3.12/site-packages/airflow/example_dags/example_workday_timetable.py for tasks to queue
[2026-08-12T05:32:27.762+0000] {logging_mixin.py:190} INFO - [2026-08-12T05:32:27.761+0000] {dagbag.py:587} INFO - Filling up the DagBag from /home/airflow/.local/lib/python3.12/site-packages/airflow/example_dags/example_workday_timetable.py
[2026-08-12T05:32:27.772+0000] {processor.py:925} INFO - DAG(s) 'example_workday_timetable' retrieved from /home/airflow/.local/lib/python3.12/site-packages/airflow/example_dags/example_workday_timetable.py
[2026-08-12T05:32:27.801+0000] {logging_mixin.py:190} INFO - [2026-08-12T05:32:27.800+0000] {dag.py:3211} INFO - Sync 1 DAGs
[2026-08-12T05:32:27.869+0000] {logging_mixin.py:190} INFO - [2026-08-12T05:32:27.868+0000] {dag.py:4138} INFO - Setting next_dagrun for example_workday_timetable to 2021-01-04 00:00:00+00:00, run_after=2021-01-05 00:00:00+00:00
[2026-08-12T05:32:27.893+0000] {processor.py:208} INFO - Processing /home/airflow/.local/lib/python3.12/site-packages/airflow/example_dags/example_workday_timetable.py took 0.152 seconds
[2026-08-12T05:32:58.439+0000] {processor.py:186} INFO - Started process (PID=7469) to work on /home/airflow/.local/lib/python3.12/site-packages/airflow/example_dags/example_workday_timetable.py
[2026-08-12T05:32:58.446+0000] {processor.py:914} INFO - Processing file /home/airflow/.local/lib/python3.12/site-packages/airflow/example_dags/example_workday_timetable.py for tasks to queue
[2026-08-12T05:32:58.453+0000] {logging_mixin.py:190} INFO - [2026-08-12T05:32:58.451+0000] {dagbag.py:587} INFO - Filling up the DagBag from /home/airflow/.local/lib/python3.12/site-packages/airflow/example_dags/example_workday_timetable.py
[2026-08-12T05:32:58.465+0000] {processor.py:925} INFO - DAG(s) 'example_workday_timetable' retrieved from /home/airflow/.local/lib/python3.12/site-packages/airflow/example_dags/example_workday_timetable.py
[2026-08-12T05:32:58.489+0000] {logging_mixin.py:190} INFO - [2026-08-12T05:32:58.488+0000] {dag.py:3211} INFO - Sync 1 DAGs
[2026-08-12T05:32:58.551+0000] {logging_mixin.py:190} INFO - [2026-08-12T05:32:58.551+0000] {dag.py:4138} INFO - Setting next_dagrun for example_workday_timetable to 2021-01-04 00:00:00+00:00, run_after=2021-01-05 00:00:00+00:00
[2026-08-12T05:32:58.573+0000] {processor.py:208} INFO - Processing /home/airflow/.local/lib/python3.12/site-packages/airflow/example_dags/example_workday_timetable.py took 0.141 seconds
[2026-08-12T05:33:29.420+0000] {processor.py:186} INFO - Started process (PID=7532) to work on /home/airflow/.local/lib/python3.12/site-packages/airflow/example_dags/example_workday_timetable.py
[2026-08-12T05:33:29.423+0000] {processor.py:914} INFO - Processing file /home/airflow/.local/lib/python3.12/site-packages/airflow/example_dags/example_workday_timetable.py for tasks to queue
[2026-08-12T05:33:29.427+0000] {logging_mixin.py:190} INFO - [2026-08-12T05:33:29.426+0000] {dagbag.py:587} INFO - Filling up the DagBag from /home/airflow/.local/lib/python3.12/site-packages/airflow/example_dags/example_workday_timetable.py
[2026-08-12T05:33:29.435+0000] {processor.py:925} INFO - DAG(s) 'example_workday_timetable' retrieved from /home/airflow/.local/lib/python3.12/site-packages/airflow/example_dags/example_workday_timetable.py
[2026-08-12T05:33:29.461+0000] {logging_mixin.py:190} INFO - [2026-08-12T05:33:29.461+0000] {dag.py:3211} INFO - Sync 1 DAGs
[2026-08-12T05:33:29.543+0000] {logging_mixin.py:190} INFO - [2026-08-12T05:33:29.542+0000] {dag.py:4138} INFO - Setting next_dagrun for example_workday_timetable to 2021-01-04 00:00:00+00:00, run_after=2021-01-05 00:00:00+00:00
[2026-08-12T05:33:29.571+0000] {processor.py:208} INFO - Processing /home/airflow/.local/lib/python3.12/site-packages/airflow/example_dags/example_workday_timetable.py took 0.156 seconds
[2026-08-12T05:33:59.867+0000] {processor.py:186} INFO - Started process (PID=7595) to work on /home/airflow/.local/lib/python3.12/site-packages/airflow/example_dags/example_workday_timetable.py
[2026-08-12T05:33:59.871+0000] {processor.py:914} INFO - Processing file /home/airflow/.local/lib/python3.12/site-packages/airflow/example_dags/example_workday_timetable.py for tasks to queue
[2026-08-12T05:33:59.878+0000] {logging_mixin.py:190} INFO - [2026-08-12T05:33:59.877+0000] {dagbag.py:587} INFO - Filling up the DagBag from /home/airflow/.local/lib/python3.12/site-packages/airflow/example_dags/example_workday_timetable.py
[2026-08-12T05:33:59.896+0000] {processor.py:925} INFO - DAG(s) 'example_workday_timetable' retrieved from /home/airflow/.local/lib/python3.12/site-packages/airflow/example_dags/example_workday_timetable.py
[2026-08-12T05:33:59.923+0000] {logging_mixin.py:190} INFO - [2026-08-12T05:33:59.922+0000] {dag.py:3211} INFO - Sync 1 DAGs
[2026-08-12T05:33:59.983+0000] {logging_mixin.py:190} INFO - [2026-08-12T05:33:59.983+0000] {dag.py:4138} INFO - Setting next_dagrun for example_workday_timetable to 2021-01-04 00:00:00+00:00, run_after=2021-01-05 00:00:00+00:00
[2026-08-12T05:34:00.010+0000] {processor.py:208} INFO - Processing /home/airflow/.local/lib/python3.12/site-packages/airflow/example_dags/example_workday_timetable.py took 0.159 seconds
[2026-08-12T05:34:30.587+0000] {processor.py:186} INFO - Started process (PID=7658) to work on /home/airflow/.local/lib/python3.12/site-packages/airflow/example_dags/example_workday_timetable.py
[2026-08-12T05:34:30.591+0000] {processor.py:914} INFO - Processing file /home/airflow/.local/lib/python3.12/site-packages/airflow/example_dags/example_workday_timetable.py for tasks to queue
[2026-08-12T05:34:30.600+0000] {logging_mixin.py:190} INFO - [2026-08-12T05:34:30.599+0000] {dagbag.py:587} INFO - Filling up the DagBag from /home/airflow/.local/lib/python3.12/site-packages/airflow/example_dags/example_workday_timetable.py
[2026-08-12T05:34:30.612+0000] {processor.py:925} INFO - DAG(s) 'example_workday_timetable' retrieved from /home/airflow/.local/lib/python3.12/site-packages/airflow/example_dags/example_workday_timetable.py
[2026-08-12T05:34:30.639+0000] {logging_mixin.py:190} INFO - [2026-08-12T05:34:30.639+0000] {dag.py:3211} INFO - Sync 1 DAGs
[2026-08-12T05:34:30.708+0000] {logging_mixin.py:190} INFO - [2026-08-12T05:34:30.708+0000] {dag.py:4138} INFO - Setting next_dagrun for example_workday_timetable to 2021-01-04 00:00:00+00:00, run_after=2021-01-05 00:00:00+00:00
[2026-08-12T05:34:30.731+0000] {processor.py:208} INFO - Processing /home/airflow/.local/lib/python3.12/site-packages/airflow/example_dags/example_workday_timetable.py took 0.157 seconds
[2026-08-12T05:35:00.850+0000] {processor.py:186} INFO - Started process (PID=7721) to work on /home/airflow/.local/lib/python3.12/site-packages/airflow/example_dags/example_workday_timetable.py
[2026-08-12T05:35:00.854+0000] {processor.py:914} INFO - Processing file /home/airflow/.local/lib/python3.12/site-packages/airflow/example_dags/example_workday_timetable.py for tasks to queue
[2026-08-12T05:35:00.862+0000] {logging_mixin.py:190} INFO - [2026-08-12T05:35:00.861+0000] {dagbag.py:587} INFO - Filling up the DagBag from /home/airflow/.local/lib/python3.12/site-packages/airflow/example_dags/example_workday_timetable.py
[2026-08-12T05:35:00.872+0000] {processor.py:925} INFO - DAG(s) 'example_workday_timetable' retrieved from /home/airflow/.local/lib/python3.12/site-packages/airflow/example_dags/example_workday_timetable.py
[2026-08-12T05:35:00.903+0000] {logging_mixin.py:190} INFO - [2026-08-12T05:35:00.903+0000] {dag.py:3211} INFO - Sync 1 DAGs
[2026-08-12T05:35:00.980+0000] {logging_mixin.py:190} INFO - [2026-08-12T05:35:00.979+0000] {dag.py:4138} INFO - Setting next_dagrun for example_workday_timetable to 2021-01-04 00:00:00+00:00, run_after=2021-01-05 00:00:00+00:00
[2026-08-12T05:35:01.008+0000] {processor.py:208} INFO - Processing /home/airflow/.local/lib/python3.12/site-packages/airflow/example_dags/example_workday_timetable.py took 0.167 seconds
[2026-08-12T05:35:31.539+0000] {processor.py:186} INFO - Started process (PID=7784) to work on /home/airflow/.local/lib/python3.12/site-packages/airflow/example_dags/example_workday_timetable.py
[2026-08-12T05:35:31.541+0000] {processor.py:914} INFO - Processing file /home/airflow/.local/lib/python3.12/site-packages/airflow/example_dags/example_workday_timetable.py for tasks to queue
[2026-08-12T05:35:31.547+0000] {logging_mixin.py:190} INFO - [2026-08-12T05:35:31.546+0000] {dagbag.py:587} INFO - Filling up the DagBag from /home/airflow/.local/lib/python3.12/site-packages/airflow/example_dags/example_workday_timetable.py
[2026-08-12T05:35:31.554+0000] {processor.py:925} INFO - DAG(s) 'example_workday_timetable' retrieved from /home/airflow/.local/lib/python3.12/site-packages/airflow/example_dags/example_workday_timetable.py
[2026-08-12T05:35:31.585+0000] {logging_mixin.py:190} INFO - [2026-08-12T05:35:31.585+0000] {dag.py:3211} INFO - Sync 1 DAGs
[2026-08-12T05:35:31.679+0000] {logging_mixin.py:190} INFO - [2026-08-12T05:35:31.679+0000] {dag.py:4138} INFO - Setting next_dagrun for example_workday_timetable to 2021-01-04 00:00:00+00:00, run_after=2021-01-05 00:00:00+00:00
[2026-08-12T05:35:31.704+0000] {processor.py:208} INFO - Processing /home/airflow/.local/lib/python3.12/site-packages/airflow/example_dags/example_workday_timetable.py took 0.176 seconds
[2026-08-12T05:36:01.835+0000] {processor.py:186} INFO - Started process (PID=7847) to work on /home/airflow/.local/lib/python3.12/site-packages/airflow/example_dags/example_workday_timetable.py
[2026-08-12T05:36:01.838+0000] {processor.py:914} INFO - Processing file /home/airflow/.local/lib/python3.12/site-packages/airflow/example_dags/example_workday_timetable.py for tasks to queue
[2026-08-12T05:36:01.845+0000] {logging_mixin.py:190} INFO - [2026-08-12T05:36:01.844+0000] {dagbag.py:587} INFO - Filling up the DagBag from /home/airflow/.local/lib/python3.12/site-packages/airflow/example_dags/example_workday_timetable.py
[2026-08-12T05:36:01.853+0000] {processor.py:925} INFO - DAG(s) 'example_workday_timetable' retrieved from /home/airflow/.local/lib/python3.12/site-packages/airflow/example_dags/example_workday_timetable.py
[2026-08-12T05:36:01.877+0000] {logging_mixin.py:190} INFO - [2026-08-12T05:36:01.877+0000] {dag.py:3211} INFO - Sync 1 DAGs
[2026-08-12T05:36:01.944+0000] {logging_mixin.py:190} INFO - [2026-08-12T05:36:01.943+0000] {dag.py:4138} INFO - Setting next_dagrun for example_workday_timetable to 2021-01-04 00:00:00+00:00, run_after=2021-01-05 00:00:00+00:00
[2026-08-12T05:36:01.976+0000] {processor.py:208} INFO - Processing /home/airflow/.local/lib/python3.12/site-packages/airflow/example_dags/example_workday_timetable.py took 0.156 seconds
[2026-08-12T05:36:32.292+0000] {processor.py:186} INFO - Started process (PID=7910) to work on /home/airflow/.local/lib/python3.12/site-packages/airflow/example_dags/example_workday_timetable.py
[2026-08-12T05:36:32.295+0000] {processor.py:914} INFO - Processing file /home/airflow/.local/lib/python3.12/site-packages/airflow/example_dags/example_workday_timetable.py for tasks to queue
[2026-08-12T05:36:32.303+0000] {logging_mixin.py:190} INFO - [2026-08-12T05:36:32.302+0000] {dagbag.py:587} INFO - Filling up the DagBag from /home/airflow/.local/lib/python3.12/site-packages/airflow/example_dags/example_workday_timetable.py
[2026-08-12T05:36:32.314+0000] {processor.py:925} INFO - DAG(s) 'example_workday_timetable' retrieved from /home/airflow/.local/lib/python3.12/site-packages/airflow/example_dags/example_workday_timetable.py
[2026-08-12T05:36:32.339+0000] {logging_mixin.py:190} INFO - [2026-08-12T05:36:32.339+0000] {dag.py:3211} INFO - Sync 1 DAGs
[2026-08-12T05:36:32.404+0000] {logging_mixin.py:190} INFO - [2026-08-12T05:36:32.403+0000] {dag.py:4138} INFO - Setting next_dagrun for example_workday_timetable to 2021-01-04 00:00:00+00:00, run_after=2021-01-05 00:00:00+00:00
[2026-08-12T05:36:32.428+0000] {processor.py:208} INFO - Processing /home/airflow/.local/lib/python3.12/site-packages/airflow/example_dags/example_workday_timetable.py took 0.149 seconds
[2026-08-12T05:37:03.399+0000] {processor.py:186} INFO - Started process (PID=7980) to work on /home/airflow/.local/lib/python3.12/site-packages/airflow/example_dags/example_workday_timetable.py
[2026-08-12T05:37:03.402+0000] {processor.py:914} INFO - Processing file /home/airflow/.local/lib/python3.12/site-packages/airflow/example_dags/example_workday_timetable.py for tasks to queue
[2026-08-12T05:37:03.407+0000] {logging_mixin.py:190} INFO - [2026-08-12T05:37:03.407+0000] {dagbag.py:587} INFO - Filling up the DagBag from /home/airflow/.local/lib/python3.12/site-packages/airflow/example_dags/example_workday_timetable.py
[2026-08-12T05:37:03.415+0000] {processor.py:925} INFO - DAG(s) 'example_workday_timetable' retrieved from /home/airflow/.local/lib/python3.12/site-packages/airflow/example_dags/example_workday_timetable.py
[2026-08-12T05:37:03.440+0000] {logging_mixin.py:190} INFO - [2026-08-12T05:37:03.439+0000] {dag.py:3211} INFO - Sync 1 DAGs
[2026-08-12T05:37:03.500+0000] {logging_mixin.py:190} INFO - [2026-08-12T05:37:03.500+0000] {dag.py:4138} INFO - Setting next_dagrun for example_workday_timetable to 2021-01-04 00:00:00+00:00, run_after=2021-01-05 00:00:00+00:00
[2026-08-12T05:37:03.524+0000] {processor.py:208} INFO - Processing /home/airflow/.local/lib/python3.12/site-packages/airflow/example_dags/example_workday_timetable.py took 0.132 seconds
[2026-08-12T05:37:34.348+0000] {processor.py:186} INFO - Started process (PID=8043) to work on /home/airflow/.local/lib/python3.12/site-packages/airflow/example_dags/example_workday_timetable.py
[2026-08-12T05:37:34.353+0000] {processor.py:914} INFO - Processing file /home/airflow/.local/lib/python3.12/site-packages/airflow/example_dags/example_workday_timetable.py for tasks to queue
[2026-08-12T05:37:34.357+0000] {logging_mixin.py:190} INFO - [2026-08-12T05:37:34.357+0000] {dagbag.py:587} INFO - Filling up the DagBag from /home/airflow/.local/lib/python3.12/site-packages/airflow/example_dags/example_workday_timetable.py
[2026-08-12T05:37:34.369+0000] {processor.py:925} INFO - DAG(s) 'example_workday_timetable' retrieved from /home/airflow/.local/lib/python3.12/site-packages/airflow/example_dags/example_workday_timetable.py
[2026-08-12T05:37:34.395+0000] {logging_mixin.py:190} INFO - [2026-08-12T05:37:34.395+0000] {dag.py:3211} INFO - Sync 1 DAGs
[2026-08-12T05:37:34.457+0000] {logging_mixin.py:190} INFO - [2026-08-12T05:37:34.456+0000] {dag.py:4138} INFO - Setting next_dagrun for example_workday_timetable to 2021-01-04 00:00:00+00:00, run_after=2021-01-05 00:00:00+00:00
[2026-08-12T05:37:34.487+0000] {processor.py:208} INFO - Processing /home/airflow/.local/lib/python3.12/site-packages/airflow/example_dags/example_workday_timetable.py took 0.148 seconds
[2026-08-12T05:38:04.986+0000] {processor.py:186} INFO - Started process (PID=8106) to work on /home/airflow/.local/lib/python3.12/site-packages/airflow/example_dags/example_workday_timetable.py
[2026-08-12T05:38:04.991+0000] {processor.py:914} INFO - Processing file /home/airflow/.local/lib/python3.12/site-packages/airflow/example_dags/example_workday_timetable.py for tasks to queue
[2026-08-12T05:38:05.000+0000] {logging_mixin.py:190} INFO - [2026-08-12T05:38:04.999+0000] {dagbag.py:587} INFO - Filling up the DagBag from /home/airflow/.local/lib/python3.12/site-packages/airflow/example_dags/example_workday_timetable.py
[2026-08-12T05:38:05.012+0000] {processor.py:925} INFO - DAG(s) 'example_workday_timetable' retrieved from /home/airflow/.local/lib/python3.12/site-packages/airflow/example_dags/example_workday_timetable.py
[2026-08-12T05:38:05.054+0000] {logging_mixin.py:190} INFO - [2026-08-12T05:38:05.054+0000] {dag.py:3211} INFO - Sync 1 DAGs
[2026-08-12T05:38:05.136+0000] {logging_mixin.py:190} INFO - [2026-08-12T05:38:05.136+0000] {dag.py:4138} INFO - Setting next_dagrun for example_workday_timetable to 2021-01-04 00:00:00+00:00, run_after=2021-01-05 00:00:00+00:00
[2026-08-12T05:38:05.165+0000] {processor.py:208} INFO - Processing /home/airflow/.local/lib/python3.12/site-packages/airflow/example_dags/example_workday_timetable.py took 0.194 seconds
[2026-08-12T05:38:36.046+0000] {processor.py:186} INFO - Started process (PID=8170) to work on /home/airflow/.local/lib/python3.12/site-packages/airflow/example_dags/example_workday_timetable.py
[2026-08-12T05:38:36.048+0000] {processor.py:914} INFO - Processing file /home/airflow/.local/lib/python3.12/site-packages/airflow/example_dags/example_workday_timetable.py for tasks to queue
[2026-08-12T05:38:36.053+0000] {logging_mixin.py:190} INFO - [2026-08-12T05:38:36.053+0000] {dagbag.py:587} INFO - Filling up the DagBag from /home/airflow/.local/lib/python3.12/site-packages/airflow/example_dags/example_workday_timetable.py
[2026-08-12T05:38:36.063+0000] {processor.py:925} INFO - DAG(s) 'example_workday_timetable' retrieved from /home/airflow/.local/lib/python3.12/site-packages/airflow/example_dags/example_workday_timetable.py
[2026-08-12T05:38:36.099+0000] {logging_mixin.py:190} INFO - [2026-08-12T05:38:36.099+0000] {dag.py:3211} INFO - Sync 1 DAGs
[2026-08-12T05:38:36.184+0000] {logging_mixin.py:190} INFO - [2026-08-12T05:38:36.184+0000] {dag.py:4138} INFO - Setting next_dagrun for example_workday_timetable to 2021-01-04 00:00:00+00:00, run_after=2021-01-05 00:00:00+00:00
[2026-08-12T05:38:36.208+0000] {processor.py:208} INFO - Processing /home/airflow/.local/lib/python3.12/site-packages/airflow/example_dags/example_workday_timetable.py took 0.170 seconds
[2026-08-12T05:39:06.335+0000] {processor.py:186} INFO - Started process (PID=8234) to work on /home/airflow/.local/lib/python3.12/site-packages/airflow/example_dags/example_workday_timetable.py
[2026-08-12T05:39:06.338+0000] {processor.py:914} INFO - Processing file /home/airflow/.local/lib/python3.12/site-packages/airflow/example_dags/example_workday_timetable.py for tasks to queue
[2026-08-12T05:39:06.343+0000] {logging_mixin.py:190} INFO - [2026-08-12T05:39:06.342+0000] {dagbag.py:587} INFO - Filling up the DagBag from /home/airflow/.local/lib/python3.12/site-packages/airflow/example_dags/example_workday_timetable.py
[2026-08-12T05:39:06.354+0000] {processor.py:925} INFO - DAG(s) 'example_workday_timetable' retrieved from /home/airflow/.local/lib/python3.12/site-packages/airflow/example_dags/example_workday_timetable.py
[2026-08-12T05:39:06.379+0000] {logging_mixin.py:190} INFO - [2026-08-12T05:39:06.378+0000] {dag.py:3211} INFO - Sync 1 DAGs
[2026-08-12T05:39:06.441+0000] {logging_mixin.py:190} INFO - [2026-08-12T05:39:06.441+0000] {dag.py:4138} INFO - Setting next_dagrun for example_workday_timetable to 2021-01-04 00:00:00+00:00, run_after=2021-01-05 00:00:00+00:00
[2026-08-12T05:39:06.466+0000] {processor.py:208} INFO - Processing /home/airflow/.local/lib/python3.12/site-packages/airflow/example_dags/example_workday_timetable.py took 0.140 seconds
[2026-08-12T05:39:36.704+0000] {processor.py:186} INFO - Started process (PID=8297) to work on /home/airflow/.local/lib/python3.12/site-packages/airflow/example_dags/example_workday_timetable.py
[2026-08-12T05:39:36.707+0000] {processor.py:914} INFO - Processing file /home/airflow/.local/lib/python3.12/site-packages/airflow/example_dags/example_workday_timetable.py for tasks to queue
[2026-08-12T05:39:36.711+0000] {logging_mixin.py:190} INFO - [2026-08-12T05:39:36.711+0000] {dagbag.py:587} INFO - Filling up the DagBag from /home/airflow/.local/lib/python3.12/site-packages/airflow/example_dags/example_workday_timetable.py
[2026-08-12T05:39:36.719+0000] {processor.py:925} INFO - DAG(s) 'example_workday_timetable' retrieved from /home/airflow/.local/lib/python3.12/site-packages/airflow/example_dags/example_workday_timetable.py
[2026-08-12T05:39:36.750+0000] {logging_mixin.py:190} INFO - [2026-08-12T05:39:36.749+0000] {dag.py:3211} INFO - Sync 1 DAGs
[2026-08-12T05:39:36.826+0000] {logging_mixin.py:190} INFO - [2026-08-12T05:39:36.826+0000] {dag.py:4138} INFO - Setting next_dagrun for example_workday_timetable to 2021-01-04 00:00:00+00:00, run_after=2021-01-05 00:00:00+00:00
[2026-08-12T05:39:36.857+0000] {processor.py:208} INFO - Processing /home/airflow/.local/lib/python3.12/site-packages/airflow/example_dags/example_workday_timetable.py took 0.160 seconds
[2026-08-12T05:40:07.489+0000] {processor.py:186} INFO - Started process (PID=8360) to work on /home/airflow/.local/lib/python3.12/site-packages/airflow/example_dags/example_workday_timetable.py
[2026-08-12T05:40:07.493+0000] {processor.py:914} INFO - Processing file /home/airflow/.local/lib/python3.12/site-packages/airflow/example_dags/example_workday_timetable.py for tasks to queue
[2026-08-12T05:40:07.499+0000] {logging_mixin.py:190} INFO - [2026-08-12T05:40:07.499+0000] {dagbag.py:587} INFO - Filling up the DagBag from /home/airflow/.local/lib/python3.12/site-packages/airflow/example_dags/example_workday_timetable.py
[2026-08-12T05:40:07.509+0000] {processor.py:925} INFO - DAG(s) 'example_workday_timetable' retrieved from /home/airflow/.local/lib/python3.12/site-packages/airflow/example_dags/example_workday_timetable.py
[2026-08-12T05:40:07.533+0000] {logging_mixin.py:190} INFO - [2026-08-12T05:40:07.533+0000] {dag.py:3211} INFO - Sync 1 DAGs
[2026-08-12T05:40:07.599+0000] {logging_mixin.py:190} INFO - [2026-08-12T05:40:07.599+0000] {dag.py:4138} INFO - Setting next_dagrun for example_workday_timetable to 2021-01-04 00:00:00+00:00, run_after=2021-01-05 00:00:00+00:00
[2026-08-12T05:40:07.623+0000] {processor.py:208} INFO - Processing /home/airflow/.local/lib/python3.12/site-packages/airflow/example_dags/example_workday_timetable.py took 0.146 seconds
[2026-08-12T05:40:38.073+0000] {processor.py:186} INFO - Started process (PID=8423) to work on /home/airflow/.local/lib/python3.12/site-packages/airflow/example_dags/example_workday_timetable.py
[2026-08-12T05:40:38.076+0000] {processor.py:914} INFO - Processing file /home/airflow/.local/lib/python3.12/site-packages/airflow/example_dags/example_workday_timetable.py for tasks to queue
[2026-08-12T05:40:38.084+0000] {logging_mixin.py:190} INFO - [2026-08-12T05:40:38.083+0000] {dagbag.py:587} INFO - Filling up the DagBag from /home/airflow/.local/lib/python3.12/site-packages/airflow/example_dags/example_workday_timetable.py
[2026-08-12T05:40:38.093+0000] {processor.py:925} INFO - DAG(s) 'example_workday_timetable' retrieved from /home/airflow/.local/lib/python3.12/site-packages/airflow/example_dags/example_workday_timetable.py
[2026-08-12T05:40:38.123+0000] {logging_mixin.py:190} INFO - [2026-08-12T05:40:38.123+0000] {dag.py:3211} INFO - Sync 1 DAGs
[2026-08-12T05:40:38.185+0000] {logging_mixin.py:190} INFO - [2026-08-12T05:40:38.185+0000] {dag.py:4138} INFO - Setting next_dagrun for example_workday_timetable to 2021-01-04 00:00:00+00:00, run_after=2021-01-05 00:00:00+00:00
[2026-08-12T05:40:38.209+0000] {processor.py:208} INFO - Processing /home/airflow/.local/lib/python3.12/site-packages/airflow/example_dags/example_workday_timetable.py took 0.149 seconds
[2026-08-12T05:41:08.291+0000] {processor.py:186} INFO - Started process (PID=8486) to work on /home/airflow/.local/lib/python3.12/site-packages/airflow/example_dags/example_workday_timetable.py
[2026-08-12T05:41:08.293+0000] {processor.py:914} INFO - Processing file /home/airflow/.local/lib/python3.12/site-packages/airflow/example_dags/example_workday_timetable.py for tasks to queue
[2026-08-12T05:41:08.298+0000] {logging_mixin.py:190} INFO - [2026-08-12T05:41:08.298+0000] {dagbag.py:587} INFO - Filling up the DagBag from /home/airflow/.local/lib/python3.12/site-packages/airflow/example_dags/example_workday_timetable.py
[2026-08-12T05:41:08.308+0000] {processor.py:925} INFO - DAG(s) 'example_workday_timetable' retrieved from /home/airflow/.local/lib/python3.12/site-packages/airflow/example_dags/example_workday_timetable.py
[2026-08-12T05:41:08.334+0000] {logging_mixin.py:190} INFO - [2026-08-12T05:41:08.334+0000] {dag.py:3211} INFO - Sync 1 DAGs
[2026-08-12T05:41:08.408+0000] {logging_mixin.py:190} INFO - [2026-08-12T05:41:08.407+0000] {dag.py:4138} INFO - Setting next_dagrun for example_workday_timetable to 2021-01-04 00:00:00+00:00, run_after=2021-01-05 00:00:00+00:00
[2026-08-12T05:41:08.434+0000] {processor.py:208} INFO - Processing /home/airflow/.local/lib/python3.12/site-packages/airflow/example_dags/example_workday_timetable.py took 0.152 seconds
[2026-08-12T05:41:39.234+0000] {processor.py:186} INFO - Started process (PID=8549) to work on /home/airflow/.local/lib/python3.12/site-packages/airflow/example_dags/example_workday_timetable.py
[2026-08-12T05:41:39.237+0000] {processor.py:914} INFO - Processing file /home/airflow/.local/lib/python3.12/site-packages/airflow/example_dags/example_workday_timetable.py for tasks to queue
[2026-08-12T05:41:39.242+0000] {logging_mixin.py:190} INFO - [2026-08-12T05:41:39.241+0000] {dagbag.py:587} INFO - Filling up the DagBag from /home/airflow/.local/lib/python3.12/site-packages/airflow/example_dags/example_workday_timetable.py
[2026-08-12T05:41:39.254+0000] {processor.py:925} INFO - DAG(s) 'example_workday_timetable' retrieved from /home/airflow/.local/lib/python3.12/site-packages/airflow/example_dags/example_workday_timetable.py
[2026-08-12T05:41:39.287+0000] {logging_mixin.py:190} INFO - [2026-08-12T05:41:39.287+0000] {dag.py:3211} INFO - Sync 1 DAGs
[2026-08-12T05:41:39.360+0000] {logging_mixin.py:190} INFO - [2026-08-12T05:41:39.360+0000] {dag.py:4138} INFO - Setting next_dagrun for example_workday_timetable to 2021-01-04 00:00:00+00:00, run_after=2021-01-05 00:00:00+00:00
[2026-08-12T05:41:39.390+0000] {processor.py:208} INFO - Processing /home/airflow/.local/lib/python3.12/site-packages/airflow/example_dags/example_workday_timetable.py took 0.164 seconds
[2026-08-12T05:42:09.597+0000] {processor.py:186} INFO - Started process (PID=8612) to work on /home/airflow/.local/lib/python3.12/site-packages/airflow/example_dags/example_workday_timetable.py
[2026-08-12T05:42:09.599+0000] {processor.py:914} INFO - Processing file /home/airflow/.local/lib/python3.12/site-packages/airflow/example_dags/example_workday_timetable.py for tasks to queue
[2026-08-12T05:42:09.606+0000] {logging_mixin.py:190} INFO - [2026-08-12T05:42:09.605+0000] {dagbag.py:587} INFO - Filling up the DagBag from /home/airflow/.local/lib/python3.12/site-packages/airflow/example_dags/example_workday_timetable.py
[2026-08-12T05:42:09.613+0000] {processor.py:925} INFO - DAG(s) 'example_workday_timetable' retrieved from /home/airflow/.local/lib/python3.12/site-packages/airflow/example_dags/example_workday_timetable.py
[2026-08-12T05:42:09.639+0000] {logging_mixin.py:190} INFO - [2026-08-12T05:42:09.639+0000] {dag.py:3211} INFO - Sync 1 DAGs
[2026-08-12T05:42:09.695+0000] {logging_mixin.py:190} INFO - [2026-08-12T05:42:09.695+0000] {dag.py:4138} INFO - Setting next_dagrun for example_workday_timetable to 2021-01-04 00:00:00+00:00, run_after=2021-01-05 00:00:00+00:00
[2026-08-12T05:42:09.716+0000] {processor.py:208} INFO - Processing /home/airflow/.local/lib/python3.12/site-packages/airflow/example_dags/example_workday_timetable.py took 0.125 seconds
[2026-08-12T05:42:39.888+0000] {processor.py:186} INFO - Started process (PID=8675) to work on /home/airflow/.local/lib/python3.12/site-packages/airflow/example_dags/example_workday_timetable.py
[2026-08-12T05:42:39.892+0000] {processor.py:914} INFO - Processing file /home/airflow/.local/lib/python3.12/site-packages/airflow/example_dags/example_workday_timetable.py for tasks to queue
[2026-08-12T05:42:39.899+0000] {logging_mixin.py:190} INFO - [2026-08-12T05:42:39.898+0000] {dagbag.py:587} INFO - Filling up the DagBag from /home/airflow/.local/lib/python3.12/site-packages/airflow/example_dags/example_workday_timetable.py
[2026-08-12T05:42:39.908+0000] {processor.py:925} INFO - DAG(s) 'example_workday_timetable' retrieved from /home/airflow/.local/lib/python3.12/site-packages/airflow/example_dags/example_workday_timetable.py
[2026-08-12T05:42:39.941+0000] {logging_mixin.py:190} INFO - [2026-08-12T05:42:39.940+0000] {dag.py:3211} INFO - Sync 1 DAGs
[2026-08-12T05:42:40.035+0000] {logging_mixin.py:190} INFO - [2026-08-12T05:42:40.035+0000] {dag.py:4138} INFO - Setting next_dagrun for example_workday_timetable to 2021-01-04 00:00:00+00:00, run_after=2021-01-05 00:00:00+00:00
[2026-08-12T05:42:40.066+0000] {processor.py:208} INFO - Processing /home/airflow/.local/lib/python3.12/site-packages/airflow/example_dags/example_workday_timetable.py took 0.184 seconds
[2026-08-12T05:43:10.571+0000] {processor.py:186} INFO - Started process (PID=8738) to work on /home/airflow/.local/lib/python3.12/site-packages/airflow/example_dags/example_workday_timetable.py
[2026-08-12T05:43:10.574+0000] {processor.py:914} INFO - Processing file /home/airflow/.local/lib/python3.12/site-packages/airflow/example_dags/example_workday_timetable.py for tasks to queue
[2026-08-12T05:43:10.583+0000] {logging_mixin.py:190} INFO - [2026-08-12T05:43:10.582+0000] {dagbag.py:587} INFO - Filling up the DagBag from /home/airflow/.local/lib/python3.12/site-packages/airflow/example_dags/example_workday_timetable.py
[2026-08-12T05:43:10.593+0000] {processor.py:925} INFO - DAG(s) 'example_workday_timetable' retrieved from /home/airflow/.local/lib/python3.12/site-packages/airflow/example_dags/example_workday_timetable.py
[2026-08-12T05:43:10.623+0000] {logging_mixin.py:190} INFO - [2026-08-12T05:43:10.622+0000] {dag.py:3211} INFO - Sync 1 DAGs
[2026-08-12T05:43:10.692+0000] {logging_mixin.py:190} INFO - [2026-08-12T05:43:10.692+0000] {dag.py:4138} INFO - Setting next_dagrun for example_workday_timetable to 2021-01-04 00:00:00+00:00, run_after=2021-01-05 00:00:00+00:00
[2026-08-12T05:43:10.719+0000] {processor.py:208} INFO - Processing /home/airflow/.local/lib/python3.12/site-packages/airflow/example_dags/example_workday_timetable.py took 0.160 seconds
[2026-08-12T05:43:41.140+0000] {processor.py:186} INFO - Started process (PID=8801) to work on /home/airflow/.local/lib/python3.12/site-packages/airflow/example_dags/example_workday_timetable.py
[2026-08-12T05:43:41.144+0000] {processor.py:914} INFO - Processing file /home/airflow/.local/lib/python3.12/site-packages/airflow/example_dags/example_workday_timetable.py for tasks to queue
[2026-08-12T05:43:41.149+0000] {logging_mixin.py:190} INFO - [2026-08-12T05:43:41.148+0000] {dagbag.py:587} INFO - Filling up the DagBag from /home/airflow/.local/lib/python3.12/site-packages/airflow/example_dags/example_workday_timetable.py
[2026-08-12T05:43:41.160+0000] {processor.py:925} INFO - DAG(s) 'example_workday_timetable' retrieved from /home/airflow/.local/lib/python3.12/site-packages/airflow/example_dags/example_workday_timetable.py
[2026-08-12T05:43:41.193+0000] {logging_mixin.py:190} INFO - [2026-08-12T05:43:41.192+0000] {dag.py:3211} INFO - Sync 1 DAGs
[2026-08-12T05:43:41.265+0000] {logging_mixin.py:190} INFO - [2026-08-12T05:43:41.265+0000] {dag.py:4138} INFO - Setting next_dagrun for example_workday_timetable to 2021-01-04 00:00:00+00:00, run_after=2021-01-05 00:00:00+00:00
[2026-08-12T05:43:41.293+0000] {processor.py:208} INFO - Processing /home/airflow/.local/lib/python3.12/site-packages/airflow/example_dags/example_workday_timetable.py took 0.162 seconds
[2026-08-12T05:44:11.707+0000] {processor.py:186} INFO - Started process (PID=8864) to work on /home/airflow/.local/lib/python3.12/site-packages/airflow/example_dags/example_workday_timetable.py
[2026-08-12T05:44:11.711+0000] {processor.py:914} INFO - Processing file /home/airflow/.local/lib/python3.12/site-packages/airflow/example_dags/example_workday_timetable.py for tasks to queue
[2026-08-12T05:44:11.716+0000] {logging_mixin.py:190} INFO - [2026-08-12T05:44:11.716+0000] {dagbag.py:587} INFO - Filling up the DagBag from /home/airflow/.local/lib/python3.12/site-packages/airflow/example_dags/example_workday_timetable.py
[2026-08-12T05:44:11.727+0000] {processor.py:925} INFO - DAG(s) 'example_workday_timetable' retrieved from /home/airflow/.local/lib/python3.12/site-packages/airflow/example_dags/example_workday_timetable.py
[2026-08-12T05:44:11.750+0000] {logging_mixin.py:190} INFO - [2026-08-12T05:44:11.750+0000] {dag.py:3211} INFO - Sync 1 DAGs
[2026-08-12T05:44:11.816+0000] {logging_mixin.py:190} INFO - [2026-08-12T05:44:11.816+0000] {dag.py:4138} INFO - Setting next_dagrun for example_workday_timetable to 2021-01-04 00:00:00+00:00, run_after=2021-01-05 00:00:00+00:00
[2026-08-12T05:44:11.848+0000] {processor.py:208} INFO - Processing /home/airflow/.local/lib/python3.12/site-packages/airflow/example_dags/example_workday_timetable.py took 0.148 seconds
[2026-08-12T05:44:42.410+0000] {processor.py:186} INFO - Started process (PID=8927) to work on /home/airflow/.local/lib/python3.12/site-packages/airflow/example_dags/example_workday_timetable.py
[2026-08-12T05:44:42.413+0000] {processor.py:914} INFO - Processing file /home/airflow/.local/lib/python3.12/site-packages/airflow/example_dags/example_workday_timetable.py for tasks to queue
[2026-08-12T05:44:42.433+0000] {logging_mixin.py:190} INFO - [2026-08-12T05:44:42.431+0000] {dagbag.py:587} INFO - Filling up the DagBag from /home/airflow/.local/lib/python3.12/site-packages/airflow/example_dags/example_workday_timetable.py
[2026-08-12T05:44:42.456+0000] {processor.py:925} INFO - DAG(s) 'example_workday_timetable' retrieved from /home/airflow/.local/lib/python3.12/site-packages/airflow/example_dags/example_workday_timetable.py
[2026-08-12T05:44:42.490+0000] {logging_mixin.py:190} INFO - [2026-08-12T05:44:42.489+0000] {dag.py:3211} INFO - Sync 1 DAGs
[2026-08-12T05:44:42.575+0000] {logging_mixin.py:190} INFO - [2026-08-12T05:44:42.575+0000] {dag.py:4138} INFO - Setting next_dagrun for example_workday_timetable to 2021-01-04 00:00:00+00:00, run_after=2021-01-05 00:00:00+00:00
[2026-08-12T05:44:42.606+0000] {processor.py:208} INFO - Processing /home/airflow/.local/lib/python3.12/site-packages/airflow/example_dags/example_workday_timetable.py took 0.212 seconds
[2026-08-12T05:45:12.904+0000] {processor.py:186} INFO - Started process (PID=8990) to work on /home/airflow/.local/lib/python3.12/site-packages/airflow/example_dags/example_workday_timetable.py
[2026-08-12T05:45:12.907+0000] {processor.py:914} INFO - Processing file /home/airflow/.local/lib/python3.12/site-packages/airflow/example_dags/example_workday_timetable.py for tasks to queue
[2026-08-12T05:45:12.911+0000] {logging_mixin.py:190} INFO - [2026-08-12T05:45:12.911+0000] {dagbag.py:587} INFO - Filling up the DagBag from /home/airflow/.local/lib/python3.12/site-packages/airflow/example_dags/example_workday_timetable.py
[2026-08-12T05:45:12.922+0000] {processor.py:925} INFO - DAG(s) 'example_workday_timetable' retrieved from /home/airflow/.local/lib/python3.12/site-packages/airflow/example_dags/example_workday_timetable.py
[2026-08-12T05:45:12.951+0000] {logging_mixin.py:190} INFO - [2026-08-12T05:45:12.951+0000] {dag.py:3211} INFO - Sync 1 DAGs
[2026-08-12T05:45:13.018+0000] {logging_mixin.py:190} INFO - [2026-08-12T05:45:13.017+0000] {dag.py:4138} INFO - Setting next_dagrun for example_workday_timetable to 2021-01-04 00:00:00+00:00, run_after=2021-01-05 00:00:00+00:00
[2026-08-12T05:45:13.044+0000] {processor.py:208} INFO - Processing /home/airflow/.local/lib/python3.12/site-packages/airflow/example_dags/example_workday_timetable.py took 0.151 seconds
[2026-08-12T05:45:43.465+0000] {processor.py:186} INFO - Started process (PID=9053) to work on /home/airflow/.local/lib/python3.12/site-packages/airflow/example_dags/example_workday_timetable.py
[2026-08-12T05:45:43.470+0000] {processor.py:914} INFO - Processing file /home/airflow/.local/lib/python3.12/site-packages/airflow/example_dags/example_workday_timetable.py for tasks to queue
[2026-08-12T05:45:43.474+0000] {logging_mixin.py:190} INFO - [2026-08-12T05:45:43.474+0000] {dagbag.py:587} INFO - Filling up the DagBag from /home/airflow/.local/lib/python3.12/site-packages/airflow/example_dags/example_workday_timetable.py
[2026-08-12T05:45:43.486+0000] {processor.py:925} INFO - DAG(s) 'example_workday_timetable' retrieved from /home/airflow/.local/lib/python3.12/site-packages/airflow/example_dags/example_workday_timetable.py
[2026-08-12T05:45:43.512+0000] {logging_mixin.py:190} INFO - [2026-08-12T05:45:43.512+0000] {dag.py:3211} INFO - Sync 1 DAGs
[2026-08-12T05:45:43.568+0000] {logging_mixin.py:190} INFO - [2026-08-12T05:45:43.568+0000] {dag.py:4138} INFO - Setting next_dagrun for example_workday_timetable to 2021-01-04 00:00:00+00:00, run_after=2021-01-05 00:00:00+00:00
[2026-08-12T05:45:43.590+0000] {processor.py:208} INFO - Processing /home/airflow/.local/lib/python3.12/site-packages/airflow/example_dags/example_workday_timetable.py took 0.136 seconds
[2026-08-12T05:46:14.042+0000] {processor.py:186} INFO - Started process (PID=9116) to work on /home/airflow/.local/lib/python3.12/site-packages/airflow/example_dags/example_workday_timetable.py
[2026-08-12T05:46:14.045+0000] {processor.py:914} INFO - Processing file /home/airflow/.local/lib/python3.12/site-packages/airflow/example_dags/example_workday_timetable.py for tasks to queue
[2026-08-12T05:46:14.052+0000] {logging_mixin.py:190} INFO - [2026-08-12T05:46:14.050+0000] {dagbag.py:587} INFO - Filling up the DagBag from /home/airflow/.local/lib/python3.12/site-packages/airflow/example_dags/example_workday_timetable.py
[2026-08-12T05:46:14.060+0000] {processor.py:925} INFO - DAG(s) 'example_workday_timetable' retrieved from /home/airflow/.local/lib/python3.12/site-packages/airflow/example_dags/example_workday_timetable.py
[2026-08-12T05:46:14.084+0000] {logging_mixin.py:190} INFO - [2026-08-12T05:46:14.084+0000] {dag.py:3211} INFO - Sync 1 DAGs
[2026-08-12T05:46:14.144+0000] {logging_mixin.py:190} INFO - [2026-08-12T05:46:14.143+0000] {dag.py:4138} INFO - Setting next_dagrun for example_workday_timetable to 2021-01-04 00:00:00+00:00, run_after=2021-01-05 00:00:00+00:00
[2026-08-12T05:46:14.169+0000] {processor.py:208} INFO - Processing /home/airflow/.local/lib/python3.12/site-packages/airflow/example_dags/example_workday_timetable.py took 0.135 seconds
[2026-08-12T05:46:44.480+0000] {processor.py:186} INFO - Started process (PID=9179) to work on /home/airflow/.local/lib/python3.12/site-packages/airflow/example_dags/example_workday_timetable.py
[2026-08-12T05:46:44.482+0000] {processor.py:914} INFO - Processing file /home/airflow/.local/lib/python3.12/site-packages/airflow/example_dags/example_workday_timetable.py for tasks to queue
[2026-08-12T05:46:44.486+0000] {logging_mixin.py:190} INFO - [2026-08-12T05:46:44.486+0000] {dagbag.py:587} INFO - Filling up the DagBag from /home/airflow/.local/lib/python3.12/site-packages/airflow/example_dags/example_workday_timetable.py
[2026-08-12T05:46:44.495+0000] {processor.py:925} INFO - DAG(s) 'example_workday_timetable' retrieved from /home/airflow/.local/lib/python3.12/site-packages/airflow/example_dags/example_workday_timetable.py
[2026-08-12T05:46:44.519+0000] {logging_mixin.py:190} INFO - [2026-08-12T05:46:44.519+0000] {dag.py:3211} INFO - Sync 1 DAGs
[2026-08-12T05:46:44.591+0000] {logging_mixin.py:190} INFO - [2026-08-12T05:46:44.587+0000] {dag.py:4138} INFO - Setting next_dagrun for example_workday_timetable to 2021-01-04 00:00:00+00:00, run_after=2021-01-05 00:00:00+00:00
[2026-08-12T05:46:44.616+0000] {processor.py:208} INFO - Processing /home/airflow/.local/lib/python3.12/site-packages/airflow/example_dags/example_workday_timetable.py took 0.142 seconds
[2026-08-12T05:47:14.853+0000] {processor.py:186} INFO - Started process (PID=9243) to work on /home/airflow/.local/lib/python3.12/site-packages/airflow/example_dags/example_workday_timetable.py
[2026-08-12T05:47:14.855+0000] {processor.py:914} INFO - Processing file /home/airflow/.local/lib/python3.12/site-packages/airflow/example_dags/example_workday_timetable.py for tasks to queue
[2026-08-12T05:47:14.859+0000] {logging_mixin.py:190} INFO - [2026-08-12T05:47:14.859+0000] {dagbag.py:587} INFO - Filling up the DagBag from /home/airflow/.local/lib/python3.12/site-packages/airflow/example_dags/example_workday_timetable.py
[2026-08-12T05:47:14.867+0000] {processor.py:925} INFO - DAG(s) 'example_workday_timetable' retrieved from /home/airflow/.local/lib/python3.12/site-packages/airflow/example_dags/example_workday_timetable.py
[2026-08-12T05:47:14.898+0000] {logging_mixin.py:190} INFO - [2026-08-12T05:47:14.897+0000] {dag.py:3211} INFO - Sync 1 DAGs
[2026-08-12T05:47:14.980+0000] {logging_mixin.py:190} INFO - [2026-08-12T05:47:14.980+0000] {dag.py:4138} INFO - Setting next_dagrun for example_workday_timetable to 2021-01-04 00:00:00+00:00, run_after=2021-01-05 00:00:00+00:00
[2026-08-12T05:47:15.016+0000] {processor.py:208} INFO - Processing /home/airflow/.local/lib/python3.12/site-packages/airflow/example_dags/example_workday_timetable.py took 0.168 seconds
[2026-08-12T05:47:45.923+0000] {processor.py:186} INFO - Started process (PID=9306) to work on /home/airflow/.local/lib/python3.12/site-packages/airflow/example_dags/example_workday_timetable.py
[2026-08-12T05:47:45.927+0000] {processor.py:914} INFO - Processing file /home/airflow/.local/lib/python3.12/site-packages/airflow/example_dags/example_workday_timetable.py for tasks to queue
[2026-08-12T05:47:45.935+0000] {logging_mixin.py:190} INFO - [2026-08-12T05:47:45.934+0000] {dagbag.py:587} INFO - Filling up the DagBag from /home/airflow/.local/lib/python3.12/site-packages/airflow/example_dags/example_workday_timetable.py
[2026-08-12T05:47:45.945+0000] {processor.py:925} INFO - DAG(s) 'example_workday_timetable' retrieved from /home/airflow/.local/lib/python3.12/site-packages/airflow/example_dags/example_workday_timetable.py
[2026-08-12T05:47:45.975+0000] {logging_mixin.py:190} INFO - [2026-08-12T05:47:45.974+0000] {dag.py:3211} INFO - Sync 1 DAGs
[2026-08-12T05:47:46.048+0000] {logging_mixin.py:190} INFO - [2026-08-12T05:47:46.048+0000] {dag.py:4138} INFO - Setting next_dagrun for example_workday_timetable to 2021-01-04 00:00:00+00:00, run_after=2021-01-05 00:00:00+00:00
[2026-08-12T05:47:46.073+0000] {processor.py:208} INFO - Processing /home/airflow/.local/lib/python3.12/site-packages/airflow/example_dags/example_workday_timetable.py took 0.170 seconds
[2026-08-12T05:48:16.514+0000] {processor.py:186} INFO - Started process (PID=9369) to work on /home/airflow/.local/lib/python3.12/site-packages/airflow/example_dags/example_workday_timetable.py
[2026-08-12T05:48:16.516+0000] {processor.py:914} INFO - Processing file /home/airflow/.local/lib/python3.12/site-packages/airflow/example_dags/example_workday_timetable.py for tasks to queue
[2026-08-12T05:48:16.521+0000] {logging_mixin.py:190} INFO - [2026-08-12T05:48:16.520+0000] {dagbag.py:587} INFO - Filling up the DagBag from /home/airflow/.local/lib/python3.12/site-packages/airflow/example_dags/example_workday_timetable.py
[2026-08-12T05:48:16.533+0000] {processor.py:925} INFO - DAG(s) 'example_workday_timetable' retrieved from /home/airflow/.local/lib/python3.12/site-packages/airflow/example_dags/example_workday_timetable.py
[2026-08-12T05:48:16.561+0000] {logging_mixin.py:190} INFO - [2026-08-12T05:48:16.561+0000] {dag.py:3211} INFO - Sync 1 DAGs
[2026-08-12T05:48:16.634+0000] {logging_mixin.py:190} INFO - [2026-08-12T05:48:16.634+0000] {dag.py:4138} INFO - Setting next_dagrun for example_workday_timetable to 2021-01-04 00:00:00+00:00, run_after=2021-01-05 00:00:00+00:00
[2026-08-12T05:48:16.661+0000] {processor.py:208} INFO - Processing /home/airflow/.local/lib/python3.12/site-packages/airflow/example_dags/example_workday_timetable.py took 0.158 seconds
[2026-08-12T05:48:46.791+0000] {processor.py:186} INFO - Started process (PID=9432) to work on /home/airflow/.local/lib/python3.12/site-packages/airflow/example_dags/example_workday_timetable.py
[2026-08-12T05:48:46.793+0000] {processor.py:914} INFO - Processing file /home/airflow/.local/lib/python3.12/site-packages/airflow/example_dags/example_workday_timetable.py for tasks to queue
[2026-08-12T05:48:46.800+0000] {logging_mixin.py:190} INFO - [2026-08-12T05:48:46.799+0000] {dagbag.py:587} INFO - Filling up the DagBag from /home/airflow/.local/lib/python3.12/site-packages/airflow/example_dags/example_workday_timetable.py
[2026-08-12T05:48:46.808+0000] {processor.py:925} INFO - DAG(s) 'example_workday_timetable' retrieved from /home/airflow/.local/lib/python3.12/site-packages/airflow/example_dags/example_workday_timetable.py
[2026-08-12T05:48:46.834+0000] {logging_mixin.py:190} INFO - [2026-08-12T05:48:46.834+0000] {dag.py:3211} INFO - Sync 1 DAGs
[2026-08-12T05:48:46.893+0000] {logging_mixin.py:190} INFO - [2026-08-12T05:48:46.893+0000] {dag.py:4138} INFO - Setting next_dagrun for example_workday_timetable to 2021-01-04 00:00:00+00:00, run_after=2021-01-05 00:00:00+00:00
[2026-08-12T05:48:46.922+0000] {processor.py:208} INFO - Processing /home/airflow/.local/lib/python3.12/site-packages/airflow/example_dags/example_workday_timetable.py took 0.139 seconds
[2026-08-12T05:49:17.099+0000] {processor.py:186} INFO - Started process (PID=9494) to work on /home/airflow/.local/lib/python3.12/site-packages/airflow/example_dags/example_workday_timetable.py
[2026-08-12T05:49:17.104+0000] {processor.py:914} INFO - Processing file /home/airflow/.local/lib/python3.12/site-packages/airflow/example_dags/example_workday_timetable.py for tasks to queue
[2026-08-12T05:49:17.112+0000] {logging_mixin.py:190} INFO - [2026-08-12T05:49:17.111+0000] {dagbag.py:587} INFO - Filling up the DagBag from /home/airflow/.local/lib/python3.12/site-packages/airflow/example_dags/example_workday_timetable.py
[2026-08-12T05:49:17.129+0000] {processor.py:925} INFO - DAG(s) 'example_workday_timetable' retrieved from /home/airflow/.local/lib/python3.12/site-packages/airflow/example_dags/example_workday_timetable.py
[2026-08-12T05:49:17.167+0000] {logging_mixin.py:190} INFO - [2026-08-12T05:49:17.167+0000] {dag.py:3211} INFO - Sync 1 DAGs
[2026-08-12T05:49:17.231+0000] {logging_mixin.py:190} INFO - [2026-08-12T05:49:17.231+0000] {dag.py:4138} INFO - Setting next_dagrun for example_workday_timetable to 2021-01-04 00:00:00+00:00, run_after=2021-01-05 00:00:00+00:00
[2026-08-12T05:49:17.260+0000] {processor.py:208} INFO - Processing /home/airflow/.local/lib/python3.12/site-packages/airflow/example_dags/example_workday_timetable.py took 0.173 seconds
[2026-08-12T05:49:47.367+0000] {processor.py:186} INFO - Started process (PID=9557) to work on /home/airflow/.local/lib/python3.12/site-packages/airflow/example_dags/example_workday_timetable.py
[2026-08-12T05:49:47.370+0000] {processor.py:914} INFO - Processing file /home/airflow/.local/lib/python3.12/site-packages/airflow/example_dags/example_workday_timetable.py for tasks to queue
[2026-08-12T05:49:47.374+0000] {logging_mixin.py:190} INFO - [2026-08-12T05:49:47.373+0000] {dagbag.py:587} INFO - Filling up the DagBag from /home/airflow/.local/lib/python3.12/site-packages/airflow/example_dags/example_workday_timetable.py
[2026-08-12T05:49:47.382+0000] {processor.py:925} INFO - DAG(s) 'example_workday_timetable' retrieved from /home/airflow/.local/lib/python3.12/site-packages/airflow/example_dags/example_workday_timetable.py
[2026-08-12T05:49:47.409+0000] {logging_mixin.py:190} INFO - [2026-08-12T05:49:47.408+0000] {dag.py:3211} INFO - Sync 1 DAGs
[2026-08-12T05:49:47.476+0000] {logging_mixin.py:190} INFO - [2026-08-12T05:49:47.475+0000] {dag.py:4138} INFO - Setting next_dagrun for example_workday_timetable to 2021-01-04 00:00:00+00:00, run_after=2021-01-05 00:00:00+00:00
[2026-08-12T05:49:47.501+0000] {processor.py:208} INFO - Processing /home/airflow/.local/lib/python3.12/site-packages/airflow/example_dags/example_workday_timetable.py took 0.139 seconds
[2026-08-12T05:50:17.716+0000] {processor.py:186} INFO - Started process (PID=9621) to work on /home/airflow/.local/lib/python3.12/site-packages/airflow/example_dags/example_workday_timetable.py
[2026-08-12T05:50:17.719+0000] {processor.py:914} INFO - Processing file /home/airflow/.local/lib/python3.12/site-packages/airflow/example_dags/example_workday_timetable.py for tasks to queue
[2026-08-12T05:50:17.723+0000] {logging_mixin.py:190} INFO - [2026-08-12T05:50:17.723+0000] {dagbag.py:587} INFO - Filling up the DagBag from /home/airflow/.local/lib/python3.12/site-packages/airflow/example_dags/example_workday_timetable.py
[2026-08-12T05:50:17.731+0000] {processor.py:925} INFO - DAG(s) 'example_workday_timetable' retrieved from /home/airflow/.local/lib/python3.12/site-packages/airflow/example_dags/example_workday_timetable.py
[2026-08-12T05:50:17.752+0000] {logging_mixin.py:190} INFO - [2026-08-12T05:50:17.752+0000] {dag.py:3211} INFO - Sync 1 DAGs
[2026-08-12T05:50:17.810+0000] {logging_mixin.py:190} INFO - [2026-08-12T05:50:17.810+0000] {dag.py:4138} INFO - Setting next_dagrun for example_workday_timetable to 2021-01-04 00:00:00+00:00, run_after=2021-01-05 00:00:00+00:00
[2026-08-12T05:50:17.832+0000] {processor.py:208} INFO - Processing /home/airflow/.local/lib/python3.12/site-packages/airflow/example_dags/example_workday_timetable.py took 0.127 seconds
[2026-08-12T05:50:48.176+0000] {processor.py:186} INFO - Started process (PID=9685) to work on /home/airflow/.local/lib/python3.12/site-packages/airflow/example_dags/example_workday_timetable.py
[2026-08-12T05:50:48.179+0000] {processor.py:914} INFO - Processing file /home/airflow/.local/lib/python3.12/site-packages/airflow/example_dags/example_workday_timetable.py for tasks to queue
[2026-08-12T05:50:48.183+0000] {logging_mixin.py:190} INFO - [2026-08-12T05:50:48.183+0000] {dagbag.py:587} INFO - Filling up the DagBag from /home/airflow/.local/lib/python3.12/site-packages/airflow/example_dags/example_workday_timetable.py
[2026-08-12T05:50:48.192+0000] {processor.py:925} INFO - DAG(s) 'example_workday_timetable' retrieved from /home/airflow/.local/lib/python3.12/site-packages/airflow/example_dags/example_workday_timetable.py
[2026-08-12T05:50:48.216+0000] {logging_mixin.py:190} INFO - [2026-08-12T05:50:48.216+0000] {dag.py:3211} INFO - Sync 1 DAGs
[2026-08-12T05:50:48.282+0000] {logging_mixin.py:190} INFO - [2026-08-12T05:50:48.282+0000] {dag.py:4138} INFO - Setting next_dagrun for example_workday_timetable to 2021-01-04 00:00:00+00:00, run_after=2021-01-05 00:00:00+00:00
[2026-08-12T05:50:48.307+0000] {processor.py:208} INFO - Processing /home/airflow/.local/lib/python3.12/site-packages/airflow/example_dags/example_workday_timetable.py took 0.137 seconds
[2026-08-12T05:51:19.069+0000] {processor.py:186} INFO - Started process (PID=9748) to work on /home/airflow/.local/lib/python3.12/site-packages/airflow/example_dags/example_workday_timetable.py
[2026-08-12T05:51:19.073+0000] {processor.py:914} INFO - Processing file /home/airflow/.local/lib/python3.12/site-packages/airflow/example_dags/example_workday_timetable.py for tasks to queue
[2026-08-12T05:51:19.081+0000] {logging_mixin.py:190} INFO - [2026-08-12T05:51:19.080+0000] {dagbag.py:587} INFO - Filling up the DagBag from /home/airflow/.local/lib/python3.12/site-packages/airflow/example_dags/example_workday_timetable.py
[2026-08-12T05:51:19.094+0000] {processor.py:925} INFO - DAG(s) 'example_workday_timetable' retrieved from /home/airflow/.local/lib/python3.12/site-packages/airflow/example_dags/example_workday_timetable.py
[2026-08-12T05:51:19.126+0000] {logging_mixin.py:190} INFO - [2026-08-12T05:51:19.126+0000] {dag.py:3211} INFO - Sync 1 DAGs
[2026-08-12T05:51:19.192+0000] {logging_mixin.py:190} INFO - [2026-08-12T05:51:19.192+0000] {dag.py:4138} INFO - Setting next_dagrun for example_workday_timetable to 2021-01-04 00:00:00+00:00, run_after=2021-01-05 00:00:00+00:00
[2026-08-12T05:51:19.216+0000] {processor.py:208} INFO - Processing /home/airflow/.local/lib/python3.12/site-packages/airflow/example_dags/example_workday_timetable.py took 0.154 seconds
[2026-08-12T05:51:49.409+0000] {processor.py:186} INFO - Started process (PID=9811) to work on /home/airflow/.local/lib/python3.12/site-packages/airflow/example_dags/example_workday_timetable.py
[2026-08-12T05:51:49.413+0000] {processor.py:914} INFO - Processing file /home/airflow/.local/lib/python3.12/site-packages/airflow/example_dags/example_workday_timetable.py for tasks to queue
[2026-08-12T05:51:49.424+0000] {logging_mixin.py:190} INFO - [2026-08-12T05:51:49.423+0000] {dagbag.py:587} INFO - Filling up the DagBag from /home/airflow/.local/lib/python3.12/site-packages/airflow/example_dags/example_workday_timetable.py
[2026-08-12T05:51:49.444+0000] {processor.py:925} INFO - DAG(s) 'example_workday_timetable' retrieved from /home/airflow/.local/lib/python3.12/site-packages/airflow/example_dags/example_workday_timetable.py
[2026-08-12T05:51:49.481+0000] {logging_mixin.py:190} INFO - [2026-08-12T05:51:49.480+0000] {dag.py:3211} INFO - Sync 1 DAGs
[2026-08-12T05:51:49.541+0000] {logging_mixin.py:190} INFO - [2026-08-12T05:51:49.541+0000] {dag.py:4138} INFO - Setting next_dagrun for example_workday_timetable to 2021-01-04 00:00:00+00:00, run_after=2021-01-05 00:00:00+00:00
[2026-08-12T05:51:49.562+0000] {processor.py:208} INFO - Processing /home/airflow/.local/lib/python3.12/site-packages/airflow/example_dags/example_workday_timetable.py took 0.168 seconds
[2026-08-12T05:52:20.042+0000] {processor.py:186} INFO - Started process (PID=9874) to work on /home/airflow/.local/lib/python3.12/site-packages/airflow/example_dags/example_workday_timetable.py
[2026-08-12T05:52:20.045+0000] {processor.py:914} INFO - Processing file /home/airflow/.local/lib/python3.12/site-packages/airflow/example_dags/example_workday_timetable.py for tasks to queue
[2026-08-12T05:52:20.051+0000] {logging_mixin.py:190} INFO - [2026-08-12T05:52:20.051+0000] {dagbag.py:587} INFO - Filling up the DagBag from /home/airflow/.local/lib/python3.12/site-packages/airflow/example_dags/example_workday_timetable.py
[2026-08-12T05:52:20.064+0000] {processor.py:925} INFO - DAG(s) 'example_workday_timetable' retrieved from /home/airflow/.local/lib/python3.12/site-packages/airflow/example_dags/example_workday_timetable.py
[2026-08-12T05:52:20.092+0000] {logging_mixin.py:190} INFO - [2026-08-12T05:52:20.092+0000] {dag.py:3211} INFO - Sync 1 DAGs
[2026-08-12T05:52:20.150+0000] {logging_mixin.py:190} INFO - [2026-08-12T05:52:20.150+0000] {dag.py:4138} INFO - Setting next_dagrun for example_workday_timetable to 2021-01-04 00:00:00+00:00, run_after=2021-01-05 00:00:00+00:00
[2026-08-12T05:52:20.175+0000] {processor.py:208} INFO - Processing /home/airflow/.local/lib/python3.12/site-packages/airflow/example_dags/example_workday_timetable.py took 0.142 seconds
[2026-08-12T05:52:51.060+0000] {processor.py:186} INFO - Started process (PID=9937) to work on /home/airflow/.local/lib/python3.12/site-packages/airflow/example_dags/example_workday_timetable.py
[2026-08-12T05:52:51.064+0000] {processor.py:914} INFO - Processing file /home/airflow/.local/lib/python3.12/site-packages/airflow/example_dags/example_workday_timetable.py for tasks to queue
[2026-08-12T05:52:51.070+0000] {logging_mixin.py:190} INFO - [2026-08-12T05:52:51.069+0000] {dagbag.py:587} INFO - Filling up the DagBag from /home/airflow/.local/lib/python3.12/site-packages/airflow/example_dags/example_workday_timetable.py
[2026-08-12T05:52:51.083+0000] {processor.py:925} INFO - DAG(s) 'example_workday_timetable' retrieved from /home/airflow/.local/lib/python3.12/site-packages/airflow/example_dags/example_workday_timetable.py
[2026-08-12T05:52:51.117+0000] {logging_mixin.py:190} INFO - [2026-08-12T05:52:51.116+0000] {dag.py:3211} INFO - Sync 1 DAGs
[2026-08-12T05:52:51.208+0000] {logging_mixin.py:190} INFO - [2026-08-12T05:52:51.207+0000] {dag.py:4138} INFO - Setting next_dagrun for example_workday_timetable to 2021-01-04 00:00:00+00:00, run_after=2021-01-05 00:00:00+00:00
[2026-08-12T05:52:51.241+0000] {processor.py:208} INFO - Processing /home/airflow/.local/lib/python3.12/site-packages/airflow/example_dags/example_workday_timetable.py took 0.196 seconds
[2026-08-12T05:53:21.743+0000] {processor.py:186} INFO - Started process (PID=10000) to work on /home/airflow/.local/lib/python3.12/site-packages/airflow/example_dags/example_workday_timetable.py
[2026-08-12T05:53:21.746+0000] {processor.py:914} INFO - Processing file /home/airflow/.local/lib/python3.12/site-packages/airflow/example_dags/example_workday_timetable.py for tasks to queue
[2026-08-12T05:53:21.756+0000] {logging_mixin.py:190} INFO - [2026-08-12T05:53:21.755+0000] {dagbag.py:587} INFO - Filling up the DagBag from /home/airflow/.local/lib/python3.12/site-packages/airflow/example_dags/example_workday_timetable.py
[2026-08-12T05:53:21.775+0000] {processor.py:925} INFO - DAG(s) 'example_workday_timetable' retrieved from /home/airflow/.local/lib/python3.12/site-packages/airflow/example_dags/example_workday_timetable.py
[2026-08-12T05:53:21.806+0000] {logging_mixin.py:190} INFO - [2026-08-12T05:53:21.806+0000] {dag.py:3211} INFO - Sync 1 DAGs
[2026-08-12T05:53:21.865+0000] {logging_mixin.py:190} INFO - [2026-08-12T05:53:21.864+0000] {dag.py:4138} INFO - Setting next_dagrun for example_workday_timetable to 2021-01-04 00:00:00+00:00, run_after=2021-01-05 00:00:00+00:00
[2026-08-12T05:53:22.076+0000] {processor.py:208} INFO - Processing /home/airflow/.local/lib/python3.12/site-packages/airflow/example_dags/example_workday_timetable.py took 0.342 seconds
[2026-08-12T05:53:52.157+0000] {processor.py:186} INFO - Started process (PID=10064) to work on /home/airflow/.local/lib/python3.12/site-packages/airflow/example_dags/example_workday_timetable.py
[2026-08-12T05:53:52.161+0000] {processor.py:914} INFO - Processing file /home/airflow/.local/lib/python3.12/site-packages/airflow/example_dags/example_workday_timetable.py for tasks to queue
[2026-08-12T05:53:52.165+0000] {logging_mixin.py:190} INFO - [2026-08-12T05:53:52.165+0000] {dagbag.py:587} INFO - Filling up the DagBag from /home/airflow/.local/lib/python3.12/site-packages/airflow/example_dags/example_workday_timetable.py
[2026-08-12T05:53:52.175+0000] {processor.py:925} INFO - DAG(s) 'example_workday_timetable' retrieved from /home/airflow/.local/lib/python3.12/site-packages/airflow/example_dags/example_workday_timetable.py
[2026-08-12T05:53:52.210+0000] {logging_mixin.py:190} INFO - [2026-08-12T05:53:52.210+0000] {dag.py:3211} INFO - Sync 1 DAGs
[2026-08-12T05:53:52.346+0000] {logging_mixin.py:190} INFO - [2026-08-12T05:53:52.346+0000] {dag.py:4138} INFO - Setting next_dagrun for example_workday_timetable to 2021-01-04 00:00:00+00:00, run_after=2021-01-05 00:00:00+00:00
[2026-08-12T05:53:52.389+0000] {processor.py:208} INFO - Processing /home/airflow/.local/lib/python3.12/site-packages/airflow/example_dags/example_workday_timetable.py took 0.241 seconds
[2026-08-12T05:54:22.869+0000] {processor.py:186} INFO - Started process (PID=10126) to work on /home/airflow/.local/lib/python3.12/site-packages/airflow/example_dags/example_workday_timetable.py
[2026-08-12T05:54:22.872+0000] {processor.py:914} INFO - Processing file /home/airflow/.local/lib/python3.12/site-packages/airflow/example_dags/example_workday_timetable.py for tasks to queue
[2026-08-12T05:54:22.878+0000] {logging_mixin.py:190} INFO - [2026-08-12T05:54:22.877+0000] {dagbag.py:587} INFO - Filling up the DagBag from /home/airflow/.local/lib/python3.12/site-packages/airflow/example_dags/example_workday_timetable.py
[2026-08-12T05:54:22.887+0000] {processor.py:925} INFO - DAG(s) 'example_workday_timetable' retrieved from /home/airflow/.local/lib/python3.12/site-packages/airflow/example_dags/example_workday_timetable.py
[2026-08-12T05:54:22.920+0000] {logging_mixin.py:190} INFO - [2026-08-12T05:54:22.920+0000] {dag.py:3211} INFO - Sync 1 DAGs
[2026-08-12T05:54:22.995+0000] {logging_mixin.py:190} INFO - [2026-08-12T05:54:22.995+0000] {dag.py:4138} INFO - Setting next_dagrun for example_workday_timetable to 2021-01-04 00:00:00+00:00, run_after=2021-01-05 00:00:00+00:00
[2026-08-12T05:54:23.021+0000] {processor.py:208} INFO - Processing /home/airflow/.local/lib/python3.12/site-packages/airflow/example_dags/example_workday_timetable.py took 0.163 seconds
[2026-08-12T05:54:53.690+0000] {processor.py:186} INFO - Started process (PID=10189) to work on /home/airflow/.local/lib/python3.12/site-packages/airflow/example_dags/example_workday_timetable.py
[2026-08-12T05:54:53.694+0000] {processor.py:914} INFO - Processing file /home/airflow/.local/lib/python3.12/site-packages/airflow/example_dags/example_workday_timetable.py for tasks to queue
[2026-08-12T05:54:53.701+0000] {logging_mixin.py:190} INFO - [2026-08-12T05:54:53.700+0000] {dagbag.py:587} INFO - Filling up the DagBag from /home/airflow/.local/lib/python3.12/site-packages/airflow/example_dags/example_workday_timetable.py
[2026-08-12T05:54:53.715+0000] {processor.py:925} INFO - DAG(s) 'example_workday_timetable' retrieved from /home/airflow/.local/lib/python3.12/site-packages/airflow/example_dags/example_workday_timetable.py
[2026-08-12T05:54:53.748+0000] {logging_mixin.py:190} INFO - [2026-08-12T05:54:53.748+0000] {dag.py:3211} INFO - Sync 1 DAGs
[2026-08-12T05:54:53.829+0000] {logging_mixin.py:190} INFO - [2026-08-12T05:54:53.828+0000] {dag.py:4138} INFO - Setting next_dagrun for example_workday_timetable to 2021-01-04 00:00:00+00:00, run_after=2021-01-05 00:00:00+00:00
[2026-08-12T05:54:53.852+0000] {processor.py:208} INFO - Processing /home/airflow/.local/lib/python3.12/site-packages/airflow/example_dags/example_workday_timetable.py took 0.172 seconds
[2026-08-12T05:55:24.471+0000] {processor.py:186} INFO - Started process (PID=10252) to work on /home/airflow/.local/lib/python3.12/site-packages/airflow/example_dags/example_workday_timetable.py
[2026-08-12T05:55:24.474+0000] {processor.py:914} INFO - Processing file /home/airflow/.local/lib/python3.12/site-packages/airflow/example_dags/example_workday_timetable.py for tasks to queue
[2026-08-12T05:55:24.478+0000] {logging_mixin.py:190} INFO - [2026-08-12T05:55:24.478+0000] {dagbag.py:587} INFO - Filling up the DagBag from /home/airflow/.local/lib/python3.12/site-packages/airflow/example_dags/example_workday_timetable.py
[2026-08-12T05:55:24.486+0000] {processor.py:925} INFO - DAG(s) 'example_workday_timetable' retrieved from /home/airflow/.local/lib/python3.12/site-packages/airflow/example_dags/example_workday_timetable.py
[2026-08-12T05:55:24.509+0000] {logging_mixin.py:190} INFO - [2026-08-12T05:55:24.509+0000] {dag.py:3211} INFO - Sync 1 DAGs
[2026-08-12T05:55:24.580+0000] {logging_mixin.py:190} INFO - [2026-08-12T05:55:24.580+0000] {dag.py:4138} INFO - Setting next_dagrun for example_workday_timetable to 2021-01-04 00:00:00+00:00, run_after=2021-01-05 00:00:00+00:00
[2026-08-12T05:55:24.601+0000] {processor.py:208} INFO - Processing /home/airflow/.local/lib/python3.12/site-packages/airflow/example_dags/example_workday_timetable.py took 0.137 seconds
[2026-08-12T05:55:54.700+0000] {processor.py:186} INFO - Started process (PID=10311) to work on /home/airflow/.local/lib/python3.12/site-packages/airflow/example_dags/example_workday_timetable.py
[2026-08-12T05:55:54.702+0000] {processor.py:914} INFO - Processing file /home/airflow/.local/lib/python3.12/site-packages/airflow/example_dags/example_workday_timetable.py for tasks to queue
[2026-08-12T05:55:54.713+0000] {logging_mixin.py:190} INFO - [2026-08-12T05:55:54.713+0000] {dagbag.py:587} INFO - Filling up the DagBag from /home/airflow/.local/lib/python3.12/site-packages/airflow/example_dags/example_workday_timetable.py
[2026-08-12T05:55:54.724+0000] {processor.py:925} INFO - DAG(s) 'example_workday_timetable' retrieved from /home/airflow/.local/lib/python3.12/site-packages/airflow/example_dags/example_workday_timetable.py
[2026-08-12T05:55:54.746+0000] {logging_mixin.py:190} INFO - [2026-08-12T05:55:54.746+0000] {dag.py:3211} INFO - Sync 1 DAGs
[2026-08-12T05:55:54.981+0000] {logging_mixin.py:190} INFO - [2026-08-12T05:55:54.981+0000] {dag.py:4138} INFO - Setting next_dagrun for example_workday_timetable to 2021-01-04 00:00:00+00:00, run_after=2021-01-05 00:00:00+00:00
[2026-08-12T05:55:55.002+0000] {processor.py:208} INFO - Processing /home/airflow/.local/lib/python3.12/site-packages/airflow/example_dags/example_workday_timetable.py took 0.310 seconds
[2026-08-12T05:56:25.356+0000] {processor.py:186} INFO - Started process (PID=10374) to work on /home/airflow/.local/lib/python3.12/site-packages/airflow/example_dags/example_workday_timetable.py
[2026-08-12T05:56:25.359+0000] {processor.py:914} INFO - Processing file /home/airflow/.local/lib/python3.12/site-packages/airflow/example_dags/example_workday_timetable.py for tasks to queue
[2026-08-12T05:56:25.366+0000] {logging_mixin.py:190} INFO - [2026-08-12T05:56:25.365+0000] {dagbag.py:587} INFO - Filling up the DagBag from /home/airflow/.local/lib/python3.12/site-packages/airflow/example_dags/example_workday_timetable.py
[2026-08-12T05:56:25.379+0000] {processor.py:925} INFO - DAG(s) 'example_workday_timetable' retrieved from /home/airflow/.local/lib/python3.12/site-packages/airflow/example_dags/example_workday_timetable.py
[2026-08-12T05:56:25.412+0000] {logging_mixin.py:190} INFO - [2026-08-12T05:56:25.411+0000] {dag.py:3211} INFO - Sync 1 DAGs
[2026-08-12T05:56:25.477+0000] {logging_mixin.py:190} INFO - [2026-08-12T05:56:25.477+0000] {dag.py:4138} INFO - Setting next_dagrun for example_workday_timetable to 2021-01-04 00:00:00+00:00, run_after=2021-01-05 00:00:00+00:00
[2026-08-12T05:56:25.506+0000] {processor.py:208} INFO - Processing /home/airflow/.local/lib/python3.12/site-packages/airflow/example_dags/example_workday_timetable.py took 0.161 seconds
[2026-08-12T05:56:56.034+0000] {processor.py:186} INFO - Started process (PID=10434) to work on /home/airflow/.local/lib/python3.12/site-packages/airflow/example_dags/example_workday_timetable.py
[2026-08-12T05:56:56.037+0000] {processor.py:914} INFO - Processing file /home/airflow/.local/lib/python3.12/site-packages/airflow/example_dags/example_workday_timetable.py for tasks to queue
[2026-08-12T05:56:56.042+0000] {logging_mixin.py:190} INFO - [2026-08-12T05:56:56.041+0000] {dagbag.py:587} INFO - Filling up the DagBag from /home/airflow/.local/lib/python3.12/site-packages/airflow/example_dags/example_workday_timetable.py
[2026-08-12T05:56:56.050+0000] {processor.py:925} INFO - DAG(s) 'example_workday_timetable' retrieved from /home/airflow/.local/lib/python3.12/site-packages/airflow/example_dags/example_workday_timetable.py
[2026-08-12T05:56:56.074+0000] {logging_mixin.py:190} INFO - [2026-08-12T05:56:56.074+0000] {dag.py:3211} INFO - Sync 1 DAGs
[2026-08-12T05:56:56.138+0000] {logging_mixin.py:190} INFO - [2026-08-12T05:56:56.138+0000] {dag.py:4138} INFO - Setting next_dagrun for example_workday_timetable to 2021-01-04 00:00:00+00:00, run_after=2021-01-05 00:00:00+00:00
[2026-08-12T05:56:56.167+0000] {processor.py:208} INFO - Processing /home/airflow/.local/lib/python3.12/site-packages/airflow/example_dags/example_workday_timetable.py took 0.138 seconds
[2026-08-12T05:57:26.836+0000] {processor.py:186} INFO - Started process (PID=10496) to work on /home/airflow/.local/lib/python3.12/site-packages/airflow/example_dags/example_workday_timetable.py
[2026-08-12T05:57:26.839+0000] {processor.py:914} INFO - Processing file /home/airflow/.local/lib/python3.12/site-packages/airflow/example_dags/example_workday_timetable.py for tasks to queue
[2026-08-12T05:57:26.843+0000] {logging_mixin.py:190} INFO - [2026-08-12T05:57:26.843+0000] {dagbag.py:587} INFO - Filling up the DagBag from /home/airflow/.local/lib/python3.12/site-packages/airflow/example_dags/example_workday_timetable.py
[2026-08-12T05:57:26.852+0000] {processor.py:925} INFO - DAG(s) 'example_workday_timetable' retrieved from /home/airflow/.local/lib/python3.12/site-packages/airflow/example_dags/example_workday_timetable.py
[2026-08-12T05:57:27.073+0000] {logging_mixin.py:190} INFO - [2026-08-12T05:57:27.072+0000] {dag.py:3211} INFO - Sync 1 DAGs
[2026-08-12T05:57:27.129+0000] {logging_mixin.py:190} INFO - [2026-08-12T05:57:27.129+0000] {dag.py:4138} INFO - Setting next_dagrun for example_workday_timetable to 2021-01-04 00:00:00+00:00, run_after=2021-01-05 00:00:00+00:00
[2026-08-12T05:57:27.154+0000] {processor.py:208} INFO - Processing /home/airflow/.local/lib/python3.12/site-packages/airflow/example_dags/example_workday_timetable.py took 0.325 seconds
[2026-08-12T05:57:57.404+0000] {processor.py:186} INFO - Started process (PID=10555) to work on /home/airflow/.local/lib/python3.12/site-packages/airflow/example_dags/example_workday_timetable.py
[2026-08-12T05:57:57.407+0000] {processor.py:914} INFO - Processing file /home/airflow/.local/lib/python3.12/site-packages/airflow/example_dags/example_workday_timetable.py for tasks to queue
[2026-08-12T05:57:57.412+0000] {logging_mixin.py:190} INFO - [2026-08-12T05:57:57.411+0000] {dagbag.py:587} INFO - Filling up the DagBag from /home/airflow/.local/lib/python3.12/site-packages/airflow/example_dags/example_workday_timetable.py
[2026-08-12T05:57:57.420+0000] {processor.py:925} INFO - DAG(s) 'example_workday_timetable' retrieved from /home/airflow/.local/lib/python3.12/site-packages/airflow/example_dags/example_workday_timetable.py
[2026-08-12T05:57:57.446+0000] {logging_mixin.py:190} INFO - [2026-08-12T05:57:57.446+0000] {dag.py:3211} INFO - Sync 1 DAGs
[2026-08-12T05:57:57.510+0000] {logging_mixin.py:190} INFO - [2026-08-12T05:57:57.510+0000] {dag.py:4138} INFO - Setting next_dagrun for example_workday_timetable to 2021-01-04 00:00:00+00:00, run_after=2021-01-05 00:00:00+00:00
[2026-08-12T05:57:57.532+0000] {processor.py:208} INFO - Processing /home/airflow/.local/lib/python3.12/site-packages/airflow/example_dags/example_workday_timetable.py took 0.138 seconds
[2026-08-12T05:58:27.795+0000] {processor.py:186} INFO - Started process (PID=10618) to work on /home/airflow/.local/lib/python3.12/site-packages/airflow/example_dags/example_workday_timetable.py
[2026-08-12T05:58:27.799+0000] {processor.py:914} INFO - Processing file /home/airflow/.local/lib/python3.12/site-packages/airflow/example_dags/example_workday_timetable.py for tasks to queue
[2026-08-12T05:58:27.803+0000] {logging_mixin.py:190} INFO - [2026-08-12T05:58:27.803+0000] {dagbag.py:587} INFO - Filling up the DagBag from /home/airflow/.local/lib/python3.12/site-packages/airflow/example_dags/example_workday_timetable.py
[2026-08-12T05:58:27.813+0000] {processor.py:925} INFO - DAG(s) 'example_workday_timetable' retrieved from /home/airflow/.local/lib/python3.12/site-packages/airflow/example_dags/example_workday_timetable.py
[2026-08-12T05:58:27.846+0000] {logging_mixin.py:190} INFO - [2026-08-12T05:58:27.845+0000] {dag.py:3211} INFO - Sync 1 DAGs
[2026-08-12T05:58:27.910+0000] {logging_mixin.py:190} INFO - [2026-08-12T05:58:27.910+0000] {dag.py:4138} INFO - Setting next_dagrun for example_workday_timetable to 2021-01-04 00:00:00+00:00, run_after=2021-01-05 00:00:00+00:00
[2026-08-12T05:58:27.934+0000] {processor.py:208} INFO - Processing /home/airflow/.local/lib/python3.12/site-packages/airflow/example_dags/example_workday_timetable.py took 0.148 seconds
[2026-08-12T05:58:58.152+0000] {processor.py:186} INFO - Started process (PID=10681) to work on /home/airflow/.local/lib/python3.12/site-packages/airflow/example_dags/example_workday_timetable.py
[2026-08-12T05:58:58.158+0000] {processor.py:914} INFO - Processing file /home/airflow/.local/lib/python3.12/site-packages/airflow/example_dags/example_workday_timetable.py for tasks to queue
[2026-08-12T05:58:58.165+0000] {logging_mixin.py:190} INFO - [2026-08-12T05:58:58.164+0000] {dagbag.py:587} INFO - Filling up the DagBag from /home/airflow/.local/lib/python3.12/site-packages/airflow/example_dags/example_workday_timetable.py
[2026-08-12T05:58:58.178+0000] {processor.py:925} INFO - DAG(s) 'example_workday_timetable' retrieved from /home/airflow/.local/lib/python3.12/site-packages/airflow/example_dags/example_workday_timetable.py
[2026-08-12T05:58:58.207+0000] {logging_mixin.py:190} INFO - [2026-08-12T05:58:58.207+0000] {dag.py:3211} INFO - Sync 1 DAGs
[2026-08-12T05:58:58.264+0000] {logging_mixin.py:190} INFO - [2026-08-12T05:58:58.263+0000] {dag.py:4138} INFO - Setting next_dagrun for example_workday_timetable to 2021-01-04 00:00:00+00:00, run_after=2021-01-05 00:00:00+00:00
[2026-08-12T05:58:58.292+0000] {processor.py:208} INFO - Processing /home/airflow/.local/lib/python3.12/site-packages/airflow/example_dags/example_workday_timetable.py took 0.151 seconds
[2026-08-12T05:59:28.595+0000] {processor.py:186} INFO - Started process (PID=10744) to work on /home/airflow/.local/lib/python3.12/site-packages/airflow/example_dags/example_workday_timetable.py
[2026-08-12T05:59:28.599+0000] {processor.py:914} INFO - Processing file /home/airflow/.local/lib/python3.12/site-packages/airflow/example_dags/example_workday_timetable.py for tasks to queue
[2026-08-12T05:59:28.604+0000] {logging_mixin.py:190} INFO - [2026-08-12T05:59:28.604+0000] {dagbag.py:587} INFO - Filling up the DagBag from /home/airflow/.local/lib/python3.12/site-packages/airflow/example_dags/example_workday_timetable.py
[2026-08-12T05:59:28.618+0000] {processor.py:925} INFO - DAG(s) 'example_workday_timetable' retrieved from /home/airflow/.local/lib/python3.12/site-packages/airflow/example_dags/example_workday_timetable.py
[2026-08-12T05:59:28.651+0000] {logging_mixin.py:190} INFO - [2026-08-12T05:59:28.651+0000] {dag.py:3211} INFO - Sync 1 DAGs
[2026-08-12T05:59:28.729+0000] {logging_mixin.py:190} INFO - [2026-08-12T05:59:28.729+0000] {dag.py:4138} INFO - Setting next_dagrun for example_workday_timetable to 2021-01-04 00:00:00+00:00, run_after=2021-01-05 00:00:00+00:00
[2026-08-12T05:59:28.758+0000] {processor.py:208} INFO - Processing /home/airflow/.local/lib/python3.12/site-packages/airflow/example_dags/example_workday_timetable.py took 0.175 seconds
[2026-08-12T05:59:59.341+0000] {processor.py:186} INFO - Started process (PID=10807) to work on /home/airflow/.local/lib/python3.12/site-packages/airflow/example_dags/example_workday_timetable.py
[2026-08-12T05:59:59.343+0000] {processor.py:914} INFO - Processing file /home/airflow/.local/lib/python3.12/site-packages/airflow/example_dags/example_workday_timetable.py for tasks to queue
[2026-08-12T05:59:59.347+0000] {logging_mixin.py:190} INFO - [2026-08-12T05:59:59.347+0000] {dagbag.py:587} INFO - Filling up the DagBag from /home/airflow/.local/lib/python3.12/site-packages/airflow/example_dags/example_workday_timetable.py
[2026-08-12T05:59:59.354+0000] {processor.py:925} INFO - DAG(s) 'example_workday_timetable' retrieved from /home/airflow/.local/lib/python3.12/site-packages/airflow/example_dags/example_workday_timetable.py
[2026-08-12T05:59:59.378+0000] {logging_mixin.py:190} INFO - [2026-08-12T05:59:59.378+0000] {dag.py:3211} INFO - Sync 1 DAGs
[2026-08-12T05:59:59.452+0000] {logging_mixin.py:190} INFO - [2026-08-12T05:59:59.452+0000] {dag.py:4138} INFO - Setting next_dagrun for example_workday_timetable to 2021-01-04 00:00:00+00:00, run_after=2021-01-05 00:00:00+00:00
[2026-08-12T05:59:59.475+0000] {processor.py:208} INFO - Processing /home/airflow/.local/lib/python3.12/site-packages/airflow/example_dags/example_workday_timetable.py took 0.140 seconds
[2026-08-12T06:00:30.240+0000] {processor.py:186} INFO - Started process (PID=10870) to work on /home/airflow/.local/lib/python3.12/site-packages/airflow/example_dags/example_workday_timetable.py
[2026-08-12T06:00:30.243+0000] {processor.py:914} INFO - Processing file /home/airflow/.local/lib/python3.12/site-packages/airflow/example_dags/example_workday_timetable.py for tasks to queue
[2026-08-12T06:00:30.247+0000] {logging_mixin.py:190} INFO - [2026-08-12T06:00:30.247+0000] {dagbag.py:587} INFO - Filling up the DagBag from /home/airflow/.local/lib/python3.12/site-packages/airflow/example_dags/example_workday_timetable.py
[2026-08-12T06:00:30.256+0000] {processor.py:925} INFO - DAG(s) 'example_workday_timetable' retrieved from /home/airflow/.local/lib/python3.12/site-packages/airflow/example_dags/example_workday_timetable.py
[2026-08-12T06:00:30.290+0000] {logging_mixin.py:190} INFO - [2026-08-12T06:00:30.290+0000] {dag.py:3211} INFO - Sync 1 DAGs
[2026-08-12T06:00:30.361+0000] {logging_mixin.py:190} INFO - [2026-08-12T06:00:30.361+0000] {dag.py:4138} INFO - Setting next_dagrun for example_workday_timetable to 2021-01-04 00:00:00+00:00, run_after=2021-01-05 00:00:00+00:00
[2026-08-12T06:00:30.387+0000] {processor.py:208} INFO - Processing /home/airflow/.local/lib/python3.12/site-packages/airflow/example_dags/example_workday_timetable.py took 0.154 seconds
[2026-08-12T06:01:00.724+0000] {processor.py:186} INFO - Started process (PID=10933) to work on /home/airflow/.local/lib/python3.12/site-packages/airflow/example_dags/example_workday_timetable.py
[2026-08-12T06:01:00.727+0000] {processor.py:914} INFO - Processing file /home/airflow/.local/lib/python3.12/site-packages/airflow/example_dags/example_workday_timetable.py for tasks to queue
[2026-08-12T06:01:00.734+0000] {logging_mixin.py:190} INFO - [2026-08-12T06:01:00.733+0000] {dagbag.py:587} INFO - Filling up the DagBag from /home/airflow/.local/lib/python3.12/site-packages/airflow/example_dags/example_workday_timetable.py
[2026-08-12T06:01:00.746+0000] {processor.py:925} INFO - DAG(s) 'example_workday_timetable' retrieved from /home/airflow/.local/lib/python3.12/site-packages/airflow/example_dags/example_workday_timetable.py
[2026-08-12T06:01:00.771+0000] {logging_mixin.py:190} INFO - [2026-08-12T06:01:00.771+0000] {dag.py:3211} INFO - Sync 1 DAGs
[2026-08-12T06:01:00.836+0000] {logging_mixin.py:190} INFO - [2026-08-12T06:01:00.836+0000] {dag.py:4138} INFO - Setting next_dagrun for example_workday_timetable to 2021-01-04 00:00:00+00:00, run_after=2021-01-05 00:00:00+00:00
[2026-08-12T06:01:00.864+0000] {processor.py:208} INFO - Processing /home/airflow/.local/lib/python3.12/site-packages/airflow/example_dags/example_workday_timetable.py took 0.151 seconds
[2026-08-12T06:01:31.470+0000] {processor.py:186} INFO - Started process (PID=10996) to work on /home/airflow/.local/lib/python3.12/site-packages/airflow/example_dags/example_workday_timetable.py
[2026-08-12T06:01:31.473+0000] {processor.py:914} INFO - Processing file /home/airflow/.local/lib/python3.12/site-packages/airflow/example_dags/example_workday_timetable.py for tasks to queue
[2026-08-12T06:01:31.478+0000] {logging_mixin.py:190} INFO - [2026-08-12T06:01:31.478+0000] {dagbag.py:587} INFO - Filling up the DagBag from /home/airflow/.local/lib/python3.12/site-packages/airflow/example_dags/example_workday_timetable.py
[2026-08-12T06:01:31.493+0000] {processor.py:925} INFO - DAG(s) 'example_workday_timetable' retrieved from /home/airflow/.local/lib/python3.12/site-packages/airflow/example_dags/example_workday_timetable.py
[2026-08-12T06:01:31.524+0000] {logging_mixin.py:190} INFO - [2026-08-12T06:01:31.523+0000] {dag.py:3211} INFO - Sync 1 DAGs
[2026-08-12T06:01:31.596+0000] {logging_mixin.py:190} INFO - [2026-08-12T06:01:31.596+0000] {dag.py:4138} INFO - Setting next_dagrun for example_workday_timetable to 2021-01-04 00:00:00+00:00, run_after=2021-01-05 00:00:00+00:00
[2026-08-12T06:01:31.622+0000] {processor.py:208} INFO - Processing /home/airflow/.local/lib/python3.12/site-packages/airflow/example_dags/example_workday_timetable.py took 0.161 seconds
[2026-08-12T06:02:02.176+0000] {processor.py:186} INFO - Started process (PID=11059) to work on /home/airflow/.local/lib/python3.12/site-packages/airflow/example_dags/example_workday_timetable.py
[2026-08-12T06:02:02.179+0000] {processor.py:914} INFO - Processing file /home/airflow/.local/lib/python3.12/site-packages/airflow/example_dags/example_workday_timetable.py for tasks to queue
[2026-08-12T06:02:02.184+0000] {logging_mixin.py:190} INFO - [2026-08-12T06:02:02.183+0000] {dagbag.py:587} INFO - Filling up the DagBag from /home/airflow/.local/lib/python3.12/site-packages/airflow/example_dags/example_workday_timetable.py
[2026-08-12T06:02:02.193+0000] {processor.py:925} INFO - DAG(s) 'example_workday_timetable' retrieved from /home/airflow/.local/lib/python3.12/site-packages/airflow/example_dags/example_workday_timetable.py
[2026-08-12T06:02:02.221+0000] {logging_mixin.py:190} INFO - [2026-08-12T06:02:02.221+0000] {dag.py:3211} INFO - Sync 1 DAGs
[2026-08-12T06:02:02.311+0000] {logging_mixin.py:190} INFO - [2026-08-12T06:02:02.311+0000] {dag.py:4138} INFO - Setting next_dagrun for example_workday_timetable to 2021-01-04 00:00:00+00:00, run_after=2021-01-05 00:00:00+00:00
[2026-08-12T06:02:02.337+0000] {processor.py:208} INFO - Processing /home/airflow/.local/lib/python3.12/site-packages/airflow/example_dags/example_workday_timetable.py took 0.168 seconds
[2026-08-12T06:02:33.179+0000] {processor.py:186} INFO - Started process (PID=11122) to work on /home/airflow/.local/lib/python3.12/site-packages/airflow/example_dags/example_workday_timetable.py
[2026-08-12T06:02:33.182+0000] {processor.py:914} INFO - Processing file /home/airflow/.local/lib/python3.12/site-packages/airflow/example_dags/example_workday_timetable.py for tasks to queue
[2026-08-12T06:02:33.186+0000] {logging_mixin.py:190} INFO - [2026-08-12T06:02:33.186+0000] {dagbag.py:587} INFO - Filling up the DagBag from /home/airflow/.local/lib/python3.12/site-packages/airflow/example_dags/example_workday_timetable.py
[2026-08-12T06:02:33.194+0000] {processor.py:925} INFO - DAG(s) 'example_workday_timetable' retrieved from /home/airflow/.local/lib/python3.12/site-packages/airflow/example_dags/example_workday_timetable.py
[2026-08-12T06:02:33.218+0000] {logging_mixin.py:190} INFO - [2026-08-12T06:02:33.217+0000] {dag.py:3211} INFO - Sync 1 DAGs
[2026-08-12T06:02:33.280+0000] {logging_mixin.py:190} INFO - [2026-08-12T06:02:33.280+0000] {dag.py:4138} INFO - Setting next_dagrun for example_workday_timetable to 2021-01-04 00:00:00+00:00, run_after=2021-01-05 00:00:00+00:00
[2026-08-12T06:02:33.305+0000] {processor.py:208} INFO - Processing /home/airflow/.local/lib/python3.12/site-packages/airflow/example_dags/example_workday_timetable.py took 0.133 seconds
[2026-08-12T06:03:04.199+0000] {processor.py:186} INFO - Started process (PID=11185) to work on /home/airflow/.local/lib/python3.12/site-packages/airflow/example_dags/example_workday_timetable.py
[2026-08-12T06:03:04.203+0000] {processor.py:914} INFO - Processing file /home/airflow/.local/lib/python3.12/site-packages/airflow/example_dags/example_workday_timetable.py for tasks to queue
[2026-08-12T06:03:04.208+0000] {logging_mixin.py:190} INFO - [2026-08-12T06:03:04.207+0000] {dagbag.py:587} INFO - Filling up the DagBag from /home/airflow/.local/lib/python3.12/site-packages/airflow/example_dags/example_workday_timetable.py
[2026-08-12T06:03:04.220+0000] {processor.py:925} INFO - DAG(s) 'example_workday_timetable' retrieved from /home/airflow/.local/lib/python3.12/site-packages/airflow/example_dags/example_workday_timetable.py
[2026-08-12T06:03:04.262+0000] {logging_mixin.py:190} INFO - [2026-08-12T06:03:04.261+0000] {dag.py:3211} INFO - Sync 1 DAGs
[2026-08-12T06:03:04.383+0000] {logging_mixin.py:190} INFO - [2026-08-12T06:03:04.382+0000] {dag.py:4138} INFO - Setting next_dagrun for example_workday_timetable to 2021-01-04 00:00:00+00:00, run_after=2021-01-05 00:00:00+00:00
[2026-08-12T06:03:04.420+0000] {processor.py:208} INFO - Processing /home/airflow/.local/lib/python3.12/site-packages/airflow/example_dags/example_workday_timetable.py took 0.230 seconds
[2026-08-12T06:03:35.263+0000] {processor.py:186} INFO - Started process (PID=11248) to work on /home/airflow/.local/lib/python3.12/site-packages/airflow/example_dags/example_workday_timetable.py
[2026-08-12T06:03:35.265+0000] {processor.py:914} INFO - Processing file /home/airflow/.local/lib/python3.12/site-packages/airflow/example_dags/example_workday_timetable.py for tasks to queue
[2026-08-12T06:03:35.271+0000] {logging_mixin.py:190} INFO - [2026-08-12T06:03:35.270+0000] {dagbag.py:587} INFO - Filling up the DagBag from /home/airflow/.local/lib/python3.12/site-packages/airflow/example_dags/example_workday_timetable.py
[2026-08-12T06:03:35.282+0000] {processor.py:925} INFO - DAG(s) 'example_workday_timetable' retrieved from /home/airflow/.local/lib/python3.12/site-packages/airflow/example_dags/example_workday_timetable.py
[2026-08-12T06:03:35.317+0000] {logging_mixin.py:190} INFO - [2026-08-12T06:03:35.316+0000] {dag.py:3211} INFO - Sync 1 DAGs
[2026-08-12T06:03:35.449+0000] {logging_mixin.py:190} INFO - [2026-08-12T06:03:35.449+0000] {dag.py:4138} INFO - Setting next_dagrun for example_workday_timetable to 2021-01-04 00:00:00+00:00, run_after=2021-01-05 00:00:00+00:00
[2026-08-12T06:03:35.485+0000] {processor.py:208} INFO - Processing /home/airflow/.local/lib/python3.12/site-packages/airflow/example_dags/example_workday_timetable.py took 0.234 seconds
[2026-08-12T06:04:05.715+0000] {processor.py:186} INFO - Started process (PID=11312) to work on /home/airflow/.local/lib/python3.12/site-packages/airflow/example_dags/example_workday_timetable.py
[2026-08-12T06:04:05.718+0000] {processor.py:914} INFO - Processing file /home/airflow/.local/lib/python3.12/site-packages/airflow/example_dags/example_workday_timetable.py for tasks to queue
[2026-08-12T06:04:05.723+0000] {logging_mixin.py:190} INFO - [2026-08-12T06:04:05.722+0000] {dagbag.py:587} INFO - Filling up the DagBag from /home/airflow/.local/lib/python3.12/site-packages/airflow/example_dags/example_workday_timetable.py
[2026-08-12T06:04:05.732+0000] {processor.py:925} INFO - DAG(s) 'example_workday_timetable' retrieved from /home/airflow/.local/lib/python3.12/site-packages/airflow/example_dags/example_workday_timetable.py
[2026-08-12T06:04:05.766+0000] {logging_mixin.py:190} INFO - [2026-08-12T06:04:05.765+0000] {dag.py:3211} INFO - Sync 1 DAGs
[2026-08-12T06:04:05.864+0000] {logging_mixin.py:190} INFO - [2026-08-12T06:04:05.863+0000] {dag.py:4138} INFO - Setting next_dagrun for example_workday_timetable to 2021-01-04 00:00:00+00:00, run_after=2021-01-05 00:00:00+00:00
[2026-08-12T06:04:05.900+0000] {processor.py:208} INFO - Processing /home/airflow/.local/lib/python3.12/site-packages/airflow/example_dags/example_workday_timetable.py took 0.194 seconds
[2026-08-12T06:04:36.648+0000] {processor.py:186} INFO - Started process (PID=11375) to work on /home/airflow/.local/lib/python3.12/site-packages/airflow/example_dags/example_workday_timetable.py
[2026-08-12T06:04:36.651+0000] {processor.py:914} INFO - Processing file /home/airflow/.local/lib/python3.12/site-packages/airflow/example_dags/example_workday_timetable.py for tasks to queue
[2026-08-12T06:04:36.659+0000] {logging_mixin.py:190} INFO - [2026-08-12T06:04:36.659+0000] {dagbag.py:587} INFO - Filling up the DagBag from /home/airflow/.local/lib/python3.12/site-packages/airflow/example_dags/example_workday_timetable.py
[2026-08-12T06:04:36.673+0000] {processor.py:925} INFO - DAG(s) 'example_workday_timetable' retrieved from /home/airflow/.local/lib/python3.12/site-packages/airflow/example_dags/example_workday_timetable.py
[2026-08-12T06:04:36.724+0000] {logging_mixin.py:190} INFO - [2026-08-12T06:04:36.724+0000] {dag.py:3211} INFO - Sync 1 DAGs
[2026-08-12T06:04:36.847+0000] {logging_mixin.py:190} INFO - [2026-08-12T06:04:36.847+0000] {dag.py:4138} INFO - Setting next_dagrun for example_workday_timetable to 2021-01-04 00:00:00+00:00, run_after=2021-01-05 00:00:00+00:00
[2026-08-12T06:04:36.890+0000] {processor.py:208} INFO - Processing /home/airflow/.local/lib/python3.12/site-packages/airflow/example_dags/example_workday_timetable.py took 0.257 seconds
[2026-08-12T06:05:07.518+0000] {processor.py:186} INFO - Started process (PID=11438) to work on /home/airflow/.local/lib/python3.12/site-packages/airflow/example_dags/example_workday_timetable.py
[2026-08-12T06:05:07.522+0000] {processor.py:914} INFO - Processing file /home/airflow/.local/lib/python3.12/site-packages/airflow/example_dags/example_workday_timetable.py for tasks to queue
[2026-08-12T06:05:07.530+0000] {logging_mixin.py:190} INFO - [2026-08-12T06:05:07.529+0000] {dagbag.py:587} INFO - Filling up the DagBag from /home/airflow/.local/lib/python3.12/site-packages/airflow/example_dags/example_workday_timetable.py
[2026-08-12T06:05:07.542+0000] {processor.py:925} INFO - DAG(s) 'example_workday_timetable' retrieved from /home/airflow/.local/lib/python3.12/site-packages/airflow/example_dags/example_workday_timetable.py
[2026-08-12T06:05:07.581+0000] {logging_mixin.py:190} INFO - [2026-08-12T06:05:07.580+0000] {dag.py:3211} INFO - Sync 1 DAGs
[2026-08-12T06:05:07.668+0000] {logging_mixin.py:190} INFO - [2026-08-12T06:05:07.667+0000] {dag.py:4138} INFO - Setting next_dagrun for example_workday_timetable to 2021-01-04 00:00:00+00:00, run_after=2021-01-05 00:00:00+00:00
[2026-08-12T06:05:07.696+0000] {processor.py:208} INFO - Processing /home/airflow/.local/lib/python3.12/site-packages/airflow/example_dags/example_workday_timetable.py took 0.186 seconds
[2026-08-12T06:05:37.926+0000] {processor.py:186} INFO - Started process (PID=11502) to work on /home/airflow/.local/lib/python3.12/site-packages/airflow/example_dags/example_workday_timetable.py
[2026-08-12T06:05:37.928+0000] {processor.py:914} INFO - Processing file /home/airflow/.local/lib/python3.12/site-packages/airflow/example_dags/example_workday_timetable.py for tasks to queue
[2026-08-12T06:05:37.934+0000] {logging_mixin.py:190} INFO - [2026-08-12T06:05:37.933+0000] {dagbag.py:587} INFO - Filling up the DagBag from /home/airflow/.local/lib/python3.12/site-packages/airflow/example_dags/example_workday_timetable.py
[2026-08-12T06:05:37.949+0000] {processor.py:925} INFO - DAG(s) 'example_workday_timetable' retrieved from /home/airflow/.local/lib/python3.12/site-packages/airflow/example_dags/example_workday_timetable.py
[2026-08-12T06:05:37.996+0000] {logging_mixin.py:190} INFO - [2026-08-12T06:05:37.995+0000] {dag.py:3211} INFO - Sync 1 DAGs
[2026-08-12T06:05:38.080+0000] {logging_mixin.py:190} INFO - [2026-08-12T06:05:38.080+0000] {dag.py:4138} INFO - Setting next_dagrun for example_workday_timetable to 2021-01-04 00:00:00+00:00, run_after=2021-01-05 00:00:00+00:00
[2026-08-12T06:05:38.105+0000] {processor.py:208} INFO - Processing /home/airflow/.local/lib/python3.12/site-packages/airflow/example_dags/example_workday_timetable.py took 0.187 seconds
[2026-08-12T06:06:08.813+0000] {processor.py:186} INFO - Started process (PID=11572) to work on /home/airflow/.local/lib/python3.12/site-packages/airflow/example_dags/example_workday_timetable.py
[2026-08-12T06:06:08.815+0000] {processor.py:914} INFO - Processing file /home/airflow/.local/lib/python3.12/site-packages/airflow/example_dags/example_workday_timetable.py for tasks to queue
[2026-08-12T06:06:08.821+0000] {logging_mixin.py:190} INFO - [2026-08-12T06:06:08.820+0000] {dagbag.py:587} INFO - Filling up the DagBag from /home/airflow/.local/lib/python3.12/site-packages/airflow/example_dags/example_workday_timetable.py
[2026-08-12T06:06:08.831+0000] {processor.py:925} INFO - DAG(s) 'example_workday_timetable' retrieved from /home/airflow/.local/lib/python3.12/site-packages/airflow/example_dags/example_workday_timetable.py
[2026-08-12T06:06:08.859+0000] {logging_mixin.py:190} INFO - [2026-08-12T06:06:08.859+0000] {dag.py:3211} INFO - Sync 1 DAGs
[2026-08-12T06:06:08.931+0000] {logging_mixin.py:190} INFO - [2026-08-12T06:06:08.931+0000] {dag.py:4138} INFO - Setting next_dagrun for example_workday_timetable to 2021-01-04 00:00:00+00:00, run_after=2021-01-05 00:00:00+00:00
[2026-08-12T06:06:08.951+0000] {processor.py:208} INFO - Processing /home/airflow/.local/lib/python3.12/site-packages/airflow/example_dags/example_workday_timetable.py took 0.144 seconds
[2026-08-12T06:06:39.752+0000] {processor.py:186} INFO - Started process (PID=11635) to work on /home/airflow/.local/lib/python3.12/site-packages/airflow/example_dags/example_workday_timetable.py
[2026-08-12T06:06:39.755+0000] {processor.py:914} INFO - Processing file /home/airflow/.local/lib/python3.12/site-packages/airflow/example_dags/example_workday_timetable.py for tasks to queue
[2026-08-12T06:06:39.759+0000] {logging_mixin.py:190} INFO - [2026-08-12T06:06:39.759+0000] {dagbag.py:587} INFO - Filling up the DagBag from /home/airflow/.local/lib/python3.12/site-packages/airflow/example_dags/example_workday_timetable.py
[2026-08-12T06:06:39.768+0000] {processor.py:925} INFO - DAG(s) 'example_workday_timetable' retrieved from /home/airflow/.local/lib/python3.12/site-packages/airflow/example_dags/example_workday_timetable.py
[2026-08-12T06:06:39.800+0000] {logging_mixin.py:190} INFO - [2026-08-12T06:06:39.800+0000] {dag.py:3211} INFO - Sync 1 DAGs
[2026-08-12T06:06:39.876+0000] {logging_mixin.py:190} INFO - [2026-08-12T06:06:39.876+0000] {dag.py:4138} INFO - Setting next_dagrun for example_workday_timetable to 2021-01-04 00:00:00+00:00, run_after=2021-01-05 00:00:00+00:00
[2026-08-12T06:06:39.903+0000] {processor.py:208} INFO - Processing /home/airflow/.local/lib/python3.12/site-packages/airflow/example_dags/example_workday_timetable.py took 0.162 seconds
[2026-08-12T06:07:10.148+0000] {processor.py:186} INFO - Started process (PID=11699) to work on /home/airflow/.local/lib/python3.12/site-packages/airflow/example_dags/example_workday_timetable.py
[2026-08-12T06:07:10.150+0000] {processor.py:914} INFO - Processing file /home/airflow/.local/lib/python3.12/site-packages/airflow/example_dags/example_workday_timetable.py for tasks to queue
[2026-08-12T06:07:10.154+0000] {logging_mixin.py:190} INFO - [2026-08-12T06:07:10.154+0000] {dagbag.py:587} INFO - Filling up the DagBag from /home/airflow/.local/lib/python3.12/site-packages/airflow/example_dags/example_workday_timetable.py
[2026-08-12T06:07:10.162+0000] {processor.py:925} INFO - DAG(s) 'example_workday_timetable' retrieved from /home/airflow/.local/lib/python3.12/site-packages/airflow/example_dags/example_workday_timetable.py
[2026-08-12T06:07:10.185+0000] {logging_mixin.py:190} INFO - [2026-08-12T06:07:10.185+0000] {dag.py:3211} INFO - Sync 1 DAGs
[2026-08-12T06:07:10.243+0000] {logging_mixin.py:190} INFO - [2026-08-12T06:07:10.242+0000] {dag.py:4138} INFO - Setting next_dagrun for example_workday_timetable to 2021-01-04 00:00:00+00:00, run_after=2021-01-05 00:00:00+00:00
[2026-08-12T06:07:10.263+0000] {processor.py:208} INFO - Processing /home/airflow/.local/lib/python3.12/site-packages/airflow/example_dags/example_workday_timetable.py took 0.121 seconds
[2026-08-12T06:07:40.627+0000] {processor.py:186} INFO - Started process (PID=11763) to work on /home/airflow/.local/lib/python3.12/site-packages/airflow/example_dags/example_workday_timetable.py
[2026-08-12T06:07:40.629+0000] {processor.py:914} INFO - Processing file /home/airflow/.local/lib/python3.12/site-packages/airflow/example_dags/example_workday_timetable.py for tasks to queue
[2026-08-12T06:07:40.634+0000] {logging_mixin.py:190} INFO - [2026-08-12T06:07:40.633+0000] {dagbag.py:587} INFO - Filling up the DagBag from /home/airflow/.local/lib/python3.12/site-packages/airflow/example_dags/example_workday_timetable.py
[2026-08-12T06:07:40.644+0000] {processor.py:925} INFO - DAG(s) 'example_workday_timetable' retrieved from /home/airflow/.local/lib/python3.12/site-packages/airflow/example_dags/example_workday_timetable.py
[2026-08-12T06:07:40.675+0000] {logging_mixin.py:190} INFO - [2026-08-12T06:07:40.674+0000] {dag.py:3211} INFO - Sync 1 DAGs
[2026-08-12T06:07:40.736+0000] {logging_mixin.py:190} INFO - [2026-08-12T06:07:40.736+0000] {dag.py:4138} INFO - Setting next_dagrun for example_workday_timetable to 2021-01-04 00:00:00+00:00, run_after=2021-01-05 00:00:00+00:00
[2026-08-12T06:07:40.761+0000] {processor.py:208} INFO - Processing /home/airflow/.local/lib/python3.12/site-packages/airflow/example_dags/example_workday_timetable.py took 0.142 seconds
[2026-08-12T06:08:11.627+0000] {processor.py:186} INFO - Started process (PID=11826) to work on /home/airflow/.local/lib/python3.12/site-packages/airflow/example_dags/example_workday_timetable.py
[2026-08-12T06:08:11.629+0000] {processor.py:914} INFO - Processing file /home/airflow/.local/lib/python3.12/site-packages/airflow/example_dags/example_workday_timetable.py for tasks to queue
[2026-08-12T06:08:11.634+0000] {logging_mixin.py:190} INFO - [2026-08-12T06:08:11.633+0000] {dagbag.py:587} INFO - Filling up the DagBag from /home/airflow/.local/lib/python3.12/site-packages/airflow/example_dags/example_workday_timetable.py
[2026-08-12T06:08:11.642+0000] {processor.py:925} INFO - DAG(s) 'example_workday_timetable' retrieved from /home/airflow/.local/lib/python3.12/site-packages/airflow/example_dags/example_workday_timetable.py
[2026-08-12T06:08:11.673+0000] {logging_mixin.py:190} INFO - [2026-08-12T06:08:11.672+0000] {dag.py:3211} INFO - Sync 1 DAGs
[2026-08-12T06:08:11.747+0000] {logging_mixin.py:190} INFO - [2026-08-12T06:08:11.747+0000] {dag.py:4138} INFO - Setting next_dagrun for example_workday_timetable to 2021-01-04 00:00:00+00:00, run_after=2021-01-05 00:00:00+00:00
[2026-08-12T06:08:11.773+0000] {processor.py:208} INFO - Processing /home/airflow/.local/lib/python3.12/site-packages/airflow/example_dags/example_workday_timetable.py took 0.154 seconds
[2026-08-12T06:08:42.102+0000] {processor.py:186} INFO - Started process (PID=11890) to work on /home/airflow/.local/lib/python3.12/site-packages/airflow/example_dags/example_workday_timetable.py
[2026-08-12T06:08:42.104+0000] {processor.py:914} INFO - Processing file /home/airflow/.local/lib/python3.12/site-packages/airflow/example_dags/example_workday_timetable.py for tasks to queue
[2026-08-12T06:08:42.107+0000] {logging_mixin.py:190} INFO - [2026-08-12T06:08:42.107+0000] {dagbag.py:587} INFO - Filling up the DagBag from /home/airflow/.local/lib/python3.12/site-packages/airflow/example_dags/example_workday_timetable.py
[2026-08-12T06:08:42.115+0000] {processor.py:925} INFO - DAG(s) 'example_workday_timetable' retrieved from /home/airflow/.local/lib/python3.12/site-packages/airflow/example_dags/example_workday_timetable.py
[2026-08-12T06:08:42.138+0000] {logging_mixin.py:190} INFO - [2026-08-12T06:08:42.137+0000] {dag.py:3211} INFO - Sync 1 DAGs
[2026-08-12T06:08:42.195+0000] {logging_mixin.py:190} INFO - [2026-08-12T06:08:42.195+0000] {dag.py:4138} INFO - Setting next_dagrun for example_workday_timetable to 2021-01-04 00:00:00+00:00, run_after=2021-01-05 00:00:00+00:00
[2026-08-12T06:08:42.219+0000] {processor.py:208} INFO - Processing /home/airflow/.local/lib/python3.12/site-packages/airflow/example_dags/example_workday_timetable.py took 0.123 seconds
[2026-08-12T06:09:12.489+0000] {processor.py:186} INFO - Started process (PID=11953) to work on /home/airflow/.local/lib/python3.12/site-packages/airflow/example_dags/example_workday_timetable.py
[2026-08-12T06:09:12.492+0000] {processor.py:914} INFO - Processing file /home/airflow/.local/lib/python3.12/site-packages/airflow/example_dags/example_workday_timetable.py for tasks to queue
[2026-08-12T06:09:12.498+0000] {logging_mixin.py:190} INFO - [2026-08-12T06:09:12.497+0000] {dagbag.py:587} INFO - Filling up the DagBag from /home/airflow/.local/lib/python3.12/site-packages/airflow/example_dags/example_workday_timetable.py
[2026-08-12T06:09:12.507+0000] {processor.py:925} INFO - DAG(s) 'example_workday_timetable' retrieved from /home/airflow/.local/lib/python3.12/site-packages/airflow/example_dags/example_workday_timetable.py
[2026-08-12T06:09:12.543+0000] {logging_mixin.py:190} INFO - [2026-08-12T06:09:12.542+0000] {dag.py:3211} INFO - Sync 1 DAGs
[2026-08-12T06:09:12.626+0000] {logging_mixin.py:190} INFO - [2026-08-12T06:09:12.626+0000] {dag.py:4138} INFO - Setting next_dagrun for example_workday_timetable to 2021-01-04 00:00:00+00:00, run_after=2021-01-05 00:00:00+00:00
[2026-08-12T06:09:12.657+0000] {processor.py:208} INFO - Processing /home/airflow/.local/lib/python3.12/site-packages/airflow/example_dags/example_workday_timetable.py took 0.175 seconds
[2026-08-12T06:09:43.341+0000] {processor.py:186} INFO - Started process (PID=12015) to work on /home/airflow/.local/lib/python3.12/site-packages/airflow/example_dags/example_workday_timetable.py
[2026-08-12T06:09:43.343+0000] {processor.py:914} INFO - Processing file /home/airflow/.local/lib/python3.12/site-packages/airflow/example_dags/example_workday_timetable.py for tasks to queue
[2026-08-12T06:09:43.349+0000] {logging_mixin.py:190} INFO - [2026-08-12T06:09:43.348+0000] {dagbag.py:587} INFO - Filling up the DagBag from /home/airflow/.local/lib/python3.12/site-packages/airflow/example_dags/example_workday_timetable.py
[2026-08-12T06:09:43.363+0000] {processor.py:925} INFO - DAG(s) 'example_workday_timetable' retrieved from /home/airflow/.local/lib/python3.12/site-packages/airflow/example_dags/example_workday_timetable.py
[2026-08-12T06:09:43.391+0000] {logging_mixin.py:190} INFO - [2026-08-12T06:09:43.391+0000] {dag.py:3211} INFO - Sync 1 DAGs
[2026-08-12T06:09:43.461+0000] {logging_mixin.py:190} INFO - [2026-08-12T06:09:43.461+0000] {dag.py:4138} INFO - Setting next_dagrun for example_workday_timetable to 2021-01-04 00:00:00+00:00, run_after=2021-01-05 00:00:00+00:00
[2026-08-12T06:09:43.483+0000] {processor.py:208} INFO - Processing /home/airflow/.local/lib/python3.12/site-packages/airflow/example_dags/example_workday_timetable.py took 0.150 seconds
[2026-08-12T06:10:13.980+0000] {processor.py:186} INFO - Started process (PID=12078) to work on /home/airflow/.local/lib/python3.12/site-packages/airflow/example_dags/example_workday_timetable.py
[2026-08-12T06:10:13.982+0000] {processor.py:914} INFO - Processing file /home/airflow/.local/lib/python3.12/site-packages/airflow/example_dags/example_workday_timetable.py for tasks to queue
[2026-08-12T06:10:13.988+0000] {logging_mixin.py:190} INFO - [2026-08-12T06:10:13.987+0000] {dagbag.py:587} INFO - Filling up the DagBag from /home/airflow/.local/lib/python3.12/site-packages/airflow/example_dags/example_workday_timetable.py
[2026-08-12T06:10:13.996+0000] {processor.py:925} INFO - DAG(s) 'example_workday_timetable' retrieved from /home/airflow/.local/lib/python3.12/site-packages/airflow/example_dags/example_workday_timetable.py
[2026-08-12T06:10:14.022+0000] {logging_mixin.py:190} INFO - [2026-08-12T06:10:14.022+0000] {dag.py:3211} INFO - Sync 1 DAGs
[2026-08-12T06:10:14.079+0000] {logging_mixin.py:190} INFO - [2026-08-12T06:10:14.079+0000] {dag.py:4138} INFO - Setting next_dagrun for example_workday_timetable to 2021-01-04 00:00:00+00:00, run_after=2021-01-05 00:00:00+00:00
[2026-08-12T06:10:14.105+0000] {processor.py:208} INFO - Processing /home/airflow/.local/lib/python3.12/site-packages/airflow/example_dags/example_workday_timetable.py took 0.131 seconds
