[2026-08-12T04:31:06.699+0000] {processor.py:186} INFO - Started process (PID=88) to work on /home/airflow/.local/lib/python3.12/site-packages/airflow/example_dags/example_sensor_decorator.py
[2026-08-12T04:31:06.702+0000] {processor.py:914} INFO - Processing file /home/airflow/.local/lib/python3.12/site-packages/airflow/example_dags/example_sensor_decorator.py for tasks to queue
[2026-08-12T04:31:06.707+0000] {logging_mixin.py:190} INFO - [2026-08-12T04:31:06.706+0000] {dagbag.py:587} INFO - Filling up the DagBag from /home/airflow/.local/lib/python3.12/site-packages/airflow/example_dags/example_sensor_decorator.py
[2026-08-12T04:31:06.727+0000] {processor.py:925} INFO - DAG(s) 'example_sensor_decorator' retrieved from /home/airflow/.local/lib/python3.12/site-packages/airflow/example_dags/example_sensor_decorator.py
[2026-08-12T04:31:07.006+0000] {logging_mixin.py:190} INFO - [2026-08-12T04:31:07.005+0000] {override.py:1858} INFO - Created Permission View: can delete on DAG:example_sensor_decorator
[2026-08-12T04:31:07.022+0000] {logging_mixin.py:190} INFO - [2026-08-12T04:31:07.021+0000] {override.py:1858} INFO - Created Permission View: can read on DAG:example_sensor_decorator
[2026-08-12T04:31:07.034+0000] {logging_mixin.py:190} INFO - [2026-08-12T04:31:07.034+0000] {override.py:1858} INFO - Created Permission View: can edit on DAG:example_sensor_decorator
[2026-08-12T04:31:07.036+0000] {logging_mixin.py:190} INFO - [2026-08-12T04:31:07.036+0000] {dag.py:3211} INFO - Sync 1 DAGs
[2026-08-12T04:31:07.071+0000] {logging_mixin.py:190} INFO - [2026-08-12T04:31:07.071+0000] {dag.py:3234} INFO - Creating ORM DAG for example_sensor_decorator
[2026-08-12T04:31:07.074+0000] {logging_mixin.py:190} INFO - [2026-08-12T04:31:07.074+0000] {dag.py:4138} INFO - Setting next_dagrun for example_sensor_decorator to None, run_after=None
[2026-08-12T04:31:07.099+0000] {processor.py:208} INFO - Processing /home/airflow/.local/lib/python3.12/site-packages/airflow/example_dags/example_sensor_decorator.py took 0.408 seconds
[2026-08-12T04:31:37.328+0000] {processor.py:186} INFO - Started process (PID=150) to work on /home/airflow/.local/lib/python3.12/site-packages/airflow/example_dags/example_sensor_decorator.py
[2026-08-12T04:31:37.330+0000] {processor.py:914} INFO - Processing file /home/airflow/.local/lib/python3.12/site-packages/airflow/example_dags/example_sensor_decorator.py for tasks to queue
[2026-08-12T04:31:37.334+0000] {logging_mixin.py:190} INFO - [2026-08-12T04:31:37.333+0000] {dagbag.py:587} INFO - Filling up the DagBag from /home/airflow/.local/lib/python3.12/site-packages/airflow/example_dags/example_sensor_decorator.py
[2026-08-12T04:31:37.344+0000] {processor.py:925} INFO - DAG(s) 'example_sensor_decorator' retrieved from /home/airflow/.local/lib/python3.12/site-packages/airflow/example_dags/example_sensor_decorator.py
[2026-08-12T04:31:37.367+0000] {logging_mixin.py:190} INFO - [2026-08-12T04:31:37.367+0000] {dag.py:3211} INFO - Sync 1 DAGs
[2026-08-12T04:31:37.384+0000] {logging_mixin.py:190} INFO - [2026-08-12T04:31:37.384+0000] {dag.py:4138} INFO - Setting next_dagrun for example_sensor_decorator to None, run_after=None
[2026-08-12T04:31:37.405+0000] {processor.py:208} INFO - Processing /home/airflow/.local/lib/python3.12/site-packages/airflow/example_dags/example_sensor_decorator.py took 0.083 seconds
[2026-08-12T04:32:55.377+0000] {processor.py:186} INFO - Started process (PID=82) to work on /home/airflow/.local/lib/python3.12/site-packages/airflow/example_dags/example_sensor_decorator.py
[2026-08-12T04:32:55.382+0000] {processor.py:914} INFO - Processing file /home/airflow/.local/lib/python3.12/site-packages/airflow/example_dags/example_sensor_decorator.py for tasks to queue
[2026-08-12T04:32:55.391+0000] {logging_mixin.py:190} INFO - [2026-08-12T04:32:55.390+0000] {dagbag.py:587} INFO - Filling up the DagBag from /home/airflow/.local/lib/python3.12/site-packages/airflow/example_dags/example_sensor_decorator.py
[2026-08-12T04:32:55.445+0000] {processor.py:925} INFO - DAG(s) 'example_sensor_decorator' retrieved from /home/airflow/.local/lib/python3.12/site-packages/airflow/example_dags/example_sensor_decorator.py
[2026-08-12T04:32:55.571+0000] {logging_mixin.py:190} INFO - [2026-08-12T04:32:55.566+0000] {dag.py:3211} INFO - Sync 1 DAGs
[2026-08-12T04:32:55.647+0000] {logging_mixin.py:190} INFO - [2026-08-12T04:32:55.646+0000] {dag.py:4138} INFO - Setting next_dagrun for example_sensor_decorator to None, run_after=None
[2026-08-12T04:32:55.723+0000] {processor.py:208} INFO - Processing /home/airflow/.local/lib/python3.12/site-packages/airflow/example_dags/example_sensor_decorator.py took 0.364 seconds
[2026-08-12T04:33:26.232+0000] {processor.py:186} INFO - Started process (PID=144) to work on /home/airflow/.local/lib/python3.12/site-packages/airflow/example_dags/example_sensor_decorator.py
[2026-08-12T04:33:26.234+0000] {processor.py:914} INFO - Processing file /home/airflow/.local/lib/python3.12/site-packages/airflow/example_dags/example_sensor_decorator.py for tasks to queue
[2026-08-12T04:33:26.239+0000] {logging_mixin.py:190} INFO - [2026-08-12T04:33:26.238+0000] {dagbag.py:587} INFO - Filling up the DagBag from /home/airflow/.local/lib/python3.12/site-packages/airflow/example_dags/example_sensor_decorator.py
[2026-08-12T04:33:26.249+0000] {processor.py:925} INFO - DAG(s) 'example_sensor_decorator' retrieved from /home/airflow/.local/lib/python3.12/site-packages/airflow/example_dags/example_sensor_decorator.py
[2026-08-12T04:33:26.276+0000] {logging_mixin.py:190} INFO - [2026-08-12T04:33:26.275+0000] {dag.py:3211} INFO - Sync 1 DAGs
[2026-08-12T04:33:26.293+0000] {logging_mixin.py:190} INFO - [2026-08-12T04:33:26.293+0000] {dag.py:4138} INFO - Setting next_dagrun for example_sensor_decorator to None, run_after=None
[2026-08-12T04:33:26.319+0000] {processor.py:208} INFO - Processing /home/airflow/.local/lib/python3.12/site-packages/airflow/example_dags/example_sensor_decorator.py took 0.093 seconds
[2026-08-12T04:33:56.959+0000] {processor.py:186} INFO - Started process (PID=206) to work on /home/airflow/.local/lib/python3.12/site-packages/airflow/example_dags/example_sensor_decorator.py
[2026-08-12T04:33:56.962+0000] {processor.py:914} INFO - Processing file /home/airflow/.local/lib/python3.12/site-packages/airflow/example_dags/example_sensor_decorator.py for tasks to queue
[2026-08-12T04:33:56.968+0000] {logging_mixin.py:190} INFO - [2026-08-12T04:33:56.967+0000] {dagbag.py:587} INFO - Filling up the DagBag from /home/airflow/.local/lib/python3.12/site-packages/airflow/example_dags/example_sensor_decorator.py
[2026-08-12T04:33:56.985+0000] {processor.py:925} INFO - DAG(s) 'example_sensor_decorator' retrieved from /home/airflow/.local/lib/python3.12/site-packages/airflow/example_dags/example_sensor_decorator.py
[2026-08-12T04:33:57.014+0000] {logging_mixin.py:190} INFO - [2026-08-12T04:33:57.014+0000] {dag.py:3211} INFO - Sync 1 DAGs
[2026-08-12T04:33:57.033+0000] {logging_mixin.py:190} INFO - [2026-08-12T04:33:57.033+0000] {dag.py:4138} INFO - Setting next_dagrun for example_sensor_decorator to None, run_after=None
[2026-08-12T04:33:57.058+0000] {processor.py:208} INFO - Processing /home/airflow/.local/lib/python3.12/site-packages/airflow/example_dags/example_sensor_decorator.py took 0.107 seconds
[2026-08-12T04:34:27.184+0000] {processor.py:186} INFO - Started process (PID=268) to work on /home/airflow/.local/lib/python3.12/site-packages/airflow/example_dags/example_sensor_decorator.py
[2026-08-12T04:34:27.186+0000] {processor.py:914} INFO - Processing file /home/airflow/.local/lib/python3.12/site-packages/airflow/example_dags/example_sensor_decorator.py for tasks to queue
[2026-08-12T04:34:27.190+0000] {logging_mixin.py:190} INFO - [2026-08-12T04:34:27.190+0000] {dagbag.py:587} INFO - Filling up the DagBag from /home/airflow/.local/lib/python3.12/site-packages/airflow/example_dags/example_sensor_decorator.py
[2026-08-12T04:34:27.199+0000] {processor.py:925} INFO - DAG(s) 'example_sensor_decorator' retrieved from /home/airflow/.local/lib/python3.12/site-packages/airflow/example_dags/example_sensor_decorator.py
[2026-08-12T04:34:27.224+0000] {logging_mixin.py:190} INFO - [2026-08-12T04:34:27.224+0000] {dag.py:3211} INFO - Sync 1 DAGs
[2026-08-12T04:34:27.241+0000] {logging_mixin.py:190} INFO - [2026-08-12T04:34:27.241+0000] {dag.py:4138} INFO - Setting next_dagrun for example_sensor_decorator to None, run_after=None
[2026-08-12T04:34:27.267+0000] {processor.py:208} INFO - Processing /home/airflow/.local/lib/python3.12/site-packages/airflow/example_dags/example_sensor_decorator.py took 0.090 seconds
[2026-08-12T04:34:57.439+0000] {processor.py:186} INFO - Started process (PID=330) to work on /home/airflow/.local/lib/python3.12/site-packages/airflow/example_dags/example_sensor_decorator.py
[2026-08-12T04:34:57.443+0000] {processor.py:914} INFO - Processing file /home/airflow/.local/lib/python3.12/site-packages/airflow/example_dags/example_sensor_decorator.py for tasks to queue
[2026-08-12T04:34:57.448+0000] {logging_mixin.py:190} INFO - [2026-08-12T04:34:57.448+0000] {dagbag.py:587} INFO - Filling up the DagBag from /home/airflow/.local/lib/python3.12/site-packages/airflow/example_dags/example_sensor_decorator.py
[2026-08-12T04:34:57.459+0000] {processor.py:925} INFO - DAG(s) 'example_sensor_decorator' retrieved from /home/airflow/.local/lib/python3.12/site-packages/airflow/example_dags/example_sensor_decorator.py
[2026-08-12T04:34:57.484+0000] {logging_mixin.py:190} INFO - [2026-08-12T04:34:57.484+0000] {dag.py:3211} INFO - Sync 1 DAGs
[2026-08-12T04:34:57.501+0000] {logging_mixin.py:190} INFO - [2026-08-12T04:34:57.500+0000] {dag.py:4138} INFO - Setting next_dagrun for example_sensor_decorator to None, run_after=None
[2026-08-12T04:34:57.527+0000] {processor.py:208} INFO - Processing /home/airflow/.local/lib/python3.12/site-packages/airflow/example_dags/example_sensor_decorator.py took 0.094 seconds
[2026-08-12T04:35:28.328+0000] {processor.py:186} INFO - Started process (PID=392) to work on /home/airflow/.local/lib/python3.12/site-packages/airflow/example_dags/example_sensor_decorator.py
[2026-08-12T04:35:28.331+0000] {processor.py:914} INFO - Processing file /home/airflow/.local/lib/python3.12/site-packages/airflow/example_dags/example_sensor_decorator.py for tasks to queue
[2026-08-12T04:35:28.336+0000] {logging_mixin.py:190} INFO - [2026-08-12T04:35:28.335+0000] {dagbag.py:587} INFO - Filling up the DagBag from /home/airflow/.local/lib/python3.12/site-packages/airflow/example_dags/example_sensor_decorator.py
[2026-08-12T04:35:28.347+0000] {processor.py:925} INFO - DAG(s) 'example_sensor_decorator' retrieved from /home/airflow/.local/lib/python3.12/site-packages/airflow/example_dags/example_sensor_decorator.py
[2026-08-12T04:35:28.390+0000] {logging_mixin.py:190} INFO - [2026-08-12T04:35:28.390+0000] {dag.py:3211} INFO - Sync 1 DAGs
[2026-08-12T04:35:28.416+0000] {logging_mixin.py:190} INFO - [2026-08-12T04:35:28.416+0000] {dag.py:4138} INFO - Setting next_dagrun for example_sensor_decorator to None, run_after=None
[2026-08-12T04:35:28.455+0000] {processor.py:208} INFO - Processing /home/airflow/.local/lib/python3.12/site-packages/airflow/example_dags/example_sensor_decorator.py took 0.133 seconds
[2026-08-12T04:35:58.542+0000] {processor.py:186} INFO - Started process (PID=454) to work on /home/airflow/.local/lib/python3.12/site-packages/airflow/example_dags/example_sensor_decorator.py
[2026-08-12T04:35:58.544+0000] {processor.py:914} INFO - Processing file /home/airflow/.local/lib/python3.12/site-packages/airflow/example_dags/example_sensor_decorator.py for tasks to queue
[2026-08-12T04:35:58.548+0000] {logging_mixin.py:190} INFO - [2026-08-12T04:35:58.547+0000] {dagbag.py:587} INFO - Filling up the DagBag from /home/airflow/.local/lib/python3.12/site-packages/airflow/example_dags/example_sensor_decorator.py
[2026-08-12T04:35:58.558+0000] {processor.py:925} INFO - DAG(s) 'example_sensor_decorator' retrieved from /home/airflow/.local/lib/python3.12/site-packages/airflow/example_dags/example_sensor_decorator.py
[2026-08-12T04:35:58.583+0000] {logging_mixin.py:190} INFO - [2026-08-12T04:35:58.583+0000] {dag.py:3211} INFO - Sync 1 DAGs
[2026-08-12T04:35:58.598+0000] {logging_mixin.py:190} INFO - [2026-08-12T04:35:58.598+0000] {dag.py:4138} INFO - Setting next_dagrun for example_sensor_decorator to None, run_after=None
[2026-08-12T04:35:58.625+0000] {processor.py:208} INFO - Processing /home/airflow/.local/lib/python3.12/site-packages/airflow/example_dags/example_sensor_decorator.py took 0.090 seconds
[2026-08-12T04:36:28.879+0000] {processor.py:186} INFO - Started process (PID=516) to work on /home/airflow/.local/lib/python3.12/site-packages/airflow/example_dags/example_sensor_decorator.py
[2026-08-12T04:36:28.882+0000] {processor.py:914} INFO - Processing file /home/airflow/.local/lib/python3.12/site-packages/airflow/example_dags/example_sensor_decorator.py for tasks to queue
[2026-08-12T04:36:28.888+0000] {logging_mixin.py:190} INFO - [2026-08-12T04:36:28.887+0000] {dagbag.py:587} INFO - Filling up the DagBag from /home/airflow/.local/lib/python3.12/site-packages/airflow/example_dags/example_sensor_decorator.py
[2026-08-12T04:36:28.898+0000] {processor.py:925} INFO - DAG(s) 'example_sensor_decorator' retrieved from /home/airflow/.local/lib/python3.12/site-packages/airflow/example_dags/example_sensor_decorator.py
[2026-08-12T04:36:28.923+0000] {logging_mixin.py:190} INFO - [2026-08-12T04:36:28.923+0000] {dag.py:3211} INFO - Sync 1 DAGs
[2026-08-12T04:36:28.942+0000] {logging_mixin.py:190} INFO - [2026-08-12T04:36:28.941+0000] {dag.py:4138} INFO - Setting next_dagrun for example_sensor_decorator to None, run_after=None
[2026-08-12T04:36:28.963+0000] {processor.py:208} INFO - Processing /home/airflow/.local/lib/python3.12/site-packages/airflow/example_dags/example_sensor_decorator.py took 0.091 seconds
[2026-08-12T04:36:59.545+0000] {processor.py:186} INFO - Started process (PID=578) to work on /home/airflow/.local/lib/python3.12/site-packages/airflow/example_dags/example_sensor_decorator.py
[2026-08-12T04:36:59.548+0000] {processor.py:914} INFO - Processing file /home/airflow/.local/lib/python3.12/site-packages/airflow/example_dags/example_sensor_decorator.py for tasks to queue
[2026-08-12T04:36:59.554+0000] {logging_mixin.py:190} INFO - [2026-08-12T04:36:59.554+0000] {dagbag.py:587} INFO - Filling up the DagBag from /home/airflow/.local/lib/python3.12/site-packages/airflow/example_dags/example_sensor_decorator.py
[2026-08-12T04:36:59.565+0000] {processor.py:925} INFO - DAG(s) 'example_sensor_decorator' retrieved from /home/airflow/.local/lib/python3.12/site-packages/airflow/example_dags/example_sensor_decorator.py
[2026-08-12T04:36:59.592+0000] {logging_mixin.py:190} INFO - [2026-08-12T04:36:59.592+0000] {dag.py:3211} INFO - Sync 1 DAGs
[2026-08-12T04:36:59.612+0000] {logging_mixin.py:190} INFO - [2026-08-12T04:36:59.611+0000] {dag.py:4138} INFO - Setting next_dagrun for example_sensor_decorator to None, run_after=None
[2026-08-12T04:36:59.637+0000] {processor.py:208} INFO - Processing /home/airflow/.local/lib/python3.12/site-packages/airflow/example_dags/example_sensor_decorator.py took 0.099 seconds
[2026-08-12T04:37:29.995+0000] {processor.py:186} INFO - Started process (PID=640) to work on /home/airflow/.local/lib/python3.12/site-packages/airflow/example_dags/example_sensor_decorator.py
[2026-08-12T04:37:29.998+0000] {processor.py:914} INFO - Processing file /home/airflow/.local/lib/python3.12/site-packages/airflow/example_dags/example_sensor_decorator.py for tasks to queue
[2026-08-12T04:37:30.002+0000] {logging_mixin.py:190} INFO - [2026-08-12T04:37:30.001+0000] {dagbag.py:587} INFO - Filling up the DagBag from /home/airflow/.local/lib/python3.12/site-packages/airflow/example_dags/example_sensor_decorator.py
[2026-08-12T04:37:30.014+0000] {processor.py:925} INFO - DAG(s) 'example_sensor_decorator' retrieved from /home/airflow/.local/lib/python3.12/site-packages/airflow/example_dags/example_sensor_decorator.py
[2026-08-12T04:37:30.038+0000] {logging_mixin.py:190} INFO - [2026-08-12T04:37:30.038+0000] {dag.py:3211} INFO - Sync 1 DAGs
[2026-08-12T04:37:30.054+0000] {logging_mixin.py:190} INFO - [2026-08-12T04:37:30.053+0000] {dag.py:4138} INFO - Setting next_dagrun for example_sensor_decorator to None, run_after=None
[2026-08-12T04:37:30.076+0000] {processor.py:208} INFO - Processing /home/airflow/.local/lib/python3.12/site-packages/airflow/example_dags/example_sensor_decorator.py took 0.087 seconds
[2026-08-12T04:38:00.426+0000] {processor.py:186} INFO - Started process (PID=702) to work on /home/airflow/.local/lib/python3.12/site-packages/airflow/example_dags/example_sensor_decorator.py
[2026-08-12T04:38:00.429+0000] {processor.py:914} INFO - Processing file /home/airflow/.local/lib/python3.12/site-packages/airflow/example_dags/example_sensor_decorator.py for tasks to queue
[2026-08-12T04:38:00.433+0000] {logging_mixin.py:190} INFO - [2026-08-12T04:38:00.433+0000] {dagbag.py:587} INFO - Filling up the DagBag from /home/airflow/.local/lib/python3.12/site-packages/airflow/example_dags/example_sensor_decorator.py
[2026-08-12T04:38:00.444+0000] {processor.py:925} INFO - DAG(s) 'example_sensor_decorator' retrieved from /home/airflow/.local/lib/python3.12/site-packages/airflow/example_dags/example_sensor_decorator.py
[2026-08-12T04:38:00.468+0000] {logging_mixin.py:190} INFO - [2026-08-12T04:38:00.468+0000] {dag.py:3211} INFO - Sync 1 DAGs
[2026-08-12T04:38:00.485+0000] {logging_mixin.py:190} INFO - [2026-08-12T04:38:00.484+0000] {dag.py:4138} INFO - Setting next_dagrun for example_sensor_decorator to None, run_after=None
[2026-08-12T04:38:00.514+0000] {processor.py:208} INFO - Processing /home/airflow/.local/lib/python3.12/site-packages/airflow/example_dags/example_sensor_decorator.py took 0.094 seconds
[2026-08-12T04:38:30.555+0000] {processor.py:186} INFO - Started process (PID=764) to work on /home/airflow/.local/lib/python3.12/site-packages/airflow/example_dags/example_sensor_decorator.py
[2026-08-12T04:38:30.558+0000] {processor.py:914} INFO - Processing file /home/airflow/.local/lib/python3.12/site-packages/airflow/example_dags/example_sensor_decorator.py for tasks to queue
[2026-08-12T04:38:30.561+0000] {logging_mixin.py:190} INFO - [2026-08-12T04:38:30.561+0000] {dagbag.py:587} INFO - Filling up the DagBag from /home/airflow/.local/lib/python3.12/site-packages/airflow/example_dags/example_sensor_decorator.py
[2026-08-12T04:38:30.574+0000] {processor.py:925} INFO - DAG(s) 'example_sensor_decorator' retrieved from /home/airflow/.local/lib/python3.12/site-packages/airflow/example_dags/example_sensor_decorator.py
[2026-08-12T04:38:30.597+0000] {logging_mixin.py:190} INFO - [2026-08-12T04:38:30.597+0000] {dag.py:3211} INFO - Sync 1 DAGs
[2026-08-12T04:38:30.613+0000] {logging_mixin.py:190} INFO - [2026-08-12T04:38:30.613+0000] {dag.py:4138} INFO - Setting next_dagrun for example_sensor_decorator to None, run_after=None
[2026-08-12T04:38:30.635+0000] {processor.py:208} INFO - Processing /home/airflow/.local/lib/python3.12/site-packages/airflow/example_dags/example_sensor_decorator.py took 0.085 seconds
[2026-08-12T04:39:00.961+0000] {processor.py:186} INFO - Started process (PID=826) to work on /home/airflow/.local/lib/python3.12/site-packages/airflow/example_dags/example_sensor_decorator.py
[2026-08-12T04:39:00.964+0000] {processor.py:914} INFO - Processing file /home/airflow/.local/lib/python3.12/site-packages/airflow/example_dags/example_sensor_decorator.py for tasks to queue
[2026-08-12T04:39:00.969+0000] {logging_mixin.py:190} INFO - [2026-08-12T04:39:00.968+0000] {dagbag.py:587} INFO - Filling up the DagBag from /home/airflow/.local/lib/python3.12/site-packages/airflow/example_dags/example_sensor_decorator.py
[2026-08-12T04:39:00.984+0000] {processor.py:925} INFO - DAG(s) 'example_sensor_decorator' retrieved from /home/airflow/.local/lib/python3.12/site-packages/airflow/example_dags/example_sensor_decorator.py
[2026-08-12T04:39:01.009+0000] {logging_mixin.py:190} INFO - [2026-08-12T04:39:01.009+0000] {dag.py:3211} INFO - Sync 1 DAGs
[2026-08-12T04:39:01.026+0000] {logging_mixin.py:190} INFO - [2026-08-12T04:39:01.026+0000] {dag.py:4138} INFO - Setting next_dagrun for example_sensor_decorator to None, run_after=None
[2026-08-12T04:39:01.054+0000] {processor.py:208} INFO - Processing /home/airflow/.local/lib/python3.12/site-packages/airflow/example_dags/example_sensor_decorator.py took 0.100 seconds
[2026-08-12T04:39:32.788+0000] {processor.py:186} INFO - Started process (PID=888) to work on /home/airflow/.local/lib/python3.12/site-packages/airflow/example_dags/example_sensor_decorator.py
[2026-08-12T04:39:32.790+0000] {processor.py:914} INFO - Processing file /home/airflow/.local/lib/python3.12/site-packages/airflow/example_dags/example_sensor_decorator.py for tasks to queue
[2026-08-12T04:39:32.794+0000] {logging_mixin.py:190} INFO - [2026-08-12T04:39:32.793+0000] {dagbag.py:587} INFO - Filling up the DagBag from /home/airflow/.local/lib/python3.12/site-packages/airflow/example_dags/example_sensor_decorator.py
[2026-08-12T04:39:32.805+0000] {processor.py:925} INFO - DAG(s) 'example_sensor_decorator' retrieved from /home/airflow/.local/lib/python3.12/site-packages/airflow/example_dags/example_sensor_decorator.py
[2026-08-12T04:39:32.838+0000] {logging_mixin.py:190} INFO - [2026-08-12T04:39:32.837+0000] {dag.py:3211} INFO - Sync 1 DAGs
[2026-08-12T04:39:32.874+0000] {logging_mixin.py:190} INFO - [2026-08-12T04:39:32.873+0000] {dag.py:4138} INFO - Setting next_dagrun for example_sensor_decorator to None, run_after=None
[2026-08-12T04:39:32.902+0000] {processor.py:208} INFO - Processing /home/airflow/.local/lib/python3.12/site-packages/airflow/example_dags/example_sensor_decorator.py took 0.123 seconds
[2026-08-12T04:40:03.216+0000] {processor.py:186} INFO - Started process (PID=950) to work on /home/airflow/.local/lib/python3.12/site-packages/airflow/example_dags/example_sensor_decorator.py
[2026-08-12T04:40:03.219+0000] {processor.py:914} INFO - Processing file /home/airflow/.local/lib/python3.12/site-packages/airflow/example_dags/example_sensor_decorator.py for tasks to queue
[2026-08-12T04:40:03.225+0000] {logging_mixin.py:190} INFO - [2026-08-12T04:40:03.224+0000] {dagbag.py:587} INFO - Filling up the DagBag from /home/airflow/.local/lib/python3.12/site-packages/airflow/example_dags/example_sensor_decorator.py
[2026-08-12T04:40:03.242+0000] {processor.py:925} INFO - DAG(s) 'example_sensor_decorator' retrieved from /home/airflow/.local/lib/python3.12/site-packages/airflow/example_dags/example_sensor_decorator.py
[2026-08-12T04:40:03.283+0000] {logging_mixin.py:190} INFO - [2026-08-12T04:40:03.283+0000] {dag.py:3211} INFO - Sync 1 DAGs
[2026-08-12T04:40:03.300+0000] {logging_mixin.py:190} INFO - [2026-08-12T04:40:03.300+0000] {dag.py:4138} INFO - Setting next_dagrun for example_sensor_decorator to None, run_after=None
[2026-08-12T04:40:03.322+0000] {processor.py:208} INFO - Processing /home/airflow/.local/lib/python3.12/site-packages/airflow/example_dags/example_sensor_decorator.py took 0.112 seconds
[2026-08-12T04:40:33.667+0000] {processor.py:186} INFO - Started process (PID=1012) to work on /home/airflow/.local/lib/python3.12/site-packages/airflow/example_dags/example_sensor_decorator.py
[2026-08-12T04:40:33.669+0000] {processor.py:914} INFO - Processing file /home/airflow/.local/lib/python3.12/site-packages/airflow/example_dags/example_sensor_decorator.py for tasks to queue
[2026-08-12T04:40:33.674+0000] {logging_mixin.py:190} INFO - [2026-08-12T04:40:33.674+0000] {dagbag.py:587} INFO - Filling up the DagBag from /home/airflow/.local/lib/python3.12/site-packages/airflow/example_dags/example_sensor_decorator.py
[2026-08-12T04:40:33.685+0000] {processor.py:925} INFO - DAG(s) 'example_sensor_decorator' retrieved from /home/airflow/.local/lib/python3.12/site-packages/airflow/example_dags/example_sensor_decorator.py
[2026-08-12T04:40:33.710+0000] {logging_mixin.py:190} INFO - [2026-08-12T04:40:33.710+0000] {dag.py:3211} INFO - Sync 1 DAGs
[2026-08-12T04:40:33.726+0000] {logging_mixin.py:190} INFO - [2026-08-12T04:40:33.725+0000] {dag.py:4138} INFO - Setting next_dagrun for example_sensor_decorator to None, run_after=None
[2026-08-12T04:40:33.752+0000] {processor.py:208} INFO - Processing /home/airflow/.local/lib/python3.12/site-packages/airflow/example_dags/example_sensor_decorator.py took 0.092 seconds
[2026-08-12T04:41:03.928+0000] {processor.py:186} INFO - Started process (PID=1074) to work on /home/airflow/.local/lib/python3.12/site-packages/airflow/example_dags/example_sensor_decorator.py
[2026-08-12T04:41:03.930+0000] {processor.py:914} INFO - Processing file /home/airflow/.local/lib/python3.12/site-packages/airflow/example_dags/example_sensor_decorator.py for tasks to queue
[2026-08-12T04:41:03.935+0000] {logging_mixin.py:190} INFO - [2026-08-12T04:41:03.934+0000] {dagbag.py:587} INFO - Filling up the DagBag from /home/airflow/.local/lib/python3.12/site-packages/airflow/example_dags/example_sensor_decorator.py
[2026-08-12T04:41:03.945+0000] {processor.py:925} INFO - DAG(s) 'example_sensor_decorator' retrieved from /home/airflow/.local/lib/python3.12/site-packages/airflow/example_dags/example_sensor_decorator.py
[2026-08-12T04:41:03.968+0000] {logging_mixin.py:190} INFO - [2026-08-12T04:41:03.967+0000] {dag.py:3211} INFO - Sync 1 DAGs
[2026-08-12T04:41:03.984+0000] {logging_mixin.py:190} INFO - [2026-08-12T04:41:03.984+0000] {dag.py:4138} INFO - Setting next_dagrun for example_sensor_decorator to None, run_after=None
[2026-08-12T04:41:04.011+0000] {processor.py:208} INFO - Processing /home/airflow/.local/lib/python3.12/site-packages/airflow/example_dags/example_sensor_decorator.py took 0.090 seconds
[2026-08-12T04:41:34.459+0000] {processor.py:186} INFO - Started process (PID=1136) to work on /home/airflow/.local/lib/python3.12/site-packages/airflow/example_dags/example_sensor_decorator.py
[2026-08-12T04:41:34.461+0000] {processor.py:914} INFO - Processing file /home/airflow/.local/lib/python3.12/site-packages/airflow/example_dags/example_sensor_decorator.py for tasks to queue
[2026-08-12T04:41:34.466+0000] {logging_mixin.py:190} INFO - [2026-08-12T04:41:34.465+0000] {dagbag.py:587} INFO - Filling up the DagBag from /home/airflow/.local/lib/python3.12/site-packages/airflow/example_dags/example_sensor_decorator.py
[2026-08-12T04:41:34.478+0000] {processor.py:925} INFO - DAG(s) 'example_sensor_decorator' retrieved from /home/airflow/.local/lib/python3.12/site-packages/airflow/example_dags/example_sensor_decorator.py
[2026-08-12T04:41:34.509+0000] {logging_mixin.py:190} INFO - [2026-08-12T04:41:34.509+0000] {dag.py:3211} INFO - Sync 1 DAGs
[2026-08-12T04:41:34.533+0000] {logging_mixin.py:190} INFO - [2026-08-12T04:41:34.532+0000] {dag.py:4138} INFO - Setting next_dagrun for example_sensor_decorator to None, run_after=None
[2026-08-12T04:41:34.561+0000] {processor.py:208} INFO - Processing /home/airflow/.local/lib/python3.12/site-packages/airflow/example_dags/example_sensor_decorator.py took 0.110 seconds
[2026-08-12T04:42:05.174+0000] {processor.py:186} INFO - Started process (PID=1198) to work on /home/airflow/.local/lib/python3.12/site-packages/airflow/example_dags/example_sensor_decorator.py
[2026-08-12T04:42:05.177+0000] {processor.py:914} INFO - Processing file /home/airflow/.local/lib/python3.12/site-packages/airflow/example_dags/example_sensor_decorator.py for tasks to queue
[2026-08-12T04:42:05.181+0000] {logging_mixin.py:190} INFO - [2026-08-12T04:42:05.180+0000] {dagbag.py:587} INFO - Filling up the DagBag from /home/airflow/.local/lib/python3.12/site-packages/airflow/example_dags/example_sensor_decorator.py
[2026-08-12T04:42:05.191+0000] {processor.py:925} INFO - DAG(s) 'example_sensor_decorator' retrieved from /home/airflow/.local/lib/python3.12/site-packages/airflow/example_dags/example_sensor_decorator.py
[2026-08-12T04:42:05.222+0000] {logging_mixin.py:190} INFO - [2026-08-12T04:42:05.222+0000] {dag.py:3211} INFO - Sync 1 DAGs
[2026-08-12T04:42:05.240+0000] {logging_mixin.py:190} INFO - [2026-08-12T04:42:05.240+0000] {dag.py:4138} INFO - Setting next_dagrun for example_sensor_decorator to None, run_after=None
[2026-08-12T04:42:05.269+0000] {processor.py:208} INFO - Processing /home/airflow/.local/lib/python3.12/site-packages/airflow/example_dags/example_sensor_decorator.py took 0.101 seconds
[2026-08-12T04:42:35.639+0000] {processor.py:186} INFO - Started process (PID=1260) to work on /home/airflow/.local/lib/python3.12/site-packages/airflow/example_dags/example_sensor_decorator.py
[2026-08-12T04:42:35.642+0000] {processor.py:914} INFO - Processing file /home/airflow/.local/lib/python3.12/site-packages/airflow/example_dags/example_sensor_decorator.py for tasks to queue
[2026-08-12T04:42:35.647+0000] {logging_mixin.py:190} INFO - [2026-08-12T04:42:35.646+0000] {dagbag.py:587} INFO - Filling up the DagBag from /home/airflow/.local/lib/python3.12/site-packages/airflow/example_dags/example_sensor_decorator.py
[2026-08-12T04:42:35.659+0000] {processor.py:925} INFO - DAG(s) 'example_sensor_decorator' retrieved from /home/airflow/.local/lib/python3.12/site-packages/airflow/example_dags/example_sensor_decorator.py
[2026-08-12T04:42:35.691+0000] {logging_mixin.py:190} INFO - [2026-08-12T04:42:35.691+0000] {dag.py:3211} INFO - Sync 1 DAGs
[2026-08-12T04:42:35.709+0000] {logging_mixin.py:190} INFO - [2026-08-12T04:42:35.709+0000] {dag.py:4138} INFO - Setting next_dagrun for example_sensor_decorator to None, run_after=None
[2026-08-12T04:42:35.734+0000] {processor.py:208} INFO - Processing /home/airflow/.local/lib/python3.12/site-packages/airflow/example_dags/example_sensor_decorator.py took 0.103 seconds
[2026-08-12T04:43:06.576+0000] {processor.py:186} INFO - Started process (PID=1322) to work on /home/airflow/.local/lib/python3.12/site-packages/airflow/example_dags/example_sensor_decorator.py
[2026-08-12T04:43:06.579+0000] {processor.py:914} INFO - Processing file /home/airflow/.local/lib/python3.12/site-packages/airflow/example_dags/example_sensor_decorator.py for tasks to queue
[2026-08-12T04:43:06.583+0000] {logging_mixin.py:190} INFO - [2026-08-12T04:43:06.583+0000] {dagbag.py:587} INFO - Filling up the DagBag from /home/airflow/.local/lib/python3.12/site-packages/airflow/example_dags/example_sensor_decorator.py
[2026-08-12T04:43:06.594+0000] {processor.py:925} INFO - DAG(s) 'example_sensor_decorator' retrieved from /home/airflow/.local/lib/python3.12/site-packages/airflow/example_dags/example_sensor_decorator.py
[2026-08-12T04:43:06.615+0000] {logging_mixin.py:190} INFO - [2026-08-12T04:43:06.615+0000] {dag.py:3211} INFO - Sync 1 DAGs
[2026-08-12T04:43:06.632+0000] {logging_mixin.py:190} INFO - [2026-08-12T04:43:06.631+0000] {dag.py:4138} INFO - Setting next_dagrun for example_sensor_decorator to None, run_after=None
[2026-08-12T04:43:06.658+0000] {processor.py:208} INFO - Processing /home/airflow/.local/lib/python3.12/site-packages/airflow/example_dags/example_sensor_decorator.py took 0.091 seconds
[2026-08-12T04:43:36.770+0000] {processor.py:186} INFO - Started process (PID=1383) to work on /home/airflow/.local/lib/python3.12/site-packages/airflow/example_dags/example_sensor_decorator.py
[2026-08-12T04:43:36.773+0000] {processor.py:914} INFO - Processing file /home/airflow/.local/lib/python3.12/site-packages/airflow/example_dags/example_sensor_decorator.py for tasks to queue
[2026-08-12T04:43:36.778+0000] {logging_mixin.py:190} INFO - [2026-08-12T04:43:36.777+0000] {dagbag.py:587} INFO - Filling up the DagBag from /home/airflow/.local/lib/python3.12/site-packages/airflow/example_dags/example_sensor_decorator.py
[2026-08-12T04:43:36.791+0000] {processor.py:925} INFO - DAG(s) 'example_sensor_decorator' retrieved from /home/airflow/.local/lib/python3.12/site-packages/airflow/example_dags/example_sensor_decorator.py
[2026-08-12T04:43:36.820+0000] {logging_mixin.py:190} INFO - [2026-08-12T04:43:36.820+0000] {dag.py:3211} INFO - Sync 1 DAGs
[2026-08-12T04:43:36.837+0000] {logging_mixin.py:190} INFO - [2026-08-12T04:43:36.837+0000] {dag.py:4138} INFO - Setting next_dagrun for example_sensor_decorator to None, run_after=None
[2026-08-12T04:43:36.866+0000] {processor.py:208} INFO - Processing /home/airflow/.local/lib/python3.12/site-packages/airflow/example_dags/example_sensor_decorator.py took 0.101 seconds
[2026-08-12T04:44:07.104+0000] {processor.py:186} INFO - Started process (PID=1445) to work on /home/airflow/.local/lib/python3.12/site-packages/airflow/example_dags/example_sensor_decorator.py
[2026-08-12T04:44:07.108+0000] {processor.py:914} INFO - Processing file /home/airflow/.local/lib/python3.12/site-packages/airflow/example_dags/example_sensor_decorator.py for tasks to queue
[2026-08-12T04:44:07.117+0000] {logging_mixin.py:190} INFO - [2026-08-12T04:44:07.116+0000] {dagbag.py:587} INFO - Filling up the DagBag from /home/airflow/.local/lib/python3.12/site-packages/airflow/example_dags/example_sensor_decorator.py
[2026-08-12T04:44:07.141+0000] {processor.py:925} INFO - DAG(s) 'example_sensor_decorator' retrieved from /home/airflow/.local/lib/python3.12/site-packages/airflow/example_dags/example_sensor_decorator.py
[2026-08-12T04:44:07.187+0000] {logging_mixin.py:190} INFO - [2026-08-12T04:44:07.187+0000] {dag.py:3211} INFO - Sync 1 DAGs
[2026-08-12T04:44:07.206+0000] {logging_mixin.py:190} INFO - [2026-08-12T04:44:07.206+0000] {dag.py:4138} INFO - Setting next_dagrun for example_sensor_decorator to None, run_after=None
[2026-08-12T04:44:07.229+0000] {processor.py:208} INFO - Processing /home/airflow/.local/lib/python3.12/site-packages/airflow/example_dags/example_sensor_decorator.py took 0.138 seconds
[2026-08-12T04:44:37.629+0000] {processor.py:186} INFO - Started process (PID=1507) to work on /home/airflow/.local/lib/python3.12/site-packages/airflow/example_dags/example_sensor_decorator.py
[2026-08-12T04:44:37.631+0000] {processor.py:914} INFO - Processing file /home/airflow/.local/lib/python3.12/site-packages/airflow/example_dags/example_sensor_decorator.py for tasks to queue
[2026-08-12T04:44:37.635+0000] {logging_mixin.py:190} INFO - [2026-08-12T04:44:37.635+0000] {dagbag.py:587} INFO - Filling up the DagBag from /home/airflow/.local/lib/python3.12/site-packages/airflow/example_dags/example_sensor_decorator.py
[2026-08-12T04:44:37.647+0000] {processor.py:925} INFO - DAG(s) 'example_sensor_decorator' retrieved from /home/airflow/.local/lib/python3.12/site-packages/airflow/example_dags/example_sensor_decorator.py
[2026-08-12T04:44:37.672+0000] {logging_mixin.py:190} INFO - [2026-08-12T04:44:37.672+0000] {dag.py:3211} INFO - Sync 1 DAGs
[2026-08-12T04:44:37.689+0000] {logging_mixin.py:190} INFO - [2026-08-12T04:44:37.689+0000] {dag.py:4138} INFO - Setting next_dagrun for example_sensor_decorator to None, run_after=None
[2026-08-12T04:44:37.718+0000] {processor.py:208} INFO - Processing /home/airflow/.local/lib/python3.12/site-packages/airflow/example_dags/example_sensor_decorator.py took 0.095 seconds
[2026-08-12T04:45:08.235+0000] {processor.py:186} INFO - Started process (PID=1570) to work on /home/airflow/.local/lib/python3.12/site-packages/airflow/example_dags/example_sensor_decorator.py
[2026-08-12T04:45:08.237+0000] {processor.py:914} INFO - Processing file /home/airflow/.local/lib/python3.12/site-packages/airflow/example_dags/example_sensor_decorator.py for tasks to queue
[2026-08-12T04:45:08.241+0000] {logging_mixin.py:190} INFO - [2026-08-12T04:45:08.241+0000] {dagbag.py:587} INFO - Filling up the DagBag from /home/airflow/.local/lib/python3.12/site-packages/airflow/example_dags/example_sensor_decorator.py
[2026-08-12T04:45:08.250+0000] {processor.py:925} INFO - DAG(s) 'example_sensor_decorator' retrieved from /home/airflow/.local/lib/python3.12/site-packages/airflow/example_dags/example_sensor_decorator.py
[2026-08-12T04:45:08.271+0000] {logging_mixin.py:190} INFO - [2026-08-12T04:45:08.271+0000] {dag.py:3211} INFO - Sync 1 DAGs
[2026-08-12T04:45:08.286+0000] {logging_mixin.py:190} INFO - [2026-08-12T04:45:08.286+0000] {dag.py:4138} INFO - Setting next_dagrun for example_sensor_decorator to None, run_after=None
[2026-08-12T04:45:08.311+0000] {processor.py:208} INFO - Processing /home/airflow/.local/lib/python3.12/site-packages/airflow/example_dags/example_sensor_decorator.py took 0.081 seconds
[2026-08-12T04:45:39.446+0000] {processor.py:186} INFO - Started process (PID=1632) to work on /home/airflow/.local/lib/python3.12/site-packages/airflow/example_dags/example_sensor_decorator.py
[2026-08-12T04:45:39.449+0000] {processor.py:914} INFO - Processing file /home/airflow/.local/lib/python3.12/site-packages/airflow/example_dags/example_sensor_decorator.py for tasks to queue
[2026-08-12T04:45:39.456+0000] {logging_mixin.py:190} INFO - [2026-08-12T04:45:39.456+0000] {dagbag.py:587} INFO - Filling up the DagBag from /home/airflow/.local/lib/python3.12/site-packages/airflow/example_dags/example_sensor_decorator.py
[2026-08-12T04:45:39.472+0000] {processor.py:925} INFO - DAG(s) 'example_sensor_decorator' retrieved from /home/airflow/.local/lib/python3.12/site-packages/airflow/example_dags/example_sensor_decorator.py
[2026-08-12T04:45:39.505+0000] {logging_mixin.py:190} INFO - [2026-08-12T04:45:39.505+0000] {dag.py:3211} INFO - Sync 1 DAGs
[2026-08-12T04:45:39.522+0000] {logging_mixin.py:190} INFO - [2026-08-12T04:45:39.522+0000] {dag.py:4138} INFO - Setting next_dagrun for example_sensor_decorator to None, run_after=None
[2026-08-12T04:45:39.548+0000] {processor.py:208} INFO - Processing /home/airflow/.local/lib/python3.12/site-packages/airflow/example_dags/example_sensor_decorator.py took 0.110 seconds
[2026-08-12T04:46:10.403+0000] {processor.py:186} INFO - Started process (PID=1694) to work on /home/airflow/.local/lib/python3.12/site-packages/airflow/example_dags/example_sensor_decorator.py
[2026-08-12T04:46:10.406+0000] {processor.py:914} INFO - Processing file /home/airflow/.local/lib/python3.12/site-packages/airflow/example_dags/example_sensor_decorator.py for tasks to queue
[2026-08-12T04:46:10.414+0000] {logging_mixin.py:190} INFO - [2026-08-12T04:46:10.413+0000] {dagbag.py:587} INFO - Filling up the DagBag from /home/airflow/.local/lib/python3.12/site-packages/airflow/example_dags/example_sensor_decorator.py
[2026-08-12T04:46:10.424+0000] {processor.py:925} INFO - DAG(s) 'example_sensor_decorator' retrieved from /home/airflow/.local/lib/python3.12/site-packages/airflow/example_dags/example_sensor_decorator.py
[2026-08-12T04:46:10.451+0000] {logging_mixin.py:190} INFO - [2026-08-12T04:46:10.451+0000] {dag.py:3211} INFO - Sync 1 DAGs
[2026-08-12T04:46:10.468+0000] {logging_mixin.py:190} INFO - [2026-08-12T04:46:10.468+0000] {dag.py:4138} INFO - Setting next_dagrun for example_sensor_decorator to None, run_after=None
[2026-08-12T04:46:10.493+0000] {processor.py:208} INFO - Processing /home/airflow/.local/lib/python3.12/site-packages/airflow/example_dags/example_sensor_decorator.py took 0.098 seconds
[2026-08-12T04:46:41.083+0000] {processor.py:186} INFO - Started process (PID=1756) to work on /home/airflow/.local/lib/python3.12/site-packages/airflow/example_dags/example_sensor_decorator.py
[2026-08-12T04:46:41.087+0000] {processor.py:914} INFO - Processing file /home/airflow/.local/lib/python3.12/site-packages/airflow/example_dags/example_sensor_decorator.py for tasks to queue
[2026-08-12T04:46:41.091+0000] {logging_mixin.py:190} INFO - [2026-08-12T04:46:41.091+0000] {dagbag.py:587} INFO - Filling up the DagBag from /home/airflow/.local/lib/python3.12/site-packages/airflow/example_dags/example_sensor_decorator.py
[2026-08-12T04:46:41.105+0000] {processor.py:925} INFO - DAG(s) 'example_sensor_decorator' retrieved from /home/airflow/.local/lib/python3.12/site-packages/airflow/example_dags/example_sensor_decorator.py
[2026-08-12T04:46:41.130+0000] {logging_mixin.py:190} INFO - [2026-08-12T04:46:41.130+0000] {dag.py:3211} INFO - Sync 1 DAGs
[2026-08-12T04:46:41.151+0000] {logging_mixin.py:190} INFO - [2026-08-12T04:46:41.150+0000] {dag.py:4138} INFO - Setting next_dagrun for example_sensor_decorator to None, run_after=None
[2026-08-12T04:46:41.172+0000] {processor.py:208} INFO - Processing /home/airflow/.local/lib/python3.12/site-packages/airflow/example_dags/example_sensor_decorator.py took 0.095 seconds
[2026-08-12T04:47:11.816+0000] {processor.py:186} INFO - Started process (PID=1820) to work on /home/airflow/.local/lib/python3.12/site-packages/airflow/example_dags/example_sensor_decorator.py
[2026-08-12T04:47:11.820+0000] {processor.py:914} INFO - Processing file /home/airflow/.local/lib/python3.12/site-packages/airflow/example_dags/example_sensor_decorator.py for tasks to queue
[2026-08-12T04:47:11.830+0000] {logging_mixin.py:190} INFO - [2026-08-12T04:47:11.829+0000] {dagbag.py:587} INFO - Filling up the DagBag from /home/airflow/.local/lib/python3.12/site-packages/airflow/example_dags/example_sensor_decorator.py
[2026-08-12T04:47:11.841+0000] {processor.py:925} INFO - DAG(s) 'example_sensor_decorator' retrieved from /home/airflow/.local/lib/python3.12/site-packages/airflow/example_dags/example_sensor_decorator.py
[2026-08-12T04:47:11.866+0000] {logging_mixin.py:190} INFO - [2026-08-12T04:47:11.865+0000] {dag.py:3211} INFO - Sync 1 DAGs
[2026-08-12T04:47:11.882+0000] {logging_mixin.py:190} INFO - [2026-08-12T04:47:11.882+0000] {dag.py:4138} INFO - Setting next_dagrun for example_sensor_decorator to None, run_after=None
[2026-08-12T04:47:11.909+0000] {processor.py:208} INFO - Processing /home/airflow/.local/lib/python3.12/site-packages/airflow/example_dags/example_sensor_decorator.py took 0.105 seconds
[2026-08-12T04:47:42.420+0000] {processor.py:186} INFO - Started process (PID=1882) to work on /home/airflow/.local/lib/python3.12/site-packages/airflow/example_dags/example_sensor_decorator.py
[2026-08-12T04:47:42.422+0000] {processor.py:914} INFO - Processing file /home/airflow/.local/lib/python3.12/site-packages/airflow/example_dags/example_sensor_decorator.py for tasks to queue
[2026-08-12T04:47:42.426+0000] {logging_mixin.py:190} INFO - [2026-08-12T04:47:42.425+0000] {dagbag.py:587} INFO - Filling up the DagBag from /home/airflow/.local/lib/python3.12/site-packages/airflow/example_dags/example_sensor_decorator.py
[2026-08-12T04:47:42.437+0000] {processor.py:925} INFO - DAG(s) 'example_sensor_decorator' retrieved from /home/airflow/.local/lib/python3.12/site-packages/airflow/example_dags/example_sensor_decorator.py
[2026-08-12T04:47:42.459+0000] {logging_mixin.py:190} INFO - [2026-08-12T04:47:42.459+0000] {dag.py:3211} INFO - Sync 1 DAGs
[2026-08-12T04:47:42.475+0000] {logging_mixin.py:190} INFO - [2026-08-12T04:47:42.474+0000] {dag.py:4138} INFO - Setting next_dagrun for example_sensor_decorator to None, run_after=None
[2026-08-12T04:47:42.495+0000] {processor.py:208} INFO - Processing /home/airflow/.local/lib/python3.12/site-packages/airflow/example_dags/example_sensor_decorator.py took 0.081 seconds
[2026-08-12T04:48:12.994+0000] {processor.py:186} INFO - Started process (PID=1943) to work on /home/airflow/.local/lib/python3.12/site-packages/airflow/example_dags/example_sensor_decorator.py
[2026-08-12T04:48:12.997+0000] {processor.py:914} INFO - Processing file /home/airflow/.local/lib/python3.12/site-packages/airflow/example_dags/example_sensor_decorator.py for tasks to queue
[2026-08-12T04:48:13.001+0000] {logging_mixin.py:190} INFO - [2026-08-12T04:48:13.001+0000] {dagbag.py:587} INFO - Filling up the DagBag from /home/airflow/.local/lib/python3.12/site-packages/airflow/example_dags/example_sensor_decorator.py
[2026-08-12T04:48:13.011+0000] {processor.py:925} INFO - DAG(s) 'example_sensor_decorator' retrieved from /home/airflow/.local/lib/python3.12/site-packages/airflow/example_dags/example_sensor_decorator.py
[2026-08-12T04:48:13.040+0000] {logging_mixin.py:190} INFO - [2026-08-12T04:48:13.039+0000] {dag.py:3211} INFO - Sync 1 DAGs
[2026-08-12T04:48:13.058+0000] {logging_mixin.py:190} INFO - [2026-08-12T04:48:13.057+0000] {dag.py:4138} INFO - Setting next_dagrun for example_sensor_decorator to None, run_after=None
[2026-08-12T04:48:13.087+0000] {processor.py:208} INFO - Processing /home/airflow/.local/lib/python3.12/site-packages/airflow/example_dags/example_sensor_decorator.py took 0.099 seconds
[2026-08-12T04:48:43.377+0000] {processor.py:186} INFO - Started process (PID=2005) to work on /home/airflow/.local/lib/python3.12/site-packages/airflow/example_dags/example_sensor_decorator.py
[2026-08-12T04:48:43.379+0000] {processor.py:914} INFO - Processing file /home/airflow/.local/lib/python3.12/site-packages/airflow/example_dags/example_sensor_decorator.py for tasks to queue
[2026-08-12T04:48:43.383+0000] {logging_mixin.py:190} INFO - [2026-08-12T04:48:43.383+0000] {dagbag.py:587} INFO - Filling up the DagBag from /home/airflow/.local/lib/python3.12/site-packages/airflow/example_dags/example_sensor_decorator.py
[2026-08-12T04:48:43.394+0000] {processor.py:925} INFO - DAG(s) 'example_sensor_decorator' retrieved from /home/airflow/.local/lib/python3.12/site-packages/airflow/example_dags/example_sensor_decorator.py
[2026-08-12T04:48:43.418+0000] {logging_mixin.py:190} INFO - [2026-08-12T04:48:43.417+0000] {dag.py:3211} INFO - Sync 1 DAGs
[2026-08-12T04:48:43.434+0000] {logging_mixin.py:190} INFO - [2026-08-12T04:48:43.434+0000] {dag.py:4138} INFO - Setting next_dagrun for example_sensor_decorator to None, run_after=None
[2026-08-12T04:48:43.455+0000] {processor.py:208} INFO - Processing /home/airflow/.local/lib/python3.12/site-packages/airflow/example_dags/example_sensor_decorator.py took 0.087 seconds
[2026-08-12T04:49:13.960+0000] {processor.py:186} INFO - Started process (PID=2067) to work on /home/airflow/.local/lib/python3.12/site-packages/airflow/example_dags/example_sensor_decorator.py
[2026-08-12T04:49:13.962+0000] {processor.py:914} INFO - Processing file /home/airflow/.local/lib/python3.12/site-packages/airflow/example_dags/example_sensor_decorator.py for tasks to queue
[2026-08-12T04:49:13.966+0000] {logging_mixin.py:190} INFO - [2026-08-12T04:49:13.966+0000] {dagbag.py:587} INFO - Filling up the DagBag from /home/airflow/.local/lib/python3.12/site-packages/airflow/example_dags/example_sensor_decorator.py
[2026-08-12T04:49:13.976+0000] {processor.py:925} INFO - DAG(s) 'example_sensor_decorator' retrieved from /home/airflow/.local/lib/python3.12/site-packages/airflow/example_dags/example_sensor_decorator.py
[2026-08-12T04:49:13.998+0000] {logging_mixin.py:190} INFO - [2026-08-12T04:49:13.998+0000] {dag.py:3211} INFO - Sync 1 DAGs
[2026-08-12T04:49:14.016+0000] {logging_mixin.py:190} INFO - [2026-08-12T04:49:14.015+0000] {dag.py:4138} INFO - Setting next_dagrun for example_sensor_decorator to None, run_after=None
[2026-08-12T04:49:14.040+0000] {processor.py:208} INFO - Processing /home/airflow/.local/lib/python3.12/site-packages/airflow/example_dags/example_sensor_decorator.py took 0.086 seconds
[2026-08-12T04:49:44.676+0000] {processor.py:186} INFO - Started process (PID=2129) to work on /home/airflow/.local/lib/python3.12/site-packages/airflow/example_dags/example_sensor_decorator.py
[2026-08-12T04:49:44.679+0000] {processor.py:914} INFO - Processing file /home/airflow/.local/lib/python3.12/site-packages/airflow/example_dags/example_sensor_decorator.py for tasks to queue
[2026-08-12T04:49:44.683+0000] {logging_mixin.py:190} INFO - [2026-08-12T04:49:44.682+0000] {dagbag.py:587} INFO - Filling up the DagBag from /home/airflow/.local/lib/python3.12/site-packages/airflow/example_dags/example_sensor_decorator.py
[2026-08-12T04:49:44.694+0000] {processor.py:925} INFO - DAG(s) 'example_sensor_decorator' retrieved from /home/airflow/.local/lib/python3.12/site-packages/airflow/example_dags/example_sensor_decorator.py
[2026-08-12T04:49:44.722+0000] {logging_mixin.py:190} INFO - [2026-08-12T04:49:44.722+0000] {dag.py:3211} INFO - Sync 1 DAGs
[2026-08-12T04:49:44.738+0000] {logging_mixin.py:190} INFO - [2026-08-12T04:49:44.738+0000] {dag.py:4138} INFO - Setting next_dagrun for example_sensor_decorator to None, run_after=None
[2026-08-12T04:49:44.764+0000] {processor.py:208} INFO - Processing /home/airflow/.local/lib/python3.12/site-packages/airflow/example_dags/example_sensor_decorator.py took 0.095 seconds
[2026-08-12T04:50:15.496+0000] {processor.py:186} INFO - Started process (PID=2191) to work on /home/airflow/.local/lib/python3.12/site-packages/airflow/example_dags/example_sensor_decorator.py
[2026-08-12T04:50:15.497+0000] {processor.py:914} INFO - Processing file /home/airflow/.local/lib/python3.12/site-packages/airflow/example_dags/example_sensor_decorator.py for tasks to queue
[2026-08-12T04:50:15.501+0000] {logging_mixin.py:190} INFO - [2026-08-12T04:50:15.501+0000] {dagbag.py:587} INFO - Filling up the DagBag from /home/airflow/.local/lib/python3.12/site-packages/airflow/example_dags/example_sensor_decorator.py
[2026-08-12T04:50:15.511+0000] {processor.py:925} INFO - DAG(s) 'example_sensor_decorator' retrieved from /home/airflow/.local/lib/python3.12/site-packages/airflow/example_dags/example_sensor_decorator.py
[2026-08-12T04:50:15.532+0000] {logging_mixin.py:190} INFO - [2026-08-12T04:50:15.532+0000] {dag.py:3211} INFO - Sync 1 DAGs
[2026-08-12T04:50:15.549+0000] {logging_mixin.py:190} INFO - [2026-08-12T04:50:15.549+0000] {dag.py:4138} INFO - Setting next_dagrun for example_sensor_decorator to None, run_after=None
[2026-08-12T04:50:15.571+0000] {processor.py:208} INFO - Processing /home/airflow/.local/lib/python3.12/site-packages/airflow/example_dags/example_sensor_decorator.py took 0.081 seconds
[2026-08-12T04:50:46.207+0000] {processor.py:186} INFO - Started process (PID=2253) to work on /home/airflow/.local/lib/python3.12/site-packages/airflow/example_dags/example_sensor_decorator.py
[2026-08-12T04:50:46.209+0000] {processor.py:914} INFO - Processing file /home/airflow/.local/lib/python3.12/site-packages/airflow/example_dags/example_sensor_decorator.py for tasks to queue
[2026-08-12T04:50:46.213+0000] {logging_mixin.py:190} INFO - [2026-08-12T04:50:46.213+0000] {dagbag.py:587} INFO - Filling up the DagBag from /home/airflow/.local/lib/python3.12/site-packages/airflow/example_dags/example_sensor_decorator.py
[2026-08-12T04:50:46.223+0000] {processor.py:925} INFO - DAG(s) 'example_sensor_decorator' retrieved from /home/airflow/.local/lib/python3.12/site-packages/airflow/example_dags/example_sensor_decorator.py
[2026-08-12T04:50:46.245+0000] {logging_mixin.py:190} INFO - [2026-08-12T04:50:46.245+0000] {dag.py:3211} INFO - Sync 1 DAGs
[2026-08-12T04:50:46.260+0000] {logging_mixin.py:190} INFO - [2026-08-12T04:50:46.260+0000] {dag.py:4138} INFO - Setting next_dagrun for example_sensor_decorator to None, run_after=None
[2026-08-12T04:50:46.282+0000] {processor.py:208} INFO - Processing /home/airflow/.local/lib/python3.12/site-packages/airflow/example_dags/example_sensor_decorator.py took 0.081 seconds
[2026-08-12T04:51:17.139+0000] {processor.py:186} INFO - Started process (PID=2315) to work on /home/airflow/.local/lib/python3.12/site-packages/airflow/example_dags/example_sensor_decorator.py
[2026-08-12T04:51:17.141+0000] {processor.py:914} INFO - Processing file /home/airflow/.local/lib/python3.12/site-packages/airflow/example_dags/example_sensor_decorator.py for tasks to queue
[2026-08-12T04:51:17.145+0000] {logging_mixin.py:190} INFO - [2026-08-12T04:51:17.145+0000] {dagbag.py:587} INFO - Filling up the DagBag from /home/airflow/.local/lib/python3.12/site-packages/airflow/example_dags/example_sensor_decorator.py
[2026-08-12T04:51:17.155+0000] {processor.py:925} INFO - DAG(s) 'example_sensor_decorator' retrieved from /home/airflow/.local/lib/python3.12/site-packages/airflow/example_dags/example_sensor_decorator.py
[2026-08-12T04:51:17.175+0000] {logging_mixin.py:190} INFO - [2026-08-12T04:51:17.175+0000] {dag.py:3211} INFO - Sync 1 DAGs
[2026-08-12T04:51:17.192+0000] {logging_mixin.py:190} INFO - [2026-08-12T04:51:17.192+0000] {dag.py:4138} INFO - Setting next_dagrun for example_sensor_decorator to None, run_after=None
[2026-08-12T04:51:17.212+0000] {processor.py:208} INFO - Processing /home/airflow/.local/lib/python3.12/site-packages/airflow/example_dags/example_sensor_decorator.py took 0.080 seconds
[2026-08-12T04:51:47.442+0000] {processor.py:186} INFO - Started process (PID=2377) to work on /home/airflow/.local/lib/python3.12/site-packages/airflow/example_dags/example_sensor_decorator.py
[2026-08-12T04:51:47.444+0000] {processor.py:914} INFO - Processing file /home/airflow/.local/lib/python3.12/site-packages/airflow/example_dags/example_sensor_decorator.py for tasks to queue
[2026-08-12T04:51:47.448+0000] {logging_mixin.py:190} INFO - [2026-08-12T04:51:47.448+0000] {dagbag.py:587} INFO - Filling up the DagBag from /home/airflow/.local/lib/python3.12/site-packages/airflow/example_dags/example_sensor_decorator.py
[2026-08-12T04:51:47.458+0000] {processor.py:925} INFO - DAG(s) 'example_sensor_decorator' retrieved from /home/airflow/.local/lib/python3.12/site-packages/airflow/example_dags/example_sensor_decorator.py
[2026-08-12T04:51:47.479+0000] {logging_mixin.py:190} INFO - [2026-08-12T04:51:47.478+0000] {dag.py:3211} INFO - Sync 1 DAGs
[2026-08-12T04:51:47.495+0000] {logging_mixin.py:190} INFO - [2026-08-12T04:51:47.495+0000] {dag.py:4138} INFO - Setting next_dagrun for example_sensor_decorator to None, run_after=None
[2026-08-12T04:51:47.519+0000] {processor.py:208} INFO - Processing /home/airflow/.local/lib/python3.12/site-packages/airflow/example_dags/example_sensor_decorator.py took 0.083 seconds
[2026-08-12T04:52:17.978+0000] {processor.py:186} INFO - Started process (PID=2439) to work on /home/airflow/.local/lib/python3.12/site-packages/airflow/example_dags/example_sensor_decorator.py
[2026-08-12T04:52:17.980+0000] {processor.py:914} INFO - Processing file /home/airflow/.local/lib/python3.12/site-packages/airflow/example_dags/example_sensor_decorator.py for tasks to queue
[2026-08-12T04:52:17.985+0000] {logging_mixin.py:190} INFO - [2026-08-12T04:52:17.985+0000] {dagbag.py:587} INFO - Filling up the DagBag from /home/airflow/.local/lib/python3.12/site-packages/airflow/example_dags/example_sensor_decorator.py
[2026-08-12T04:52:17.995+0000] {processor.py:925} INFO - DAG(s) 'example_sensor_decorator' retrieved from /home/airflow/.local/lib/python3.12/site-packages/airflow/example_dags/example_sensor_decorator.py
[2026-08-12T04:52:18.017+0000] {logging_mixin.py:190} INFO - [2026-08-12T04:52:18.017+0000] {dag.py:3211} INFO - Sync 1 DAGs
[2026-08-12T04:52:18.033+0000] {logging_mixin.py:190} INFO - [2026-08-12T04:52:18.033+0000] {dag.py:4138} INFO - Setting next_dagrun for example_sensor_decorator to None, run_after=None
[2026-08-12T04:52:18.055+0000] {processor.py:208} INFO - Processing /home/airflow/.local/lib/python3.12/site-packages/airflow/example_dags/example_sensor_decorator.py took 0.083 seconds
[2026-08-12T04:52:48.302+0000] {processor.py:186} INFO - Started process (PID=2501) to work on /home/airflow/.local/lib/python3.12/site-packages/airflow/example_dags/example_sensor_decorator.py
[2026-08-12T04:52:48.304+0000] {processor.py:914} INFO - Processing file /home/airflow/.local/lib/python3.12/site-packages/airflow/example_dags/example_sensor_decorator.py for tasks to queue
[2026-08-12T04:52:48.308+0000] {logging_mixin.py:190} INFO - [2026-08-12T04:52:48.308+0000] {dagbag.py:587} INFO - Filling up the DagBag from /home/airflow/.local/lib/python3.12/site-packages/airflow/example_dags/example_sensor_decorator.py
[2026-08-12T04:52:48.318+0000] {processor.py:925} INFO - DAG(s) 'example_sensor_decorator' retrieved from /home/airflow/.local/lib/python3.12/site-packages/airflow/example_dags/example_sensor_decorator.py
[2026-08-12T04:52:48.340+0000] {logging_mixin.py:190} INFO - [2026-08-12T04:52:48.340+0000] {dag.py:3211} INFO - Sync 1 DAGs
[2026-08-12T04:52:48.355+0000] {logging_mixin.py:190} INFO - [2026-08-12T04:52:48.355+0000] {dag.py:4138} INFO - Setting next_dagrun for example_sensor_decorator to None, run_after=None
[2026-08-12T04:52:48.378+0000] {processor.py:208} INFO - Processing /home/airflow/.local/lib/python3.12/site-packages/airflow/example_dags/example_sensor_decorator.py took 0.082 seconds
[2026-08-12T04:53:18.706+0000] {processor.py:186} INFO - Started process (PID=2565) to work on /home/airflow/.local/lib/python3.12/site-packages/airflow/example_dags/example_sensor_decorator.py
[2026-08-12T04:53:18.709+0000] {processor.py:914} INFO - Processing file /home/airflow/.local/lib/python3.12/site-packages/airflow/example_dags/example_sensor_decorator.py for tasks to queue
[2026-08-12T04:53:18.713+0000] {logging_mixin.py:190} INFO - [2026-08-12T04:53:18.712+0000] {dagbag.py:587} INFO - Filling up the DagBag from /home/airflow/.local/lib/python3.12/site-packages/airflow/example_dags/example_sensor_decorator.py
[2026-08-12T04:53:18.724+0000] {processor.py:925} INFO - DAG(s) 'example_sensor_decorator' retrieved from /home/airflow/.local/lib/python3.12/site-packages/airflow/example_dags/example_sensor_decorator.py
[2026-08-12T04:53:18.748+0000] {logging_mixin.py:190} INFO - [2026-08-12T04:53:18.747+0000] {dag.py:3211} INFO - Sync 1 DAGs
[2026-08-12T04:53:18.764+0000] {logging_mixin.py:190} INFO - [2026-08-12T04:53:18.764+0000] {dag.py:4138} INFO - Setting next_dagrun for example_sensor_decorator to None, run_after=None
[2026-08-12T04:53:18.786+0000] {processor.py:208} INFO - Processing /home/airflow/.local/lib/python3.12/site-packages/airflow/example_dags/example_sensor_decorator.py took 0.086 seconds
[2026-08-12T04:53:49.360+0000] {processor.py:186} INFO - Started process (PID=2628) to work on /home/airflow/.local/lib/python3.12/site-packages/airflow/example_dags/example_sensor_decorator.py
[2026-08-12T04:53:49.362+0000] {processor.py:914} INFO - Processing file /home/airflow/.local/lib/python3.12/site-packages/airflow/example_dags/example_sensor_decorator.py for tasks to queue
[2026-08-12T04:53:49.367+0000] {logging_mixin.py:190} INFO - [2026-08-12T04:53:49.367+0000] {dagbag.py:587} INFO - Filling up the DagBag from /home/airflow/.local/lib/python3.12/site-packages/airflow/example_dags/example_sensor_decorator.py
[2026-08-12T04:53:49.379+0000] {processor.py:925} INFO - DAG(s) 'example_sensor_decorator' retrieved from /home/airflow/.local/lib/python3.12/site-packages/airflow/example_dags/example_sensor_decorator.py
[2026-08-12T04:53:49.404+0000] {logging_mixin.py:190} INFO - [2026-08-12T04:53:49.404+0000] {dag.py:3211} INFO - Sync 1 DAGs
[2026-08-12T04:53:49.422+0000] {logging_mixin.py:190} INFO - [2026-08-12T04:53:49.421+0000] {dag.py:4138} INFO - Setting next_dagrun for example_sensor_decorator to None, run_after=None
[2026-08-12T04:53:49.445+0000] {processor.py:208} INFO - Processing /home/airflow/.local/lib/python3.12/site-packages/airflow/example_dags/example_sensor_decorator.py took 0.091 seconds
[2026-08-12T04:54:19.689+0000] {processor.py:186} INFO - Started process (PID=2691) to work on /home/airflow/.local/lib/python3.12/site-packages/airflow/example_dags/example_sensor_decorator.py
[2026-08-12T04:54:19.691+0000] {processor.py:914} INFO - Processing file /home/airflow/.local/lib/python3.12/site-packages/airflow/example_dags/example_sensor_decorator.py for tasks to queue
[2026-08-12T04:54:19.695+0000] {logging_mixin.py:190} INFO - [2026-08-12T04:54:19.695+0000] {dagbag.py:587} INFO - Filling up the DagBag from /home/airflow/.local/lib/python3.12/site-packages/airflow/example_dags/example_sensor_decorator.py
[2026-08-12T04:54:19.705+0000] {processor.py:925} INFO - DAG(s) 'example_sensor_decorator' retrieved from /home/airflow/.local/lib/python3.12/site-packages/airflow/example_dags/example_sensor_decorator.py
[2026-08-12T04:54:19.727+0000] {logging_mixin.py:190} INFO - [2026-08-12T04:54:19.727+0000] {dag.py:3211} INFO - Sync 1 DAGs
[2026-08-12T04:54:19.743+0000] {logging_mixin.py:190} INFO - [2026-08-12T04:54:19.743+0000] {dag.py:4138} INFO - Setting next_dagrun for example_sensor_decorator to None, run_after=None
[2026-08-12T04:54:19.767+0000] {processor.py:208} INFO - Processing /home/airflow/.local/lib/python3.12/site-packages/airflow/example_dags/example_sensor_decorator.py took 0.084 seconds
[2026-08-12T04:54:50.208+0000] {processor.py:186} INFO - Started process (PID=2753) to work on /home/airflow/.local/lib/python3.12/site-packages/airflow/example_dags/example_sensor_decorator.py
[2026-08-12T04:54:50.211+0000] {processor.py:914} INFO - Processing file /home/airflow/.local/lib/python3.12/site-packages/airflow/example_dags/example_sensor_decorator.py for tasks to queue
[2026-08-12T04:54:50.217+0000] {logging_mixin.py:190} INFO - [2026-08-12T04:54:50.216+0000] {dagbag.py:587} INFO - Filling up the DagBag from /home/airflow/.local/lib/python3.12/site-packages/airflow/example_dags/example_sensor_decorator.py
[2026-08-12T04:54:50.227+0000] {processor.py:925} INFO - DAG(s) 'example_sensor_decorator' retrieved from /home/airflow/.local/lib/python3.12/site-packages/airflow/example_dags/example_sensor_decorator.py
[2026-08-12T04:54:50.254+0000] {logging_mixin.py:190} INFO - [2026-08-12T04:54:50.253+0000] {dag.py:3211} INFO - Sync 1 DAGs
[2026-08-12T04:54:50.272+0000] {logging_mixin.py:190} INFO - [2026-08-12T04:54:50.272+0000] {dag.py:4138} INFO - Setting next_dagrun for example_sensor_decorator to None, run_after=None
[2026-08-12T04:54:50.296+0000] {processor.py:208} INFO - Processing /home/airflow/.local/lib/python3.12/site-packages/airflow/example_dags/example_sensor_decorator.py took 0.095 seconds
[2026-08-12T04:55:20.782+0000] {processor.py:186} INFO - Started process (PID=2816) to work on /home/airflow/.local/lib/python3.12/site-packages/airflow/example_dags/example_sensor_decorator.py
[2026-08-12T04:55:20.785+0000] {processor.py:914} INFO - Processing file /home/airflow/.local/lib/python3.12/site-packages/airflow/example_dags/example_sensor_decorator.py for tasks to queue
[2026-08-12T04:55:20.789+0000] {logging_mixin.py:190} INFO - [2026-08-12T04:55:20.789+0000] {dagbag.py:587} INFO - Filling up the DagBag from /home/airflow/.local/lib/python3.12/site-packages/airflow/example_dags/example_sensor_decorator.py
[2026-08-12T04:55:20.801+0000] {processor.py:925} INFO - DAG(s) 'example_sensor_decorator' retrieved from /home/airflow/.local/lib/python3.12/site-packages/airflow/example_dags/example_sensor_decorator.py
[2026-08-12T04:55:20.831+0000] {logging_mixin.py:190} INFO - [2026-08-12T04:55:20.831+0000] {dag.py:3211} INFO - Sync 1 DAGs
[2026-08-12T04:55:20.851+0000] {logging_mixin.py:190} INFO - [2026-08-12T04:55:20.851+0000] {dag.py:4138} INFO - Setting next_dagrun for example_sensor_decorator to None, run_after=None
[2026-08-12T04:55:20.879+0000] {processor.py:208} INFO - Processing /home/airflow/.local/lib/python3.12/site-packages/airflow/example_dags/example_sensor_decorator.py took 0.106 seconds
[2026-08-12T04:55:51.079+0000] {processor.py:186} INFO - Started process (PID=2879) to work on /home/airflow/.local/lib/python3.12/site-packages/airflow/example_dags/example_sensor_decorator.py
[2026-08-12T04:55:51.081+0000] {processor.py:914} INFO - Processing file /home/airflow/.local/lib/python3.12/site-packages/airflow/example_dags/example_sensor_decorator.py for tasks to queue
[2026-08-12T04:55:51.084+0000] {logging_mixin.py:190} INFO - [2026-08-12T04:55:51.084+0000] {dagbag.py:587} INFO - Filling up the DagBag from /home/airflow/.local/lib/python3.12/site-packages/airflow/example_dags/example_sensor_decorator.py
[2026-08-12T04:55:51.094+0000] {processor.py:925} INFO - DAG(s) 'example_sensor_decorator' retrieved from /home/airflow/.local/lib/python3.12/site-packages/airflow/example_dags/example_sensor_decorator.py
[2026-08-12T04:55:51.122+0000] {logging_mixin.py:190} INFO - [2026-08-12T04:55:51.122+0000] {dag.py:3211} INFO - Sync 1 DAGs
[2026-08-12T04:55:51.141+0000] {logging_mixin.py:190} INFO - [2026-08-12T04:55:51.140+0000] {dag.py:4138} INFO - Setting next_dagrun for example_sensor_decorator to None, run_after=None
[2026-08-12T04:55:51.165+0000] {processor.py:208} INFO - Processing /home/airflow/.local/lib/python3.12/site-packages/airflow/example_dags/example_sensor_decorator.py took 0.093 seconds
[2026-08-12T04:56:21.586+0000] {processor.py:186} INFO - Started process (PID=2942) to work on /home/airflow/.local/lib/python3.12/site-packages/airflow/example_dags/example_sensor_decorator.py
[2026-08-12T04:56:21.588+0000] {processor.py:914} INFO - Processing file /home/airflow/.local/lib/python3.12/site-packages/airflow/example_dags/example_sensor_decorator.py for tasks to queue
[2026-08-12T04:56:21.593+0000] {logging_mixin.py:190} INFO - [2026-08-12T04:56:21.592+0000] {dagbag.py:587} INFO - Filling up the DagBag from /home/airflow/.local/lib/python3.12/site-packages/airflow/example_dags/example_sensor_decorator.py
[2026-08-12T04:56:21.604+0000] {processor.py:925} INFO - DAG(s) 'example_sensor_decorator' retrieved from /home/airflow/.local/lib/python3.12/site-packages/airflow/example_dags/example_sensor_decorator.py
[2026-08-12T04:56:21.634+0000] {logging_mixin.py:190} INFO - [2026-08-12T04:56:21.634+0000] {dag.py:3211} INFO - Sync 1 DAGs
[2026-08-12T04:56:21.659+0000] {logging_mixin.py:190} INFO - [2026-08-12T04:56:21.658+0000] {dag.py:4138} INFO - Setting next_dagrun for example_sensor_decorator to None, run_after=None
[2026-08-12T04:56:21.688+0000] {processor.py:208} INFO - Processing /home/airflow/.local/lib/python3.12/site-packages/airflow/example_dags/example_sensor_decorator.py took 0.109 seconds
[2026-08-12T04:56:52.141+0000] {processor.py:186} INFO - Started process (PID=3005) to work on /home/airflow/.local/lib/python3.12/site-packages/airflow/example_dags/example_sensor_decorator.py
[2026-08-12T04:56:52.143+0000] {processor.py:914} INFO - Processing file /home/airflow/.local/lib/python3.12/site-packages/airflow/example_dags/example_sensor_decorator.py for tasks to queue
[2026-08-12T04:56:52.147+0000] {logging_mixin.py:190} INFO - [2026-08-12T04:56:52.147+0000] {dagbag.py:587} INFO - Filling up the DagBag from /home/airflow/.local/lib/python3.12/site-packages/airflow/example_dags/example_sensor_decorator.py
[2026-08-12T04:56:52.159+0000] {processor.py:925} INFO - DAG(s) 'example_sensor_decorator' retrieved from /home/airflow/.local/lib/python3.12/site-packages/airflow/example_dags/example_sensor_decorator.py
[2026-08-12T04:56:52.183+0000] {logging_mixin.py:190} INFO - [2026-08-12T04:56:52.183+0000] {dag.py:3211} INFO - Sync 1 DAGs
[2026-08-12T04:56:52.199+0000] {logging_mixin.py:190} INFO - [2026-08-12T04:56:52.199+0000] {dag.py:4138} INFO - Setting next_dagrun for example_sensor_decorator to None, run_after=None
[2026-08-12T04:56:52.224+0000] {processor.py:208} INFO - Processing /home/airflow/.local/lib/python3.12/site-packages/airflow/example_dags/example_sensor_decorator.py took 0.091 seconds
[2026-08-12T04:57:22.447+0000] {processor.py:186} INFO - Started process (PID=3068) to work on /home/airflow/.local/lib/python3.12/site-packages/airflow/example_dags/example_sensor_decorator.py
[2026-08-12T04:57:22.450+0000] {processor.py:914} INFO - Processing file /home/airflow/.local/lib/python3.12/site-packages/airflow/example_dags/example_sensor_decorator.py for tasks to queue
[2026-08-12T04:57:22.455+0000] {logging_mixin.py:190} INFO - [2026-08-12T04:57:22.455+0000] {dagbag.py:587} INFO - Filling up the DagBag from /home/airflow/.local/lib/python3.12/site-packages/airflow/example_dags/example_sensor_decorator.py
[2026-08-12T04:57:22.467+0000] {processor.py:925} INFO - DAG(s) 'example_sensor_decorator' retrieved from /home/airflow/.local/lib/python3.12/site-packages/airflow/example_dags/example_sensor_decorator.py
[2026-08-12T04:57:22.493+0000] {logging_mixin.py:190} INFO - [2026-08-12T04:57:22.492+0000] {dag.py:3211} INFO - Sync 1 DAGs
[2026-08-12T04:57:22.512+0000] {logging_mixin.py:190} INFO - [2026-08-12T04:57:22.511+0000] {dag.py:4138} INFO - Setting next_dagrun for example_sensor_decorator to None, run_after=None
[2026-08-12T04:57:22.541+0000] {processor.py:208} INFO - Processing /home/airflow/.local/lib/python3.12/site-packages/airflow/example_dags/example_sensor_decorator.py took 0.102 seconds
[2026-08-12T04:57:53.018+0000] {processor.py:186} INFO - Started process (PID=3131) to work on /home/airflow/.local/lib/python3.12/site-packages/airflow/example_dags/example_sensor_decorator.py
[2026-08-12T04:57:53.020+0000] {processor.py:914} INFO - Processing file /home/airflow/.local/lib/python3.12/site-packages/airflow/example_dags/example_sensor_decorator.py for tasks to queue
[2026-08-12T04:57:53.024+0000] {logging_mixin.py:190} INFO - [2026-08-12T04:57:53.023+0000] {dagbag.py:587} INFO - Filling up the DagBag from /home/airflow/.local/lib/python3.12/site-packages/airflow/example_dags/example_sensor_decorator.py
[2026-08-12T04:57:53.034+0000] {processor.py:925} INFO - DAG(s) 'example_sensor_decorator' retrieved from /home/airflow/.local/lib/python3.12/site-packages/airflow/example_dags/example_sensor_decorator.py
[2026-08-12T04:57:53.057+0000] {logging_mixin.py:190} INFO - [2026-08-12T04:57:53.056+0000] {dag.py:3211} INFO - Sync 1 DAGs
[2026-08-12T04:57:53.073+0000] {logging_mixin.py:190} INFO - [2026-08-12T04:57:53.073+0000] {dag.py:4138} INFO - Setting next_dagrun for example_sensor_decorator to None, run_after=None
[2026-08-12T04:57:53.102+0000] {processor.py:208} INFO - Processing /home/airflow/.local/lib/python3.12/site-packages/airflow/example_dags/example_sensor_decorator.py took 0.091 seconds
[2026-08-12T04:58:23.300+0000] {processor.py:186} INFO - Started process (PID=3194) to work on /home/airflow/.local/lib/python3.12/site-packages/airflow/example_dags/example_sensor_decorator.py
[2026-08-12T04:58:23.303+0000] {processor.py:914} INFO - Processing file /home/airflow/.local/lib/python3.12/site-packages/airflow/example_dags/example_sensor_decorator.py for tasks to queue
[2026-08-12T04:58:23.310+0000] {logging_mixin.py:190} INFO - [2026-08-12T04:58:23.309+0000] {dagbag.py:587} INFO - Filling up the DagBag from /home/airflow/.local/lib/python3.12/site-packages/airflow/example_dags/example_sensor_decorator.py
[2026-08-12T04:58:23.324+0000] {processor.py:925} INFO - DAG(s) 'example_sensor_decorator' retrieved from /home/airflow/.local/lib/python3.12/site-packages/airflow/example_dags/example_sensor_decorator.py
[2026-08-12T04:58:23.350+0000] {logging_mixin.py:190} INFO - [2026-08-12T04:58:23.349+0000] {dag.py:3211} INFO - Sync 1 DAGs
[2026-08-12T04:58:23.369+0000] {logging_mixin.py:190} INFO - [2026-08-12T04:58:23.368+0000] {dag.py:4138} INFO - Setting next_dagrun for example_sensor_decorator to None, run_after=None
[2026-08-12T04:58:23.401+0000] {processor.py:208} INFO - Processing /home/airflow/.local/lib/python3.12/site-packages/airflow/example_dags/example_sensor_decorator.py took 0.110 seconds
[2026-08-12T04:58:53.752+0000] {processor.py:186} INFO - Started process (PID=3257) to work on /home/airflow/.local/lib/python3.12/site-packages/airflow/example_dags/example_sensor_decorator.py
[2026-08-12T04:58:53.755+0000] {processor.py:914} INFO - Processing file /home/airflow/.local/lib/python3.12/site-packages/airflow/example_dags/example_sensor_decorator.py for tasks to queue
[2026-08-12T04:58:53.759+0000] {logging_mixin.py:190} INFO - [2026-08-12T04:58:53.759+0000] {dagbag.py:587} INFO - Filling up the DagBag from /home/airflow/.local/lib/python3.12/site-packages/airflow/example_dags/example_sensor_decorator.py
[2026-08-12T04:58:53.770+0000] {processor.py:925} INFO - DAG(s) 'example_sensor_decorator' retrieved from /home/airflow/.local/lib/python3.12/site-packages/airflow/example_dags/example_sensor_decorator.py
[2026-08-12T04:58:53.793+0000] {logging_mixin.py:190} INFO - [2026-08-12T04:58:53.793+0000] {dag.py:3211} INFO - Sync 1 DAGs
[2026-08-12T04:58:53.810+0000] {logging_mixin.py:190} INFO - [2026-08-12T04:58:53.809+0000] {dag.py:4138} INFO - Setting next_dagrun for example_sensor_decorator to None, run_after=None
[2026-08-12T04:58:53.836+0000] {processor.py:208} INFO - Processing /home/airflow/.local/lib/python3.12/site-packages/airflow/example_dags/example_sensor_decorator.py took 0.091 seconds
[2026-08-12T04:59:23.955+0000] {processor.py:186} INFO - Started process (PID=3320) to work on /home/airflow/.local/lib/python3.12/site-packages/airflow/example_dags/example_sensor_decorator.py
[2026-08-12T04:59:23.958+0000] {processor.py:914} INFO - Processing file /home/airflow/.local/lib/python3.12/site-packages/airflow/example_dags/example_sensor_decorator.py for tasks to queue
[2026-08-12T04:59:23.963+0000] {logging_mixin.py:190} INFO - [2026-08-12T04:59:23.962+0000] {dagbag.py:587} INFO - Filling up the DagBag from /home/airflow/.local/lib/python3.12/site-packages/airflow/example_dags/example_sensor_decorator.py
[2026-08-12T04:59:23.976+0000] {processor.py:925} INFO - DAG(s) 'example_sensor_decorator' retrieved from /home/airflow/.local/lib/python3.12/site-packages/airflow/example_dags/example_sensor_decorator.py
[2026-08-12T04:59:24.004+0000] {logging_mixin.py:190} INFO - [2026-08-12T04:59:24.003+0000] {dag.py:3211} INFO - Sync 1 DAGs
[2026-08-12T04:59:24.022+0000] {logging_mixin.py:190} INFO - [2026-08-12T04:59:24.022+0000] {dag.py:4138} INFO - Setting next_dagrun for example_sensor_decorator to None, run_after=None
[2026-08-12T04:59:24.055+0000] {processor.py:208} INFO - Processing /home/airflow/.local/lib/python3.12/site-packages/airflow/example_dags/example_sensor_decorator.py took 0.109 seconds
[2026-08-12T04:59:54.387+0000] {processor.py:186} INFO - Started process (PID=3383) to work on /home/airflow/.local/lib/python3.12/site-packages/airflow/example_dags/example_sensor_decorator.py
[2026-08-12T04:59:54.390+0000] {processor.py:914} INFO - Processing file /home/airflow/.local/lib/python3.12/site-packages/airflow/example_dags/example_sensor_decorator.py for tasks to queue
[2026-08-12T04:59:54.395+0000] {logging_mixin.py:190} INFO - [2026-08-12T04:59:54.394+0000] {dagbag.py:587} INFO - Filling up the DagBag from /home/airflow/.local/lib/python3.12/site-packages/airflow/example_dags/example_sensor_decorator.py
[2026-08-12T04:59:54.405+0000] {processor.py:925} INFO - DAG(s) 'example_sensor_decorator' retrieved from /home/airflow/.local/lib/python3.12/site-packages/airflow/example_dags/example_sensor_decorator.py
[2026-08-12T04:59:54.427+0000] {logging_mixin.py:190} INFO - [2026-08-12T04:59:54.427+0000] {dag.py:3211} INFO - Sync 1 DAGs
[2026-08-12T04:59:54.443+0000] {logging_mixin.py:190} INFO - [2026-08-12T04:59:54.442+0000] {dag.py:4138} INFO - Setting next_dagrun for example_sensor_decorator to None, run_after=None
[2026-08-12T04:59:54.464+0000] {processor.py:208} INFO - Processing /home/airflow/.local/lib/python3.12/site-packages/airflow/example_dags/example_sensor_decorator.py took 0.083 seconds
[2026-08-12T05:00:24.590+0000] {processor.py:186} INFO - Started process (PID=3446) to work on /home/airflow/.local/lib/python3.12/site-packages/airflow/example_dags/example_sensor_decorator.py
[2026-08-12T05:00:24.593+0000] {processor.py:914} INFO - Processing file /home/airflow/.local/lib/python3.12/site-packages/airflow/example_dags/example_sensor_decorator.py for tasks to queue
[2026-08-12T05:00:24.597+0000] {logging_mixin.py:190} INFO - [2026-08-12T05:00:24.596+0000] {dagbag.py:587} INFO - Filling up the DagBag from /home/airflow/.local/lib/python3.12/site-packages/airflow/example_dags/example_sensor_decorator.py
[2026-08-12T05:00:24.608+0000] {processor.py:925} INFO - DAG(s) 'example_sensor_decorator' retrieved from /home/airflow/.local/lib/python3.12/site-packages/airflow/example_dags/example_sensor_decorator.py
[2026-08-12T05:00:24.630+0000] {logging_mixin.py:190} INFO - [2026-08-12T05:00:24.629+0000] {dag.py:3211} INFO - Sync 1 DAGs
[2026-08-12T05:00:24.644+0000] {logging_mixin.py:190} INFO - [2026-08-12T05:00:24.644+0000] {dag.py:4138} INFO - Setting next_dagrun for example_sensor_decorator to None, run_after=None
[2026-08-12T05:00:24.668+0000] {processor.py:208} INFO - Processing /home/airflow/.local/lib/python3.12/site-packages/airflow/example_dags/example_sensor_decorator.py took 0.085 seconds
[2026-08-12T05:00:55.385+0000] {processor.py:186} INFO - Started process (PID=3509) to work on /home/airflow/.local/lib/python3.12/site-packages/airflow/example_dags/example_sensor_decorator.py
[2026-08-12T05:00:55.389+0000] {processor.py:914} INFO - Processing file /home/airflow/.local/lib/python3.12/site-packages/airflow/example_dags/example_sensor_decorator.py for tasks to queue
[2026-08-12T05:00:55.395+0000] {logging_mixin.py:190} INFO - [2026-08-12T05:00:55.394+0000] {dagbag.py:587} INFO - Filling up the DagBag from /home/airflow/.local/lib/python3.12/site-packages/airflow/example_dags/example_sensor_decorator.py
[2026-08-12T05:00:55.413+0000] {processor.py:925} INFO - DAG(s) 'example_sensor_decorator' retrieved from /home/airflow/.local/lib/python3.12/site-packages/airflow/example_dags/example_sensor_decorator.py
[2026-08-12T05:00:55.451+0000] {logging_mixin.py:190} INFO - [2026-08-12T05:00:55.451+0000] {dag.py:3211} INFO - Sync 1 DAGs
[2026-08-12T05:00:55.471+0000] {logging_mixin.py:190} INFO - [2026-08-12T05:00:55.471+0000] {dag.py:4138} INFO - Setting next_dagrun for example_sensor_decorator to None, run_after=None
[2026-08-12T05:00:55.506+0000] {processor.py:208} INFO - Processing /home/airflow/.local/lib/python3.12/site-packages/airflow/example_dags/example_sensor_decorator.py took 0.136 seconds
[2026-08-12T05:01:25.802+0000] {processor.py:186} INFO - Started process (PID=3572) to work on /home/airflow/.local/lib/python3.12/site-packages/airflow/example_dags/example_sensor_decorator.py
[2026-08-12T05:01:25.804+0000] {processor.py:914} INFO - Processing file /home/airflow/.local/lib/python3.12/site-packages/airflow/example_dags/example_sensor_decorator.py for tasks to queue
[2026-08-12T05:01:25.810+0000] {logging_mixin.py:190} INFO - [2026-08-12T05:01:25.809+0000] {dagbag.py:587} INFO - Filling up the DagBag from /home/airflow/.local/lib/python3.12/site-packages/airflow/example_dags/example_sensor_decorator.py
[2026-08-12T05:01:25.827+0000] {processor.py:925} INFO - DAG(s) 'example_sensor_decorator' retrieved from /home/airflow/.local/lib/python3.12/site-packages/airflow/example_dags/example_sensor_decorator.py
[2026-08-12T05:01:25.864+0000] {logging_mixin.py:190} INFO - [2026-08-12T05:01:25.863+0000] {dag.py:3211} INFO - Sync 1 DAGs
[2026-08-12T05:01:25.891+0000] {logging_mixin.py:190} INFO - [2026-08-12T05:01:25.890+0000] {dag.py:4138} INFO - Setting next_dagrun for example_sensor_decorator to None, run_after=None
[2026-08-12T05:01:25.931+0000] {processor.py:208} INFO - Processing /home/airflow/.local/lib/python3.12/site-packages/airflow/example_dags/example_sensor_decorator.py took 0.136 seconds
[2026-08-12T05:01:56.753+0000] {processor.py:186} INFO - Started process (PID=3642) to work on /home/airflow/.local/lib/python3.12/site-packages/airflow/example_dags/example_sensor_decorator.py
[2026-08-12T05:01:56.755+0000] {processor.py:914} INFO - Processing file /home/airflow/.local/lib/python3.12/site-packages/airflow/example_dags/example_sensor_decorator.py for tasks to queue
[2026-08-12T05:01:56.760+0000] {logging_mixin.py:190} INFO - [2026-08-12T05:01:56.760+0000] {dagbag.py:587} INFO - Filling up the DagBag from /home/airflow/.local/lib/python3.12/site-packages/airflow/example_dags/example_sensor_decorator.py
[2026-08-12T05:01:56.778+0000] {processor.py:925} INFO - DAG(s) 'example_sensor_decorator' retrieved from /home/airflow/.local/lib/python3.12/site-packages/airflow/example_dags/example_sensor_decorator.py
[2026-08-12T05:01:56.810+0000] {logging_mixin.py:190} INFO - [2026-08-12T05:01:56.810+0000] {dag.py:3211} INFO - Sync 1 DAGs
[2026-08-12T05:01:56.829+0000] {logging_mixin.py:190} INFO - [2026-08-12T05:01:56.829+0000] {dag.py:4138} INFO - Setting next_dagrun for example_sensor_decorator to None, run_after=None
[2026-08-12T05:01:56.862+0000] {processor.py:208} INFO - Processing /home/airflow/.local/lib/python3.12/site-packages/airflow/example_dags/example_sensor_decorator.py took 0.116 seconds
[2026-08-12T05:02:27.420+0000] {processor.py:186} INFO - Started process (PID=3705) to work on /home/airflow/.local/lib/python3.12/site-packages/airflow/example_dags/example_sensor_decorator.py
[2026-08-12T05:02:27.424+0000] {processor.py:914} INFO - Processing file /home/airflow/.local/lib/python3.12/site-packages/airflow/example_dags/example_sensor_decorator.py for tasks to queue
[2026-08-12T05:02:27.429+0000] {logging_mixin.py:190} INFO - [2026-08-12T05:02:27.428+0000] {dagbag.py:587} INFO - Filling up the DagBag from /home/airflow/.local/lib/python3.12/site-packages/airflow/example_dags/example_sensor_decorator.py
[2026-08-12T05:02:27.443+0000] {processor.py:925} INFO - DAG(s) 'example_sensor_decorator' retrieved from /home/airflow/.local/lib/python3.12/site-packages/airflow/example_dags/example_sensor_decorator.py
[2026-08-12T05:02:27.472+0000] {logging_mixin.py:190} INFO - [2026-08-12T05:02:27.471+0000] {dag.py:3211} INFO - Sync 1 DAGs
[2026-08-12T05:02:27.492+0000] {logging_mixin.py:190} INFO - [2026-08-12T05:02:27.492+0000] {dag.py:4138} INFO - Setting next_dagrun for example_sensor_decorator to None, run_after=None
[2026-08-12T05:02:27.520+0000] {processor.py:208} INFO - Processing /home/airflow/.local/lib/python3.12/site-packages/airflow/example_dags/example_sensor_decorator.py took 0.107 seconds
[2026-08-12T05:02:58.236+0000] {processor.py:186} INFO - Started process (PID=3768) to work on /home/airflow/.local/lib/python3.12/site-packages/airflow/example_dags/example_sensor_decorator.py
[2026-08-12T05:02:58.240+0000] {processor.py:914} INFO - Processing file /home/airflow/.local/lib/python3.12/site-packages/airflow/example_dags/example_sensor_decorator.py for tasks to queue
[2026-08-12T05:02:58.249+0000] {logging_mixin.py:190} INFO - [2026-08-12T05:02:58.248+0000] {dagbag.py:587} INFO - Filling up the DagBag from /home/airflow/.local/lib/python3.12/site-packages/airflow/example_dags/example_sensor_decorator.py
[2026-08-12T05:02:58.270+0000] {processor.py:925} INFO - DAG(s) 'example_sensor_decorator' retrieved from /home/airflow/.local/lib/python3.12/site-packages/airflow/example_dags/example_sensor_decorator.py
[2026-08-12T05:02:58.321+0000] {logging_mixin.py:190} INFO - [2026-08-12T05:02:58.320+0000] {dag.py:3211} INFO - Sync 1 DAGs
[2026-08-12T05:02:58.346+0000] {logging_mixin.py:190} INFO - [2026-08-12T05:02:58.345+0000] {dag.py:4138} INFO - Setting next_dagrun for example_sensor_decorator to None, run_after=None
[2026-08-12T05:02:58.373+0000] {processor.py:208} INFO - Processing /home/airflow/.local/lib/python3.12/site-packages/airflow/example_dags/example_sensor_decorator.py took 0.150 seconds
[2026-08-12T05:03:29.106+0000] {processor.py:186} INFO - Started process (PID=3831) to work on /home/airflow/.local/lib/python3.12/site-packages/airflow/example_dags/example_sensor_decorator.py
[2026-08-12T05:03:29.108+0000] {processor.py:914} INFO - Processing file /home/airflow/.local/lib/python3.12/site-packages/airflow/example_dags/example_sensor_decorator.py for tasks to queue
[2026-08-12T05:03:29.112+0000] {logging_mixin.py:190} INFO - [2026-08-12T05:03:29.112+0000] {dagbag.py:587} INFO - Filling up the DagBag from /home/airflow/.local/lib/python3.12/site-packages/airflow/example_dags/example_sensor_decorator.py
[2026-08-12T05:03:29.130+0000] {processor.py:925} INFO - DAG(s) 'example_sensor_decorator' retrieved from /home/airflow/.local/lib/python3.12/site-packages/airflow/example_dags/example_sensor_decorator.py
[2026-08-12T05:03:29.158+0000] {logging_mixin.py:190} INFO - [2026-08-12T05:03:29.158+0000] {dag.py:3211} INFO - Sync 1 DAGs
[2026-08-12T05:03:29.174+0000] {logging_mixin.py:190} INFO - [2026-08-12T05:03:29.174+0000] {dag.py:4138} INFO - Setting next_dagrun for example_sensor_decorator to None, run_after=None
[2026-08-12T05:03:29.201+0000] {processor.py:208} INFO - Processing /home/airflow/.local/lib/python3.12/site-packages/airflow/example_dags/example_sensor_decorator.py took 0.101 seconds
[2026-08-12T05:03:59.593+0000] {processor.py:186} INFO - Started process (PID=3894) to work on /home/airflow/.local/lib/python3.12/site-packages/airflow/example_dags/example_sensor_decorator.py
[2026-08-12T05:03:59.595+0000] {processor.py:914} INFO - Processing file /home/airflow/.local/lib/python3.12/site-packages/airflow/example_dags/example_sensor_decorator.py for tasks to queue
[2026-08-12T05:03:59.599+0000] {logging_mixin.py:190} INFO - [2026-08-12T05:03:59.599+0000] {dagbag.py:587} INFO - Filling up the DagBag from /home/airflow/.local/lib/python3.12/site-packages/airflow/example_dags/example_sensor_decorator.py
[2026-08-12T05:03:59.614+0000] {processor.py:925} INFO - DAG(s) 'example_sensor_decorator' retrieved from /home/airflow/.local/lib/python3.12/site-packages/airflow/example_dags/example_sensor_decorator.py
[2026-08-12T05:03:59.645+0000] {logging_mixin.py:190} INFO - [2026-08-12T05:03:59.644+0000] {dag.py:3211} INFO - Sync 1 DAGs
[2026-08-12T05:03:59.663+0000] {logging_mixin.py:190} INFO - [2026-08-12T05:03:59.663+0000] {dag.py:4138} INFO - Setting next_dagrun for example_sensor_decorator to None, run_after=None
[2026-08-12T05:03:59.692+0000] {processor.py:208} INFO - Processing /home/airflow/.local/lib/python3.12/site-packages/airflow/example_dags/example_sensor_decorator.py took 0.106 seconds
[2026-08-12T05:04:30.114+0000] {processor.py:186} INFO - Started process (PID=3957) to work on /home/airflow/.local/lib/python3.12/site-packages/airflow/example_dags/example_sensor_decorator.py
[2026-08-12T05:04:30.119+0000] {processor.py:914} INFO - Processing file /home/airflow/.local/lib/python3.12/site-packages/airflow/example_dags/example_sensor_decorator.py for tasks to queue
[2026-08-12T05:04:30.132+0000] {logging_mixin.py:190} INFO - [2026-08-12T05:04:30.131+0000] {dagbag.py:587} INFO - Filling up the DagBag from /home/airflow/.local/lib/python3.12/site-packages/airflow/example_dags/example_sensor_decorator.py
[2026-08-12T05:04:30.160+0000] {processor.py:925} INFO - DAG(s) 'example_sensor_decorator' retrieved from /home/airflow/.local/lib/python3.12/site-packages/airflow/example_dags/example_sensor_decorator.py
[2026-08-12T05:04:30.222+0000] {logging_mixin.py:190} INFO - [2026-08-12T05:04:30.221+0000] {dag.py:3211} INFO - Sync 1 DAGs
[2026-08-12T05:04:30.241+0000] {logging_mixin.py:190} INFO - [2026-08-12T05:04:30.241+0000] {dag.py:4138} INFO - Setting next_dagrun for example_sensor_decorator to None, run_after=None
[2026-08-12T05:04:30.290+0000] {processor.py:208} INFO - Processing /home/airflow/.local/lib/python3.12/site-packages/airflow/example_dags/example_sensor_decorator.py took 0.190 seconds
[2026-08-12T05:05:00.950+0000] {processor.py:186} INFO - Started process (PID=4020) to work on /home/airflow/.local/lib/python3.12/site-packages/airflow/example_dags/example_sensor_decorator.py
[2026-08-12T05:05:00.953+0000] {processor.py:914} INFO - Processing file /home/airflow/.local/lib/python3.12/site-packages/airflow/example_dags/example_sensor_decorator.py for tasks to queue
[2026-08-12T05:05:00.958+0000] {logging_mixin.py:190} INFO - [2026-08-12T05:05:00.957+0000] {dagbag.py:587} INFO - Filling up the DagBag from /home/airflow/.local/lib/python3.12/site-packages/airflow/example_dags/example_sensor_decorator.py
[2026-08-12T05:05:00.971+0000] {processor.py:925} INFO - DAG(s) 'example_sensor_decorator' retrieved from /home/airflow/.local/lib/python3.12/site-packages/airflow/example_dags/example_sensor_decorator.py
[2026-08-12T05:05:01.001+0000] {logging_mixin.py:190} INFO - [2026-08-12T05:05:01.001+0000] {dag.py:3211} INFO - Sync 1 DAGs
[2026-08-12T05:05:01.021+0000] {logging_mixin.py:190} INFO - [2026-08-12T05:05:01.021+0000] {dag.py:4138} INFO - Setting next_dagrun for example_sensor_decorator to None, run_after=None
[2026-08-12T05:05:01.054+0000] {processor.py:208} INFO - Processing /home/airflow/.local/lib/python3.12/site-packages/airflow/example_dags/example_sensor_decorator.py took 0.111 seconds
[2026-08-12T05:05:31.665+0000] {processor.py:186} INFO - Started process (PID=4083) to work on /home/airflow/.local/lib/python3.12/site-packages/airflow/example_dags/example_sensor_decorator.py
[2026-08-12T05:05:31.667+0000] {processor.py:914} INFO - Processing file /home/airflow/.local/lib/python3.12/site-packages/airflow/example_dags/example_sensor_decorator.py for tasks to queue
[2026-08-12T05:05:31.672+0000] {logging_mixin.py:190} INFO - [2026-08-12T05:05:31.671+0000] {dagbag.py:587} INFO - Filling up the DagBag from /home/airflow/.local/lib/python3.12/site-packages/airflow/example_dags/example_sensor_decorator.py
[2026-08-12T05:05:31.687+0000] {processor.py:925} INFO - DAG(s) 'example_sensor_decorator' retrieved from /home/airflow/.local/lib/python3.12/site-packages/airflow/example_dags/example_sensor_decorator.py
[2026-08-12T05:05:31.937+0000] {logging_mixin.py:190} INFO - [2026-08-12T05:05:31.937+0000] {dag.py:3211} INFO - Sync 1 DAGs
[2026-08-12T05:05:31.964+0000] {logging_mixin.py:190} INFO - [2026-08-12T05:05:31.964+0000] {dag.py:4138} INFO - Setting next_dagrun for example_sensor_decorator to None, run_after=None
[2026-08-12T05:05:32.001+0000] {processor.py:208} INFO - Processing /home/airflow/.local/lib/python3.12/site-packages/airflow/example_dags/example_sensor_decorator.py took 0.343 seconds
[2026-08-12T05:06:02.220+0000] {processor.py:186} INFO - Started process (PID=4146) to work on /home/airflow/.local/lib/python3.12/site-packages/airflow/example_dags/example_sensor_decorator.py
[2026-08-12T05:06:02.223+0000] {processor.py:914} INFO - Processing file /home/airflow/.local/lib/python3.12/site-packages/airflow/example_dags/example_sensor_decorator.py for tasks to queue
[2026-08-12T05:06:02.227+0000] {logging_mixin.py:190} INFO - [2026-08-12T05:06:02.226+0000] {dagbag.py:587} INFO - Filling up the DagBag from /home/airflow/.local/lib/python3.12/site-packages/airflow/example_dags/example_sensor_decorator.py
[2026-08-12T05:06:02.237+0000] {processor.py:925} INFO - DAG(s) 'example_sensor_decorator' retrieved from /home/airflow/.local/lib/python3.12/site-packages/airflow/example_dags/example_sensor_decorator.py
[2026-08-12T05:06:02.270+0000] {logging_mixin.py:190} INFO - [2026-08-12T05:06:02.269+0000] {dag.py:3211} INFO - Sync 1 DAGs
[2026-08-12T05:06:02.292+0000] {logging_mixin.py:190} INFO - [2026-08-12T05:06:02.292+0000] {dag.py:4138} INFO - Setting next_dagrun for example_sensor_decorator to None, run_after=None
[2026-08-12T05:06:02.324+0000] {processor.py:208} INFO - Processing /home/airflow/.local/lib/python3.12/site-packages/airflow/example_dags/example_sensor_decorator.py took 0.114 seconds
[2026-08-12T05:06:32.483+0000] {processor.py:186} INFO - Started process (PID=4209) to work on /home/airflow/.local/lib/python3.12/site-packages/airflow/example_dags/example_sensor_decorator.py
[2026-08-12T05:06:32.485+0000] {processor.py:914} INFO - Processing file /home/airflow/.local/lib/python3.12/site-packages/airflow/example_dags/example_sensor_decorator.py for tasks to queue
[2026-08-12T05:06:32.492+0000] {logging_mixin.py:190} INFO - [2026-08-12T05:06:32.491+0000] {dagbag.py:587} INFO - Filling up the DagBag from /home/airflow/.local/lib/python3.12/site-packages/airflow/example_dags/example_sensor_decorator.py
[2026-08-12T05:06:32.505+0000] {processor.py:925} INFO - DAG(s) 'example_sensor_decorator' retrieved from /home/airflow/.local/lib/python3.12/site-packages/airflow/example_dags/example_sensor_decorator.py
[2026-08-12T05:06:32.528+0000] {logging_mixin.py:190} INFO - [2026-08-12T05:06:32.528+0000] {dag.py:3211} INFO - Sync 1 DAGs
[2026-08-12T05:06:32.544+0000] {logging_mixin.py:190} INFO - [2026-08-12T05:06:32.544+0000] {dag.py:4138} INFO - Setting next_dagrun for example_sensor_decorator to None, run_after=None
[2026-08-12T05:06:32.569+0000] {processor.py:208} INFO - Processing /home/airflow/.local/lib/python3.12/site-packages/airflow/example_dags/example_sensor_decorator.py took 0.093 seconds
[2026-08-12T05:07:02.877+0000] {processor.py:186} INFO - Started process (PID=4272) to work on /home/airflow/.local/lib/python3.12/site-packages/airflow/example_dags/example_sensor_decorator.py
[2026-08-12T05:07:02.879+0000] {processor.py:914} INFO - Processing file /home/airflow/.local/lib/python3.12/site-packages/airflow/example_dags/example_sensor_decorator.py for tasks to queue
[2026-08-12T05:07:02.883+0000] {logging_mixin.py:190} INFO - [2026-08-12T05:07:02.883+0000] {dagbag.py:587} INFO - Filling up the DagBag from /home/airflow/.local/lib/python3.12/site-packages/airflow/example_dags/example_sensor_decorator.py
[2026-08-12T05:07:02.893+0000] {processor.py:925} INFO - DAG(s) 'example_sensor_decorator' retrieved from /home/airflow/.local/lib/python3.12/site-packages/airflow/example_dags/example_sensor_decorator.py
[2026-08-12T05:07:02.915+0000] {logging_mixin.py:190} INFO - [2026-08-12T05:07:02.915+0000] {dag.py:3211} INFO - Sync 1 DAGs
[2026-08-12T05:07:02.930+0000] {logging_mixin.py:190} INFO - [2026-08-12T05:07:02.930+0000] {dag.py:4138} INFO - Setting next_dagrun for example_sensor_decorator to None, run_after=None
[2026-08-12T05:07:02.956+0000] {processor.py:208} INFO - Processing /home/airflow/.local/lib/python3.12/site-packages/airflow/example_dags/example_sensor_decorator.py took 0.085 seconds
[2026-08-12T05:07:33.409+0000] {processor.py:186} INFO - Started process (PID=4335) to work on /home/airflow/.local/lib/python3.12/site-packages/airflow/example_dags/example_sensor_decorator.py
[2026-08-12T05:07:33.411+0000] {processor.py:914} INFO - Processing file /home/airflow/.local/lib/python3.12/site-packages/airflow/example_dags/example_sensor_decorator.py for tasks to queue
[2026-08-12T05:07:33.416+0000] {logging_mixin.py:190} INFO - [2026-08-12T05:07:33.415+0000] {dagbag.py:587} INFO - Filling up the DagBag from /home/airflow/.local/lib/python3.12/site-packages/airflow/example_dags/example_sensor_decorator.py
[2026-08-12T05:07:33.426+0000] {processor.py:925} INFO - DAG(s) 'example_sensor_decorator' retrieved from /home/airflow/.local/lib/python3.12/site-packages/airflow/example_dags/example_sensor_decorator.py
[2026-08-12T05:07:33.453+0000] {logging_mixin.py:190} INFO - [2026-08-12T05:07:33.453+0000] {dag.py:3211} INFO - Sync 1 DAGs
[2026-08-12T05:07:33.471+0000] {logging_mixin.py:190} INFO - [2026-08-12T05:07:33.471+0000] {dag.py:4138} INFO - Setting next_dagrun for example_sensor_decorator to None, run_after=None
[2026-08-12T05:07:33.497+0000] {processor.py:208} INFO - Processing /home/airflow/.local/lib/python3.12/site-packages/airflow/example_dags/example_sensor_decorator.py took 0.095 seconds
[2026-08-12T05:08:03.690+0000] {processor.py:186} INFO - Started process (PID=4398) to work on /home/airflow/.local/lib/python3.12/site-packages/airflow/example_dags/example_sensor_decorator.py
[2026-08-12T05:08:03.693+0000] {processor.py:914} INFO - Processing file /home/airflow/.local/lib/python3.12/site-packages/airflow/example_dags/example_sensor_decorator.py for tasks to queue
[2026-08-12T05:08:03.697+0000] {logging_mixin.py:190} INFO - [2026-08-12T05:08:03.697+0000] {dagbag.py:587} INFO - Filling up the DagBag from /home/airflow/.local/lib/python3.12/site-packages/airflow/example_dags/example_sensor_decorator.py
[2026-08-12T05:08:03.709+0000] {processor.py:925} INFO - DAG(s) 'example_sensor_decorator' retrieved from /home/airflow/.local/lib/python3.12/site-packages/airflow/example_dags/example_sensor_decorator.py
[2026-08-12T05:08:03.736+0000] {logging_mixin.py:190} INFO - [2026-08-12T05:08:03.736+0000] {dag.py:3211} INFO - Sync 1 DAGs
[2026-08-12T05:08:03.758+0000] {logging_mixin.py:190} INFO - [2026-08-12T05:08:03.758+0000] {dag.py:4138} INFO - Setting next_dagrun for example_sensor_decorator to None, run_after=None
[2026-08-12T05:08:03.788+0000] {processor.py:208} INFO - Processing /home/airflow/.local/lib/python3.12/site-packages/airflow/example_dags/example_sensor_decorator.py took 0.104 seconds
[2026-08-12T05:08:33.931+0000] {processor.py:186} INFO - Started process (PID=4461) to work on /home/airflow/.local/lib/python3.12/site-packages/airflow/example_dags/example_sensor_decorator.py
[2026-08-12T05:08:33.934+0000] {processor.py:914} INFO - Processing file /home/airflow/.local/lib/python3.12/site-packages/airflow/example_dags/example_sensor_decorator.py for tasks to queue
[2026-08-12T05:08:33.938+0000] {logging_mixin.py:190} INFO - [2026-08-12T05:08:33.938+0000] {dagbag.py:587} INFO - Filling up the DagBag from /home/airflow/.local/lib/python3.12/site-packages/airflow/example_dags/example_sensor_decorator.py
[2026-08-12T05:08:33.948+0000] {processor.py:925} INFO - DAG(s) 'example_sensor_decorator' retrieved from /home/airflow/.local/lib/python3.12/site-packages/airflow/example_dags/example_sensor_decorator.py
[2026-08-12T05:08:33.972+0000] {logging_mixin.py:190} INFO - [2026-08-12T05:08:33.972+0000] {dag.py:3211} INFO - Sync 1 DAGs
[2026-08-12T05:08:33.991+0000] {logging_mixin.py:190} INFO - [2026-08-12T05:08:33.991+0000] {dag.py:4138} INFO - Setting next_dagrun for example_sensor_decorator to None, run_after=None
[2026-08-12T05:08:34.017+0000] {processor.py:208} INFO - Processing /home/airflow/.local/lib/python3.12/site-packages/airflow/example_dags/example_sensor_decorator.py took 0.093 seconds
[2026-08-12T05:09:04.195+0000] {processor.py:186} INFO - Started process (PID=4524) to work on /home/airflow/.local/lib/python3.12/site-packages/airflow/example_dags/example_sensor_decorator.py
[2026-08-12T05:09:04.198+0000] {processor.py:914} INFO - Processing file /home/airflow/.local/lib/python3.12/site-packages/airflow/example_dags/example_sensor_decorator.py for tasks to queue
[2026-08-12T05:09:04.205+0000] {logging_mixin.py:190} INFO - [2026-08-12T05:09:04.204+0000] {dagbag.py:587} INFO - Filling up the DagBag from /home/airflow/.local/lib/python3.12/site-packages/airflow/example_dags/example_sensor_decorator.py
[2026-08-12T05:09:04.216+0000] {processor.py:925} INFO - DAG(s) 'example_sensor_decorator' retrieved from /home/airflow/.local/lib/python3.12/site-packages/airflow/example_dags/example_sensor_decorator.py
[2026-08-12T05:09:04.248+0000] {logging_mixin.py:190} INFO - [2026-08-12T05:09:04.247+0000] {dag.py:3211} INFO - Sync 1 DAGs
[2026-08-12T05:09:04.268+0000] {logging_mixin.py:190} INFO - [2026-08-12T05:09:04.267+0000] {dag.py:4138} INFO - Setting next_dagrun for example_sensor_decorator to None, run_after=None
[2026-08-12T05:09:04.303+0000] {processor.py:208} INFO - Processing /home/airflow/.local/lib/python3.12/site-packages/airflow/example_dags/example_sensor_decorator.py took 0.116 seconds
[2026-08-12T05:09:34.947+0000] {processor.py:186} INFO - Started process (PID=4587) to work on /home/airflow/.local/lib/python3.12/site-packages/airflow/example_dags/example_sensor_decorator.py
[2026-08-12T05:09:34.950+0000] {processor.py:914} INFO - Processing file /home/airflow/.local/lib/python3.12/site-packages/airflow/example_dags/example_sensor_decorator.py for tasks to queue
[2026-08-12T05:09:34.954+0000] {logging_mixin.py:190} INFO - [2026-08-12T05:09:34.954+0000] {dagbag.py:587} INFO - Filling up the DagBag from /home/airflow/.local/lib/python3.12/site-packages/airflow/example_dags/example_sensor_decorator.py
[2026-08-12T05:09:34.965+0000] {processor.py:925} INFO - DAG(s) 'example_sensor_decorator' retrieved from /home/airflow/.local/lib/python3.12/site-packages/airflow/example_dags/example_sensor_decorator.py
[2026-08-12T05:09:34.988+0000] {logging_mixin.py:190} INFO - [2026-08-12T05:09:34.988+0000] {dag.py:3211} INFO - Sync 1 DAGs
[2026-08-12T05:09:35.004+0000] {logging_mixin.py:190} INFO - [2026-08-12T05:09:35.004+0000] {dag.py:4138} INFO - Setting next_dagrun for example_sensor_decorator to None, run_after=None
[2026-08-12T05:09:35.027+0000] {processor.py:208} INFO - Processing /home/airflow/.local/lib/python3.12/site-packages/airflow/example_dags/example_sensor_decorator.py took 0.088 seconds
[2026-08-12T05:10:05.119+0000] {processor.py:186} INFO - Started process (PID=4650) to work on /home/airflow/.local/lib/python3.12/site-packages/airflow/example_dags/example_sensor_decorator.py
[2026-08-12T05:10:05.122+0000] {processor.py:914} INFO - Processing file /home/airflow/.local/lib/python3.12/site-packages/airflow/example_dags/example_sensor_decorator.py for tasks to queue
[2026-08-12T05:10:05.130+0000] {logging_mixin.py:190} INFO - [2026-08-12T05:10:05.129+0000] {dagbag.py:587} INFO - Filling up the DagBag from /home/airflow/.local/lib/python3.12/site-packages/airflow/example_dags/example_sensor_decorator.py
[2026-08-12T05:10:05.143+0000] {processor.py:925} INFO - DAG(s) 'example_sensor_decorator' retrieved from /home/airflow/.local/lib/python3.12/site-packages/airflow/example_dags/example_sensor_decorator.py
[2026-08-12T05:10:05.175+0000] {logging_mixin.py:190} INFO - [2026-08-12T05:10:05.174+0000] {dag.py:3211} INFO - Sync 1 DAGs
[2026-08-12T05:10:05.193+0000] {logging_mixin.py:190} INFO - [2026-08-12T05:10:05.193+0000] {dag.py:4138} INFO - Setting next_dagrun for example_sensor_decorator to None, run_after=None
[2026-08-12T05:10:05.223+0000] {processor.py:208} INFO - Processing /home/airflow/.local/lib/python3.12/site-packages/airflow/example_dags/example_sensor_decorator.py took 0.113 seconds
[2026-08-12T05:10:35.549+0000] {processor.py:186} INFO - Started process (PID=4713) to work on /home/airflow/.local/lib/python3.12/site-packages/airflow/example_dags/example_sensor_decorator.py
[2026-08-12T05:10:35.552+0000] {processor.py:914} INFO - Processing file /home/airflow/.local/lib/python3.12/site-packages/airflow/example_dags/example_sensor_decorator.py for tasks to queue
[2026-08-12T05:10:35.556+0000] {logging_mixin.py:190} INFO - [2026-08-12T05:10:35.555+0000] {dagbag.py:587} INFO - Filling up the DagBag from /home/airflow/.local/lib/python3.12/site-packages/airflow/example_dags/example_sensor_decorator.py
[2026-08-12T05:10:35.565+0000] {processor.py:925} INFO - DAG(s) 'example_sensor_decorator' retrieved from /home/airflow/.local/lib/python3.12/site-packages/airflow/example_dags/example_sensor_decorator.py
[2026-08-12T05:10:35.586+0000] {logging_mixin.py:190} INFO - [2026-08-12T05:10:35.586+0000] {dag.py:3211} INFO - Sync 1 DAGs
[2026-08-12T05:10:35.603+0000] {logging_mixin.py:190} INFO - [2026-08-12T05:10:35.603+0000] {dag.py:4138} INFO - Setting next_dagrun for example_sensor_decorator to None, run_after=None
[2026-08-12T05:10:35.625+0000] {processor.py:208} INFO - Processing /home/airflow/.local/lib/python3.12/site-packages/airflow/example_dags/example_sensor_decorator.py took 0.081 seconds
[2026-08-12T05:11:06.025+0000] {processor.py:186} INFO - Started process (PID=4776) to work on /home/airflow/.local/lib/python3.12/site-packages/airflow/example_dags/example_sensor_decorator.py
[2026-08-12T05:11:06.028+0000] {processor.py:914} INFO - Processing file /home/airflow/.local/lib/python3.12/site-packages/airflow/example_dags/example_sensor_decorator.py for tasks to queue
[2026-08-12T05:11:06.033+0000] {logging_mixin.py:190} INFO - [2026-08-12T05:11:06.032+0000] {dagbag.py:587} INFO - Filling up the DagBag from /home/airflow/.local/lib/python3.12/site-packages/airflow/example_dags/example_sensor_decorator.py
[2026-08-12T05:11:06.044+0000] {processor.py:925} INFO - DAG(s) 'example_sensor_decorator' retrieved from /home/airflow/.local/lib/python3.12/site-packages/airflow/example_dags/example_sensor_decorator.py
[2026-08-12T05:11:06.066+0000] {logging_mixin.py:190} INFO - [2026-08-12T05:11:06.066+0000] {dag.py:3211} INFO - Sync 1 DAGs
[2026-08-12T05:11:06.082+0000] {logging_mixin.py:190} INFO - [2026-08-12T05:11:06.082+0000] {dag.py:4138} INFO - Setting next_dagrun for example_sensor_decorator to None, run_after=None
[2026-08-12T05:11:06.101+0000] {processor.py:208} INFO - Processing /home/airflow/.local/lib/python3.12/site-packages/airflow/example_dags/example_sensor_decorator.py took 0.083 seconds
[2026-08-12T05:11:36.799+0000] {processor.py:186} INFO - Started process (PID=4839) to work on /home/airflow/.local/lib/python3.12/site-packages/airflow/example_dags/example_sensor_decorator.py
[2026-08-12T05:11:36.802+0000] {processor.py:914} INFO - Processing file /home/airflow/.local/lib/python3.12/site-packages/airflow/example_dags/example_sensor_decorator.py for tasks to queue
[2026-08-12T05:11:36.807+0000] {logging_mixin.py:190} INFO - [2026-08-12T05:11:36.807+0000] {dagbag.py:587} INFO - Filling up the DagBag from /home/airflow/.local/lib/python3.12/site-packages/airflow/example_dags/example_sensor_decorator.py
[2026-08-12T05:11:36.819+0000] {processor.py:925} INFO - DAG(s) 'example_sensor_decorator' retrieved from /home/airflow/.local/lib/python3.12/site-packages/airflow/example_dags/example_sensor_decorator.py
[2026-08-12T05:11:36.846+0000] {logging_mixin.py:190} INFO - [2026-08-12T05:11:36.845+0000] {dag.py:3211} INFO - Sync 1 DAGs
[2026-08-12T05:11:36.863+0000] {logging_mixin.py:190} INFO - [2026-08-12T05:11:36.863+0000] {dag.py:4138} INFO - Setting next_dagrun for example_sensor_decorator to None, run_after=None
[2026-08-12T05:11:36.895+0000] {processor.py:208} INFO - Processing /home/airflow/.local/lib/python3.12/site-packages/airflow/example_dags/example_sensor_decorator.py took 0.102 seconds
[2026-08-12T05:12:07.020+0000] {processor.py:186} INFO - Started process (PID=4902) to work on /home/airflow/.local/lib/python3.12/site-packages/airflow/example_dags/example_sensor_decorator.py
[2026-08-12T05:12:07.027+0000] {processor.py:914} INFO - Processing file /home/airflow/.local/lib/python3.12/site-packages/airflow/example_dags/example_sensor_decorator.py for tasks to queue
[2026-08-12T05:12:07.034+0000] {logging_mixin.py:190} INFO - [2026-08-12T05:12:07.033+0000] {dagbag.py:587} INFO - Filling up the DagBag from /home/airflow/.local/lib/python3.12/site-packages/airflow/example_dags/example_sensor_decorator.py
[2026-08-12T05:12:07.049+0000] {processor.py:925} INFO - DAG(s) 'example_sensor_decorator' retrieved from /home/airflow/.local/lib/python3.12/site-packages/airflow/example_dags/example_sensor_decorator.py
[2026-08-12T05:12:07.080+0000] {logging_mixin.py:190} INFO - [2026-08-12T05:12:07.080+0000] {dag.py:3211} INFO - Sync 1 DAGs
[2026-08-12T05:12:07.102+0000] {logging_mixin.py:190} INFO - [2026-08-12T05:12:07.102+0000] {dag.py:4138} INFO - Setting next_dagrun for example_sensor_decorator to None, run_after=None
[2026-08-12T05:12:07.136+0000] {processor.py:208} INFO - Processing /home/airflow/.local/lib/python3.12/site-packages/airflow/example_dags/example_sensor_decorator.py took 0.132 seconds
[2026-08-12T05:12:37.347+0000] {processor.py:186} INFO - Started process (PID=4965) to work on /home/airflow/.local/lib/python3.12/site-packages/airflow/example_dags/example_sensor_decorator.py
[2026-08-12T05:12:37.350+0000] {processor.py:914} INFO - Processing file /home/airflow/.local/lib/python3.12/site-packages/airflow/example_dags/example_sensor_decorator.py for tasks to queue
[2026-08-12T05:12:37.355+0000] {logging_mixin.py:190} INFO - [2026-08-12T05:12:37.355+0000] {dagbag.py:587} INFO - Filling up the DagBag from /home/airflow/.local/lib/python3.12/site-packages/airflow/example_dags/example_sensor_decorator.py
[2026-08-12T05:12:37.366+0000] {processor.py:925} INFO - DAG(s) 'example_sensor_decorator' retrieved from /home/airflow/.local/lib/python3.12/site-packages/airflow/example_dags/example_sensor_decorator.py
[2026-08-12T05:12:37.393+0000] {logging_mixin.py:190} INFO - [2026-08-12T05:12:37.392+0000] {dag.py:3211} INFO - Sync 1 DAGs
[2026-08-12T05:12:37.410+0000] {logging_mixin.py:190} INFO - [2026-08-12T05:12:37.410+0000] {dag.py:4138} INFO - Setting next_dagrun for example_sensor_decorator to None, run_after=None
[2026-08-12T05:12:37.438+0000] {processor.py:208} INFO - Processing /home/airflow/.local/lib/python3.12/site-packages/airflow/example_dags/example_sensor_decorator.py took 0.100 seconds
[2026-08-12T05:13:07.723+0000] {processor.py:186} INFO - Started process (PID=5028) to work on /home/airflow/.local/lib/python3.12/site-packages/airflow/example_dags/example_sensor_decorator.py
[2026-08-12T05:13:07.725+0000] {processor.py:914} INFO - Processing file /home/airflow/.local/lib/python3.12/site-packages/airflow/example_dags/example_sensor_decorator.py for tasks to queue
[2026-08-12T05:13:07.729+0000] {logging_mixin.py:190} INFO - [2026-08-12T05:13:07.729+0000] {dagbag.py:587} INFO - Filling up the DagBag from /home/airflow/.local/lib/python3.12/site-packages/airflow/example_dags/example_sensor_decorator.py
[2026-08-12T05:13:07.739+0000] {processor.py:925} INFO - DAG(s) 'example_sensor_decorator' retrieved from /home/airflow/.local/lib/python3.12/site-packages/airflow/example_dags/example_sensor_decorator.py
[2026-08-12T05:13:07.761+0000] {logging_mixin.py:190} INFO - [2026-08-12T05:13:07.761+0000] {dag.py:3211} INFO - Sync 1 DAGs
[2026-08-12T05:13:07.775+0000] {logging_mixin.py:190} INFO - [2026-08-12T05:13:07.775+0000] {dag.py:4138} INFO - Setting next_dagrun for example_sensor_decorator to None, run_after=None
[2026-08-12T05:13:07.810+0000] {processor.py:208} INFO - Processing /home/airflow/.local/lib/python3.12/site-packages/airflow/example_dags/example_sensor_decorator.py took 0.095 seconds
[2026-08-12T05:13:38.227+0000] {processor.py:186} INFO - Started process (PID=5091) to work on /home/airflow/.local/lib/python3.12/site-packages/airflow/example_dags/example_sensor_decorator.py
[2026-08-12T05:13:38.229+0000] {processor.py:914} INFO - Processing file /home/airflow/.local/lib/python3.12/site-packages/airflow/example_dags/example_sensor_decorator.py for tasks to queue
[2026-08-12T05:13:38.234+0000] {logging_mixin.py:190} INFO - [2026-08-12T05:13:38.234+0000] {dagbag.py:587} INFO - Filling up the DagBag from /home/airflow/.local/lib/python3.12/site-packages/airflow/example_dags/example_sensor_decorator.py
[2026-08-12T05:13:38.245+0000] {processor.py:925} INFO - DAG(s) 'example_sensor_decorator' retrieved from /home/airflow/.local/lib/python3.12/site-packages/airflow/example_dags/example_sensor_decorator.py
[2026-08-12T05:13:38.267+0000] {logging_mixin.py:190} INFO - [2026-08-12T05:13:38.267+0000] {dag.py:3211} INFO - Sync 1 DAGs
[2026-08-12T05:13:38.282+0000] {logging_mixin.py:190} INFO - [2026-08-12T05:13:38.282+0000] {dag.py:4138} INFO - Setting next_dagrun for example_sensor_decorator to None, run_after=None
[2026-08-12T05:13:38.303+0000] {processor.py:208} INFO - Processing /home/airflow/.local/lib/python3.12/site-packages/airflow/example_dags/example_sensor_decorator.py took 0.082 seconds
[2026-08-12T05:14:08.468+0000] {processor.py:186} INFO - Started process (PID=5154) to work on /home/airflow/.local/lib/python3.12/site-packages/airflow/example_dags/example_sensor_decorator.py
[2026-08-12T05:14:08.471+0000] {processor.py:914} INFO - Processing file /home/airflow/.local/lib/python3.12/site-packages/airflow/example_dags/example_sensor_decorator.py for tasks to queue
[2026-08-12T05:14:08.474+0000] {logging_mixin.py:190} INFO - [2026-08-12T05:14:08.474+0000] {dagbag.py:587} INFO - Filling up the DagBag from /home/airflow/.local/lib/python3.12/site-packages/airflow/example_dags/example_sensor_decorator.py
[2026-08-12T05:14:08.484+0000] {processor.py:925} INFO - DAG(s) 'example_sensor_decorator' retrieved from /home/airflow/.local/lib/python3.12/site-packages/airflow/example_dags/example_sensor_decorator.py
[2026-08-12T05:14:08.505+0000] {logging_mixin.py:190} INFO - [2026-08-12T05:14:08.505+0000] {dag.py:3211} INFO - Sync 1 DAGs
[2026-08-12T05:14:08.520+0000] {logging_mixin.py:190} INFO - [2026-08-12T05:14:08.520+0000] {dag.py:4138} INFO - Setting next_dagrun for example_sensor_decorator to None, run_after=None
[2026-08-12T05:14:08.541+0000] {processor.py:208} INFO - Processing /home/airflow/.local/lib/python3.12/site-packages/airflow/example_dags/example_sensor_decorator.py took 0.079 seconds
[2026-08-12T05:14:39.375+0000] {processor.py:186} INFO - Started process (PID=5216) to work on /home/airflow/.local/lib/python3.12/site-packages/airflow/example_dags/example_sensor_decorator.py
[2026-08-12T05:14:39.378+0000] {processor.py:914} INFO - Processing file /home/airflow/.local/lib/python3.12/site-packages/airflow/example_dags/example_sensor_decorator.py for tasks to queue
[2026-08-12T05:14:39.382+0000] {logging_mixin.py:190} INFO - [2026-08-12T05:14:39.381+0000] {dagbag.py:587} INFO - Filling up the DagBag from /home/airflow/.local/lib/python3.12/site-packages/airflow/example_dags/example_sensor_decorator.py
[2026-08-12T05:14:39.392+0000] {processor.py:925} INFO - DAG(s) 'example_sensor_decorator' retrieved from /home/airflow/.local/lib/python3.12/site-packages/airflow/example_dags/example_sensor_decorator.py
[2026-08-12T05:14:39.417+0000] {logging_mixin.py:190} INFO - [2026-08-12T05:14:39.416+0000] {dag.py:3211} INFO - Sync 1 DAGs
[2026-08-12T05:14:39.433+0000] {logging_mixin.py:190} INFO - [2026-08-12T05:14:39.432+0000] {dag.py:4138} INFO - Setting next_dagrun for example_sensor_decorator to None, run_after=None
[2026-08-12T05:14:39.455+0000] {processor.py:208} INFO - Processing /home/airflow/.local/lib/python3.12/site-packages/airflow/example_dags/example_sensor_decorator.py took 0.086 seconds
[2026-08-12T05:15:09.975+0000] {processor.py:186} INFO - Started process (PID=5279) to work on /home/airflow/.local/lib/python3.12/site-packages/airflow/example_dags/example_sensor_decorator.py
[2026-08-12T05:15:09.978+0000] {processor.py:914} INFO - Processing file /home/airflow/.local/lib/python3.12/site-packages/airflow/example_dags/example_sensor_decorator.py for tasks to queue
[2026-08-12T05:15:09.984+0000] {logging_mixin.py:190} INFO - [2026-08-12T05:15:09.983+0000] {dagbag.py:587} INFO - Filling up the DagBag from /home/airflow/.local/lib/python3.12/site-packages/airflow/example_dags/example_sensor_decorator.py
[2026-08-12T05:15:10.002+0000] {processor.py:925} INFO - DAG(s) 'example_sensor_decorator' retrieved from /home/airflow/.local/lib/python3.12/site-packages/airflow/example_dags/example_sensor_decorator.py
[2026-08-12T05:15:10.053+0000] {logging_mixin.py:190} INFO - [2026-08-12T05:15:10.053+0000] {dag.py:3211} INFO - Sync 1 DAGs
[2026-08-12T05:15:10.077+0000] {logging_mixin.py:190} INFO - [2026-08-12T05:15:10.076+0000] {dag.py:4138} INFO - Setting next_dagrun for example_sensor_decorator to None, run_after=None
[2026-08-12T05:15:10.099+0000] {processor.py:208} INFO - Processing /home/airflow/.local/lib/python3.12/site-packages/airflow/example_dags/example_sensor_decorator.py took 0.132 seconds
[2026-08-12T05:15:40.851+0000] {processor.py:186} INFO - Started process (PID=5342) to work on /home/airflow/.local/lib/python3.12/site-packages/airflow/example_dags/example_sensor_decorator.py
[2026-08-12T05:15:40.854+0000] {processor.py:914} INFO - Processing file /home/airflow/.local/lib/python3.12/site-packages/airflow/example_dags/example_sensor_decorator.py for tasks to queue
[2026-08-12T05:15:40.860+0000] {logging_mixin.py:190} INFO - [2026-08-12T05:15:40.859+0000] {dagbag.py:587} INFO - Filling up the DagBag from /home/airflow/.local/lib/python3.12/site-packages/airflow/example_dags/example_sensor_decorator.py
[2026-08-12T05:15:40.872+0000] {processor.py:925} INFO - DAG(s) 'example_sensor_decorator' retrieved from /home/airflow/.local/lib/python3.12/site-packages/airflow/example_dags/example_sensor_decorator.py
[2026-08-12T05:15:40.896+0000] {logging_mixin.py:190} INFO - [2026-08-12T05:15:40.896+0000] {dag.py:3211} INFO - Sync 1 DAGs
[2026-08-12T05:15:40.914+0000] {logging_mixin.py:190} INFO - [2026-08-12T05:15:40.914+0000] {dag.py:4138} INFO - Setting next_dagrun for example_sensor_decorator to None, run_after=None
[2026-08-12T05:15:40.941+0000] {processor.py:208} INFO - Processing /home/airflow/.local/lib/python3.12/site-packages/airflow/example_dags/example_sensor_decorator.py took 0.098 seconds
[2026-08-12T05:16:11.297+0000] {processor.py:186} INFO - Started process (PID=5405) to work on /home/airflow/.local/lib/python3.12/site-packages/airflow/example_dags/example_sensor_decorator.py
[2026-08-12T05:16:11.299+0000] {processor.py:914} INFO - Processing file /home/airflow/.local/lib/python3.12/site-packages/airflow/example_dags/example_sensor_decorator.py for tasks to queue
[2026-08-12T05:16:11.303+0000] {logging_mixin.py:190} INFO - [2026-08-12T05:16:11.303+0000] {dagbag.py:587} INFO - Filling up the DagBag from /home/airflow/.local/lib/python3.12/site-packages/airflow/example_dags/example_sensor_decorator.py
[2026-08-12T05:16:11.318+0000] {processor.py:925} INFO - DAG(s) 'example_sensor_decorator' retrieved from /home/airflow/.local/lib/python3.12/site-packages/airflow/example_dags/example_sensor_decorator.py
[2026-08-12T05:16:11.350+0000] {logging_mixin.py:190} INFO - [2026-08-12T05:16:11.349+0000] {dag.py:3211} INFO - Sync 1 DAGs
[2026-08-12T05:16:11.369+0000] {logging_mixin.py:190} INFO - [2026-08-12T05:16:11.369+0000] {dag.py:4138} INFO - Setting next_dagrun for example_sensor_decorator to None, run_after=None
[2026-08-12T05:16:11.398+0000] {processor.py:208} INFO - Processing /home/airflow/.local/lib/python3.12/site-packages/airflow/example_dags/example_sensor_decorator.py took 0.109 seconds
[2026-08-12T05:16:41.542+0000] {processor.py:186} INFO - Started process (PID=5468) to work on /home/airflow/.local/lib/python3.12/site-packages/airflow/example_dags/example_sensor_decorator.py
[2026-08-12T05:16:41.544+0000] {processor.py:914} INFO - Processing file /home/airflow/.local/lib/python3.12/site-packages/airflow/example_dags/example_sensor_decorator.py for tasks to queue
[2026-08-12T05:16:41.550+0000] {logging_mixin.py:190} INFO - [2026-08-12T05:16:41.549+0000] {dagbag.py:587} INFO - Filling up the DagBag from /home/airflow/.local/lib/python3.12/site-packages/airflow/example_dags/example_sensor_decorator.py
[2026-08-12T05:16:41.562+0000] {processor.py:925} INFO - DAG(s) 'example_sensor_decorator' retrieved from /home/airflow/.local/lib/python3.12/site-packages/airflow/example_dags/example_sensor_decorator.py
[2026-08-12T05:16:41.592+0000] {logging_mixin.py:190} INFO - [2026-08-12T05:16:41.592+0000] {dag.py:3211} INFO - Sync 1 DAGs
[2026-08-12T05:16:41.609+0000] {logging_mixin.py:190} INFO - [2026-08-12T05:16:41.608+0000] {dag.py:4138} INFO - Setting next_dagrun for example_sensor_decorator to None, run_after=None
[2026-08-12T05:16:41.643+0000] {processor.py:208} INFO - Processing /home/airflow/.local/lib/python3.12/site-packages/airflow/example_dags/example_sensor_decorator.py took 0.106 seconds
[2026-08-12T05:17:12.196+0000] {processor.py:186} INFO - Started process (PID=5531) to work on /home/airflow/.local/lib/python3.12/site-packages/airflow/example_dags/example_sensor_decorator.py
[2026-08-12T05:17:12.199+0000] {processor.py:914} INFO - Processing file /home/airflow/.local/lib/python3.12/site-packages/airflow/example_dags/example_sensor_decorator.py for tasks to queue
[2026-08-12T05:17:12.204+0000] {logging_mixin.py:190} INFO - [2026-08-12T05:17:12.203+0000] {dagbag.py:587} INFO - Filling up the DagBag from /home/airflow/.local/lib/python3.12/site-packages/airflow/example_dags/example_sensor_decorator.py
[2026-08-12T05:17:12.215+0000] {processor.py:925} INFO - DAG(s) 'example_sensor_decorator' retrieved from /home/airflow/.local/lib/python3.12/site-packages/airflow/example_dags/example_sensor_decorator.py
[2026-08-12T05:17:12.240+0000] {logging_mixin.py:190} INFO - [2026-08-12T05:17:12.240+0000] {dag.py:3211} INFO - Sync 1 DAGs
[2026-08-12T05:17:12.258+0000] {logging_mixin.py:190} INFO - [2026-08-12T05:17:12.258+0000] {dag.py:4138} INFO - Setting next_dagrun for example_sensor_decorator to None, run_after=None
[2026-08-12T05:17:12.286+0000] {processor.py:208} INFO - Processing /home/airflow/.local/lib/python3.12/site-packages/airflow/example_dags/example_sensor_decorator.py took 0.097 seconds
[2026-08-12T05:17:42.796+0000] {processor.py:186} INFO - Started process (PID=5595) to work on /home/airflow/.local/lib/python3.12/site-packages/airflow/example_dags/example_sensor_decorator.py
[2026-08-12T05:17:42.798+0000] {processor.py:914} INFO - Processing file /home/airflow/.local/lib/python3.12/site-packages/airflow/example_dags/example_sensor_decorator.py for tasks to queue
[2026-08-12T05:17:42.802+0000] {logging_mixin.py:190} INFO - [2026-08-12T05:17:42.801+0000] {dagbag.py:587} INFO - Filling up the DagBag from /home/airflow/.local/lib/python3.12/site-packages/airflow/example_dags/example_sensor_decorator.py
[2026-08-12T05:17:42.816+0000] {processor.py:925} INFO - DAG(s) 'example_sensor_decorator' retrieved from /home/airflow/.local/lib/python3.12/site-packages/airflow/example_dags/example_sensor_decorator.py
[2026-08-12T05:17:42.853+0000] {logging_mixin.py:190} INFO - [2026-08-12T05:17:42.852+0000] {dag.py:3211} INFO - Sync 1 DAGs
[2026-08-12T05:17:42.879+0000] {logging_mixin.py:190} INFO - [2026-08-12T05:17:42.879+0000] {dag.py:4138} INFO - Setting next_dagrun for example_sensor_decorator to None, run_after=None
[2026-08-12T05:17:42.909+0000] {processor.py:208} INFO - Processing /home/airflow/.local/lib/python3.12/site-packages/airflow/example_dags/example_sensor_decorator.py took 0.132 seconds
[2026-08-12T05:18:13.377+0000] {processor.py:186} INFO - Started process (PID=5658) to work on /home/airflow/.local/lib/python3.12/site-packages/airflow/example_dags/example_sensor_decorator.py
[2026-08-12T05:18:13.380+0000] {processor.py:914} INFO - Processing file /home/airflow/.local/lib/python3.12/site-packages/airflow/example_dags/example_sensor_decorator.py for tasks to queue
[2026-08-12T05:18:13.385+0000] {logging_mixin.py:190} INFO - [2026-08-12T05:18:13.384+0000] {dagbag.py:587} INFO - Filling up the DagBag from /home/airflow/.local/lib/python3.12/site-packages/airflow/example_dags/example_sensor_decorator.py
[2026-08-12T05:18:13.397+0000] {processor.py:925} INFO - DAG(s) 'example_sensor_decorator' retrieved from /home/airflow/.local/lib/python3.12/site-packages/airflow/example_dags/example_sensor_decorator.py
[2026-08-12T05:18:13.429+0000] {logging_mixin.py:190} INFO - [2026-08-12T05:18:13.429+0000] {dag.py:3211} INFO - Sync 1 DAGs
[2026-08-12T05:18:13.448+0000] {logging_mixin.py:190} INFO - [2026-08-12T05:18:13.448+0000] {dag.py:4138} INFO - Setting next_dagrun for example_sensor_decorator to None, run_after=None
[2026-08-12T05:18:13.474+0000] {processor.py:208} INFO - Processing /home/airflow/.local/lib/python3.12/site-packages/airflow/example_dags/example_sensor_decorator.py took 0.105 seconds
[2026-08-12T05:18:43.714+0000] {processor.py:186} INFO - Started process (PID=5721) to work on /home/airflow/.local/lib/python3.12/site-packages/airflow/example_dags/example_sensor_decorator.py
[2026-08-12T05:18:43.717+0000] {processor.py:914} INFO - Processing file /home/airflow/.local/lib/python3.12/site-packages/airflow/example_dags/example_sensor_decorator.py for tasks to queue
[2026-08-12T05:18:43.723+0000] {logging_mixin.py:190} INFO - [2026-08-12T05:18:43.723+0000] {dagbag.py:587} INFO - Filling up the DagBag from /home/airflow/.local/lib/python3.12/site-packages/airflow/example_dags/example_sensor_decorator.py
[2026-08-12T05:18:43.737+0000] {processor.py:925} INFO - DAG(s) 'example_sensor_decorator' retrieved from /home/airflow/.local/lib/python3.12/site-packages/airflow/example_dags/example_sensor_decorator.py
[2026-08-12T05:18:43.770+0000] {logging_mixin.py:190} INFO - [2026-08-12T05:18:43.770+0000] {dag.py:3211} INFO - Sync 1 DAGs
[2026-08-12T05:18:43.795+0000] {logging_mixin.py:190} INFO - [2026-08-12T05:18:43.795+0000] {dag.py:4138} INFO - Setting next_dagrun for example_sensor_decorator to None, run_after=None
[2026-08-12T05:18:43.824+0000] {processor.py:208} INFO - Processing /home/airflow/.local/lib/python3.12/site-packages/airflow/example_dags/example_sensor_decorator.py took 0.122 seconds
[2026-08-12T05:19:14.104+0000] {processor.py:186} INFO - Started process (PID=5784) to work on /home/airflow/.local/lib/python3.12/site-packages/airflow/example_dags/example_sensor_decorator.py
[2026-08-12T05:19:14.107+0000] {processor.py:914} INFO - Processing file /home/airflow/.local/lib/python3.12/site-packages/airflow/example_dags/example_sensor_decorator.py for tasks to queue
[2026-08-12T05:19:14.111+0000] {logging_mixin.py:190} INFO - [2026-08-12T05:19:14.111+0000] {dagbag.py:587} INFO - Filling up the DagBag from /home/airflow/.local/lib/python3.12/site-packages/airflow/example_dags/example_sensor_decorator.py
[2026-08-12T05:19:14.121+0000] {processor.py:925} INFO - DAG(s) 'example_sensor_decorator' retrieved from /home/airflow/.local/lib/python3.12/site-packages/airflow/example_dags/example_sensor_decorator.py
[2026-08-12T05:19:14.144+0000] {logging_mixin.py:190} INFO - [2026-08-12T05:19:14.143+0000] {dag.py:3211} INFO - Sync 1 DAGs
[2026-08-12T05:19:14.162+0000] {logging_mixin.py:190} INFO - [2026-08-12T05:19:14.162+0000] {dag.py:4138} INFO - Setting next_dagrun for example_sensor_decorator to None, run_after=None
[2026-08-12T05:19:14.186+0000] {processor.py:208} INFO - Processing /home/airflow/.local/lib/python3.12/site-packages/airflow/example_dags/example_sensor_decorator.py took 0.087 seconds
[2026-08-12T05:19:45.066+0000] {processor.py:186} INFO - Started process (PID=5847) to work on /home/airflow/.local/lib/python3.12/site-packages/airflow/example_dags/example_sensor_decorator.py
[2026-08-12T05:19:45.070+0000] {processor.py:914} INFO - Processing file /home/airflow/.local/lib/python3.12/site-packages/airflow/example_dags/example_sensor_decorator.py for tasks to queue
[2026-08-12T05:19:45.078+0000] {logging_mixin.py:190} INFO - [2026-08-12T05:19:45.078+0000] {dagbag.py:587} INFO - Filling up the DagBag from /home/airflow/.local/lib/python3.12/site-packages/airflow/example_dags/example_sensor_decorator.py
[2026-08-12T05:19:45.092+0000] {processor.py:925} INFO - DAG(s) 'example_sensor_decorator' retrieved from /home/airflow/.local/lib/python3.12/site-packages/airflow/example_dags/example_sensor_decorator.py
[2026-08-12T05:19:45.124+0000] {logging_mixin.py:190} INFO - [2026-08-12T05:19:45.124+0000] {dag.py:3211} INFO - Sync 1 DAGs
[2026-08-12T05:19:45.141+0000] {logging_mixin.py:190} INFO - [2026-08-12T05:19:45.140+0000] {dag.py:4138} INFO - Setting next_dagrun for example_sensor_decorator to None, run_after=None
[2026-08-12T05:19:45.166+0000] {processor.py:208} INFO - Processing /home/airflow/.local/lib/python3.12/site-packages/airflow/example_dags/example_sensor_decorator.py took 0.118 seconds
[2026-08-12T05:20:15.749+0000] {processor.py:186} INFO - Started process (PID=5910) to work on /home/airflow/.local/lib/python3.12/site-packages/airflow/example_dags/example_sensor_decorator.py
[2026-08-12T05:20:15.752+0000] {processor.py:914} INFO - Processing file /home/airflow/.local/lib/python3.12/site-packages/airflow/example_dags/example_sensor_decorator.py for tasks to queue
[2026-08-12T05:20:15.756+0000] {logging_mixin.py:190} INFO - [2026-08-12T05:20:15.756+0000] {dagbag.py:587} INFO - Filling up the DagBag from /home/airflow/.local/lib/python3.12/site-packages/airflow/example_dags/example_sensor_decorator.py
[2026-08-12T05:20:15.767+0000] {processor.py:925} INFO - DAG(s) 'example_sensor_decorator' retrieved from /home/airflow/.local/lib/python3.12/site-packages/airflow/example_dags/example_sensor_decorator.py
[2026-08-12T05:20:15.793+0000] {logging_mixin.py:190} INFO - [2026-08-12T05:20:15.793+0000] {dag.py:3211} INFO - Sync 1 DAGs
[2026-08-12T05:20:15.810+0000] {logging_mixin.py:190} INFO - [2026-08-12T05:20:15.810+0000] {dag.py:4138} INFO - Setting next_dagrun for example_sensor_decorator to None, run_after=None
[2026-08-12T05:20:15.832+0000] {processor.py:208} INFO - Processing /home/airflow/.local/lib/python3.12/site-packages/airflow/example_dags/example_sensor_decorator.py took 0.088 seconds
[2026-08-12T05:20:46.645+0000] {processor.py:186} INFO - Started process (PID=5973) to work on /home/airflow/.local/lib/python3.12/site-packages/airflow/example_dags/example_sensor_decorator.py
[2026-08-12T05:20:46.651+0000] {processor.py:914} INFO - Processing file /home/airflow/.local/lib/python3.12/site-packages/airflow/example_dags/example_sensor_decorator.py for tasks to queue
[2026-08-12T05:20:46.662+0000] {logging_mixin.py:190} INFO - [2026-08-12T05:20:46.660+0000] {dagbag.py:587} INFO - Filling up the DagBag from /home/airflow/.local/lib/python3.12/site-packages/airflow/example_dags/example_sensor_decorator.py
[2026-08-12T05:20:46.684+0000] {processor.py:925} INFO - DAG(s) 'example_sensor_decorator' retrieved from /home/airflow/.local/lib/python3.12/site-packages/airflow/example_dags/example_sensor_decorator.py
[2026-08-12T05:20:46.725+0000] {logging_mixin.py:190} INFO - [2026-08-12T05:20:46.725+0000] {dag.py:3211} INFO - Sync 1 DAGs
[2026-08-12T05:20:46.743+0000] {logging_mixin.py:190} INFO - [2026-08-12T05:20:46.743+0000] {dag.py:4138} INFO - Setting next_dagrun for example_sensor_decorator to None, run_after=None
[2026-08-12T05:20:46.770+0000] {processor.py:208} INFO - Processing /home/airflow/.local/lib/python3.12/site-packages/airflow/example_dags/example_sensor_decorator.py took 0.143 seconds
[2026-08-12T05:21:17.313+0000] {processor.py:186} INFO - Started process (PID=6036) to work on /home/airflow/.local/lib/python3.12/site-packages/airflow/example_dags/example_sensor_decorator.py
[2026-08-12T05:21:17.316+0000] {processor.py:914} INFO - Processing file /home/airflow/.local/lib/python3.12/site-packages/airflow/example_dags/example_sensor_decorator.py for tasks to queue
[2026-08-12T05:21:17.322+0000] {logging_mixin.py:190} INFO - [2026-08-12T05:21:17.321+0000] {dagbag.py:587} INFO - Filling up the DagBag from /home/airflow/.local/lib/python3.12/site-packages/airflow/example_dags/example_sensor_decorator.py
[2026-08-12T05:21:17.332+0000] {processor.py:925} INFO - DAG(s) 'example_sensor_decorator' retrieved from /home/airflow/.local/lib/python3.12/site-packages/airflow/example_dags/example_sensor_decorator.py
[2026-08-12T05:21:17.356+0000] {logging_mixin.py:190} INFO - [2026-08-12T05:21:17.356+0000] {dag.py:3211} INFO - Sync 1 DAGs
[2026-08-12T05:21:17.371+0000] {logging_mixin.py:190} INFO - [2026-08-12T05:21:17.371+0000] {dag.py:4138} INFO - Setting next_dagrun for example_sensor_decorator to None, run_after=None
[2026-08-12T05:21:17.397+0000] {processor.py:208} INFO - Processing /home/airflow/.local/lib/python3.12/site-packages/airflow/example_dags/example_sensor_decorator.py took 0.091 seconds
[2026-08-12T05:21:48.000+0000] {processor.py:186} INFO - Started process (PID=6099) to work on /home/airflow/.local/lib/python3.12/site-packages/airflow/example_dags/example_sensor_decorator.py
[2026-08-12T05:21:48.003+0000] {processor.py:914} INFO - Processing file /home/airflow/.local/lib/python3.12/site-packages/airflow/example_dags/example_sensor_decorator.py for tasks to queue
[2026-08-12T05:21:48.008+0000] {logging_mixin.py:190} INFO - [2026-08-12T05:21:48.008+0000] {dagbag.py:587} INFO - Filling up the DagBag from /home/airflow/.local/lib/python3.12/site-packages/airflow/example_dags/example_sensor_decorator.py
[2026-08-12T05:21:48.023+0000] {processor.py:925} INFO - DAG(s) 'example_sensor_decorator' retrieved from /home/airflow/.local/lib/python3.12/site-packages/airflow/example_dags/example_sensor_decorator.py
[2026-08-12T05:21:48.048+0000] {logging_mixin.py:190} INFO - [2026-08-12T05:21:48.048+0000] {dag.py:3211} INFO - Sync 1 DAGs
[2026-08-12T05:21:48.064+0000] {logging_mixin.py:190} INFO - [2026-08-12T05:21:48.064+0000] {dag.py:4138} INFO - Setting next_dagrun for example_sensor_decorator to None, run_after=None
[2026-08-12T05:21:48.092+0000] {processor.py:208} INFO - Processing /home/airflow/.local/lib/python3.12/site-packages/airflow/example_dags/example_sensor_decorator.py took 0.100 seconds
[2026-08-12T05:22:18.477+0000] {processor.py:186} INFO - Started process (PID=6162) to work on /home/airflow/.local/lib/python3.12/site-packages/airflow/example_dags/example_sensor_decorator.py
[2026-08-12T05:22:18.481+0000] {processor.py:914} INFO - Processing file /home/airflow/.local/lib/python3.12/site-packages/airflow/example_dags/example_sensor_decorator.py for tasks to queue
[2026-08-12T05:22:18.486+0000] {logging_mixin.py:190} INFO - [2026-08-12T05:22:18.485+0000] {dagbag.py:587} INFO - Filling up the DagBag from /home/airflow/.local/lib/python3.12/site-packages/airflow/example_dags/example_sensor_decorator.py
[2026-08-12T05:22:18.499+0000] {processor.py:925} INFO - DAG(s) 'example_sensor_decorator' retrieved from /home/airflow/.local/lib/python3.12/site-packages/airflow/example_dags/example_sensor_decorator.py
[2026-08-12T05:22:18.530+0000] {logging_mixin.py:190} INFO - [2026-08-12T05:22:18.530+0000] {dag.py:3211} INFO - Sync 1 DAGs
[2026-08-12T05:22:18.546+0000] {logging_mixin.py:190} INFO - [2026-08-12T05:22:18.545+0000] {dag.py:4138} INFO - Setting next_dagrun for example_sensor_decorator to None, run_after=None
[2026-08-12T05:22:18.567+0000] {processor.py:208} INFO - Processing /home/airflow/.local/lib/python3.12/site-packages/airflow/example_dags/example_sensor_decorator.py took 0.111 seconds
[2026-08-12T05:22:49.306+0000] {processor.py:186} INFO - Started process (PID=6225) to work on /home/airflow/.local/lib/python3.12/site-packages/airflow/example_dags/example_sensor_decorator.py
[2026-08-12T05:22:49.308+0000] {processor.py:914} INFO - Processing file /home/airflow/.local/lib/python3.12/site-packages/airflow/example_dags/example_sensor_decorator.py for tasks to queue
[2026-08-12T05:22:49.313+0000] {logging_mixin.py:190} INFO - [2026-08-12T05:22:49.313+0000] {dagbag.py:587} INFO - Filling up the DagBag from /home/airflow/.local/lib/python3.12/site-packages/airflow/example_dags/example_sensor_decorator.py
[2026-08-12T05:22:49.326+0000] {processor.py:925} INFO - DAG(s) 'example_sensor_decorator' retrieved from /home/airflow/.local/lib/python3.12/site-packages/airflow/example_dags/example_sensor_decorator.py
[2026-08-12T05:22:49.360+0000] {logging_mixin.py:190} INFO - [2026-08-12T05:22:49.360+0000] {dag.py:3211} INFO - Sync 1 DAGs
[2026-08-12T05:22:49.385+0000] {logging_mixin.py:190} INFO - [2026-08-12T05:22:49.385+0000] {dag.py:4138} INFO - Setting next_dagrun for example_sensor_decorator to None, run_after=None
[2026-08-12T05:22:49.420+0000] {processor.py:208} INFO - Processing /home/airflow/.local/lib/python3.12/site-packages/airflow/example_dags/example_sensor_decorator.py took 0.124 seconds
[2026-08-12T05:23:20.027+0000] {processor.py:186} INFO - Started process (PID=6288) to work on /home/airflow/.local/lib/python3.12/site-packages/airflow/example_dags/example_sensor_decorator.py
[2026-08-12T05:23:20.029+0000] {processor.py:914} INFO - Processing file /home/airflow/.local/lib/python3.12/site-packages/airflow/example_dags/example_sensor_decorator.py for tasks to queue
[2026-08-12T05:23:20.034+0000] {logging_mixin.py:190} INFO - [2026-08-12T05:23:20.033+0000] {dagbag.py:587} INFO - Filling up the DagBag from /home/airflow/.local/lib/python3.12/site-packages/airflow/example_dags/example_sensor_decorator.py
[2026-08-12T05:23:20.048+0000] {processor.py:925} INFO - DAG(s) 'example_sensor_decorator' retrieved from /home/airflow/.local/lib/python3.12/site-packages/airflow/example_dags/example_sensor_decorator.py
[2026-08-12T05:23:20.079+0000] {logging_mixin.py:190} INFO - [2026-08-12T05:23:20.079+0000] {dag.py:3211} INFO - Sync 1 DAGs
[2026-08-12T05:23:20.097+0000] {logging_mixin.py:190} INFO - [2026-08-12T05:23:20.097+0000] {dag.py:4138} INFO - Setting next_dagrun for example_sensor_decorator to None, run_after=None
[2026-08-12T05:23:20.125+0000] {processor.py:208} INFO - Processing /home/airflow/.local/lib/python3.12/site-packages/airflow/example_dags/example_sensor_decorator.py took 0.107 seconds
[2026-08-12T05:23:50.432+0000] {processor.py:186} INFO - Started process (PID=6351) to work on /home/airflow/.local/lib/python3.12/site-packages/airflow/example_dags/example_sensor_decorator.py
[2026-08-12T05:23:50.434+0000] {processor.py:914} INFO - Processing file /home/airflow/.local/lib/python3.12/site-packages/airflow/example_dags/example_sensor_decorator.py for tasks to queue
[2026-08-12T05:23:50.438+0000] {logging_mixin.py:190} INFO - [2026-08-12T05:23:50.438+0000] {dagbag.py:587} INFO - Filling up the DagBag from /home/airflow/.local/lib/python3.12/site-packages/airflow/example_dags/example_sensor_decorator.py
[2026-08-12T05:23:50.454+0000] {processor.py:925} INFO - DAG(s) 'example_sensor_decorator' retrieved from /home/airflow/.local/lib/python3.12/site-packages/airflow/example_dags/example_sensor_decorator.py
[2026-08-12T05:23:50.485+0000] {logging_mixin.py:190} INFO - [2026-08-12T05:23:50.485+0000] {dag.py:3211} INFO - Sync 1 DAGs
[2026-08-12T05:23:50.505+0000] {logging_mixin.py:190} INFO - [2026-08-12T05:23:50.505+0000] {dag.py:4138} INFO - Setting next_dagrun for example_sensor_decorator to None, run_after=None
[2026-08-12T05:23:50.536+0000] {processor.py:208} INFO - Processing /home/airflow/.local/lib/python3.12/site-packages/airflow/example_dags/example_sensor_decorator.py took 0.113 seconds
[2026-08-12T05:24:21.429+0000] {processor.py:186} INFO - Started process (PID=6414) to work on /home/airflow/.local/lib/python3.12/site-packages/airflow/example_dags/example_sensor_decorator.py
[2026-08-12T05:24:21.431+0000] {processor.py:914} INFO - Processing file /home/airflow/.local/lib/python3.12/site-packages/airflow/example_dags/example_sensor_decorator.py for tasks to queue
[2026-08-12T05:24:21.436+0000] {logging_mixin.py:190} INFO - [2026-08-12T05:24:21.435+0000] {dagbag.py:587} INFO - Filling up the DagBag from /home/airflow/.local/lib/python3.12/site-packages/airflow/example_dags/example_sensor_decorator.py
[2026-08-12T05:24:21.445+0000] {processor.py:925} INFO - DAG(s) 'example_sensor_decorator' retrieved from /home/airflow/.local/lib/python3.12/site-packages/airflow/example_dags/example_sensor_decorator.py
[2026-08-12T05:24:21.469+0000] {logging_mixin.py:190} INFO - [2026-08-12T05:24:21.469+0000] {dag.py:3211} INFO - Sync 1 DAGs
[2026-08-12T05:24:21.486+0000] {logging_mixin.py:190} INFO - [2026-08-12T05:24:21.486+0000] {dag.py:4138} INFO - Setting next_dagrun for example_sensor_decorator to None, run_after=None
[2026-08-12T05:24:21.507+0000] {processor.py:208} INFO - Processing /home/airflow/.local/lib/python3.12/site-packages/airflow/example_dags/example_sensor_decorator.py took 0.085 seconds
[2026-08-12T05:24:52.047+0000] {processor.py:186} INFO - Started process (PID=6478) to work on /home/airflow/.local/lib/python3.12/site-packages/airflow/example_dags/example_sensor_decorator.py
[2026-08-12T05:24:52.051+0000] {processor.py:914} INFO - Processing file /home/airflow/.local/lib/python3.12/site-packages/airflow/example_dags/example_sensor_decorator.py for tasks to queue
[2026-08-12T05:24:52.056+0000] {logging_mixin.py:190} INFO - [2026-08-12T05:24:52.055+0000] {dagbag.py:587} INFO - Filling up the DagBag from /home/airflow/.local/lib/python3.12/site-packages/airflow/example_dags/example_sensor_decorator.py
[2026-08-12T05:24:52.072+0000] {processor.py:925} INFO - DAG(s) 'example_sensor_decorator' retrieved from /home/airflow/.local/lib/python3.12/site-packages/airflow/example_dags/example_sensor_decorator.py
[2026-08-12T05:24:52.095+0000] {logging_mixin.py:190} INFO - [2026-08-12T05:24:52.095+0000] {dag.py:3211} INFO - Sync 1 DAGs
[2026-08-12T05:24:52.117+0000] {logging_mixin.py:190} INFO - [2026-08-12T05:24:52.116+0000] {dag.py:4138} INFO - Setting next_dagrun for example_sensor_decorator to None, run_after=None
[2026-08-12T05:24:52.148+0000] {processor.py:208} INFO - Processing /home/airflow/.local/lib/python3.12/site-packages/airflow/example_dags/example_sensor_decorator.py took 0.111 seconds
[2026-08-12T05:25:22.572+0000] {processor.py:186} INFO - Started process (PID=6541) to work on /home/airflow/.local/lib/python3.12/site-packages/airflow/example_dags/example_sensor_decorator.py
[2026-08-12T05:25:22.574+0000] {processor.py:914} INFO - Processing file /home/airflow/.local/lib/python3.12/site-packages/airflow/example_dags/example_sensor_decorator.py for tasks to queue
[2026-08-12T05:25:22.580+0000] {logging_mixin.py:190} INFO - [2026-08-12T05:25:22.579+0000] {dagbag.py:587} INFO - Filling up the DagBag from /home/airflow/.local/lib/python3.12/site-packages/airflow/example_dags/example_sensor_decorator.py
[2026-08-12T05:25:22.590+0000] {processor.py:925} INFO - DAG(s) 'example_sensor_decorator' retrieved from /home/airflow/.local/lib/python3.12/site-packages/airflow/example_dags/example_sensor_decorator.py
[2026-08-12T05:25:22.611+0000] {logging_mixin.py:190} INFO - [2026-08-12T05:25:22.611+0000] {dag.py:3211} INFO - Sync 1 DAGs
[2026-08-12T05:25:22.627+0000] {logging_mixin.py:190} INFO - [2026-08-12T05:25:22.627+0000] {dag.py:4138} INFO - Setting next_dagrun for example_sensor_decorator to None, run_after=None
[2026-08-12T05:25:22.653+0000] {processor.py:208} INFO - Processing /home/airflow/.local/lib/python3.12/site-packages/airflow/example_dags/example_sensor_decorator.py took 0.088 seconds
[2026-08-12T05:25:53.037+0000] {processor.py:186} INFO - Started process (PID=6604) to work on /home/airflow/.local/lib/python3.12/site-packages/airflow/example_dags/example_sensor_decorator.py
[2026-08-12T05:25:53.040+0000] {processor.py:914} INFO - Processing file /home/airflow/.local/lib/python3.12/site-packages/airflow/example_dags/example_sensor_decorator.py for tasks to queue
[2026-08-12T05:25:53.044+0000] {logging_mixin.py:190} INFO - [2026-08-12T05:25:53.043+0000] {dagbag.py:587} INFO - Filling up the DagBag from /home/airflow/.local/lib/python3.12/site-packages/airflow/example_dags/example_sensor_decorator.py
[2026-08-12T05:25:53.055+0000] {processor.py:925} INFO - DAG(s) 'example_sensor_decorator' retrieved from /home/airflow/.local/lib/python3.12/site-packages/airflow/example_dags/example_sensor_decorator.py
[2026-08-12T05:25:53.078+0000] {logging_mixin.py:190} INFO - [2026-08-12T05:25:53.077+0000] {dag.py:3211} INFO - Sync 1 DAGs
[2026-08-12T05:25:53.094+0000] {logging_mixin.py:190} INFO - [2026-08-12T05:25:53.094+0000] {dag.py:4138} INFO - Setting next_dagrun for example_sensor_decorator to None, run_after=None
[2026-08-12T05:25:53.116+0000] {processor.py:208} INFO - Processing /home/airflow/.local/lib/python3.12/site-packages/airflow/example_dags/example_sensor_decorator.py took 0.086 seconds
[2026-08-12T05:26:24.287+0000] {processor.py:186} INFO - Started process (PID=6668) to work on /home/airflow/.local/lib/python3.12/site-packages/airflow/example_dags/example_sensor_decorator.py
[2026-08-12T05:26:24.289+0000] {processor.py:914} INFO - Processing file /home/airflow/.local/lib/python3.12/site-packages/airflow/example_dags/example_sensor_decorator.py for tasks to queue
[2026-08-12T05:26:24.295+0000] {logging_mixin.py:190} INFO - [2026-08-12T05:26:24.294+0000] {dagbag.py:587} INFO - Filling up the DagBag from /home/airflow/.local/lib/python3.12/site-packages/airflow/example_dags/example_sensor_decorator.py
[2026-08-12T05:26:24.307+0000] {processor.py:925} INFO - DAG(s) 'example_sensor_decorator' retrieved from /home/airflow/.local/lib/python3.12/site-packages/airflow/example_dags/example_sensor_decorator.py
[2026-08-12T05:26:24.347+0000] {logging_mixin.py:190} INFO - [2026-08-12T05:26:24.346+0000] {dag.py:3211} INFO - Sync 1 DAGs
[2026-08-12T05:26:24.366+0000] {logging_mixin.py:190} INFO - [2026-08-12T05:26:24.366+0000] {dag.py:4138} INFO - Setting next_dagrun for example_sensor_decorator to None, run_after=None
[2026-08-12T05:26:24.392+0000] {processor.py:208} INFO - Processing /home/airflow/.local/lib/python3.12/site-packages/airflow/example_dags/example_sensor_decorator.py took 0.116 seconds
[2026-08-12T05:26:54.523+0000] {processor.py:186} INFO - Started process (PID=6731) to work on /home/airflow/.local/lib/python3.12/site-packages/airflow/example_dags/example_sensor_decorator.py
[2026-08-12T05:26:54.525+0000] {processor.py:914} INFO - Processing file /home/airflow/.local/lib/python3.12/site-packages/airflow/example_dags/example_sensor_decorator.py for tasks to queue
[2026-08-12T05:26:54.529+0000] {logging_mixin.py:190} INFO - [2026-08-12T05:26:54.529+0000] {dagbag.py:587} INFO - Filling up the DagBag from /home/airflow/.local/lib/python3.12/site-packages/airflow/example_dags/example_sensor_decorator.py
[2026-08-12T05:26:54.540+0000] {processor.py:925} INFO - DAG(s) 'example_sensor_decorator' retrieved from /home/airflow/.local/lib/python3.12/site-packages/airflow/example_dags/example_sensor_decorator.py
[2026-08-12T05:26:54.568+0000] {logging_mixin.py:190} INFO - [2026-08-12T05:26:54.568+0000] {dag.py:3211} INFO - Sync 1 DAGs
[2026-08-12T05:26:54.589+0000] {logging_mixin.py:190} INFO - [2026-08-12T05:26:54.588+0000] {dag.py:4138} INFO - Setting next_dagrun for example_sensor_decorator to None, run_after=None
[2026-08-12T05:26:54.622+0000] {processor.py:208} INFO - Processing /home/airflow/.local/lib/python3.12/site-packages/airflow/example_dags/example_sensor_decorator.py took 0.105 seconds
[2026-08-12T05:27:25.449+0000] {processor.py:186} INFO - Started process (PID=6794) to work on /home/airflow/.local/lib/python3.12/site-packages/airflow/example_dags/example_sensor_decorator.py
[2026-08-12T05:27:25.451+0000] {processor.py:914} INFO - Processing file /home/airflow/.local/lib/python3.12/site-packages/airflow/example_dags/example_sensor_decorator.py for tasks to queue
[2026-08-12T05:27:25.456+0000] {logging_mixin.py:190} INFO - [2026-08-12T05:27:25.455+0000] {dagbag.py:587} INFO - Filling up the DagBag from /home/airflow/.local/lib/python3.12/site-packages/airflow/example_dags/example_sensor_decorator.py
[2026-08-12T05:27:25.465+0000] {processor.py:925} INFO - DAG(s) 'example_sensor_decorator' retrieved from /home/airflow/.local/lib/python3.12/site-packages/airflow/example_dags/example_sensor_decorator.py
[2026-08-12T05:27:25.496+0000] {logging_mixin.py:190} INFO - [2026-08-12T05:27:25.496+0000] {dag.py:3211} INFO - Sync 1 DAGs
[2026-08-12T05:27:25.514+0000] {logging_mixin.py:190} INFO - [2026-08-12T05:27:25.514+0000] {dag.py:4138} INFO - Setting next_dagrun for example_sensor_decorator to None, run_after=None
[2026-08-12T05:27:25.542+0000] {processor.py:208} INFO - Processing /home/airflow/.local/lib/python3.12/site-packages/airflow/example_dags/example_sensor_decorator.py took 0.099 seconds
[2026-08-12T05:27:56.301+0000] {processor.py:186} INFO - Started process (PID=6857) to work on /home/airflow/.local/lib/python3.12/site-packages/airflow/example_dags/example_sensor_decorator.py
[2026-08-12T05:27:56.303+0000] {processor.py:914} INFO - Processing file /home/airflow/.local/lib/python3.12/site-packages/airflow/example_dags/example_sensor_decorator.py for tasks to queue
[2026-08-12T05:27:56.307+0000] {logging_mixin.py:190} INFO - [2026-08-12T05:27:56.307+0000] {dagbag.py:587} INFO - Filling up the DagBag from /home/airflow/.local/lib/python3.12/site-packages/airflow/example_dags/example_sensor_decorator.py
[2026-08-12T05:27:56.321+0000] {processor.py:925} INFO - DAG(s) 'example_sensor_decorator' retrieved from /home/airflow/.local/lib/python3.12/site-packages/airflow/example_dags/example_sensor_decorator.py
[2026-08-12T05:27:56.359+0000] {logging_mixin.py:190} INFO - [2026-08-12T05:27:56.359+0000] {dag.py:3211} INFO - Sync 1 DAGs
[2026-08-12T05:27:56.383+0000] {logging_mixin.py:190} INFO - [2026-08-12T05:27:56.382+0000] {dag.py:4138} INFO - Setting next_dagrun for example_sensor_decorator to None, run_after=None
[2026-08-12T05:27:56.413+0000] {processor.py:208} INFO - Processing /home/airflow/.local/lib/python3.12/site-packages/airflow/example_dags/example_sensor_decorator.py took 0.118 seconds
[2026-08-12T05:28:27.070+0000] {processor.py:186} INFO - Started process (PID=6920) to work on /home/airflow/.local/lib/python3.12/site-packages/airflow/example_dags/example_sensor_decorator.py
[2026-08-12T05:28:27.074+0000] {processor.py:914} INFO - Processing file /home/airflow/.local/lib/python3.12/site-packages/airflow/example_dags/example_sensor_decorator.py for tasks to queue
[2026-08-12T05:28:27.078+0000] {logging_mixin.py:190} INFO - [2026-08-12T05:28:27.078+0000] {dagbag.py:587} INFO - Filling up the DagBag from /home/airflow/.local/lib/python3.12/site-packages/airflow/example_dags/example_sensor_decorator.py
[2026-08-12T05:28:27.092+0000] {processor.py:925} INFO - DAG(s) 'example_sensor_decorator' retrieved from /home/airflow/.local/lib/python3.12/site-packages/airflow/example_dags/example_sensor_decorator.py
[2026-08-12T05:28:27.118+0000] {logging_mixin.py:190} INFO - [2026-08-12T05:28:27.118+0000] {dag.py:3211} INFO - Sync 1 DAGs
[2026-08-12T05:28:27.136+0000] {logging_mixin.py:190} INFO - [2026-08-12T05:28:27.135+0000] {dag.py:4138} INFO - Setting next_dagrun for example_sensor_decorator to None, run_after=None
[2026-08-12T05:28:27.159+0000] {processor.py:208} INFO - Processing /home/airflow/.local/lib/python3.12/site-packages/airflow/example_dags/example_sensor_decorator.py took 0.098 seconds
[2026-08-12T05:28:57.913+0000] {processor.py:186} INFO - Started process (PID=6983) to work on /home/airflow/.local/lib/python3.12/site-packages/airflow/example_dags/example_sensor_decorator.py
[2026-08-12T05:28:57.915+0000] {processor.py:914} INFO - Processing file /home/airflow/.local/lib/python3.12/site-packages/airflow/example_dags/example_sensor_decorator.py for tasks to queue
[2026-08-12T05:28:57.920+0000] {logging_mixin.py:190} INFO - [2026-08-12T05:28:57.919+0000] {dagbag.py:587} INFO - Filling up the DagBag from /home/airflow/.local/lib/python3.12/site-packages/airflow/example_dags/example_sensor_decorator.py
[2026-08-12T05:28:57.932+0000] {processor.py:925} INFO - DAG(s) 'example_sensor_decorator' retrieved from /home/airflow/.local/lib/python3.12/site-packages/airflow/example_dags/example_sensor_decorator.py
[2026-08-12T05:28:57.963+0000] {logging_mixin.py:190} INFO - [2026-08-12T05:28:57.963+0000] {dag.py:3211} INFO - Sync 1 DAGs
[2026-08-12T05:28:57.982+0000] {logging_mixin.py:190} INFO - [2026-08-12T05:28:57.982+0000] {dag.py:4138} INFO - Setting next_dagrun for example_sensor_decorator to None, run_after=None
[2026-08-12T05:28:58.011+0000] {processor.py:208} INFO - Processing /home/airflow/.local/lib/python3.12/site-packages/airflow/example_dags/example_sensor_decorator.py took 0.105 seconds
[2026-08-12T05:29:28.454+0000] {processor.py:186} INFO - Started process (PID=7047) to work on /home/airflow/.local/lib/python3.12/site-packages/airflow/example_dags/example_sensor_decorator.py
[2026-08-12T05:29:28.457+0000] {processor.py:914} INFO - Processing file /home/airflow/.local/lib/python3.12/site-packages/airflow/example_dags/example_sensor_decorator.py for tasks to queue
[2026-08-12T05:29:28.462+0000] {logging_mixin.py:190} INFO - [2026-08-12T05:29:28.461+0000] {dagbag.py:587} INFO - Filling up the DagBag from /home/airflow/.local/lib/python3.12/site-packages/airflow/example_dags/example_sensor_decorator.py
[2026-08-12T05:29:28.480+0000] {processor.py:925} INFO - DAG(s) 'example_sensor_decorator' retrieved from /home/airflow/.local/lib/python3.12/site-packages/airflow/example_dags/example_sensor_decorator.py
[2026-08-12T05:29:28.512+0000] {logging_mixin.py:190} INFO - [2026-08-12T05:29:28.511+0000] {dag.py:3211} INFO - Sync 1 DAGs
[2026-08-12T05:29:28.535+0000] {logging_mixin.py:190} INFO - [2026-08-12T05:29:28.534+0000] {dag.py:4138} INFO - Setting next_dagrun for example_sensor_decorator to None, run_after=None
[2026-08-12T05:29:28.565+0000] {processor.py:208} INFO - Processing /home/airflow/.local/lib/python3.12/site-packages/airflow/example_dags/example_sensor_decorator.py took 0.121 seconds
[2026-08-12T05:29:58.997+0000] {processor.py:186} INFO - Started process (PID=7110) to work on /home/airflow/.local/lib/python3.12/site-packages/airflow/example_dags/example_sensor_decorator.py
[2026-08-12T05:29:59.000+0000] {processor.py:914} INFO - Processing file /home/airflow/.local/lib/python3.12/site-packages/airflow/example_dags/example_sensor_decorator.py for tasks to queue
[2026-08-12T05:29:59.006+0000] {logging_mixin.py:190} INFO - [2026-08-12T05:29:59.006+0000] {dagbag.py:587} INFO - Filling up the DagBag from /home/airflow/.local/lib/python3.12/site-packages/airflow/example_dags/example_sensor_decorator.py
[2026-08-12T05:29:59.020+0000] {processor.py:925} INFO - DAG(s) 'example_sensor_decorator' retrieved from /home/airflow/.local/lib/python3.12/site-packages/airflow/example_dags/example_sensor_decorator.py
[2026-08-12T05:29:59.055+0000] {logging_mixin.py:190} INFO - [2026-08-12T05:29:59.055+0000] {dag.py:3211} INFO - Sync 1 DAGs
[2026-08-12T05:29:59.076+0000] {logging_mixin.py:190} INFO - [2026-08-12T05:29:59.076+0000] {dag.py:4138} INFO - Setting next_dagrun for example_sensor_decorator to None, run_after=None
[2026-08-12T05:29:59.106+0000] {processor.py:208} INFO - Processing /home/airflow/.local/lib/python3.12/site-packages/airflow/example_dags/example_sensor_decorator.py took 0.116 seconds
[2026-08-12T05:30:29.710+0000] {processor.py:186} INFO - Started process (PID=7173) to work on /home/airflow/.local/lib/python3.12/site-packages/airflow/example_dags/example_sensor_decorator.py
[2026-08-12T05:30:29.713+0000] {processor.py:914} INFO - Processing file /home/airflow/.local/lib/python3.12/site-packages/airflow/example_dags/example_sensor_decorator.py for tasks to queue
[2026-08-12T05:30:29.718+0000] {logging_mixin.py:190} INFO - [2026-08-12T05:30:29.717+0000] {dagbag.py:587} INFO - Filling up the DagBag from /home/airflow/.local/lib/python3.12/site-packages/airflow/example_dags/example_sensor_decorator.py
[2026-08-12T05:30:29.729+0000] {processor.py:925} INFO - DAG(s) 'example_sensor_decorator' retrieved from /home/airflow/.local/lib/python3.12/site-packages/airflow/example_dags/example_sensor_decorator.py
[2026-08-12T05:30:29.759+0000] {logging_mixin.py:190} INFO - [2026-08-12T05:30:29.759+0000] {dag.py:3211} INFO - Sync 1 DAGs
[2026-08-12T05:30:29.778+0000] {logging_mixin.py:190} INFO - [2026-08-12T05:30:29.778+0000] {dag.py:4138} INFO - Setting next_dagrun for example_sensor_decorator to None, run_after=None
[2026-08-12T05:30:29.808+0000] {processor.py:208} INFO - Processing /home/airflow/.local/lib/python3.12/site-packages/airflow/example_dags/example_sensor_decorator.py took 0.106 seconds
[2026-08-12T05:31:00.388+0000] {processor.py:186} INFO - Started process (PID=7235) to work on /home/airflow/.local/lib/python3.12/site-packages/airflow/example_dags/example_sensor_decorator.py
[2026-08-12T05:31:00.392+0000] {processor.py:914} INFO - Processing file /home/airflow/.local/lib/python3.12/site-packages/airflow/example_dags/example_sensor_decorator.py for tasks to queue
[2026-08-12T05:31:00.399+0000] {logging_mixin.py:190} INFO - [2026-08-12T05:31:00.398+0000] {dagbag.py:587} INFO - Filling up the DagBag from /home/airflow/.local/lib/python3.12/site-packages/airflow/example_dags/example_sensor_decorator.py
[2026-08-12T05:31:00.410+0000] {processor.py:925} INFO - DAG(s) 'example_sensor_decorator' retrieved from /home/airflow/.local/lib/python3.12/site-packages/airflow/example_dags/example_sensor_decorator.py
[2026-08-12T05:31:00.440+0000] {logging_mixin.py:190} INFO - [2026-08-12T05:31:00.440+0000] {dag.py:3211} INFO - Sync 1 DAGs
[2026-08-12T05:31:00.459+0000] {logging_mixin.py:190} INFO - [2026-08-12T05:31:00.459+0000] {dag.py:4138} INFO - Setting next_dagrun for example_sensor_decorator to None, run_after=None
[2026-08-12T05:31:00.494+0000] {processor.py:208} INFO - Processing /home/airflow/.local/lib/python3.12/site-packages/airflow/example_dags/example_sensor_decorator.py took 0.117 seconds
[2026-08-12T05:31:31.346+0000] {processor.py:186} INFO - Started process (PID=7298) to work on /home/airflow/.local/lib/python3.12/site-packages/airflow/example_dags/example_sensor_decorator.py
[2026-08-12T05:31:31.349+0000] {processor.py:914} INFO - Processing file /home/airflow/.local/lib/python3.12/site-packages/airflow/example_dags/example_sensor_decorator.py for tasks to queue
[2026-08-12T05:31:31.356+0000] {logging_mixin.py:190} INFO - [2026-08-12T05:31:31.355+0000] {dagbag.py:587} INFO - Filling up the DagBag from /home/airflow/.local/lib/python3.12/site-packages/airflow/example_dags/example_sensor_decorator.py
[2026-08-12T05:31:31.369+0000] {processor.py:925} INFO - DAG(s) 'example_sensor_decorator' retrieved from /home/airflow/.local/lib/python3.12/site-packages/airflow/example_dags/example_sensor_decorator.py
[2026-08-12T05:31:31.400+0000] {logging_mixin.py:190} INFO - [2026-08-12T05:31:31.400+0000] {dag.py:3211} INFO - Sync 1 DAGs
[2026-08-12T05:31:31.418+0000] {logging_mixin.py:190} INFO - [2026-08-12T05:31:31.417+0000] {dag.py:4138} INFO - Setting next_dagrun for example_sensor_decorator to None, run_after=None
[2026-08-12T05:31:31.446+0000] {processor.py:208} INFO - Processing /home/airflow/.local/lib/python3.12/site-packages/airflow/example_dags/example_sensor_decorator.py took 0.114 seconds
[2026-08-12T05:32:01.980+0000] {processor.py:186} INFO - Started process (PID=7367) to work on /home/airflow/.local/lib/python3.12/site-packages/airflow/example_dags/example_sensor_decorator.py
[2026-08-12T05:32:01.984+0000] {processor.py:914} INFO - Processing file /home/airflow/.local/lib/python3.12/site-packages/airflow/example_dags/example_sensor_decorator.py for tasks to queue
[2026-08-12T05:32:01.993+0000] {logging_mixin.py:190} INFO - [2026-08-12T05:32:01.992+0000] {dagbag.py:587} INFO - Filling up the DagBag from /home/airflow/.local/lib/python3.12/site-packages/airflow/example_dags/example_sensor_decorator.py
[2026-08-12T05:32:02.012+0000] {processor.py:925} INFO - DAG(s) 'example_sensor_decorator' retrieved from /home/airflow/.local/lib/python3.12/site-packages/airflow/example_dags/example_sensor_decorator.py
[2026-08-12T05:32:02.050+0000] {logging_mixin.py:190} INFO - [2026-08-12T05:32:02.049+0000] {dag.py:3211} INFO - Sync 1 DAGs
[2026-08-12T05:32:02.066+0000] {logging_mixin.py:190} INFO - [2026-08-12T05:32:02.065+0000] {dag.py:4138} INFO - Setting next_dagrun for example_sensor_decorator to None, run_after=None
[2026-08-12T05:32:02.099+0000] {processor.py:208} INFO - Processing /home/airflow/.local/lib/python3.12/site-packages/airflow/example_dags/example_sensor_decorator.py took 0.133 seconds
[2026-08-12T05:32:32.437+0000] {processor.py:186} INFO - Started process (PID=7430) to work on /home/airflow/.local/lib/python3.12/site-packages/airflow/example_dags/example_sensor_decorator.py
[2026-08-12T05:32:32.441+0000] {processor.py:914} INFO - Processing file /home/airflow/.local/lib/python3.12/site-packages/airflow/example_dags/example_sensor_decorator.py for tasks to queue
[2026-08-12T05:32:32.444+0000] {logging_mixin.py:190} INFO - [2026-08-12T05:32:32.444+0000] {dagbag.py:587} INFO - Filling up the DagBag from /home/airflow/.local/lib/python3.12/site-packages/airflow/example_dags/example_sensor_decorator.py
[2026-08-12T05:32:32.454+0000] {processor.py:925} INFO - DAG(s) 'example_sensor_decorator' retrieved from /home/airflow/.local/lib/python3.12/site-packages/airflow/example_dags/example_sensor_decorator.py
[2026-08-12T05:32:32.479+0000] {logging_mixin.py:190} INFO - [2026-08-12T05:32:32.479+0000] {dag.py:3211} INFO - Sync 1 DAGs
[2026-08-12T05:32:32.497+0000] {logging_mixin.py:190} INFO - [2026-08-12T05:32:32.496+0000] {dag.py:4138} INFO - Setting next_dagrun for example_sensor_decorator to None, run_after=None
[2026-08-12T05:32:32.526+0000] {processor.py:208} INFO - Processing /home/airflow/.local/lib/python3.12/site-packages/airflow/example_dags/example_sensor_decorator.py took 0.103 seconds
[2026-08-12T05:33:03.166+0000] {processor.py:186} INFO - Started process (PID=7493) to work on /home/airflow/.local/lib/python3.12/site-packages/airflow/example_dags/example_sensor_decorator.py
[2026-08-12T05:33:03.170+0000] {processor.py:914} INFO - Processing file /home/airflow/.local/lib/python3.12/site-packages/airflow/example_dags/example_sensor_decorator.py for tasks to queue
[2026-08-12T05:33:03.178+0000] {logging_mixin.py:190} INFO - [2026-08-12T05:33:03.177+0000] {dagbag.py:587} INFO - Filling up the DagBag from /home/airflow/.local/lib/python3.12/site-packages/airflow/example_dags/example_sensor_decorator.py
[2026-08-12T05:33:03.200+0000] {processor.py:925} INFO - DAG(s) 'example_sensor_decorator' retrieved from /home/airflow/.local/lib/python3.12/site-packages/airflow/example_dags/example_sensor_decorator.py
[2026-08-12T05:33:03.246+0000] {logging_mixin.py:190} INFO - [2026-08-12T05:33:03.245+0000] {dag.py:3211} INFO - Sync 1 DAGs
[2026-08-12T05:33:03.271+0000] {logging_mixin.py:190} INFO - [2026-08-12T05:33:03.270+0000] {dag.py:4138} INFO - Setting next_dagrun for example_sensor_decorator to None, run_after=None
[2026-08-12T05:33:03.311+0000] {processor.py:208} INFO - Processing /home/airflow/.local/lib/python3.12/site-packages/airflow/example_dags/example_sensor_decorator.py took 0.158 seconds
[2026-08-12T05:33:34.073+0000] {processor.py:186} INFO - Started process (PID=7556) to work on /home/airflow/.local/lib/python3.12/site-packages/airflow/example_dags/example_sensor_decorator.py
[2026-08-12T05:33:34.075+0000] {processor.py:914} INFO - Processing file /home/airflow/.local/lib/python3.12/site-packages/airflow/example_dags/example_sensor_decorator.py for tasks to queue
[2026-08-12T05:33:34.081+0000] {logging_mixin.py:190} INFO - [2026-08-12T05:33:34.080+0000] {dagbag.py:587} INFO - Filling up the DagBag from /home/airflow/.local/lib/python3.12/site-packages/airflow/example_dags/example_sensor_decorator.py
[2026-08-12T05:33:34.090+0000] {processor.py:925} INFO - DAG(s) 'example_sensor_decorator' retrieved from /home/airflow/.local/lib/python3.12/site-packages/airflow/example_dags/example_sensor_decorator.py
[2026-08-12T05:33:34.114+0000] {logging_mixin.py:190} INFO - [2026-08-12T05:33:34.114+0000] {dag.py:3211} INFO - Sync 1 DAGs
[2026-08-12T05:33:34.130+0000] {logging_mixin.py:190} INFO - [2026-08-12T05:33:34.129+0000] {dag.py:4138} INFO - Setting next_dagrun for example_sensor_decorator to None, run_after=None
[2026-08-12T05:33:34.153+0000] {processor.py:208} INFO - Processing /home/airflow/.local/lib/python3.12/site-packages/airflow/example_dags/example_sensor_decorator.py took 0.089 seconds
[2026-08-12T05:34:04.472+0000] {processor.py:186} INFO - Started process (PID=7619) to work on /home/airflow/.local/lib/python3.12/site-packages/airflow/example_dags/example_sensor_decorator.py
[2026-08-12T05:34:04.474+0000] {processor.py:914} INFO - Processing file /home/airflow/.local/lib/python3.12/site-packages/airflow/example_dags/example_sensor_decorator.py for tasks to queue
[2026-08-12T05:34:04.478+0000] {logging_mixin.py:190} INFO - [2026-08-12T05:34:04.478+0000] {dagbag.py:587} INFO - Filling up the DagBag from /home/airflow/.local/lib/python3.12/site-packages/airflow/example_dags/example_sensor_decorator.py
[2026-08-12T05:34:04.491+0000] {processor.py:925} INFO - DAG(s) 'example_sensor_decorator' retrieved from /home/airflow/.local/lib/python3.12/site-packages/airflow/example_dags/example_sensor_decorator.py
[2026-08-12T05:34:04.524+0000] {logging_mixin.py:190} INFO - [2026-08-12T05:34:04.523+0000] {dag.py:3211} INFO - Sync 1 DAGs
[2026-08-12T05:34:04.544+0000] {logging_mixin.py:190} INFO - [2026-08-12T05:34:04.543+0000] {dag.py:4138} INFO - Setting next_dagrun for example_sensor_decorator to None, run_after=None
[2026-08-12T05:34:04.581+0000] {processor.py:208} INFO - Processing /home/airflow/.local/lib/python3.12/site-packages/airflow/example_dags/example_sensor_decorator.py took 0.120 seconds
[2026-08-12T05:34:35.305+0000] {processor.py:186} INFO - Started process (PID=7682) to work on /home/airflow/.local/lib/python3.12/site-packages/airflow/example_dags/example_sensor_decorator.py
[2026-08-12T05:34:35.308+0000] {processor.py:914} INFO - Processing file /home/airflow/.local/lib/python3.12/site-packages/airflow/example_dags/example_sensor_decorator.py for tasks to queue
[2026-08-12T05:34:35.312+0000] {logging_mixin.py:190} INFO - [2026-08-12T05:34:35.312+0000] {dagbag.py:587} INFO - Filling up the DagBag from /home/airflow/.local/lib/python3.12/site-packages/airflow/example_dags/example_sensor_decorator.py
[2026-08-12T05:34:35.323+0000] {processor.py:925} INFO - DAG(s) 'example_sensor_decorator' retrieved from /home/airflow/.local/lib/python3.12/site-packages/airflow/example_dags/example_sensor_decorator.py
[2026-08-12T05:34:35.346+0000] {logging_mixin.py:190} INFO - [2026-08-12T05:34:35.345+0000] {dag.py:3211} INFO - Sync 1 DAGs
[2026-08-12T05:34:35.364+0000] {logging_mixin.py:190} INFO - [2026-08-12T05:34:35.364+0000] {dag.py:4138} INFO - Setting next_dagrun for example_sensor_decorator to None, run_after=None
[2026-08-12T05:34:35.386+0000] {processor.py:208} INFO - Processing /home/airflow/.local/lib/python3.12/site-packages/airflow/example_dags/example_sensor_decorator.py took 0.087 seconds
[2026-08-12T05:35:05.677+0000] {processor.py:186} INFO - Started process (PID=7745) to work on /home/airflow/.local/lib/python3.12/site-packages/airflow/example_dags/example_sensor_decorator.py
[2026-08-12T05:35:05.681+0000] {processor.py:914} INFO - Processing file /home/airflow/.local/lib/python3.12/site-packages/airflow/example_dags/example_sensor_decorator.py for tasks to queue
[2026-08-12T05:35:05.687+0000] {logging_mixin.py:190} INFO - [2026-08-12T05:35:05.686+0000] {dagbag.py:587} INFO - Filling up the DagBag from /home/airflow/.local/lib/python3.12/site-packages/airflow/example_dags/example_sensor_decorator.py
[2026-08-12T05:35:05.700+0000] {processor.py:925} INFO - DAG(s) 'example_sensor_decorator' retrieved from /home/airflow/.local/lib/python3.12/site-packages/airflow/example_dags/example_sensor_decorator.py
[2026-08-12T05:35:05.735+0000] {logging_mixin.py:190} INFO - [2026-08-12T05:35:05.734+0000] {dag.py:3211} INFO - Sync 1 DAGs
[2026-08-12T05:35:05.756+0000] {logging_mixin.py:190} INFO - [2026-08-12T05:35:05.756+0000] {dag.py:4138} INFO - Setting next_dagrun for example_sensor_decorator to None, run_after=None
[2026-08-12T05:35:05.807+0000] {processor.py:208} INFO - Processing /home/airflow/.local/lib/python3.12/site-packages/airflow/example_dags/example_sensor_decorator.py took 0.137 seconds
[2026-08-12T05:35:36.108+0000] {processor.py:186} INFO - Started process (PID=7808) to work on /home/airflow/.local/lib/python3.12/site-packages/airflow/example_dags/example_sensor_decorator.py
[2026-08-12T05:35:36.111+0000] {processor.py:914} INFO - Processing file /home/airflow/.local/lib/python3.12/site-packages/airflow/example_dags/example_sensor_decorator.py for tasks to queue
[2026-08-12T05:35:36.115+0000] {logging_mixin.py:190} INFO - [2026-08-12T05:35:36.114+0000] {dagbag.py:587} INFO - Filling up the DagBag from /home/airflow/.local/lib/python3.12/site-packages/airflow/example_dags/example_sensor_decorator.py
[2026-08-12T05:35:36.124+0000] {processor.py:925} INFO - DAG(s) 'example_sensor_decorator' retrieved from /home/airflow/.local/lib/python3.12/site-packages/airflow/example_dags/example_sensor_decorator.py
[2026-08-12T05:35:36.145+0000] {logging_mixin.py:190} INFO - [2026-08-12T05:35:36.144+0000] {dag.py:3211} INFO - Sync 1 DAGs
[2026-08-12T05:35:36.160+0000] {logging_mixin.py:190} INFO - [2026-08-12T05:35:36.159+0000] {dag.py:4138} INFO - Setting next_dagrun for example_sensor_decorator to None, run_after=None
[2026-08-12T05:35:36.184+0000] {processor.py:208} INFO - Processing /home/airflow/.local/lib/python3.12/site-packages/airflow/example_dags/example_sensor_decorator.py took 0.081 seconds
[2026-08-12T05:36:06.362+0000] {processor.py:186} INFO - Started process (PID=7871) to work on /home/airflow/.local/lib/python3.12/site-packages/airflow/example_dags/example_sensor_decorator.py
[2026-08-12T05:36:06.364+0000] {processor.py:914} INFO - Processing file /home/airflow/.local/lib/python3.12/site-packages/airflow/example_dags/example_sensor_decorator.py for tasks to queue
[2026-08-12T05:36:06.368+0000] {logging_mixin.py:190} INFO - [2026-08-12T05:36:06.367+0000] {dagbag.py:587} INFO - Filling up the DagBag from /home/airflow/.local/lib/python3.12/site-packages/airflow/example_dags/example_sensor_decorator.py
[2026-08-12T05:36:06.378+0000] {processor.py:925} INFO - DAG(s) 'example_sensor_decorator' retrieved from /home/airflow/.local/lib/python3.12/site-packages/airflow/example_dags/example_sensor_decorator.py
[2026-08-12T05:36:06.399+0000] {logging_mixin.py:190} INFO - [2026-08-12T05:36:06.399+0000] {dag.py:3211} INFO - Sync 1 DAGs
[2026-08-12T05:36:06.417+0000] {logging_mixin.py:190} INFO - [2026-08-12T05:36:06.416+0000] {dag.py:4138} INFO - Setting next_dagrun for example_sensor_decorator to None, run_after=None
[2026-08-12T05:36:06.437+0000] {processor.py:208} INFO - Processing /home/airflow/.local/lib/python3.12/site-packages/airflow/example_dags/example_sensor_decorator.py took 0.081 seconds
[2026-08-12T05:36:37.020+0000] {processor.py:186} INFO - Started process (PID=7935) to work on /home/airflow/.local/lib/python3.12/site-packages/airflow/example_dags/example_sensor_decorator.py
[2026-08-12T05:36:37.022+0000] {processor.py:914} INFO - Processing file /home/airflow/.local/lib/python3.12/site-packages/airflow/example_dags/example_sensor_decorator.py for tasks to queue
[2026-08-12T05:36:37.026+0000] {logging_mixin.py:190} INFO - [2026-08-12T05:36:37.025+0000] {dagbag.py:587} INFO - Filling up the DagBag from /home/airflow/.local/lib/python3.12/site-packages/airflow/example_dags/example_sensor_decorator.py
[2026-08-12T05:36:37.042+0000] {processor.py:925} INFO - DAG(s) 'example_sensor_decorator' retrieved from /home/airflow/.local/lib/python3.12/site-packages/airflow/example_dags/example_sensor_decorator.py
[2026-08-12T05:36:37.099+0000] {logging_mixin.py:190} INFO - [2026-08-12T05:36:37.098+0000] {dag.py:3211} INFO - Sync 1 DAGs
[2026-08-12T05:36:37.126+0000] {logging_mixin.py:190} INFO - [2026-08-12T05:36:37.126+0000] {dag.py:4138} INFO - Setting next_dagrun for example_sensor_decorator to None, run_after=None
[2026-08-12T05:36:37.154+0000] {processor.py:208} INFO - Processing /home/airflow/.local/lib/python3.12/site-packages/airflow/example_dags/example_sensor_decorator.py took 0.142 seconds
[2026-08-12T05:37:08.007+0000] {processor.py:186} INFO - Started process (PID=7998) to work on /home/airflow/.local/lib/python3.12/site-packages/airflow/example_dags/example_sensor_decorator.py
[2026-08-12T05:37:08.010+0000] {processor.py:914} INFO - Processing file /home/airflow/.local/lib/python3.12/site-packages/airflow/example_dags/example_sensor_decorator.py for tasks to queue
[2026-08-12T05:37:08.015+0000] {logging_mixin.py:190} INFO - [2026-08-12T05:37:08.015+0000] {dagbag.py:587} INFO - Filling up the DagBag from /home/airflow/.local/lib/python3.12/site-packages/airflow/example_dags/example_sensor_decorator.py
[2026-08-12T05:37:08.028+0000] {processor.py:925} INFO - DAG(s) 'example_sensor_decorator' retrieved from /home/airflow/.local/lib/python3.12/site-packages/airflow/example_dags/example_sensor_decorator.py
[2026-08-12T05:37:08.053+0000] {logging_mixin.py:190} INFO - [2026-08-12T05:37:08.053+0000] {dag.py:3211} INFO - Sync 1 DAGs
[2026-08-12T05:37:08.075+0000] {logging_mixin.py:190} INFO - [2026-08-12T05:37:08.074+0000] {dag.py:4138} INFO - Setting next_dagrun for example_sensor_decorator to None, run_after=None
[2026-08-12T05:37:08.110+0000] {processor.py:208} INFO - Processing /home/airflow/.local/lib/python3.12/site-packages/airflow/example_dags/example_sensor_decorator.py took 0.116 seconds
[2026-08-12T05:37:38.915+0000] {processor.py:186} INFO - Started process (PID=8061) to work on /home/airflow/.local/lib/python3.12/site-packages/airflow/example_dags/example_sensor_decorator.py
[2026-08-12T05:37:38.917+0000] {processor.py:914} INFO - Processing file /home/airflow/.local/lib/python3.12/site-packages/airflow/example_dags/example_sensor_decorator.py for tasks to queue
[2026-08-12T05:37:38.921+0000] {logging_mixin.py:190} INFO - [2026-08-12T05:37:38.920+0000] {dagbag.py:587} INFO - Filling up the DagBag from /home/airflow/.local/lib/python3.12/site-packages/airflow/example_dags/example_sensor_decorator.py
[2026-08-12T05:37:38.932+0000] {processor.py:925} INFO - DAG(s) 'example_sensor_decorator' retrieved from /home/airflow/.local/lib/python3.12/site-packages/airflow/example_dags/example_sensor_decorator.py
[2026-08-12T05:37:38.956+0000] {logging_mixin.py:190} INFO - [2026-08-12T05:37:38.956+0000] {dag.py:3211} INFO - Sync 1 DAGs
[2026-08-12T05:37:38.975+0000] {logging_mixin.py:190} INFO - [2026-08-12T05:37:38.975+0000] {dag.py:4138} INFO - Setting next_dagrun for example_sensor_decorator to None, run_after=None
[2026-08-12T05:37:39.000+0000] {processor.py:208} INFO - Processing /home/airflow/.local/lib/python3.12/site-packages/airflow/example_dags/example_sensor_decorator.py took 0.094 seconds
[2026-08-12T05:38:09.682+0000] {processor.py:186} INFO - Started process (PID=8124) to work on /home/airflow/.local/lib/python3.12/site-packages/airflow/example_dags/example_sensor_decorator.py
[2026-08-12T05:38:09.687+0000] {processor.py:914} INFO - Processing file /home/airflow/.local/lib/python3.12/site-packages/airflow/example_dags/example_sensor_decorator.py for tasks to queue
[2026-08-12T05:38:09.691+0000] {logging_mixin.py:190} INFO - [2026-08-12T05:38:09.690+0000] {dagbag.py:587} INFO - Filling up the DagBag from /home/airflow/.local/lib/python3.12/site-packages/airflow/example_dags/example_sensor_decorator.py
[2026-08-12T05:38:09.704+0000] {processor.py:925} INFO - DAG(s) 'example_sensor_decorator' retrieved from /home/airflow/.local/lib/python3.12/site-packages/airflow/example_dags/example_sensor_decorator.py
[2026-08-12T05:38:09.726+0000] {logging_mixin.py:190} INFO - [2026-08-12T05:38:09.726+0000] {dag.py:3211} INFO - Sync 1 DAGs
[2026-08-12T05:38:09.745+0000] {logging_mixin.py:190} INFO - [2026-08-12T05:38:09.744+0000] {dag.py:4138} INFO - Setting next_dagrun for example_sensor_decorator to None, run_after=None
[2026-08-12T05:38:09.776+0000] {processor.py:208} INFO - Processing /home/airflow/.local/lib/python3.12/site-packages/airflow/example_dags/example_sensor_decorator.py took 0.099 seconds
[2026-08-12T05:38:40.022+0000] {processor.py:186} INFO - Started process (PID=8188) to work on /home/airflow/.local/lib/python3.12/site-packages/airflow/example_dags/example_sensor_decorator.py
[2026-08-12T05:38:40.024+0000] {processor.py:914} INFO - Processing file /home/airflow/.local/lib/python3.12/site-packages/airflow/example_dags/example_sensor_decorator.py for tasks to queue
[2026-08-12T05:38:40.028+0000] {logging_mixin.py:190} INFO - [2026-08-12T05:38:40.028+0000] {dagbag.py:587} INFO - Filling up the DagBag from /home/airflow/.local/lib/python3.12/site-packages/airflow/example_dags/example_sensor_decorator.py
[2026-08-12T05:38:40.040+0000] {processor.py:925} INFO - DAG(s) 'example_sensor_decorator' retrieved from /home/airflow/.local/lib/python3.12/site-packages/airflow/example_dags/example_sensor_decorator.py
[2026-08-12T05:38:40.067+0000] {logging_mixin.py:190} INFO - [2026-08-12T05:38:40.066+0000] {dag.py:3211} INFO - Sync 1 DAGs
[2026-08-12T05:38:40.087+0000] {logging_mixin.py:190} INFO - [2026-08-12T05:38:40.086+0000] {dag.py:4138} INFO - Setting next_dagrun for example_sensor_decorator to None, run_after=None
[2026-08-12T05:38:40.115+0000] {processor.py:208} INFO - Processing /home/airflow/.local/lib/python3.12/site-packages/airflow/example_dags/example_sensor_decorator.py took 0.101 seconds
[2026-08-12T05:39:10.719+0000] {processor.py:186} INFO - Started process (PID=8252) to work on /home/airflow/.local/lib/python3.12/site-packages/airflow/example_dags/example_sensor_decorator.py
[2026-08-12T05:39:10.721+0000] {processor.py:914} INFO - Processing file /home/airflow/.local/lib/python3.12/site-packages/airflow/example_dags/example_sensor_decorator.py for tasks to queue
[2026-08-12T05:39:10.725+0000] {logging_mixin.py:190} INFO - [2026-08-12T05:39:10.724+0000] {dagbag.py:587} INFO - Filling up the DagBag from /home/airflow/.local/lib/python3.12/site-packages/airflow/example_dags/example_sensor_decorator.py
[2026-08-12T05:39:10.735+0000] {processor.py:925} INFO - DAG(s) 'example_sensor_decorator' retrieved from /home/airflow/.local/lib/python3.12/site-packages/airflow/example_dags/example_sensor_decorator.py
[2026-08-12T05:39:10.755+0000] {logging_mixin.py:190} INFO - [2026-08-12T05:39:10.755+0000] {dag.py:3211} INFO - Sync 1 DAGs
[2026-08-12T05:39:10.769+0000] {logging_mixin.py:190} INFO - [2026-08-12T05:39:10.769+0000] {dag.py:4138} INFO - Setting next_dagrun for example_sensor_decorator to None, run_after=None
[2026-08-12T05:39:10.793+0000] {processor.py:208} INFO - Processing /home/airflow/.local/lib/python3.12/site-packages/airflow/example_dags/example_sensor_decorator.py took 0.080 seconds
[2026-08-12T05:39:41.339+0000] {processor.py:186} INFO - Started process (PID=8315) to work on /home/airflow/.local/lib/python3.12/site-packages/airflow/example_dags/example_sensor_decorator.py
[2026-08-12T05:39:41.342+0000] {processor.py:914} INFO - Processing file /home/airflow/.local/lib/python3.12/site-packages/airflow/example_dags/example_sensor_decorator.py for tasks to queue
[2026-08-12T05:39:41.347+0000] {logging_mixin.py:190} INFO - [2026-08-12T05:39:41.347+0000] {dagbag.py:587} INFO - Filling up the DagBag from /home/airflow/.local/lib/python3.12/site-packages/airflow/example_dags/example_sensor_decorator.py
[2026-08-12T05:39:41.359+0000] {processor.py:925} INFO - DAG(s) 'example_sensor_decorator' retrieved from /home/airflow/.local/lib/python3.12/site-packages/airflow/example_dags/example_sensor_decorator.py
[2026-08-12T05:39:41.382+0000] {logging_mixin.py:190} INFO - [2026-08-12T05:39:41.381+0000] {dag.py:3211} INFO - Sync 1 DAGs
[2026-08-12T05:39:41.397+0000] {logging_mixin.py:190} INFO - [2026-08-12T05:39:41.397+0000] {dag.py:4138} INFO - Setting next_dagrun for example_sensor_decorator to None, run_after=None
[2026-08-12T05:39:41.425+0000] {processor.py:208} INFO - Processing /home/airflow/.local/lib/python3.12/site-packages/airflow/example_dags/example_sensor_decorator.py took 0.095 seconds
[2026-08-12T05:40:12.082+0000] {processor.py:186} INFO - Started process (PID=8378) to work on /home/airflow/.local/lib/python3.12/site-packages/airflow/example_dags/example_sensor_decorator.py
[2026-08-12T05:40:12.085+0000] {processor.py:914} INFO - Processing file /home/airflow/.local/lib/python3.12/site-packages/airflow/example_dags/example_sensor_decorator.py for tasks to queue
[2026-08-12T05:40:12.089+0000] {logging_mixin.py:190} INFO - [2026-08-12T05:40:12.088+0000] {dagbag.py:587} INFO - Filling up the DagBag from /home/airflow/.local/lib/python3.12/site-packages/airflow/example_dags/example_sensor_decorator.py
[2026-08-12T05:40:12.103+0000] {processor.py:925} INFO - DAG(s) 'example_sensor_decorator' retrieved from /home/airflow/.local/lib/python3.12/site-packages/airflow/example_dags/example_sensor_decorator.py
[2026-08-12T05:40:12.128+0000] {logging_mixin.py:190} INFO - [2026-08-12T05:40:12.128+0000] {dag.py:3211} INFO - Sync 1 DAGs
[2026-08-12T05:40:12.146+0000] {logging_mixin.py:190} INFO - [2026-08-12T05:40:12.146+0000] {dag.py:4138} INFO - Setting next_dagrun for example_sensor_decorator to None, run_after=None
[2026-08-12T05:40:12.167+0000] {processor.py:208} INFO - Processing /home/airflow/.local/lib/python3.12/site-packages/airflow/example_dags/example_sensor_decorator.py took 0.092 seconds
[2026-08-12T05:40:42.771+0000] {processor.py:186} INFO - Started process (PID=8441) to work on /home/airflow/.local/lib/python3.12/site-packages/airflow/example_dags/example_sensor_decorator.py
[2026-08-12T05:40:42.775+0000] {processor.py:914} INFO - Processing file /home/airflow/.local/lib/python3.12/site-packages/airflow/example_dags/example_sensor_decorator.py for tasks to queue
[2026-08-12T05:40:42.782+0000] {logging_mixin.py:190} INFO - [2026-08-12T05:40:42.781+0000] {dagbag.py:587} INFO - Filling up the DagBag from /home/airflow/.local/lib/python3.12/site-packages/airflow/example_dags/example_sensor_decorator.py
[2026-08-12T05:40:42.800+0000] {processor.py:925} INFO - DAG(s) 'example_sensor_decorator' retrieved from /home/airflow/.local/lib/python3.12/site-packages/airflow/example_dags/example_sensor_decorator.py
[2026-08-12T05:40:42.841+0000] {logging_mixin.py:190} INFO - [2026-08-12T05:40:42.841+0000] {dag.py:3211} INFO - Sync 1 DAGs
[2026-08-12T05:40:42.859+0000] {logging_mixin.py:190} INFO - [2026-08-12T05:40:42.859+0000] {dag.py:4138} INFO - Setting next_dagrun for example_sensor_decorator to None, run_after=None
[2026-08-12T05:40:42.892+0000] {processor.py:208} INFO - Processing /home/airflow/.local/lib/python3.12/site-packages/airflow/example_dags/example_sensor_decorator.py took 0.132 seconds
[2026-08-12T05:41:13.107+0000] {processor.py:186} INFO - Started process (PID=8504) to work on /home/airflow/.local/lib/python3.12/site-packages/airflow/example_dags/example_sensor_decorator.py
[2026-08-12T05:41:13.110+0000] {processor.py:914} INFO - Processing file /home/airflow/.local/lib/python3.12/site-packages/airflow/example_dags/example_sensor_decorator.py for tasks to queue
[2026-08-12T05:41:13.113+0000] {logging_mixin.py:190} INFO - [2026-08-12T05:41:13.113+0000] {dagbag.py:587} INFO - Filling up the DagBag from /home/airflow/.local/lib/python3.12/site-packages/airflow/example_dags/example_sensor_decorator.py
[2026-08-12T05:41:13.127+0000] {processor.py:925} INFO - DAG(s) 'example_sensor_decorator' retrieved from /home/airflow/.local/lib/python3.12/site-packages/airflow/example_dags/example_sensor_decorator.py
[2026-08-12T05:41:13.156+0000] {logging_mixin.py:190} INFO - [2026-08-12T05:41:13.156+0000] {dag.py:3211} INFO - Sync 1 DAGs
[2026-08-12T05:41:13.174+0000] {logging_mixin.py:190} INFO - [2026-08-12T05:41:13.174+0000] {dag.py:4138} INFO - Setting next_dagrun for example_sensor_decorator to None, run_after=None
[2026-08-12T05:41:13.198+0000] {processor.py:208} INFO - Processing /home/airflow/.local/lib/python3.12/site-packages/airflow/example_dags/example_sensor_decorator.py took 0.099 seconds
[2026-08-12T05:41:44.178+0000] {processor.py:186} INFO - Started process (PID=8567) to work on /home/airflow/.local/lib/python3.12/site-packages/airflow/example_dags/example_sensor_decorator.py
[2026-08-12T05:41:44.181+0000] {processor.py:914} INFO - Processing file /home/airflow/.local/lib/python3.12/site-packages/airflow/example_dags/example_sensor_decorator.py for tasks to queue
[2026-08-12T05:41:44.186+0000] {logging_mixin.py:190} INFO - [2026-08-12T05:41:44.185+0000] {dagbag.py:587} INFO - Filling up the DagBag from /home/airflow/.local/lib/python3.12/site-packages/airflow/example_dags/example_sensor_decorator.py
[2026-08-12T05:41:44.198+0000] {processor.py:925} INFO - DAG(s) 'example_sensor_decorator' retrieved from /home/airflow/.local/lib/python3.12/site-packages/airflow/example_dags/example_sensor_decorator.py
[2026-08-12T05:41:44.224+0000] {logging_mixin.py:190} INFO - [2026-08-12T05:41:44.223+0000] {dag.py:3211} INFO - Sync 1 DAGs
[2026-08-12T05:41:44.240+0000] {logging_mixin.py:190} INFO - [2026-08-12T05:41:44.240+0000] {dag.py:4138} INFO - Setting next_dagrun for example_sensor_decorator to None, run_after=None
[2026-08-12T05:41:44.275+0000] {processor.py:208} INFO - Processing /home/airflow/.local/lib/python3.12/site-packages/airflow/example_dags/example_sensor_decorator.py took 0.105 seconds
[2026-08-12T05:42:15.129+0000] {processor.py:186} INFO - Started process (PID=8630) to work on /home/airflow/.local/lib/python3.12/site-packages/airflow/example_dags/example_sensor_decorator.py
[2026-08-12T05:42:15.132+0000] {processor.py:914} INFO - Processing file /home/airflow/.local/lib/python3.12/site-packages/airflow/example_dags/example_sensor_decorator.py for tasks to queue
[2026-08-12T05:42:15.138+0000] {logging_mixin.py:190} INFO - [2026-08-12T05:42:15.137+0000] {dagbag.py:587} INFO - Filling up the DagBag from /home/airflow/.local/lib/python3.12/site-packages/airflow/example_dags/example_sensor_decorator.py
[2026-08-12T05:42:15.156+0000] {processor.py:925} INFO - DAG(s) 'example_sensor_decorator' retrieved from /home/airflow/.local/lib/python3.12/site-packages/airflow/example_dags/example_sensor_decorator.py
[2026-08-12T05:42:15.195+0000] {logging_mixin.py:190} INFO - [2026-08-12T05:42:15.195+0000] {dag.py:3211} INFO - Sync 1 DAGs
[2026-08-12T05:42:15.220+0000] {logging_mixin.py:190} INFO - [2026-08-12T05:42:15.220+0000] {dag.py:4138} INFO - Setting next_dagrun for example_sensor_decorator to None, run_after=None
[2026-08-12T05:42:15.252+0000] {processor.py:208} INFO - Processing /home/airflow/.local/lib/python3.12/site-packages/airflow/example_dags/example_sensor_decorator.py took 0.134 seconds
[2026-08-12T05:42:45.522+0000] {processor.py:186} INFO - Started process (PID=8693) to work on /home/airflow/.local/lib/python3.12/site-packages/airflow/example_dags/example_sensor_decorator.py
[2026-08-12T05:42:45.525+0000] {processor.py:914} INFO - Processing file /home/airflow/.local/lib/python3.12/site-packages/airflow/example_dags/example_sensor_decorator.py for tasks to queue
[2026-08-12T05:42:45.528+0000] {logging_mixin.py:190} INFO - [2026-08-12T05:42:45.528+0000] {dagbag.py:587} INFO - Filling up the DagBag from /home/airflow/.local/lib/python3.12/site-packages/airflow/example_dags/example_sensor_decorator.py
[2026-08-12T05:42:45.538+0000] {processor.py:925} INFO - DAG(s) 'example_sensor_decorator' retrieved from /home/airflow/.local/lib/python3.12/site-packages/airflow/example_dags/example_sensor_decorator.py
[2026-08-12T05:42:45.558+0000] {logging_mixin.py:190} INFO - [2026-08-12T05:42:45.558+0000] {dag.py:3211} INFO - Sync 1 DAGs
[2026-08-12T05:42:45.574+0000] {logging_mixin.py:190} INFO - [2026-08-12T05:42:45.574+0000] {dag.py:4138} INFO - Setting next_dagrun for example_sensor_decorator to None, run_after=None
[2026-08-12T05:42:45.596+0000] {processor.py:208} INFO - Processing /home/airflow/.local/lib/python3.12/site-packages/airflow/example_dags/example_sensor_decorator.py took 0.080 seconds
[2026-08-12T05:43:16.277+0000] {processor.py:186} INFO - Started process (PID=8757) to work on /home/airflow/.local/lib/python3.12/site-packages/airflow/example_dags/example_sensor_decorator.py
[2026-08-12T05:43:16.279+0000] {processor.py:914} INFO - Processing file /home/airflow/.local/lib/python3.12/site-packages/airflow/example_dags/example_sensor_decorator.py for tasks to queue
[2026-08-12T05:43:16.284+0000] {logging_mixin.py:190} INFO - [2026-08-12T05:43:16.283+0000] {dagbag.py:587} INFO - Filling up the DagBag from /home/airflow/.local/lib/python3.12/site-packages/airflow/example_dags/example_sensor_decorator.py
[2026-08-12T05:43:16.294+0000] {processor.py:925} INFO - DAG(s) 'example_sensor_decorator' retrieved from /home/airflow/.local/lib/python3.12/site-packages/airflow/example_dags/example_sensor_decorator.py
[2026-08-12T05:43:16.320+0000] {logging_mixin.py:190} INFO - [2026-08-12T05:43:16.319+0000] {dag.py:3211} INFO - Sync 1 DAGs
[2026-08-12T05:43:16.339+0000] {logging_mixin.py:190} INFO - [2026-08-12T05:43:16.339+0000] {dag.py:4138} INFO - Setting next_dagrun for example_sensor_decorator to None, run_after=None
[2026-08-12T05:43:16.364+0000] {processor.py:208} INFO - Processing /home/airflow/.local/lib/python3.12/site-packages/airflow/example_dags/example_sensor_decorator.py took 0.092 seconds
[2026-08-12T05:43:46.803+0000] {processor.py:186} INFO - Started process (PID=8820) to work on /home/airflow/.local/lib/python3.12/site-packages/airflow/example_dags/example_sensor_decorator.py
[2026-08-12T05:43:46.805+0000] {processor.py:914} INFO - Processing file /home/airflow/.local/lib/python3.12/site-packages/airflow/example_dags/example_sensor_decorator.py for tasks to queue
[2026-08-12T05:43:46.808+0000] {logging_mixin.py:190} INFO - [2026-08-12T05:43:46.808+0000] {dagbag.py:587} INFO - Filling up the DagBag from /home/airflow/.local/lib/python3.12/site-packages/airflow/example_dags/example_sensor_decorator.py
[2026-08-12T05:43:46.818+0000] {processor.py:925} INFO - DAG(s) 'example_sensor_decorator' retrieved from /home/airflow/.local/lib/python3.12/site-packages/airflow/example_dags/example_sensor_decorator.py
[2026-08-12T05:43:46.848+0000] {logging_mixin.py:190} INFO - [2026-08-12T05:43:46.848+0000] {dag.py:3211} INFO - Sync 1 DAGs
[2026-08-12T05:43:46.863+0000] {logging_mixin.py:190} INFO - [2026-08-12T05:43:46.863+0000] {dag.py:4138} INFO - Setting next_dagrun for example_sensor_decorator to None, run_after=None
[2026-08-12T05:43:46.886+0000] {processor.py:208} INFO - Processing /home/airflow/.local/lib/python3.12/site-packages/airflow/example_dags/example_sensor_decorator.py took 0.090 seconds
[2026-08-12T05:44:17.199+0000] {processor.py:186} INFO - Started process (PID=8882) to work on /home/airflow/.local/lib/python3.12/site-packages/airflow/example_dags/example_sensor_decorator.py
[2026-08-12T05:44:17.203+0000] {processor.py:914} INFO - Processing file /home/airflow/.local/lib/python3.12/site-packages/airflow/example_dags/example_sensor_decorator.py for tasks to queue
[2026-08-12T05:44:17.212+0000] {logging_mixin.py:190} INFO - [2026-08-12T05:44:17.211+0000] {dagbag.py:587} INFO - Filling up the DagBag from /home/airflow/.local/lib/python3.12/site-packages/airflow/example_dags/example_sensor_decorator.py
[2026-08-12T05:44:17.229+0000] {processor.py:925} INFO - DAG(s) 'example_sensor_decorator' retrieved from /home/airflow/.local/lib/python3.12/site-packages/airflow/example_dags/example_sensor_decorator.py
[2026-08-12T05:44:17.255+0000] {logging_mixin.py:190} INFO - [2026-08-12T05:44:17.255+0000] {dag.py:3211} INFO - Sync 1 DAGs
[2026-08-12T05:44:17.280+0000] {logging_mixin.py:190} INFO - [2026-08-12T05:44:17.280+0000] {dag.py:4138} INFO - Setting next_dagrun for example_sensor_decorator to None, run_after=None
[2026-08-12T05:44:17.320+0000] {processor.py:208} INFO - Processing /home/airflow/.local/lib/python3.12/site-packages/airflow/example_dags/example_sensor_decorator.py took 0.137 seconds
[2026-08-12T05:44:47.913+0000] {processor.py:186} INFO - Started process (PID=8946) to work on /home/airflow/.local/lib/python3.12/site-packages/airflow/example_dags/example_sensor_decorator.py
[2026-08-12T05:44:47.916+0000] {processor.py:914} INFO - Processing file /home/airflow/.local/lib/python3.12/site-packages/airflow/example_dags/example_sensor_decorator.py for tasks to queue
[2026-08-12T05:44:47.920+0000] {logging_mixin.py:190} INFO - [2026-08-12T05:44:47.920+0000] {dagbag.py:587} INFO - Filling up the DagBag from /home/airflow/.local/lib/python3.12/site-packages/airflow/example_dags/example_sensor_decorator.py
[2026-08-12T05:44:47.936+0000] {processor.py:925} INFO - DAG(s) 'example_sensor_decorator' retrieved from /home/airflow/.local/lib/python3.12/site-packages/airflow/example_dags/example_sensor_decorator.py
[2026-08-12T05:44:47.968+0000] {logging_mixin.py:190} INFO - [2026-08-12T05:44:47.968+0000] {dag.py:3211} INFO - Sync 1 DAGs
[2026-08-12T05:44:47.986+0000] {logging_mixin.py:190} INFO - [2026-08-12T05:44:47.986+0000] {dag.py:4138} INFO - Setting next_dagrun for example_sensor_decorator to None, run_after=None
[2026-08-12T05:44:48.018+0000] {processor.py:208} INFO - Processing /home/airflow/.local/lib/python3.12/site-packages/airflow/example_dags/example_sensor_decorator.py took 0.113 seconds
[2026-08-12T05:45:18.396+0000] {processor.py:186} INFO - Started process (PID=9009) to work on /home/airflow/.local/lib/python3.12/site-packages/airflow/example_dags/example_sensor_decorator.py
[2026-08-12T05:45:18.399+0000] {processor.py:914} INFO - Processing file /home/airflow/.local/lib/python3.12/site-packages/airflow/example_dags/example_sensor_decorator.py for tasks to queue
[2026-08-12T05:45:18.402+0000] {logging_mixin.py:190} INFO - [2026-08-12T05:45:18.402+0000] {dagbag.py:587} INFO - Filling up the DagBag from /home/airflow/.local/lib/python3.12/site-packages/airflow/example_dags/example_sensor_decorator.py
[2026-08-12T05:45:18.411+0000] {processor.py:925} INFO - DAG(s) 'example_sensor_decorator' retrieved from /home/airflow/.local/lib/python3.12/site-packages/airflow/example_dags/example_sensor_decorator.py
[2026-08-12T05:45:18.434+0000] {logging_mixin.py:190} INFO - [2026-08-12T05:45:18.433+0000] {dag.py:3211} INFO - Sync 1 DAGs
[2026-08-12T05:45:18.450+0000] {logging_mixin.py:190} INFO - [2026-08-12T05:45:18.450+0000] {dag.py:4138} INFO - Setting next_dagrun for example_sensor_decorator to None, run_after=None
[2026-08-12T05:45:18.478+0000] {processor.py:208} INFO - Processing /home/airflow/.local/lib/python3.12/site-packages/airflow/example_dags/example_sensor_decorator.py took 0.087 seconds
[2026-08-12T05:45:48.968+0000] {processor.py:186} INFO - Started process (PID=9072) to work on /home/airflow/.local/lib/python3.12/site-packages/airflow/example_dags/example_sensor_decorator.py
[2026-08-12T05:45:48.971+0000] {processor.py:914} INFO - Processing file /home/airflow/.local/lib/python3.12/site-packages/airflow/example_dags/example_sensor_decorator.py for tasks to queue
[2026-08-12T05:45:48.977+0000] {logging_mixin.py:190} INFO - [2026-08-12T05:45:48.977+0000] {dagbag.py:587} INFO - Filling up the DagBag from /home/airflow/.local/lib/python3.12/site-packages/airflow/example_dags/example_sensor_decorator.py
[2026-08-12T05:45:48.988+0000] {processor.py:925} INFO - DAG(s) 'example_sensor_decorator' retrieved from /home/airflow/.local/lib/python3.12/site-packages/airflow/example_dags/example_sensor_decorator.py
[2026-08-12T05:45:49.013+0000] {logging_mixin.py:190} INFO - [2026-08-12T05:45:49.013+0000] {dag.py:3211} INFO - Sync 1 DAGs
[2026-08-12T05:45:49.030+0000] {logging_mixin.py:190} INFO - [2026-08-12T05:45:49.029+0000] {dag.py:4138} INFO - Setting next_dagrun for example_sensor_decorator to None, run_after=None
[2026-08-12T05:45:49.058+0000] {processor.py:208} INFO - Processing /home/airflow/.local/lib/python3.12/site-packages/airflow/example_dags/example_sensor_decorator.py took 0.097 seconds
[2026-08-12T05:46:19.474+0000] {processor.py:186} INFO - Started process (PID=9135) to work on /home/airflow/.local/lib/python3.12/site-packages/airflow/example_dags/example_sensor_decorator.py
[2026-08-12T05:46:19.477+0000] {processor.py:914} INFO - Processing file /home/airflow/.local/lib/python3.12/site-packages/airflow/example_dags/example_sensor_decorator.py for tasks to queue
[2026-08-12T05:46:19.482+0000] {logging_mixin.py:190} INFO - [2026-08-12T05:46:19.481+0000] {dagbag.py:587} INFO - Filling up the DagBag from /home/airflow/.local/lib/python3.12/site-packages/airflow/example_dags/example_sensor_decorator.py
[2026-08-12T05:46:19.492+0000] {processor.py:925} INFO - DAG(s) 'example_sensor_decorator' retrieved from /home/airflow/.local/lib/python3.12/site-packages/airflow/example_dags/example_sensor_decorator.py
[2026-08-12T05:46:19.520+0000] {logging_mixin.py:190} INFO - [2026-08-12T05:46:19.519+0000] {dag.py:3211} INFO - Sync 1 DAGs
[2026-08-12T05:46:19.538+0000] {logging_mixin.py:190} INFO - [2026-08-12T05:46:19.538+0000] {dag.py:4138} INFO - Setting next_dagrun for example_sensor_decorator to None, run_after=None
[2026-08-12T05:46:19.564+0000] {processor.py:208} INFO - Processing /home/airflow/.local/lib/python3.12/site-packages/airflow/example_dags/example_sensor_decorator.py took 0.095 seconds
[2026-08-12T05:46:50.107+0000] {processor.py:186} INFO - Started process (PID=9198) to work on /home/airflow/.local/lib/python3.12/site-packages/airflow/example_dags/example_sensor_decorator.py
[2026-08-12T05:46:50.110+0000] {processor.py:914} INFO - Processing file /home/airflow/.local/lib/python3.12/site-packages/airflow/example_dags/example_sensor_decorator.py for tasks to queue
[2026-08-12T05:46:50.113+0000] {logging_mixin.py:190} INFO - [2026-08-12T05:46:50.113+0000] {dagbag.py:587} INFO - Filling up the DagBag from /home/airflow/.local/lib/python3.12/site-packages/airflow/example_dags/example_sensor_decorator.py
[2026-08-12T05:46:50.124+0000] {processor.py:925} INFO - DAG(s) 'example_sensor_decorator' retrieved from /home/airflow/.local/lib/python3.12/site-packages/airflow/example_dags/example_sensor_decorator.py
[2026-08-12T05:46:50.148+0000] {logging_mixin.py:190} INFO - [2026-08-12T05:46:50.148+0000] {dag.py:3211} INFO - Sync 1 DAGs
[2026-08-12T05:46:50.166+0000] {logging_mixin.py:190} INFO - [2026-08-12T05:46:50.165+0000] {dag.py:4138} INFO - Setting next_dagrun for example_sensor_decorator to None, run_after=None
[2026-08-12T05:46:50.191+0000] {processor.py:208} INFO - Processing /home/airflow/.local/lib/python3.12/site-packages/airflow/example_dags/example_sensor_decorator.py took 0.093 seconds
[2026-08-12T05:47:20.495+0000] {processor.py:186} INFO - Started process (PID=9261) to work on /home/airflow/.local/lib/python3.12/site-packages/airflow/example_dags/example_sensor_decorator.py
[2026-08-12T05:47:20.497+0000] {processor.py:914} INFO - Processing file /home/airflow/.local/lib/python3.12/site-packages/airflow/example_dags/example_sensor_decorator.py for tasks to queue
[2026-08-12T05:47:20.502+0000] {logging_mixin.py:190} INFO - [2026-08-12T05:47:20.501+0000] {dagbag.py:587} INFO - Filling up the DagBag from /home/airflow/.local/lib/python3.12/site-packages/airflow/example_dags/example_sensor_decorator.py
[2026-08-12T05:47:20.516+0000] {processor.py:925} INFO - DAG(s) 'example_sensor_decorator' retrieved from /home/airflow/.local/lib/python3.12/site-packages/airflow/example_dags/example_sensor_decorator.py
[2026-08-12T05:47:20.543+0000] {logging_mixin.py:190} INFO - [2026-08-12T05:47:20.543+0000] {dag.py:3211} INFO - Sync 1 DAGs
[2026-08-12T05:47:20.565+0000] {logging_mixin.py:190} INFO - [2026-08-12T05:47:20.565+0000] {dag.py:4138} INFO - Setting next_dagrun for example_sensor_decorator to None, run_after=None
[2026-08-12T05:47:20.591+0000] {processor.py:208} INFO - Processing /home/airflow/.local/lib/python3.12/site-packages/airflow/example_dags/example_sensor_decorator.py took 0.105 seconds
[2026-08-12T05:47:51.447+0000] {processor.py:186} INFO - Started process (PID=9324) to work on /home/airflow/.local/lib/python3.12/site-packages/airflow/example_dags/example_sensor_decorator.py
[2026-08-12T05:47:51.450+0000] {processor.py:914} INFO - Processing file /home/airflow/.local/lib/python3.12/site-packages/airflow/example_dags/example_sensor_decorator.py for tasks to queue
[2026-08-12T05:47:51.455+0000] {logging_mixin.py:190} INFO - [2026-08-12T05:47:51.454+0000] {dagbag.py:587} INFO - Filling up the DagBag from /home/airflow/.local/lib/python3.12/site-packages/airflow/example_dags/example_sensor_decorator.py
[2026-08-12T05:47:51.468+0000] {processor.py:925} INFO - DAG(s) 'example_sensor_decorator' retrieved from /home/airflow/.local/lib/python3.12/site-packages/airflow/example_dags/example_sensor_decorator.py
[2026-08-12T05:47:51.501+0000] {logging_mixin.py:190} INFO - [2026-08-12T05:47:51.501+0000] {dag.py:3211} INFO - Sync 1 DAGs
[2026-08-12T05:47:51.523+0000] {logging_mixin.py:190} INFO - [2026-08-12T05:47:51.523+0000] {dag.py:4138} INFO - Setting next_dagrun for example_sensor_decorator to None, run_after=None
[2026-08-12T05:47:51.550+0000] {processor.py:208} INFO - Processing /home/airflow/.local/lib/python3.12/site-packages/airflow/example_dags/example_sensor_decorator.py took 0.110 seconds
[2026-08-12T05:48:22.105+0000] {processor.py:186} INFO - Started process (PID=9388) to work on /home/airflow/.local/lib/python3.12/site-packages/airflow/example_dags/example_sensor_decorator.py
[2026-08-12T05:48:22.108+0000] {processor.py:914} INFO - Processing file /home/airflow/.local/lib/python3.12/site-packages/airflow/example_dags/example_sensor_decorator.py for tasks to queue
[2026-08-12T05:48:22.113+0000] {logging_mixin.py:190} INFO - [2026-08-12T05:48:22.112+0000] {dagbag.py:587} INFO - Filling up the DagBag from /home/airflow/.local/lib/python3.12/site-packages/airflow/example_dags/example_sensor_decorator.py
[2026-08-12T05:48:22.124+0000] {processor.py:925} INFO - DAG(s) 'example_sensor_decorator' retrieved from /home/airflow/.local/lib/python3.12/site-packages/airflow/example_dags/example_sensor_decorator.py
[2026-08-12T05:48:22.154+0000] {logging_mixin.py:190} INFO - [2026-08-12T05:48:22.154+0000] {dag.py:3211} INFO - Sync 1 DAGs
[2026-08-12T05:48:22.177+0000] {logging_mixin.py:190} INFO - [2026-08-12T05:48:22.176+0000] {dag.py:4138} INFO - Setting next_dagrun for example_sensor_decorator to None, run_after=None
[2026-08-12T05:48:22.206+0000] {processor.py:208} INFO - Processing /home/airflow/.local/lib/python3.12/site-packages/airflow/example_dags/example_sensor_decorator.py took 0.108 seconds
[2026-08-12T05:48:52.603+0000] {processor.py:186} INFO - Started process (PID=9451) to work on /home/airflow/.local/lib/python3.12/site-packages/airflow/example_dags/example_sensor_decorator.py
[2026-08-12T05:48:52.606+0000] {processor.py:914} INFO - Processing file /home/airflow/.local/lib/python3.12/site-packages/airflow/example_dags/example_sensor_decorator.py for tasks to queue
[2026-08-12T05:48:52.611+0000] {logging_mixin.py:190} INFO - [2026-08-12T05:48:52.610+0000] {dagbag.py:587} INFO - Filling up the DagBag from /home/airflow/.local/lib/python3.12/site-packages/airflow/example_dags/example_sensor_decorator.py
[2026-08-12T05:48:52.622+0000] {processor.py:925} INFO - DAG(s) 'example_sensor_decorator' retrieved from /home/airflow/.local/lib/python3.12/site-packages/airflow/example_dags/example_sensor_decorator.py
[2026-08-12T05:48:52.647+0000] {logging_mixin.py:190} INFO - [2026-08-12T05:48:52.647+0000] {dag.py:3211} INFO - Sync 1 DAGs
[2026-08-12T05:48:52.665+0000] {logging_mixin.py:190} INFO - [2026-08-12T05:48:52.665+0000] {dag.py:4138} INFO - Setting next_dagrun for example_sensor_decorator to None, run_after=None
[2026-08-12T05:48:52.688+0000] {processor.py:208} INFO - Processing /home/airflow/.local/lib/python3.12/site-packages/airflow/example_dags/example_sensor_decorator.py took 0.091 seconds
[2026-08-12T05:49:23.127+0000] {processor.py:186} INFO - Started process (PID=9513) to work on /home/airflow/.local/lib/python3.12/site-packages/airflow/example_dags/example_sensor_decorator.py
[2026-08-12T05:49:23.130+0000] {processor.py:914} INFO - Processing file /home/airflow/.local/lib/python3.12/site-packages/airflow/example_dags/example_sensor_decorator.py for tasks to queue
[2026-08-12T05:49:23.138+0000] {logging_mixin.py:190} INFO - [2026-08-12T05:49:23.138+0000] {dagbag.py:587} INFO - Filling up the DagBag from /home/airflow/.local/lib/python3.12/site-packages/airflow/example_dags/example_sensor_decorator.py
[2026-08-12T05:49:23.159+0000] {processor.py:925} INFO - DAG(s) 'example_sensor_decorator' retrieved from /home/airflow/.local/lib/python3.12/site-packages/airflow/example_dags/example_sensor_decorator.py
[2026-08-12T05:49:23.206+0000] {logging_mixin.py:190} INFO - [2026-08-12T05:49:23.206+0000] {dag.py:3211} INFO - Sync 1 DAGs
[2026-08-12T05:49:23.228+0000] {logging_mixin.py:190} INFO - [2026-08-12T05:49:23.228+0000] {dag.py:4138} INFO - Setting next_dagrun for example_sensor_decorator to None, run_after=None
[2026-08-12T05:49:23.259+0000] {processor.py:208} INFO - Processing /home/airflow/.local/lib/python3.12/site-packages/airflow/example_dags/example_sensor_decorator.py took 0.141 seconds
[2026-08-12T05:49:53.572+0000] {processor.py:186} INFO - Started process (PID=9577) to work on /home/airflow/.local/lib/python3.12/site-packages/airflow/example_dags/example_sensor_decorator.py
[2026-08-12T05:49:53.574+0000] {processor.py:914} INFO - Processing file /home/airflow/.local/lib/python3.12/site-packages/airflow/example_dags/example_sensor_decorator.py for tasks to queue
[2026-08-12T05:49:53.578+0000] {logging_mixin.py:190} INFO - [2026-08-12T05:49:53.578+0000] {dagbag.py:587} INFO - Filling up the DagBag from /home/airflow/.local/lib/python3.12/site-packages/airflow/example_dags/example_sensor_decorator.py
[2026-08-12T05:49:53.588+0000] {processor.py:925} INFO - DAG(s) 'example_sensor_decorator' retrieved from /home/airflow/.local/lib/python3.12/site-packages/airflow/example_dags/example_sensor_decorator.py
[2026-08-12T05:49:53.612+0000] {logging_mixin.py:190} INFO - [2026-08-12T05:49:53.611+0000] {dag.py:3211} INFO - Sync 1 DAGs
[2026-08-12T05:49:53.628+0000] {logging_mixin.py:190} INFO - [2026-08-12T05:49:53.627+0000] {dag.py:4138} INFO - Setting next_dagrun for example_sensor_decorator to None, run_after=None
[2026-08-12T05:49:53.653+0000] {processor.py:208} INFO - Processing /home/airflow/.local/lib/python3.12/site-packages/airflow/example_dags/example_sensor_decorator.py took 0.087 seconds
[2026-08-12T05:50:24.090+0000] {processor.py:186} INFO - Started process (PID=9640) to work on /home/airflow/.local/lib/python3.12/site-packages/airflow/example_dags/example_sensor_decorator.py
[2026-08-12T05:50:24.095+0000] {processor.py:914} INFO - Processing file /home/airflow/.local/lib/python3.12/site-packages/airflow/example_dags/example_sensor_decorator.py for tasks to queue
[2026-08-12T05:50:24.100+0000] {logging_mixin.py:190} INFO - [2026-08-12T05:50:24.100+0000] {dagbag.py:587} INFO - Filling up the DagBag from /home/airflow/.local/lib/python3.12/site-packages/airflow/example_dags/example_sensor_decorator.py
[2026-08-12T05:50:24.116+0000] {processor.py:925} INFO - DAG(s) 'example_sensor_decorator' retrieved from /home/airflow/.local/lib/python3.12/site-packages/airflow/example_dags/example_sensor_decorator.py
[2026-08-12T05:50:24.143+0000] {logging_mixin.py:190} INFO - [2026-08-12T05:50:24.143+0000] {dag.py:3211} INFO - Sync 1 DAGs
[2026-08-12T05:50:24.158+0000] {logging_mixin.py:190} INFO - [2026-08-12T05:50:24.157+0000] {dag.py:4138} INFO - Setting next_dagrun for example_sensor_decorator to None, run_after=None
[2026-08-12T05:50:24.181+0000] {processor.py:208} INFO - Processing /home/airflow/.local/lib/python3.12/site-packages/airflow/example_dags/example_sensor_decorator.py took 0.108 seconds
[2026-08-12T05:50:54.358+0000] {processor.py:186} INFO - Started process (PID=9703) to work on /home/airflow/.local/lib/python3.12/site-packages/airflow/example_dags/example_sensor_decorator.py
[2026-08-12T05:50:54.361+0000] {processor.py:914} INFO - Processing file /home/airflow/.local/lib/python3.12/site-packages/airflow/example_dags/example_sensor_decorator.py for tasks to queue
[2026-08-12T05:50:54.367+0000] {logging_mixin.py:190} INFO - [2026-08-12T05:50:54.366+0000] {dagbag.py:587} INFO - Filling up the DagBag from /home/airflow/.local/lib/python3.12/site-packages/airflow/example_dags/example_sensor_decorator.py
[2026-08-12T05:50:54.379+0000] {processor.py:925} INFO - DAG(s) 'example_sensor_decorator' retrieved from /home/airflow/.local/lib/python3.12/site-packages/airflow/example_dags/example_sensor_decorator.py
[2026-08-12T05:50:54.412+0000] {logging_mixin.py:190} INFO - [2026-08-12T05:50:54.411+0000] {dag.py:3211} INFO - Sync 1 DAGs
[2026-08-12T05:50:54.427+0000] {logging_mixin.py:190} INFO - [2026-08-12T05:50:54.427+0000] {dag.py:4138} INFO - Setting next_dagrun for example_sensor_decorator to None, run_after=None
[2026-08-12T05:50:54.454+0000] {processor.py:208} INFO - Processing /home/airflow/.local/lib/python3.12/site-packages/airflow/example_dags/example_sensor_decorator.py took 0.109 seconds
[2026-08-12T05:51:24.997+0000] {processor.py:186} INFO - Started process (PID=9766) to work on /home/airflow/.local/lib/python3.12/site-packages/airflow/example_dags/example_sensor_decorator.py
[2026-08-12T05:51:25.000+0000] {processor.py:914} INFO - Processing file /home/airflow/.local/lib/python3.12/site-packages/airflow/example_dags/example_sensor_decorator.py for tasks to queue
[2026-08-12T05:51:25.005+0000] {logging_mixin.py:190} INFO - [2026-08-12T05:51:25.004+0000] {dagbag.py:587} INFO - Filling up the DagBag from /home/airflow/.local/lib/python3.12/site-packages/airflow/example_dags/example_sensor_decorator.py
[2026-08-12T05:51:25.020+0000] {processor.py:925} INFO - DAG(s) 'example_sensor_decorator' retrieved from /home/airflow/.local/lib/python3.12/site-packages/airflow/example_dags/example_sensor_decorator.py
[2026-08-12T05:51:25.049+0000] {logging_mixin.py:190} INFO - [2026-08-12T05:51:25.048+0000] {dag.py:3211} INFO - Sync 1 DAGs
[2026-08-12T05:51:25.068+0000] {logging_mixin.py:190} INFO - [2026-08-12T05:51:25.068+0000] {dag.py:4138} INFO - Setting next_dagrun for example_sensor_decorator to None, run_after=None
[2026-08-12T05:51:25.101+0000] {processor.py:208} INFO - Processing /home/airflow/.local/lib/python3.12/site-packages/airflow/example_dags/example_sensor_decorator.py took 0.111 seconds
[2026-08-12T05:51:55.504+0000] {processor.py:186} INFO - Started process (PID=9829) to work on /home/airflow/.local/lib/python3.12/site-packages/airflow/example_dags/example_sensor_decorator.py
[2026-08-12T05:51:55.506+0000] {processor.py:914} INFO - Processing file /home/airflow/.local/lib/python3.12/site-packages/airflow/example_dags/example_sensor_decorator.py for tasks to queue
[2026-08-12T05:51:55.510+0000] {logging_mixin.py:190} INFO - [2026-08-12T05:51:55.510+0000] {dagbag.py:587} INFO - Filling up the DagBag from /home/airflow/.local/lib/python3.12/site-packages/airflow/example_dags/example_sensor_decorator.py
[2026-08-12T05:51:55.522+0000] {processor.py:925} INFO - DAG(s) 'example_sensor_decorator' retrieved from /home/airflow/.local/lib/python3.12/site-packages/airflow/example_dags/example_sensor_decorator.py
[2026-08-12T05:51:55.548+0000] {logging_mixin.py:190} INFO - [2026-08-12T05:51:55.548+0000] {dag.py:3211} INFO - Sync 1 DAGs
[2026-08-12T05:51:55.566+0000] {logging_mixin.py:190} INFO - [2026-08-12T05:51:55.565+0000] {dag.py:4138} INFO - Setting next_dagrun for example_sensor_decorator to None, run_after=None
[2026-08-12T05:51:55.587+0000] {processor.py:208} INFO - Processing /home/airflow/.local/lib/python3.12/site-packages/airflow/example_dags/example_sensor_decorator.py took 0.088 seconds
[2026-08-12T05:52:26.308+0000] {processor.py:186} INFO - Started process (PID=9892) to work on /home/airflow/.local/lib/python3.12/site-packages/airflow/example_dags/example_sensor_decorator.py
[2026-08-12T05:52:26.311+0000] {processor.py:914} INFO - Processing file /home/airflow/.local/lib/python3.12/site-packages/airflow/example_dags/example_sensor_decorator.py for tasks to queue
[2026-08-12T05:52:26.317+0000] {logging_mixin.py:190} INFO - [2026-08-12T05:52:26.316+0000] {dagbag.py:587} INFO - Filling up the DagBag from /home/airflow/.local/lib/python3.12/site-packages/airflow/example_dags/example_sensor_decorator.py
[2026-08-12T05:52:26.334+0000] {processor.py:925} INFO - DAG(s) 'example_sensor_decorator' retrieved from /home/airflow/.local/lib/python3.12/site-packages/airflow/example_dags/example_sensor_decorator.py
[2026-08-12T05:52:26.364+0000] {logging_mixin.py:190} INFO - [2026-08-12T05:52:26.364+0000] {dag.py:3211} INFO - Sync 1 DAGs
[2026-08-12T05:52:26.382+0000] {logging_mixin.py:190} INFO - [2026-08-12T05:52:26.381+0000] {dag.py:4138} INFO - Setting next_dagrun for example_sensor_decorator to None, run_after=None
[2026-08-12T05:52:26.408+0000] {processor.py:208} INFO - Processing /home/airflow/.local/lib/python3.12/site-packages/airflow/example_dags/example_sensor_decorator.py took 0.108 seconds
[2026-08-12T05:52:57.387+0000] {processor.py:186} INFO - Started process (PID=9955) to work on /home/airflow/.local/lib/python3.12/site-packages/airflow/example_dags/example_sensor_decorator.py
[2026-08-12T05:52:57.391+0000] {processor.py:914} INFO - Processing file /home/airflow/.local/lib/python3.12/site-packages/airflow/example_dags/example_sensor_decorator.py for tasks to queue
[2026-08-12T05:52:57.401+0000] {logging_mixin.py:190} INFO - [2026-08-12T05:52:57.400+0000] {dagbag.py:587} INFO - Filling up the DagBag from /home/airflow/.local/lib/python3.12/site-packages/airflow/example_dags/example_sensor_decorator.py
[2026-08-12T05:52:57.424+0000] {processor.py:925} INFO - DAG(s) 'example_sensor_decorator' retrieved from /home/airflow/.local/lib/python3.12/site-packages/airflow/example_dags/example_sensor_decorator.py
[2026-08-12T05:52:57.458+0000] {logging_mixin.py:190} INFO - [2026-08-12T05:52:57.457+0000] {dag.py:3211} INFO - Sync 1 DAGs
[2026-08-12T05:52:57.474+0000] {logging_mixin.py:190} INFO - [2026-08-12T05:52:57.473+0000] {dag.py:4138} INFO - Setting next_dagrun for example_sensor_decorator to None, run_after=None
[2026-08-12T05:52:57.505+0000] {processor.py:208} INFO - Processing /home/airflow/.local/lib/python3.12/site-packages/airflow/example_dags/example_sensor_decorator.py took 0.133 seconds
[2026-08-12T05:53:28.519+0000] {processor.py:186} INFO - Started process (PID=10018) to work on /home/airflow/.local/lib/python3.12/site-packages/airflow/example_dags/example_sensor_decorator.py
[2026-08-12T05:53:28.523+0000] {processor.py:914} INFO - Processing file /home/airflow/.local/lib/python3.12/site-packages/airflow/example_dags/example_sensor_decorator.py for tasks to queue
[2026-08-12T05:53:28.527+0000] {logging_mixin.py:190} INFO - [2026-08-12T05:53:28.527+0000] {dagbag.py:587} INFO - Filling up the DagBag from /home/airflow/.local/lib/python3.12/site-packages/airflow/example_dags/example_sensor_decorator.py
[2026-08-12T05:53:28.539+0000] {processor.py:925} INFO - DAG(s) 'example_sensor_decorator' retrieved from /home/airflow/.local/lib/python3.12/site-packages/airflow/example_dags/example_sensor_decorator.py
[2026-08-12T05:53:28.564+0000] {logging_mixin.py:190} INFO - [2026-08-12T05:53:28.563+0000] {dag.py:3211} INFO - Sync 1 DAGs
[2026-08-12T05:53:28.579+0000] {logging_mixin.py:190} INFO - [2026-08-12T05:53:28.579+0000] {dag.py:4138} INFO - Setting next_dagrun for example_sensor_decorator to None, run_after=None
[2026-08-12T05:53:28.605+0000] {processor.py:208} INFO - Processing /home/airflow/.local/lib/python3.12/site-packages/airflow/example_dags/example_sensor_decorator.py took 0.094 seconds
[2026-08-12T05:53:59.127+0000] {processor.py:186} INFO - Started process (PID=10080) to work on /home/airflow/.local/lib/python3.12/site-packages/airflow/example_dags/example_sensor_decorator.py
[2026-08-12T05:53:59.130+0000] {processor.py:914} INFO - Processing file /home/airflow/.local/lib/python3.12/site-packages/airflow/example_dags/example_sensor_decorator.py for tasks to queue
[2026-08-12T05:53:59.135+0000] {logging_mixin.py:190} INFO - [2026-08-12T05:53:59.134+0000] {dagbag.py:587} INFO - Filling up the DagBag from /home/airflow/.local/lib/python3.12/site-packages/airflow/example_dags/example_sensor_decorator.py
[2026-08-12T05:53:59.148+0000] {processor.py:925} INFO - DAG(s) 'example_sensor_decorator' retrieved from /home/airflow/.local/lib/python3.12/site-packages/airflow/example_dags/example_sensor_decorator.py
[2026-08-12T05:53:59.175+0000] {logging_mixin.py:190} INFO - [2026-08-12T05:53:59.175+0000] {dag.py:3211} INFO - Sync 1 DAGs
[2026-08-12T05:53:59.196+0000] {logging_mixin.py:190} INFO - [2026-08-12T05:53:59.195+0000] {dag.py:4138} INFO - Setting next_dagrun for example_sensor_decorator to None, run_after=None
[2026-08-12T05:53:59.224+0000] {processor.py:208} INFO - Processing /home/airflow/.local/lib/python3.12/site-packages/airflow/example_dags/example_sensor_decorator.py took 0.106 seconds
[2026-08-12T05:54:29.606+0000] {processor.py:186} INFO - Started process (PID=10143) to work on /home/airflow/.local/lib/python3.12/site-packages/airflow/example_dags/example_sensor_decorator.py
[2026-08-12T05:54:29.610+0000] {processor.py:914} INFO - Processing file /home/airflow/.local/lib/python3.12/site-packages/airflow/example_dags/example_sensor_decorator.py for tasks to queue
[2026-08-12T05:54:29.617+0000] {logging_mixin.py:190} INFO - [2026-08-12T05:54:29.617+0000] {dagbag.py:587} INFO - Filling up the DagBag from /home/airflow/.local/lib/python3.12/site-packages/airflow/example_dags/example_sensor_decorator.py
[2026-08-12T05:54:29.635+0000] {processor.py:925} INFO - DAG(s) 'example_sensor_decorator' retrieved from /home/airflow/.local/lib/python3.12/site-packages/airflow/example_dags/example_sensor_decorator.py
[2026-08-12T05:54:29.661+0000] {logging_mixin.py:190} INFO - [2026-08-12T05:54:29.661+0000] {dag.py:3211} INFO - Sync 1 DAGs
[2026-08-12T05:54:29.676+0000] {logging_mixin.py:190} INFO - [2026-08-12T05:54:29.676+0000] {dag.py:4138} INFO - Setting next_dagrun for example_sensor_decorator to None, run_after=None
[2026-08-12T05:54:29.702+0000] {processor.py:208} INFO - Processing /home/airflow/.local/lib/python3.12/site-packages/airflow/example_dags/example_sensor_decorator.py took 0.102 seconds
[2026-08-12T05:55:00.137+0000] {processor.py:186} INFO - Started process (PID=10206) to work on /home/airflow/.local/lib/python3.12/site-packages/airflow/example_dags/example_sensor_decorator.py
[2026-08-12T05:55:00.140+0000] {processor.py:914} INFO - Processing file /home/airflow/.local/lib/python3.12/site-packages/airflow/example_dags/example_sensor_decorator.py for tasks to queue
[2026-08-12T05:55:00.146+0000] {logging_mixin.py:190} INFO - [2026-08-12T05:55:00.145+0000] {dagbag.py:587} INFO - Filling up the DagBag from /home/airflow/.local/lib/python3.12/site-packages/airflow/example_dags/example_sensor_decorator.py
[2026-08-12T05:55:00.161+0000] {processor.py:925} INFO - DAG(s) 'example_sensor_decorator' retrieved from /home/airflow/.local/lib/python3.12/site-packages/airflow/example_dags/example_sensor_decorator.py
[2026-08-12T05:55:00.193+0000] {logging_mixin.py:190} INFO - [2026-08-12T05:55:00.193+0000] {dag.py:3211} INFO - Sync 1 DAGs
[2026-08-12T05:55:00.211+0000] {logging_mixin.py:190} INFO - [2026-08-12T05:55:00.210+0000] {dag.py:4138} INFO - Setting next_dagrun for example_sensor_decorator to None, run_after=None
[2026-08-12T05:55:00.238+0000] {processor.py:208} INFO - Processing /home/airflow/.local/lib/python3.12/site-packages/airflow/example_dags/example_sensor_decorator.py took 0.113 seconds
[2026-08-12T05:55:30.780+0000] {processor.py:186} INFO - Started process (PID=10269) to work on /home/airflow/.local/lib/python3.12/site-packages/airflow/example_dags/example_sensor_decorator.py
[2026-08-12T05:55:30.782+0000] {processor.py:914} INFO - Processing file /home/airflow/.local/lib/python3.12/site-packages/airflow/example_dags/example_sensor_decorator.py for tasks to queue
[2026-08-12T05:55:30.787+0000] {logging_mixin.py:190} INFO - [2026-08-12T05:55:30.786+0000] {dagbag.py:587} INFO - Filling up the DagBag from /home/airflow/.local/lib/python3.12/site-packages/airflow/example_dags/example_sensor_decorator.py
[2026-08-12T05:55:30.799+0000] {processor.py:925} INFO - DAG(s) 'example_sensor_decorator' retrieved from /home/airflow/.local/lib/python3.12/site-packages/airflow/example_dags/example_sensor_decorator.py
[2026-08-12T05:55:30.833+0000] {logging_mixin.py:190} INFO - [2026-08-12T05:55:30.833+0000] {dag.py:3211} INFO - Sync 1 DAGs
[2026-08-12T05:55:30.857+0000] {logging_mixin.py:190} INFO - [2026-08-12T05:55:30.856+0000] {dag.py:4138} INFO - Setting next_dagrun for example_sensor_decorator to None, run_after=None
[2026-08-12T05:55:30.885+0000] {processor.py:208} INFO - Processing /home/airflow/.local/lib/python3.12/site-packages/airflow/example_dags/example_sensor_decorator.py took 0.111 seconds
[2026-08-12T05:56:01.163+0000] {processor.py:186} INFO - Started process (PID=10332) to work on /home/airflow/.local/lib/python3.12/site-packages/airflow/example_dags/example_sensor_decorator.py
[2026-08-12T05:56:01.166+0000] {processor.py:914} INFO - Processing file /home/airflow/.local/lib/python3.12/site-packages/airflow/example_dags/example_sensor_decorator.py for tasks to queue
[2026-08-12T05:56:01.171+0000] {logging_mixin.py:190} INFO - [2026-08-12T05:56:01.171+0000] {dagbag.py:587} INFO - Filling up the DagBag from /home/airflow/.local/lib/python3.12/site-packages/airflow/example_dags/example_sensor_decorator.py
[2026-08-12T05:56:01.186+0000] {processor.py:925} INFO - DAG(s) 'example_sensor_decorator' retrieved from /home/airflow/.local/lib/python3.12/site-packages/airflow/example_dags/example_sensor_decorator.py
[2026-08-12T05:56:01.392+0000] {logging_mixin.py:190} INFO - [2026-08-12T05:56:01.392+0000] {dag.py:3211} INFO - Sync 1 DAGs
[2026-08-12T05:56:01.407+0000] {logging_mixin.py:190} INFO - [2026-08-12T05:56:01.407+0000] {dag.py:4138} INFO - Setting next_dagrun for example_sensor_decorator to None, run_after=None
[2026-08-12T05:56:01.430+0000] {processor.py:208} INFO - Processing /home/airflow/.local/lib/python3.12/site-packages/airflow/example_dags/example_sensor_decorator.py took 0.274 seconds
[2026-08-12T05:56:31.725+0000] {processor.py:186} INFO - Started process (PID=10395) to work on /home/airflow/.local/lib/python3.12/site-packages/airflow/example_dags/example_sensor_decorator.py
[2026-08-12T05:56:31.727+0000] {processor.py:914} INFO - Processing file /home/airflow/.local/lib/python3.12/site-packages/airflow/example_dags/example_sensor_decorator.py for tasks to queue
[2026-08-12T05:56:31.732+0000] {logging_mixin.py:190} INFO - [2026-08-12T05:56:31.731+0000] {dagbag.py:587} INFO - Filling up the DagBag from /home/airflow/.local/lib/python3.12/site-packages/airflow/example_dags/example_sensor_decorator.py
[2026-08-12T05:56:31.744+0000] {processor.py:925} INFO - DAG(s) 'example_sensor_decorator' retrieved from /home/airflow/.local/lib/python3.12/site-packages/airflow/example_dags/example_sensor_decorator.py
[2026-08-12T05:56:31.767+0000] {logging_mixin.py:190} INFO - [2026-08-12T05:56:31.766+0000] {dag.py:3211} INFO - Sync 1 DAGs
[2026-08-12T05:56:31.988+0000] {logging_mixin.py:190} INFO - [2026-08-12T05:56:31.988+0000] {dag.py:4138} INFO - Setting next_dagrun for example_sensor_decorator to None, run_after=None
[2026-08-12T05:56:32.012+0000] {processor.py:208} INFO - Processing /home/airflow/.local/lib/python3.12/site-packages/airflow/example_dags/example_sensor_decorator.py took 0.294 seconds
[2026-08-12T05:57:02.436+0000] {processor.py:186} INFO - Started process (PID=10460) to work on /home/airflow/.local/lib/python3.12/site-packages/airflow/example_dags/example_sensor_decorator.py
[2026-08-12T05:57:02.438+0000] {processor.py:914} INFO - Processing file /home/airflow/.local/lib/python3.12/site-packages/airflow/example_dags/example_sensor_decorator.py for tasks to queue
[2026-08-12T05:57:02.443+0000] {logging_mixin.py:190} INFO - [2026-08-12T05:57:02.443+0000] {dagbag.py:587} INFO - Filling up the DagBag from /home/airflow/.local/lib/python3.12/site-packages/airflow/example_dags/example_sensor_decorator.py
[2026-08-12T05:57:02.453+0000] {processor.py:925} INFO - DAG(s) 'example_sensor_decorator' retrieved from /home/airflow/.local/lib/python3.12/site-packages/airflow/example_dags/example_sensor_decorator.py
[2026-08-12T05:57:02.477+0000] {logging_mixin.py:190} INFO - [2026-08-12T05:57:02.477+0000] {dag.py:3211} INFO - Sync 1 DAGs
[2026-08-12T05:57:02.493+0000] {logging_mixin.py:190} INFO - [2026-08-12T05:57:02.493+0000] {dag.py:4138} INFO - Setting next_dagrun for example_sensor_decorator to None, run_after=None
[2026-08-12T05:57:02.702+0000] {processor.py:208} INFO - Processing /home/airflow/.local/lib/python3.12/site-packages/airflow/example_dags/example_sensor_decorator.py took 0.272 seconds
[2026-08-12T05:57:33.659+0000] {processor.py:186} INFO - Started process (PID=10523) to work on /home/airflow/.local/lib/python3.12/site-packages/airflow/example_dags/example_sensor_decorator.py
[2026-08-12T05:57:33.662+0000] {processor.py:914} INFO - Processing file /home/airflow/.local/lib/python3.12/site-packages/airflow/example_dags/example_sensor_decorator.py for tasks to queue
[2026-08-12T05:57:33.669+0000] {logging_mixin.py:190} INFO - [2026-08-12T05:57:33.669+0000] {dagbag.py:587} INFO - Filling up the DagBag from /home/airflow/.local/lib/python3.12/site-packages/airflow/example_dags/example_sensor_decorator.py
[2026-08-12T05:57:33.682+0000] {processor.py:925} INFO - DAG(s) 'example_sensor_decorator' retrieved from /home/airflow/.local/lib/python3.12/site-packages/airflow/example_dags/example_sensor_decorator.py
[2026-08-12T05:57:33.707+0000] {logging_mixin.py:190} INFO - [2026-08-12T05:57:33.707+0000] {dag.py:3211} INFO - Sync 1 DAGs
[2026-08-12T05:57:33.723+0000] {logging_mixin.py:190} INFO - [2026-08-12T05:57:33.723+0000] {dag.py:4138} INFO - Setting next_dagrun for example_sensor_decorator to None, run_after=None
[2026-08-12T05:57:33.758+0000] {processor.py:208} INFO - Processing /home/airflow/.local/lib/python3.12/site-packages/airflow/example_dags/example_sensor_decorator.py took 0.104 seconds
[2026-08-12T05:58:03.874+0000] {processor.py:186} INFO - Started process (PID=10586) to work on /home/airflow/.local/lib/python3.12/site-packages/airflow/example_dags/example_sensor_decorator.py
[2026-08-12T05:58:03.877+0000] {processor.py:914} INFO - Processing file /home/airflow/.local/lib/python3.12/site-packages/airflow/example_dags/example_sensor_decorator.py for tasks to queue
[2026-08-12T05:58:03.882+0000] {logging_mixin.py:190} INFO - [2026-08-12T05:58:03.881+0000] {dagbag.py:587} INFO - Filling up the DagBag from /home/airflow/.local/lib/python3.12/site-packages/airflow/example_dags/example_sensor_decorator.py
[2026-08-12T05:58:03.896+0000] {processor.py:925} INFO - DAG(s) 'example_sensor_decorator' retrieved from /home/airflow/.local/lib/python3.12/site-packages/airflow/example_dags/example_sensor_decorator.py
[2026-08-12T05:58:03.923+0000] {logging_mixin.py:190} INFO - [2026-08-12T05:58:03.923+0000] {dag.py:3211} INFO - Sync 1 DAGs
[2026-08-12T05:58:03.938+0000] {logging_mixin.py:190} INFO - [2026-08-12T05:58:03.938+0000] {dag.py:4138} INFO - Setting next_dagrun for example_sensor_decorator to None, run_after=None
[2026-08-12T05:58:03.966+0000] {processor.py:208} INFO - Processing /home/airflow/.local/lib/python3.12/site-packages/airflow/example_dags/example_sensor_decorator.py took 0.100 seconds
[2026-08-12T05:58:34.378+0000] {processor.py:186} INFO - Started process (PID=10649) to work on /home/airflow/.local/lib/python3.12/site-packages/airflow/example_dags/example_sensor_decorator.py
[2026-08-12T05:58:34.380+0000] {processor.py:914} INFO - Processing file /home/airflow/.local/lib/python3.12/site-packages/airflow/example_dags/example_sensor_decorator.py for tasks to queue
[2026-08-12T05:58:34.383+0000] {logging_mixin.py:190} INFO - [2026-08-12T05:58:34.383+0000] {dagbag.py:587} INFO - Filling up the DagBag from /home/airflow/.local/lib/python3.12/site-packages/airflow/example_dags/example_sensor_decorator.py
[2026-08-12T05:58:34.394+0000] {processor.py:925} INFO - DAG(s) 'example_sensor_decorator' retrieved from /home/airflow/.local/lib/python3.12/site-packages/airflow/example_dags/example_sensor_decorator.py
[2026-08-12T05:58:34.417+0000] {logging_mixin.py:190} INFO - [2026-08-12T05:58:34.416+0000] {dag.py:3211} INFO - Sync 1 DAGs
[2026-08-12T05:58:34.433+0000] {logging_mixin.py:190} INFO - [2026-08-12T05:58:34.433+0000] {dag.py:4138} INFO - Setting next_dagrun for example_sensor_decorator to None, run_after=None
[2026-08-12T05:58:34.455+0000] {processor.py:208} INFO - Processing /home/airflow/.local/lib/python3.12/site-packages/airflow/example_dags/example_sensor_decorator.py took 0.084 seconds
[2026-08-12T05:59:04.814+0000] {processor.py:186} INFO - Started process (PID=10712) to work on /home/airflow/.local/lib/python3.12/site-packages/airflow/example_dags/example_sensor_decorator.py
[2026-08-12T05:59:04.818+0000] {processor.py:914} INFO - Processing file /home/airflow/.local/lib/python3.12/site-packages/airflow/example_dags/example_sensor_decorator.py for tasks to queue
[2026-08-12T05:59:04.825+0000] {logging_mixin.py:190} INFO - [2026-08-12T05:59:04.824+0000] {dagbag.py:587} INFO - Filling up the DagBag from /home/airflow/.local/lib/python3.12/site-packages/airflow/example_dags/example_sensor_decorator.py
[2026-08-12T05:59:04.841+0000] {processor.py:925} INFO - DAG(s) 'example_sensor_decorator' retrieved from /home/airflow/.local/lib/python3.12/site-packages/airflow/example_dags/example_sensor_decorator.py
[2026-08-12T05:59:04.869+0000] {logging_mixin.py:190} INFO - [2026-08-12T05:59:04.868+0000] {dag.py:3211} INFO - Sync 1 DAGs
[2026-08-12T05:59:04.890+0000] {logging_mixin.py:190} INFO - [2026-08-12T05:59:04.890+0000] {dag.py:4138} INFO - Setting next_dagrun for example_sensor_decorator to None, run_after=None
[2026-08-12T05:59:04.920+0000] {processor.py:208} INFO - Processing /home/airflow/.local/lib/python3.12/site-packages/airflow/example_dags/example_sensor_decorator.py took 0.119 seconds
[2026-08-12T05:59:35.309+0000] {processor.py:186} INFO - Started process (PID=10775) to work on /home/airflow/.local/lib/python3.12/site-packages/airflow/example_dags/example_sensor_decorator.py
[2026-08-12T05:59:35.313+0000] {processor.py:914} INFO - Processing file /home/airflow/.local/lib/python3.12/site-packages/airflow/example_dags/example_sensor_decorator.py for tasks to queue
[2026-08-12T05:59:35.317+0000] {logging_mixin.py:190} INFO - [2026-08-12T05:59:35.317+0000] {dagbag.py:587} INFO - Filling up the DagBag from /home/airflow/.local/lib/python3.12/site-packages/airflow/example_dags/example_sensor_decorator.py
[2026-08-12T05:59:35.328+0000] {processor.py:925} INFO - DAG(s) 'example_sensor_decorator' retrieved from /home/airflow/.local/lib/python3.12/site-packages/airflow/example_dags/example_sensor_decorator.py
[2026-08-12T05:59:35.356+0000] {logging_mixin.py:190} INFO - [2026-08-12T05:59:35.356+0000] {dag.py:3211} INFO - Sync 1 DAGs
[2026-08-12T05:59:35.372+0000] {logging_mixin.py:190} INFO - [2026-08-12T05:59:35.372+0000] {dag.py:4138} INFO - Setting next_dagrun for example_sensor_decorator to None, run_after=None
[2026-08-12T05:59:35.399+0000] {processor.py:208} INFO - Processing /home/airflow/.local/lib/python3.12/site-packages/airflow/example_dags/example_sensor_decorator.py took 0.098 seconds
[2026-08-12T06:00:06.050+0000] {processor.py:186} INFO - Started process (PID=10838) to work on /home/airflow/.local/lib/python3.12/site-packages/airflow/example_dags/example_sensor_decorator.py
[2026-08-12T06:00:06.054+0000] {processor.py:914} INFO - Processing file /home/airflow/.local/lib/python3.12/site-packages/airflow/example_dags/example_sensor_decorator.py for tasks to queue
[2026-08-12T06:00:06.058+0000] {logging_mixin.py:190} INFO - [2026-08-12T06:00:06.058+0000] {dagbag.py:587} INFO - Filling up the DagBag from /home/airflow/.local/lib/python3.12/site-packages/airflow/example_dags/example_sensor_decorator.py
[2026-08-12T06:00:06.071+0000] {processor.py:925} INFO - DAG(s) 'example_sensor_decorator' retrieved from /home/airflow/.local/lib/python3.12/site-packages/airflow/example_dags/example_sensor_decorator.py
[2026-08-12T06:00:06.096+0000] {logging_mixin.py:190} INFO - [2026-08-12T06:00:06.096+0000] {dag.py:3211} INFO - Sync 1 DAGs
[2026-08-12T06:00:06.112+0000] {logging_mixin.py:190} INFO - [2026-08-12T06:00:06.111+0000] {dag.py:4138} INFO - Setting next_dagrun for example_sensor_decorator to None, run_after=None
[2026-08-12T06:00:06.139+0000] {processor.py:208} INFO - Processing /home/airflow/.local/lib/python3.12/site-packages/airflow/example_dags/example_sensor_decorator.py took 0.098 seconds
[2026-08-12T06:00:36.736+0000] {processor.py:186} INFO - Started process (PID=10901) to work on /home/airflow/.local/lib/python3.12/site-packages/airflow/example_dags/example_sensor_decorator.py
[2026-08-12T06:00:36.740+0000] {processor.py:914} INFO - Processing file /home/airflow/.local/lib/python3.12/site-packages/airflow/example_dags/example_sensor_decorator.py for tasks to queue
[2026-08-12T06:00:36.746+0000] {logging_mixin.py:190} INFO - [2026-08-12T06:00:36.745+0000] {dagbag.py:587} INFO - Filling up the DagBag from /home/airflow/.local/lib/python3.12/site-packages/airflow/example_dags/example_sensor_decorator.py
[2026-08-12T06:00:36.759+0000] {processor.py:925} INFO - DAG(s) 'example_sensor_decorator' retrieved from /home/airflow/.local/lib/python3.12/site-packages/airflow/example_dags/example_sensor_decorator.py
[2026-08-12T06:00:36.781+0000] {logging_mixin.py:190} INFO - [2026-08-12T06:00:36.781+0000] {dag.py:3211} INFO - Sync 1 DAGs
[2026-08-12T06:00:36.800+0000] {logging_mixin.py:190} INFO - [2026-08-12T06:00:36.800+0000] {dag.py:4138} INFO - Setting next_dagrun for example_sensor_decorator to None, run_after=None
[2026-08-12T06:00:36.830+0000] {processor.py:208} INFO - Processing /home/airflow/.local/lib/python3.12/site-packages/airflow/example_dags/example_sensor_decorator.py took 0.105 seconds
[2026-08-12T06:01:07.491+0000] {processor.py:186} INFO - Started process (PID=10970) to work on /home/airflow/.local/lib/python3.12/site-packages/airflow/example_dags/example_sensor_decorator.py
[2026-08-12T06:01:07.495+0000] {processor.py:914} INFO - Processing file /home/airflow/.local/lib/python3.12/site-packages/airflow/example_dags/example_sensor_decorator.py for tasks to queue
[2026-08-12T06:01:07.499+0000] {logging_mixin.py:190} INFO - [2026-08-12T06:01:07.498+0000] {dagbag.py:587} INFO - Filling up the DagBag from /home/airflow/.local/lib/python3.12/site-packages/airflow/example_dags/example_sensor_decorator.py
[2026-08-12T06:01:07.517+0000] {processor.py:925} INFO - DAG(s) 'example_sensor_decorator' retrieved from /home/airflow/.local/lib/python3.12/site-packages/airflow/example_dags/example_sensor_decorator.py
[2026-08-12T06:01:07.551+0000] {logging_mixin.py:190} INFO - [2026-08-12T06:01:07.551+0000] {dag.py:3211} INFO - Sync 1 DAGs
[2026-08-12T06:01:07.571+0000] {logging_mixin.py:190} INFO - [2026-08-12T06:01:07.571+0000] {dag.py:4138} INFO - Setting next_dagrun for example_sensor_decorator to None, run_after=None
[2026-08-12T06:01:07.601+0000] {processor.py:208} INFO - Processing /home/airflow/.local/lib/python3.12/site-packages/airflow/example_dags/example_sensor_decorator.py took 0.127 seconds
[2026-08-12T06:01:37.963+0000] {processor.py:186} INFO - Started process (PID=11033) to work on /home/airflow/.local/lib/python3.12/site-packages/airflow/example_dags/example_sensor_decorator.py
[2026-08-12T06:01:37.966+0000] {processor.py:914} INFO - Processing file /home/airflow/.local/lib/python3.12/site-packages/airflow/example_dags/example_sensor_decorator.py for tasks to queue
[2026-08-12T06:01:37.971+0000] {logging_mixin.py:190} INFO - [2026-08-12T06:01:37.970+0000] {dagbag.py:587} INFO - Filling up the DagBag from /home/airflow/.local/lib/python3.12/site-packages/airflow/example_dags/example_sensor_decorator.py
[2026-08-12T06:01:37.985+0000] {processor.py:925} INFO - DAG(s) 'example_sensor_decorator' retrieved from /home/airflow/.local/lib/python3.12/site-packages/airflow/example_dags/example_sensor_decorator.py
[2026-08-12T06:01:38.011+0000] {logging_mixin.py:190} INFO - [2026-08-12T06:01:38.011+0000] {dag.py:3211} INFO - Sync 1 DAGs
[2026-08-12T06:01:38.033+0000] {logging_mixin.py:190} INFO - [2026-08-12T06:01:38.032+0000] {dag.py:4138} INFO - Setting next_dagrun for example_sensor_decorator to None, run_after=None
[2026-08-12T06:01:38.066+0000] {processor.py:208} INFO - Processing /home/airflow/.local/lib/python3.12/site-packages/airflow/example_dags/example_sensor_decorator.py took 0.115 seconds
[2026-08-12T06:02:08.644+0000] {processor.py:186} INFO - Started process (PID=11096) to work on /home/airflow/.local/lib/python3.12/site-packages/airflow/example_dags/example_sensor_decorator.py
[2026-08-12T06:02:08.646+0000] {processor.py:914} INFO - Processing file /home/airflow/.local/lib/python3.12/site-packages/airflow/example_dags/example_sensor_decorator.py for tasks to queue
[2026-08-12T06:02:08.650+0000] {logging_mixin.py:190} INFO - [2026-08-12T06:02:08.650+0000] {dagbag.py:587} INFO - Filling up the DagBag from /home/airflow/.local/lib/python3.12/site-packages/airflow/example_dags/example_sensor_decorator.py
[2026-08-12T06:02:08.661+0000] {processor.py:925} INFO - DAG(s) 'example_sensor_decorator' retrieved from /home/airflow/.local/lib/python3.12/site-packages/airflow/example_dags/example_sensor_decorator.py
[2026-08-12T06:02:08.685+0000] {logging_mixin.py:190} INFO - [2026-08-12T06:02:08.685+0000] {dag.py:3211} INFO - Sync 1 DAGs
[2026-08-12T06:02:08.701+0000] {logging_mixin.py:190} INFO - [2026-08-12T06:02:08.701+0000] {dag.py:4138} INFO - Setting next_dagrun for example_sensor_decorator to None, run_after=None
[2026-08-12T06:02:08.727+0000] {processor.py:208} INFO - Processing /home/airflow/.local/lib/python3.12/site-packages/airflow/example_dags/example_sensor_decorator.py took 0.090 seconds
[2026-08-12T06:02:39.664+0000] {processor.py:186} INFO - Started process (PID=11159) to work on /home/airflow/.local/lib/python3.12/site-packages/airflow/example_dags/example_sensor_decorator.py
[2026-08-12T06:02:39.666+0000] {processor.py:914} INFO - Processing file /home/airflow/.local/lib/python3.12/site-packages/airflow/example_dags/example_sensor_decorator.py for tasks to queue
[2026-08-12T06:02:39.671+0000] {logging_mixin.py:190} INFO - [2026-08-12T06:02:39.671+0000] {dagbag.py:587} INFO - Filling up the DagBag from /home/airflow/.local/lib/python3.12/site-packages/airflow/example_dags/example_sensor_decorator.py
[2026-08-12T06:02:39.685+0000] {processor.py:925} INFO - DAG(s) 'example_sensor_decorator' retrieved from /home/airflow/.local/lib/python3.12/site-packages/airflow/example_dags/example_sensor_decorator.py
[2026-08-12T06:02:39.717+0000] {logging_mixin.py:190} INFO - [2026-08-12T06:02:39.717+0000] {dag.py:3211} INFO - Sync 1 DAGs
[2026-08-12T06:02:39.736+0000] {logging_mixin.py:190} INFO - [2026-08-12T06:02:39.736+0000] {dag.py:4138} INFO - Setting next_dagrun for example_sensor_decorator to None, run_after=None
[2026-08-12T06:02:39.764+0000] {processor.py:208} INFO - Processing /home/airflow/.local/lib/python3.12/site-packages/airflow/example_dags/example_sensor_decorator.py took 0.107 seconds
[2026-08-12T06:03:10.159+0000] {processor.py:186} INFO - Started process (PID=11222) to work on /home/airflow/.local/lib/python3.12/site-packages/airflow/example_dags/example_sensor_decorator.py
[2026-08-12T06:03:10.163+0000] {processor.py:914} INFO - Processing file /home/airflow/.local/lib/python3.12/site-packages/airflow/example_dags/example_sensor_decorator.py for tasks to queue
[2026-08-12T06:03:10.169+0000] {logging_mixin.py:190} INFO - [2026-08-12T06:03:10.168+0000] {dagbag.py:587} INFO - Filling up the DagBag from /home/airflow/.local/lib/python3.12/site-packages/airflow/example_dags/example_sensor_decorator.py
[2026-08-12T06:03:10.185+0000] {processor.py:925} INFO - DAG(s) 'example_sensor_decorator' retrieved from /home/airflow/.local/lib/python3.12/site-packages/airflow/example_dags/example_sensor_decorator.py
[2026-08-12T06:03:10.221+0000] {logging_mixin.py:190} INFO - [2026-08-12T06:03:10.220+0000] {dag.py:3211} INFO - Sync 1 DAGs
[2026-08-12T06:03:10.243+0000] {logging_mixin.py:190} INFO - [2026-08-12T06:03:10.243+0000] {dag.py:4138} INFO - Setting next_dagrun for example_sensor_decorator to None, run_after=None
[2026-08-12T06:03:10.279+0000] {processor.py:208} INFO - Processing /home/airflow/.local/lib/python3.12/site-packages/airflow/example_dags/example_sensor_decorator.py took 0.130 seconds
[2026-08-12T06:03:41.151+0000] {processor.py:186} INFO - Started process (PID=11285) to work on /home/airflow/.local/lib/python3.12/site-packages/airflow/example_dags/example_sensor_decorator.py
[2026-08-12T06:03:41.155+0000] {processor.py:914} INFO - Processing file /home/airflow/.local/lib/python3.12/site-packages/airflow/example_dags/example_sensor_decorator.py for tasks to queue
[2026-08-12T06:03:41.168+0000] {logging_mixin.py:190} INFO - [2026-08-12T06:03:41.160+0000] {dagbag.py:587} INFO - Filling up the DagBag from /home/airflow/.local/lib/python3.12/site-packages/airflow/example_dags/example_sensor_decorator.py
[2026-08-12T06:03:41.195+0000] {processor.py:925} INFO - DAG(s) 'example_sensor_decorator' retrieved from /home/airflow/.local/lib/python3.12/site-packages/airflow/example_dags/example_sensor_decorator.py
[2026-08-12T06:03:41.247+0000] {logging_mixin.py:190} INFO - [2026-08-12T06:03:41.246+0000] {dag.py:3211} INFO - Sync 1 DAGs
[2026-08-12T06:03:41.275+0000] {logging_mixin.py:190} INFO - [2026-08-12T06:03:41.274+0000] {dag.py:4138} INFO - Setting next_dagrun for example_sensor_decorator to None, run_after=None
[2026-08-12T06:03:41.315+0000] {processor.py:208} INFO - Processing /home/airflow/.local/lib/python3.12/site-packages/airflow/example_dags/example_sensor_decorator.py took 0.175 seconds
[2026-08-12T06:04:11.463+0000] {processor.py:186} INFO - Started process (PID=11348) to work on /home/airflow/.local/lib/python3.12/site-packages/airflow/example_dags/example_sensor_decorator.py
[2026-08-12T06:04:11.466+0000] {processor.py:914} INFO - Processing file /home/airflow/.local/lib/python3.12/site-packages/airflow/example_dags/example_sensor_decorator.py for tasks to queue
[2026-08-12T06:04:11.470+0000] {logging_mixin.py:190} INFO - [2026-08-12T06:04:11.470+0000] {dagbag.py:587} INFO - Filling up the DagBag from /home/airflow/.local/lib/python3.12/site-packages/airflow/example_dags/example_sensor_decorator.py
[2026-08-12T06:04:11.483+0000] {processor.py:925} INFO - DAG(s) 'example_sensor_decorator' retrieved from /home/airflow/.local/lib/python3.12/site-packages/airflow/example_dags/example_sensor_decorator.py
[2026-08-12T06:04:11.509+0000] {logging_mixin.py:190} INFO - [2026-08-12T06:04:11.508+0000] {dag.py:3211} INFO - Sync 1 DAGs
[2026-08-12T06:04:11.530+0000] {logging_mixin.py:190} INFO - [2026-08-12T06:04:11.529+0000] {dag.py:4138} INFO - Setting next_dagrun for example_sensor_decorator to None, run_after=None
[2026-08-12T06:04:11.557+0000] {processor.py:208} INFO - Processing /home/airflow/.local/lib/python3.12/site-packages/airflow/example_dags/example_sensor_decorator.py took 0.100 seconds
[2026-08-12T06:04:42.036+0000] {processor.py:186} INFO - Started process (PID=11412) to work on /home/airflow/.local/lib/python3.12/site-packages/airflow/example_dags/example_sensor_decorator.py
[2026-08-12T06:04:42.040+0000] {processor.py:914} INFO - Processing file /home/airflow/.local/lib/python3.12/site-packages/airflow/example_dags/example_sensor_decorator.py for tasks to queue
[2026-08-12T06:04:42.045+0000] {logging_mixin.py:190} INFO - [2026-08-12T06:04:42.045+0000] {dagbag.py:587} INFO - Filling up the DagBag from /home/airflow/.local/lib/python3.12/site-packages/airflow/example_dags/example_sensor_decorator.py
[2026-08-12T06:04:42.064+0000] {processor.py:925} INFO - DAG(s) 'example_sensor_decorator' retrieved from /home/airflow/.local/lib/python3.12/site-packages/airflow/example_dags/example_sensor_decorator.py
[2026-08-12T06:04:42.106+0000] {logging_mixin.py:190} INFO - [2026-08-12T06:04:42.106+0000] {dag.py:3211} INFO - Sync 1 DAGs
[2026-08-12T06:04:42.136+0000] {logging_mixin.py:190} INFO - [2026-08-12T06:04:42.135+0000] {dag.py:4138} INFO - Setting next_dagrun for example_sensor_decorator to None, run_after=None
[2026-08-12T06:04:42.177+0000] {processor.py:208} INFO - Processing /home/airflow/.local/lib/python3.12/site-packages/airflow/example_dags/example_sensor_decorator.py took 0.155 seconds
[2026-08-12T06:05:12.349+0000] {processor.py:186} INFO - Started process (PID=11475) to work on /home/airflow/.local/lib/python3.12/site-packages/airflow/example_dags/example_sensor_decorator.py
[2026-08-12T06:05:12.352+0000] {processor.py:914} INFO - Processing file /home/airflow/.local/lib/python3.12/site-packages/airflow/example_dags/example_sensor_decorator.py for tasks to queue
[2026-08-12T06:05:12.356+0000] {logging_mixin.py:190} INFO - [2026-08-12T06:05:12.356+0000] {dagbag.py:587} INFO - Filling up the DagBag from /home/airflow/.local/lib/python3.12/site-packages/airflow/example_dags/example_sensor_decorator.py
[2026-08-12T06:05:12.367+0000] {processor.py:925} INFO - DAG(s) 'example_sensor_decorator' retrieved from /home/airflow/.local/lib/python3.12/site-packages/airflow/example_dags/example_sensor_decorator.py
[2026-08-12T06:05:12.393+0000] {logging_mixin.py:190} INFO - [2026-08-12T06:05:12.392+0000] {dag.py:3211} INFO - Sync 1 DAGs
[2026-08-12T06:05:12.412+0000] {logging_mixin.py:190} INFO - [2026-08-12T06:05:12.412+0000] {dag.py:4138} INFO - Setting next_dagrun for example_sensor_decorator to None, run_after=None
[2026-08-12T06:05:12.452+0000] {processor.py:208} INFO - Processing /home/airflow/.local/lib/python3.12/site-packages/airflow/example_dags/example_sensor_decorator.py took 0.109 seconds
[2026-08-12T06:05:42.697+0000] {processor.py:186} INFO - Started process (PID=11538) to work on /home/airflow/.local/lib/python3.12/site-packages/airflow/example_dags/example_sensor_decorator.py
[2026-08-12T06:05:42.700+0000] {processor.py:914} INFO - Processing file /home/airflow/.local/lib/python3.12/site-packages/airflow/example_dags/example_sensor_decorator.py for tasks to queue
[2026-08-12T06:05:42.706+0000] {logging_mixin.py:190} INFO - [2026-08-12T06:05:42.705+0000] {dagbag.py:587} INFO - Filling up the DagBag from /home/airflow/.local/lib/python3.12/site-packages/airflow/example_dags/example_sensor_decorator.py
[2026-08-12T06:05:42.718+0000] {processor.py:925} INFO - DAG(s) 'example_sensor_decorator' retrieved from /home/airflow/.local/lib/python3.12/site-packages/airflow/example_dags/example_sensor_decorator.py
[2026-08-12T06:05:42.743+0000] {logging_mixin.py:190} INFO - [2026-08-12T06:05:42.743+0000] {dag.py:3211} INFO - Sync 1 DAGs
[2026-08-12T06:05:42.762+0000] {logging_mixin.py:190} INFO - [2026-08-12T06:05:42.761+0000] {dag.py:4138} INFO - Setting next_dagrun for example_sensor_decorator to None, run_after=None
[2026-08-12T06:05:42.790+0000] {processor.py:208} INFO - Processing /home/airflow/.local/lib/python3.12/site-packages/airflow/example_dags/example_sensor_decorator.py took 0.100 seconds
[2026-08-12T06:06:13.623+0000] {processor.py:186} INFO - Started process (PID=11602) to work on /home/airflow/.local/lib/python3.12/site-packages/airflow/example_dags/example_sensor_decorator.py
[2026-08-12T06:06:13.625+0000] {processor.py:914} INFO - Processing file /home/airflow/.local/lib/python3.12/site-packages/airflow/example_dags/example_sensor_decorator.py for tasks to queue
[2026-08-12T06:06:13.629+0000] {logging_mixin.py:190} INFO - [2026-08-12T06:06:13.629+0000] {dagbag.py:587} INFO - Filling up the DagBag from /home/airflow/.local/lib/python3.12/site-packages/airflow/example_dags/example_sensor_decorator.py
[2026-08-12T06:06:13.643+0000] {processor.py:925} INFO - DAG(s) 'example_sensor_decorator' retrieved from /home/airflow/.local/lib/python3.12/site-packages/airflow/example_dags/example_sensor_decorator.py
[2026-08-12T06:06:13.671+0000] {logging_mixin.py:190} INFO - [2026-08-12T06:06:13.670+0000] {dag.py:3211} INFO - Sync 1 DAGs
[2026-08-12T06:06:13.692+0000] {logging_mixin.py:190} INFO - [2026-08-12T06:06:13.692+0000] {dag.py:4138} INFO - Setting next_dagrun for example_sensor_decorator to None, run_after=None
[2026-08-12T06:06:13.721+0000] {processor.py:208} INFO - Processing /home/airflow/.local/lib/python3.12/site-packages/airflow/example_dags/example_sensor_decorator.py took 0.105 seconds
[2026-08-12T06:06:43.840+0000] {processor.py:186} INFO - Started process (PID=11665) to work on /home/airflow/.local/lib/python3.12/site-packages/airflow/example_dags/example_sensor_decorator.py
[2026-08-12T06:06:43.844+0000] {processor.py:914} INFO - Processing file /home/airflow/.local/lib/python3.12/site-packages/airflow/example_dags/example_sensor_decorator.py for tasks to queue
[2026-08-12T06:06:43.848+0000] {logging_mixin.py:190} INFO - [2026-08-12T06:06:43.848+0000] {dagbag.py:587} INFO - Filling up the DagBag from /home/airflow/.local/lib/python3.12/site-packages/airflow/example_dags/example_sensor_decorator.py
[2026-08-12T06:06:43.860+0000] {processor.py:925} INFO - DAG(s) 'example_sensor_decorator' retrieved from /home/airflow/.local/lib/python3.12/site-packages/airflow/example_dags/example_sensor_decorator.py
[2026-08-12T06:06:43.887+0000] {logging_mixin.py:190} INFO - [2026-08-12T06:06:43.887+0000] {dag.py:3211} INFO - Sync 1 DAGs
[2026-08-12T06:06:43.908+0000] {logging_mixin.py:190} INFO - [2026-08-12T06:06:43.908+0000] {dag.py:4138} INFO - Setting next_dagrun for example_sensor_decorator to None, run_after=None
[2026-08-12T06:06:43.935+0000] {processor.py:208} INFO - Processing /home/airflow/.local/lib/python3.12/site-packages/airflow/example_dags/example_sensor_decorator.py took 0.101 seconds
[2026-08-12T06:07:14.021+0000] {processor.py:186} INFO - Started process (PID=11729) to work on /home/airflow/.local/lib/python3.12/site-packages/airflow/example_dags/example_sensor_decorator.py
[2026-08-12T06:07:14.024+0000] {processor.py:914} INFO - Processing file /home/airflow/.local/lib/python3.12/site-packages/airflow/example_dags/example_sensor_decorator.py for tasks to queue
[2026-08-12T06:07:14.029+0000] {logging_mixin.py:190} INFO - [2026-08-12T06:07:14.028+0000] {dagbag.py:587} INFO - Filling up the DagBag from /home/airflow/.local/lib/python3.12/site-packages/airflow/example_dags/example_sensor_decorator.py
[2026-08-12T06:07:14.042+0000] {processor.py:925} INFO - DAG(s) 'example_sensor_decorator' retrieved from /home/airflow/.local/lib/python3.12/site-packages/airflow/example_dags/example_sensor_decorator.py
[2026-08-12T06:07:14.076+0000] {logging_mixin.py:190} INFO - [2026-08-12T06:07:14.076+0000] {dag.py:3211} INFO - Sync 1 DAGs
[2026-08-12T06:07:14.097+0000] {logging_mixin.py:190} INFO - [2026-08-12T06:07:14.097+0000] {dag.py:4138} INFO - Setting next_dagrun for example_sensor_decorator to None, run_after=None
[2026-08-12T06:07:14.125+0000] {processor.py:208} INFO - Processing /home/airflow/.local/lib/python3.12/site-packages/airflow/example_dags/example_sensor_decorator.py took 0.110 seconds
[2026-08-12T06:07:44.529+0000] {processor.py:186} INFO - Started process (PID=11793) to work on /home/airflow/.local/lib/python3.12/site-packages/airflow/example_dags/example_sensor_decorator.py
[2026-08-12T06:07:44.531+0000] {processor.py:914} INFO - Processing file /home/airflow/.local/lib/python3.12/site-packages/airflow/example_dags/example_sensor_decorator.py for tasks to queue
[2026-08-12T06:07:44.535+0000] {logging_mixin.py:190} INFO - [2026-08-12T06:07:44.535+0000] {dagbag.py:587} INFO - Filling up the DagBag from /home/airflow/.local/lib/python3.12/site-packages/airflow/example_dags/example_sensor_decorator.py
[2026-08-12T06:07:44.548+0000] {processor.py:925} INFO - DAG(s) 'example_sensor_decorator' retrieved from /home/airflow/.local/lib/python3.12/site-packages/airflow/example_dags/example_sensor_decorator.py
[2026-08-12T06:07:44.574+0000] {logging_mixin.py:190} INFO - [2026-08-12T06:07:44.574+0000] {dag.py:3211} INFO - Sync 1 DAGs
[2026-08-12T06:07:44.592+0000] {logging_mixin.py:190} INFO - [2026-08-12T06:07:44.591+0000] {dag.py:4138} INFO - Setting next_dagrun for example_sensor_decorator to None, run_after=None
[2026-08-12T06:07:44.615+0000] {processor.py:208} INFO - Processing /home/airflow/.local/lib/python3.12/site-packages/airflow/example_dags/example_sensor_decorator.py took 0.094 seconds
[2026-08-12T06:08:15.284+0000] {processor.py:186} INFO - Started process (PID=11856) to work on /home/airflow/.local/lib/python3.12/site-packages/airflow/example_dags/example_sensor_decorator.py
[2026-08-12T06:08:15.287+0000] {processor.py:914} INFO - Processing file /home/airflow/.local/lib/python3.12/site-packages/airflow/example_dags/example_sensor_decorator.py for tasks to queue
[2026-08-12T06:08:15.292+0000] {logging_mixin.py:190} INFO - [2026-08-12T06:08:15.291+0000] {dagbag.py:587} INFO - Filling up the DagBag from /home/airflow/.local/lib/python3.12/site-packages/airflow/example_dags/example_sensor_decorator.py
[2026-08-12T06:08:15.306+0000] {processor.py:925} INFO - DAG(s) 'example_sensor_decorator' retrieved from /home/airflow/.local/lib/python3.12/site-packages/airflow/example_dags/example_sensor_decorator.py
[2026-08-12T06:08:15.335+0000] {logging_mixin.py:190} INFO - [2026-08-12T06:08:15.335+0000] {dag.py:3211} INFO - Sync 1 DAGs
[2026-08-12T06:08:15.354+0000] {logging_mixin.py:190} INFO - [2026-08-12T06:08:15.354+0000] {dag.py:4138} INFO - Setting next_dagrun for example_sensor_decorator to None, run_after=None
[2026-08-12T06:08:15.382+0000] {processor.py:208} INFO - Processing /home/airflow/.local/lib/python3.12/site-packages/airflow/example_dags/example_sensor_decorator.py took 0.106 seconds
[2026-08-12T06:08:45.879+0000] {processor.py:186} INFO - Started process (PID=11920) to work on /home/airflow/.local/lib/python3.12/site-packages/airflow/example_dags/example_sensor_decorator.py
[2026-08-12T06:08:45.881+0000] {processor.py:914} INFO - Processing file /home/airflow/.local/lib/python3.12/site-packages/airflow/example_dags/example_sensor_decorator.py for tasks to queue
[2026-08-12T06:08:45.886+0000] {logging_mixin.py:190} INFO - [2026-08-12T06:08:45.886+0000] {dagbag.py:587} INFO - Filling up the DagBag from /home/airflow/.local/lib/python3.12/site-packages/airflow/example_dags/example_sensor_decorator.py
[2026-08-12T06:08:45.898+0000] {processor.py:925} INFO - DAG(s) 'example_sensor_decorator' retrieved from /home/airflow/.local/lib/python3.12/site-packages/airflow/example_dags/example_sensor_decorator.py
[2026-08-12T06:08:45.922+0000] {logging_mixin.py:190} INFO - [2026-08-12T06:08:45.922+0000] {dag.py:3211} INFO - Sync 1 DAGs
[2026-08-12T06:08:45.940+0000] {logging_mixin.py:190} INFO - [2026-08-12T06:08:45.940+0000] {dag.py:4138} INFO - Setting next_dagrun for example_sensor_decorator to None, run_after=None
[2026-08-12T06:08:45.965+0000] {processor.py:208} INFO - Processing /home/airflow/.local/lib/python3.12/site-packages/airflow/example_dags/example_sensor_decorator.py took 0.094 seconds
[2026-08-12T06:09:16.589+0000] {processor.py:186} INFO - Started process (PID=11983) to work on /home/airflow/.local/lib/python3.12/site-packages/airflow/example_dags/example_sensor_decorator.py
[2026-08-12T06:09:16.593+0000] {processor.py:914} INFO - Processing file /home/airflow/.local/lib/python3.12/site-packages/airflow/example_dags/example_sensor_decorator.py for tasks to queue
[2026-08-12T06:09:16.598+0000] {logging_mixin.py:190} INFO - [2026-08-12T06:09:16.597+0000] {dagbag.py:587} INFO - Filling up the DagBag from /home/airflow/.local/lib/python3.12/site-packages/airflow/example_dags/example_sensor_decorator.py
[2026-08-12T06:09:16.611+0000] {processor.py:925} INFO - DAG(s) 'example_sensor_decorator' retrieved from /home/airflow/.local/lib/python3.12/site-packages/airflow/example_dags/example_sensor_decorator.py
[2026-08-12T06:09:16.633+0000] {logging_mixin.py:190} INFO - [2026-08-12T06:09:16.633+0000] {dag.py:3211} INFO - Sync 1 DAGs
[2026-08-12T06:09:16.649+0000] {logging_mixin.py:190} INFO - [2026-08-12T06:09:16.649+0000] {dag.py:4138} INFO - Setting next_dagrun for example_sensor_decorator to None, run_after=None
[2026-08-12T06:09:16.681+0000] {processor.py:208} INFO - Processing /home/airflow/.local/lib/python3.12/site-packages/airflow/example_dags/example_sensor_decorator.py took 0.101 seconds
[2026-08-12T06:09:46.995+0000] {processor.py:186} INFO - Started process (PID=12045) to work on /home/airflow/.local/lib/python3.12/site-packages/airflow/example_dags/example_sensor_decorator.py
[2026-08-12T06:09:46.998+0000] {processor.py:914} INFO - Processing file /home/airflow/.local/lib/python3.12/site-packages/airflow/example_dags/example_sensor_decorator.py for tasks to queue
[2026-08-12T06:09:47.003+0000] {logging_mixin.py:190} INFO - [2026-08-12T06:09:47.002+0000] {dagbag.py:587} INFO - Filling up the DagBag from /home/airflow/.local/lib/python3.12/site-packages/airflow/example_dags/example_sensor_decorator.py
[2026-08-12T06:09:47.013+0000] {processor.py:925} INFO - DAG(s) 'example_sensor_decorator' retrieved from /home/airflow/.local/lib/python3.12/site-packages/airflow/example_dags/example_sensor_decorator.py
[2026-08-12T06:09:47.034+0000] {logging_mixin.py:190} INFO - [2026-08-12T06:09:47.034+0000] {dag.py:3211} INFO - Sync 1 DAGs
[2026-08-12T06:09:47.050+0000] {logging_mixin.py:190} INFO - [2026-08-12T06:09:47.050+0000] {dag.py:4138} INFO - Setting next_dagrun for example_sensor_decorator to None, run_after=None
[2026-08-12T06:09:47.076+0000] {processor.py:208} INFO - Processing /home/airflow/.local/lib/python3.12/site-packages/airflow/example_dags/example_sensor_decorator.py took 0.086 seconds
[2026-08-12T06:10:17.538+0000] {processor.py:186} INFO - Started process (PID=12104) to work on /home/airflow/.local/lib/python3.12/site-packages/airflow/example_dags/example_sensor_decorator.py
[2026-08-12T06:10:17.540+0000] {processor.py:914} INFO - Processing file /home/airflow/.local/lib/python3.12/site-packages/airflow/example_dags/example_sensor_decorator.py for tasks to queue
[2026-08-12T06:10:17.544+0000] {logging_mixin.py:190} INFO - [2026-08-12T06:10:17.544+0000] {dagbag.py:587} INFO - Filling up the DagBag from /home/airflow/.local/lib/python3.12/site-packages/airflow/example_dags/example_sensor_decorator.py
[2026-08-12T06:10:17.554+0000] {processor.py:925} INFO - DAG(s) 'example_sensor_decorator' retrieved from /home/airflow/.local/lib/python3.12/site-packages/airflow/example_dags/example_sensor_decorator.py
[2026-08-12T06:10:17.582+0000] {logging_mixin.py:190} INFO - [2026-08-12T06:10:17.581+0000] {dag.py:3211} INFO - Sync 1 DAGs
[2026-08-12T06:10:17.600+0000] {logging_mixin.py:190} INFO - [2026-08-12T06:10:17.600+0000] {dag.py:4138} INFO - Setting next_dagrun for example_sensor_decorator to None, run_after=None
[2026-08-12T06:10:17.622+0000] {processor.py:208} INFO - Processing /home/airflow/.local/lib/python3.12/site-packages/airflow/example_dags/example_sensor_decorator.py took 0.090 seconds
