[2026-08-12T04:31:11.480+0000] {processor.py:186} INFO - Started process (PID=108) to work on /home/airflow/.local/lib/python3.12/site-packages/airflow/example_dags/example_short_circuit_operator.py
[2026-08-12T04:31:11.482+0000] {processor.py:914} INFO - Processing file /home/airflow/.local/lib/python3.12/site-packages/airflow/example_dags/example_short_circuit_operator.py for tasks to queue
[2026-08-12T04:31:11.487+0000] {logging_mixin.py:190} INFO - [2026-08-12T04:31:11.487+0000] {dagbag.py:587} INFO - Filling up the DagBag from /home/airflow/.local/lib/python3.12/site-packages/airflow/example_dags/example_short_circuit_operator.py
[2026-08-12T04:31:11.502+0000] {processor.py:925} INFO - DAG(s) 'example_short_circuit_operator' retrieved from /home/airflow/.local/lib/python3.12/site-packages/airflow/example_dags/example_short_circuit_operator.py
[2026-08-12T04:31:11.634+0000] {logging_mixin.py:190} INFO - [2026-08-12T04:31:11.633+0000] {override.py:1858} INFO - Created Permission View: can delete on DAG:example_short_circuit_operator
[2026-08-12T04:31:11.648+0000] {logging_mixin.py:190} INFO - [2026-08-12T04:31:11.648+0000] {override.py:1858} INFO - Created Permission View: can read on DAG:example_short_circuit_operator
[2026-08-12T04:31:11.657+0000] {logging_mixin.py:190} INFO - [2026-08-12T04:31:11.657+0000] {override.py:1858} INFO - Created Permission View: can edit on DAG:example_short_circuit_operator
[2026-08-12T04:31:11.659+0000] {logging_mixin.py:190} INFO - [2026-08-12T04:31:11.659+0000] {dag.py:3211} INFO - Sync 1 DAGs
[2026-08-12T04:31:11.675+0000] {logging_mixin.py:190} INFO - [2026-08-12T04:31:11.674+0000] {dag.py:3234} INFO - Creating ORM DAG for example_short_circuit_operator
[2026-08-12T04:31:11.687+0000] {logging_mixin.py:190} INFO - [2026-08-12T04:31:11.687+0000] {dag.py:4138} INFO - Setting next_dagrun for example_short_circuit_operator to 2026-08-11 00:00:00+00:00, run_after=2026-08-12 00:00:00+00:00
[2026-08-12T04:31:11.708+0000] {processor.py:208} INFO - Processing /home/airflow/.local/lib/python3.12/site-packages/airflow/example_dags/example_short_circuit_operator.py took 0.236 seconds
[2026-08-12T04:31:42.693+0000] {processor.py:186} INFO - Started process (PID=170) to work on /home/airflow/.local/lib/python3.12/site-packages/airflow/example_dags/example_short_circuit_operator.py
[2026-08-12T04:31:42.696+0000] {processor.py:914} INFO - Processing file /home/airflow/.local/lib/python3.12/site-packages/airflow/example_dags/example_short_circuit_operator.py for tasks to queue
[2026-08-12T04:31:42.700+0000] {logging_mixin.py:190} INFO - [2026-08-12T04:31:42.699+0000] {dagbag.py:587} INFO - Filling up the DagBag from /home/airflow/.local/lib/python3.12/site-packages/airflow/example_dags/example_short_circuit_operator.py
[2026-08-12T04:31:42.712+0000] {processor.py:925} INFO - DAG(s) 'example_short_circuit_operator' retrieved from /home/airflow/.local/lib/python3.12/site-packages/airflow/example_dags/example_short_circuit_operator.py
[2026-08-12T04:31:42.735+0000] {logging_mixin.py:190} INFO - [2026-08-12T04:31:42.735+0000] {dag.py:3211} INFO - Sync 1 DAGs
[2026-08-12T04:31:42.758+0000] {logging_mixin.py:190} INFO - [2026-08-12T04:31:42.758+0000] {dag.py:4138} INFO - Setting next_dagrun for example_short_circuit_operator to 2026-08-11 00:00:00+00:00, run_after=2026-08-12 00:00:00+00:00
[2026-08-12T04:31:42.781+0000] {processor.py:208} INFO - Processing /home/airflow/.local/lib/python3.12/site-packages/airflow/example_dags/example_short_circuit_operator.py took 0.095 seconds
[2026-08-12T04:33:00.874+0000] {processor.py:186} INFO - Started process (PID=102) to work on /home/airflow/.local/lib/python3.12/site-packages/airflow/example_dags/example_short_circuit_operator.py
[2026-08-12T04:33:00.879+0000] {processor.py:914} INFO - Processing file /home/airflow/.local/lib/python3.12/site-packages/airflow/example_dags/example_short_circuit_operator.py for tasks to queue
[2026-08-12T04:33:00.885+0000] {logging_mixin.py:190} INFO - [2026-08-12T04:33:00.884+0000] {dagbag.py:587} INFO - Filling up the DagBag from /home/airflow/.local/lib/python3.12/site-packages/airflow/example_dags/example_short_circuit_operator.py
[2026-08-12T04:33:00.901+0000] {processor.py:925} INFO - DAG(s) 'example_short_circuit_operator' retrieved from /home/airflow/.local/lib/python3.12/site-packages/airflow/example_dags/example_short_circuit_operator.py
[2026-08-12T04:33:00.944+0000] {logging_mixin.py:190} INFO - [2026-08-12T04:33:00.944+0000] {dag.py:3211} INFO - Sync 1 DAGs
[2026-08-12T04:33:00.982+0000] {logging_mixin.py:190} INFO - [2026-08-12T04:33:00.981+0000] {dag.py:4138} INFO - Setting next_dagrun for example_short_circuit_operator to 2026-08-11 00:00:00+00:00, run_after=2026-08-12 00:00:00+00:00
[2026-08-12T04:33:01.016+0000] {processor.py:208} INFO - Processing /home/airflow/.local/lib/python3.12/site-packages/airflow/example_dags/example_short_circuit_operator.py took 0.152 seconds
[2026-08-12T04:33:31.479+0000] {processor.py:186} INFO - Started process (PID=164) to work on /home/airflow/.local/lib/python3.12/site-packages/airflow/example_dags/example_short_circuit_operator.py
[2026-08-12T04:33:31.481+0000] {processor.py:914} INFO - Processing file /home/airflow/.local/lib/python3.12/site-packages/airflow/example_dags/example_short_circuit_operator.py for tasks to queue
[2026-08-12T04:33:31.487+0000] {logging_mixin.py:190} INFO - [2026-08-12T04:33:31.486+0000] {dagbag.py:587} INFO - Filling up the DagBag from /home/airflow/.local/lib/python3.12/site-packages/airflow/example_dags/example_short_circuit_operator.py
[2026-08-12T04:33:31.503+0000] {processor.py:925} INFO - DAG(s) 'example_short_circuit_operator' retrieved from /home/airflow/.local/lib/python3.12/site-packages/airflow/example_dags/example_short_circuit_operator.py
[2026-08-12T04:33:31.551+0000] {logging_mixin.py:190} INFO - [2026-08-12T04:33:31.551+0000] {dag.py:3211} INFO - Sync 1 DAGs
[2026-08-12T04:33:31.583+0000] {logging_mixin.py:190} INFO - [2026-08-12T04:33:31.583+0000] {dag.py:4138} INFO - Setting next_dagrun for example_short_circuit_operator to 2026-08-11 00:00:00+00:00, run_after=2026-08-12 00:00:00+00:00
[2026-08-12T04:33:31.606+0000] {processor.py:208} INFO - Processing /home/airflow/.local/lib/python3.12/site-packages/airflow/example_dags/example_short_circuit_operator.py took 0.138 seconds
[2026-08-12T04:34:02.208+0000] {processor.py:186} INFO - Started process (PID=226) to work on /home/airflow/.local/lib/python3.12/site-packages/airflow/example_dags/example_short_circuit_operator.py
[2026-08-12T04:34:02.211+0000] {processor.py:914} INFO - Processing file /home/airflow/.local/lib/python3.12/site-packages/airflow/example_dags/example_short_circuit_operator.py for tasks to queue
[2026-08-12T04:34:02.215+0000] {logging_mixin.py:190} INFO - [2026-08-12T04:34:02.215+0000] {dagbag.py:587} INFO - Filling up the DagBag from /home/airflow/.local/lib/python3.12/site-packages/airflow/example_dags/example_short_circuit_operator.py
[2026-08-12T04:34:02.226+0000] {processor.py:925} INFO - DAG(s) 'example_short_circuit_operator' retrieved from /home/airflow/.local/lib/python3.12/site-packages/airflow/example_dags/example_short_circuit_operator.py
[2026-08-12T04:34:02.255+0000] {logging_mixin.py:190} INFO - [2026-08-12T04:34:02.254+0000] {dag.py:3211} INFO - Sync 1 DAGs
[2026-08-12T04:34:02.283+0000] {logging_mixin.py:190} INFO - [2026-08-12T04:34:02.283+0000] {dag.py:4138} INFO - Setting next_dagrun for example_short_circuit_operator to 2026-08-11 00:00:00+00:00, run_after=2026-08-12 00:00:00+00:00
[2026-08-12T04:34:02.304+0000] {processor.py:208} INFO - Processing /home/airflow/.local/lib/python3.12/site-packages/airflow/example_dags/example_short_circuit_operator.py took 0.102 seconds
[2026-08-12T04:34:32.698+0000] {processor.py:186} INFO - Started process (PID=288) to work on /home/airflow/.local/lib/python3.12/site-packages/airflow/example_dags/example_short_circuit_operator.py
[2026-08-12T04:34:32.701+0000] {processor.py:914} INFO - Processing file /home/airflow/.local/lib/python3.12/site-packages/airflow/example_dags/example_short_circuit_operator.py for tasks to queue
[2026-08-12T04:34:32.708+0000] {logging_mixin.py:190} INFO - [2026-08-12T04:34:32.706+0000] {dagbag.py:587} INFO - Filling up the DagBag from /home/airflow/.local/lib/python3.12/site-packages/airflow/example_dags/example_short_circuit_operator.py
[2026-08-12T04:34:32.722+0000] {processor.py:925} INFO - DAG(s) 'example_short_circuit_operator' retrieved from /home/airflow/.local/lib/python3.12/site-packages/airflow/example_dags/example_short_circuit_operator.py
[2026-08-12T04:34:32.756+0000] {logging_mixin.py:190} INFO - [2026-08-12T04:34:32.756+0000] {dag.py:3211} INFO - Sync 1 DAGs
[2026-08-12T04:34:32.784+0000] {logging_mixin.py:190} INFO - [2026-08-12T04:34:32.784+0000] {dag.py:4138} INFO - Setting next_dagrun for example_short_circuit_operator to 2026-08-11 00:00:00+00:00, run_after=2026-08-12 00:00:00+00:00
[2026-08-12T04:34:32.809+0000] {processor.py:208} INFO - Processing /home/airflow/.local/lib/python3.12/site-packages/airflow/example_dags/example_short_circuit_operator.py took 0.119 seconds
[2026-08-12T04:35:03.717+0000] {processor.py:186} INFO - Started process (PID=350) to work on /home/airflow/.local/lib/python3.12/site-packages/airflow/example_dags/example_short_circuit_operator.py
[2026-08-12T04:35:03.719+0000] {processor.py:914} INFO - Processing file /home/airflow/.local/lib/python3.12/site-packages/airflow/example_dags/example_short_circuit_operator.py for tasks to queue
[2026-08-12T04:35:03.724+0000] {logging_mixin.py:190} INFO - [2026-08-12T04:35:03.724+0000] {dagbag.py:587} INFO - Filling up the DagBag from /home/airflow/.local/lib/python3.12/site-packages/airflow/example_dags/example_short_circuit_operator.py
[2026-08-12T04:35:03.735+0000] {processor.py:925} INFO - DAG(s) 'example_short_circuit_operator' retrieved from /home/airflow/.local/lib/python3.12/site-packages/airflow/example_dags/example_short_circuit_operator.py
[2026-08-12T04:35:03.766+0000] {logging_mixin.py:190} INFO - [2026-08-12T04:35:03.765+0000] {dag.py:3211} INFO - Sync 1 DAGs
[2026-08-12T04:35:03.797+0000] {logging_mixin.py:190} INFO - [2026-08-12T04:35:03.796+0000] {dag.py:4138} INFO - Setting next_dagrun for example_short_circuit_operator to 2026-08-11 00:00:00+00:00, run_after=2026-08-12 00:00:00+00:00
[2026-08-12T04:35:03.825+0000] {processor.py:208} INFO - Processing /home/airflow/.local/lib/python3.12/site-packages/airflow/example_dags/example_short_circuit_operator.py took 0.117 seconds
[2026-08-12T04:35:34.073+0000] {processor.py:186} INFO - Started process (PID=412) to work on /home/airflow/.local/lib/python3.12/site-packages/airflow/example_dags/example_short_circuit_operator.py
[2026-08-12T04:35:34.075+0000] {processor.py:914} INFO - Processing file /home/airflow/.local/lib/python3.12/site-packages/airflow/example_dags/example_short_circuit_operator.py for tasks to queue
[2026-08-12T04:35:34.079+0000] {logging_mixin.py:190} INFO - [2026-08-12T04:35:34.079+0000] {dagbag.py:587} INFO - Filling up the DagBag from /home/airflow/.local/lib/python3.12/site-packages/airflow/example_dags/example_short_circuit_operator.py
[2026-08-12T04:35:34.093+0000] {processor.py:925} INFO - DAG(s) 'example_short_circuit_operator' retrieved from /home/airflow/.local/lib/python3.12/site-packages/airflow/example_dags/example_short_circuit_operator.py
[2026-08-12T04:35:34.124+0000] {logging_mixin.py:190} INFO - [2026-08-12T04:35:34.123+0000] {dag.py:3211} INFO - Sync 1 DAGs
[2026-08-12T04:35:34.158+0000] {logging_mixin.py:190} INFO - [2026-08-12T04:35:34.158+0000] {dag.py:4138} INFO - Setting next_dagrun for example_short_circuit_operator to 2026-08-11 00:00:00+00:00, run_after=2026-08-12 00:00:00+00:00
[2026-08-12T04:35:34.188+0000] {processor.py:208} INFO - Processing /home/airflow/.local/lib/python3.12/site-packages/airflow/example_dags/example_short_circuit_operator.py took 0.122 seconds
[2026-08-12T04:36:04.795+0000] {processor.py:186} INFO - Started process (PID=474) to work on /home/airflow/.local/lib/python3.12/site-packages/airflow/example_dags/example_short_circuit_operator.py
[2026-08-12T04:36:04.798+0000] {processor.py:914} INFO - Processing file /home/airflow/.local/lib/python3.12/site-packages/airflow/example_dags/example_short_circuit_operator.py for tasks to queue
[2026-08-12T04:36:04.802+0000] {logging_mixin.py:190} INFO - [2026-08-12T04:36:04.801+0000] {dagbag.py:587} INFO - Filling up the DagBag from /home/airflow/.local/lib/python3.12/site-packages/airflow/example_dags/example_short_circuit_operator.py
[2026-08-12T04:36:04.815+0000] {processor.py:925} INFO - DAG(s) 'example_short_circuit_operator' retrieved from /home/airflow/.local/lib/python3.12/site-packages/airflow/example_dags/example_short_circuit_operator.py
[2026-08-12T04:36:04.845+0000] {logging_mixin.py:190} INFO - [2026-08-12T04:36:04.845+0000] {dag.py:3211} INFO - Sync 1 DAGs
[2026-08-12T04:36:04.875+0000] {logging_mixin.py:190} INFO - [2026-08-12T04:36:04.875+0000] {dag.py:4138} INFO - Setting next_dagrun for example_short_circuit_operator to 2026-08-11 00:00:00+00:00, run_after=2026-08-12 00:00:00+00:00
[2026-08-12T04:36:04.902+0000] {processor.py:208} INFO - Processing /home/airflow/.local/lib/python3.12/site-packages/airflow/example_dags/example_short_circuit_operator.py took 0.113 seconds
[2026-08-12T04:36:35.254+0000] {processor.py:186} INFO - Started process (PID=536) to work on /home/airflow/.local/lib/python3.12/site-packages/airflow/example_dags/example_short_circuit_operator.py
[2026-08-12T04:36:35.256+0000] {processor.py:914} INFO - Processing file /home/airflow/.local/lib/python3.12/site-packages/airflow/example_dags/example_short_circuit_operator.py for tasks to queue
[2026-08-12T04:36:35.260+0000] {logging_mixin.py:190} INFO - [2026-08-12T04:36:35.259+0000] {dagbag.py:587} INFO - Filling up the DagBag from /home/airflow/.local/lib/python3.12/site-packages/airflow/example_dags/example_short_circuit_operator.py
[2026-08-12T04:36:35.270+0000] {processor.py:925} INFO - DAG(s) 'example_short_circuit_operator' retrieved from /home/airflow/.local/lib/python3.12/site-packages/airflow/example_dags/example_short_circuit_operator.py
[2026-08-12T04:36:35.293+0000] {logging_mixin.py:190} INFO - [2026-08-12T04:36:35.293+0000] {dag.py:3211} INFO - Sync 1 DAGs
[2026-08-12T04:36:35.317+0000] {logging_mixin.py:190} INFO - [2026-08-12T04:36:35.317+0000] {dag.py:4138} INFO - Setting next_dagrun for example_short_circuit_operator to 2026-08-11 00:00:00+00:00, run_after=2026-08-12 00:00:00+00:00
[2026-08-12T04:36:35.340+0000] {processor.py:208} INFO - Processing /home/airflow/.local/lib/python3.12/site-packages/airflow/example_dags/example_short_circuit_operator.py took 0.092 seconds
[2026-08-12T04:37:05.762+0000] {processor.py:186} INFO - Started process (PID=598) to work on /home/airflow/.local/lib/python3.12/site-packages/airflow/example_dags/example_short_circuit_operator.py
[2026-08-12T04:37:05.764+0000] {processor.py:914} INFO - Processing file /home/airflow/.local/lib/python3.12/site-packages/airflow/example_dags/example_short_circuit_operator.py for tasks to queue
[2026-08-12T04:37:05.769+0000] {logging_mixin.py:190} INFO - [2026-08-12T04:37:05.768+0000] {dagbag.py:587} INFO - Filling up the DagBag from /home/airflow/.local/lib/python3.12/site-packages/airflow/example_dags/example_short_circuit_operator.py
[2026-08-12T04:37:05.781+0000] {processor.py:925} INFO - DAG(s) 'example_short_circuit_operator' retrieved from /home/airflow/.local/lib/python3.12/site-packages/airflow/example_dags/example_short_circuit_operator.py
[2026-08-12T04:37:05.807+0000] {logging_mixin.py:190} INFO - [2026-08-12T04:37:05.806+0000] {dag.py:3211} INFO - Sync 1 DAGs
[2026-08-12T04:37:05.838+0000] {logging_mixin.py:190} INFO - [2026-08-12T04:37:05.838+0000] {dag.py:4138} INFO - Setting next_dagrun for example_short_circuit_operator to 2026-08-11 00:00:00+00:00, run_after=2026-08-12 00:00:00+00:00
[2026-08-12T04:37:05.860+0000] {processor.py:208} INFO - Processing /home/airflow/.local/lib/python3.12/site-packages/airflow/example_dags/example_short_circuit_operator.py took 0.105 seconds
[2026-08-12T04:37:36.454+0000] {processor.py:186} INFO - Started process (PID=660) to work on /home/airflow/.local/lib/python3.12/site-packages/airflow/example_dags/example_short_circuit_operator.py
[2026-08-12T04:37:36.457+0000] {processor.py:914} INFO - Processing file /home/airflow/.local/lib/python3.12/site-packages/airflow/example_dags/example_short_circuit_operator.py for tasks to queue
[2026-08-12T04:37:36.461+0000] {logging_mixin.py:190} INFO - [2026-08-12T04:37:36.460+0000] {dagbag.py:587} INFO - Filling up the DagBag from /home/airflow/.local/lib/python3.12/site-packages/airflow/example_dags/example_short_circuit_operator.py
[2026-08-12T04:37:36.473+0000] {processor.py:925} INFO - DAG(s) 'example_short_circuit_operator' retrieved from /home/airflow/.local/lib/python3.12/site-packages/airflow/example_dags/example_short_circuit_operator.py
[2026-08-12T04:37:36.497+0000] {logging_mixin.py:190} INFO - [2026-08-12T04:37:36.496+0000] {dag.py:3211} INFO - Sync 1 DAGs
[2026-08-12T04:37:36.520+0000] {logging_mixin.py:190} INFO - [2026-08-12T04:37:36.520+0000] {dag.py:4138} INFO - Setting next_dagrun for example_short_circuit_operator to 2026-08-11 00:00:00+00:00, run_after=2026-08-12 00:00:00+00:00
[2026-08-12T04:37:36.541+0000] {processor.py:208} INFO - Processing /home/airflow/.local/lib/python3.12/site-packages/airflow/example_dags/example_short_circuit_operator.py took 0.093 seconds
[2026-08-12T04:38:07.053+0000] {processor.py:186} INFO - Started process (PID=722) to work on /home/airflow/.local/lib/python3.12/site-packages/airflow/example_dags/example_short_circuit_operator.py
[2026-08-12T04:38:07.056+0000] {processor.py:914} INFO - Processing file /home/airflow/.local/lib/python3.12/site-packages/airflow/example_dags/example_short_circuit_operator.py for tasks to queue
[2026-08-12T04:38:07.061+0000] {logging_mixin.py:190} INFO - [2026-08-12T04:38:07.060+0000] {dagbag.py:587} INFO - Filling up the DagBag from /home/airflow/.local/lib/python3.12/site-packages/airflow/example_dags/example_short_circuit_operator.py
[2026-08-12T04:38:07.071+0000] {processor.py:925} INFO - DAG(s) 'example_short_circuit_operator' retrieved from /home/airflow/.local/lib/python3.12/site-packages/airflow/example_dags/example_short_circuit_operator.py
[2026-08-12T04:38:07.097+0000] {logging_mixin.py:190} INFO - [2026-08-12T04:38:07.096+0000] {dag.py:3211} INFO - Sync 1 DAGs
[2026-08-12T04:38:07.120+0000] {logging_mixin.py:190} INFO - [2026-08-12T04:38:07.120+0000] {dag.py:4138} INFO - Setting next_dagrun for example_short_circuit_operator to 2026-08-11 00:00:00+00:00, run_after=2026-08-12 00:00:00+00:00
[2026-08-12T04:38:07.147+0000] {processor.py:208} INFO - Processing /home/airflow/.local/lib/python3.12/site-packages/airflow/example_dags/example_short_circuit_operator.py took 0.099 seconds
[2026-08-12T04:38:37.455+0000] {processor.py:186} INFO - Started process (PID=784) to work on /home/airflow/.local/lib/python3.12/site-packages/airflow/example_dags/example_short_circuit_operator.py
[2026-08-12T04:38:37.457+0000] {processor.py:914} INFO - Processing file /home/airflow/.local/lib/python3.12/site-packages/airflow/example_dags/example_short_circuit_operator.py for tasks to queue
[2026-08-12T04:38:37.461+0000] {logging_mixin.py:190} INFO - [2026-08-12T04:38:37.461+0000] {dagbag.py:587} INFO - Filling up the DagBag from /home/airflow/.local/lib/python3.12/site-packages/airflow/example_dags/example_short_circuit_operator.py
[2026-08-12T04:38:37.471+0000] {processor.py:925} INFO - DAG(s) 'example_short_circuit_operator' retrieved from /home/airflow/.local/lib/python3.12/site-packages/airflow/example_dags/example_short_circuit_operator.py
[2026-08-12T04:38:37.497+0000] {logging_mixin.py:190} INFO - [2026-08-12T04:38:37.497+0000] {dag.py:3211} INFO - Sync 1 DAGs
[2026-08-12T04:38:37.522+0000] {logging_mixin.py:190} INFO - [2026-08-12T04:38:37.522+0000] {dag.py:4138} INFO - Setting next_dagrun for example_short_circuit_operator to 2026-08-11 00:00:00+00:00, run_after=2026-08-12 00:00:00+00:00
[2026-08-12T04:38:37.547+0000] {processor.py:208} INFO - Processing /home/airflow/.local/lib/python3.12/site-packages/airflow/example_dags/example_short_circuit_operator.py took 0.098 seconds
[2026-08-12T04:39:07.769+0000] {processor.py:186} INFO - Started process (PID=846) to work on /home/airflow/.local/lib/python3.12/site-packages/airflow/example_dags/example_short_circuit_operator.py
[2026-08-12T04:39:07.772+0000] {processor.py:914} INFO - Processing file /home/airflow/.local/lib/python3.12/site-packages/airflow/example_dags/example_short_circuit_operator.py for tasks to queue
[2026-08-12T04:39:07.777+0000] {logging_mixin.py:190} INFO - [2026-08-12T04:39:07.776+0000] {dagbag.py:587} INFO - Filling up the DagBag from /home/airflow/.local/lib/python3.12/site-packages/airflow/example_dags/example_short_circuit_operator.py
[2026-08-12T04:39:07.787+0000] {processor.py:925} INFO - DAG(s) 'example_short_circuit_operator' retrieved from /home/airflow/.local/lib/python3.12/site-packages/airflow/example_dags/example_short_circuit_operator.py
[2026-08-12T04:39:07.810+0000] {logging_mixin.py:190} INFO - [2026-08-12T04:39:07.810+0000] {dag.py:3211} INFO - Sync 1 DAGs
[2026-08-12T04:39:07.834+0000] {logging_mixin.py:190} INFO - [2026-08-12T04:39:07.834+0000] {dag.py:4138} INFO - Setting next_dagrun for example_short_circuit_operator to 2026-08-11 00:00:00+00:00, run_after=2026-08-12 00:00:00+00:00
[2026-08-12T04:39:07.859+0000] {processor.py:208} INFO - Processing /home/airflow/.local/lib/python3.12/site-packages/airflow/example_dags/example_short_circuit_operator.py took 0.096 seconds
[2026-08-12T04:39:38.784+0000] {processor.py:186} INFO - Started process (PID=908) to work on /home/airflow/.local/lib/python3.12/site-packages/airflow/example_dags/example_short_circuit_operator.py
[2026-08-12T04:39:38.786+0000] {processor.py:914} INFO - Processing file /home/airflow/.local/lib/python3.12/site-packages/airflow/example_dags/example_short_circuit_operator.py for tasks to queue
[2026-08-12T04:39:38.790+0000] {logging_mixin.py:190} INFO - [2026-08-12T04:39:38.789+0000] {dagbag.py:587} INFO - Filling up the DagBag from /home/airflow/.local/lib/python3.12/site-packages/airflow/example_dags/example_short_circuit_operator.py
[2026-08-12T04:39:38.800+0000] {processor.py:925} INFO - DAG(s) 'example_short_circuit_operator' retrieved from /home/airflow/.local/lib/python3.12/site-packages/airflow/example_dags/example_short_circuit_operator.py
[2026-08-12T04:39:38.829+0000] {logging_mixin.py:190} INFO - [2026-08-12T04:39:38.829+0000] {dag.py:3211} INFO - Sync 1 DAGs
[2026-08-12T04:39:38.856+0000] {logging_mixin.py:190} INFO - [2026-08-12T04:39:38.856+0000] {dag.py:4138} INFO - Setting next_dagrun for example_short_circuit_operator to 2026-08-11 00:00:00+00:00, run_after=2026-08-12 00:00:00+00:00
[2026-08-12T04:39:38.881+0000] {processor.py:208} INFO - Processing /home/airflow/.local/lib/python3.12/site-packages/airflow/example_dags/example_short_circuit_operator.py took 0.105 seconds
[2026-08-12T04:40:09.404+0000] {processor.py:186} INFO - Started process (PID=970) to work on /home/airflow/.local/lib/python3.12/site-packages/airflow/example_dags/example_short_circuit_operator.py
[2026-08-12T04:40:09.407+0000] {processor.py:914} INFO - Processing file /home/airflow/.local/lib/python3.12/site-packages/airflow/example_dags/example_short_circuit_operator.py for tasks to queue
[2026-08-12T04:40:09.411+0000] {logging_mixin.py:190} INFO - [2026-08-12T04:40:09.410+0000] {dagbag.py:587} INFO - Filling up the DagBag from /home/airflow/.local/lib/python3.12/site-packages/airflow/example_dags/example_short_circuit_operator.py
[2026-08-12T04:40:09.421+0000] {processor.py:925} INFO - DAG(s) 'example_short_circuit_operator' retrieved from /home/airflow/.local/lib/python3.12/site-packages/airflow/example_dags/example_short_circuit_operator.py
[2026-08-12T04:40:09.444+0000] {logging_mixin.py:190} INFO - [2026-08-12T04:40:09.444+0000] {dag.py:3211} INFO - Sync 1 DAGs
[2026-08-12T04:40:09.469+0000] {logging_mixin.py:190} INFO - [2026-08-12T04:40:09.469+0000] {dag.py:4138} INFO - Setting next_dagrun for example_short_circuit_operator to 2026-08-11 00:00:00+00:00, run_after=2026-08-12 00:00:00+00:00
[2026-08-12T04:40:09.491+0000] {processor.py:208} INFO - Processing /home/airflow/.local/lib/python3.12/site-packages/airflow/example_dags/example_short_circuit_operator.py took 0.093 seconds
[2026-08-12T04:40:39.797+0000] {processor.py:186} INFO - Started process (PID=1032) to work on /home/airflow/.local/lib/python3.12/site-packages/airflow/example_dags/example_short_circuit_operator.py
[2026-08-12T04:40:39.800+0000] {processor.py:914} INFO - Processing file /home/airflow/.local/lib/python3.12/site-packages/airflow/example_dags/example_short_circuit_operator.py for tasks to queue
[2026-08-12T04:40:39.803+0000] {logging_mixin.py:190} INFO - [2026-08-12T04:40:39.803+0000] {dagbag.py:587} INFO - Filling up the DagBag from /home/airflow/.local/lib/python3.12/site-packages/airflow/example_dags/example_short_circuit_operator.py
[2026-08-12T04:40:39.814+0000] {processor.py:925} INFO - DAG(s) 'example_short_circuit_operator' retrieved from /home/airflow/.local/lib/python3.12/site-packages/airflow/example_dags/example_short_circuit_operator.py
[2026-08-12T04:40:39.840+0000] {logging_mixin.py:190} INFO - [2026-08-12T04:40:39.840+0000] {dag.py:3211} INFO - Sync 1 DAGs
[2026-08-12T04:40:39.865+0000] {logging_mixin.py:190} INFO - [2026-08-12T04:40:39.864+0000] {dag.py:4138} INFO - Setting next_dagrun for example_short_circuit_operator to 2026-08-11 00:00:00+00:00, run_after=2026-08-12 00:00:00+00:00
[2026-08-12T04:40:39.891+0000] {processor.py:208} INFO - Processing /home/airflow/.local/lib/python3.12/site-packages/airflow/example_dags/example_short_circuit_operator.py took 0.099 seconds
[2026-08-12T04:41:11.120+0000] {processor.py:186} INFO - Started process (PID=1094) to work on /home/airflow/.local/lib/python3.12/site-packages/airflow/example_dags/example_short_circuit_operator.py
[2026-08-12T04:41:11.122+0000] {processor.py:914} INFO - Processing file /home/airflow/.local/lib/python3.12/site-packages/airflow/example_dags/example_short_circuit_operator.py for tasks to queue
[2026-08-12T04:41:11.126+0000] {logging_mixin.py:190} INFO - [2026-08-12T04:41:11.126+0000] {dagbag.py:587} INFO - Filling up the DagBag from /home/airflow/.local/lib/python3.12/site-packages/airflow/example_dags/example_short_circuit_operator.py
[2026-08-12T04:41:11.137+0000] {processor.py:925} INFO - DAG(s) 'example_short_circuit_operator' retrieved from /home/airflow/.local/lib/python3.12/site-packages/airflow/example_dags/example_short_circuit_operator.py
[2026-08-12T04:41:11.164+0000] {logging_mixin.py:190} INFO - [2026-08-12T04:41:11.163+0000] {dag.py:3211} INFO - Sync 1 DAGs
[2026-08-12T04:41:11.190+0000] {logging_mixin.py:190} INFO - [2026-08-12T04:41:11.190+0000] {dag.py:4138} INFO - Setting next_dagrun for example_short_circuit_operator to 2026-08-11 00:00:00+00:00, run_after=2026-08-12 00:00:00+00:00
[2026-08-12T04:41:11.217+0000] {processor.py:208} INFO - Processing /home/airflow/.local/lib/python3.12/site-packages/airflow/example_dags/example_short_circuit_operator.py took 0.103 seconds
[2026-08-12T04:41:41.648+0000] {processor.py:186} INFO - Started process (PID=1156) to work on /home/airflow/.local/lib/python3.12/site-packages/airflow/example_dags/example_short_circuit_operator.py
[2026-08-12T04:41:41.650+0000] {processor.py:914} INFO - Processing file /home/airflow/.local/lib/python3.12/site-packages/airflow/example_dags/example_short_circuit_operator.py for tasks to queue
[2026-08-12T04:41:41.654+0000] {logging_mixin.py:190} INFO - [2026-08-12T04:41:41.653+0000] {dagbag.py:587} INFO - Filling up the DagBag from /home/airflow/.local/lib/python3.12/site-packages/airflow/example_dags/example_short_circuit_operator.py
[2026-08-12T04:41:41.666+0000] {processor.py:925} INFO - DAG(s) 'example_short_circuit_operator' retrieved from /home/airflow/.local/lib/python3.12/site-packages/airflow/example_dags/example_short_circuit_operator.py
[2026-08-12T04:41:41.696+0000] {logging_mixin.py:190} INFO - [2026-08-12T04:41:41.696+0000] {dag.py:3211} INFO - Sync 1 DAGs
[2026-08-12T04:41:41.727+0000] {logging_mixin.py:190} INFO - [2026-08-12T04:41:41.726+0000] {dag.py:4138} INFO - Setting next_dagrun for example_short_circuit_operator to 2026-08-11 00:00:00+00:00, run_after=2026-08-12 00:00:00+00:00
[2026-08-12T04:41:41.764+0000] {processor.py:208} INFO - Processing /home/airflow/.local/lib/python3.12/site-packages/airflow/example_dags/example_short_circuit_operator.py took 0.123 seconds
[2026-08-12T04:42:12.228+0000] {processor.py:186} INFO - Started process (PID=1218) to work on /home/airflow/.local/lib/python3.12/site-packages/airflow/example_dags/example_short_circuit_operator.py
[2026-08-12T04:42:12.233+0000] {processor.py:914} INFO - Processing file /home/airflow/.local/lib/python3.12/site-packages/airflow/example_dags/example_short_circuit_operator.py for tasks to queue
[2026-08-12T04:42:12.241+0000] {logging_mixin.py:190} INFO - [2026-08-12T04:42:12.240+0000] {dagbag.py:587} INFO - Filling up the DagBag from /home/airflow/.local/lib/python3.12/site-packages/airflow/example_dags/example_short_circuit_operator.py
[2026-08-12T04:42:12.261+0000] {processor.py:925} INFO - DAG(s) 'example_short_circuit_operator' retrieved from /home/airflow/.local/lib/python3.12/site-packages/airflow/example_dags/example_short_circuit_operator.py
[2026-08-12T04:42:12.292+0000] {logging_mixin.py:190} INFO - [2026-08-12T04:42:12.292+0000] {dag.py:3211} INFO - Sync 1 DAGs
[2026-08-12T04:42:12.321+0000] {logging_mixin.py:190} INFO - [2026-08-12T04:42:12.321+0000] {dag.py:4138} INFO - Setting next_dagrun for example_short_circuit_operator to 2026-08-11 00:00:00+00:00, run_after=2026-08-12 00:00:00+00:00
[2026-08-12T04:42:12.356+0000] {processor.py:208} INFO - Processing /home/airflow/.local/lib/python3.12/site-packages/airflow/example_dags/example_short_circuit_operator.py took 0.143 seconds
[2026-08-12T04:42:42.650+0000] {processor.py:186} INFO - Started process (PID=1280) to work on /home/airflow/.local/lib/python3.12/site-packages/airflow/example_dags/example_short_circuit_operator.py
[2026-08-12T04:42:42.653+0000] {processor.py:914} INFO - Processing file /home/airflow/.local/lib/python3.12/site-packages/airflow/example_dags/example_short_circuit_operator.py for tasks to queue
[2026-08-12T04:42:42.659+0000] {logging_mixin.py:190} INFO - [2026-08-12T04:42:42.658+0000] {dagbag.py:587} INFO - Filling up the DagBag from /home/airflow/.local/lib/python3.12/site-packages/airflow/example_dags/example_short_circuit_operator.py
[2026-08-12T04:42:42.676+0000] {processor.py:925} INFO - DAG(s) 'example_short_circuit_operator' retrieved from /home/airflow/.local/lib/python3.12/site-packages/airflow/example_dags/example_short_circuit_operator.py
[2026-08-12T04:42:42.705+0000] {logging_mixin.py:190} INFO - [2026-08-12T04:42:42.705+0000] {dag.py:3211} INFO - Sync 1 DAGs
[2026-08-12T04:42:42.735+0000] {logging_mixin.py:190} INFO - [2026-08-12T04:42:42.735+0000] {dag.py:4138} INFO - Setting next_dagrun for example_short_circuit_operator to 2026-08-11 00:00:00+00:00, run_after=2026-08-12 00:00:00+00:00
[2026-08-12T04:42:42.765+0000] {processor.py:208} INFO - Processing /home/airflow/.local/lib/python3.12/site-packages/airflow/example_dags/example_short_circuit_operator.py took 0.124 seconds
[2026-08-12T04:43:13.591+0000] {processor.py:186} INFO - Started process (PID=1342) to work on /home/airflow/.local/lib/python3.12/site-packages/airflow/example_dags/example_short_circuit_operator.py
[2026-08-12T04:43:13.593+0000] {processor.py:914} INFO - Processing file /home/airflow/.local/lib/python3.12/site-packages/airflow/example_dags/example_short_circuit_operator.py for tasks to queue
[2026-08-12T04:43:13.597+0000] {logging_mixin.py:190} INFO - [2026-08-12T04:43:13.596+0000] {dagbag.py:587} INFO - Filling up the DagBag from /home/airflow/.local/lib/python3.12/site-packages/airflow/example_dags/example_short_circuit_operator.py
[2026-08-12T04:43:13.606+0000] {processor.py:925} INFO - DAG(s) 'example_short_circuit_operator' retrieved from /home/airflow/.local/lib/python3.12/site-packages/airflow/example_dags/example_short_circuit_operator.py
[2026-08-12T04:43:13.629+0000] {logging_mixin.py:190} INFO - [2026-08-12T04:43:13.629+0000] {dag.py:3211} INFO - Sync 1 DAGs
[2026-08-12T04:43:13.651+0000] {logging_mixin.py:190} INFO - [2026-08-12T04:43:13.651+0000] {dag.py:4138} INFO - Setting next_dagrun for example_short_circuit_operator to 2026-08-11 00:00:00+00:00, run_after=2026-08-12 00:00:00+00:00
[2026-08-12T04:43:13.676+0000] {processor.py:208} INFO - Processing /home/airflow/.local/lib/python3.12/site-packages/airflow/example_dags/example_short_circuit_operator.py took 0.090 seconds
[2026-08-12T04:43:44.045+0000] {processor.py:186} INFO - Started process (PID=1404) to work on /home/airflow/.local/lib/python3.12/site-packages/airflow/example_dags/example_short_circuit_operator.py
[2026-08-12T04:43:44.048+0000] {processor.py:914} INFO - Processing file /home/airflow/.local/lib/python3.12/site-packages/airflow/example_dags/example_short_circuit_operator.py for tasks to queue
[2026-08-12T04:43:44.052+0000] {logging_mixin.py:190} INFO - [2026-08-12T04:43:44.052+0000] {dagbag.py:587} INFO - Filling up the DagBag from /home/airflow/.local/lib/python3.12/site-packages/airflow/example_dags/example_short_circuit_operator.py
[2026-08-12T04:43:44.063+0000] {processor.py:925} INFO - DAG(s) 'example_short_circuit_operator' retrieved from /home/airflow/.local/lib/python3.12/site-packages/airflow/example_dags/example_short_circuit_operator.py
[2026-08-12T04:43:44.088+0000] {logging_mixin.py:190} INFO - [2026-08-12T04:43:44.087+0000] {dag.py:3211} INFO - Sync 1 DAGs
[2026-08-12T04:43:44.147+0000] {logging_mixin.py:190} INFO - [2026-08-12T04:43:44.147+0000] {dag.py:4138} INFO - Setting next_dagrun for example_short_circuit_operator to 2026-08-11 00:00:00+00:00, run_after=2026-08-12 00:00:00+00:00
[2026-08-12T04:43:44.174+0000] {processor.py:208} INFO - Processing /home/airflow/.local/lib/python3.12/site-packages/airflow/example_dags/example_short_circuit_operator.py took 0.135 seconds
[2026-08-12T04:44:14.626+0000] {processor.py:186} INFO - Started process (PID=1466) to work on /home/airflow/.local/lib/python3.12/site-packages/airflow/example_dags/example_short_circuit_operator.py
[2026-08-12T04:44:14.628+0000] {processor.py:914} INFO - Processing file /home/airflow/.local/lib/python3.12/site-packages/airflow/example_dags/example_short_circuit_operator.py for tasks to queue
[2026-08-12T04:44:14.633+0000] {logging_mixin.py:190} INFO - [2026-08-12T04:44:14.632+0000] {dagbag.py:587} INFO - Filling up the DagBag from /home/airflow/.local/lib/python3.12/site-packages/airflow/example_dags/example_short_circuit_operator.py
[2026-08-12T04:44:14.643+0000] {processor.py:925} INFO - DAG(s) 'example_short_circuit_operator' retrieved from /home/airflow/.local/lib/python3.12/site-packages/airflow/example_dags/example_short_circuit_operator.py
[2026-08-12T04:44:14.670+0000] {logging_mixin.py:190} INFO - [2026-08-12T04:44:14.670+0000] {dag.py:3211} INFO - Sync 1 DAGs
[2026-08-12T04:44:14.700+0000] {logging_mixin.py:190} INFO - [2026-08-12T04:44:14.700+0000] {dag.py:4138} INFO - Setting next_dagrun for example_short_circuit_operator to 2026-08-11 00:00:00+00:00, run_after=2026-08-12 00:00:00+00:00
[2026-08-12T04:44:14.727+0000] {processor.py:208} INFO - Processing /home/airflow/.local/lib/python3.12/site-packages/airflow/example_dags/example_short_circuit_operator.py took 0.108 seconds
[2026-08-12T04:44:44.937+0000] {processor.py:186} INFO - Started process (PID=1528) to work on /home/airflow/.local/lib/python3.12/site-packages/airflow/example_dags/example_short_circuit_operator.py
[2026-08-12T04:44:44.940+0000] {processor.py:914} INFO - Processing file /home/airflow/.local/lib/python3.12/site-packages/airflow/example_dags/example_short_circuit_operator.py for tasks to queue
[2026-08-12T04:44:44.944+0000] {logging_mixin.py:190} INFO - [2026-08-12T04:44:44.943+0000] {dagbag.py:587} INFO - Filling up the DagBag from /home/airflow/.local/lib/python3.12/site-packages/airflow/example_dags/example_short_circuit_operator.py
[2026-08-12T04:44:44.954+0000] {processor.py:925} INFO - DAG(s) 'example_short_circuit_operator' retrieved from /home/airflow/.local/lib/python3.12/site-packages/airflow/example_dags/example_short_circuit_operator.py
[2026-08-12T04:44:44.977+0000] {logging_mixin.py:190} INFO - [2026-08-12T04:44:44.977+0000] {dag.py:3211} INFO - Sync 1 DAGs
[2026-08-12T04:44:44.999+0000] {logging_mixin.py:190} INFO - [2026-08-12T04:44:44.999+0000] {dag.py:4138} INFO - Setting next_dagrun for example_short_circuit_operator to 2026-08-11 00:00:00+00:00, run_after=2026-08-12 00:00:00+00:00
[2026-08-12T04:44:45.024+0000] {processor.py:208} INFO - Processing /home/airflow/.local/lib/python3.12/site-packages/airflow/example_dags/example_short_circuit_operator.py took 0.092 seconds
[2026-08-12T04:45:15.380+0000] {processor.py:186} INFO - Started process (PID=1589) to work on /home/airflow/.local/lib/python3.12/site-packages/airflow/example_dags/example_short_circuit_operator.py
[2026-08-12T04:45:15.382+0000] {processor.py:914} INFO - Processing file /home/airflow/.local/lib/python3.12/site-packages/airflow/example_dags/example_short_circuit_operator.py for tasks to queue
[2026-08-12T04:45:15.387+0000] {logging_mixin.py:190} INFO - [2026-08-12T04:45:15.386+0000] {dagbag.py:587} INFO - Filling up the DagBag from /home/airflow/.local/lib/python3.12/site-packages/airflow/example_dags/example_short_circuit_operator.py
[2026-08-12T04:45:15.399+0000] {processor.py:925} INFO - DAG(s) 'example_short_circuit_operator' retrieved from /home/airflow/.local/lib/python3.12/site-packages/airflow/example_dags/example_short_circuit_operator.py
[2026-08-12T04:45:15.428+0000] {logging_mixin.py:190} INFO - [2026-08-12T04:45:15.427+0000] {dag.py:3211} INFO - Sync 1 DAGs
[2026-08-12T04:45:15.462+0000] {logging_mixin.py:190} INFO - [2026-08-12T04:45:15.462+0000] {dag.py:4138} INFO - Setting next_dagrun for example_short_circuit_operator to 2026-08-11 00:00:00+00:00, run_after=2026-08-12 00:00:00+00:00
[2026-08-12T04:45:15.498+0000] {processor.py:208} INFO - Processing /home/airflow/.local/lib/python3.12/site-packages/airflow/example_dags/example_short_circuit_operator.py took 0.125 seconds
[2026-08-12T04:45:46.098+0000] {processor.py:186} INFO - Started process (PID=1652) to work on /home/airflow/.local/lib/python3.12/site-packages/airflow/example_dags/example_short_circuit_operator.py
[2026-08-12T04:45:46.100+0000] {processor.py:914} INFO - Processing file /home/airflow/.local/lib/python3.12/site-packages/airflow/example_dags/example_short_circuit_operator.py for tasks to queue
[2026-08-12T04:45:46.104+0000] {logging_mixin.py:190} INFO - [2026-08-12T04:45:46.103+0000] {dagbag.py:587} INFO - Filling up the DagBag from /home/airflow/.local/lib/python3.12/site-packages/airflow/example_dags/example_short_circuit_operator.py
[2026-08-12T04:45:46.114+0000] {processor.py:925} INFO - DAG(s) 'example_short_circuit_operator' retrieved from /home/airflow/.local/lib/python3.12/site-packages/airflow/example_dags/example_short_circuit_operator.py
[2026-08-12T04:45:46.139+0000] {logging_mixin.py:190} INFO - [2026-08-12T04:45:46.138+0000] {dag.py:3211} INFO - Sync 1 DAGs
[2026-08-12T04:45:46.167+0000] {logging_mixin.py:190} INFO - [2026-08-12T04:45:46.167+0000] {dag.py:4138} INFO - Setting next_dagrun for example_short_circuit_operator to 2026-08-11 00:00:00+00:00, run_after=2026-08-12 00:00:00+00:00
[2026-08-12T04:45:46.194+0000] {processor.py:208} INFO - Processing /home/airflow/.local/lib/python3.12/site-packages/airflow/example_dags/example_short_circuit_operator.py took 0.101 seconds
[2026-08-12T04:46:16.417+0000] {processor.py:186} INFO - Started process (PID=1714) to work on /home/airflow/.local/lib/python3.12/site-packages/airflow/example_dags/example_short_circuit_operator.py
[2026-08-12T04:46:16.420+0000] {processor.py:914} INFO - Processing file /home/airflow/.local/lib/python3.12/site-packages/airflow/example_dags/example_short_circuit_operator.py for tasks to queue
[2026-08-12T04:46:16.425+0000] {logging_mixin.py:190} INFO - [2026-08-12T04:46:16.425+0000] {dagbag.py:587} INFO - Filling up the DagBag from /home/airflow/.local/lib/python3.12/site-packages/airflow/example_dags/example_short_circuit_operator.py
[2026-08-12T04:46:16.437+0000] {processor.py:925} INFO - DAG(s) 'example_short_circuit_operator' retrieved from /home/airflow/.local/lib/python3.12/site-packages/airflow/example_dags/example_short_circuit_operator.py
[2026-08-12T04:46:16.463+0000] {logging_mixin.py:190} INFO - [2026-08-12T04:46:16.462+0000] {dag.py:3211} INFO - Sync 1 DAGs
[2026-08-12T04:46:16.487+0000] {logging_mixin.py:190} INFO - [2026-08-12T04:46:16.486+0000] {dag.py:4138} INFO - Setting next_dagrun for example_short_circuit_operator to 2026-08-11 00:00:00+00:00, run_after=2026-08-12 00:00:00+00:00
[2026-08-12T04:46:16.516+0000] {processor.py:208} INFO - Processing /home/airflow/.local/lib/python3.12/site-packages/airflow/example_dags/example_short_circuit_operator.py took 0.106 seconds
[2026-08-12T04:46:47.046+0000] {processor.py:186} INFO - Started process (PID=1776) to work on /home/airflow/.local/lib/python3.12/site-packages/airflow/example_dags/example_short_circuit_operator.py
[2026-08-12T04:46:47.049+0000] {processor.py:914} INFO - Processing file /home/airflow/.local/lib/python3.12/site-packages/airflow/example_dags/example_short_circuit_operator.py for tasks to queue
[2026-08-12T04:46:47.053+0000] {logging_mixin.py:190} INFO - [2026-08-12T04:46:47.053+0000] {dagbag.py:587} INFO - Filling up the DagBag from /home/airflow/.local/lib/python3.12/site-packages/airflow/example_dags/example_short_circuit_operator.py
[2026-08-12T04:46:47.066+0000] {processor.py:925} INFO - DAG(s) 'example_short_circuit_operator' retrieved from /home/airflow/.local/lib/python3.12/site-packages/airflow/example_dags/example_short_circuit_operator.py
[2026-08-12T04:46:47.095+0000] {logging_mixin.py:190} INFO - [2026-08-12T04:46:47.094+0000] {dag.py:3211} INFO - Sync 1 DAGs
[2026-08-12T04:46:47.121+0000] {logging_mixin.py:190} INFO - [2026-08-12T04:46:47.121+0000] {dag.py:4138} INFO - Setting next_dagrun for example_short_circuit_operator to 2026-08-11 00:00:00+00:00, run_after=2026-08-12 00:00:00+00:00
[2026-08-12T04:46:47.151+0000] {processor.py:208} INFO - Processing /home/airflow/.local/lib/python3.12/site-packages/airflow/example_dags/example_short_circuit_operator.py took 0.112 seconds
[2026-08-12T04:47:17.772+0000] {processor.py:186} INFO - Started process (PID=1839) to work on /home/airflow/.local/lib/python3.12/site-packages/airflow/example_dags/example_short_circuit_operator.py
[2026-08-12T04:47:17.775+0000] {processor.py:914} INFO - Processing file /home/airflow/.local/lib/python3.12/site-packages/airflow/example_dags/example_short_circuit_operator.py for tasks to queue
[2026-08-12T04:47:17.779+0000] {logging_mixin.py:190} INFO - [2026-08-12T04:47:17.779+0000] {dagbag.py:587} INFO - Filling up the DagBag from /home/airflow/.local/lib/python3.12/site-packages/airflow/example_dags/example_short_circuit_operator.py
[2026-08-12T04:47:17.791+0000] {processor.py:925} INFO - DAG(s) 'example_short_circuit_operator' retrieved from /home/airflow/.local/lib/python3.12/site-packages/airflow/example_dags/example_short_circuit_operator.py
[2026-08-12T04:47:17.815+0000] {logging_mixin.py:190} INFO - [2026-08-12T04:47:17.814+0000] {dag.py:3211} INFO - Sync 1 DAGs
[2026-08-12T04:47:17.841+0000] {logging_mixin.py:190} INFO - [2026-08-12T04:47:17.841+0000] {dag.py:4138} INFO - Setting next_dagrun for example_short_circuit_operator to 2026-08-11 00:00:00+00:00, run_after=2026-08-12 00:00:00+00:00
[2026-08-12T04:47:17.865+0000] {processor.py:208} INFO - Processing /home/airflow/.local/lib/python3.12/site-packages/airflow/example_dags/example_short_circuit_operator.py took 0.101 seconds
[2026-08-12T04:47:48.313+0000] {processor.py:186} INFO - Started process (PID=1901) to work on /home/airflow/.local/lib/python3.12/site-packages/airflow/example_dags/example_short_circuit_operator.py
[2026-08-12T04:47:48.316+0000] {processor.py:914} INFO - Processing file /home/airflow/.local/lib/python3.12/site-packages/airflow/example_dags/example_short_circuit_operator.py for tasks to queue
[2026-08-12T04:47:48.319+0000] {logging_mixin.py:190} INFO - [2026-08-12T04:47:48.319+0000] {dagbag.py:587} INFO - Filling up the DagBag from /home/airflow/.local/lib/python3.12/site-packages/airflow/example_dags/example_short_circuit_operator.py
[2026-08-12T04:47:48.330+0000] {processor.py:925} INFO - DAG(s) 'example_short_circuit_operator' retrieved from /home/airflow/.local/lib/python3.12/site-packages/airflow/example_dags/example_short_circuit_operator.py
[2026-08-12T04:47:48.354+0000] {logging_mixin.py:190} INFO - [2026-08-12T04:47:48.354+0000] {dag.py:3211} INFO - Sync 1 DAGs
[2026-08-12T04:47:48.378+0000] {logging_mixin.py:190} INFO - [2026-08-12T04:47:48.377+0000] {dag.py:4138} INFO - Setting next_dagrun for example_short_circuit_operator to 2026-08-11 00:00:00+00:00, run_after=2026-08-12 00:00:00+00:00
[2026-08-12T04:47:48.406+0000] {processor.py:208} INFO - Processing /home/airflow/.local/lib/python3.12/site-packages/airflow/example_dags/example_short_circuit_operator.py took 0.099 seconds
[2026-08-12T04:48:18.819+0000] {processor.py:186} INFO - Started process (PID=1963) to work on /home/airflow/.local/lib/python3.12/site-packages/airflow/example_dags/example_short_circuit_operator.py
[2026-08-12T04:48:18.822+0000] {processor.py:914} INFO - Processing file /home/airflow/.local/lib/python3.12/site-packages/airflow/example_dags/example_short_circuit_operator.py for tasks to queue
[2026-08-12T04:48:18.826+0000] {logging_mixin.py:190} INFO - [2026-08-12T04:48:18.826+0000] {dagbag.py:587} INFO - Filling up the DagBag from /home/airflow/.local/lib/python3.12/site-packages/airflow/example_dags/example_short_circuit_operator.py
[2026-08-12T04:48:18.839+0000] {processor.py:925} INFO - DAG(s) 'example_short_circuit_operator' retrieved from /home/airflow/.local/lib/python3.12/site-packages/airflow/example_dags/example_short_circuit_operator.py
[2026-08-12T04:48:18.866+0000] {logging_mixin.py:190} INFO - [2026-08-12T04:48:18.866+0000] {dag.py:3211} INFO - Sync 1 DAGs
[2026-08-12T04:48:18.892+0000] {logging_mixin.py:190} INFO - [2026-08-12T04:48:18.892+0000] {dag.py:4138} INFO - Setting next_dagrun for example_short_circuit_operator to 2026-08-11 00:00:00+00:00, run_after=2026-08-12 00:00:00+00:00
[2026-08-12T04:48:18.921+0000] {processor.py:208} INFO - Processing /home/airflow/.local/lib/python3.12/site-packages/airflow/example_dags/example_short_circuit_operator.py took 0.108 seconds
[2026-08-12T04:48:49.170+0000] {processor.py:186} INFO - Started process (PID=2024) to work on /home/airflow/.local/lib/python3.12/site-packages/airflow/example_dags/example_short_circuit_operator.py
[2026-08-12T04:48:49.173+0000] {processor.py:914} INFO - Processing file /home/airflow/.local/lib/python3.12/site-packages/airflow/example_dags/example_short_circuit_operator.py for tasks to queue
[2026-08-12T04:48:49.177+0000] {logging_mixin.py:190} INFO - [2026-08-12T04:48:49.177+0000] {dagbag.py:587} INFO - Filling up the DagBag from /home/airflow/.local/lib/python3.12/site-packages/airflow/example_dags/example_short_circuit_operator.py
[2026-08-12T04:48:49.188+0000] {processor.py:925} INFO - DAG(s) 'example_short_circuit_operator' retrieved from /home/airflow/.local/lib/python3.12/site-packages/airflow/example_dags/example_short_circuit_operator.py
[2026-08-12T04:48:49.214+0000] {logging_mixin.py:190} INFO - [2026-08-12T04:48:49.214+0000] {dag.py:3211} INFO - Sync 1 DAGs
[2026-08-12T04:48:49.256+0000] {logging_mixin.py:190} INFO - [2026-08-12T04:48:49.256+0000] {dag.py:4138} INFO - Setting next_dagrun for example_short_circuit_operator to 2026-08-11 00:00:00+00:00, run_after=2026-08-12 00:00:00+00:00
[2026-08-12T04:48:49.278+0000] {processor.py:208} INFO - Processing /home/airflow/.local/lib/python3.12/site-packages/airflow/example_dags/example_short_circuit_operator.py took 0.114 seconds
[2026-08-12T04:49:19.854+0000] {processor.py:186} INFO - Started process (PID=2087) to work on /home/airflow/.local/lib/python3.12/site-packages/airflow/example_dags/example_short_circuit_operator.py
[2026-08-12T04:49:19.856+0000] {processor.py:914} INFO - Processing file /home/airflow/.local/lib/python3.12/site-packages/airflow/example_dags/example_short_circuit_operator.py for tasks to queue
[2026-08-12T04:49:19.860+0000] {logging_mixin.py:190} INFO - [2026-08-12T04:49:19.859+0000] {dagbag.py:587} INFO - Filling up the DagBag from /home/airflow/.local/lib/python3.12/site-packages/airflow/example_dags/example_short_circuit_operator.py
[2026-08-12T04:49:19.870+0000] {processor.py:925} INFO - DAG(s) 'example_short_circuit_operator' retrieved from /home/airflow/.local/lib/python3.12/site-packages/airflow/example_dags/example_short_circuit_operator.py
[2026-08-12T04:49:19.898+0000] {logging_mixin.py:190} INFO - [2026-08-12T04:49:19.898+0000] {dag.py:3211} INFO - Sync 1 DAGs
[2026-08-12T04:49:19.925+0000] {logging_mixin.py:190} INFO - [2026-08-12T04:49:19.925+0000] {dag.py:4138} INFO - Setting next_dagrun for example_short_circuit_operator to 2026-08-11 00:00:00+00:00, run_after=2026-08-12 00:00:00+00:00
[2026-08-12T04:49:19.952+0000] {processor.py:208} INFO - Processing /home/airflow/.local/lib/python3.12/site-packages/airflow/example_dags/example_short_circuit_operator.py took 0.104 seconds
[2026-08-12T04:49:50.528+0000] {processor.py:186} INFO - Started process (PID=2149) to work on /home/airflow/.local/lib/python3.12/site-packages/airflow/example_dags/example_short_circuit_operator.py
[2026-08-12T04:49:50.531+0000] {processor.py:914} INFO - Processing file /home/airflow/.local/lib/python3.12/site-packages/airflow/example_dags/example_short_circuit_operator.py for tasks to queue
[2026-08-12T04:49:50.535+0000] {logging_mixin.py:190} INFO - [2026-08-12T04:49:50.534+0000] {dagbag.py:587} INFO - Filling up the DagBag from /home/airflow/.local/lib/python3.12/site-packages/airflow/example_dags/example_short_circuit_operator.py
[2026-08-12T04:49:50.545+0000] {processor.py:925} INFO - DAG(s) 'example_short_circuit_operator' retrieved from /home/airflow/.local/lib/python3.12/site-packages/airflow/example_dags/example_short_circuit_operator.py
[2026-08-12T04:49:50.569+0000] {logging_mixin.py:190} INFO - [2026-08-12T04:49:50.569+0000] {dag.py:3211} INFO - Sync 1 DAGs
[2026-08-12T04:49:50.598+0000] {logging_mixin.py:190} INFO - [2026-08-12T04:49:50.598+0000] {dag.py:4138} INFO - Setting next_dagrun for example_short_circuit_operator to 2026-08-11 00:00:00+00:00, run_after=2026-08-12 00:00:00+00:00
[2026-08-12T04:49:50.623+0000] {processor.py:208} INFO - Processing /home/airflow/.local/lib/python3.12/site-packages/airflow/example_dags/example_short_circuit_operator.py took 0.101 seconds
[2026-08-12T04:50:21.336+0000] {processor.py:186} INFO - Started process (PID=2211) to work on /home/airflow/.local/lib/python3.12/site-packages/airflow/example_dags/example_short_circuit_operator.py
[2026-08-12T04:50:21.340+0000] {processor.py:914} INFO - Processing file /home/airflow/.local/lib/python3.12/site-packages/airflow/example_dags/example_short_circuit_operator.py for tasks to queue
[2026-08-12T04:50:21.345+0000] {logging_mixin.py:190} INFO - [2026-08-12T04:50:21.345+0000] {dagbag.py:587} INFO - Filling up the DagBag from /home/airflow/.local/lib/python3.12/site-packages/airflow/example_dags/example_short_circuit_operator.py
[2026-08-12T04:50:21.357+0000] {processor.py:925} INFO - DAG(s) 'example_short_circuit_operator' retrieved from /home/airflow/.local/lib/python3.12/site-packages/airflow/example_dags/example_short_circuit_operator.py
[2026-08-12T04:50:21.381+0000] {logging_mixin.py:190} INFO - [2026-08-12T04:50:21.381+0000] {dag.py:3211} INFO - Sync 1 DAGs
[2026-08-12T04:50:21.405+0000] {logging_mixin.py:190} INFO - [2026-08-12T04:50:21.404+0000] {dag.py:4138} INFO - Setting next_dagrun for example_short_circuit_operator to 2026-08-11 00:00:00+00:00, run_after=2026-08-12 00:00:00+00:00
[2026-08-12T04:50:21.432+0000] {processor.py:208} INFO - Processing /home/airflow/.local/lib/python3.12/site-packages/airflow/example_dags/example_short_circuit_operator.py took 0.104 seconds
[2026-08-12T04:50:52.072+0000] {processor.py:186} INFO - Started process (PID=2273) to work on /home/airflow/.local/lib/python3.12/site-packages/airflow/example_dags/example_short_circuit_operator.py
[2026-08-12T04:50:52.075+0000] {processor.py:914} INFO - Processing file /home/airflow/.local/lib/python3.12/site-packages/airflow/example_dags/example_short_circuit_operator.py for tasks to queue
[2026-08-12T04:50:52.080+0000] {logging_mixin.py:190} INFO - [2026-08-12T04:50:52.079+0000] {dagbag.py:587} INFO - Filling up the DagBag from /home/airflow/.local/lib/python3.12/site-packages/airflow/example_dags/example_short_circuit_operator.py
[2026-08-12T04:50:52.090+0000] {processor.py:925} INFO - DAG(s) 'example_short_circuit_operator' retrieved from /home/airflow/.local/lib/python3.12/site-packages/airflow/example_dags/example_short_circuit_operator.py
[2026-08-12T04:50:52.115+0000] {logging_mixin.py:190} INFO - [2026-08-12T04:50:52.115+0000] {dag.py:3211} INFO - Sync 1 DAGs
[2026-08-12T04:50:52.139+0000] {logging_mixin.py:190} INFO - [2026-08-12T04:50:52.139+0000] {dag.py:4138} INFO - Setting next_dagrun for example_short_circuit_operator to 2026-08-11 00:00:00+00:00, run_after=2026-08-12 00:00:00+00:00
[2026-08-12T04:50:52.160+0000] {processor.py:208} INFO - Processing /home/airflow/.local/lib/python3.12/site-packages/airflow/example_dags/example_short_circuit_operator.py took 0.094 seconds
[2026-08-12T04:51:22.567+0000] {processor.py:186} INFO - Started process (PID=2335) to work on /home/airflow/.local/lib/python3.12/site-packages/airflow/example_dags/example_short_circuit_operator.py
[2026-08-12T04:51:22.570+0000] {processor.py:914} INFO - Processing file /home/airflow/.local/lib/python3.12/site-packages/airflow/example_dags/example_short_circuit_operator.py for tasks to queue
[2026-08-12T04:51:22.574+0000] {logging_mixin.py:190} INFO - [2026-08-12T04:51:22.573+0000] {dagbag.py:587} INFO - Filling up the DagBag from /home/airflow/.local/lib/python3.12/site-packages/airflow/example_dags/example_short_circuit_operator.py
[2026-08-12T04:51:22.588+0000] {processor.py:925} INFO - DAG(s) 'example_short_circuit_operator' retrieved from /home/airflow/.local/lib/python3.12/site-packages/airflow/example_dags/example_short_circuit_operator.py
[2026-08-12T04:51:22.614+0000] {logging_mixin.py:190} INFO - [2026-08-12T04:51:22.614+0000] {dag.py:3211} INFO - Sync 1 DAGs
[2026-08-12T04:51:22.642+0000] {logging_mixin.py:190} INFO - [2026-08-12T04:51:22.642+0000] {dag.py:4138} INFO - Setting next_dagrun for example_short_circuit_operator to 2026-08-11 00:00:00+00:00, run_after=2026-08-12 00:00:00+00:00
[2026-08-12T04:51:22.669+0000] {processor.py:208} INFO - Processing /home/airflow/.local/lib/python3.12/site-packages/airflow/example_dags/example_short_circuit_operator.py took 0.110 seconds
[2026-08-12T04:51:53.724+0000] {processor.py:186} INFO - Started process (PID=2397) to work on /home/airflow/.local/lib/python3.12/site-packages/airflow/example_dags/example_short_circuit_operator.py
[2026-08-12T04:51:53.726+0000] {processor.py:914} INFO - Processing file /home/airflow/.local/lib/python3.12/site-packages/airflow/example_dags/example_short_circuit_operator.py for tasks to queue
[2026-08-12T04:51:53.730+0000] {logging_mixin.py:190} INFO - [2026-08-12T04:51:53.730+0000] {dagbag.py:587} INFO - Filling up the DagBag from /home/airflow/.local/lib/python3.12/site-packages/airflow/example_dags/example_short_circuit_operator.py
[2026-08-12T04:51:53.740+0000] {processor.py:925} INFO - DAG(s) 'example_short_circuit_operator' retrieved from /home/airflow/.local/lib/python3.12/site-packages/airflow/example_dags/example_short_circuit_operator.py
[2026-08-12T04:51:53.764+0000] {logging_mixin.py:190} INFO - [2026-08-12T04:51:53.764+0000] {dag.py:3211} INFO - Sync 1 DAGs
[2026-08-12T04:51:53.788+0000] {logging_mixin.py:190} INFO - [2026-08-12T04:51:53.788+0000] {dag.py:4138} INFO - Setting next_dagrun for example_short_circuit_operator to 2026-08-11 00:00:00+00:00, run_after=2026-08-12 00:00:00+00:00
[2026-08-12T04:51:53.812+0000] {processor.py:208} INFO - Processing /home/airflow/.local/lib/python3.12/site-packages/airflow/example_dags/example_short_circuit_operator.py took 0.094 seconds
[2026-08-12T04:52:24.497+0000] {processor.py:186} INFO - Started process (PID=2459) to work on /home/airflow/.local/lib/python3.12/site-packages/airflow/example_dags/example_short_circuit_operator.py
[2026-08-12T04:52:24.499+0000] {processor.py:914} INFO - Processing file /home/airflow/.local/lib/python3.12/site-packages/airflow/example_dags/example_short_circuit_operator.py for tasks to queue
[2026-08-12T04:52:24.505+0000] {logging_mixin.py:190} INFO - [2026-08-12T04:52:24.504+0000] {dagbag.py:587} INFO - Filling up the DagBag from /home/airflow/.local/lib/python3.12/site-packages/airflow/example_dags/example_short_circuit_operator.py
[2026-08-12T04:52:24.520+0000] {processor.py:925} INFO - DAG(s) 'example_short_circuit_operator' retrieved from /home/airflow/.local/lib/python3.12/site-packages/airflow/example_dags/example_short_circuit_operator.py
[2026-08-12T04:52:24.547+0000] {logging_mixin.py:190} INFO - [2026-08-12T04:52:24.546+0000] {dag.py:3211} INFO - Sync 1 DAGs
[2026-08-12T04:52:24.574+0000] {logging_mixin.py:190} INFO - [2026-08-12T04:52:24.573+0000] {dag.py:4138} INFO - Setting next_dagrun for example_short_circuit_operator to 2026-08-11 00:00:00+00:00, run_after=2026-08-12 00:00:00+00:00
[2026-08-12T04:52:24.602+0000] {processor.py:208} INFO - Processing /home/airflow/.local/lib/python3.12/site-packages/airflow/example_dags/example_short_circuit_operator.py took 0.115 seconds
[2026-08-12T04:52:55.405+0000] {processor.py:186} INFO - Started process (PID=2529) to work on /home/airflow/.local/lib/python3.12/site-packages/airflow/example_dags/example_short_circuit_operator.py
[2026-08-12T04:52:55.407+0000] {processor.py:914} INFO - Processing file /home/airflow/.local/lib/python3.12/site-packages/airflow/example_dags/example_short_circuit_operator.py for tasks to queue
[2026-08-12T04:52:55.411+0000] {logging_mixin.py:190} INFO - [2026-08-12T04:52:55.411+0000] {dagbag.py:587} INFO - Filling up the DagBag from /home/airflow/.local/lib/python3.12/site-packages/airflow/example_dags/example_short_circuit_operator.py
[2026-08-12T04:52:55.424+0000] {processor.py:925} INFO - DAG(s) 'example_short_circuit_operator' retrieved from /home/airflow/.local/lib/python3.12/site-packages/airflow/example_dags/example_short_circuit_operator.py
[2026-08-12T04:52:55.447+0000] {logging_mixin.py:190} INFO - [2026-08-12T04:52:55.447+0000] {dag.py:3211} INFO - Sync 1 DAGs
[2026-08-12T04:52:55.471+0000] {logging_mixin.py:190} INFO - [2026-08-12T04:52:55.471+0000] {dag.py:4138} INFO - Setting next_dagrun for example_short_circuit_operator to 2026-08-11 00:00:00+00:00, run_after=2026-08-12 00:00:00+00:00
[2026-08-12T04:52:55.494+0000] {processor.py:208} INFO - Processing /home/airflow/.local/lib/python3.12/site-packages/airflow/example_dags/example_short_circuit_operator.py took 0.095 seconds
[2026-08-12T04:53:26.329+0000] {processor.py:186} INFO - Started process (PID=2592) to work on /home/airflow/.local/lib/python3.12/site-packages/airflow/example_dags/example_short_circuit_operator.py
[2026-08-12T04:53:26.331+0000] {processor.py:914} INFO - Processing file /home/airflow/.local/lib/python3.12/site-packages/airflow/example_dags/example_short_circuit_operator.py for tasks to queue
[2026-08-12T04:53:26.335+0000] {logging_mixin.py:190} INFO - [2026-08-12T04:53:26.335+0000] {dagbag.py:587} INFO - Filling up the DagBag from /home/airflow/.local/lib/python3.12/site-packages/airflow/example_dags/example_short_circuit_operator.py
[2026-08-12T04:53:26.347+0000] {processor.py:925} INFO - DAG(s) 'example_short_circuit_operator' retrieved from /home/airflow/.local/lib/python3.12/site-packages/airflow/example_dags/example_short_circuit_operator.py
[2026-08-12T04:53:26.373+0000] {logging_mixin.py:190} INFO - [2026-08-12T04:53:26.373+0000] {dag.py:3211} INFO - Sync 1 DAGs
[2026-08-12T04:53:26.402+0000] {logging_mixin.py:190} INFO - [2026-08-12T04:53:26.402+0000] {dag.py:4138} INFO - Setting next_dagrun for example_short_circuit_operator to 2026-08-11 00:00:00+00:00, run_after=2026-08-12 00:00:00+00:00
[2026-08-12T04:53:26.425+0000] {processor.py:208} INFO - Processing /home/airflow/.local/lib/python3.12/site-packages/airflow/example_dags/example_short_circuit_operator.py took 0.101 seconds
[2026-08-12T04:53:56.920+0000] {processor.py:186} INFO - Started process (PID=2655) to work on /home/airflow/.local/lib/python3.12/site-packages/airflow/example_dags/example_short_circuit_operator.py
[2026-08-12T04:53:56.922+0000] {processor.py:914} INFO - Processing file /home/airflow/.local/lib/python3.12/site-packages/airflow/example_dags/example_short_circuit_operator.py for tasks to queue
[2026-08-12T04:53:56.926+0000] {logging_mixin.py:190} INFO - [2026-08-12T04:53:56.926+0000] {dagbag.py:587} INFO - Filling up the DagBag from /home/airflow/.local/lib/python3.12/site-packages/airflow/example_dags/example_short_circuit_operator.py
[2026-08-12T04:53:56.937+0000] {processor.py:925} INFO - DAG(s) 'example_short_circuit_operator' retrieved from /home/airflow/.local/lib/python3.12/site-packages/airflow/example_dags/example_short_circuit_operator.py
[2026-08-12T04:53:56.961+0000] {logging_mixin.py:190} INFO - [2026-08-12T04:53:56.961+0000] {dag.py:3211} INFO - Sync 1 DAGs
[2026-08-12T04:53:56.986+0000] {logging_mixin.py:190} INFO - [2026-08-12T04:53:56.986+0000] {dag.py:4138} INFO - Setting next_dagrun for example_short_circuit_operator to 2026-08-11 00:00:00+00:00, run_after=2026-08-12 00:00:00+00:00
[2026-08-12T04:53:57.007+0000] {processor.py:208} INFO - Processing /home/airflow/.local/lib/python3.12/site-packages/airflow/example_dags/example_short_circuit_operator.py took 0.094 seconds
[2026-08-12T04:54:27.967+0000] {processor.py:186} INFO - Started process (PID=2717) to work on /home/airflow/.local/lib/python3.12/site-packages/airflow/example_dags/example_short_circuit_operator.py
[2026-08-12T04:54:27.970+0000] {processor.py:914} INFO - Processing file /home/airflow/.local/lib/python3.12/site-packages/airflow/example_dags/example_short_circuit_operator.py for tasks to queue
[2026-08-12T04:54:27.973+0000] {logging_mixin.py:190} INFO - [2026-08-12T04:54:27.973+0000] {dagbag.py:587} INFO - Filling up the DagBag from /home/airflow/.local/lib/python3.12/site-packages/airflow/example_dags/example_short_circuit_operator.py
[2026-08-12T04:54:27.982+0000] {processor.py:925} INFO - DAG(s) 'example_short_circuit_operator' retrieved from /home/airflow/.local/lib/python3.12/site-packages/airflow/example_dags/example_short_circuit_operator.py
[2026-08-12T04:54:28.009+0000] {logging_mixin.py:190} INFO - [2026-08-12T04:54:28.009+0000] {dag.py:3211} INFO - Sync 1 DAGs
[2026-08-12T04:54:28.038+0000] {logging_mixin.py:190} INFO - [2026-08-12T04:54:28.038+0000] {dag.py:4138} INFO - Setting next_dagrun for example_short_circuit_operator to 2026-08-11 00:00:00+00:00, run_after=2026-08-12 00:00:00+00:00
[2026-08-12T04:54:28.059+0000] {processor.py:208} INFO - Processing /home/airflow/.local/lib/python3.12/site-packages/airflow/example_dags/example_short_circuit_operator.py took 0.098 seconds
[2026-08-12T04:54:58.348+0000] {processor.py:186} INFO - Started process (PID=2780) to work on /home/airflow/.local/lib/python3.12/site-packages/airflow/example_dags/example_short_circuit_operator.py
[2026-08-12T04:54:58.350+0000] {processor.py:914} INFO - Processing file /home/airflow/.local/lib/python3.12/site-packages/airflow/example_dags/example_short_circuit_operator.py for tasks to queue
[2026-08-12T04:54:58.354+0000] {logging_mixin.py:190} INFO - [2026-08-12T04:54:58.354+0000] {dagbag.py:587} INFO - Filling up the DagBag from /home/airflow/.local/lib/python3.12/site-packages/airflow/example_dags/example_short_circuit_operator.py
[2026-08-12T04:54:58.365+0000] {processor.py:925} INFO - DAG(s) 'example_short_circuit_operator' retrieved from /home/airflow/.local/lib/python3.12/site-packages/airflow/example_dags/example_short_circuit_operator.py
[2026-08-12T04:54:58.389+0000] {logging_mixin.py:190} INFO - [2026-08-12T04:54:58.389+0000] {dag.py:3211} INFO - Sync 1 DAGs
[2026-08-12T04:54:58.415+0000] {logging_mixin.py:190} INFO - [2026-08-12T04:54:58.414+0000] {dag.py:4138} INFO - Setting next_dagrun for example_short_circuit_operator to 2026-08-11 00:00:00+00:00, run_after=2026-08-12 00:00:00+00:00
[2026-08-12T04:54:58.439+0000] {processor.py:208} INFO - Processing /home/airflow/.local/lib/python3.12/site-packages/airflow/example_dags/example_short_circuit_operator.py took 0.098 seconds
[2026-08-12T04:55:29.359+0000] {processor.py:186} INFO - Started process (PID=2843) to work on /home/airflow/.local/lib/python3.12/site-packages/airflow/example_dags/example_short_circuit_operator.py
[2026-08-12T04:55:29.361+0000] {processor.py:914} INFO - Processing file /home/airflow/.local/lib/python3.12/site-packages/airflow/example_dags/example_short_circuit_operator.py for tasks to queue
[2026-08-12T04:55:29.366+0000] {logging_mixin.py:190} INFO - [2026-08-12T04:55:29.365+0000] {dagbag.py:587} INFO - Filling up the DagBag from /home/airflow/.local/lib/python3.12/site-packages/airflow/example_dags/example_short_circuit_operator.py
[2026-08-12T04:55:29.377+0000] {processor.py:925} INFO - DAG(s) 'example_short_circuit_operator' retrieved from /home/airflow/.local/lib/python3.12/site-packages/airflow/example_dags/example_short_circuit_operator.py
[2026-08-12T04:55:29.405+0000] {logging_mixin.py:190} INFO - [2026-08-12T04:55:29.405+0000] {dag.py:3211} INFO - Sync 1 DAGs
[2026-08-12T04:55:29.429+0000] {logging_mixin.py:190} INFO - [2026-08-12T04:55:29.429+0000] {dag.py:4138} INFO - Setting next_dagrun for example_short_circuit_operator to 2026-08-11 00:00:00+00:00, run_after=2026-08-12 00:00:00+00:00
[2026-08-12T04:55:29.456+0000] {processor.py:208} INFO - Processing /home/airflow/.local/lib/python3.12/site-packages/airflow/example_dags/example_short_circuit_operator.py took 0.103 seconds
[2026-08-12T04:56:00.389+0000] {processor.py:186} INFO - Started process (PID=2906) to work on /home/airflow/.local/lib/python3.12/site-packages/airflow/example_dags/example_short_circuit_operator.py
[2026-08-12T04:56:00.392+0000] {processor.py:914} INFO - Processing file /home/airflow/.local/lib/python3.12/site-packages/airflow/example_dags/example_short_circuit_operator.py for tasks to queue
[2026-08-12T04:56:00.395+0000] {logging_mixin.py:190} INFO - [2026-08-12T04:56:00.395+0000] {dagbag.py:587} INFO - Filling up the DagBag from /home/airflow/.local/lib/python3.12/site-packages/airflow/example_dags/example_short_circuit_operator.py
[2026-08-12T04:56:00.406+0000] {processor.py:925} INFO - DAG(s) 'example_short_circuit_operator' retrieved from /home/airflow/.local/lib/python3.12/site-packages/airflow/example_dags/example_short_circuit_operator.py
[2026-08-12T04:56:00.431+0000] {logging_mixin.py:190} INFO - [2026-08-12T04:56:00.430+0000] {dag.py:3211} INFO - Sync 1 DAGs
[2026-08-12T04:56:00.457+0000] {logging_mixin.py:190} INFO - [2026-08-12T04:56:00.457+0000] {dag.py:4138} INFO - Setting next_dagrun for example_short_circuit_operator to 2026-08-11 00:00:00+00:00, run_after=2026-08-12 00:00:00+00:00
[2026-08-12T04:56:00.483+0000] {processor.py:208} INFO - Processing /home/airflow/.local/lib/python3.12/site-packages/airflow/example_dags/example_short_circuit_operator.py took 0.100 seconds
[2026-08-12T04:56:30.952+0000] {processor.py:186} INFO - Started process (PID=2969) to work on /home/airflow/.local/lib/python3.12/site-packages/airflow/example_dags/example_short_circuit_operator.py
[2026-08-12T04:56:30.955+0000] {processor.py:914} INFO - Processing file /home/airflow/.local/lib/python3.12/site-packages/airflow/example_dags/example_short_circuit_operator.py for tasks to queue
[2026-08-12T04:56:30.959+0000] {logging_mixin.py:190} INFO - [2026-08-12T04:56:30.959+0000] {dagbag.py:587} INFO - Filling up the DagBag from /home/airflow/.local/lib/python3.12/site-packages/airflow/example_dags/example_short_circuit_operator.py
[2026-08-12T04:56:30.970+0000] {processor.py:925} INFO - DAG(s) 'example_short_circuit_operator' retrieved from /home/airflow/.local/lib/python3.12/site-packages/airflow/example_dags/example_short_circuit_operator.py
[2026-08-12T04:56:30.995+0000] {logging_mixin.py:190} INFO - [2026-08-12T04:56:30.994+0000] {dag.py:3211} INFO - Sync 1 DAGs
[2026-08-12T04:56:31.020+0000] {logging_mixin.py:190} INFO - [2026-08-12T04:56:31.020+0000] {dag.py:4138} INFO - Setting next_dagrun for example_short_circuit_operator to 2026-08-11 00:00:00+00:00, run_after=2026-08-12 00:00:00+00:00
[2026-08-12T04:56:31.041+0000] {processor.py:208} INFO - Processing /home/airflow/.local/lib/python3.12/site-packages/airflow/example_dags/example_short_circuit_operator.py took 0.094 seconds
[2026-08-12T04:57:01.688+0000] {processor.py:186} INFO - Started process (PID=3032) to work on /home/airflow/.local/lib/python3.12/site-packages/airflow/example_dags/example_short_circuit_operator.py
[2026-08-12T04:57:01.690+0000] {processor.py:914} INFO - Processing file /home/airflow/.local/lib/python3.12/site-packages/airflow/example_dags/example_short_circuit_operator.py for tasks to queue
[2026-08-12T04:57:01.695+0000] {logging_mixin.py:190} INFO - [2026-08-12T04:57:01.694+0000] {dagbag.py:587} INFO - Filling up the DagBag from /home/airflow/.local/lib/python3.12/site-packages/airflow/example_dags/example_short_circuit_operator.py
[2026-08-12T04:57:01.706+0000] {processor.py:925} INFO - DAG(s) 'example_short_circuit_operator' retrieved from /home/airflow/.local/lib/python3.12/site-packages/airflow/example_dags/example_short_circuit_operator.py
[2026-08-12T04:57:01.730+0000] {logging_mixin.py:190} INFO - [2026-08-12T04:57:01.730+0000] {dag.py:3211} INFO - Sync 1 DAGs
[2026-08-12T04:57:01.759+0000] {logging_mixin.py:190} INFO - [2026-08-12T04:57:01.759+0000] {dag.py:4138} INFO - Setting next_dagrun for example_short_circuit_operator to 2026-08-11 00:00:00+00:00, run_after=2026-08-12 00:00:00+00:00
[2026-08-12T04:57:01.780+0000] {processor.py:208} INFO - Processing /home/airflow/.local/lib/python3.12/site-packages/airflow/example_dags/example_short_circuit_operator.py took 0.100 seconds
[2026-08-12T04:57:32.823+0000] {processor.py:186} INFO - Started process (PID=3095) to work on /home/airflow/.local/lib/python3.12/site-packages/airflow/example_dags/example_short_circuit_operator.py
[2026-08-12T04:57:32.826+0000] {processor.py:914} INFO - Processing file /home/airflow/.local/lib/python3.12/site-packages/airflow/example_dags/example_short_circuit_operator.py for tasks to queue
[2026-08-12T04:57:32.831+0000] {logging_mixin.py:190} INFO - [2026-08-12T04:57:32.830+0000] {dagbag.py:587} INFO - Filling up the DagBag from /home/airflow/.local/lib/python3.12/site-packages/airflow/example_dags/example_short_circuit_operator.py
[2026-08-12T04:57:32.844+0000] {processor.py:925} INFO - DAG(s) 'example_short_circuit_operator' retrieved from /home/airflow/.local/lib/python3.12/site-packages/airflow/example_dags/example_short_circuit_operator.py
[2026-08-12T04:57:32.874+0000] {logging_mixin.py:190} INFO - [2026-08-12T04:57:32.874+0000] {dag.py:3211} INFO - Sync 1 DAGs
[2026-08-12T04:57:32.903+0000] {logging_mixin.py:190} INFO - [2026-08-12T04:57:32.903+0000] {dag.py:4138} INFO - Setting next_dagrun for example_short_circuit_operator to 2026-08-11 00:00:00+00:00, run_after=2026-08-12 00:00:00+00:00
[2026-08-12T04:57:32.938+0000] {processor.py:208} INFO - Processing /home/airflow/.local/lib/python3.12/site-packages/airflow/example_dags/example_short_circuit_operator.py took 0.122 seconds
[2026-08-12T04:58:03.641+0000] {processor.py:186} INFO - Started process (PID=3158) to work on /home/airflow/.local/lib/python3.12/site-packages/airflow/example_dags/example_short_circuit_operator.py
[2026-08-12T04:58:03.643+0000] {processor.py:914} INFO - Processing file /home/airflow/.local/lib/python3.12/site-packages/airflow/example_dags/example_short_circuit_operator.py for tasks to queue
[2026-08-12T04:58:03.648+0000] {logging_mixin.py:190} INFO - [2026-08-12T04:58:03.647+0000] {dagbag.py:587} INFO - Filling up the DagBag from /home/airflow/.local/lib/python3.12/site-packages/airflow/example_dags/example_short_circuit_operator.py
[2026-08-12T04:58:03.658+0000] {processor.py:925} INFO - DAG(s) 'example_short_circuit_operator' retrieved from /home/airflow/.local/lib/python3.12/site-packages/airflow/example_dags/example_short_circuit_operator.py
[2026-08-12T04:58:03.682+0000] {logging_mixin.py:190} INFO - [2026-08-12T04:58:03.682+0000] {dag.py:3211} INFO - Sync 1 DAGs
[2026-08-12T04:58:03.708+0000] {logging_mixin.py:190} INFO - [2026-08-12T04:58:03.708+0000] {dag.py:4138} INFO - Setting next_dagrun for example_short_circuit_operator to 2026-08-11 00:00:00+00:00, run_after=2026-08-12 00:00:00+00:00
[2026-08-12T04:58:03.729+0000] {processor.py:208} INFO - Processing /home/airflow/.local/lib/python3.12/site-packages/airflow/example_dags/example_short_circuit_operator.py took 0.093 seconds
[2026-08-12T04:58:34.827+0000] {processor.py:186} INFO - Started process (PID=3221) to work on /home/airflow/.local/lib/python3.12/site-packages/airflow/example_dags/example_short_circuit_operator.py
[2026-08-12T04:58:34.829+0000] {processor.py:914} INFO - Processing file /home/airflow/.local/lib/python3.12/site-packages/airflow/example_dags/example_short_circuit_operator.py for tasks to queue
[2026-08-12T04:58:34.833+0000] {logging_mixin.py:190} INFO - [2026-08-12T04:58:34.832+0000] {dagbag.py:587} INFO - Filling up the DagBag from /home/airflow/.local/lib/python3.12/site-packages/airflow/example_dags/example_short_circuit_operator.py
[2026-08-12T04:58:34.843+0000] {processor.py:925} INFO - DAG(s) 'example_short_circuit_operator' retrieved from /home/airflow/.local/lib/python3.12/site-packages/airflow/example_dags/example_short_circuit_operator.py
[2026-08-12T04:58:34.867+0000] {logging_mixin.py:190} INFO - [2026-08-12T04:58:34.867+0000] {dag.py:3211} INFO - Sync 1 DAGs
[2026-08-12T04:58:34.893+0000] {logging_mixin.py:190} INFO - [2026-08-12T04:58:34.893+0000] {dag.py:4138} INFO - Setting next_dagrun for example_short_circuit_operator to 2026-08-11 00:00:00+00:00, run_after=2026-08-12 00:00:00+00:00
[2026-08-12T04:58:34.917+0000] {processor.py:208} INFO - Processing /home/airflow/.local/lib/python3.12/site-packages/airflow/example_dags/example_short_circuit_operator.py took 0.096 seconds
[2026-08-12T04:59:06.098+0000] {processor.py:186} INFO - Started process (PID=3284) to work on /home/airflow/.local/lib/python3.12/site-packages/airflow/example_dags/example_short_circuit_operator.py
[2026-08-12T04:59:06.101+0000] {processor.py:914} INFO - Processing file /home/airflow/.local/lib/python3.12/site-packages/airflow/example_dags/example_short_circuit_operator.py for tasks to queue
[2026-08-12T04:59:06.105+0000] {logging_mixin.py:190} INFO - [2026-08-12T04:59:06.105+0000] {dagbag.py:587} INFO - Filling up the DagBag from /home/airflow/.local/lib/python3.12/site-packages/airflow/example_dags/example_short_circuit_operator.py
[2026-08-12T04:59:06.116+0000] {processor.py:925} INFO - DAG(s) 'example_short_circuit_operator' retrieved from /home/airflow/.local/lib/python3.12/site-packages/airflow/example_dags/example_short_circuit_operator.py
[2026-08-12T04:59:06.142+0000] {logging_mixin.py:190} INFO - [2026-08-12T04:59:06.142+0000] {dag.py:3211} INFO - Sync 1 DAGs
[2026-08-12T04:59:06.168+0000] {logging_mixin.py:190} INFO - [2026-08-12T04:59:06.168+0000] {dag.py:4138} INFO - Setting next_dagrun for example_short_circuit_operator to 2026-08-11 00:00:00+00:00, run_after=2026-08-12 00:00:00+00:00
[2026-08-12T04:59:06.190+0000] {processor.py:208} INFO - Processing /home/airflow/.local/lib/python3.12/site-packages/airflow/example_dags/example_short_circuit_operator.py took 0.097 seconds
[2026-08-12T04:59:36.918+0000] {processor.py:186} INFO - Started process (PID=3347) to work on /home/airflow/.local/lib/python3.12/site-packages/airflow/example_dags/example_short_circuit_operator.py
[2026-08-12T04:59:36.920+0000] {processor.py:914} INFO - Processing file /home/airflow/.local/lib/python3.12/site-packages/airflow/example_dags/example_short_circuit_operator.py for tasks to queue
[2026-08-12T04:59:36.924+0000] {logging_mixin.py:190} INFO - [2026-08-12T04:59:36.924+0000] {dagbag.py:587} INFO - Filling up the DagBag from /home/airflow/.local/lib/python3.12/site-packages/airflow/example_dags/example_short_circuit_operator.py
[2026-08-12T04:59:36.935+0000] {processor.py:925} INFO - DAG(s) 'example_short_circuit_operator' retrieved from /home/airflow/.local/lib/python3.12/site-packages/airflow/example_dags/example_short_circuit_operator.py
[2026-08-12T04:59:36.963+0000] {logging_mixin.py:190} INFO - [2026-08-12T04:59:36.962+0000] {dag.py:3211} INFO - Sync 1 DAGs
[2026-08-12T04:59:36.989+0000] {logging_mixin.py:190} INFO - [2026-08-12T04:59:36.989+0000] {dag.py:4138} INFO - Setting next_dagrun for example_short_circuit_operator to 2026-08-11 00:00:00+00:00, run_after=2026-08-12 00:00:00+00:00
[2026-08-12T04:59:37.015+0000] {processor.py:208} INFO - Processing /home/airflow/.local/lib/python3.12/site-packages/airflow/example_dags/example_short_circuit_operator.py took 0.103 seconds
[2026-08-12T05:00:07.646+0000] {processor.py:186} INFO - Started process (PID=3410) to work on /home/airflow/.local/lib/python3.12/site-packages/airflow/example_dags/example_short_circuit_operator.py
[2026-08-12T05:00:07.649+0000] {processor.py:914} INFO - Processing file /home/airflow/.local/lib/python3.12/site-packages/airflow/example_dags/example_short_circuit_operator.py for tasks to queue
[2026-08-12T05:00:07.654+0000] {logging_mixin.py:190} INFO - [2026-08-12T05:00:07.652+0000] {dagbag.py:587} INFO - Filling up the DagBag from /home/airflow/.local/lib/python3.12/site-packages/airflow/example_dags/example_short_circuit_operator.py
[2026-08-12T05:00:07.667+0000] {processor.py:925} INFO - DAG(s) 'example_short_circuit_operator' retrieved from /home/airflow/.local/lib/python3.12/site-packages/airflow/example_dags/example_short_circuit_operator.py
[2026-08-12T05:00:07.694+0000] {logging_mixin.py:190} INFO - [2026-08-12T05:00:07.693+0000] {dag.py:3211} INFO - Sync 1 DAGs
[2026-08-12T05:00:07.717+0000] {logging_mixin.py:190} INFO - [2026-08-12T05:00:07.717+0000] {dag.py:4138} INFO - Setting next_dagrun for example_short_circuit_operator to 2026-08-11 00:00:00+00:00, run_after=2026-08-12 00:00:00+00:00
[2026-08-12T05:00:07.747+0000] {processor.py:208} INFO - Processing /home/airflow/.local/lib/python3.12/site-packages/airflow/example_dags/example_short_circuit_operator.py took 0.107 seconds
[2026-08-12T05:00:37.949+0000] {processor.py:186} INFO - Started process (PID=3473) to work on /home/airflow/.local/lib/python3.12/site-packages/airflow/example_dags/example_short_circuit_operator.py
[2026-08-12T05:00:37.952+0000] {processor.py:914} INFO - Processing file /home/airflow/.local/lib/python3.12/site-packages/airflow/example_dags/example_short_circuit_operator.py for tasks to queue
[2026-08-12T05:00:37.956+0000] {logging_mixin.py:190} INFO - [2026-08-12T05:00:37.955+0000] {dagbag.py:587} INFO - Filling up the DagBag from /home/airflow/.local/lib/python3.12/site-packages/airflow/example_dags/example_short_circuit_operator.py
[2026-08-12T05:00:37.966+0000] {processor.py:925} INFO - DAG(s) 'example_short_circuit_operator' retrieved from /home/airflow/.local/lib/python3.12/site-packages/airflow/example_dags/example_short_circuit_operator.py
[2026-08-12T05:00:37.991+0000] {logging_mixin.py:190} INFO - [2026-08-12T05:00:37.990+0000] {dag.py:3211} INFO - Sync 1 DAGs
[2026-08-12T05:00:38.014+0000] {logging_mixin.py:190} INFO - [2026-08-12T05:00:38.014+0000] {dag.py:4138} INFO - Setting next_dagrun for example_short_circuit_operator to 2026-08-11 00:00:00+00:00, run_after=2026-08-12 00:00:00+00:00
[2026-08-12T05:00:38.035+0000] {processor.py:208} INFO - Processing /home/airflow/.local/lib/python3.12/site-packages/airflow/example_dags/example_short_circuit_operator.py took 0.091 seconds
[2026-08-12T05:01:08.888+0000] {processor.py:186} INFO - Started process (PID=3536) to work on /home/airflow/.local/lib/python3.12/site-packages/airflow/example_dags/example_short_circuit_operator.py
[2026-08-12T05:01:08.892+0000] {processor.py:914} INFO - Processing file /home/airflow/.local/lib/python3.12/site-packages/airflow/example_dags/example_short_circuit_operator.py for tasks to queue
[2026-08-12T05:01:08.896+0000] {logging_mixin.py:190} INFO - [2026-08-12T05:01:08.896+0000] {dagbag.py:587} INFO - Filling up the DagBag from /home/airflow/.local/lib/python3.12/site-packages/airflow/example_dags/example_short_circuit_operator.py
[2026-08-12T05:01:08.917+0000] {processor.py:925} INFO - DAG(s) 'example_short_circuit_operator' retrieved from /home/airflow/.local/lib/python3.12/site-packages/airflow/example_dags/example_short_circuit_operator.py
[2026-08-12T05:01:08.971+0000] {logging_mixin.py:190} INFO - [2026-08-12T05:01:08.970+0000] {dag.py:3211} INFO - Sync 1 DAGs
[2026-08-12T05:01:09.011+0000] {logging_mixin.py:190} INFO - [2026-08-12T05:01:09.010+0000] {dag.py:4138} INFO - Setting next_dagrun for example_short_circuit_operator to 2026-08-11 00:00:00+00:00, run_after=2026-08-12 00:00:00+00:00
[2026-08-12T05:01:09.042+0000] {processor.py:208} INFO - Processing /home/airflow/.local/lib/python3.12/site-packages/airflow/example_dags/example_short_circuit_operator.py took 0.163 seconds
[2026-08-12T05:01:39.634+0000] {processor.py:186} INFO - Started process (PID=3599) to work on /home/airflow/.local/lib/python3.12/site-packages/airflow/example_dags/example_short_circuit_operator.py
[2026-08-12T05:01:39.636+0000] {processor.py:914} INFO - Processing file /home/airflow/.local/lib/python3.12/site-packages/airflow/example_dags/example_short_circuit_operator.py for tasks to queue
[2026-08-12T05:01:39.644+0000] {logging_mixin.py:190} INFO - [2026-08-12T05:01:39.643+0000] {dagbag.py:587} INFO - Filling up the DagBag from /home/airflow/.local/lib/python3.12/site-packages/airflow/example_dags/example_short_circuit_operator.py
[2026-08-12T05:01:39.661+0000] {processor.py:925} INFO - DAG(s) 'example_short_circuit_operator' retrieved from /home/airflow/.local/lib/python3.12/site-packages/airflow/example_dags/example_short_circuit_operator.py
[2026-08-12T05:01:39.706+0000] {logging_mixin.py:190} INFO - [2026-08-12T05:01:39.706+0000] {dag.py:3211} INFO - Sync 1 DAGs
[2026-08-12T05:01:39.747+0000] {logging_mixin.py:190} INFO - [2026-08-12T05:01:39.746+0000] {dag.py:4138} INFO - Setting next_dagrun for example_short_circuit_operator to 2026-08-11 00:00:00+00:00, run_after=2026-08-12 00:00:00+00:00
[2026-08-12T05:01:39.782+0000] {processor.py:208} INFO - Processing /home/airflow/.local/lib/python3.12/site-packages/airflow/example_dags/example_short_circuit_operator.py took 0.158 seconds
[2026-08-12T05:02:10.359+0000] {processor.py:186} INFO - Started process (PID=3663) to work on /home/airflow/.local/lib/python3.12/site-packages/airflow/example_dags/example_short_circuit_operator.py
[2026-08-12T05:02:10.361+0000] {processor.py:914} INFO - Processing file /home/airflow/.local/lib/python3.12/site-packages/airflow/example_dags/example_short_circuit_operator.py for tasks to queue
[2026-08-12T05:02:10.365+0000] {logging_mixin.py:190} INFO - [2026-08-12T05:02:10.365+0000] {dagbag.py:587} INFO - Filling up the DagBag from /home/airflow/.local/lib/python3.12/site-packages/airflow/example_dags/example_short_circuit_operator.py
[2026-08-12T05:02:10.375+0000] {processor.py:925} INFO - DAG(s) 'example_short_circuit_operator' retrieved from /home/airflow/.local/lib/python3.12/site-packages/airflow/example_dags/example_short_circuit_operator.py
[2026-08-12T05:02:10.398+0000] {logging_mixin.py:190} INFO - [2026-08-12T05:02:10.398+0000] {dag.py:3211} INFO - Sync 1 DAGs
[2026-08-12T05:02:10.423+0000] {logging_mixin.py:190} INFO - [2026-08-12T05:02:10.422+0000] {dag.py:4138} INFO - Setting next_dagrun for example_short_circuit_operator to 2026-08-11 00:00:00+00:00, run_after=2026-08-12 00:00:00+00:00
[2026-08-12T05:02:10.444+0000] {processor.py:208} INFO - Processing /home/airflow/.local/lib/python3.12/site-packages/airflow/example_dags/example_short_circuit_operator.py took 0.091 seconds
[2026-08-12T05:02:41.285+0000] {processor.py:186} INFO - Started process (PID=3725) to work on /home/airflow/.local/lib/python3.12/site-packages/airflow/example_dags/example_short_circuit_operator.py
[2026-08-12T05:02:41.288+0000] {processor.py:914} INFO - Processing file /home/airflow/.local/lib/python3.12/site-packages/airflow/example_dags/example_short_circuit_operator.py for tasks to queue
[2026-08-12T05:02:41.295+0000] {logging_mixin.py:190} INFO - [2026-08-12T05:02:41.294+0000] {dagbag.py:587} INFO - Filling up the DagBag from /home/airflow/.local/lib/python3.12/site-packages/airflow/example_dags/example_short_circuit_operator.py
[2026-08-12T05:02:41.315+0000] {processor.py:925} INFO - DAG(s) 'example_short_circuit_operator' retrieved from /home/airflow/.local/lib/python3.12/site-packages/airflow/example_dags/example_short_circuit_operator.py
[2026-08-12T05:02:41.366+0000] {logging_mixin.py:190} INFO - [2026-08-12T05:02:41.365+0000] {dag.py:3211} INFO - Sync 1 DAGs
[2026-08-12T05:02:41.419+0000] {logging_mixin.py:190} INFO - [2026-08-12T05:02:41.418+0000] {dag.py:4138} INFO - Setting next_dagrun for example_short_circuit_operator to 2026-08-11 00:00:00+00:00, run_after=2026-08-12 00:00:00+00:00
[2026-08-12T05:02:41.460+0000] {processor.py:208} INFO - Processing /home/airflow/.local/lib/python3.12/site-packages/airflow/example_dags/example_short_circuit_operator.py took 0.184 seconds
[2026-08-12T05:03:12.046+0000] {processor.py:186} INFO - Started process (PID=3788) to work on /home/airflow/.local/lib/python3.12/site-packages/airflow/example_dags/example_short_circuit_operator.py
[2026-08-12T05:03:12.049+0000] {processor.py:914} INFO - Processing file /home/airflow/.local/lib/python3.12/site-packages/airflow/example_dags/example_short_circuit_operator.py for tasks to queue
[2026-08-12T05:03:12.054+0000] {logging_mixin.py:190} INFO - [2026-08-12T05:03:12.053+0000] {dagbag.py:587} INFO - Filling up the DagBag from /home/airflow/.local/lib/python3.12/site-packages/airflow/example_dags/example_short_circuit_operator.py
[2026-08-12T05:03:12.066+0000] {processor.py:925} INFO - DAG(s) 'example_short_circuit_operator' retrieved from /home/airflow/.local/lib/python3.12/site-packages/airflow/example_dags/example_short_circuit_operator.py
[2026-08-12T05:03:12.098+0000] {logging_mixin.py:190} INFO - [2026-08-12T05:03:12.098+0000] {dag.py:3211} INFO - Sync 1 DAGs
[2026-08-12T05:03:12.128+0000] {logging_mixin.py:190} INFO - [2026-08-12T05:03:12.128+0000] {dag.py:4138} INFO - Setting next_dagrun for example_short_circuit_operator to 2026-08-11 00:00:00+00:00, run_after=2026-08-12 00:00:00+00:00
[2026-08-12T05:03:12.155+0000] {processor.py:208} INFO - Processing /home/airflow/.local/lib/python3.12/site-packages/airflow/example_dags/example_short_circuit_operator.py took 0.117 seconds
[2026-08-12T05:03:42.924+0000] {processor.py:186} INFO - Started process (PID=3851) to work on /home/airflow/.local/lib/python3.12/site-packages/airflow/example_dags/example_short_circuit_operator.py
[2026-08-12T05:03:42.926+0000] {processor.py:914} INFO - Processing file /home/airflow/.local/lib/python3.12/site-packages/airflow/example_dags/example_short_circuit_operator.py for tasks to queue
[2026-08-12T05:03:42.933+0000] {logging_mixin.py:190} INFO - [2026-08-12T05:03:42.932+0000] {dagbag.py:587} INFO - Filling up the DagBag from /home/airflow/.local/lib/python3.12/site-packages/airflow/example_dags/example_short_circuit_operator.py
[2026-08-12T05:03:42.952+0000] {processor.py:925} INFO - DAG(s) 'example_short_circuit_operator' retrieved from /home/airflow/.local/lib/python3.12/site-packages/airflow/example_dags/example_short_circuit_operator.py
[2026-08-12T05:03:42.999+0000] {logging_mixin.py:190} INFO - [2026-08-12T05:03:42.999+0000] {dag.py:3211} INFO - Sync 1 DAGs
[2026-08-12T05:03:43.336+0000] {logging_mixin.py:190} INFO - [2026-08-12T05:03:43.335+0000] {dag.py:4138} INFO - Setting next_dagrun for example_short_circuit_operator to 2026-08-11 00:00:00+00:00, run_after=2026-08-12 00:00:00+00:00
[2026-08-12T05:03:43.369+0000] {processor.py:208} INFO - Processing /home/airflow/.local/lib/python3.12/site-packages/airflow/example_dags/example_short_circuit_operator.py took 0.457 seconds
[2026-08-12T05:04:13.512+0000] {processor.py:186} INFO - Started process (PID=3913) to work on /home/airflow/.local/lib/python3.12/site-packages/airflow/example_dags/example_short_circuit_operator.py
[2026-08-12T05:04:13.514+0000] {processor.py:914} INFO - Processing file /home/airflow/.local/lib/python3.12/site-packages/airflow/example_dags/example_short_circuit_operator.py for tasks to queue
[2026-08-12T05:04:13.520+0000] {logging_mixin.py:190} INFO - [2026-08-12T05:04:13.519+0000] {dagbag.py:587} INFO - Filling up the DagBag from /home/airflow/.local/lib/python3.12/site-packages/airflow/example_dags/example_short_circuit_operator.py
[2026-08-12T05:04:13.533+0000] {processor.py:925} INFO - DAG(s) 'example_short_circuit_operator' retrieved from /home/airflow/.local/lib/python3.12/site-packages/airflow/example_dags/example_short_circuit_operator.py
[2026-08-12T05:04:13.566+0000] {logging_mixin.py:190} INFO - [2026-08-12T05:04:13.565+0000] {dag.py:3211} INFO - Sync 1 DAGs
[2026-08-12T05:04:13.795+0000] {logging_mixin.py:190} INFO - [2026-08-12T05:04:13.795+0000] {dag.py:4138} INFO - Setting next_dagrun for example_short_circuit_operator to 2026-08-11 00:00:00+00:00, run_after=2026-08-12 00:00:00+00:00
[2026-08-12T05:04:13.832+0000] {processor.py:208} INFO - Processing /home/airflow/.local/lib/python3.12/site-packages/airflow/example_dags/example_short_circuit_operator.py took 0.331 seconds
[2026-08-12T05:04:44.474+0000] {processor.py:186} INFO - Started process (PID=3976) to work on /home/airflow/.local/lib/python3.12/site-packages/airflow/example_dags/example_short_circuit_operator.py
[2026-08-12T05:04:44.477+0000] {processor.py:914} INFO - Processing file /home/airflow/.local/lib/python3.12/site-packages/airflow/example_dags/example_short_circuit_operator.py for tasks to queue
[2026-08-12T05:04:44.483+0000] {logging_mixin.py:190} INFO - [2026-08-12T05:04:44.482+0000] {dagbag.py:587} INFO - Filling up the DagBag from /home/airflow/.local/lib/python3.12/site-packages/airflow/example_dags/example_short_circuit_operator.py
[2026-08-12T05:04:44.499+0000] {processor.py:925} INFO - DAG(s) 'example_short_circuit_operator' retrieved from /home/airflow/.local/lib/python3.12/site-packages/airflow/example_dags/example_short_circuit_operator.py
[2026-08-12T05:04:44.538+0000] {logging_mixin.py:190} INFO - [2026-08-12T05:04:44.538+0000] {dag.py:3211} INFO - Sync 1 DAGs
[2026-08-12T05:04:44.571+0000] {logging_mixin.py:190} INFO - [2026-08-12T05:04:44.571+0000] {dag.py:4138} INFO - Setting next_dagrun for example_short_circuit_operator to 2026-08-11 00:00:00+00:00, run_after=2026-08-12 00:00:00+00:00
[2026-08-12T05:04:44.806+0000] {processor.py:208} INFO - Processing /home/airflow/.local/lib/python3.12/site-packages/airflow/example_dags/example_short_circuit_operator.py took 0.339 seconds
[2026-08-12T05:05:15.795+0000] {processor.py:186} INFO - Started process (PID=4039) to work on /home/airflow/.local/lib/python3.12/site-packages/airflow/example_dags/example_short_circuit_operator.py
[2026-08-12T05:05:15.799+0000] {processor.py:914} INFO - Processing file /home/airflow/.local/lib/python3.12/site-packages/airflow/example_dags/example_short_circuit_operator.py for tasks to queue
[2026-08-12T05:05:15.804+0000] {logging_mixin.py:190} INFO - [2026-08-12T05:05:15.804+0000] {dagbag.py:587} INFO - Filling up the DagBag from /home/airflow/.local/lib/python3.12/site-packages/airflow/example_dags/example_short_circuit_operator.py
[2026-08-12T05:05:15.823+0000] {processor.py:925} INFO - DAG(s) 'example_short_circuit_operator' retrieved from /home/airflow/.local/lib/python3.12/site-packages/airflow/example_dags/example_short_circuit_operator.py
[2026-08-12T05:05:15.872+0000] {logging_mixin.py:190} INFO - [2026-08-12T05:05:15.872+0000] {dag.py:3211} INFO - Sync 1 DAGs
[2026-08-12T05:05:15.916+0000] {logging_mixin.py:190} INFO - [2026-08-12T05:05:15.916+0000] {dag.py:4138} INFO - Setting next_dagrun for example_short_circuit_operator to 2026-08-11 00:00:00+00:00, run_after=2026-08-12 00:00:00+00:00
[2026-08-12T05:05:15.944+0000] {processor.py:208} INFO - Processing /home/airflow/.local/lib/python3.12/site-packages/airflow/example_dags/example_short_circuit_operator.py took 0.157 seconds
[2026-08-12T05:05:46.675+0000] {processor.py:186} INFO - Started process (PID=4102) to work on /home/airflow/.local/lib/python3.12/site-packages/airflow/example_dags/example_short_circuit_operator.py
[2026-08-12T05:05:46.678+0000] {processor.py:914} INFO - Processing file /home/airflow/.local/lib/python3.12/site-packages/airflow/example_dags/example_short_circuit_operator.py for tasks to queue
[2026-08-12T05:05:46.684+0000] {logging_mixin.py:190} INFO - [2026-08-12T05:05:46.683+0000] {dagbag.py:587} INFO - Filling up the DagBag from /home/airflow/.local/lib/python3.12/site-packages/airflow/example_dags/example_short_circuit_operator.py
[2026-08-12T05:05:46.701+0000] {processor.py:925} INFO - DAG(s) 'example_short_circuit_operator' retrieved from /home/airflow/.local/lib/python3.12/site-packages/airflow/example_dags/example_short_circuit_operator.py
[2026-08-12T05:05:46.732+0000] {logging_mixin.py:190} INFO - [2026-08-12T05:05:46.732+0000] {dag.py:3211} INFO - Sync 1 DAGs
[2026-08-12T05:05:46.763+0000] {logging_mixin.py:190} INFO - [2026-08-12T05:05:46.763+0000] {dag.py:4138} INFO - Setting next_dagrun for example_short_circuit_operator to 2026-08-11 00:00:00+00:00, run_after=2026-08-12 00:00:00+00:00
[2026-08-12T05:05:46.791+0000] {processor.py:208} INFO - Processing /home/airflow/.local/lib/python3.12/site-packages/airflow/example_dags/example_short_circuit_operator.py took 0.126 seconds
[2026-08-12T05:06:17.185+0000] {processor.py:186} INFO - Started process (PID=4165) to work on /home/airflow/.local/lib/python3.12/site-packages/airflow/example_dags/example_short_circuit_operator.py
[2026-08-12T05:06:17.187+0000] {processor.py:914} INFO - Processing file /home/airflow/.local/lib/python3.12/site-packages/airflow/example_dags/example_short_circuit_operator.py for tasks to queue
[2026-08-12T05:06:17.192+0000] {logging_mixin.py:190} INFO - [2026-08-12T05:06:17.192+0000] {dagbag.py:587} INFO - Filling up the DagBag from /home/airflow/.local/lib/python3.12/site-packages/airflow/example_dags/example_short_circuit_operator.py
[2026-08-12T05:06:17.206+0000] {processor.py:925} INFO - DAG(s) 'example_short_circuit_operator' retrieved from /home/airflow/.local/lib/python3.12/site-packages/airflow/example_dags/example_short_circuit_operator.py
[2026-08-12T05:06:17.235+0000] {logging_mixin.py:190} INFO - [2026-08-12T05:06:17.235+0000] {dag.py:3211} INFO - Sync 1 DAGs
[2026-08-12T05:06:17.262+0000] {logging_mixin.py:190} INFO - [2026-08-12T05:06:17.261+0000] {dag.py:4138} INFO - Setting next_dagrun for example_short_circuit_operator to 2026-08-11 00:00:00+00:00, run_after=2026-08-12 00:00:00+00:00
[2026-08-12T05:06:17.286+0000] {processor.py:208} INFO - Processing /home/airflow/.local/lib/python3.12/site-packages/airflow/example_dags/example_short_circuit_operator.py took 0.108 seconds
[2026-08-12T05:06:47.819+0000] {processor.py:186} INFO - Started process (PID=4229) to work on /home/airflow/.local/lib/python3.12/site-packages/airflow/example_dags/example_short_circuit_operator.py
[2026-08-12T05:06:47.822+0000] {processor.py:914} INFO - Processing file /home/airflow/.local/lib/python3.12/site-packages/airflow/example_dags/example_short_circuit_operator.py for tasks to queue
[2026-08-12T05:06:47.826+0000] {logging_mixin.py:190} INFO - [2026-08-12T05:06:47.825+0000] {dagbag.py:587} INFO - Filling up the DagBag from /home/airflow/.local/lib/python3.12/site-packages/airflow/example_dags/example_short_circuit_operator.py
[2026-08-12T05:06:47.841+0000] {processor.py:925} INFO - DAG(s) 'example_short_circuit_operator' retrieved from /home/airflow/.local/lib/python3.12/site-packages/airflow/example_dags/example_short_circuit_operator.py
[2026-08-12T05:06:47.874+0000] {logging_mixin.py:190} INFO - [2026-08-12T05:06:47.873+0000] {dag.py:3211} INFO - Sync 1 DAGs
[2026-08-12T05:06:47.905+0000] {logging_mixin.py:190} INFO - [2026-08-12T05:06:47.904+0000] {dag.py:4138} INFO - Setting next_dagrun for example_short_circuit_operator to 2026-08-11 00:00:00+00:00, run_after=2026-08-12 00:00:00+00:00
[2026-08-12T05:06:47.937+0000] {processor.py:208} INFO - Processing /home/airflow/.local/lib/python3.12/site-packages/airflow/example_dags/example_short_circuit_operator.py took 0.125 seconds
[2026-08-12T05:07:18.587+0000] {processor.py:186} INFO - Started process (PID=4292) to work on /home/airflow/.local/lib/python3.12/site-packages/airflow/example_dags/example_short_circuit_operator.py
[2026-08-12T05:07:18.590+0000] {processor.py:914} INFO - Processing file /home/airflow/.local/lib/python3.12/site-packages/airflow/example_dags/example_short_circuit_operator.py for tasks to queue
[2026-08-12T05:07:18.594+0000] {logging_mixin.py:190} INFO - [2026-08-12T05:07:18.593+0000] {dagbag.py:587} INFO - Filling up the DagBag from /home/airflow/.local/lib/python3.12/site-packages/airflow/example_dags/example_short_circuit_operator.py
[2026-08-12T05:07:18.606+0000] {processor.py:925} INFO - DAG(s) 'example_short_circuit_operator' retrieved from /home/airflow/.local/lib/python3.12/site-packages/airflow/example_dags/example_short_circuit_operator.py
[2026-08-12T05:07:18.636+0000] {logging_mixin.py:190} INFO - [2026-08-12T05:07:18.636+0000] {dag.py:3211} INFO - Sync 1 DAGs
[2026-08-12T05:07:18.666+0000] {logging_mixin.py:190} INFO - [2026-08-12T05:07:18.665+0000] {dag.py:4138} INFO - Setting next_dagrun for example_short_circuit_operator to 2026-08-11 00:00:00+00:00, run_after=2026-08-12 00:00:00+00:00
[2026-08-12T05:07:18.694+0000] {processor.py:208} INFO - Processing /home/airflow/.local/lib/python3.12/site-packages/airflow/example_dags/example_short_circuit_operator.py took 0.113 seconds
[2026-08-12T05:07:49.051+0000] {processor.py:186} INFO - Started process (PID=4354) to work on /home/airflow/.local/lib/python3.12/site-packages/airflow/example_dags/example_short_circuit_operator.py
[2026-08-12T05:07:49.053+0000] {processor.py:914} INFO - Processing file /home/airflow/.local/lib/python3.12/site-packages/airflow/example_dags/example_short_circuit_operator.py for tasks to queue
[2026-08-12T05:07:49.057+0000] {logging_mixin.py:190} INFO - [2026-08-12T05:07:49.056+0000] {dagbag.py:587} INFO - Filling up the DagBag from /home/airflow/.local/lib/python3.12/site-packages/airflow/example_dags/example_short_circuit_operator.py
[2026-08-12T05:07:49.068+0000] {processor.py:925} INFO - DAG(s) 'example_short_circuit_operator' retrieved from /home/airflow/.local/lib/python3.12/site-packages/airflow/example_dags/example_short_circuit_operator.py
[2026-08-12T05:07:49.094+0000] {logging_mixin.py:190} INFO - [2026-08-12T05:07:49.094+0000] {dag.py:3211} INFO - Sync 1 DAGs
[2026-08-12T05:07:49.120+0000] {logging_mixin.py:190} INFO - [2026-08-12T05:07:49.120+0000] {dag.py:4138} INFO - Setting next_dagrun for example_short_circuit_operator to 2026-08-11 00:00:00+00:00, run_after=2026-08-12 00:00:00+00:00
[2026-08-12T05:07:49.147+0000] {processor.py:208} INFO - Processing /home/airflow/.local/lib/python3.12/site-packages/airflow/example_dags/example_short_circuit_operator.py took 0.105 seconds
[2026-08-12T05:08:19.446+0000] {processor.py:186} INFO - Started process (PID=4417) to work on /home/airflow/.local/lib/python3.12/site-packages/airflow/example_dags/example_short_circuit_operator.py
[2026-08-12T05:08:19.449+0000] {processor.py:914} INFO - Processing file /home/airflow/.local/lib/python3.12/site-packages/airflow/example_dags/example_short_circuit_operator.py for tasks to queue
[2026-08-12T05:08:19.454+0000] {logging_mixin.py:190} INFO - [2026-08-12T05:08:19.453+0000] {dagbag.py:587} INFO - Filling up the DagBag from /home/airflow/.local/lib/python3.12/site-packages/airflow/example_dags/example_short_circuit_operator.py
[2026-08-12T05:08:19.468+0000] {processor.py:925} INFO - DAG(s) 'example_short_circuit_operator' retrieved from /home/airflow/.local/lib/python3.12/site-packages/airflow/example_dags/example_short_circuit_operator.py
[2026-08-12T05:08:19.501+0000] {logging_mixin.py:190} INFO - [2026-08-12T05:08:19.501+0000] {dag.py:3211} INFO - Sync 1 DAGs
[2026-08-12T05:08:19.539+0000] {logging_mixin.py:190} INFO - [2026-08-12T05:08:19.538+0000] {dag.py:4138} INFO - Setting next_dagrun for example_short_circuit_operator to 2026-08-11 00:00:00+00:00, run_after=2026-08-12 00:00:00+00:00
[2026-08-12T05:08:19.568+0000] {processor.py:208} INFO - Processing /home/airflow/.local/lib/python3.12/site-packages/airflow/example_dags/example_short_circuit_operator.py took 0.128 seconds
[2026-08-12T05:08:49.896+0000] {processor.py:186} INFO - Started process (PID=4480) to work on /home/airflow/.local/lib/python3.12/site-packages/airflow/example_dags/example_short_circuit_operator.py
[2026-08-12T05:08:49.899+0000] {processor.py:914} INFO - Processing file /home/airflow/.local/lib/python3.12/site-packages/airflow/example_dags/example_short_circuit_operator.py for tasks to queue
[2026-08-12T05:08:49.903+0000] {logging_mixin.py:190} INFO - [2026-08-12T05:08:49.903+0000] {dagbag.py:587} INFO - Filling up the DagBag from /home/airflow/.local/lib/python3.12/site-packages/airflow/example_dags/example_short_circuit_operator.py
[2026-08-12T05:08:49.916+0000] {processor.py:925} INFO - DAG(s) 'example_short_circuit_operator' retrieved from /home/airflow/.local/lib/python3.12/site-packages/airflow/example_dags/example_short_circuit_operator.py
[2026-08-12T05:08:49.943+0000] {logging_mixin.py:190} INFO - [2026-08-12T05:08:49.943+0000] {dag.py:3211} INFO - Sync 1 DAGs
[2026-08-12T05:08:49.970+0000] {logging_mixin.py:190} INFO - [2026-08-12T05:08:49.970+0000] {dag.py:4138} INFO - Setting next_dagrun for example_short_circuit_operator to 2026-08-11 00:00:00+00:00, run_after=2026-08-12 00:00:00+00:00
[2026-08-12T05:08:49.993+0000] {processor.py:208} INFO - Processing /home/airflow/.local/lib/python3.12/site-packages/airflow/example_dags/example_short_circuit_operator.py took 0.103 seconds
[2026-08-12T05:09:20.507+0000] {processor.py:186} INFO - Started process (PID=4544) to work on /home/airflow/.local/lib/python3.12/site-packages/airflow/example_dags/example_short_circuit_operator.py
[2026-08-12T05:09:20.510+0000] {processor.py:914} INFO - Processing file /home/airflow/.local/lib/python3.12/site-packages/airflow/example_dags/example_short_circuit_operator.py for tasks to queue
[2026-08-12T05:09:20.514+0000] {logging_mixin.py:190} INFO - [2026-08-12T05:09:20.513+0000] {dagbag.py:587} INFO - Filling up the DagBag from /home/airflow/.local/lib/python3.12/site-packages/airflow/example_dags/example_short_circuit_operator.py
[2026-08-12T05:09:20.524+0000] {processor.py:925} INFO - DAG(s) 'example_short_circuit_operator' retrieved from /home/airflow/.local/lib/python3.12/site-packages/airflow/example_dags/example_short_circuit_operator.py
[2026-08-12T05:09:20.548+0000] {logging_mixin.py:190} INFO - [2026-08-12T05:09:20.548+0000] {dag.py:3211} INFO - Sync 1 DAGs
[2026-08-12T05:09:20.573+0000] {logging_mixin.py:190} INFO - [2026-08-12T05:09:20.573+0000] {dag.py:4138} INFO - Setting next_dagrun for example_short_circuit_operator to 2026-08-11 00:00:00+00:00, run_after=2026-08-12 00:00:00+00:00
[2026-08-12T05:09:20.592+0000] {processor.py:208} INFO - Processing /home/airflow/.local/lib/python3.12/site-packages/airflow/example_dags/example_short_circuit_operator.py took 0.090 seconds
[2026-08-12T05:09:50.853+0000] {processor.py:186} INFO - Started process (PID=4607) to work on /home/airflow/.local/lib/python3.12/site-packages/airflow/example_dags/example_short_circuit_operator.py
[2026-08-12T05:09:50.855+0000] {processor.py:914} INFO - Processing file /home/airflow/.local/lib/python3.12/site-packages/airflow/example_dags/example_short_circuit_operator.py for tasks to queue
[2026-08-12T05:09:50.859+0000] {logging_mixin.py:190} INFO - [2026-08-12T05:09:50.858+0000] {dagbag.py:587} INFO - Filling up the DagBag from /home/airflow/.local/lib/python3.12/site-packages/airflow/example_dags/example_short_circuit_operator.py
[2026-08-12T05:09:50.869+0000] {processor.py:925} INFO - DAG(s) 'example_short_circuit_operator' retrieved from /home/airflow/.local/lib/python3.12/site-packages/airflow/example_dags/example_short_circuit_operator.py
[2026-08-12T05:09:50.895+0000] {logging_mixin.py:190} INFO - [2026-08-12T05:09:50.895+0000] {dag.py:3211} INFO - Sync 1 DAGs
[2026-08-12T05:09:50.923+0000] {logging_mixin.py:190} INFO - [2026-08-12T05:09:50.923+0000] {dag.py:4138} INFO - Setting next_dagrun for example_short_circuit_operator to 2026-08-11 00:00:00+00:00, run_after=2026-08-12 00:00:00+00:00
[2026-08-12T05:09:50.949+0000] {processor.py:208} INFO - Processing /home/airflow/.local/lib/python3.12/site-packages/airflow/example_dags/example_short_circuit_operator.py took 0.102 seconds
[2026-08-12T05:10:21.062+0000] {processor.py:186} INFO - Started process (PID=4669) to work on /home/airflow/.local/lib/python3.12/site-packages/airflow/example_dags/example_short_circuit_operator.py
[2026-08-12T05:10:21.066+0000] {processor.py:914} INFO - Processing file /home/airflow/.local/lib/python3.12/site-packages/airflow/example_dags/example_short_circuit_operator.py for tasks to queue
[2026-08-12T05:10:21.072+0000] {logging_mixin.py:190} INFO - [2026-08-12T05:10:21.071+0000] {dagbag.py:587} INFO - Filling up the DagBag from /home/airflow/.local/lib/python3.12/site-packages/airflow/example_dags/example_short_circuit_operator.py
[2026-08-12T05:10:21.093+0000] {processor.py:925} INFO - DAG(s) 'example_short_circuit_operator' retrieved from /home/airflow/.local/lib/python3.12/site-packages/airflow/example_dags/example_short_circuit_operator.py
[2026-08-12T05:10:21.132+0000] {logging_mixin.py:190} INFO - [2026-08-12T05:10:21.131+0000] {dag.py:3211} INFO - Sync 1 DAGs
[2026-08-12T05:10:21.159+0000] {logging_mixin.py:190} INFO - [2026-08-12T05:10:21.158+0000] {dag.py:4138} INFO - Setting next_dagrun for example_short_circuit_operator to 2026-08-11 00:00:00+00:00, run_after=2026-08-12 00:00:00+00:00
[2026-08-12T05:10:21.186+0000] {processor.py:208} INFO - Processing /home/airflow/.local/lib/python3.12/site-packages/airflow/example_dags/example_short_circuit_operator.py took 0.136 seconds
[2026-08-12T05:10:52.273+0000] {processor.py:186} INFO - Started process (PID=4733) to work on /home/airflow/.local/lib/python3.12/site-packages/airflow/example_dags/example_short_circuit_operator.py
[2026-08-12T05:10:52.275+0000] {processor.py:914} INFO - Processing file /home/airflow/.local/lib/python3.12/site-packages/airflow/example_dags/example_short_circuit_operator.py for tasks to queue
[2026-08-12T05:10:52.281+0000] {logging_mixin.py:190} INFO - [2026-08-12T05:10:52.280+0000] {dagbag.py:587} INFO - Filling up the DagBag from /home/airflow/.local/lib/python3.12/site-packages/airflow/example_dags/example_short_circuit_operator.py
[2026-08-12T05:10:52.291+0000] {processor.py:925} INFO - DAG(s) 'example_short_circuit_operator' retrieved from /home/airflow/.local/lib/python3.12/site-packages/airflow/example_dags/example_short_circuit_operator.py
[2026-08-12T05:10:52.319+0000] {logging_mixin.py:190} INFO - [2026-08-12T05:10:52.319+0000] {dag.py:3211} INFO - Sync 1 DAGs
[2026-08-12T05:10:52.350+0000] {logging_mixin.py:190} INFO - [2026-08-12T05:10:52.350+0000] {dag.py:4138} INFO - Setting next_dagrun for example_short_circuit_operator to 2026-08-11 00:00:00+00:00, run_after=2026-08-12 00:00:00+00:00
[2026-08-12T05:10:52.376+0000] {processor.py:208} INFO - Processing /home/airflow/.local/lib/python3.12/site-packages/airflow/example_dags/example_short_circuit_operator.py took 0.111 seconds
[2026-08-12T05:11:22.857+0000] {processor.py:186} INFO - Started process (PID=4796) to work on /home/airflow/.local/lib/python3.12/site-packages/airflow/example_dags/example_short_circuit_operator.py
[2026-08-12T05:11:22.860+0000] {processor.py:914} INFO - Processing file /home/airflow/.local/lib/python3.12/site-packages/airflow/example_dags/example_short_circuit_operator.py for tasks to queue
[2026-08-12T05:11:22.864+0000] {logging_mixin.py:190} INFO - [2026-08-12T05:11:22.864+0000] {dagbag.py:587} INFO - Filling up the DagBag from /home/airflow/.local/lib/python3.12/site-packages/airflow/example_dags/example_short_circuit_operator.py
[2026-08-12T05:11:22.880+0000] {processor.py:925} INFO - DAG(s) 'example_short_circuit_operator' retrieved from /home/airflow/.local/lib/python3.12/site-packages/airflow/example_dags/example_short_circuit_operator.py
[2026-08-12T05:11:22.915+0000] {logging_mixin.py:190} INFO - [2026-08-12T05:11:22.914+0000] {dag.py:3211} INFO - Sync 1 DAGs
[2026-08-12T05:11:22.946+0000] {logging_mixin.py:190} INFO - [2026-08-12T05:11:22.946+0000] {dag.py:4138} INFO - Setting next_dagrun for example_short_circuit_operator to 2026-08-11 00:00:00+00:00, run_after=2026-08-12 00:00:00+00:00
[2026-08-12T05:11:22.979+0000] {processor.py:208} INFO - Processing /home/airflow/.local/lib/python3.12/site-packages/airflow/example_dags/example_short_circuit_operator.py took 0.131 seconds
[2026-08-12T05:11:53.712+0000] {processor.py:186} INFO - Started process (PID=4859) to work on /home/airflow/.local/lib/python3.12/site-packages/airflow/example_dags/example_short_circuit_operator.py
[2026-08-12T05:11:53.714+0000] {processor.py:914} INFO - Processing file /home/airflow/.local/lib/python3.12/site-packages/airflow/example_dags/example_short_circuit_operator.py for tasks to queue
[2026-08-12T05:11:53.718+0000] {logging_mixin.py:190} INFO - [2026-08-12T05:11:53.717+0000] {dagbag.py:587} INFO - Filling up the DagBag from /home/airflow/.local/lib/python3.12/site-packages/airflow/example_dags/example_short_circuit_operator.py
[2026-08-12T05:11:53.728+0000] {processor.py:925} INFO - DAG(s) 'example_short_circuit_operator' retrieved from /home/airflow/.local/lib/python3.12/site-packages/airflow/example_dags/example_short_circuit_operator.py
[2026-08-12T05:11:53.752+0000] {logging_mixin.py:190} INFO - [2026-08-12T05:11:53.752+0000] {dag.py:3211} INFO - Sync 1 DAGs
[2026-08-12T05:11:53.776+0000] {logging_mixin.py:190} INFO - [2026-08-12T05:11:53.776+0000] {dag.py:4138} INFO - Setting next_dagrun for example_short_circuit_operator to 2026-08-11 00:00:00+00:00, run_after=2026-08-12 00:00:00+00:00
[2026-08-12T05:11:53.797+0000] {processor.py:208} INFO - Processing /home/airflow/.local/lib/python3.12/site-packages/airflow/example_dags/example_short_circuit_operator.py took 0.091 seconds
[2026-08-12T05:12:24.163+0000] {processor.py:186} INFO - Started process (PID=4922) to work on /home/airflow/.local/lib/python3.12/site-packages/airflow/example_dags/example_short_circuit_operator.py
[2026-08-12T05:12:24.166+0000] {processor.py:914} INFO - Processing file /home/airflow/.local/lib/python3.12/site-packages/airflow/example_dags/example_short_circuit_operator.py for tasks to queue
[2026-08-12T05:12:24.170+0000] {logging_mixin.py:190} INFO - [2026-08-12T05:12:24.169+0000] {dagbag.py:587} INFO - Filling up the DagBag from /home/airflow/.local/lib/python3.12/site-packages/airflow/example_dags/example_short_circuit_operator.py
[2026-08-12T05:12:24.182+0000] {processor.py:925} INFO - DAG(s) 'example_short_circuit_operator' retrieved from /home/airflow/.local/lib/python3.12/site-packages/airflow/example_dags/example_short_circuit_operator.py
[2026-08-12T05:12:24.208+0000] {logging_mixin.py:190} INFO - [2026-08-12T05:12:24.207+0000] {dag.py:3211} INFO - Sync 1 DAGs
[2026-08-12T05:12:24.234+0000] {logging_mixin.py:190} INFO - [2026-08-12T05:12:24.234+0000] {dag.py:4138} INFO - Setting next_dagrun for example_short_circuit_operator to 2026-08-11 00:00:00+00:00, run_after=2026-08-12 00:00:00+00:00
[2026-08-12T05:12:24.258+0000] {processor.py:208} INFO - Processing /home/airflow/.local/lib/python3.12/site-packages/airflow/example_dags/example_short_circuit_operator.py took 0.101 seconds
[2026-08-12T05:12:55.388+0000] {processor.py:186} INFO - Started process (PID=4985) to work on /home/airflow/.local/lib/python3.12/site-packages/airflow/example_dags/example_short_circuit_operator.py
[2026-08-12T05:12:55.390+0000] {processor.py:914} INFO - Processing file /home/airflow/.local/lib/python3.12/site-packages/airflow/example_dags/example_short_circuit_operator.py for tasks to queue
[2026-08-12T05:12:55.394+0000] {logging_mixin.py:190} INFO - [2026-08-12T05:12:55.394+0000] {dagbag.py:587} INFO - Filling up the DagBag from /home/airflow/.local/lib/python3.12/site-packages/airflow/example_dags/example_short_circuit_operator.py
[2026-08-12T05:12:55.405+0000] {processor.py:925} INFO - DAG(s) 'example_short_circuit_operator' retrieved from /home/airflow/.local/lib/python3.12/site-packages/airflow/example_dags/example_short_circuit_operator.py
[2026-08-12T05:12:55.430+0000] {logging_mixin.py:190} INFO - [2026-08-12T05:12:55.429+0000] {dag.py:3211} INFO - Sync 1 DAGs
[2026-08-12T05:12:55.454+0000] {logging_mixin.py:190} INFO - [2026-08-12T05:12:55.454+0000] {dag.py:4138} INFO - Setting next_dagrun for example_short_circuit_operator to 2026-08-11 00:00:00+00:00, run_after=2026-08-12 00:00:00+00:00
[2026-08-12T05:12:55.475+0000] {processor.py:208} INFO - Processing /home/airflow/.local/lib/python3.12/site-packages/airflow/example_dags/example_short_circuit_operator.py took 0.093 seconds
[2026-08-12T05:13:25.931+0000] {processor.py:186} INFO - Started process (PID=5047) to work on /home/airflow/.local/lib/python3.12/site-packages/airflow/example_dags/example_short_circuit_operator.py
[2026-08-12T05:13:25.933+0000] {processor.py:914} INFO - Processing file /home/airflow/.local/lib/python3.12/site-packages/airflow/example_dags/example_short_circuit_operator.py for tasks to queue
[2026-08-12T05:13:25.938+0000] {logging_mixin.py:190} INFO - [2026-08-12T05:13:25.938+0000] {dagbag.py:587} INFO - Filling up the DagBag from /home/airflow/.local/lib/python3.12/site-packages/airflow/example_dags/example_short_circuit_operator.py
[2026-08-12T05:13:25.952+0000] {processor.py:925} INFO - DAG(s) 'example_short_circuit_operator' retrieved from /home/airflow/.local/lib/python3.12/site-packages/airflow/example_dags/example_short_circuit_operator.py
[2026-08-12T05:13:25.984+0000] {logging_mixin.py:190} INFO - [2026-08-12T05:13:25.984+0000] {dag.py:3211} INFO - Sync 1 DAGs
[2026-08-12T05:13:26.010+0000] {logging_mixin.py:190} INFO - [2026-08-12T05:13:26.009+0000] {dag.py:4138} INFO - Setting next_dagrun for example_short_circuit_operator to 2026-08-11 00:00:00+00:00, run_after=2026-08-12 00:00:00+00:00
[2026-08-12T05:13:26.037+0000] {processor.py:208} INFO - Processing /home/airflow/.local/lib/python3.12/site-packages/airflow/example_dags/example_short_circuit_operator.py took 0.113 seconds
[2026-08-12T05:13:57.139+0000] {processor.py:186} INFO - Started process (PID=5111) to work on /home/airflow/.local/lib/python3.12/site-packages/airflow/example_dags/example_short_circuit_operator.py
[2026-08-12T05:13:57.141+0000] {processor.py:914} INFO - Processing file /home/airflow/.local/lib/python3.12/site-packages/airflow/example_dags/example_short_circuit_operator.py for tasks to queue
[2026-08-12T05:13:57.145+0000] {logging_mixin.py:190} INFO - [2026-08-12T05:13:57.145+0000] {dagbag.py:587} INFO - Filling up the DagBag from /home/airflow/.local/lib/python3.12/site-packages/airflow/example_dags/example_short_circuit_operator.py
[2026-08-12T05:13:57.156+0000] {processor.py:925} INFO - DAG(s) 'example_short_circuit_operator' retrieved from /home/airflow/.local/lib/python3.12/site-packages/airflow/example_dags/example_short_circuit_operator.py
[2026-08-12T05:13:57.183+0000] {logging_mixin.py:190} INFO - [2026-08-12T05:13:57.182+0000] {dag.py:3211} INFO - Sync 1 DAGs
[2026-08-12T05:13:57.207+0000] {logging_mixin.py:190} INFO - [2026-08-12T05:13:57.206+0000] {dag.py:4138} INFO - Setting next_dagrun for example_short_circuit_operator to 2026-08-11 00:00:00+00:00, run_after=2026-08-12 00:00:00+00:00
[2026-08-12T05:13:57.226+0000] {processor.py:208} INFO - Processing /home/airflow/.local/lib/python3.12/site-packages/airflow/example_dags/example_short_circuit_operator.py took 0.094 seconds
[2026-08-12T05:14:27.558+0000] {processor.py:186} INFO - Started process (PID=5174) to work on /home/airflow/.local/lib/python3.12/site-packages/airflow/example_dags/example_short_circuit_operator.py
[2026-08-12T05:14:27.560+0000] {processor.py:914} INFO - Processing file /home/airflow/.local/lib/python3.12/site-packages/airflow/example_dags/example_short_circuit_operator.py for tasks to queue
[2026-08-12T05:14:27.563+0000] {logging_mixin.py:190} INFO - [2026-08-12T05:14:27.563+0000] {dagbag.py:587} INFO - Filling up the DagBag from /home/airflow/.local/lib/python3.12/site-packages/airflow/example_dags/example_short_circuit_operator.py
[2026-08-12T05:14:27.574+0000] {processor.py:925} INFO - DAG(s) 'example_short_circuit_operator' retrieved from /home/airflow/.local/lib/python3.12/site-packages/airflow/example_dags/example_short_circuit_operator.py
[2026-08-12T05:14:27.600+0000] {logging_mixin.py:190} INFO - [2026-08-12T05:14:27.600+0000] {dag.py:3211} INFO - Sync 1 DAGs
[2026-08-12T05:14:27.627+0000] {logging_mixin.py:190} INFO - [2026-08-12T05:14:27.627+0000] {dag.py:4138} INFO - Setting next_dagrun for example_short_circuit_operator to 2026-08-11 00:00:00+00:00, run_after=2026-08-12 00:00:00+00:00
[2026-08-12T05:14:27.652+0000] {processor.py:208} INFO - Processing /home/airflow/.local/lib/python3.12/site-packages/airflow/example_dags/example_short_circuit_operator.py took 0.100 seconds
[2026-08-12T05:14:58.741+0000] {processor.py:186} INFO - Started process (PID=5237) to work on /home/airflow/.local/lib/python3.12/site-packages/airflow/example_dags/example_short_circuit_operator.py
[2026-08-12T05:14:58.744+0000] {processor.py:914} INFO - Processing file /home/airflow/.local/lib/python3.12/site-packages/airflow/example_dags/example_short_circuit_operator.py for tasks to queue
[2026-08-12T05:14:58.748+0000] {logging_mixin.py:190} INFO - [2026-08-12T05:14:58.747+0000] {dagbag.py:587} INFO - Filling up the DagBag from /home/airflow/.local/lib/python3.12/site-packages/airflow/example_dags/example_short_circuit_operator.py
[2026-08-12T05:14:58.757+0000] {processor.py:925} INFO - DAG(s) 'example_short_circuit_operator' retrieved from /home/airflow/.local/lib/python3.12/site-packages/airflow/example_dags/example_short_circuit_operator.py
[2026-08-12T05:14:58.783+0000] {logging_mixin.py:190} INFO - [2026-08-12T05:14:58.783+0000] {dag.py:3211} INFO - Sync 1 DAGs
[2026-08-12T05:14:58.810+0000] {logging_mixin.py:190} INFO - [2026-08-12T05:14:58.810+0000] {dag.py:4138} INFO - Setting next_dagrun for example_short_circuit_operator to 2026-08-11 00:00:00+00:00, run_after=2026-08-12 00:00:00+00:00
[2026-08-12T05:14:58.833+0000] {processor.py:208} INFO - Processing /home/airflow/.local/lib/python3.12/site-packages/airflow/example_dags/example_short_circuit_operator.py took 0.098 seconds
[2026-08-12T05:15:29.165+0000] {processor.py:186} INFO - Started process (PID=5306) to work on /home/airflow/.local/lib/python3.12/site-packages/airflow/example_dags/example_short_circuit_operator.py
[2026-08-12T05:15:29.167+0000] {processor.py:914} INFO - Processing file /home/airflow/.local/lib/python3.12/site-packages/airflow/example_dags/example_short_circuit_operator.py for tasks to queue
[2026-08-12T05:15:29.171+0000] {logging_mixin.py:190} INFO - [2026-08-12T05:15:29.170+0000] {dagbag.py:587} INFO - Filling up the DagBag from /home/airflow/.local/lib/python3.12/site-packages/airflow/example_dags/example_short_circuit_operator.py
[2026-08-12T05:15:29.181+0000] {processor.py:925} INFO - DAG(s) 'example_short_circuit_operator' retrieved from /home/airflow/.local/lib/python3.12/site-packages/airflow/example_dags/example_short_circuit_operator.py
[2026-08-12T05:15:29.204+0000] {logging_mixin.py:190} INFO - [2026-08-12T05:15:29.204+0000] {dag.py:3211} INFO - Sync 1 DAGs
[2026-08-12T05:15:29.228+0000] {logging_mixin.py:190} INFO - [2026-08-12T05:15:29.227+0000] {dag.py:4138} INFO - Setting next_dagrun for example_short_circuit_operator to 2026-08-11 00:00:00+00:00, run_after=2026-08-12 00:00:00+00:00
[2026-08-12T05:15:29.254+0000] {processor.py:208} INFO - Processing /home/airflow/.local/lib/python3.12/site-packages/airflow/example_dags/example_short_circuit_operator.py took 0.096 seconds
[2026-08-12T05:15:59.803+0000] {processor.py:186} INFO - Started process (PID=5369) to work on /home/airflow/.local/lib/python3.12/site-packages/airflow/example_dags/example_short_circuit_operator.py
[2026-08-12T05:15:59.806+0000] {processor.py:914} INFO - Processing file /home/airflow/.local/lib/python3.12/site-packages/airflow/example_dags/example_short_circuit_operator.py for tasks to queue
[2026-08-12T05:15:59.811+0000] {logging_mixin.py:190} INFO - [2026-08-12T05:15:59.811+0000] {dagbag.py:587} INFO - Filling up the DagBag from /home/airflow/.local/lib/python3.12/site-packages/airflow/example_dags/example_short_circuit_operator.py
[2026-08-12T05:15:59.824+0000] {processor.py:925} INFO - DAG(s) 'example_short_circuit_operator' retrieved from /home/airflow/.local/lib/python3.12/site-packages/airflow/example_dags/example_short_circuit_operator.py
[2026-08-12T05:15:59.851+0000] {logging_mixin.py:190} INFO - [2026-08-12T05:15:59.851+0000] {dag.py:3211} INFO - Sync 1 DAGs
[2026-08-12T05:15:59.886+0000] {logging_mixin.py:190} INFO - [2026-08-12T05:15:59.885+0000] {dag.py:4138} INFO - Setting next_dagrun for example_short_circuit_operator to 2026-08-11 00:00:00+00:00, run_after=2026-08-12 00:00:00+00:00
[2026-08-12T05:15:59.911+0000] {processor.py:208} INFO - Processing /home/airflow/.local/lib/python3.12/site-packages/airflow/example_dags/example_short_circuit_operator.py took 0.115 seconds
[2026-08-12T05:16:30.361+0000] {processor.py:186} INFO - Started process (PID=5432) to work on /home/airflow/.local/lib/python3.12/site-packages/airflow/example_dags/example_short_circuit_operator.py
[2026-08-12T05:16:30.363+0000] {processor.py:914} INFO - Processing file /home/airflow/.local/lib/python3.12/site-packages/airflow/example_dags/example_short_circuit_operator.py for tasks to queue
[2026-08-12T05:16:30.367+0000] {logging_mixin.py:190} INFO - [2026-08-12T05:16:30.367+0000] {dagbag.py:587} INFO - Filling up the DagBag from /home/airflow/.local/lib/python3.12/site-packages/airflow/example_dags/example_short_circuit_operator.py
[2026-08-12T05:16:30.378+0000] {processor.py:925} INFO - DAG(s) 'example_short_circuit_operator' retrieved from /home/airflow/.local/lib/python3.12/site-packages/airflow/example_dags/example_short_circuit_operator.py
[2026-08-12T05:16:30.409+0000] {logging_mixin.py:190} INFO - [2026-08-12T05:16:30.409+0000] {dag.py:3211} INFO - Sync 1 DAGs
[2026-08-12T05:16:30.441+0000] {logging_mixin.py:190} INFO - [2026-08-12T05:16:30.441+0000] {dag.py:4138} INFO - Setting next_dagrun for example_short_circuit_operator to 2026-08-11 00:00:00+00:00, run_after=2026-08-12 00:00:00+00:00
[2026-08-12T05:16:30.472+0000] {processor.py:208} INFO - Processing /home/airflow/.local/lib/python3.12/site-packages/airflow/example_dags/example_short_circuit_operator.py took 0.120 seconds
[2026-08-12T05:17:00.888+0000] {processor.py:186} INFO - Started process (PID=5495) to work on /home/airflow/.local/lib/python3.12/site-packages/airflow/example_dags/example_short_circuit_operator.py
[2026-08-12T05:17:00.890+0000] {processor.py:914} INFO - Processing file /home/airflow/.local/lib/python3.12/site-packages/airflow/example_dags/example_short_circuit_operator.py for tasks to queue
[2026-08-12T05:17:00.894+0000] {logging_mixin.py:190} INFO - [2026-08-12T05:17:00.893+0000] {dagbag.py:587} INFO - Filling up the DagBag from /home/airflow/.local/lib/python3.12/site-packages/airflow/example_dags/example_short_circuit_operator.py
[2026-08-12T05:17:00.905+0000] {processor.py:925} INFO - DAG(s) 'example_short_circuit_operator' retrieved from /home/airflow/.local/lib/python3.12/site-packages/airflow/example_dags/example_short_circuit_operator.py
[2026-08-12T05:17:00.931+0000] {logging_mixin.py:190} INFO - [2026-08-12T05:17:00.931+0000] {dag.py:3211} INFO - Sync 1 DAGs
[2026-08-12T05:17:00.964+0000] {logging_mixin.py:190} INFO - [2026-08-12T05:17:00.964+0000] {dag.py:4138} INFO - Setting next_dagrun for example_short_circuit_operator to 2026-08-11 00:00:00+00:00, run_after=2026-08-12 00:00:00+00:00
[2026-08-12T05:17:00.995+0000] {processor.py:208} INFO - Processing /home/airflow/.local/lib/python3.12/site-packages/airflow/example_dags/example_short_circuit_operator.py took 0.113 seconds
[2026-08-12T05:17:31.423+0000] {processor.py:186} INFO - Started process (PID=5559) to work on /home/airflow/.local/lib/python3.12/site-packages/airflow/example_dags/example_short_circuit_operator.py
[2026-08-12T05:17:31.425+0000] {processor.py:914} INFO - Processing file /home/airflow/.local/lib/python3.12/site-packages/airflow/example_dags/example_short_circuit_operator.py for tasks to queue
[2026-08-12T05:17:31.429+0000] {logging_mixin.py:190} INFO - [2026-08-12T05:17:31.429+0000] {dagbag.py:587} INFO - Filling up the DagBag from /home/airflow/.local/lib/python3.12/site-packages/airflow/example_dags/example_short_circuit_operator.py
[2026-08-12T05:17:31.441+0000] {processor.py:925} INFO - DAG(s) 'example_short_circuit_operator' retrieved from /home/airflow/.local/lib/python3.12/site-packages/airflow/example_dags/example_short_circuit_operator.py
[2026-08-12T05:17:31.469+0000] {logging_mixin.py:190} INFO - [2026-08-12T05:17:31.469+0000] {dag.py:3211} INFO - Sync 1 DAGs
[2026-08-12T05:17:31.497+0000] {logging_mixin.py:190} INFO - [2026-08-12T05:17:31.497+0000] {dag.py:4138} INFO - Setting next_dagrun for example_short_circuit_operator to 2026-08-11 00:00:00+00:00, run_after=2026-08-12 00:00:00+00:00
[2026-08-12T05:17:31.517+0000] {processor.py:208} INFO - Processing /home/airflow/.local/lib/python3.12/site-packages/airflow/example_dags/example_short_circuit_operator.py took 0.101 seconds
[2026-08-12T05:18:01.803+0000] {processor.py:186} INFO - Started process (PID=5622) to work on /home/airflow/.local/lib/python3.12/site-packages/airflow/example_dags/example_short_circuit_operator.py
[2026-08-12T05:18:01.806+0000] {processor.py:914} INFO - Processing file /home/airflow/.local/lib/python3.12/site-packages/airflow/example_dags/example_short_circuit_operator.py for tasks to queue
[2026-08-12T05:18:01.810+0000] {logging_mixin.py:190} INFO - [2026-08-12T05:18:01.809+0000] {dagbag.py:587} INFO - Filling up the DagBag from /home/airflow/.local/lib/python3.12/site-packages/airflow/example_dags/example_short_circuit_operator.py
[2026-08-12T05:18:01.821+0000] {processor.py:925} INFO - DAG(s) 'example_short_circuit_operator' retrieved from /home/airflow/.local/lib/python3.12/site-packages/airflow/example_dags/example_short_circuit_operator.py
[2026-08-12T05:18:01.847+0000] {logging_mixin.py:190} INFO - [2026-08-12T05:18:01.847+0000] {dag.py:3211} INFO - Sync 1 DAGs
[2026-08-12T05:18:01.873+0000] {logging_mixin.py:190} INFO - [2026-08-12T05:18:01.872+0000] {dag.py:4138} INFO - Setting next_dagrun for example_short_circuit_operator to 2026-08-11 00:00:00+00:00, run_after=2026-08-12 00:00:00+00:00
[2026-08-12T05:18:01.901+0000] {processor.py:208} INFO - Processing /home/airflow/.local/lib/python3.12/site-packages/airflow/example_dags/example_short_circuit_operator.py took 0.103 seconds
[2026-08-12T05:18:32.212+0000] {processor.py:186} INFO - Started process (PID=5684) to work on /home/airflow/.local/lib/python3.12/site-packages/airflow/example_dags/example_short_circuit_operator.py
[2026-08-12T05:18:32.214+0000] {processor.py:914} INFO - Processing file /home/airflow/.local/lib/python3.12/site-packages/airflow/example_dags/example_short_circuit_operator.py for tasks to queue
[2026-08-12T05:18:32.217+0000] {logging_mixin.py:190} INFO - [2026-08-12T05:18:32.217+0000] {dagbag.py:587} INFO - Filling up the DagBag from /home/airflow/.local/lib/python3.12/site-packages/airflow/example_dags/example_short_circuit_operator.py
[2026-08-12T05:18:32.227+0000] {processor.py:925} INFO - DAG(s) 'example_short_circuit_operator' retrieved from /home/airflow/.local/lib/python3.12/site-packages/airflow/example_dags/example_short_circuit_operator.py
[2026-08-12T05:18:32.250+0000] {logging_mixin.py:190} INFO - [2026-08-12T05:18:32.250+0000] {dag.py:3211} INFO - Sync 1 DAGs
[2026-08-12T05:18:32.278+0000] {logging_mixin.py:190} INFO - [2026-08-12T05:18:32.278+0000] {dag.py:4138} INFO - Setting next_dagrun for example_short_circuit_operator to 2026-08-11 00:00:00+00:00, run_after=2026-08-12 00:00:00+00:00
[2026-08-12T05:18:32.299+0000] {processor.py:208} INFO - Processing /home/airflow/.local/lib/python3.12/site-packages/airflow/example_dags/example_short_circuit_operator.py took 0.093 seconds
[2026-08-12T05:19:02.544+0000] {processor.py:186} INFO - Started process (PID=5747) to work on /home/airflow/.local/lib/python3.12/site-packages/airflow/example_dags/example_short_circuit_operator.py
[2026-08-12T05:19:02.547+0000] {processor.py:914} INFO - Processing file /home/airflow/.local/lib/python3.12/site-packages/airflow/example_dags/example_short_circuit_operator.py for tasks to queue
[2026-08-12T05:19:02.551+0000] {logging_mixin.py:190} INFO - [2026-08-12T05:19:02.551+0000] {dagbag.py:587} INFO - Filling up the DagBag from /home/airflow/.local/lib/python3.12/site-packages/airflow/example_dags/example_short_circuit_operator.py
[2026-08-12T05:19:02.563+0000] {processor.py:925} INFO - DAG(s) 'example_short_circuit_operator' retrieved from /home/airflow/.local/lib/python3.12/site-packages/airflow/example_dags/example_short_circuit_operator.py
[2026-08-12T05:19:02.598+0000] {logging_mixin.py:190} INFO - [2026-08-12T05:19:02.598+0000] {dag.py:3211} INFO - Sync 1 DAGs
[2026-08-12T05:19:02.624+0000] {logging_mixin.py:190} INFO - [2026-08-12T05:19:02.624+0000] {dag.py:4138} INFO - Setting next_dagrun for example_short_circuit_operator to 2026-08-11 00:00:00+00:00, run_after=2026-08-12 00:00:00+00:00
[2026-08-12T05:19:02.646+0000] {processor.py:208} INFO - Processing /home/airflow/.local/lib/python3.12/site-packages/airflow/example_dags/example_short_circuit_operator.py took 0.109 seconds
[2026-08-12T05:19:33.829+0000] {processor.py:186} INFO - Started process (PID=5811) to work on /home/airflow/.local/lib/python3.12/site-packages/airflow/example_dags/example_short_circuit_operator.py
[2026-08-12T05:19:33.831+0000] {processor.py:914} INFO - Processing file /home/airflow/.local/lib/python3.12/site-packages/airflow/example_dags/example_short_circuit_operator.py for tasks to queue
[2026-08-12T05:19:33.836+0000] {logging_mixin.py:190} INFO - [2026-08-12T05:19:33.835+0000] {dagbag.py:587} INFO - Filling up the DagBag from /home/airflow/.local/lib/python3.12/site-packages/airflow/example_dags/example_short_circuit_operator.py
[2026-08-12T05:19:33.848+0000] {processor.py:925} INFO - DAG(s) 'example_short_circuit_operator' retrieved from /home/airflow/.local/lib/python3.12/site-packages/airflow/example_dags/example_short_circuit_operator.py
[2026-08-12T05:19:33.877+0000] {logging_mixin.py:190} INFO - [2026-08-12T05:19:33.877+0000] {dag.py:3211} INFO - Sync 1 DAGs
[2026-08-12T05:19:33.905+0000] {logging_mixin.py:190} INFO - [2026-08-12T05:19:33.905+0000] {dag.py:4138} INFO - Setting next_dagrun for example_short_circuit_operator to 2026-08-11 00:00:00+00:00, run_after=2026-08-12 00:00:00+00:00
[2026-08-12T05:19:33.931+0000] {processor.py:208} INFO - Processing /home/airflow/.local/lib/python3.12/site-packages/airflow/example_dags/example_short_circuit_operator.py took 0.110 seconds
[2026-08-12T05:20:04.478+0000] {processor.py:186} INFO - Started process (PID=5874) to work on /home/airflow/.local/lib/python3.12/site-packages/airflow/example_dags/example_short_circuit_operator.py
[2026-08-12T05:20:04.481+0000] {processor.py:914} INFO - Processing file /home/airflow/.local/lib/python3.12/site-packages/airflow/example_dags/example_short_circuit_operator.py for tasks to queue
[2026-08-12T05:20:04.485+0000] {logging_mixin.py:190} INFO - [2026-08-12T05:20:04.484+0000] {dagbag.py:587} INFO - Filling up the DagBag from /home/airflow/.local/lib/python3.12/site-packages/airflow/example_dags/example_short_circuit_operator.py
[2026-08-12T05:20:04.498+0000] {processor.py:925} INFO - DAG(s) 'example_short_circuit_operator' retrieved from /home/airflow/.local/lib/python3.12/site-packages/airflow/example_dags/example_short_circuit_operator.py
[2026-08-12T05:20:04.531+0000] {logging_mixin.py:190} INFO - [2026-08-12T05:20:04.531+0000] {dag.py:3211} INFO - Sync 1 DAGs
[2026-08-12T05:20:04.559+0000] {logging_mixin.py:190} INFO - [2026-08-12T05:20:04.559+0000] {dag.py:4138} INFO - Setting next_dagrun for example_short_circuit_operator to 2026-08-11 00:00:00+00:00, run_after=2026-08-12 00:00:00+00:00
[2026-08-12T05:20:04.584+0000] {processor.py:208} INFO - Processing /home/airflow/.local/lib/python3.12/site-packages/airflow/example_dags/example_short_circuit_operator.py took 0.115 seconds
[2026-08-12T05:20:35.016+0000] {processor.py:186} INFO - Started process (PID=5937) to work on /home/airflow/.local/lib/python3.12/site-packages/airflow/example_dags/example_short_circuit_operator.py
[2026-08-12T05:20:35.019+0000] {processor.py:914} INFO - Processing file /home/airflow/.local/lib/python3.12/site-packages/airflow/example_dags/example_short_circuit_operator.py for tasks to queue
[2026-08-12T05:20:35.022+0000] {logging_mixin.py:190} INFO - [2026-08-12T05:20:35.022+0000] {dagbag.py:587} INFO - Filling up the DagBag from /home/airflow/.local/lib/python3.12/site-packages/airflow/example_dags/example_short_circuit_operator.py
[2026-08-12T05:20:35.032+0000] {processor.py:925} INFO - DAG(s) 'example_short_circuit_operator' retrieved from /home/airflow/.local/lib/python3.12/site-packages/airflow/example_dags/example_short_circuit_operator.py
[2026-08-12T05:20:35.058+0000] {logging_mixin.py:190} INFO - [2026-08-12T05:20:35.058+0000] {dag.py:3211} INFO - Sync 1 DAGs
[2026-08-12T05:20:35.095+0000] {logging_mixin.py:190} INFO - [2026-08-12T05:20:35.094+0000] {dag.py:4138} INFO - Setting next_dagrun for example_short_circuit_operator to 2026-08-11 00:00:00+00:00, run_after=2026-08-12 00:00:00+00:00
[2026-08-12T05:20:35.122+0000] {processor.py:208} INFO - Processing /home/airflow/.local/lib/python3.12/site-packages/airflow/example_dags/example_short_circuit_operator.py took 0.112 seconds
[2026-08-12T05:21:06.236+0000] {processor.py:186} INFO - Started process (PID=6001) to work on /home/airflow/.local/lib/python3.12/site-packages/airflow/example_dags/example_short_circuit_operator.py
[2026-08-12T05:21:06.238+0000] {processor.py:914} INFO - Processing file /home/airflow/.local/lib/python3.12/site-packages/airflow/example_dags/example_short_circuit_operator.py for tasks to queue
[2026-08-12T05:21:06.241+0000] {logging_mixin.py:190} INFO - [2026-08-12T05:21:06.241+0000] {dagbag.py:587} INFO - Filling up the DagBag from /home/airflow/.local/lib/python3.12/site-packages/airflow/example_dags/example_short_circuit_operator.py
[2026-08-12T05:21:06.251+0000] {processor.py:925} INFO - DAG(s) 'example_short_circuit_operator' retrieved from /home/airflow/.local/lib/python3.12/site-packages/airflow/example_dags/example_short_circuit_operator.py
[2026-08-12T05:21:06.277+0000] {logging_mixin.py:190} INFO - [2026-08-12T05:21:06.276+0000] {dag.py:3211} INFO - Sync 1 DAGs
[2026-08-12T05:21:06.304+0000] {logging_mixin.py:190} INFO - [2026-08-12T05:21:06.303+0000] {dag.py:4138} INFO - Setting next_dagrun for example_short_circuit_operator to 2026-08-11 00:00:00+00:00, run_after=2026-08-12 00:00:00+00:00
[2026-08-12T05:21:06.325+0000] {processor.py:208} INFO - Processing /home/airflow/.local/lib/python3.12/site-packages/airflow/example_dags/example_short_circuit_operator.py took 0.095 seconds
[2026-08-12T05:21:36.660+0000] {processor.py:186} INFO - Started process (PID=6064) to work on /home/airflow/.local/lib/python3.12/site-packages/airflow/example_dags/example_short_circuit_operator.py
[2026-08-12T05:21:36.663+0000] {processor.py:914} INFO - Processing file /home/airflow/.local/lib/python3.12/site-packages/airflow/example_dags/example_short_circuit_operator.py for tasks to queue
[2026-08-12T05:21:36.666+0000] {logging_mixin.py:190} INFO - [2026-08-12T05:21:36.666+0000] {dagbag.py:587} INFO - Filling up the DagBag from /home/airflow/.local/lib/python3.12/site-packages/airflow/example_dags/example_short_circuit_operator.py
[2026-08-12T05:21:36.678+0000] {processor.py:925} INFO - DAG(s) 'example_short_circuit_operator' retrieved from /home/airflow/.local/lib/python3.12/site-packages/airflow/example_dags/example_short_circuit_operator.py
[2026-08-12T05:21:36.706+0000] {logging_mixin.py:190} INFO - [2026-08-12T05:21:36.705+0000] {dag.py:3211} INFO - Sync 1 DAGs
[2026-08-12T05:21:36.734+0000] {logging_mixin.py:190} INFO - [2026-08-12T05:21:36.733+0000] {dag.py:4138} INFO - Setting next_dagrun for example_short_circuit_operator to 2026-08-11 00:00:00+00:00, run_after=2026-08-12 00:00:00+00:00
[2026-08-12T05:21:36.764+0000] {processor.py:208} INFO - Processing /home/airflow/.local/lib/python3.12/site-packages/airflow/example_dags/example_short_circuit_operator.py took 0.111 seconds
[2026-08-12T05:22:07.249+0000] {processor.py:186} INFO - Started process (PID=6127) to work on /home/airflow/.local/lib/python3.12/site-packages/airflow/example_dags/example_short_circuit_operator.py
[2026-08-12T05:22:07.251+0000] {processor.py:914} INFO - Processing file /home/airflow/.local/lib/python3.12/site-packages/airflow/example_dags/example_short_circuit_operator.py for tasks to queue
[2026-08-12T05:22:07.257+0000] {logging_mixin.py:190} INFO - [2026-08-12T05:22:07.257+0000] {dagbag.py:587} INFO - Filling up the DagBag from /home/airflow/.local/lib/python3.12/site-packages/airflow/example_dags/example_short_circuit_operator.py
[2026-08-12T05:22:07.271+0000] {processor.py:925} INFO - DAG(s) 'example_short_circuit_operator' retrieved from /home/airflow/.local/lib/python3.12/site-packages/airflow/example_dags/example_short_circuit_operator.py
[2026-08-12T05:22:07.300+0000] {logging_mixin.py:190} INFO - [2026-08-12T05:22:07.300+0000] {dag.py:3211} INFO - Sync 1 DAGs
[2026-08-12T05:22:07.327+0000] {logging_mixin.py:190} INFO - [2026-08-12T05:22:07.327+0000] {dag.py:4138} INFO - Setting next_dagrun for example_short_circuit_operator to 2026-08-11 00:00:00+00:00, run_after=2026-08-12 00:00:00+00:00
[2026-08-12T05:22:07.354+0000] {processor.py:208} INFO - Processing /home/airflow/.local/lib/python3.12/site-packages/airflow/example_dags/example_short_circuit_operator.py took 0.113 seconds
[2026-08-12T05:22:37.930+0000] {processor.py:186} INFO - Started process (PID=6190) to work on /home/airflow/.local/lib/python3.12/site-packages/airflow/example_dags/example_short_circuit_operator.py
[2026-08-12T05:22:37.933+0000] {processor.py:914} INFO - Processing file /home/airflow/.local/lib/python3.12/site-packages/airflow/example_dags/example_short_circuit_operator.py for tasks to queue
[2026-08-12T05:22:37.937+0000] {logging_mixin.py:190} INFO - [2026-08-12T05:22:37.937+0000] {dagbag.py:587} INFO - Filling up the DagBag from /home/airflow/.local/lib/python3.12/site-packages/airflow/example_dags/example_short_circuit_operator.py
[2026-08-12T05:22:37.956+0000] {processor.py:925} INFO - DAG(s) 'example_short_circuit_operator' retrieved from /home/airflow/.local/lib/python3.12/site-packages/airflow/example_dags/example_short_circuit_operator.py
[2026-08-12T05:22:37.996+0000] {logging_mixin.py:190} INFO - [2026-08-12T05:22:37.996+0000] {dag.py:3211} INFO - Sync 1 DAGs
[2026-08-12T05:22:38.038+0000] {logging_mixin.py:190} INFO - [2026-08-12T05:22:38.038+0000] {dag.py:4138} INFO - Setting next_dagrun for example_short_circuit_operator to 2026-08-11 00:00:00+00:00, run_after=2026-08-12 00:00:00+00:00
[2026-08-12T05:22:38.076+0000] {processor.py:208} INFO - Processing /home/airflow/.local/lib/python3.12/site-packages/airflow/example_dags/example_short_circuit_operator.py took 0.154 seconds
[2026-08-12T05:23:08.466+0000] {processor.py:186} INFO - Started process (PID=6253) to work on /home/airflow/.local/lib/python3.12/site-packages/airflow/example_dags/example_short_circuit_operator.py
[2026-08-12T05:23:08.468+0000] {processor.py:914} INFO - Processing file /home/airflow/.local/lib/python3.12/site-packages/airflow/example_dags/example_short_circuit_operator.py for tasks to queue
[2026-08-12T05:23:08.473+0000] {logging_mixin.py:190} INFO - [2026-08-12T05:23:08.472+0000] {dagbag.py:587} INFO - Filling up the DagBag from /home/airflow/.local/lib/python3.12/site-packages/airflow/example_dags/example_short_circuit_operator.py
[2026-08-12T05:23:08.484+0000] {processor.py:925} INFO - DAG(s) 'example_short_circuit_operator' retrieved from /home/airflow/.local/lib/python3.12/site-packages/airflow/example_dags/example_short_circuit_operator.py
[2026-08-12T05:23:08.514+0000] {logging_mixin.py:190} INFO - [2026-08-12T05:23:08.514+0000] {dag.py:3211} INFO - Sync 1 DAGs
[2026-08-12T05:23:08.557+0000] {logging_mixin.py:190} INFO - [2026-08-12T05:23:08.557+0000] {dag.py:4138} INFO - Setting next_dagrun for example_short_circuit_operator to 2026-08-11 00:00:00+00:00, run_after=2026-08-12 00:00:00+00:00
[2026-08-12T05:23:08.608+0000] {processor.py:208} INFO - Processing /home/airflow/.local/lib/python3.12/site-packages/airflow/example_dags/example_short_circuit_operator.py took 0.148 seconds
[2026-08-12T05:23:39.597+0000] {processor.py:186} INFO - Started process (PID=6316) to work on /home/airflow/.local/lib/python3.12/site-packages/airflow/example_dags/example_short_circuit_operator.py
[2026-08-12T05:23:39.602+0000] {processor.py:914} INFO - Processing file /home/airflow/.local/lib/python3.12/site-packages/airflow/example_dags/example_short_circuit_operator.py for tasks to queue
[2026-08-12T05:23:39.614+0000] {logging_mixin.py:190} INFO - [2026-08-12T05:23:39.613+0000] {dagbag.py:587} INFO - Filling up the DagBag from /home/airflow/.local/lib/python3.12/site-packages/airflow/example_dags/example_short_circuit_operator.py
[2026-08-12T05:23:39.630+0000] {processor.py:925} INFO - DAG(s) 'example_short_circuit_operator' retrieved from /home/airflow/.local/lib/python3.12/site-packages/airflow/example_dags/example_short_circuit_operator.py
[2026-08-12T05:23:39.665+0000] {logging_mixin.py:190} INFO - [2026-08-12T05:23:39.665+0000] {dag.py:3211} INFO - Sync 1 DAGs
[2026-08-12T05:23:39.706+0000] {logging_mixin.py:190} INFO - [2026-08-12T05:23:39.705+0000] {dag.py:4138} INFO - Setting next_dagrun for example_short_circuit_operator to 2026-08-11 00:00:00+00:00, run_after=2026-08-12 00:00:00+00:00
[2026-08-12T05:23:39.730+0000] {processor.py:208} INFO - Processing /home/airflow/.local/lib/python3.12/site-packages/airflow/example_dags/example_short_circuit_operator.py took 0.153 seconds
[2026-08-12T05:24:09.959+0000] {processor.py:186} INFO - Started process (PID=6379) to work on /home/airflow/.local/lib/python3.12/site-packages/airflow/example_dags/example_short_circuit_operator.py
[2026-08-12T05:24:09.962+0000] {processor.py:914} INFO - Processing file /home/airflow/.local/lib/python3.12/site-packages/airflow/example_dags/example_short_circuit_operator.py for tasks to queue
[2026-08-12T05:24:09.966+0000] {logging_mixin.py:190} INFO - [2026-08-12T05:24:09.965+0000] {dagbag.py:587} INFO - Filling up the DagBag from /home/airflow/.local/lib/python3.12/site-packages/airflow/example_dags/example_short_circuit_operator.py
[2026-08-12T05:24:09.983+0000] {processor.py:925} INFO - DAG(s) 'example_short_circuit_operator' retrieved from /home/airflow/.local/lib/python3.12/site-packages/airflow/example_dags/example_short_circuit_operator.py
[2026-08-12T05:24:10.012+0000] {logging_mixin.py:190} INFO - [2026-08-12T05:24:10.011+0000] {dag.py:3211} INFO - Sync 1 DAGs
[2026-08-12T05:24:10.045+0000] {logging_mixin.py:190} INFO - [2026-08-12T05:24:10.044+0000] {dag.py:4138} INFO - Setting next_dagrun for example_short_circuit_operator to 2026-08-11 00:00:00+00:00, run_after=2026-08-12 00:00:00+00:00
[2026-08-12T05:24:10.071+0000] {processor.py:208} INFO - Processing /home/airflow/.local/lib/python3.12/site-packages/airflow/example_dags/example_short_circuit_operator.py took 0.120 seconds
[2026-08-12T05:24:40.771+0000] {processor.py:186} INFO - Started process (PID=6443) to work on /home/airflow/.local/lib/python3.12/site-packages/airflow/example_dags/example_short_circuit_operator.py
[2026-08-12T05:24:40.773+0000] {processor.py:914} INFO - Processing file /home/airflow/.local/lib/python3.12/site-packages/airflow/example_dags/example_short_circuit_operator.py for tasks to queue
[2026-08-12T05:24:40.779+0000] {logging_mixin.py:190} INFO - [2026-08-12T05:24:40.778+0000] {dagbag.py:587} INFO - Filling up the DagBag from /home/airflow/.local/lib/python3.12/site-packages/airflow/example_dags/example_short_circuit_operator.py
[2026-08-12T05:24:40.798+0000] {processor.py:925} INFO - DAG(s) 'example_short_circuit_operator' retrieved from /home/airflow/.local/lib/python3.12/site-packages/airflow/example_dags/example_short_circuit_operator.py
[2026-08-12T05:24:40.829+0000] {logging_mixin.py:190} INFO - [2026-08-12T05:24:40.828+0000] {dag.py:3211} INFO - Sync 1 DAGs
[2026-08-12T05:24:40.859+0000] {logging_mixin.py:190} INFO - [2026-08-12T05:24:40.859+0000] {dag.py:4138} INFO - Setting next_dagrun for example_short_circuit_operator to 2026-08-11 00:00:00+00:00, run_after=2026-08-12 00:00:00+00:00
[2026-08-12T05:24:40.892+0000] {processor.py:208} INFO - Processing /home/airflow/.local/lib/python3.12/site-packages/airflow/example_dags/example_short_circuit_operator.py took 0.131 seconds
[2026-08-12T05:25:11.415+0000] {processor.py:186} INFO - Started process (PID=6506) to work on /home/airflow/.local/lib/python3.12/site-packages/airflow/example_dags/example_short_circuit_operator.py
[2026-08-12T05:25:11.417+0000] {processor.py:914} INFO - Processing file /home/airflow/.local/lib/python3.12/site-packages/airflow/example_dags/example_short_circuit_operator.py for tasks to queue
[2026-08-12T05:25:11.426+0000] {logging_mixin.py:190} INFO - [2026-08-12T05:25:11.425+0000] {dagbag.py:587} INFO - Filling up the DagBag from /home/airflow/.local/lib/python3.12/site-packages/airflow/example_dags/example_short_circuit_operator.py
[2026-08-12T05:25:11.447+0000] {processor.py:925} INFO - DAG(s) 'example_short_circuit_operator' retrieved from /home/airflow/.local/lib/python3.12/site-packages/airflow/example_dags/example_short_circuit_operator.py
[2026-08-12T05:25:11.477+0000] {logging_mixin.py:190} INFO - [2026-08-12T05:25:11.477+0000] {dag.py:3211} INFO - Sync 1 DAGs
[2026-08-12T05:25:11.503+0000] {logging_mixin.py:190} INFO - [2026-08-12T05:25:11.502+0000] {dag.py:4138} INFO - Setting next_dagrun for example_short_circuit_operator to 2026-08-11 00:00:00+00:00, run_after=2026-08-12 00:00:00+00:00
[2026-08-12T05:25:11.527+0000] {processor.py:208} INFO - Processing /home/airflow/.local/lib/python3.12/site-packages/airflow/example_dags/example_short_circuit_operator.py took 0.120 seconds
[2026-08-12T05:25:42.081+0000] {processor.py:186} INFO - Started process (PID=6569) to work on /home/airflow/.local/lib/python3.12/site-packages/airflow/example_dags/example_short_circuit_operator.py
[2026-08-12T05:25:42.083+0000] {processor.py:914} INFO - Processing file /home/airflow/.local/lib/python3.12/site-packages/airflow/example_dags/example_short_circuit_operator.py for tasks to queue
[2026-08-12T05:25:42.087+0000] {logging_mixin.py:190} INFO - [2026-08-12T05:25:42.087+0000] {dagbag.py:587} INFO - Filling up the DagBag from /home/airflow/.local/lib/python3.12/site-packages/airflow/example_dags/example_short_circuit_operator.py
[2026-08-12T05:25:42.100+0000] {processor.py:925} INFO - DAG(s) 'example_short_circuit_operator' retrieved from /home/airflow/.local/lib/python3.12/site-packages/airflow/example_dags/example_short_circuit_operator.py
[2026-08-12T05:25:42.127+0000] {logging_mixin.py:190} INFO - [2026-08-12T05:25:42.127+0000] {dag.py:3211} INFO - Sync 1 DAGs
[2026-08-12T05:25:42.153+0000] {logging_mixin.py:190} INFO - [2026-08-12T05:25:42.153+0000] {dag.py:4138} INFO - Setting next_dagrun for example_short_circuit_operator to 2026-08-11 00:00:00+00:00, run_after=2026-08-12 00:00:00+00:00
[2026-08-12T05:25:42.177+0000] {processor.py:208} INFO - Processing /home/airflow/.local/lib/python3.12/site-packages/airflow/example_dags/example_short_circuit_operator.py took 0.103 seconds
[2026-08-12T05:26:13.116+0000] {processor.py:186} INFO - Started process (PID=6632) to work on /home/airflow/.local/lib/python3.12/site-packages/airflow/example_dags/example_short_circuit_operator.py
[2026-08-12T05:26:13.124+0000] {processor.py:914} INFO - Processing file /home/airflow/.local/lib/python3.12/site-packages/airflow/example_dags/example_short_circuit_operator.py for tasks to queue
[2026-08-12T05:26:13.134+0000] {logging_mixin.py:190} INFO - [2026-08-12T05:26:13.133+0000] {dagbag.py:587} INFO - Filling up the DagBag from /home/airflow/.local/lib/python3.12/site-packages/airflow/example_dags/example_short_circuit_operator.py
[2026-08-12T05:26:13.160+0000] {processor.py:925} INFO - DAG(s) 'example_short_circuit_operator' retrieved from /home/airflow/.local/lib/python3.12/site-packages/airflow/example_dags/example_short_circuit_operator.py
[2026-08-12T05:26:13.198+0000] {logging_mixin.py:190} INFO - [2026-08-12T05:26:13.197+0000] {dag.py:3211} INFO - Sync 1 DAGs
[2026-08-12T05:26:13.227+0000] {logging_mixin.py:190} INFO - [2026-08-12T05:26:13.227+0000] {dag.py:4138} INFO - Setting next_dagrun for example_short_circuit_operator to 2026-08-11 00:00:00+00:00, run_after=2026-08-12 00:00:00+00:00
[2026-08-12T05:26:13.278+0000] {processor.py:208} INFO - Processing /home/airflow/.local/lib/python3.12/site-packages/airflow/example_dags/example_short_circuit_operator.py took 0.175 seconds
[2026-08-12T05:26:43.926+0000] {processor.py:186} INFO - Started process (PID=6695) to work on /home/airflow/.local/lib/python3.12/site-packages/airflow/example_dags/example_short_circuit_operator.py
[2026-08-12T05:26:43.933+0000] {processor.py:914} INFO - Processing file /home/airflow/.local/lib/python3.12/site-packages/airflow/example_dags/example_short_circuit_operator.py for tasks to queue
[2026-08-12T05:26:43.956+0000] {logging_mixin.py:190} INFO - [2026-08-12T05:26:43.953+0000] {dagbag.py:587} INFO - Filling up the DagBag from /home/airflow/.local/lib/python3.12/site-packages/airflow/example_dags/example_short_circuit_operator.py
[2026-08-12T05:26:43.980+0000] {processor.py:925} INFO - DAG(s) 'example_short_circuit_operator' retrieved from /home/airflow/.local/lib/python3.12/site-packages/airflow/example_dags/example_short_circuit_operator.py
[2026-08-12T05:26:44.011+0000] {logging_mixin.py:190} INFO - [2026-08-12T05:26:44.010+0000] {dag.py:3211} INFO - Sync 1 DAGs
[2026-08-12T05:26:44.066+0000] {logging_mixin.py:190} INFO - [2026-08-12T05:26:44.065+0000] {dag.py:4138} INFO - Setting next_dagrun for example_short_circuit_operator to 2026-08-11 00:00:00+00:00, run_after=2026-08-12 00:00:00+00:00
[2026-08-12T05:26:44.094+0000] {processor.py:208} INFO - Processing /home/airflow/.local/lib/python3.12/site-packages/airflow/example_dags/example_short_circuit_operator.py took 0.198 seconds
[2026-08-12T05:27:14.457+0000] {processor.py:186} INFO - Started process (PID=6758) to work on /home/airflow/.local/lib/python3.12/site-packages/airflow/example_dags/example_short_circuit_operator.py
[2026-08-12T05:27:14.461+0000] {processor.py:914} INFO - Processing file /home/airflow/.local/lib/python3.12/site-packages/airflow/example_dags/example_short_circuit_operator.py for tasks to queue
[2026-08-12T05:27:14.465+0000] {logging_mixin.py:190} INFO - [2026-08-12T05:27:14.465+0000] {dagbag.py:587} INFO - Filling up the DagBag from /home/airflow/.local/lib/python3.12/site-packages/airflow/example_dags/example_short_circuit_operator.py
[2026-08-12T05:27:14.477+0000] {processor.py:925} INFO - DAG(s) 'example_short_circuit_operator' retrieved from /home/airflow/.local/lib/python3.12/site-packages/airflow/example_dags/example_short_circuit_operator.py
[2026-08-12T05:27:14.502+0000] {logging_mixin.py:190} INFO - [2026-08-12T05:27:14.502+0000] {dag.py:3211} INFO - Sync 1 DAGs
[2026-08-12T05:27:14.527+0000] {logging_mixin.py:190} INFO - [2026-08-12T05:27:14.527+0000] {dag.py:4138} INFO - Setting next_dagrun for example_short_circuit_operator to 2026-08-11 00:00:00+00:00, run_after=2026-08-12 00:00:00+00:00
[2026-08-12T05:27:14.549+0000] {processor.py:208} INFO - Processing /home/airflow/.local/lib/python3.12/site-packages/airflow/example_dags/example_short_circuit_operator.py took 0.097 seconds
[2026-08-12T05:27:44.810+0000] {processor.py:186} INFO - Started process (PID=6821) to work on /home/airflow/.local/lib/python3.12/site-packages/airflow/example_dags/example_short_circuit_operator.py
[2026-08-12T05:27:44.812+0000] {processor.py:914} INFO - Processing file /home/airflow/.local/lib/python3.12/site-packages/airflow/example_dags/example_short_circuit_operator.py for tasks to queue
[2026-08-12T05:27:44.817+0000] {logging_mixin.py:190} INFO - [2026-08-12T05:27:44.816+0000] {dagbag.py:587} INFO - Filling up the DagBag from /home/airflow/.local/lib/python3.12/site-packages/airflow/example_dags/example_short_circuit_operator.py
[2026-08-12T05:27:44.831+0000] {processor.py:925} INFO - DAG(s) 'example_short_circuit_operator' retrieved from /home/airflow/.local/lib/python3.12/site-packages/airflow/example_dags/example_short_circuit_operator.py
[2026-08-12T05:27:44.863+0000] {logging_mixin.py:190} INFO - [2026-08-12T05:27:44.863+0000] {dag.py:3211} INFO - Sync 1 DAGs
[2026-08-12T05:27:44.894+0000] {logging_mixin.py:190} INFO - [2026-08-12T05:27:44.893+0000] {dag.py:4138} INFO - Setting next_dagrun for example_short_circuit_operator to 2026-08-11 00:00:00+00:00, run_after=2026-08-12 00:00:00+00:00
[2026-08-12T05:27:44.926+0000] {processor.py:208} INFO - Processing /home/airflow/.local/lib/python3.12/site-packages/airflow/example_dags/example_short_circuit_operator.py took 0.122 seconds
[2026-08-12T05:28:15.587+0000] {processor.py:186} INFO - Started process (PID=6884) to work on /home/airflow/.local/lib/python3.12/site-packages/airflow/example_dags/example_short_circuit_operator.py
[2026-08-12T05:28:15.591+0000] {processor.py:914} INFO - Processing file /home/airflow/.local/lib/python3.12/site-packages/airflow/example_dags/example_short_circuit_operator.py for tasks to queue
[2026-08-12T05:28:15.596+0000] {logging_mixin.py:190} INFO - [2026-08-12T05:28:15.595+0000] {dagbag.py:587} INFO - Filling up the DagBag from /home/airflow/.local/lib/python3.12/site-packages/airflow/example_dags/example_short_circuit_operator.py
[2026-08-12T05:28:15.608+0000] {processor.py:925} INFO - DAG(s) 'example_short_circuit_operator' retrieved from /home/airflow/.local/lib/python3.12/site-packages/airflow/example_dags/example_short_circuit_operator.py
[2026-08-12T05:28:15.636+0000] {logging_mixin.py:190} INFO - [2026-08-12T05:28:15.635+0000] {dag.py:3211} INFO - Sync 1 DAGs
[2026-08-12T05:28:15.667+0000] {logging_mixin.py:190} INFO - [2026-08-12T05:28:15.667+0000] {dag.py:4138} INFO - Setting next_dagrun for example_short_circuit_operator to 2026-08-11 00:00:00+00:00, run_after=2026-08-12 00:00:00+00:00
[2026-08-12T05:28:15.708+0000] {processor.py:208} INFO - Processing /home/airflow/.local/lib/python3.12/site-packages/airflow/example_dags/example_short_circuit_operator.py took 0.127 seconds
[2026-08-12T05:28:46.525+0000] {processor.py:186} INFO - Started process (PID=6947) to work on /home/airflow/.local/lib/python3.12/site-packages/airflow/example_dags/example_short_circuit_operator.py
[2026-08-12T05:28:46.528+0000] {processor.py:914} INFO - Processing file /home/airflow/.local/lib/python3.12/site-packages/airflow/example_dags/example_short_circuit_operator.py for tasks to queue
[2026-08-12T05:28:46.532+0000] {logging_mixin.py:190} INFO - [2026-08-12T05:28:46.532+0000] {dagbag.py:587} INFO - Filling up the DagBag from /home/airflow/.local/lib/python3.12/site-packages/airflow/example_dags/example_short_circuit_operator.py
[2026-08-12T05:28:46.547+0000] {processor.py:925} INFO - DAG(s) 'example_short_circuit_operator' retrieved from /home/airflow/.local/lib/python3.12/site-packages/airflow/example_dags/example_short_circuit_operator.py
[2026-08-12T05:28:46.575+0000] {logging_mixin.py:190} INFO - [2026-08-12T05:28:46.575+0000] {dag.py:3211} INFO - Sync 1 DAGs
[2026-08-12T05:28:46.608+0000] {logging_mixin.py:190} INFO - [2026-08-12T05:28:46.607+0000] {dag.py:4138} INFO - Setting next_dagrun for example_short_circuit_operator to 2026-08-11 00:00:00+00:00, run_after=2026-08-12 00:00:00+00:00
[2026-08-12T05:28:46.635+0000] {processor.py:208} INFO - Processing /home/airflow/.local/lib/python3.12/site-packages/airflow/example_dags/example_short_circuit_operator.py took 0.118 seconds
[2026-08-12T05:29:17.460+0000] {processor.py:186} INFO - Started process (PID=7010) to work on /home/airflow/.local/lib/python3.12/site-packages/airflow/example_dags/example_short_circuit_operator.py
[2026-08-12T05:29:17.462+0000] {processor.py:914} INFO - Processing file /home/airflow/.local/lib/python3.12/site-packages/airflow/example_dags/example_short_circuit_operator.py for tasks to queue
[2026-08-12T05:29:17.467+0000] {logging_mixin.py:190} INFO - [2026-08-12T05:29:17.466+0000] {dagbag.py:587} INFO - Filling up the DagBag from /home/airflow/.local/lib/python3.12/site-packages/airflow/example_dags/example_short_circuit_operator.py
[2026-08-12T05:29:17.482+0000] {processor.py:925} INFO - DAG(s) 'example_short_circuit_operator' retrieved from /home/airflow/.local/lib/python3.12/site-packages/airflow/example_dags/example_short_circuit_operator.py
[2026-08-12T05:29:17.519+0000] {logging_mixin.py:190} INFO - [2026-08-12T05:29:17.519+0000] {dag.py:3211} INFO - Sync 1 DAGs
[2026-08-12T05:29:17.557+0000] {logging_mixin.py:190} INFO - [2026-08-12T05:29:17.556+0000] {dag.py:4138} INFO - Setting next_dagrun for example_short_circuit_operator to 2026-08-11 00:00:00+00:00, run_after=2026-08-12 00:00:00+00:00
[2026-08-12T05:29:17.588+0000] {processor.py:208} INFO - Processing /home/airflow/.local/lib/python3.12/site-packages/airflow/example_dags/example_short_circuit_operator.py took 0.137 seconds
[2026-08-12T05:29:48.399+0000] {processor.py:186} INFO - Started process (PID=7073) to work on /home/airflow/.local/lib/python3.12/site-packages/airflow/example_dags/example_short_circuit_operator.py
[2026-08-12T05:29:48.404+0000] {processor.py:914} INFO - Processing file /home/airflow/.local/lib/python3.12/site-packages/airflow/example_dags/example_short_circuit_operator.py for tasks to queue
[2026-08-12T05:29:48.410+0000] {logging_mixin.py:190} INFO - [2026-08-12T05:29:48.409+0000] {dagbag.py:587} INFO - Filling up the DagBag from /home/airflow/.local/lib/python3.12/site-packages/airflow/example_dags/example_short_circuit_operator.py
[2026-08-12T05:29:48.424+0000] {processor.py:925} INFO - DAG(s) 'example_short_circuit_operator' retrieved from /home/airflow/.local/lib/python3.12/site-packages/airflow/example_dags/example_short_circuit_operator.py
[2026-08-12T05:29:48.466+0000] {logging_mixin.py:190} INFO - [2026-08-12T05:29:48.466+0000] {dag.py:3211} INFO - Sync 1 DAGs
[2026-08-12T05:29:48.511+0000] {logging_mixin.py:190} INFO - [2026-08-12T05:29:48.510+0000] {dag.py:4138} INFO - Setting next_dagrun for example_short_circuit_operator to 2026-08-11 00:00:00+00:00, run_after=2026-08-12 00:00:00+00:00
[2026-08-12T05:29:48.540+0000] {processor.py:208} INFO - Processing /home/airflow/.local/lib/python3.12/site-packages/airflow/example_dags/example_short_circuit_operator.py took 0.151 seconds
[2026-08-12T05:30:18.990+0000] {processor.py:186} INFO - Started process (PID=7136) to work on /home/airflow/.local/lib/python3.12/site-packages/airflow/example_dags/example_short_circuit_operator.py
[2026-08-12T05:30:18.994+0000] {processor.py:914} INFO - Processing file /home/airflow/.local/lib/python3.12/site-packages/airflow/example_dags/example_short_circuit_operator.py for tasks to queue
[2026-08-12T05:30:18.998+0000] {logging_mixin.py:190} INFO - [2026-08-12T05:30:18.997+0000] {dagbag.py:587} INFO - Filling up the DagBag from /home/airflow/.local/lib/python3.12/site-packages/airflow/example_dags/example_short_circuit_operator.py
[2026-08-12T05:30:19.013+0000] {processor.py:925} INFO - DAG(s) 'example_short_circuit_operator' retrieved from /home/airflow/.local/lib/python3.12/site-packages/airflow/example_dags/example_short_circuit_operator.py
[2026-08-12T05:30:19.049+0000] {logging_mixin.py:190} INFO - [2026-08-12T05:30:19.049+0000] {dag.py:3211} INFO - Sync 1 DAGs
[2026-08-12T05:30:19.077+0000] {logging_mixin.py:190} INFO - [2026-08-12T05:30:19.077+0000] {dag.py:4138} INFO - Setting next_dagrun for example_short_circuit_operator to 2026-08-11 00:00:00+00:00, run_after=2026-08-12 00:00:00+00:00
[2026-08-12T05:30:19.103+0000] {processor.py:208} INFO - Processing /home/airflow/.local/lib/python3.12/site-packages/airflow/example_dags/example_short_circuit_operator.py took 0.121 seconds
[2026-08-12T05:30:49.451+0000] {processor.py:186} INFO - Started process (PID=7199) to work on /home/airflow/.local/lib/python3.12/site-packages/airflow/example_dags/example_short_circuit_operator.py
[2026-08-12T05:30:49.453+0000] {processor.py:914} INFO - Processing file /home/airflow/.local/lib/python3.12/site-packages/airflow/example_dags/example_short_circuit_operator.py for tasks to queue
[2026-08-12T05:30:49.458+0000] {logging_mixin.py:190} INFO - [2026-08-12T05:30:49.457+0000] {dagbag.py:587} INFO - Filling up the DagBag from /home/airflow/.local/lib/python3.12/site-packages/airflow/example_dags/example_short_circuit_operator.py
[2026-08-12T05:30:49.471+0000] {processor.py:925} INFO - DAG(s) 'example_short_circuit_operator' retrieved from /home/airflow/.local/lib/python3.12/site-packages/airflow/example_dags/example_short_circuit_operator.py
[2026-08-12T05:30:49.497+0000] {logging_mixin.py:190} INFO - [2026-08-12T05:30:49.497+0000] {dag.py:3211} INFO - Sync 1 DAGs
[2026-08-12T05:30:49.528+0000] {logging_mixin.py:190} INFO - [2026-08-12T05:30:49.528+0000] {dag.py:4138} INFO - Setting next_dagrun for example_short_circuit_operator to 2026-08-11 00:00:00+00:00, run_after=2026-08-12 00:00:00+00:00
[2026-08-12T05:30:49.557+0000] {processor.py:208} INFO - Processing /home/airflow/.local/lib/python3.12/site-packages/airflow/example_dags/example_short_circuit_operator.py took 0.112 seconds
[2026-08-12T05:31:19.672+0000] {processor.py:186} INFO - Started process (PID=7261) to work on /home/airflow/.local/lib/python3.12/site-packages/airflow/example_dags/example_short_circuit_operator.py
[2026-08-12T05:31:19.675+0000] {processor.py:914} INFO - Processing file /home/airflow/.local/lib/python3.12/site-packages/airflow/example_dags/example_short_circuit_operator.py for tasks to queue
[2026-08-12T05:31:19.680+0000] {logging_mixin.py:190} INFO - [2026-08-12T05:31:19.679+0000] {dagbag.py:587} INFO - Filling up the DagBag from /home/airflow/.local/lib/python3.12/site-packages/airflow/example_dags/example_short_circuit_operator.py
[2026-08-12T05:31:19.694+0000] {processor.py:925} INFO - DAG(s) 'example_short_circuit_operator' retrieved from /home/airflow/.local/lib/python3.12/site-packages/airflow/example_dags/example_short_circuit_operator.py
[2026-08-12T05:31:19.726+0000] {logging_mixin.py:190} INFO - [2026-08-12T05:31:19.726+0000] {dag.py:3211} INFO - Sync 1 DAGs
[2026-08-12T05:31:19.757+0000] {logging_mixin.py:190} INFO - [2026-08-12T05:31:19.757+0000] {dag.py:4138} INFO - Setting next_dagrun for example_short_circuit_operator to 2026-08-11 00:00:00+00:00, run_after=2026-08-12 00:00:00+00:00
[2026-08-12T05:31:19.790+0000] {processor.py:208} INFO - Processing /home/airflow/.local/lib/python3.12/site-packages/airflow/example_dags/example_short_circuit_operator.py took 0.126 seconds
[2026-08-12T05:31:50.207+0000] {processor.py:186} INFO - Started process (PID=7324) to work on /home/airflow/.local/lib/python3.12/site-packages/airflow/example_dags/example_short_circuit_operator.py
[2026-08-12T05:31:50.211+0000] {processor.py:914} INFO - Processing file /home/airflow/.local/lib/python3.12/site-packages/airflow/example_dags/example_short_circuit_operator.py for tasks to queue
[2026-08-12T05:31:50.216+0000] {logging_mixin.py:190} INFO - [2026-08-12T05:31:50.215+0000] {dagbag.py:587} INFO - Filling up the DagBag from /home/airflow/.local/lib/python3.12/site-packages/airflow/example_dags/example_short_circuit_operator.py
[2026-08-12T05:31:50.227+0000] {processor.py:925} INFO - DAG(s) 'example_short_circuit_operator' retrieved from /home/airflow/.local/lib/python3.12/site-packages/airflow/example_dags/example_short_circuit_operator.py
[2026-08-12T05:31:50.253+0000] {logging_mixin.py:190} INFO - [2026-08-12T05:31:50.253+0000] {dag.py:3211} INFO - Sync 1 DAGs
[2026-08-12T05:31:50.281+0000] {logging_mixin.py:190} INFO - [2026-08-12T05:31:50.281+0000] {dag.py:4138} INFO - Setting next_dagrun for example_short_circuit_operator to 2026-08-11 00:00:00+00:00, run_after=2026-08-12 00:00:00+00:00
[2026-08-12T05:31:50.306+0000] {processor.py:208} INFO - Processing /home/airflow/.local/lib/python3.12/site-packages/airflow/example_dags/example_short_circuit_operator.py took 0.105 seconds
[2026-08-12T05:32:20.645+0000] {processor.py:186} INFO - Started process (PID=7387) to work on /home/airflow/.local/lib/python3.12/site-packages/airflow/example_dags/example_short_circuit_operator.py
[2026-08-12T05:32:20.648+0000] {processor.py:914} INFO - Processing file /home/airflow/.local/lib/python3.12/site-packages/airflow/example_dags/example_short_circuit_operator.py for tasks to queue
[2026-08-12T05:32:20.657+0000] {logging_mixin.py:190} INFO - [2026-08-12T05:32:20.656+0000] {dagbag.py:587} INFO - Filling up the DagBag from /home/airflow/.local/lib/python3.12/site-packages/airflow/example_dags/example_short_circuit_operator.py
[2026-08-12T05:32:20.683+0000] {processor.py:925} INFO - DAG(s) 'example_short_circuit_operator' retrieved from /home/airflow/.local/lib/python3.12/site-packages/airflow/example_dags/example_short_circuit_operator.py
[2026-08-12T05:32:20.732+0000] {logging_mixin.py:190} INFO - [2026-08-12T05:32:20.732+0000] {dag.py:3211} INFO - Sync 1 DAGs
[2026-08-12T05:32:20.786+0000] {logging_mixin.py:190} INFO - [2026-08-12T05:32:20.786+0000] {dag.py:4138} INFO - Setting next_dagrun for example_short_circuit_operator to 2026-08-11 00:00:00+00:00, run_after=2026-08-12 00:00:00+00:00
[2026-08-12T05:32:20.822+0000] {processor.py:208} INFO - Processing /home/airflow/.local/lib/python3.12/site-packages/airflow/example_dags/example_short_circuit_operator.py took 0.189 seconds
[2026-08-12T05:32:51.624+0000] {processor.py:186} INFO - Started process (PID=7450) to work on /home/airflow/.local/lib/python3.12/site-packages/airflow/example_dags/example_short_circuit_operator.py
[2026-08-12T05:32:51.628+0000] {processor.py:914} INFO - Processing file /home/airflow/.local/lib/python3.12/site-packages/airflow/example_dags/example_short_circuit_operator.py for tasks to queue
[2026-08-12T05:32:51.633+0000] {logging_mixin.py:190} INFO - [2026-08-12T05:32:51.632+0000] {dagbag.py:587} INFO - Filling up the DagBag from /home/airflow/.local/lib/python3.12/site-packages/airflow/example_dags/example_short_circuit_operator.py
[2026-08-12T05:32:51.647+0000] {processor.py:925} INFO - DAG(s) 'example_short_circuit_operator' retrieved from /home/airflow/.local/lib/python3.12/site-packages/airflow/example_dags/example_short_circuit_operator.py
[2026-08-12T05:32:51.682+0000] {logging_mixin.py:190} INFO - [2026-08-12T05:32:51.682+0000] {dag.py:3211} INFO - Sync 1 DAGs
[2026-08-12T05:32:51.712+0000] {logging_mixin.py:190} INFO - [2026-08-12T05:32:51.712+0000] {dag.py:4138} INFO - Setting next_dagrun for example_short_circuit_operator to 2026-08-11 00:00:00+00:00, run_after=2026-08-12 00:00:00+00:00
[2026-08-12T05:32:51.735+0000] {processor.py:208} INFO - Processing /home/airflow/.local/lib/python3.12/site-packages/airflow/example_dags/example_short_circuit_operator.py took 0.120 seconds
[2026-08-12T05:33:22.293+0000] {processor.py:186} INFO - Started process (PID=7513) to work on /home/airflow/.local/lib/python3.12/site-packages/airflow/example_dags/example_short_circuit_operator.py
[2026-08-12T05:33:22.295+0000] {processor.py:914} INFO - Processing file /home/airflow/.local/lib/python3.12/site-packages/airflow/example_dags/example_short_circuit_operator.py for tasks to queue
[2026-08-12T05:33:22.299+0000] {logging_mixin.py:190} INFO - [2026-08-12T05:33:22.299+0000] {dagbag.py:587} INFO - Filling up the DagBag from /home/airflow/.local/lib/python3.12/site-packages/airflow/example_dags/example_short_circuit_operator.py
[2026-08-12T05:33:22.310+0000] {processor.py:925} INFO - DAG(s) 'example_short_circuit_operator' retrieved from /home/airflow/.local/lib/python3.12/site-packages/airflow/example_dags/example_short_circuit_operator.py
[2026-08-12T05:33:22.339+0000] {logging_mixin.py:190} INFO - [2026-08-12T05:33:22.339+0000] {dag.py:3211} INFO - Sync 1 DAGs
[2026-08-12T05:33:22.373+0000] {logging_mixin.py:190} INFO - [2026-08-12T05:33:22.372+0000] {dag.py:4138} INFO - Setting next_dagrun for example_short_circuit_operator to 2026-08-11 00:00:00+00:00, run_after=2026-08-12 00:00:00+00:00
[2026-08-12T05:33:22.394+0000] {processor.py:208} INFO - Processing /home/airflow/.local/lib/python3.12/site-packages/airflow/example_dags/example_short_circuit_operator.py took 0.108 seconds
[2026-08-12T05:33:52.733+0000] {processor.py:186} INFO - Started process (PID=7576) to work on /home/airflow/.local/lib/python3.12/site-packages/airflow/example_dags/example_short_circuit_operator.py
[2026-08-12T05:33:52.735+0000] {processor.py:914} INFO - Processing file /home/airflow/.local/lib/python3.12/site-packages/airflow/example_dags/example_short_circuit_operator.py for tasks to queue
[2026-08-12T05:33:52.739+0000] {logging_mixin.py:190} INFO - [2026-08-12T05:33:52.739+0000] {dagbag.py:587} INFO - Filling up the DagBag from /home/airflow/.local/lib/python3.12/site-packages/airflow/example_dags/example_short_circuit_operator.py
[2026-08-12T05:33:52.750+0000] {processor.py:925} INFO - DAG(s) 'example_short_circuit_operator' retrieved from /home/airflow/.local/lib/python3.12/site-packages/airflow/example_dags/example_short_circuit_operator.py
[2026-08-12T05:33:52.777+0000] {logging_mixin.py:190} INFO - [2026-08-12T05:33:52.776+0000] {dag.py:3211} INFO - Sync 1 DAGs
[2026-08-12T05:33:52.806+0000] {logging_mixin.py:190} INFO - [2026-08-12T05:33:52.806+0000] {dag.py:4138} INFO - Setting next_dagrun for example_short_circuit_operator to 2026-08-11 00:00:00+00:00, run_after=2026-08-12 00:00:00+00:00
[2026-08-12T05:33:52.832+0000] {processor.py:208} INFO - Processing /home/airflow/.local/lib/python3.12/site-packages/airflow/example_dags/example_short_circuit_operator.py took 0.105 seconds
[2026-08-12T05:34:23.208+0000] {processor.py:186} INFO - Started process (PID=7639) to work on /home/airflow/.local/lib/python3.12/site-packages/airflow/example_dags/example_short_circuit_operator.py
[2026-08-12T05:34:23.212+0000] {processor.py:914} INFO - Processing file /home/airflow/.local/lib/python3.12/site-packages/airflow/example_dags/example_short_circuit_operator.py for tasks to queue
[2026-08-12T05:34:23.218+0000] {logging_mixin.py:190} INFO - [2026-08-12T05:34:23.217+0000] {dagbag.py:587} INFO - Filling up the DagBag from /home/airflow/.local/lib/python3.12/site-packages/airflow/example_dags/example_short_circuit_operator.py
[2026-08-12T05:34:23.231+0000] {processor.py:925} INFO - DAG(s) 'example_short_circuit_operator' retrieved from /home/airflow/.local/lib/python3.12/site-packages/airflow/example_dags/example_short_circuit_operator.py
[2026-08-12T05:34:23.268+0000] {logging_mixin.py:190} INFO - [2026-08-12T05:34:23.268+0000] {dag.py:3211} INFO - Sync 1 DAGs
[2026-08-12T05:34:23.300+0000] {logging_mixin.py:190} INFO - [2026-08-12T05:34:23.300+0000] {dag.py:4138} INFO - Setting next_dagrun for example_short_circuit_operator to 2026-08-11 00:00:00+00:00, run_after=2026-08-12 00:00:00+00:00
[2026-08-12T05:34:23.333+0000] {processor.py:208} INFO - Processing /home/airflow/.local/lib/python3.12/site-packages/airflow/example_dags/example_short_circuit_operator.py took 0.131 seconds
[2026-08-12T05:34:53.784+0000] {processor.py:186} INFO - Started process (PID=7702) to work on /home/airflow/.local/lib/python3.12/site-packages/airflow/example_dags/example_short_circuit_operator.py
[2026-08-12T05:34:53.786+0000] {processor.py:914} INFO - Processing file /home/airflow/.local/lib/python3.12/site-packages/airflow/example_dags/example_short_circuit_operator.py for tasks to queue
[2026-08-12T05:34:53.790+0000] {logging_mixin.py:190} INFO - [2026-08-12T05:34:53.789+0000] {dagbag.py:587} INFO - Filling up the DagBag from /home/airflow/.local/lib/python3.12/site-packages/airflow/example_dags/example_short_circuit_operator.py
[2026-08-12T05:34:53.801+0000] {processor.py:925} INFO - DAG(s) 'example_short_circuit_operator' retrieved from /home/airflow/.local/lib/python3.12/site-packages/airflow/example_dags/example_short_circuit_operator.py
[2026-08-12T05:34:53.833+0000] {logging_mixin.py:190} INFO - [2026-08-12T05:34:53.832+0000] {dag.py:3211} INFO - Sync 1 DAGs
[2026-08-12T05:34:53.861+0000] {logging_mixin.py:190} INFO - [2026-08-12T05:34:53.861+0000] {dag.py:4138} INFO - Setting next_dagrun for example_short_circuit_operator to 2026-08-11 00:00:00+00:00, run_after=2026-08-12 00:00:00+00:00
[2026-08-12T05:34:53.894+0000] {processor.py:208} INFO - Processing /home/airflow/.local/lib/python3.12/site-packages/airflow/example_dags/example_short_circuit_operator.py took 0.117 seconds
[2026-08-12T05:35:24.173+0000] {processor.py:186} INFO - Started process (PID=7765) to work on /home/airflow/.local/lib/python3.12/site-packages/airflow/example_dags/example_short_circuit_operator.py
[2026-08-12T05:35:24.175+0000] {processor.py:914} INFO - Processing file /home/airflow/.local/lib/python3.12/site-packages/airflow/example_dags/example_short_circuit_operator.py for tasks to queue
[2026-08-12T05:35:24.179+0000] {logging_mixin.py:190} INFO - [2026-08-12T05:35:24.179+0000] {dagbag.py:587} INFO - Filling up the DagBag from /home/airflow/.local/lib/python3.12/site-packages/airflow/example_dags/example_short_circuit_operator.py
[2026-08-12T05:35:24.190+0000] {processor.py:925} INFO - DAG(s) 'example_short_circuit_operator' retrieved from /home/airflow/.local/lib/python3.12/site-packages/airflow/example_dags/example_short_circuit_operator.py
[2026-08-12T05:35:24.218+0000] {logging_mixin.py:190} INFO - [2026-08-12T05:35:24.218+0000] {dag.py:3211} INFO - Sync 1 DAGs
[2026-08-12T05:35:24.246+0000] {logging_mixin.py:190} INFO - [2026-08-12T05:35:24.246+0000] {dag.py:4138} INFO - Setting next_dagrun for example_short_circuit_operator to 2026-08-11 00:00:00+00:00, run_after=2026-08-12 00:00:00+00:00
[2026-08-12T05:35:24.272+0000] {processor.py:208} INFO - Processing /home/airflow/.local/lib/python3.12/site-packages/airflow/example_dags/example_short_circuit_operator.py took 0.105 seconds
[2026-08-12T05:35:54.630+0000] {processor.py:186} INFO - Started process (PID=7828) to work on /home/airflow/.local/lib/python3.12/site-packages/airflow/example_dags/example_short_circuit_operator.py
[2026-08-12T05:35:54.633+0000] {processor.py:914} INFO - Processing file /home/airflow/.local/lib/python3.12/site-packages/airflow/example_dags/example_short_circuit_operator.py for tasks to queue
[2026-08-12T05:35:54.637+0000] {logging_mixin.py:190} INFO - [2026-08-12T05:35:54.636+0000] {dagbag.py:587} INFO - Filling up the DagBag from /home/airflow/.local/lib/python3.12/site-packages/airflow/example_dags/example_short_circuit_operator.py
[2026-08-12T05:35:54.654+0000] {processor.py:925} INFO - DAG(s) 'example_short_circuit_operator' retrieved from /home/airflow/.local/lib/python3.12/site-packages/airflow/example_dags/example_short_circuit_operator.py
[2026-08-12T05:35:54.685+0000] {logging_mixin.py:190} INFO - [2026-08-12T05:35:54.685+0000] {dag.py:3211} INFO - Sync 1 DAGs
[2026-08-12T05:35:54.717+0000] {logging_mixin.py:190} INFO - [2026-08-12T05:35:54.716+0000] {dag.py:4138} INFO - Setting next_dagrun for example_short_circuit_operator to 2026-08-11 00:00:00+00:00, run_after=2026-08-12 00:00:00+00:00
[2026-08-12T05:35:54.757+0000] {processor.py:208} INFO - Processing /home/airflow/.local/lib/python3.12/site-packages/airflow/example_dags/example_short_circuit_operator.py took 0.139 seconds
[2026-08-12T05:36:24.940+0000] {processor.py:186} INFO - Started process (PID=7891) to work on /home/airflow/.local/lib/python3.12/site-packages/airflow/example_dags/example_short_circuit_operator.py
[2026-08-12T05:36:24.942+0000] {processor.py:914} INFO - Processing file /home/airflow/.local/lib/python3.12/site-packages/airflow/example_dags/example_short_circuit_operator.py for tasks to queue
[2026-08-12T05:36:24.946+0000] {logging_mixin.py:190} INFO - [2026-08-12T05:36:24.946+0000] {dagbag.py:587} INFO - Filling up the DagBag from /home/airflow/.local/lib/python3.12/site-packages/airflow/example_dags/example_short_circuit_operator.py
[2026-08-12T05:36:24.956+0000] {processor.py:925} INFO - DAG(s) 'example_short_circuit_operator' retrieved from /home/airflow/.local/lib/python3.12/site-packages/airflow/example_dags/example_short_circuit_operator.py
[2026-08-12T05:36:24.980+0000] {logging_mixin.py:190} INFO - [2026-08-12T05:36:24.980+0000] {dag.py:3211} INFO - Sync 1 DAGs
[2026-08-12T05:36:25.005+0000] {logging_mixin.py:190} INFO - [2026-08-12T05:36:25.005+0000] {dag.py:4138} INFO - Setting next_dagrun for example_short_circuit_operator to 2026-08-11 00:00:00+00:00, run_after=2026-08-12 00:00:00+00:00
[2026-08-12T05:36:25.030+0000] {processor.py:208} INFO - Processing /home/airflow/.local/lib/python3.12/site-packages/airflow/example_dags/example_short_circuit_operator.py took 0.096 seconds
[2026-08-12T05:36:55.202+0000] {processor.py:186} INFO - Started process (PID=7954) to work on /home/airflow/.local/lib/python3.12/site-packages/airflow/example_dags/example_short_circuit_operator.py
[2026-08-12T05:36:55.205+0000] {processor.py:914} INFO - Processing file /home/airflow/.local/lib/python3.12/site-packages/airflow/example_dags/example_short_circuit_operator.py for tasks to queue
[2026-08-12T05:36:55.210+0000] {logging_mixin.py:190} INFO - [2026-08-12T05:36:55.209+0000] {dagbag.py:587} INFO - Filling up the DagBag from /home/airflow/.local/lib/python3.12/site-packages/airflow/example_dags/example_short_circuit_operator.py
[2026-08-12T05:36:55.223+0000] {processor.py:925} INFO - DAG(s) 'example_short_circuit_operator' retrieved from /home/airflow/.local/lib/python3.12/site-packages/airflow/example_dags/example_short_circuit_operator.py
[2026-08-12T05:36:55.248+0000] {logging_mixin.py:190} INFO - [2026-08-12T05:36:55.248+0000] {dag.py:3211} INFO - Sync 1 DAGs
[2026-08-12T05:36:55.272+0000] {logging_mixin.py:190} INFO - [2026-08-12T05:36:55.272+0000] {dag.py:4138} INFO - Setting next_dagrun for example_short_circuit_operator to 2026-08-11 00:00:00+00:00, run_after=2026-08-12 00:00:00+00:00
[2026-08-12T05:36:55.297+0000] {processor.py:208} INFO - Processing /home/airflow/.local/lib/python3.12/site-packages/airflow/example_dags/example_short_circuit_operator.py took 0.101 seconds
[2026-08-12T05:37:26.783+0000] {processor.py:186} INFO - Started process (PID=8019) to work on /home/airflow/.local/lib/python3.12/site-packages/airflow/example_dags/example_short_circuit_operator.py
[2026-08-12T05:37:26.785+0000] {processor.py:914} INFO - Processing file /home/airflow/.local/lib/python3.12/site-packages/airflow/example_dags/example_short_circuit_operator.py for tasks to queue
[2026-08-12T05:37:26.789+0000] {logging_mixin.py:190} INFO - [2026-08-12T05:37:26.788+0000] {dagbag.py:587} INFO - Filling up the DagBag from /home/airflow/.local/lib/python3.12/site-packages/airflow/example_dags/example_short_circuit_operator.py
[2026-08-12T05:37:26.798+0000] {processor.py:925} INFO - DAG(s) 'example_short_circuit_operator' retrieved from /home/airflow/.local/lib/python3.12/site-packages/airflow/example_dags/example_short_circuit_operator.py
[2026-08-12T05:37:26.821+0000] {logging_mixin.py:190} INFO - [2026-08-12T05:37:26.821+0000] {dag.py:3211} INFO - Sync 1 DAGs
[2026-08-12T05:37:26.844+0000] {logging_mixin.py:190} INFO - [2026-08-12T05:37:26.844+0000] {dag.py:4138} INFO - Setting next_dagrun for example_short_circuit_operator to 2026-08-11 00:00:00+00:00, run_after=2026-08-12 00:00:00+00:00
[2026-08-12T05:37:26.870+0000] {processor.py:208} INFO - Processing /home/airflow/.local/lib/python3.12/site-packages/airflow/example_dags/example_short_circuit_operator.py took 0.094 seconds
[2026-08-12T05:37:57.058+0000] {processor.py:186} INFO - Started process (PID=8082) to work on /home/airflow/.local/lib/python3.12/site-packages/airflow/example_dags/example_short_circuit_operator.py
[2026-08-12T05:37:57.060+0000] {processor.py:914} INFO - Processing file /home/airflow/.local/lib/python3.12/site-packages/airflow/example_dags/example_short_circuit_operator.py for tasks to queue
[2026-08-12T05:37:57.064+0000] {logging_mixin.py:190} INFO - [2026-08-12T05:37:57.064+0000] {dagbag.py:587} INFO - Filling up the DagBag from /home/airflow/.local/lib/python3.12/site-packages/airflow/example_dags/example_short_circuit_operator.py
[2026-08-12T05:37:57.075+0000] {processor.py:925} INFO - DAG(s) 'example_short_circuit_operator' retrieved from /home/airflow/.local/lib/python3.12/site-packages/airflow/example_dags/example_short_circuit_operator.py
[2026-08-12T05:37:57.103+0000] {logging_mixin.py:190} INFO - [2026-08-12T05:37:57.103+0000] {dag.py:3211} INFO - Sync 1 DAGs
[2026-08-12T05:37:57.133+0000] {logging_mixin.py:190} INFO - [2026-08-12T05:37:57.133+0000] {dag.py:4138} INFO - Setting next_dagrun for example_short_circuit_operator to 2026-08-11 00:00:00+00:00, run_after=2026-08-12 00:00:00+00:00
[2026-08-12T05:37:57.164+0000] {processor.py:208} INFO - Processing /home/airflow/.local/lib/python3.12/site-packages/airflow/example_dags/example_short_circuit_operator.py took 0.115 seconds
[2026-08-12T05:38:27.541+0000] {processor.py:186} INFO - Started process (PID=8146) to work on /home/airflow/.local/lib/python3.12/site-packages/airflow/example_dags/example_short_circuit_operator.py
[2026-08-12T05:38:27.543+0000] {processor.py:914} INFO - Processing file /home/airflow/.local/lib/python3.12/site-packages/airflow/example_dags/example_short_circuit_operator.py for tasks to queue
[2026-08-12T05:38:27.547+0000] {logging_mixin.py:190} INFO - [2026-08-12T05:38:27.547+0000] {dagbag.py:587} INFO - Filling up the DagBag from /home/airflow/.local/lib/python3.12/site-packages/airflow/example_dags/example_short_circuit_operator.py
[2026-08-12T05:38:27.560+0000] {processor.py:925} INFO - DAG(s) 'example_short_circuit_operator' retrieved from /home/airflow/.local/lib/python3.12/site-packages/airflow/example_dags/example_short_circuit_operator.py
[2026-08-12T05:38:27.592+0000] {logging_mixin.py:190} INFO - [2026-08-12T05:38:27.592+0000] {dag.py:3211} INFO - Sync 1 DAGs
[2026-08-12T05:38:27.624+0000] {logging_mixin.py:190} INFO - [2026-08-12T05:38:27.623+0000] {dag.py:4138} INFO - Setting next_dagrun for example_short_circuit_operator to 2026-08-11 00:00:00+00:00, run_after=2026-08-12 00:00:00+00:00
[2026-08-12T05:38:27.655+0000] {processor.py:208} INFO - Processing /home/airflow/.local/lib/python3.12/site-packages/airflow/example_dags/example_short_circuit_operator.py took 0.120 seconds
[2026-08-12T05:38:57.907+0000] {processor.py:186} INFO - Started process (PID=8209) to work on /home/airflow/.local/lib/python3.12/site-packages/airflow/example_dags/example_short_circuit_operator.py
[2026-08-12T05:38:57.909+0000] {processor.py:914} INFO - Processing file /home/airflow/.local/lib/python3.12/site-packages/airflow/example_dags/example_short_circuit_operator.py for tasks to queue
[2026-08-12T05:38:57.915+0000] {logging_mixin.py:190} INFO - [2026-08-12T05:38:57.914+0000] {dagbag.py:587} INFO - Filling up the DagBag from /home/airflow/.local/lib/python3.12/site-packages/airflow/example_dags/example_short_circuit_operator.py
[2026-08-12T05:38:57.926+0000] {processor.py:925} INFO - DAG(s) 'example_short_circuit_operator' retrieved from /home/airflow/.local/lib/python3.12/site-packages/airflow/example_dags/example_short_circuit_operator.py
[2026-08-12T05:38:57.964+0000] {logging_mixin.py:190} INFO - [2026-08-12T05:38:57.963+0000] {dag.py:3211} INFO - Sync 1 DAGs
[2026-08-12T05:38:58.000+0000] {logging_mixin.py:190} INFO - [2026-08-12T05:38:57.999+0000] {dag.py:4138} INFO - Setting next_dagrun for example_short_circuit_operator to 2026-08-11 00:00:00+00:00, run_after=2026-08-12 00:00:00+00:00
[2026-08-12T05:38:58.029+0000] {processor.py:208} INFO - Processing /home/airflow/.local/lib/python3.12/site-packages/airflow/example_dags/example_short_circuit_operator.py took 0.128 seconds
[2026-08-12T05:39:28.248+0000] {processor.py:186} INFO - Started process (PID=8273) to work on /home/airflow/.local/lib/python3.12/site-packages/airflow/example_dags/example_short_circuit_operator.py
[2026-08-12T05:39:28.251+0000] {processor.py:914} INFO - Processing file /home/airflow/.local/lib/python3.12/site-packages/airflow/example_dags/example_short_circuit_operator.py for tasks to queue
[2026-08-12T05:39:28.256+0000] {logging_mixin.py:190} INFO - [2026-08-12T05:39:28.255+0000] {dagbag.py:587} INFO - Filling up the DagBag from /home/airflow/.local/lib/python3.12/site-packages/airflow/example_dags/example_short_circuit_operator.py
[2026-08-12T05:39:28.266+0000] {processor.py:925} INFO - DAG(s) 'example_short_circuit_operator' retrieved from /home/airflow/.local/lib/python3.12/site-packages/airflow/example_dags/example_short_circuit_operator.py
[2026-08-12T05:39:28.290+0000] {logging_mixin.py:190} INFO - [2026-08-12T05:39:28.290+0000] {dag.py:3211} INFO - Sync 1 DAGs
[2026-08-12T05:39:28.316+0000] {logging_mixin.py:190} INFO - [2026-08-12T05:39:28.315+0000] {dag.py:4138} INFO - Setting next_dagrun for example_short_circuit_operator to 2026-08-11 00:00:00+00:00, run_after=2026-08-12 00:00:00+00:00
[2026-08-12T05:39:28.339+0000] {processor.py:208} INFO - Processing /home/airflow/.local/lib/python3.12/site-packages/airflow/example_dags/example_short_circuit_operator.py took 0.097 seconds
[2026-08-12T05:39:58.962+0000] {processor.py:186} INFO - Started process (PID=8336) to work on /home/airflow/.local/lib/python3.12/site-packages/airflow/example_dags/example_short_circuit_operator.py
[2026-08-12T05:39:58.964+0000] {processor.py:914} INFO - Processing file /home/airflow/.local/lib/python3.12/site-packages/airflow/example_dags/example_short_circuit_operator.py for tasks to queue
[2026-08-12T05:39:58.970+0000] {logging_mixin.py:190} INFO - [2026-08-12T05:39:58.969+0000] {dagbag.py:587} INFO - Filling up the DagBag from /home/airflow/.local/lib/python3.12/site-packages/airflow/example_dags/example_short_circuit_operator.py
[2026-08-12T05:39:58.985+0000] {processor.py:925} INFO - DAG(s) 'example_short_circuit_operator' retrieved from /home/airflow/.local/lib/python3.12/site-packages/airflow/example_dags/example_short_circuit_operator.py
[2026-08-12T05:39:59.016+0000] {logging_mixin.py:190} INFO - [2026-08-12T05:39:59.016+0000] {dag.py:3211} INFO - Sync 1 DAGs
[2026-08-12T05:39:59.042+0000] {logging_mixin.py:190} INFO - [2026-08-12T05:39:59.042+0000] {dag.py:4138} INFO - Setting next_dagrun for example_short_circuit_operator to 2026-08-11 00:00:00+00:00, run_after=2026-08-12 00:00:00+00:00
[2026-08-12T05:39:59.071+0000] {processor.py:208} INFO - Processing /home/airflow/.local/lib/python3.12/site-packages/airflow/example_dags/example_short_circuit_operator.py took 0.120 seconds
[2026-08-12T05:40:29.295+0000] {processor.py:186} INFO - Started process (PID=8399) to work on /home/airflow/.local/lib/python3.12/site-packages/airflow/example_dags/example_short_circuit_operator.py
[2026-08-12T05:40:29.298+0000] {processor.py:914} INFO - Processing file /home/airflow/.local/lib/python3.12/site-packages/airflow/example_dags/example_short_circuit_operator.py for tasks to queue
[2026-08-12T05:40:29.305+0000] {logging_mixin.py:190} INFO - [2026-08-12T05:40:29.304+0000] {dagbag.py:587} INFO - Filling up the DagBag from /home/airflow/.local/lib/python3.12/site-packages/airflow/example_dags/example_short_circuit_operator.py
[2026-08-12T05:40:29.319+0000] {processor.py:925} INFO - DAG(s) 'example_short_circuit_operator' retrieved from /home/airflow/.local/lib/python3.12/site-packages/airflow/example_dags/example_short_circuit_operator.py
[2026-08-12T05:40:29.349+0000] {logging_mixin.py:190} INFO - [2026-08-12T05:40:29.349+0000] {dag.py:3211} INFO - Sync 1 DAGs
[2026-08-12T05:40:29.381+0000] {logging_mixin.py:190} INFO - [2026-08-12T05:40:29.381+0000] {dag.py:4138} INFO - Setting next_dagrun for example_short_circuit_operator to 2026-08-11 00:00:00+00:00, run_after=2026-08-12 00:00:00+00:00
[2026-08-12T05:40:29.405+0000] {processor.py:208} INFO - Processing /home/airflow/.local/lib/python3.12/site-packages/airflow/example_dags/example_short_circuit_operator.py took 0.120 seconds
[2026-08-12T05:40:59.755+0000] {processor.py:186} INFO - Started process (PID=8462) to work on /home/airflow/.local/lib/python3.12/site-packages/airflow/example_dags/example_short_circuit_operator.py
[2026-08-12T05:40:59.758+0000] {processor.py:914} INFO - Processing file /home/airflow/.local/lib/python3.12/site-packages/airflow/example_dags/example_short_circuit_operator.py for tasks to queue
[2026-08-12T05:40:59.762+0000] {logging_mixin.py:190} INFO - [2026-08-12T05:40:59.762+0000] {dagbag.py:587} INFO - Filling up the DagBag from /home/airflow/.local/lib/python3.12/site-packages/airflow/example_dags/example_short_circuit_operator.py
[2026-08-12T05:40:59.774+0000] {processor.py:925} INFO - DAG(s) 'example_short_circuit_operator' retrieved from /home/airflow/.local/lib/python3.12/site-packages/airflow/example_dags/example_short_circuit_operator.py
[2026-08-12T05:40:59.800+0000] {logging_mixin.py:190} INFO - [2026-08-12T05:40:59.799+0000] {dag.py:3211} INFO - Sync 1 DAGs
[2026-08-12T05:40:59.830+0000] {logging_mixin.py:190} INFO - [2026-08-12T05:40:59.830+0000] {dag.py:4138} INFO - Setting next_dagrun for example_short_circuit_operator to 2026-08-11 00:00:00+00:00, run_after=2026-08-12 00:00:00+00:00
[2026-08-12T05:40:59.855+0000] {processor.py:208} INFO - Processing /home/airflow/.local/lib/python3.12/site-packages/airflow/example_dags/example_short_circuit_operator.py took 0.106 seconds
[2026-08-12T05:41:30.175+0000] {processor.py:186} INFO - Started process (PID=8525) to work on /home/airflow/.local/lib/python3.12/site-packages/airflow/example_dags/example_short_circuit_operator.py
[2026-08-12T05:41:30.177+0000] {processor.py:914} INFO - Processing file /home/airflow/.local/lib/python3.12/site-packages/airflow/example_dags/example_short_circuit_operator.py for tasks to queue
[2026-08-12T05:41:30.183+0000] {logging_mixin.py:190} INFO - [2026-08-12T05:41:30.183+0000] {dagbag.py:587} INFO - Filling up the DagBag from /home/airflow/.local/lib/python3.12/site-packages/airflow/example_dags/example_short_circuit_operator.py
[2026-08-12T05:41:30.194+0000] {processor.py:925} INFO - DAG(s) 'example_short_circuit_operator' retrieved from /home/airflow/.local/lib/python3.12/site-packages/airflow/example_dags/example_short_circuit_operator.py
[2026-08-12T05:41:30.223+0000] {logging_mixin.py:190} INFO - [2026-08-12T05:41:30.223+0000] {dag.py:3211} INFO - Sync 1 DAGs
[2026-08-12T05:41:30.250+0000] {logging_mixin.py:190} INFO - [2026-08-12T05:41:30.250+0000] {dag.py:4138} INFO - Setting next_dagrun for example_short_circuit_operator to 2026-08-11 00:00:00+00:00, run_after=2026-08-12 00:00:00+00:00
[2026-08-12T05:41:30.275+0000] {processor.py:208} INFO - Processing /home/airflow/.local/lib/python3.12/site-packages/airflow/example_dags/example_short_circuit_operator.py took 0.107 seconds
[2026-08-12T05:42:00.557+0000] {processor.py:186} INFO - Started process (PID=8588) to work on /home/airflow/.local/lib/python3.12/site-packages/airflow/example_dags/example_short_circuit_operator.py
[2026-08-12T05:42:00.559+0000] {processor.py:914} INFO - Processing file /home/airflow/.local/lib/python3.12/site-packages/airflow/example_dags/example_short_circuit_operator.py for tasks to queue
[2026-08-12T05:42:00.563+0000] {logging_mixin.py:190} INFO - [2026-08-12T05:42:00.563+0000] {dagbag.py:587} INFO - Filling up the DagBag from /home/airflow/.local/lib/python3.12/site-packages/airflow/example_dags/example_short_circuit_operator.py
[2026-08-12T05:42:00.577+0000] {processor.py:925} INFO - DAG(s) 'example_short_circuit_operator' retrieved from /home/airflow/.local/lib/python3.12/site-packages/airflow/example_dags/example_short_circuit_operator.py
[2026-08-12T05:42:00.608+0000] {logging_mixin.py:190} INFO - [2026-08-12T05:42:00.608+0000] {dag.py:3211} INFO - Sync 1 DAGs
[2026-08-12T05:42:00.634+0000] {logging_mixin.py:190} INFO - [2026-08-12T05:42:00.634+0000] {dag.py:4138} INFO - Setting next_dagrun for example_short_circuit_operator to 2026-08-11 00:00:00+00:00, run_after=2026-08-12 00:00:00+00:00
[2026-08-12T05:42:00.661+0000] {processor.py:208} INFO - Processing /home/airflow/.local/lib/python3.12/site-packages/airflow/example_dags/example_short_circuit_operator.py took 0.114 seconds
[2026-08-12T05:42:31.536+0000] {processor.py:186} INFO - Started process (PID=8651) to work on /home/airflow/.local/lib/python3.12/site-packages/airflow/example_dags/example_short_circuit_operator.py
[2026-08-12T05:42:31.539+0000] {processor.py:914} INFO - Processing file /home/airflow/.local/lib/python3.12/site-packages/airflow/example_dags/example_short_circuit_operator.py for tasks to queue
[2026-08-12T05:42:31.545+0000] {logging_mixin.py:190} INFO - [2026-08-12T05:42:31.544+0000] {dagbag.py:587} INFO - Filling up the DagBag from /home/airflow/.local/lib/python3.12/site-packages/airflow/example_dags/example_short_circuit_operator.py
[2026-08-12T05:42:31.557+0000] {processor.py:925} INFO - DAG(s) 'example_short_circuit_operator' retrieved from /home/airflow/.local/lib/python3.12/site-packages/airflow/example_dags/example_short_circuit_operator.py
[2026-08-12T05:42:31.591+0000] {logging_mixin.py:190} INFO - [2026-08-12T05:42:31.590+0000] {dag.py:3211} INFO - Sync 1 DAGs
[2026-08-12T05:42:31.618+0000] {logging_mixin.py:190} INFO - [2026-08-12T05:42:31.618+0000] {dag.py:4138} INFO - Setting next_dagrun for example_short_circuit_operator to 2026-08-11 00:00:00+00:00, run_after=2026-08-12 00:00:00+00:00
[2026-08-12T05:42:31.644+0000] {processor.py:208} INFO - Processing /home/airflow/.local/lib/python3.12/site-packages/airflow/example_dags/example_short_circuit_operator.py took 0.119 seconds
[2026-08-12T05:43:02.295+0000] {processor.py:186} INFO - Started process (PID=8714) to work on /home/airflow/.local/lib/python3.12/site-packages/airflow/example_dags/example_short_circuit_operator.py
[2026-08-12T05:43:02.298+0000] {processor.py:914} INFO - Processing file /home/airflow/.local/lib/python3.12/site-packages/airflow/example_dags/example_short_circuit_operator.py for tasks to queue
[2026-08-12T05:43:02.303+0000] {logging_mixin.py:190} INFO - [2026-08-12T05:43:02.302+0000] {dagbag.py:587} INFO - Filling up the DagBag from /home/airflow/.local/lib/python3.12/site-packages/airflow/example_dags/example_short_circuit_operator.py
[2026-08-12T05:43:02.314+0000] {processor.py:925} INFO - DAG(s) 'example_short_circuit_operator' retrieved from /home/airflow/.local/lib/python3.12/site-packages/airflow/example_dags/example_short_circuit_operator.py
[2026-08-12T05:43:02.341+0000] {logging_mixin.py:190} INFO - [2026-08-12T05:43:02.341+0000] {dag.py:3211} INFO - Sync 1 DAGs
[2026-08-12T05:43:02.366+0000] {logging_mixin.py:190} INFO - [2026-08-12T05:43:02.366+0000] {dag.py:4138} INFO - Setting next_dagrun for example_short_circuit_operator to 2026-08-11 00:00:00+00:00, run_after=2026-08-12 00:00:00+00:00
[2026-08-12T05:43:02.390+0000] {processor.py:208} INFO - Processing /home/airflow/.local/lib/python3.12/site-packages/airflow/example_dags/example_short_circuit_operator.py took 0.102 seconds
[2026-08-12T05:43:33.012+0000] {processor.py:186} INFO - Started process (PID=8777) to work on /home/airflow/.local/lib/python3.12/site-packages/airflow/example_dags/example_short_circuit_operator.py
[2026-08-12T05:43:33.014+0000] {processor.py:914} INFO - Processing file /home/airflow/.local/lib/python3.12/site-packages/airflow/example_dags/example_short_circuit_operator.py for tasks to queue
[2026-08-12T05:43:33.019+0000] {logging_mixin.py:190} INFO - [2026-08-12T05:43:33.018+0000] {dagbag.py:587} INFO - Filling up the DagBag from /home/airflow/.local/lib/python3.12/site-packages/airflow/example_dags/example_short_circuit_operator.py
[2026-08-12T05:43:33.032+0000] {processor.py:925} INFO - DAG(s) 'example_short_circuit_operator' retrieved from /home/airflow/.local/lib/python3.12/site-packages/airflow/example_dags/example_short_circuit_operator.py
[2026-08-12T05:43:33.065+0000] {logging_mixin.py:190} INFO - [2026-08-12T05:43:33.064+0000] {dag.py:3211} INFO - Sync 1 DAGs
[2026-08-12T05:43:33.093+0000] {logging_mixin.py:190} INFO - [2026-08-12T05:43:33.093+0000] {dag.py:4138} INFO - Setting next_dagrun for example_short_circuit_operator to 2026-08-11 00:00:00+00:00, run_after=2026-08-12 00:00:00+00:00
[2026-08-12T05:43:33.121+0000] {processor.py:208} INFO - Processing /home/airflow/.local/lib/python3.12/site-packages/airflow/example_dags/example_short_circuit_operator.py took 0.118 seconds
[2026-08-12T05:44:03.501+0000] {processor.py:186} INFO - Started process (PID=8840) to work on /home/airflow/.local/lib/python3.12/site-packages/airflow/example_dags/example_short_circuit_operator.py
[2026-08-12T05:44:03.504+0000] {processor.py:914} INFO - Processing file /home/airflow/.local/lib/python3.12/site-packages/airflow/example_dags/example_short_circuit_operator.py for tasks to queue
[2026-08-12T05:44:03.508+0000] {logging_mixin.py:190} INFO - [2026-08-12T05:44:03.507+0000] {dagbag.py:587} INFO - Filling up the DagBag from /home/airflow/.local/lib/python3.12/site-packages/airflow/example_dags/example_short_circuit_operator.py
[2026-08-12T05:44:03.519+0000] {processor.py:925} INFO - DAG(s) 'example_short_circuit_operator' retrieved from /home/airflow/.local/lib/python3.12/site-packages/airflow/example_dags/example_short_circuit_operator.py
[2026-08-12T05:44:03.543+0000] {logging_mixin.py:190} INFO - [2026-08-12T05:44:03.543+0000] {dag.py:3211} INFO - Sync 1 DAGs
[2026-08-12T05:44:03.571+0000] {logging_mixin.py:190} INFO - [2026-08-12T05:44:03.570+0000] {dag.py:4138} INFO - Setting next_dagrun for example_short_circuit_operator to 2026-08-11 00:00:00+00:00, run_after=2026-08-12 00:00:00+00:00
[2026-08-12T05:44:03.591+0000] {processor.py:208} INFO - Processing /home/airflow/.local/lib/python3.12/site-packages/airflow/example_dags/example_short_circuit_operator.py took 0.096 seconds
[2026-08-12T05:44:34.102+0000] {processor.py:186} INFO - Started process (PID=8903) to work on /home/airflow/.local/lib/python3.12/site-packages/airflow/example_dags/example_short_circuit_operator.py
[2026-08-12T05:44:34.105+0000] {processor.py:914} INFO - Processing file /home/airflow/.local/lib/python3.12/site-packages/airflow/example_dags/example_short_circuit_operator.py for tasks to queue
[2026-08-12T05:44:34.110+0000] {logging_mixin.py:190} INFO - [2026-08-12T05:44:34.109+0000] {dagbag.py:587} INFO - Filling up the DagBag from /home/airflow/.local/lib/python3.12/site-packages/airflow/example_dags/example_short_circuit_operator.py
[2026-08-12T05:44:34.122+0000] {processor.py:925} INFO - DAG(s) 'example_short_circuit_operator' retrieved from /home/airflow/.local/lib/python3.12/site-packages/airflow/example_dags/example_short_circuit_operator.py
[2026-08-12T05:44:34.155+0000] {logging_mixin.py:190} INFO - [2026-08-12T05:44:34.155+0000] {dag.py:3211} INFO - Sync 1 DAGs
[2026-08-12T05:44:34.187+0000] {logging_mixin.py:190} INFO - [2026-08-12T05:44:34.187+0000] {dag.py:4138} INFO - Setting next_dagrun for example_short_circuit_operator to 2026-08-11 00:00:00+00:00, run_after=2026-08-12 00:00:00+00:00
[2026-08-12T05:44:34.214+0000] {processor.py:208} INFO - Processing /home/airflow/.local/lib/python3.12/site-packages/airflow/example_dags/example_short_circuit_operator.py took 0.121 seconds
[2026-08-12T05:45:04.501+0000] {processor.py:186} INFO - Started process (PID=8972) to work on /home/airflow/.local/lib/python3.12/site-packages/airflow/example_dags/example_short_circuit_operator.py
[2026-08-12T05:45:04.504+0000] {processor.py:914} INFO - Processing file /home/airflow/.local/lib/python3.12/site-packages/airflow/example_dags/example_short_circuit_operator.py for tasks to queue
[2026-08-12T05:45:04.508+0000] {logging_mixin.py:190} INFO - [2026-08-12T05:45:04.508+0000] {dagbag.py:587} INFO - Filling up the DagBag from /home/airflow/.local/lib/python3.12/site-packages/airflow/example_dags/example_short_circuit_operator.py
[2026-08-12T05:45:04.518+0000] {processor.py:925} INFO - DAG(s) 'example_short_circuit_operator' retrieved from /home/airflow/.local/lib/python3.12/site-packages/airflow/example_dags/example_short_circuit_operator.py
[2026-08-12T05:45:04.548+0000] {logging_mixin.py:190} INFO - [2026-08-12T05:45:04.547+0000] {dag.py:3211} INFO - Sync 1 DAGs
[2026-08-12T05:45:04.577+0000] {logging_mixin.py:190} INFO - [2026-08-12T05:45:04.576+0000] {dag.py:4138} INFO - Setting next_dagrun for example_short_circuit_operator to 2026-08-11 00:00:00+00:00, run_after=2026-08-12 00:00:00+00:00
[2026-08-12T05:45:04.599+0000] {processor.py:208} INFO - Processing /home/airflow/.local/lib/python3.12/site-packages/airflow/example_dags/example_short_circuit_operator.py took 0.104 seconds
[2026-08-12T05:45:35.083+0000] {processor.py:186} INFO - Started process (PID=9035) to work on /home/airflow/.local/lib/python3.12/site-packages/airflow/example_dags/example_short_circuit_operator.py
[2026-08-12T05:45:35.085+0000] {processor.py:914} INFO - Processing file /home/airflow/.local/lib/python3.12/site-packages/airflow/example_dags/example_short_circuit_operator.py for tasks to queue
[2026-08-12T05:45:35.089+0000] {logging_mixin.py:190} INFO - [2026-08-12T05:45:35.088+0000] {dagbag.py:587} INFO - Filling up the DagBag from /home/airflow/.local/lib/python3.12/site-packages/airflow/example_dags/example_short_circuit_operator.py
[2026-08-12T05:45:35.105+0000] {processor.py:925} INFO - DAG(s) 'example_short_circuit_operator' retrieved from /home/airflow/.local/lib/python3.12/site-packages/airflow/example_dags/example_short_circuit_operator.py
[2026-08-12T05:45:35.135+0000] {logging_mixin.py:190} INFO - [2026-08-12T05:45:35.134+0000] {dag.py:3211} INFO - Sync 1 DAGs
[2026-08-12T05:45:35.161+0000] {logging_mixin.py:190} INFO - [2026-08-12T05:45:35.161+0000] {dag.py:4138} INFO - Setting next_dagrun for example_short_circuit_operator to 2026-08-11 00:00:00+00:00, run_after=2026-08-12 00:00:00+00:00
[2026-08-12T05:45:35.187+0000] {processor.py:208} INFO - Processing /home/airflow/.local/lib/python3.12/site-packages/airflow/example_dags/example_short_circuit_operator.py took 0.111 seconds
[2026-08-12T05:46:06.002+0000] {processor.py:186} INFO - Started process (PID=9098) to work on /home/airflow/.local/lib/python3.12/site-packages/airflow/example_dags/example_short_circuit_operator.py
[2026-08-12T05:46:06.004+0000] {processor.py:914} INFO - Processing file /home/airflow/.local/lib/python3.12/site-packages/airflow/example_dags/example_short_circuit_operator.py for tasks to queue
[2026-08-12T05:46:06.009+0000] {logging_mixin.py:190} INFO - [2026-08-12T05:46:06.008+0000] {dagbag.py:587} INFO - Filling up the DagBag from /home/airflow/.local/lib/python3.12/site-packages/airflow/example_dags/example_short_circuit_operator.py
[2026-08-12T05:46:06.022+0000] {processor.py:925} INFO - DAG(s) 'example_short_circuit_operator' retrieved from /home/airflow/.local/lib/python3.12/site-packages/airflow/example_dags/example_short_circuit_operator.py
[2026-08-12T05:46:06.048+0000] {logging_mixin.py:190} INFO - [2026-08-12T05:46:06.048+0000] {dag.py:3211} INFO - Sync 1 DAGs
[2026-08-12T05:46:06.076+0000] {logging_mixin.py:190} INFO - [2026-08-12T05:46:06.076+0000] {dag.py:4138} INFO - Setting next_dagrun for example_short_circuit_operator to 2026-08-11 00:00:00+00:00, run_after=2026-08-12 00:00:00+00:00
[2026-08-12T05:46:06.104+0000] {processor.py:208} INFO - Processing /home/airflow/.local/lib/python3.12/site-packages/airflow/example_dags/example_short_circuit_operator.py took 0.111 seconds
[2026-08-12T05:46:36.503+0000] {processor.py:186} INFO - Started process (PID=9161) to work on /home/airflow/.local/lib/python3.12/site-packages/airflow/example_dags/example_short_circuit_operator.py
[2026-08-12T05:46:36.505+0000] {processor.py:914} INFO - Processing file /home/airflow/.local/lib/python3.12/site-packages/airflow/example_dags/example_short_circuit_operator.py for tasks to queue
[2026-08-12T05:46:36.513+0000] {logging_mixin.py:190} INFO - [2026-08-12T05:46:36.512+0000] {dagbag.py:587} INFO - Filling up the DagBag from /home/airflow/.local/lib/python3.12/site-packages/airflow/example_dags/example_short_circuit_operator.py
[2026-08-12T05:46:36.529+0000] {processor.py:925} INFO - DAG(s) 'example_short_circuit_operator' retrieved from /home/airflow/.local/lib/python3.12/site-packages/airflow/example_dags/example_short_circuit_operator.py
[2026-08-12T05:46:36.554+0000] {logging_mixin.py:190} INFO - [2026-08-12T05:46:36.554+0000] {dag.py:3211} INFO - Sync 1 DAGs
[2026-08-12T05:46:36.583+0000] {logging_mixin.py:190} INFO - [2026-08-12T05:46:36.583+0000] {dag.py:4138} INFO - Setting next_dagrun for example_short_circuit_operator to 2026-08-11 00:00:00+00:00, run_after=2026-08-12 00:00:00+00:00
[2026-08-12T05:46:36.612+0000] {processor.py:208} INFO - Processing /home/airflow/.local/lib/python3.12/site-packages/airflow/example_dags/example_short_circuit_operator.py took 0.115 seconds
[2026-08-12T05:47:07.664+0000] {processor.py:186} INFO - Started process (PID=9224) to work on /home/airflow/.local/lib/python3.12/site-packages/airflow/example_dags/example_short_circuit_operator.py
[2026-08-12T05:47:07.667+0000] {processor.py:914} INFO - Processing file /home/airflow/.local/lib/python3.12/site-packages/airflow/example_dags/example_short_circuit_operator.py for tasks to queue
[2026-08-12T05:47:07.671+0000] {logging_mixin.py:190} INFO - [2026-08-12T05:47:07.671+0000] {dagbag.py:587} INFO - Filling up the DagBag from /home/airflow/.local/lib/python3.12/site-packages/airflow/example_dags/example_short_circuit_operator.py
[2026-08-12T05:47:07.684+0000] {processor.py:925} INFO - DAG(s) 'example_short_circuit_operator' retrieved from /home/airflow/.local/lib/python3.12/site-packages/airflow/example_dags/example_short_circuit_operator.py
[2026-08-12T05:47:07.712+0000] {logging_mixin.py:190} INFO - [2026-08-12T05:47:07.711+0000] {dag.py:3211} INFO - Sync 1 DAGs
[2026-08-12T05:47:07.739+0000] {logging_mixin.py:190} INFO - [2026-08-12T05:47:07.739+0000] {dag.py:4138} INFO - Setting next_dagrun for example_short_circuit_operator to 2026-08-11 00:00:00+00:00, run_after=2026-08-12 00:00:00+00:00
[2026-08-12T05:47:07.764+0000] {processor.py:208} INFO - Processing /home/airflow/.local/lib/python3.12/site-packages/airflow/example_dags/example_short_circuit_operator.py took 0.107 seconds
[2026-08-12T05:47:38.489+0000] {processor.py:186} INFO - Started process (PID=9287) to work on /home/airflow/.local/lib/python3.12/site-packages/airflow/example_dags/example_short_circuit_operator.py
[2026-08-12T05:47:38.492+0000] {processor.py:914} INFO - Processing file /home/airflow/.local/lib/python3.12/site-packages/airflow/example_dags/example_short_circuit_operator.py for tasks to queue
[2026-08-12T05:47:38.496+0000] {logging_mixin.py:190} INFO - [2026-08-12T05:47:38.496+0000] {dagbag.py:587} INFO - Filling up the DagBag from /home/airflow/.local/lib/python3.12/site-packages/airflow/example_dags/example_short_circuit_operator.py
[2026-08-12T05:47:38.512+0000] {processor.py:925} INFO - DAG(s) 'example_short_circuit_operator' retrieved from /home/airflow/.local/lib/python3.12/site-packages/airflow/example_dags/example_short_circuit_operator.py
[2026-08-12T05:47:38.551+0000] {logging_mixin.py:190} INFO - [2026-08-12T05:47:38.550+0000] {dag.py:3211} INFO - Sync 1 DAGs
[2026-08-12T05:47:38.582+0000] {logging_mixin.py:190} INFO - [2026-08-12T05:47:38.582+0000] {dag.py:4138} INFO - Setting next_dagrun for example_short_circuit_operator to 2026-08-11 00:00:00+00:00, run_after=2026-08-12 00:00:00+00:00
[2026-08-12T05:47:38.609+0000] {processor.py:208} INFO - Processing /home/airflow/.local/lib/python3.12/site-packages/airflow/example_dags/example_short_circuit_operator.py took 0.129 seconds
[2026-08-12T05:48:09.761+0000] {processor.py:186} INFO - Started process (PID=9350) to work on /home/airflow/.local/lib/python3.12/site-packages/airflow/example_dags/example_short_circuit_operator.py
[2026-08-12T05:48:09.770+0000] {processor.py:914} INFO - Processing file /home/airflow/.local/lib/python3.12/site-packages/airflow/example_dags/example_short_circuit_operator.py for tasks to queue
[2026-08-12T05:48:09.783+0000] {logging_mixin.py:190} INFO - [2026-08-12T05:48:09.783+0000] {dagbag.py:587} INFO - Filling up the DagBag from /home/airflow/.local/lib/python3.12/site-packages/airflow/example_dags/example_short_circuit_operator.py
[2026-08-12T05:48:09.807+0000] {processor.py:925} INFO - DAG(s) 'example_short_circuit_operator' retrieved from /home/airflow/.local/lib/python3.12/site-packages/airflow/example_dags/example_short_circuit_operator.py
[2026-08-12T05:48:09.841+0000] {logging_mixin.py:190} INFO - [2026-08-12T05:48:09.841+0000] {dag.py:3211} INFO - Sync 1 DAGs
[2026-08-12T05:48:09.870+0000] {logging_mixin.py:190} INFO - [2026-08-12T05:48:09.869+0000] {dag.py:4138} INFO - Setting next_dagrun for example_short_circuit_operator to 2026-08-11 00:00:00+00:00, run_after=2026-08-12 00:00:00+00:00
[2026-08-12T05:48:09.896+0000] {processor.py:208} INFO - Processing /home/airflow/.local/lib/python3.12/site-packages/airflow/example_dags/example_short_circuit_operator.py took 0.144 seconds
[2026-08-12T05:48:40.208+0000] {processor.py:186} INFO - Started process (PID=9413) to work on /home/airflow/.local/lib/python3.12/site-packages/airflow/example_dags/example_short_circuit_operator.py
[2026-08-12T05:48:40.210+0000] {processor.py:914} INFO - Processing file /home/airflow/.local/lib/python3.12/site-packages/airflow/example_dags/example_short_circuit_operator.py for tasks to queue
[2026-08-12T05:48:40.214+0000] {logging_mixin.py:190} INFO - [2026-08-12T05:48:40.214+0000] {dagbag.py:587} INFO - Filling up the DagBag from /home/airflow/.local/lib/python3.12/site-packages/airflow/example_dags/example_short_circuit_operator.py
[2026-08-12T05:48:40.225+0000] {processor.py:925} INFO - DAG(s) 'example_short_circuit_operator' retrieved from /home/airflow/.local/lib/python3.12/site-packages/airflow/example_dags/example_short_circuit_operator.py
[2026-08-12T05:48:40.251+0000] {logging_mixin.py:190} INFO - [2026-08-12T05:48:40.251+0000] {dag.py:3211} INFO - Sync 1 DAGs
[2026-08-12T05:48:40.274+0000] {logging_mixin.py:190} INFO - [2026-08-12T05:48:40.274+0000] {dag.py:4138} INFO - Setting next_dagrun for example_short_circuit_operator to 2026-08-11 00:00:00+00:00, run_after=2026-08-12 00:00:00+00:00
[2026-08-12T05:48:40.301+0000] {processor.py:208} INFO - Processing /home/airflow/.local/lib/python3.12/site-packages/airflow/example_dags/example_short_circuit_operator.py took 0.099 seconds
[2026-08-12T05:49:11.369+0000] {processor.py:186} INFO - Started process (PID=9476) to work on /home/airflow/.local/lib/python3.12/site-packages/airflow/example_dags/example_short_circuit_operator.py
[2026-08-12T05:49:11.373+0000] {processor.py:914} INFO - Processing file /home/airflow/.local/lib/python3.12/site-packages/airflow/example_dags/example_short_circuit_operator.py for tasks to queue
[2026-08-12T05:49:11.377+0000] {logging_mixin.py:190} INFO - [2026-08-12T05:49:11.377+0000] {dagbag.py:587} INFO - Filling up the DagBag from /home/airflow/.local/lib/python3.12/site-packages/airflow/example_dags/example_short_circuit_operator.py
[2026-08-12T05:49:11.388+0000] {processor.py:925} INFO - DAG(s) 'example_short_circuit_operator' retrieved from /home/airflow/.local/lib/python3.12/site-packages/airflow/example_dags/example_short_circuit_operator.py
[2026-08-12T05:49:11.414+0000] {logging_mixin.py:190} INFO - [2026-08-12T05:49:11.414+0000] {dag.py:3211} INFO - Sync 1 DAGs
[2026-08-12T05:49:11.440+0000] {logging_mixin.py:190} INFO - [2026-08-12T05:49:11.440+0000] {dag.py:4138} INFO - Setting next_dagrun for example_short_circuit_operator to 2026-08-11 00:00:00+00:00, run_after=2026-08-12 00:00:00+00:00
[2026-08-12T05:49:11.468+0000] {processor.py:208} INFO - Processing /home/airflow/.local/lib/python3.12/site-packages/airflow/example_dags/example_short_circuit_operator.py took 0.105 seconds
[2026-08-12T05:49:42.526+0000] {processor.py:186} INFO - Started process (PID=9539) to work on /home/airflow/.local/lib/python3.12/site-packages/airflow/example_dags/example_short_circuit_operator.py
[2026-08-12T05:49:42.529+0000] {processor.py:914} INFO - Processing file /home/airflow/.local/lib/python3.12/site-packages/airflow/example_dags/example_short_circuit_operator.py for tasks to queue
[2026-08-12T05:49:42.535+0000] {logging_mixin.py:190} INFO - [2026-08-12T05:49:42.535+0000] {dagbag.py:587} INFO - Filling up the DagBag from /home/airflow/.local/lib/python3.12/site-packages/airflow/example_dags/example_short_circuit_operator.py
[2026-08-12T05:49:42.552+0000] {processor.py:925} INFO - DAG(s) 'example_short_circuit_operator' retrieved from /home/airflow/.local/lib/python3.12/site-packages/airflow/example_dags/example_short_circuit_operator.py
[2026-08-12T05:49:42.594+0000] {logging_mixin.py:190} INFO - [2026-08-12T05:49:42.593+0000] {dag.py:3211} INFO - Sync 1 DAGs
[2026-08-12T05:49:42.623+0000] {logging_mixin.py:190} INFO - [2026-08-12T05:49:42.622+0000] {dag.py:4138} INFO - Setting next_dagrun for example_short_circuit_operator to 2026-08-11 00:00:00+00:00, run_after=2026-08-12 00:00:00+00:00
[2026-08-12T05:49:42.654+0000] {processor.py:208} INFO - Processing /home/airflow/.local/lib/python3.12/site-packages/airflow/example_dags/example_short_circuit_operator.py took 0.135 seconds
[2026-08-12T05:50:13.132+0000] {processor.py:186} INFO - Started process (PID=9603) to work on /home/airflow/.local/lib/python3.12/site-packages/airflow/example_dags/example_short_circuit_operator.py
[2026-08-12T05:50:13.135+0000] {processor.py:914} INFO - Processing file /home/airflow/.local/lib/python3.12/site-packages/airflow/example_dags/example_short_circuit_operator.py for tasks to queue
[2026-08-12T05:50:13.141+0000] {logging_mixin.py:190} INFO - [2026-08-12T05:50:13.140+0000] {dagbag.py:587} INFO - Filling up the DagBag from /home/airflow/.local/lib/python3.12/site-packages/airflow/example_dags/example_short_circuit_operator.py
[2026-08-12T05:50:13.151+0000] {processor.py:925} INFO - DAG(s) 'example_short_circuit_operator' retrieved from /home/airflow/.local/lib/python3.12/site-packages/airflow/example_dags/example_short_circuit_operator.py
[2026-08-12T05:50:13.179+0000] {logging_mixin.py:190} INFO - [2026-08-12T05:50:13.178+0000] {dag.py:3211} INFO - Sync 1 DAGs
[2026-08-12T05:50:13.204+0000] {logging_mixin.py:190} INFO - [2026-08-12T05:50:13.204+0000] {dag.py:4138} INFO - Setting next_dagrun for example_short_circuit_operator to 2026-08-11 00:00:00+00:00, run_after=2026-08-12 00:00:00+00:00
[2026-08-12T05:50:13.230+0000] {processor.py:208} INFO - Processing /home/airflow/.local/lib/python3.12/site-packages/airflow/example_dags/example_short_circuit_operator.py took 0.104 seconds
[2026-08-12T05:50:43.784+0000] {processor.py:186} INFO - Started process (PID=9666) to work on /home/airflow/.local/lib/python3.12/site-packages/airflow/example_dags/example_short_circuit_operator.py
[2026-08-12T05:50:43.787+0000] {processor.py:914} INFO - Processing file /home/airflow/.local/lib/python3.12/site-packages/airflow/example_dags/example_short_circuit_operator.py for tasks to queue
[2026-08-12T05:50:43.793+0000] {logging_mixin.py:190} INFO - [2026-08-12T05:50:43.793+0000] {dagbag.py:587} INFO - Filling up the DagBag from /home/airflow/.local/lib/python3.12/site-packages/airflow/example_dags/example_short_circuit_operator.py
[2026-08-12T05:50:43.805+0000] {processor.py:925} INFO - DAG(s) 'example_short_circuit_operator' retrieved from /home/airflow/.local/lib/python3.12/site-packages/airflow/example_dags/example_short_circuit_operator.py
[2026-08-12T05:50:43.834+0000] {logging_mixin.py:190} INFO - [2026-08-12T05:50:43.834+0000] {dag.py:3211} INFO - Sync 1 DAGs
[2026-08-12T05:50:43.860+0000] {logging_mixin.py:190} INFO - [2026-08-12T05:50:43.860+0000] {dag.py:4138} INFO - Setting next_dagrun for example_short_circuit_operator to 2026-08-11 00:00:00+00:00, run_after=2026-08-12 00:00:00+00:00
[2026-08-12T05:50:43.891+0000] {processor.py:208} INFO - Processing /home/airflow/.local/lib/python3.12/site-packages/airflow/example_dags/example_short_circuit_operator.py took 0.115 seconds
[2026-08-12T05:51:14.422+0000] {processor.py:186} INFO - Started process (PID=9728) to work on /home/airflow/.local/lib/python3.12/site-packages/airflow/example_dags/example_short_circuit_operator.py
[2026-08-12T05:51:14.424+0000] {processor.py:914} INFO - Processing file /home/airflow/.local/lib/python3.12/site-packages/airflow/example_dags/example_short_circuit_operator.py for tasks to queue
[2026-08-12T05:51:14.428+0000] {logging_mixin.py:190} INFO - [2026-08-12T05:51:14.428+0000] {dagbag.py:587} INFO - Filling up the DagBag from /home/airflow/.local/lib/python3.12/site-packages/airflow/example_dags/example_short_circuit_operator.py
[2026-08-12T05:51:14.442+0000] {processor.py:925} INFO - DAG(s) 'example_short_circuit_operator' retrieved from /home/airflow/.local/lib/python3.12/site-packages/airflow/example_dags/example_short_circuit_operator.py
[2026-08-12T05:51:14.467+0000] {logging_mixin.py:190} INFO - [2026-08-12T05:51:14.467+0000] {dag.py:3211} INFO - Sync 1 DAGs
[2026-08-12T05:51:14.494+0000] {logging_mixin.py:190} INFO - [2026-08-12T05:51:14.494+0000] {dag.py:4138} INFO - Setting next_dagrun for example_short_circuit_operator to 2026-08-11 00:00:00+00:00, run_after=2026-08-12 00:00:00+00:00
[2026-08-12T05:51:14.523+0000] {processor.py:208} INFO - Processing /home/airflow/.local/lib/python3.12/site-packages/airflow/example_dags/example_short_circuit_operator.py took 0.108 seconds
[2026-08-12T05:51:45.760+0000] {processor.py:186} INFO - Started process (PID=9792) to work on /home/airflow/.local/lib/python3.12/site-packages/airflow/example_dags/example_short_circuit_operator.py
[2026-08-12T05:51:45.763+0000] {processor.py:914} INFO - Processing file /home/airflow/.local/lib/python3.12/site-packages/airflow/example_dags/example_short_circuit_operator.py for tasks to queue
[2026-08-12T05:51:45.768+0000] {logging_mixin.py:190} INFO - [2026-08-12T05:51:45.767+0000] {dagbag.py:587} INFO - Filling up the DagBag from /home/airflow/.local/lib/python3.12/site-packages/airflow/example_dags/example_short_circuit_operator.py
[2026-08-12T05:51:45.780+0000] {processor.py:925} INFO - DAG(s) 'example_short_circuit_operator' retrieved from /home/airflow/.local/lib/python3.12/site-packages/airflow/example_dags/example_short_circuit_operator.py
[2026-08-12T05:51:45.813+0000] {logging_mixin.py:190} INFO - [2026-08-12T05:51:45.812+0000] {dag.py:3211} INFO - Sync 1 DAGs
[2026-08-12T05:51:45.851+0000] {logging_mixin.py:190} INFO - [2026-08-12T05:51:45.850+0000] {dag.py:4138} INFO - Setting next_dagrun for example_short_circuit_operator to 2026-08-11 00:00:00+00:00, run_after=2026-08-12 00:00:00+00:00
[2026-08-12T05:51:45.883+0000] {processor.py:208} INFO - Processing /home/airflow/.local/lib/python3.12/site-packages/airflow/example_dags/example_short_circuit_operator.py took 0.144 seconds
[2026-08-12T05:52:16.573+0000] {processor.py:186} INFO - Started process (PID=9855) to work on /home/airflow/.local/lib/python3.12/site-packages/airflow/example_dags/example_short_circuit_operator.py
[2026-08-12T05:52:16.576+0000] {processor.py:914} INFO - Processing file /home/airflow/.local/lib/python3.12/site-packages/airflow/example_dags/example_short_circuit_operator.py for tasks to queue
[2026-08-12T05:52:16.581+0000] {logging_mixin.py:190} INFO - [2026-08-12T05:52:16.580+0000] {dagbag.py:587} INFO - Filling up the DagBag from /home/airflow/.local/lib/python3.12/site-packages/airflow/example_dags/example_short_circuit_operator.py
[2026-08-12T05:52:16.593+0000] {processor.py:925} INFO - DAG(s) 'example_short_circuit_operator' retrieved from /home/airflow/.local/lib/python3.12/site-packages/airflow/example_dags/example_short_circuit_operator.py
[2026-08-12T05:52:16.619+0000] {logging_mixin.py:190} INFO - [2026-08-12T05:52:16.618+0000] {dag.py:3211} INFO - Sync 1 DAGs
[2026-08-12T05:52:16.646+0000] {logging_mixin.py:190} INFO - [2026-08-12T05:52:16.646+0000] {dag.py:4138} INFO - Setting next_dagrun for example_short_circuit_operator to 2026-08-11 00:00:00+00:00, run_after=2026-08-12 00:00:00+00:00
[2026-08-12T05:52:16.669+0000] {processor.py:208} INFO - Processing /home/airflow/.local/lib/python3.12/site-packages/airflow/example_dags/example_short_circuit_operator.py took 0.103 seconds
[2026-08-12T05:52:47.340+0000] {processor.py:186} INFO - Started process (PID=9919) to work on /home/airflow/.local/lib/python3.12/site-packages/airflow/example_dags/example_short_circuit_operator.py
[2026-08-12T05:52:47.342+0000] {processor.py:914} INFO - Processing file /home/airflow/.local/lib/python3.12/site-packages/airflow/example_dags/example_short_circuit_operator.py for tasks to queue
[2026-08-12T05:52:47.348+0000] {logging_mixin.py:190} INFO - [2026-08-12T05:52:47.347+0000] {dagbag.py:587} INFO - Filling up the DagBag from /home/airflow/.local/lib/python3.12/site-packages/airflow/example_dags/example_short_circuit_operator.py
[2026-08-12T05:52:47.361+0000] {processor.py:925} INFO - DAG(s) 'example_short_circuit_operator' retrieved from /home/airflow/.local/lib/python3.12/site-packages/airflow/example_dags/example_short_circuit_operator.py
[2026-08-12T05:52:47.391+0000] {logging_mixin.py:190} INFO - [2026-08-12T05:52:47.391+0000] {dag.py:3211} INFO - Sync 1 DAGs
[2026-08-12T05:52:47.419+0000] {logging_mixin.py:190} INFO - [2026-08-12T05:52:47.419+0000] {dag.py:4138} INFO - Setting next_dagrun for example_short_circuit_operator to 2026-08-11 00:00:00+00:00, run_after=2026-08-12 00:00:00+00:00
[2026-08-12T05:52:47.450+0000] {processor.py:208} INFO - Processing /home/airflow/.local/lib/python3.12/site-packages/airflow/example_dags/example_short_circuit_operator.py took 0.116 seconds
[2026-08-12T05:53:18.170+0000] {processor.py:186} INFO - Started process (PID=9982) to work on /home/airflow/.local/lib/python3.12/site-packages/airflow/example_dags/example_short_circuit_operator.py
[2026-08-12T05:53:18.173+0000] {processor.py:914} INFO - Processing file /home/airflow/.local/lib/python3.12/site-packages/airflow/example_dags/example_short_circuit_operator.py for tasks to queue
[2026-08-12T05:53:18.178+0000] {logging_mixin.py:190} INFO - [2026-08-12T05:53:18.177+0000] {dagbag.py:587} INFO - Filling up the DagBag from /home/airflow/.local/lib/python3.12/site-packages/airflow/example_dags/example_short_circuit_operator.py
[2026-08-12T05:53:18.191+0000] {processor.py:925} INFO - DAG(s) 'example_short_circuit_operator' retrieved from /home/airflow/.local/lib/python3.12/site-packages/airflow/example_dags/example_short_circuit_operator.py
[2026-08-12T05:53:18.222+0000] {logging_mixin.py:190} INFO - [2026-08-12T05:53:18.222+0000] {dag.py:3211} INFO - Sync 1 DAGs
[2026-08-12T05:53:18.253+0000] {logging_mixin.py:190} INFO - [2026-08-12T05:53:18.253+0000] {dag.py:4138} INFO - Setting next_dagrun for example_short_circuit_operator to 2026-08-11 00:00:00+00:00, run_after=2026-08-12 00:00:00+00:00
[2026-08-12T05:53:18.286+0000] {processor.py:208} INFO - Processing /home/airflow/.local/lib/python3.12/site-packages/airflow/example_dags/example_short_circuit_operator.py took 0.123 seconds
[2026-08-12T05:53:49.003+0000] {processor.py:186} INFO - Started process (PID=10045) to work on /home/airflow/.local/lib/python3.12/site-packages/airflow/example_dags/example_short_circuit_operator.py
[2026-08-12T05:53:49.006+0000] {processor.py:914} INFO - Processing file /home/airflow/.local/lib/python3.12/site-packages/airflow/example_dags/example_short_circuit_operator.py for tasks to queue
[2026-08-12T05:53:49.012+0000] {logging_mixin.py:190} INFO - [2026-08-12T05:53:49.011+0000] {dagbag.py:587} INFO - Filling up the DagBag from /home/airflow/.local/lib/python3.12/site-packages/airflow/example_dags/example_short_circuit_operator.py
[2026-08-12T05:53:49.033+0000] {processor.py:925} INFO - DAG(s) 'example_short_circuit_operator' retrieved from /home/airflow/.local/lib/python3.12/site-packages/airflow/example_dags/example_short_circuit_operator.py
[2026-08-12T05:53:49.073+0000] {logging_mixin.py:190} INFO - [2026-08-12T05:53:49.072+0000] {dag.py:3211} INFO - Sync 1 DAGs
[2026-08-12T05:53:49.107+0000] {logging_mixin.py:190} INFO - [2026-08-12T05:53:49.106+0000] {dag.py:4138} INFO - Setting next_dagrun for example_short_circuit_operator to 2026-08-11 00:00:00+00:00, run_after=2026-08-12 00:00:00+00:00
[2026-08-12T05:53:49.140+0000] {processor.py:208} INFO - Processing /home/airflow/.local/lib/python3.12/site-packages/airflow/example_dags/example_short_circuit_operator.py took 0.146 seconds
[2026-08-12T05:54:20.289+0000] {processor.py:186} INFO - Started process (PID=10108) to work on /home/airflow/.local/lib/python3.12/site-packages/airflow/example_dags/example_short_circuit_operator.py
[2026-08-12T05:54:20.291+0000] {processor.py:914} INFO - Processing file /home/airflow/.local/lib/python3.12/site-packages/airflow/example_dags/example_short_circuit_operator.py for tasks to queue
[2026-08-12T05:54:20.295+0000] {logging_mixin.py:190} INFO - [2026-08-12T05:54:20.295+0000] {dagbag.py:587} INFO - Filling up the DagBag from /home/airflow/.local/lib/python3.12/site-packages/airflow/example_dags/example_short_circuit_operator.py
[2026-08-12T05:54:20.306+0000] {processor.py:925} INFO - DAG(s) 'example_short_circuit_operator' retrieved from /home/airflow/.local/lib/python3.12/site-packages/airflow/example_dags/example_short_circuit_operator.py
[2026-08-12T05:54:20.333+0000] {logging_mixin.py:190} INFO - [2026-08-12T05:54:20.333+0000] {dag.py:3211} INFO - Sync 1 DAGs
[2026-08-12T05:54:20.356+0000] {logging_mixin.py:190} INFO - [2026-08-12T05:54:20.356+0000] {dag.py:4138} INFO - Setting next_dagrun for example_short_circuit_operator to 2026-08-11 00:00:00+00:00, run_after=2026-08-12 00:00:00+00:00
[2026-08-12T05:54:20.378+0000] {processor.py:208} INFO - Processing /home/airflow/.local/lib/python3.12/site-packages/airflow/example_dags/example_short_circuit_operator.py took 0.095 seconds
[2026-08-12T05:54:51.006+0000] {processor.py:186} INFO - Started process (PID=10171) to work on /home/airflow/.local/lib/python3.12/site-packages/airflow/example_dags/example_short_circuit_operator.py
[2026-08-12T05:54:51.010+0000] {processor.py:914} INFO - Processing file /home/airflow/.local/lib/python3.12/site-packages/airflow/example_dags/example_short_circuit_operator.py for tasks to queue
[2026-08-12T05:54:51.018+0000] {logging_mixin.py:190} INFO - [2026-08-12T05:54:51.017+0000] {dagbag.py:587} INFO - Filling up the DagBag from /home/airflow/.local/lib/python3.12/site-packages/airflow/example_dags/example_short_circuit_operator.py
[2026-08-12T05:54:51.037+0000] {processor.py:925} INFO - DAG(s) 'example_short_circuit_operator' retrieved from /home/airflow/.local/lib/python3.12/site-packages/airflow/example_dags/example_short_circuit_operator.py
[2026-08-12T05:54:51.076+0000] {logging_mixin.py:190} INFO - [2026-08-12T05:54:51.076+0000] {dag.py:3211} INFO - Sync 1 DAGs
[2026-08-12T05:54:51.117+0000] {logging_mixin.py:190} INFO - [2026-08-12T05:54:51.117+0000] {dag.py:4138} INFO - Setting next_dagrun for example_short_circuit_operator to 2026-08-11 00:00:00+00:00, run_after=2026-08-12 00:00:00+00:00
[2026-08-12T05:54:51.146+0000] {processor.py:208} INFO - Processing /home/airflow/.local/lib/python3.12/site-packages/airflow/example_dags/example_short_circuit_operator.py took 0.155 seconds
[2026-08-12T05:55:21.542+0000] {processor.py:186} INFO - Started process (PID=10234) to work on /home/airflow/.local/lib/python3.12/site-packages/airflow/example_dags/example_short_circuit_operator.py
[2026-08-12T05:55:21.544+0000] {processor.py:914} INFO - Processing file /home/airflow/.local/lib/python3.12/site-packages/airflow/example_dags/example_short_circuit_operator.py for tasks to queue
[2026-08-12T05:55:21.549+0000] {logging_mixin.py:190} INFO - [2026-08-12T05:55:21.548+0000] {dagbag.py:587} INFO - Filling up the DagBag from /home/airflow/.local/lib/python3.12/site-packages/airflow/example_dags/example_short_circuit_operator.py
[2026-08-12T05:55:21.559+0000] {processor.py:925} INFO - DAG(s) 'example_short_circuit_operator' retrieved from /home/airflow/.local/lib/python3.12/site-packages/airflow/example_dags/example_short_circuit_operator.py
[2026-08-12T05:55:21.582+0000] {logging_mixin.py:190} INFO - [2026-08-12T05:55:21.582+0000] {dag.py:3211} INFO - Sync 1 DAGs
[2026-08-12T05:55:21.767+0000] {logging_mixin.py:190} INFO - [2026-08-12T05:55:21.767+0000] {dag.py:4138} INFO - Setting next_dagrun for example_short_circuit_operator to 2026-08-11 00:00:00+00:00, run_after=2026-08-12 00:00:00+00:00
[2026-08-12T05:55:21.792+0000] {processor.py:208} INFO - Processing /home/airflow/.local/lib/python3.12/site-packages/airflow/example_dags/example_short_circuit_operator.py took 0.257 seconds
[2026-08-12T05:55:52.273+0000] {processor.py:186} INFO - Started process (PID=10297) to work on /home/airflow/.local/lib/python3.12/site-packages/airflow/example_dags/example_short_circuit_operator.py
[2026-08-12T05:55:52.276+0000] {processor.py:914} INFO - Processing file /home/airflow/.local/lib/python3.12/site-packages/airflow/example_dags/example_short_circuit_operator.py for tasks to queue
[2026-08-12T05:55:52.282+0000] {logging_mixin.py:190} INFO - [2026-08-12T05:55:52.281+0000] {dagbag.py:587} INFO - Filling up the DagBag from /home/airflow/.local/lib/python3.12/site-packages/airflow/example_dags/example_short_circuit_operator.py
[2026-08-12T05:55:52.292+0000] {processor.py:925} INFO - DAG(s) 'example_short_circuit_operator' retrieved from /home/airflow/.local/lib/python3.12/site-packages/airflow/example_dags/example_short_circuit_operator.py
[2026-08-12T05:55:52.319+0000] {logging_mixin.py:190} INFO - [2026-08-12T05:55:52.319+0000] {dag.py:3211} INFO - Sync 1 DAGs
[2026-08-12T05:55:52.345+0000] {logging_mixin.py:190} INFO - [2026-08-12T05:55:52.344+0000] {dag.py:4138} INFO - Setting next_dagrun for example_short_circuit_operator to 2026-08-11 00:00:00+00:00, run_after=2026-08-12 00:00:00+00:00
[2026-08-12T05:55:52.556+0000] {processor.py:208} INFO - Processing /home/airflow/.local/lib/python3.12/site-packages/airflow/example_dags/example_short_circuit_operator.py took 0.290 seconds
[2026-08-12T05:56:22.649+0000] {processor.py:186} INFO - Started process (PID=10360) to work on /home/airflow/.local/lib/python3.12/site-packages/airflow/example_dags/example_short_circuit_operator.py
[2026-08-12T05:56:22.651+0000] {processor.py:914} INFO - Processing file /home/airflow/.local/lib/python3.12/site-packages/airflow/example_dags/example_short_circuit_operator.py for tasks to queue
[2026-08-12T05:56:22.657+0000] {logging_mixin.py:190} INFO - [2026-08-12T05:56:22.657+0000] {dagbag.py:587} INFO - Filling up the DagBag from /home/airflow/.local/lib/python3.12/site-packages/airflow/example_dags/example_short_circuit_operator.py
[2026-08-12T05:56:22.668+0000] {processor.py:925} INFO - DAG(s) 'example_short_circuit_operator' retrieved from /home/airflow/.local/lib/python3.12/site-packages/airflow/example_dags/example_short_circuit_operator.py
[2026-08-12T05:56:22.698+0000] {logging_mixin.py:190} INFO - [2026-08-12T05:56:22.698+0000] {dag.py:3211} INFO - Sync 1 DAGs
[2026-08-12T05:56:22.725+0000] {logging_mixin.py:190} INFO - [2026-08-12T05:56:22.725+0000] {dag.py:4138} INFO - Setting next_dagrun for example_short_circuit_operator to 2026-08-11 00:00:00+00:00, run_after=2026-08-12 00:00:00+00:00
[2026-08-12T05:56:22.746+0000] {processor.py:208} INFO - Processing /home/airflow/.local/lib/python3.12/site-packages/airflow/example_dags/example_short_circuit_operator.py took 0.103 seconds
[2026-08-12T05:56:54.228+0000] {processor.py:186} INFO - Started process (PID=10426) to work on /home/airflow/.local/lib/python3.12/site-packages/airflow/example_dags/example_short_circuit_operator.py
[2026-08-12T05:56:54.231+0000] {processor.py:914} INFO - Processing file /home/airflow/.local/lib/python3.12/site-packages/airflow/example_dags/example_short_circuit_operator.py for tasks to queue
[2026-08-12T05:56:54.235+0000] {logging_mixin.py:190} INFO - [2026-08-12T05:56:54.235+0000] {dagbag.py:587} INFO - Filling up the DagBag from /home/airflow/.local/lib/python3.12/site-packages/airflow/example_dags/example_short_circuit_operator.py
[2026-08-12T05:56:54.245+0000] {processor.py:925} INFO - DAG(s) 'example_short_circuit_operator' retrieved from /home/airflow/.local/lib/python3.12/site-packages/airflow/example_dags/example_short_circuit_operator.py
[2026-08-12T05:56:54.272+0000] {logging_mixin.py:190} INFO - [2026-08-12T05:56:54.272+0000] {dag.py:3211} INFO - Sync 1 DAGs
[2026-08-12T05:56:54.299+0000] {logging_mixin.py:190} INFO - [2026-08-12T05:56:54.299+0000] {dag.py:4138} INFO - Setting next_dagrun for example_short_circuit_operator to 2026-08-11 00:00:00+00:00, run_after=2026-08-12 00:00:00+00:00
[2026-08-12T05:56:54.320+0000] {processor.py:208} INFO - Processing /home/airflow/.local/lib/python3.12/site-packages/airflow/example_dags/example_short_circuit_operator.py took 0.097 seconds
[2026-08-12T05:57:25.579+0000] {processor.py:186} INFO - Started process (PID=10489) to work on /home/airflow/.local/lib/python3.12/site-packages/airflow/example_dags/example_short_circuit_operator.py
[2026-08-12T05:57:25.581+0000] {processor.py:914} INFO - Processing file /home/airflow/.local/lib/python3.12/site-packages/airflow/example_dags/example_short_circuit_operator.py for tasks to queue
[2026-08-12T05:57:25.587+0000] {logging_mixin.py:190} INFO - [2026-08-12T05:57:25.586+0000] {dagbag.py:587} INFO - Filling up the DagBag from /home/airflow/.local/lib/python3.12/site-packages/airflow/example_dags/example_short_circuit_operator.py
[2026-08-12T05:57:25.597+0000] {processor.py:925} INFO - DAG(s) 'example_short_circuit_operator' retrieved from /home/airflow/.local/lib/python3.12/site-packages/airflow/example_dags/example_short_circuit_operator.py
[2026-08-12T05:57:25.818+0000] {logging_mixin.py:190} INFO - [2026-08-12T05:57:25.817+0000] {dag.py:3211} INFO - Sync 1 DAGs
[2026-08-12T05:57:25.842+0000] {logging_mixin.py:190} INFO - [2026-08-12T05:57:25.841+0000] {dag.py:4138} INFO - Setting next_dagrun for example_short_circuit_operator to 2026-08-11 00:00:00+00:00, run_after=2026-08-12 00:00:00+00:00
[2026-08-12T05:57:25.871+0000] {processor.py:208} INFO - Processing /home/airflow/.local/lib/python3.12/site-packages/airflow/example_dags/example_short_circuit_operator.py took 0.299 seconds
[2026-08-12T05:57:56.032+0000] {processor.py:186} INFO - Started process (PID=10552) to work on /home/airflow/.local/lib/python3.12/site-packages/airflow/example_dags/example_short_circuit_operator.py
[2026-08-12T05:57:56.034+0000] {processor.py:914} INFO - Processing file /home/airflow/.local/lib/python3.12/site-packages/airflow/example_dags/example_short_circuit_operator.py for tasks to queue
[2026-08-12T05:57:56.039+0000] {logging_mixin.py:190} INFO - [2026-08-12T05:57:56.038+0000] {dagbag.py:587} INFO - Filling up the DagBag from /home/airflow/.local/lib/python3.12/site-packages/airflow/example_dags/example_short_circuit_operator.py
[2026-08-12T05:57:56.051+0000] {processor.py:925} INFO - DAG(s) 'example_short_circuit_operator' retrieved from /home/airflow/.local/lib/python3.12/site-packages/airflow/example_dags/example_short_circuit_operator.py
[2026-08-12T05:57:56.085+0000] {logging_mixin.py:190} INFO - [2026-08-12T05:57:56.085+0000] {dag.py:3211} INFO - Sync 1 DAGs
[2026-08-12T05:57:56.121+0000] {logging_mixin.py:190} INFO - [2026-08-12T05:57:56.120+0000] {dag.py:4138} INFO - Setting next_dagrun for example_short_circuit_operator to 2026-08-11 00:00:00+00:00, run_after=2026-08-12 00:00:00+00:00
[2026-08-12T05:57:56.153+0000] {processor.py:208} INFO - Processing /home/airflow/.local/lib/python3.12/site-packages/airflow/example_dags/example_short_circuit_operator.py took 0.127 seconds
[2026-08-12T05:58:26.432+0000] {processor.py:186} INFO - Started process (PID=10615) to work on /home/airflow/.local/lib/python3.12/site-packages/airflow/example_dags/example_short_circuit_operator.py
[2026-08-12T05:58:26.435+0000] {processor.py:914} INFO - Processing file /home/airflow/.local/lib/python3.12/site-packages/airflow/example_dags/example_short_circuit_operator.py for tasks to queue
[2026-08-12T05:58:26.438+0000] {logging_mixin.py:190} INFO - [2026-08-12T05:58:26.438+0000] {dagbag.py:587} INFO - Filling up the DagBag from /home/airflow/.local/lib/python3.12/site-packages/airflow/example_dags/example_short_circuit_operator.py
[2026-08-12T05:58:26.448+0000] {processor.py:925} INFO - DAG(s) 'example_short_circuit_operator' retrieved from /home/airflow/.local/lib/python3.12/site-packages/airflow/example_dags/example_short_circuit_operator.py
[2026-08-12T05:58:26.474+0000] {logging_mixin.py:190} INFO - [2026-08-12T05:58:26.473+0000] {dag.py:3211} INFO - Sync 1 DAGs
[2026-08-12T05:58:26.501+0000] {logging_mixin.py:190} INFO - [2026-08-12T05:58:26.501+0000] {dag.py:4138} INFO - Setting next_dagrun for example_short_circuit_operator to 2026-08-11 00:00:00+00:00, run_after=2026-08-12 00:00:00+00:00
[2026-08-12T05:58:26.526+0000] {processor.py:208} INFO - Processing /home/airflow/.local/lib/python3.12/site-packages/airflow/example_dags/example_short_circuit_operator.py took 0.100 seconds
[2026-08-12T05:58:56.791+0000] {processor.py:186} INFO - Started process (PID=10678) to work on /home/airflow/.local/lib/python3.12/site-packages/airflow/example_dags/example_short_circuit_operator.py
[2026-08-12T05:58:56.793+0000] {processor.py:914} INFO - Processing file /home/airflow/.local/lib/python3.12/site-packages/airflow/example_dags/example_short_circuit_operator.py for tasks to queue
[2026-08-12T05:58:56.797+0000] {logging_mixin.py:190} INFO - [2026-08-12T05:58:56.796+0000] {dagbag.py:587} INFO - Filling up the DagBag from /home/airflow/.local/lib/python3.12/site-packages/airflow/example_dags/example_short_circuit_operator.py
[2026-08-12T05:58:56.807+0000] {processor.py:925} INFO - DAG(s) 'example_short_circuit_operator' retrieved from /home/airflow/.local/lib/python3.12/site-packages/airflow/example_dags/example_short_circuit_operator.py
[2026-08-12T05:58:56.832+0000] {logging_mixin.py:190} INFO - [2026-08-12T05:58:56.832+0000] {dag.py:3211} INFO - Sync 1 DAGs
[2026-08-12T05:58:56.864+0000] {logging_mixin.py:190} INFO - [2026-08-12T05:58:56.863+0000] {dag.py:4138} INFO - Setting next_dagrun for example_short_circuit_operator to 2026-08-11 00:00:00+00:00, run_after=2026-08-12 00:00:00+00:00
[2026-08-12T05:58:56.893+0000] {processor.py:208} INFO - Processing /home/airflow/.local/lib/python3.12/site-packages/airflow/example_dags/example_short_circuit_operator.py took 0.109 seconds
[2026-08-12T05:59:27.193+0000] {processor.py:186} INFO - Started process (PID=10741) to work on /home/airflow/.local/lib/python3.12/site-packages/airflow/example_dags/example_short_circuit_operator.py
[2026-08-12T05:59:27.196+0000] {processor.py:914} INFO - Processing file /home/airflow/.local/lib/python3.12/site-packages/airflow/example_dags/example_short_circuit_operator.py for tasks to queue
[2026-08-12T05:59:27.201+0000] {logging_mixin.py:190} INFO - [2026-08-12T05:59:27.200+0000] {dagbag.py:587} INFO - Filling up the DagBag from /home/airflow/.local/lib/python3.12/site-packages/airflow/example_dags/example_short_circuit_operator.py
[2026-08-12T05:59:27.213+0000] {processor.py:925} INFO - DAG(s) 'example_short_circuit_operator' retrieved from /home/airflow/.local/lib/python3.12/site-packages/airflow/example_dags/example_short_circuit_operator.py
[2026-08-12T05:59:27.240+0000] {logging_mixin.py:190} INFO - [2026-08-12T05:59:27.239+0000] {dag.py:3211} INFO - Sync 1 DAGs
[2026-08-12T05:59:27.267+0000] {logging_mixin.py:190} INFO - [2026-08-12T05:59:27.267+0000] {dag.py:4138} INFO - Setting next_dagrun for example_short_circuit_operator to 2026-08-11 00:00:00+00:00, run_after=2026-08-12 00:00:00+00:00
[2026-08-12T05:59:27.299+0000] {processor.py:208} INFO - Processing /home/airflow/.local/lib/python3.12/site-packages/airflow/example_dags/example_short_circuit_operator.py took 0.112 seconds
[2026-08-12T05:59:58.150+0000] {processor.py:186} INFO - Started process (PID=10804) to work on /home/airflow/.local/lib/python3.12/site-packages/airflow/example_dags/example_short_circuit_operator.py
[2026-08-12T05:59:58.152+0000] {processor.py:914} INFO - Processing file /home/airflow/.local/lib/python3.12/site-packages/airflow/example_dags/example_short_circuit_operator.py for tasks to queue
[2026-08-12T05:59:58.156+0000] {logging_mixin.py:190} INFO - [2026-08-12T05:59:58.156+0000] {dagbag.py:587} INFO - Filling up the DagBag from /home/airflow/.local/lib/python3.12/site-packages/airflow/example_dags/example_short_circuit_operator.py
[2026-08-12T05:59:58.166+0000] {processor.py:925} INFO - DAG(s) 'example_short_circuit_operator' retrieved from /home/airflow/.local/lib/python3.12/site-packages/airflow/example_dags/example_short_circuit_operator.py
[2026-08-12T05:59:58.190+0000] {logging_mixin.py:190} INFO - [2026-08-12T05:59:58.190+0000] {dag.py:3211} INFO - Sync 1 DAGs
[2026-08-12T05:59:58.215+0000] {logging_mixin.py:190} INFO - [2026-08-12T05:59:58.215+0000] {dag.py:4138} INFO - Setting next_dagrun for example_short_circuit_operator to 2026-08-11 00:00:00+00:00, run_after=2026-08-12 00:00:00+00:00
[2026-08-12T05:59:58.240+0000] {processor.py:208} INFO - Processing /home/airflow/.local/lib/python3.12/site-packages/airflow/example_dags/example_short_circuit_operator.py took 0.096 seconds
[2026-08-12T06:00:29.033+0000] {processor.py:186} INFO - Started process (PID=10867) to work on /home/airflow/.local/lib/python3.12/site-packages/airflow/example_dags/example_short_circuit_operator.py
[2026-08-12T06:00:29.035+0000] {processor.py:914} INFO - Processing file /home/airflow/.local/lib/python3.12/site-packages/airflow/example_dags/example_short_circuit_operator.py for tasks to queue
[2026-08-12T06:00:29.041+0000] {logging_mixin.py:190} INFO - [2026-08-12T06:00:29.040+0000] {dagbag.py:587} INFO - Filling up the DagBag from /home/airflow/.local/lib/python3.12/site-packages/airflow/example_dags/example_short_circuit_operator.py
[2026-08-12T06:00:29.054+0000] {processor.py:925} INFO - DAG(s) 'example_short_circuit_operator' retrieved from /home/airflow/.local/lib/python3.12/site-packages/airflow/example_dags/example_short_circuit_operator.py
[2026-08-12T06:00:29.088+0000] {logging_mixin.py:190} INFO - [2026-08-12T06:00:29.087+0000] {dag.py:3211} INFO - Sync 1 DAGs
[2026-08-12T06:00:29.120+0000] {logging_mixin.py:190} INFO - [2026-08-12T06:00:29.119+0000] {dag.py:4138} INFO - Setting next_dagrun for example_short_circuit_operator to 2026-08-11 00:00:00+00:00, run_after=2026-08-12 00:00:00+00:00
[2026-08-12T06:00:29.149+0000] {processor.py:208} INFO - Processing /home/airflow/.local/lib/python3.12/site-packages/airflow/example_dags/example_short_circuit_operator.py took 0.122 seconds
[2026-08-12T06:00:59.506+0000] {processor.py:186} INFO - Started process (PID=10930) to work on /home/airflow/.local/lib/python3.12/site-packages/airflow/example_dags/example_short_circuit_operator.py
[2026-08-12T06:00:59.510+0000] {processor.py:914} INFO - Processing file /home/airflow/.local/lib/python3.12/site-packages/airflow/example_dags/example_short_circuit_operator.py for tasks to queue
[2026-08-12T06:00:59.515+0000] {logging_mixin.py:190} INFO - [2026-08-12T06:00:59.514+0000] {dagbag.py:587} INFO - Filling up the DagBag from /home/airflow/.local/lib/python3.12/site-packages/airflow/example_dags/example_short_circuit_operator.py
[2026-08-12T06:00:59.526+0000] {processor.py:925} INFO - DAG(s) 'example_short_circuit_operator' retrieved from /home/airflow/.local/lib/python3.12/site-packages/airflow/example_dags/example_short_circuit_operator.py
[2026-08-12T06:00:59.556+0000] {logging_mixin.py:190} INFO - [2026-08-12T06:00:59.555+0000] {dag.py:3211} INFO - Sync 1 DAGs
[2026-08-12T06:00:59.586+0000] {logging_mixin.py:190} INFO - [2026-08-12T06:00:59.586+0000] {dag.py:4138} INFO - Setting next_dagrun for example_short_circuit_operator to 2026-08-11 00:00:00+00:00, run_after=2026-08-12 00:00:00+00:00
[2026-08-12T06:00:59.611+0000] {processor.py:208} INFO - Processing /home/airflow/.local/lib/python3.12/site-packages/airflow/example_dags/example_short_circuit_operator.py took 0.111 seconds
[2026-08-12T06:01:30.241+0000] {processor.py:186} INFO - Started process (PID=10994) to work on /home/airflow/.local/lib/python3.12/site-packages/airflow/example_dags/example_short_circuit_operator.py
[2026-08-12T06:01:30.244+0000] {processor.py:914} INFO - Processing file /home/airflow/.local/lib/python3.12/site-packages/airflow/example_dags/example_short_circuit_operator.py for tasks to queue
[2026-08-12T06:01:30.253+0000] {logging_mixin.py:190} INFO - [2026-08-12T06:01:30.252+0000] {dagbag.py:587} INFO - Filling up the DagBag from /home/airflow/.local/lib/python3.12/site-packages/airflow/example_dags/example_short_circuit_operator.py
[2026-08-12T06:01:30.275+0000] {processor.py:925} INFO - DAG(s) 'example_short_circuit_operator' retrieved from /home/airflow/.local/lib/python3.12/site-packages/airflow/example_dags/example_short_circuit_operator.py
[2026-08-12T06:01:30.301+0000] {logging_mixin.py:190} INFO - [2026-08-12T06:01:30.301+0000] {dag.py:3211} INFO - Sync 1 DAGs
[2026-08-12T06:01:30.330+0000] {logging_mixin.py:190} INFO - [2026-08-12T06:01:30.330+0000] {dag.py:4138} INFO - Setting next_dagrun for example_short_circuit_operator to 2026-08-11 00:00:00+00:00, run_after=2026-08-12 00:00:00+00:00
[2026-08-12T06:01:30.354+0000] {processor.py:208} INFO - Processing /home/airflow/.local/lib/python3.12/site-packages/airflow/example_dags/example_short_circuit_operator.py took 0.122 seconds
[2026-08-12T06:02:00.836+0000] {processor.py:186} INFO - Started process (PID=11057) to work on /home/airflow/.local/lib/python3.12/site-packages/airflow/example_dags/example_short_circuit_operator.py
[2026-08-12T06:02:00.839+0000] {processor.py:914} INFO - Processing file /home/airflow/.local/lib/python3.12/site-packages/airflow/example_dags/example_short_circuit_operator.py for tasks to queue
[2026-08-12T06:02:00.844+0000] {logging_mixin.py:190} INFO - [2026-08-12T06:02:00.843+0000] {dagbag.py:587} INFO - Filling up the DagBag from /home/airflow/.local/lib/python3.12/site-packages/airflow/example_dags/example_short_circuit_operator.py
[2026-08-12T06:02:00.857+0000] {processor.py:925} INFO - DAG(s) 'example_short_circuit_operator' retrieved from /home/airflow/.local/lib/python3.12/site-packages/airflow/example_dags/example_short_circuit_operator.py
[2026-08-12T06:02:00.889+0000] {logging_mixin.py:190} INFO - [2026-08-12T06:02:00.888+0000] {dag.py:3211} INFO - Sync 1 DAGs
[2026-08-12T06:02:00.927+0000] {logging_mixin.py:190} INFO - [2026-08-12T06:02:00.927+0000] {dag.py:4138} INFO - Setting next_dagrun for example_short_circuit_operator to 2026-08-11 00:00:00+00:00, run_after=2026-08-12 00:00:00+00:00
[2026-08-12T06:02:00.961+0000] {processor.py:208} INFO - Processing /home/airflow/.local/lib/python3.12/site-packages/airflow/example_dags/example_short_circuit_operator.py took 0.133 seconds
[2026-08-12T06:02:31.823+0000] {processor.py:186} INFO - Started process (PID=11119) to work on /home/airflow/.local/lib/python3.12/site-packages/airflow/example_dags/example_short_circuit_operator.py
[2026-08-12T06:02:31.825+0000] {processor.py:914} INFO - Processing file /home/airflow/.local/lib/python3.12/site-packages/airflow/example_dags/example_short_circuit_operator.py for tasks to queue
[2026-08-12T06:02:31.830+0000] {logging_mixin.py:190} INFO - [2026-08-12T06:02:31.830+0000] {dagbag.py:587} INFO - Filling up the DagBag from /home/airflow/.local/lib/python3.12/site-packages/airflow/example_dags/example_short_circuit_operator.py
[2026-08-12T06:02:31.841+0000] {processor.py:925} INFO - DAG(s) 'example_short_circuit_operator' retrieved from /home/airflow/.local/lib/python3.12/site-packages/airflow/example_dags/example_short_circuit_operator.py
[2026-08-12T06:02:31.873+0000] {logging_mixin.py:190} INFO - [2026-08-12T06:02:31.872+0000] {dag.py:3211} INFO - Sync 1 DAGs
[2026-08-12T06:02:31.905+0000] {logging_mixin.py:190} INFO - [2026-08-12T06:02:31.905+0000] {dag.py:4138} INFO - Setting next_dagrun for example_short_circuit_operator to 2026-08-11 00:00:00+00:00, run_after=2026-08-12 00:00:00+00:00
[2026-08-12T06:02:31.938+0000] {processor.py:208} INFO - Processing /home/airflow/.local/lib/python3.12/site-packages/airflow/example_dags/example_short_circuit_operator.py took 0.122 seconds
[2026-08-12T06:03:03.424+0000] {processor.py:186} INFO - Started process (PID=11182) to work on /home/airflow/.local/lib/python3.12/site-packages/airflow/example_dags/example_short_circuit_operator.py
[2026-08-12T06:03:03.428+0000] {processor.py:914} INFO - Processing file /home/airflow/.local/lib/python3.12/site-packages/airflow/example_dags/example_short_circuit_operator.py for tasks to queue
[2026-08-12T06:03:03.434+0000] {logging_mixin.py:190} INFO - [2026-08-12T06:03:03.433+0000] {dagbag.py:587} INFO - Filling up the DagBag from /home/airflow/.local/lib/python3.12/site-packages/airflow/example_dags/example_short_circuit_operator.py
[2026-08-12T06:03:03.467+0000] {processor.py:925} INFO - DAG(s) 'example_short_circuit_operator' retrieved from /home/airflow/.local/lib/python3.12/site-packages/airflow/example_dags/example_short_circuit_operator.py
[2026-08-12T06:03:03.537+0000] {logging_mixin.py:190} INFO - [2026-08-12T06:03:03.537+0000] {dag.py:3211} INFO - Sync 1 DAGs
[2026-08-12T06:03:03.598+0000] {logging_mixin.py:190} INFO - [2026-08-12T06:03:03.597+0000] {dag.py:4138} INFO - Setting next_dagrun for example_short_circuit_operator to 2026-08-11 00:00:00+00:00, run_after=2026-08-12 00:00:00+00:00
[2026-08-12T06:03:03.650+0000] {processor.py:208} INFO - Processing /home/airflow/.local/lib/python3.12/site-packages/airflow/example_dags/example_short_circuit_operator.py took 0.238 seconds
[2026-08-12T06:03:34.862+0000] {processor.py:186} INFO - Started process (PID=11245) to work on /home/airflow/.local/lib/python3.12/site-packages/airflow/example_dags/example_short_circuit_operator.py
[2026-08-12T06:03:34.864+0000] {processor.py:914} INFO - Processing file /home/airflow/.local/lib/python3.12/site-packages/airflow/example_dags/example_short_circuit_operator.py for tasks to queue
[2026-08-12T06:03:34.868+0000] {logging_mixin.py:190} INFO - [2026-08-12T06:03:34.868+0000] {dagbag.py:587} INFO - Filling up the DagBag from /home/airflow/.local/lib/python3.12/site-packages/airflow/example_dags/example_short_circuit_operator.py
[2026-08-12T06:03:34.885+0000] {processor.py:925} INFO - DAG(s) 'example_short_circuit_operator' retrieved from /home/airflow/.local/lib/python3.12/site-packages/airflow/example_dags/example_short_circuit_operator.py
[2026-08-12T06:03:34.924+0000] {logging_mixin.py:190} INFO - [2026-08-12T06:03:34.923+0000] {dag.py:3211} INFO - Sync 1 DAGs
[2026-08-12T06:03:34.965+0000] {logging_mixin.py:190} INFO - [2026-08-12T06:03:34.965+0000] {dag.py:4138} INFO - Setting next_dagrun for example_short_circuit_operator to 2026-08-11 00:00:00+00:00, run_after=2026-08-12 00:00:00+00:00
[2026-08-12T06:03:35.000+0000] {processor.py:208} INFO - Processing /home/airflow/.local/lib/python3.12/site-packages/airflow/example_dags/example_short_circuit_operator.py took 0.148 seconds
[2026-08-12T06:04:05.273+0000] {processor.py:186} INFO - Started process (PID=11309) to work on /home/airflow/.local/lib/python3.12/site-packages/airflow/example_dags/example_short_circuit_operator.py
[2026-08-12T06:04:05.275+0000] {processor.py:914} INFO - Processing file /home/airflow/.local/lib/python3.12/site-packages/airflow/example_dags/example_short_circuit_operator.py for tasks to queue
[2026-08-12T06:04:05.281+0000] {logging_mixin.py:190} INFO - [2026-08-12T06:04:05.281+0000] {dagbag.py:587} INFO - Filling up the DagBag from /home/airflow/.local/lib/python3.12/site-packages/airflow/example_dags/example_short_circuit_operator.py
[2026-08-12T06:04:05.292+0000] {processor.py:925} INFO - DAG(s) 'example_short_circuit_operator' retrieved from /home/airflow/.local/lib/python3.12/site-packages/airflow/example_dags/example_short_circuit_operator.py
[2026-08-12T06:04:05.324+0000] {logging_mixin.py:190} INFO - [2026-08-12T06:04:05.323+0000] {dag.py:3211} INFO - Sync 1 DAGs
[2026-08-12T06:04:05.356+0000] {logging_mixin.py:190} INFO - [2026-08-12T06:04:05.355+0000] {dag.py:4138} INFO - Setting next_dagrun for example_short_circuit_operator to 2026-08-11 00:00:00+00:00, run_after=2026-08-12 00:00:00+00:00
[2026-08-12T06:04:05.388+0000] {processor.py:208} INFO - Processing /home/airflow/.local/lib/python3.12/site-packages/airflow/example_dags/example_short_circuit_operator.py took 0.122 seconds
[2026-08-12T06:04:35.887+0000] {processor.py:186} INFO - Started process (PID=11371) to work on /home/airflow/.local/lib/python3.12/site-packages/airflow/example_dags/example_short_circuit_operator.py
[2026-08-12T06:04:35.889+0000] {processor.py:914} INFO - Processing file /home/airflow/.local/lib/python3.12/site-packages/airflow/example_dags/example_short_circuit_operator.py for tasks to queue
[2026-08-12T06:04:35.894+0000] {logging_mixin.py:190} INFO - [2026-08-12T06:04:35.894+0000] {dagbag.py:587} INFO - Filling up the DagBag from /home/airflow/.local/lib/python3.12/site-packages/airflow/example_dags/example_short_circuit_operator.py
[2026-08-12T06:04:35.910+0000] {processor.py:925} INFO - DAG(s) 'example_short_circuit_operator' retrieved from /home/airflow/.local/lib/python3.12/site-packages/airflow/example_dags/example_short_circuit_operator.py
[2026-08-12T06:04:35.953+0000] {logging_mixin.py:190} INFO - [2026-08-12T06:04:35.953+0000] {dag.py:3211} INFO - Sync 1 DAGs
[2026-08-12T06:04:36.018+0000] {logging_mixin.py:190} INFO - [2026-08-12T06:04:36.018+0000] {dag.py:4138} INFO - Setting next_dagrun for example_short_circuit_operator to 2026-08-11 00:00:00+00:00, run_after=2026-08-12 00:00:00+00:00
[2026-08-12T06:04:36.069+0000] {processor.py:208} INFO - Processing /home/airflow/.local/lib/python3.12/site-packages/airflow/example_dags/example_short_circuit_operator.py took 0.189 seconds
[2026-08-12T06:05:06.248+0000] {processor.py:186} INFO - Started process (PID=11435) to work on /home/airflow/.local/lib/python3.12/site-packages/airflow/example_dags/example_short_circuit_operator.py
[2026-08-12T06:05:06.250+0000] {processor.py:914} INFO - Processing file /home/airflow/.local/lib/python3.12/site-packages/airflow/example_dags/example_short_circuit_operator.py for tasks to queue
[2026-08-12T06:05:06.255+0000] {logging_mixin.py:190} INFO - [2026-08-12T06:05:06.255+0000] {dagbag.py:587} INFO - Filling up the DagBag from /home/airflow/.local/lib/python3.12/site-packages/airflow/example_dags/example_short_circuit_operator.py
[2026-08-12T06:05:06.267+0000] {processor.py:925} INFO - DAG(s) 'example_short_circuit_operator' retrieved from /home/airflow/.local/lib/python3.12/site-packages/airflow/example_dags/example_short_circuit_operator.py
[2026-08-12T06:05:06.298+0000] {logging_mixin.py:190} INFO - [2026-08-12T06:05:06.298+0000] {dag.py:3211} INFO - Sync 1 DAGs
[2026-08-12T06:05:06.327+0000] {logging_mixin.py:190} INFO - [2026-08-12T06:05:06.327+0000] {dag.py:4138} INFO - Setting next_dagrun for example_short_circuit_operator to 2026-08-11 00:00:00+00:00, run_after=2026-08-12 00:00:00+00:00
[2026-08-12T06:05:06.350+0000] {processor.py:208} INFO - Processing /home/airflow/.local/lib/python3.12/site-packages/airflow/example_dags/example_short_circuit_operator.py took 0.110 seconds
[2026-08-12T06:05:36.671+0000] {processor.py:186} INFO - Started process (PID=11499) to work on /home/airflow/.local/lib/python3.12/site-packages/airflow/example_dags/example_short_circuit_operator.py
[2026-08-12T06:05:36.674+0000] {processor.py:914} INFO - Processing file /home/airflow/.local/lib/python3.12/site-packages/airflow/example_dags/example_short_circuit_operator.py for tasks to queue
[2026-08-12T06:05:36.678+0000] {logging_mixin.py:190} INFO - [2026-08-12T06:05:36.678+0000] {dagbag.py:587} INFO - Filling up the DagBag from /home/airflow/.local/lib/python3.12/site-packages/airflow/example_dags/example_short_circuit_operator.py
[2026-08-12T06:05:36.689+0000] {processor.py:925} INFO - DAG(s) 'example_short_circuit_operator' retrieved from /home/airflow/.local/lib/python3.12/site-packages/airflow/example_dags/example_short_circuit_operator.py
[2026-08-12T06:05:36.720+0000] {logging_mixin.py:190} INFO - [2026-08-12T06:05:36.719+0000] {dag.py:3211} INFO - Sync 1 DAGs
[2026-08-12T06:05:36.752+0000] {logging_mixin.py:190} INFO - [2026-08-12T06:05:36.752+0000] {dag.py:4138} INFO - Setting next_dagrun for example_short_circuit_operator to 2026-08-11 00:00:00+00:00, run_after=2026-08-12 00:00:00+00:00
[2026-08-12T06:05:36.783+0000] {processor.py:208} INFO - Processing /home/airflow/.local/lib/python3.12/site-packages/airflow/example_dags/example_short_circuit_operator.py took 0.118 seconds
[2026-08-12T06:06:07.638+0000] {processor.py:186} INFO - Started process (PID=11563) to work on /home/airflow/.local/lib/python3.12/site-packages/airflow/example_dags/example_short_circuit_operator.py
[2026-08-12T06:06:07.642+0000] {processor.py:914} INFO - Processing file /home/airflow/.local/lib/python3.12/site-packages/airflow/example_dags/example_short_circuit_operator.py for tasks to queue
[2026-08-12T06:06:07.646+0000] {logging_mixin.py:190} INFO - [2026-08-12T06:06:07.646+0000] {dagbag.py:587} INFO - Filling up the DagBag from /home/airflow/.local/lib/python3.12/site-packages/airflow/example_dags/example_short_circuit_operator.py
[2026-08-12T06:06:07.660+0000] {processor.py:925} INFO - DAG(s) 'example_short_circuit_operator' retrieved from /home/airflow/.local/lib/python3.12/site-packages/airflow/example_dags/example_short_circuit_operator.py
[2026-08-12T06:06:07.686+0000] {logging_mixin.py:190} INFO - [2026-08-12T06:06:07.686+0000] {dag.py:3211} INFO - Sync 1 DAGs
[2026-08-12T06:06:07.713+0000] {logging_mixin.py:190} INFO - [2026-08-12T06:06:07.713+0000] {dag.py:4138} INFO - Setting next_dagrun for example_short_circuit_operator to 2026-08-11 00:00:00+00:00, run_after=2026-08-12 00:00:00+00:00
[2026-08-12T06:06:07.735+0000] {processor.py:208} INFO - Processing /home/airflow/.local/lib/python3.12/site-packages/airflow/example_dags/example_short_circuit_operator.py took 0.109 seconds
[2026-08-12T06:06:38.540+0000] {processor.py:186} INFO - Started process (PID=11632) to work on /home/airflow/.local/lib/python3.12/site-packages/airflow/example_dags/example_short_circuit_operator.py
[2026-08-12T06:06:38.543+0000] {processor.py:914} INFO - Processing file /home/airflow/.local/lib/python3.12/site-packages/airflow/example_dags/example_short_circuit_operator.py for tasks to queue
[2026-08-12T06:06:38.549+0000] {logging_mixin.py:190} INFO - [2026-08-12T06:06:38.547+0000] {dagbag.py:587} INFO - Filling up the DagBag from /home/airflow/.local/lib/python3.12/site-packages/airflow/example_dags/example_short_circuit_operator.py
[2026-08-12T06:06:38.561+0000] {processor.py:925} INFO - DAG(s) 'example_short_circuit_operator' retrieved from /home/airflow/.local/lib/python3.12/site-packages/airflow/example_dags/example_short_circuit_operator.py
[2026-08-12T06:06:38.593+0000] {logging_mixin.py:190} INFO - [2026-08-12T06:06:38.592+0000] {dag.py:3211} INFO - Sync 1 DAGs
[2026-08-12T06:06:38.627+0000] {logging_mixin.py:190} INFO - [2026-08-12T06:06:38.626+0000] {dag.py:4138} INFO - Setting next_dagrun for example_short_circuit_operator to 2026-08-11 00:00:00+00:00, run_after=2026-08-12 00:00:00+00:00
[2026-08-12T06:06:38.654+0000] {processor.py:208} INFO - Processing /home/airflow/.local/lib/python3.12/site-packages/airflow/example_dags/example_short_circuit_operator.py took 0.120 seconds
[2026-08-12T06:07:08.959+0000] {processor.py:186} INFO - Started process (PID=11696) to work on /home/airflow/.local/lib/python3.12/site-packages/airflow/example_dags/example_short_circuit_operator.py
[2026-08-12T06:07:08.961+0000] {processor.py:914} INFO - Processing file /home/airflow/.local/lib/python3.12/site-packages/airflow/example_dags/example_short_circuit_operator.py for tasks to queue
[2026-08-12T06:07:08.967+0000] {logging_mixin.py:190} INFO - [2026-08-12T06:07:08.967+0000] {dagbag.py:587} INFO - Filling up the DagBag from /home/airflow/.local/lib/python3.12/site-packages/airflow/example_dags/example_short_circuit_operator.py
[2026-08-12T06:07:08.980+0000] {processor.py:925} INFO - DAG(s) 'example_short_circuit_operator' retrieved from /home/airflow/.local/lib/python3.12/site-packages/airflow/example_dags/example_short_circuit_operator.py
[2026-08-12T06:07:09.012+0000] {logging_mixin.py:190} INFO - [2026-08-12T06:07:09.012+0000] {dag.py:3211} INFO - Sync 1 DAGs
[2026-08-12T06:07:09.044+0000] {logging_mixin.py:190} INFO - [2026-08-12T06:07:09.044+0000] {dag.py:4138} INFO - Setting next_dagrun for example_short_circuit_operator to 2026-08-11 00:00:00+00:00, run_after=2026-08-12 00:00:00+00:00
[2026-08-12T06:07:09.071+0000] {processor.py:208} INFO - Processing /home/airflow/.local/lib/python3.12/site-packages/airflow/example_dags/example_short_circuit_operator.py took 0.118 seconds
[2026-08-12T06:07:39.341+0000] {processor.py:186} INFO - Started process (PID=11760) to work on /home/airflow/.local/lib/python3.12/site-packages/airflow/example_dags/example_short_circuit_operator.py
[2026-08-12T06:07:39.343+0000] {processor.py:914} INFO - Processing file /home/airflow/.local/lib/python3.12/site-packages/airflow/example_dags/example_short_circuit_operator.py for tasks to queue
[2026-08-12T06:07:39.347+0000] {logging_mixin.py:190} INFO - [2026-08-12T06:07:39.347+0000] {dagbag.py:587} INFO - Filling up the DagBag from /home/airflow/.local/lib/python3.12/site-packages/airflow/example_dags/example_short_circuit_operator.py
[2026-08-12T06:07:39.360+0000] {processor.py:925} INFO - DAG(s) 'example_short_circuit_operator' retrieved from /home/airflow/.local/lib/python3.12/site-packages/airflow/example_dags/example_short_circuit_operator.py
[2026-08-12T06:07:39.390+0000] {logging_mixin.py:190} INFO - [2026-08-12T06:07:39.390+0000] {dag.py:3211} INFO - Sync 1 DAGs
[2026-08-12T06:07:39.420+0000] {logging_mixin.py:190} INFO - [2026-08-12T06:07:39.420+0000] {dag.py:4138} INFO - Setting next_dagrun for example_short_circuit_operator to 2026-08-11 00:00:00+00:00, run_after=2026-08-12 00:00:00+00:00
[2026-08-12T06:07:39.444+0000] {processor.py:208} INFO - Processing /home/airflow/.local/lib/python3.12/site-packages/airflow/example_dags/example_short_circuit_operator.py took 0.112 seconds
[2026-08-12T06:08:10.257+0000] {processor.py:186} INFO - Started process (PID=11823) to work on /home/airflow/.local/lib/python3.12/site-packages/airflow/example_dags/example_short_circuit_operator.py
[2026-08-12T06:08:10.260+0000] {processor.py:914} INFO - Processing file /home/airflow/.local/lib/python3.12/site-packages/airflow/example_dags/example_short_circuit_operator.py for tasks to queue
[2026-08-12T06:08:10.265+0000] {logging_mixin.py:190} INFO - [2026-08-12T06:08:10.264+0000] {dagbag.py:587} INFO - Filling up the DagBag from /home/airflow/.local/lib/python3.12/site-packages/airflow/example_dags/example_short_circuit_operator.py
[2026-08-12T06:08:10.278+0000] {processor.py:925} INFO - DAG(s) 'example_short_circuit_operator' retrieved from /home/airflow/.local/lib/python3.12/site-packages/airflow/example_dags/example_short_circuit_operator.py
[2026-08-12T06:08:10.311+0000] {logging_mixin.py:190} INFO - [2026-08-12T06:08:10.310+0000] {dag.py:3211} INFO - Sync 1 DAGs
[2026-08-12T06:08:10.340+0000] {logging_mixin.py:190} INFO - [2026-08-12T06:08:10.340+0000] {dag.py:4138} INFO - Setting next_dagrun for example_short_circuit_operator to 2026-08-11 00:00:00+00:00, run_after=2026-08-12 00:00:00+00:00
[2026-08-12T06:08:10.372+0000] {processor.py:208} INFO - Processing /home/airflow/.local/lib/python3.12/site-packages/airflow/example_dags/example_short_circuit_operator.py took 0.122 seconds
[2026-08-12T06:08:40.717+0000] {processor.py:186} INFO - Started process (PID=11887) to work on /home/airflow/.local/lib/python3.12/site-packages/airflow/example_dags/example_short_circuit_operator.py
[2026-08-12T06:08:40.720+0000] {processor.py:914} INFO - Processing file /home/airflow/.local/lib/python3.12/site-packages/airflow/example_dags/example_short_circuit_operator.py for tasks to queue
[2026-08-12T06:08:40.724+0000] {logging_mixin.py:190} INFO - [2026-08-12T06:08:40.723+0000] {dagbag.py:587} INFO - Filling up the DagBag from /home/airflow/.local/lib/python3.12/site-packages/airflow/example_dags/example_short_circuit_operator.py
[2026-08-12T06:08:40.736+0000] {processor.py:925} INFO - DAG(s) 'example_short_circuit_operator' retrieved from /home/airflow/.local/lib/python3.12/site-packages/airflow/example_dags/example_short_circuit_operator.py
[2026-08-12T06:08:40.770+0000] {logging_mixin.py:190} INFO - [2026-08-12T06:08:40.769+0000] {dag.py:3211} INFO - Sync 1 DAGs
[2026-08-12T06:08:40.807+0000] {logging_mixin.py:190} INFO - [2026-08-12T06:08:40.807+0000] {dag.py:4138} INFO - Setting next_dagrun for example_short_circuit_operator to 2026-08-11 00:00:00+00:00, run_after=2026-08-12 00:00:00+00:00
[2026-08-12T06:08:40.849+0000] {processor.py:208} INFO - Processing /home/airflow/.local/lib/python3.12/site-packages/airflow/example_dags/example_short_circuit_operator.py took 0.139 seconds
[2026-08-12T06:09:11.158+0000] {processor.py:186} INFO - Started process (PID=11950) to work on /home/airflow/.local/lib/python3.12/site-packages/airflow/example_dags/example_short_circuit_operator.py
[2026-08-12T06:09:11.161+0000] {processor.py:914} INFO - Processing file /home/airflow/.local/lib/python3.12/site-packages/airflow/example_dags/example_short_circuit_operator.py for tasks to queue
[2026-08-12T06:09:11.165+0000] {logging_mixin.py:190} INFO - [2026-08-12T06:09:11.165+0000] {dagbag.py:587} INFO - Filling up the DagBag from /home/airflow/.local/lib/python3.12/site-packages/airflow/example_dags/example_short_circuit_operator.py
[2026-08-12T06:09:11.178+0000] {processor.py:925} INFO - DAG(s) 'example_short_circuit_operator' retrieved from /home/airflow/.local/lib/python3.12/site-packages/airflow/example_dags/example_short_circuit_operator.py
[2026-08-12T06:09:11.205+0000] {logging_mixin.py:190} INFO - [2026-08-12T06:09:11.205+0000] {dag.py:3211} INFO - Sync 1 DAGs
[2026-08-12T06:09:11.231+0000] {logging_mixin.py:190} INFO - [2026-08-12T06:09:11.231+0000] {dag.py:4138} INFO - Setting next_dagrun for example_short_circuit_operator to 2026-08-11 00:00:00+00:00, run_after=2026-08-12 00:00:00+00:00
[2026-08-12T06:09:11.253+0000] {processor.py:208} INFO - Processing /home/airflow/.local/lib/python3.12/site-packages/airflow/example_dags/example_short_circuit_operator.py took 0.103 seconds
[2026-08-12T06:09:41.993+0000] {processor.py:186} INFO - Started process (PID=12012) to work on /home/airflow/.local/lib/python3.12/site-packages/airflow/example_dags/example_short_circuit_operator.py
[2026-08-12T06:09:41.995+0000] {processor.py:914} INFO - Processing file /home/airflow/.local/lib/python3.12/site-packages/airflow/example_dags/example_short_circuit_operator.py for tasks to queue
[2026-08-12T06:09:42.000+0000] {logging_mixin.py:190} INFO - [2026-08-12T06:09:42.000+0000] {dagbag.py:587} INFO - Filling up the DagBag from /home/airflow/.local/lib/python3.12/site-packages/airflow/example_dags/example_short_circuit_operator.py
[2026-08-12T06:09:42.013+0000] {processor.py:925} INFO - DAG(s) 'example_short_circuit_operator' retrieved from /home/airflow/.local/lib/python3.12/site-packages/airflow/example_dags/example_short_circuit_operator.py
[2026-08-12T06:09:42.041+0000] {logging_mixin.py:190} INFO - [2026-08-12T06:09:42.040+0000] {dag.py:3211} INFO - Sync 1 DAGs
[2026-08-12T06:09:42.072+0000] {logging_mixin.py:190} INFO - [2026-08-12T06:09:42.071+0000] {dag.py:4138} INFO - Setting next_dagrun for example_short_circuit_operator to 2026-08-11 00:00:00+00:00, run_after=2026-08-12 00:00:00+00:00
[2026-08-12T06:09:42.093+0000] {processor.py:208} INFO - Processing /home/airflow/.local/lib/python3.12/site-packages/airflow/example_dags/example_short_circuit_operator.py took 0.109 seconds
[2026-08-12T06:10:12.745+0000] {processor.py:186} INFO - Started process (PID=12075) to work on /home/airflow/.local/lib/python3.12/site-packages/airflow/example_dags/example_short_circuit_operator.py
[2026-08-12T06:10:12.747+0000] {processor.py:914} INFO - Processing file /home/airflow/.local/lib/python3.12/site-packages/airflow/example_dags/example_short_circuit_operator.py for tasks to queue
[2026-08-12T06:10:12.752+0000] {logging_mixin.py:190} INFO - [2026-08-12T06:10:12.752+0000] {dagbag.py:587} INFO - Filling up the DagBag from /home/airflow/.local/lib/python3.12/site-packages/airflow/example_dags/example_short_circuit_operator.py
[2026-08-12T06:10:12.765+0000] {processor.py:925} INFO - DAG(s) 'example_short_circuit_operator' retrieved from /home/airflow/.local/lib/python3.12/site-packages/airflow/example_dags/example_short_circuit_operator.py
[2026-08-12T06:10:12.798+0000] {logging_mixin.py:190} INFO - [2026-08-12T06:10:12.798+0000] {dag.py:3211} INFO - Sync 1 DAGs
[2026-08-12T06:10:12.831+0000] {logging_mixin.py:190} INFO - [2026-08-12T06:10:12.831+0000] {dag.py:4138} INFO - Setting next_dagrun for example_short_circuit_operator to 2026-08-11 00:00:00+00:00, run_after=2026-08-12 00:00:00+00:00
[2026-08-12T06:10:12.856+0000] {processor.py:208} INFO - Processing /home/airflow/.local/lib/python3.12/site-packages/airflow/example_dags/example_short_circuit_operator.py took 0.119 seconds
[2026-08-12T06:10:43.080+0000] {processor.py:186} INFO - Started process (PID=12138) to work on /home/airflow/.local/lib/python3.12/site-packages/airflow/example_dags/example_short_circuit_operator.py
[2026-08-12T06:10:43.083+0000] {processor.py:914} INFO - Processing file /home/airflow/.local/lib/python3.12/site-packages/airflow/example_dags/example_short_circuit_operator.py for tasks to queue
[2026-08-12T06:10:43.090+0000] {logging_mixin.py:190} INFO - [2026-08-12T06:10:43.089+0000] {dagbag.py:587} INFO - Filling up the DagBag from /home/airflow/.local/lib/python3.12/site-packages/airflow/example_dags/example_short_circuit_operator.py
[2026-08-12T06:10:43.104+0000] {processor.py:925} INFO - DAG(s) 'example_short_circuit_operator' retrieved from /home/airflow/.local/lib/python3.12/site-packages/airflow/example_dags/example_short_circuit_operator.py
[2026-08-12T06:10:43.136+0000] {logging_mixin.py:190} INFO - [2026-08-12T06:10:43.136+0000] {dag.py:3211} INFO - Sync 1 DAGs
[2026-08-12T06:10:43.172+0000] {logging_mixin.py:190} INFO - [2026-08-12T06:10:43.172+0000] {dag.py:4138} INFO - Setting next_dagrun for example_short_circuit_operator to 2026-08-11 00:00:00+00:00, run_after=2026-08-12 00:00:00+00:00
[2026-08-12T06:10:43.201+0000] {processor.py:208} INFO - Processing /home/airflow/.local/lib/python3.12/site-packages/airflow/example_dags/example_short_circuit_operator.py took 0.128 seconds
