[2026-08-12T04:31:07.164+0000] {processor.py:186} INFO - Started process (PID=90) to work on /home/airflow/.local/lib/python3.12/site-packages/airflow/example_dags/example_skip_dag.py
[2026-08-12T04:31:07.167+0000] {processor.py:914} INFO - Processing file /home/airflow/.local/lib/python3.12/site-packages/airflow/example_dags/example_skip_dag.py for tasks to queue
[2026-08-12T04:31:07.172+0000] {logging_mixin.py:190} INFO - [2026-08-12T04:31:07.172+0000] {dagbag.py:587} INFO - Filling up the DagBag from /home/airflow/.local/lib/python3.12/site-packages/airflow/example_dags/example_skip_dag.py
[2026-08-12T04:31:07.192+0000] {processor.py:925} INFO - DAG(s) 'example_skip_dag' retrieved from /home/airflow/.local/lib/python3.12/site-packages/airflow/example_dags/example_skip_dag.py
[2026-08-12T04:31:07.398+0000] {logging_mixin.py:190} INFO - [2026-08-12T04:31:07.397+0000] {override.py:1858} INFO - Created Permission View: can delete on DAG:example_skip_dag
[2026-08-12T04:31:07.417+0000] {logging_mixin.py:190} INFO - [2026-08-12T04:31:07.417+0000] {override.py:1858} INFO - Created Permission View: can read on DAG:example_skip_dag
[2026-08-12T04:31:07.431+0000] {logging_mixin.py:190} INFO - [2026-08-12T04:31:07.430+0000] {override.py:1858} INFO - Created Permission View: can edit on DAG:example_skip_dag
[2026-08-12T04:31:07.434+0000] {logging_mixin.py:190} INFO - [2026-08-12T04:31:07.433+0000] {dag.py:3211} INFO - Sync 1 DAGs
[2026-08-12T04:31:07.456+0000] {logging_mixin.py:190} INFO - [2026-08-12T04:31:07.456+0000] {dag.py:3234} INFO - Creating ORM DAG for example_skip_dag
[2026-08-12T04:31:07.473+0000] {logging_mixin.py:190} INFO - [2026-08-12T04:31:07.473+0000] {dag.py:4138} INFO - Setting next_dagrun for example_skip_dag to 2026-08-11 00:00:00+00:00, run_after=2026-08-12 00:00:00+00:00
[2026-08-12T04:31:07.506+0000] {processor.py:208} INFO - Processing /home/airflow/.local/lib/python3.12/site-packages/airflow/example_dags/example_skip_dag.py took 0.351 seconds
[2026-08-12T04:31:37.619+0000] {processor.py:186} INFO - Started process (PID=152) to work on /home/airflow/.local/lib/python3.12/site-packages/airflow/example_dags/example_skip_dag.py
[2026-08-12T04:31:37.621+0000] {processor.py:914} INFO - Processing file /home/airflow/.local/lib/python3.12/site-packages/airflow/example_dags/example_skip_dag.py for tasks to queue
[2026-08-12T04:31:37.624+0000] {logging_mixin.py:190} INFO - [2026-08-12T04:31:37.624+0000] {dagbag.py:587} INFO - Filling up the DagBag from /home/airflow/.local/lib/python3.12/site-packages/airflow/example_dags/example_skip_dag.py
[2026-08-12T04:31:37.633+0000] {processor.py:925} INFO - DAG(s) 'example_skip_dag' retrieved from /home/airflow/.local/lib/python3.12/site-packages/airflow/example_dags/example_skip_dag.py
[2026-08-12T04:31:37.655+0000] {logging_mixin.py:190} INFO - [2026-08-12T04:31:37.654+0000] {dag.py:3211} INFO - Sync 1 DAGs
[2026-08-12T04:31:37.680+0000] {logging_mixin.py:190} INFO - [2026-08-12T04:31:37.680+0000] {dag.py:4138} INFO - Setting next_dagrun for example_skip_dag to 2026-08-11 00:00:00+00:00, run_after=2026-08-12 00:00:00+00:00
[2026-08-12T04:31:37.700+0000] {processor.py:208} INFO - Processing /home/airflow/.local/lib/python3.12/site-packages/airflow/example_dags/example_skip_dag.py took 0.088 seconds
[2026-08-12T04:32:55.979+0000] {processor.py:186} INFO - Started process (PID=84) to work on /home/airflow/.local/lib/python3.12/site-packages/airflow/example_dags/example_skip_dag.py
[2026-08-12T04:32:55.989+0000] {processor.py:914} INFO - Processing file /home/airflow/.local/lib/python3.12/site-packages/airflow/example_dags/example_skip_dag.py for tasks to queue
[2026-08-12T04:32:55.998+0000] {logging_mixin.py:190} INFO - [2026-08-12T04:32:55.997+0000] {dagbag.py:587} INFO - Filling up the DagBag from /home/airflow/.local/lib/python3.12/site-packages/airflow/example_dags/example_skip_dag.py
[2026-08-12T04:32:56.024+0000] {processor.py:925} INFO - DAG(s) 'example_skip_dag' retrieved from /home/airflow/.local/lib/python3.12/site-packages/airflow/example_dags/example_skip_dag.py
[2026-08-12T04:32:56.116+0000] {logging_mixin.py:190} INFO - [2026-08-12T04:32:56.115+0000] {dag.py:3211} INFO - Sync 1 DAGs
[2026-08-12T04:32:56.320+0000] {logging_mixin.py:190} INFO - [2026-08-12T04:32:56.319+0000] {dag.py:4138} INFO - Setting next_dagrun for example_skip_dag to 2026-08-11 00:00:00+00:00, run_after=2026-08-12 00:00:00+00:00
[2026-08-12T04:32:56.443+0000] {processor.py:208} INFO - Processing /home/airflow/.local/lib/python3.12/site-packages/airflow/example_dags/example_skip_dag.py took 0.488 seconds
[2026-08-12T04:33:26.581+0000] {processor.py:186} INFO - Started process (PID=146) to work on /home/airflow/.local/lib/python3.12/site-packages/airflow/example_dags/example_skip_dag.py
[2026-08-12T04:33:26.583+0000] {processor.py:914} INFO - Processing file /home/airflow/.local/lib/python3.12/site-packages/airflow/example_dags/example_skip_dag.py for tasks to queue
[2026-08-12T04:33:26.587+0000] {logging_mixin.py:190} INFO - [2026-08-12T04:33:26.586+0000] {dagbag.py:587} INFO - Filling up the DagBag from /home/airflow/.local/lib/python3.12/site-packages/airflow/example_dags/example_skip_dag.py
[2026-08-12T04:33:26.597+0000] {processor.py:925} INFO - DAG(s) 'example_skip_dag' retrieved from /home/airflow/.local/lib/python3.12/site-packages/airflow/example_dags/example_skip_dag.py
[2026-08-12T04:33:26.624+0000] {logging_mixin.py:190} INFO - [2026-08-12T04:33:26.623+0000] {dag.py:3211} INFO - Sync 1 DAGs
[2026-08-12T04:33:26.670+0000] {logging_mixin.py:190} INFO - [2026-08-12T04:33:26.669+0000] {dag.py:4138} INFO - Setting next_dagrun for example_skip_dag to 2026-08-11 00:00:00+00:00, run_after=2026-08-12 00:00:00+00:00
[2026-08-12T04:33:26.703+0000] {processor.py:208} INFO - Processing /home/airflow/.local/lib/python3.12/site-packages/airflow/example_dags/example_skip_dag.py took 0.127 seconds
[2026-08-12T04:33:57.307+0000] {processor.py:186} INFO - Started process (PID=208) to work on /home/airflow/.local/lib/python3.12/site-packages/airflow/example_dags/example_skip_dag.py
[2026-08-12T04:33:57.310+0000] {processor.py:914} INFO - Processing file /home/airflow/.local/lib/python3.12/site-packages/airflow/example_dags/example_skip_dag.py for tasks to queue
[2026-08-12T04:33:57.316+0000] {logging_mixin.py:190} INFO - [2026-08-12T04:33:57.315+0000] {dagbag.py:587} INFO - Filling up the DagBag from /home/airflow/.local/lib/python3.12/site-packages/airflow/example_dags/example_skip_dag.py
[2026-08-12T04:33:57.330+0000] {processor.py:925} INFO - DAG(s) 'example_skip_dag' retrieved from /home/airflow/.local/lib/python3.12/site-packages/airflow/example_dags/example_skip_dag.py
[2026-08-12T04:33:57.358+0000] {logging_mixin.py:190} INFO - [2026-08-12T04:33:57.358+0000] {dag.py:3211} INFO - Sync 1 DAGs
[2026-08-12T04:33:57.390+0000] {logging_mixin.py:190} INFO - [2026-08-12T04:33:57.389+0000] {dag.py:4138} INFO - Setting next_dagrun for example_skip_dag to 2026-08-11 00:00:00+00:00, run_after=2026-08-12 00:00:00+00:00
[2026-08-12T04:33:57.425+0000] {processor.py:208} INFO - Processing /home/airflow/.local/lib/python3.12/site-packages/airflow/example_dags/example_skip_dag.py took 0.125 seconds
[2026-08-12T04:34:27.536+0000] {processor.py:186} INFO - Started process (PID=270) to work on /home/airflow/.local/lib/python3.12/site-packages/airflow/example_dags/example_skip_dag.py
[2026-08-12T04:34:27.540+0000] {processor.py:914} INFO - Processing file /home/airflow/.local/lib/python3.12/site-packages/airflow/example_dags/example_skip_dag.py for tasks to queue
[2026-08-12T04:34:27.545+0000] {logging_mixin.py:190} INFO - [2026-08-12T04:34:27.544+0000] {dagbag.py:587} INFO - Filling up the DagBag from /home/airflow/.local/lib/python3.12/site-packages/airflow/example_dags/example_skip_dag.py
[2026-08-12T04:34:27.555+0000] {processor.py:925} INFO - DAG(s) 'example_skip_dag' retrieved from /home/airflow/.local/lib/python3.12/site-packages/airflow/example_dags/example_skip_dag.py
[2026-08-12T04:34:27.582+0000] {logging_mixin.py:190} INFO - [2026-08-12T04:34:27.582+0000] {dag.py:3211} INFO - Sync 1 DAGs
[2026-08-12T04:34:27.620+0000] {logging_mixin.py:190} INFO - [2026-08-12T04:34:27.619+0000] {dag.py:4138} INFO - Setting next_dagrun for example_skip_dag to 2026-08-11 00:00:00+00:00, run_after=2026-08-12 00:00:00+00:00
[2026-08-12T04:34:27.650+0000] {processor.py:208} INFO - Processing /home/airflow/.local/lib/python3.12/site-packages/airflow/example_dags/example_skip_dag.py took 0.122 seconds
[2026-08-12T04:34:57.771+0000] {processor.py:186} INFO - Started process (PID=332) to work on /home/airflow/.local/lib/python3.12/site-packages/airflow/example_dags/example_skip_dag.py
[2026-08-12T04:34:57.774+0000] {processor.py:914} INFO - Processing file /home/airflow/.local/lib/python3.12/site-packages/airflow/example_dags/example_skip_dag.py for tasks to queue
[2026-08-12T04:34:57.781+0000] {logging_mixin.py:190} INFO - [2026-08-12T04:34:57.780+0000] {dagbag.py:587} INFO - Filling up the DagBag from /home/airflow/.local/lib/python3.12/site-packages/airflow/example_dags/example_skip_dag.py
[2026-08-12T04:34:57.797+0000] {processor.py:925} INFO - DAG(s) 'example_skip_dag' retrieved from /home/airflow/.local/lib/python3.12/site-packages/airflow/example_dags/example_skip_dag.py
[2026-08-12T04:34:57.858+0000] {logging_mixin.py:190} INFO - [2026-08-12T04:34:57.857+0000] {dag.py:3211} INFO - Sync 1 DAGs
[2026-08-12T04:34:57.903+0000] {logging_mixin.py:190} INFO - [2026-08-12T04:34:57.903+0000] {dag.py:4138} INFO - Setting next_dagrun for example_skip_dag to 2026-08-11 00:00:00+00:00, run_after=2026-08-12 00:00:00+00:00
[2026-08-12T04:34:57.934+0000] {processor.py:208} INFO - Processing /home/airflow/.local/lib/python3.12/site-packages/airflow/example_dags/example_skip_dag.py took 0.172 seconds
[2026-08-12T04:35:28.774+0000] {processor.py:186} INFO - Started process (PID=394) to work on /home/airflow/.local/lib/python3.12/site-packages/airflow/example_dags/example_skip_dag.py
[2026-08-12T04:35:28.777+0000] {processor.py:914} INFO - Processing file /home/airflow/.local/lib/python3.12/site-packages/airflow/example_dags/example_skip_dag.py for tasks to queue
[2026-08-12T04:35:28.782+0000] {logging_mixin.py:190} INFO - [2026-08-12T04:35:28.781+0000] {dagbag.py:587} INFO - Filling up the DagBag from /home/airflow/.local/lib/python3.12/site-packages/airflow/example_dags/example_skip_dag.py
[2026-08-12T04:35:28.795+0000] {processor.py:925} INFO - DAG(s) 'example_skip_dag' retrieved from /home/airflow/.local/lib/python3.12/site-packages/airflow/example_dags/example_skip_dag.py
[2026-08-12T04:35:28.829+0000] {logging_mixin.py:190} INFO - [2026-08-12T04:35:28.828+0000] {dag.py:3211} INFO - Sync 1 DAGs
[2026-08-12T04:35:28.868+0000] {logging_mixin.py:190} INFO - [2026-08-12T04:35:28.868+0000] {dag.py:4138} INFO - Setting next_dagrun for example_skip_dag to 2026-08-11 00:00:00+00:00, run_after=2026-08-12 00:00:00+00:00
[2026-08-12T04:35:28.905+0000] {processor.py:208} INFO - Processing /home/airflow/.local/lib/python3.12/site-packages/airflow/example_dags/example_skip_dag.py took 0.138 seconds
[2026-08-12T04:35:59.718+0000] {processor.py:186} INFO - Started process (PID=456) to work on /home/airflow/.local/lib/python3.12/site-packages/airflow/example_dags/example_skip_dag.py
[2026-08-12T04:35:59.721+0000] {processor.py:914} INFO - Processing file /home/airflow/.local/lib/python3.12/site-packages/airflow/example_dags/example_skip_dag.py for tasks to queue
[2026-08-12T04:35:59.725+0000] {logging_mixin.py:190} INFO - [2026-08-12T04:35:59.725+0000] {dagbag.py:587} INFO - Filling up the DagBag from /home/airflow/.local/lib/python3.12/site-packages/airflow/example_dags/example_skip_dag.py
[2026-08-12T04:35:59.734+0000] {processor.py:925} INFO - DAG(s) 'example_skip_dag' retrieved from /home/airflow/.local/lib/python3.12/site-packages/airflow/example_dags/example_skip_dag.py
[2026-08-12T04:35:59.761+0000] {logging_mixin.py:190} INFO - [2026-08-12T04:35:59.760+0000] {dag.py:3211} INFO - Sync 1 DAGs
[2026-08-12T04:35:59.789+0000] {logging_mixin.py:190} INFO - [2026-08-12T04:35:59.788+0000] {dag.py:4138} INFO - Setting next_dagrun for example_skip_dag to 2026-08-11 00:00:00+00:00, run_after=2026-08-12 00:00:00+00:00
[2026-08-12T04:35:59.815+0000] {processor.py:208} INFO - Processing /home/airflow/.local/lib/python3.12/site-packages/airflow/example_dags/example_skip_dag.py took 0.102 seconds
[2026-08-12T04:36:29.961+0000] {processor.py:186} INFO - Started process (PID=518) to work on /home/airflow/.local/lib/python3.12/site-packages/airflow/example_dags/example_skip_dag.py
[2026-08-12T04:36:29.964+0000] {processor.py:914} INFO - Processing file /home/airflow/.local/lib/python3.12/site-packages/airflow/example_dags/example_skip_dag.py for tasks to queue
[2026-08-12T04:36:29.973+0000] {logging_mixin.py:190} INFO - [2026-08-12T04:36:29.972+0000] {dagbag.py:587} INFO - Filling up the DagBag from /home/airflow/.local/lib/python3.12/site-packages/airflow/example_dags/example_skip_dag.py
[2026-08-12T04:36:30.000+0000] {processor.py:925} INFO - DAG(s) 'example_skip_dag' retrieved from /home/airflow/.local/lib/python3.12/site-packages/airflow/example_dags/example_skip_dag.py
[2026-08-12T04:36:30.041+0000] {logging_mixin.py:190} INFO - [2026-08-12T04:36:30.041+0000] {dag.py:3211} INFO - Sync 1 DAGs
[2026-08-12T04:36:30.074+0000] {logging_mixin.py:190} INFO - [2026-08-12T04:36:30.074+0000] {dag.py:4138} INFO - Setting next_dagrun for example_skip_dag to 2026-08-11 00:00:00+00:00, run_after=2026-08-12 00:00:00+00:00
[2026-08-12T04:36:30.125+0000] {processor.py:208} INFO - Processing /home/airflow/.local/lib/python3.12/site-packages/airflow/example_dags/example_skip_dag.py took 0.179 seconds
[2026-08-12T04:37:00.727+0000] {processor.py:186} INFO - Started process (PID=580) to work on /home/airflow/.local/lib/python3.12/site-packages/airflow/example_dags/example_skip_dag.py
[2026-08-12T04:37:00.730+0000] {processor.py:914} INFO - Processing file /home/airflow/.local/lib/python3.12/site-packages/airflow/example_dags/example_skip_dag.py for tasks to queue
[2026-08-12T04:37:00.735+0000] {logging_mixin.py:190} INFO - [2026-08-12T04:37:00.734+0000] {dagbag.py:587} INFO - Filling up the DagBag from /home/airflow/.local/lib/python3.12/site-packages/airflow/example_dags/example_skip_dag.py
[2026-08-12T04:37:00.745+0000] {processor.py:925} INFO - DAG(s) 'example_skip_dag' retrieved from /home/airflow/.local/lib/python3.12/site-packages/airflow/example_dags/example_skip_dag.py
[2026-08-12T04:37:00.768+0000] {logging_mixin.py:190} INFO - [2026-08-12T04:37:00.768+0000] {dag.py:3211} INFO - Sync 1 DAGs
[2026-08-12T04:37:00.792+0000] {logging_mixin.py:190} INFO - [2026-08-12T04:37:00.791+0000] {dag.py:4138} INFO - Setting next_dagrun for example_skip_dag to 2026-08-11 00:00:00+00:00, run_after=2026-08-12 00:00:00+00:00
[2026-08-12T04:37:00.811+0000] {processor.py:208} INFO - Processing /home/airflow/.local/lib/python3.12/site-packages/airflow/example_dags/example_skip_dag.py took 0.089 seconds
[2026-08-12T04:37:31.158+0000] {processor.py:186} INFO - Started process (PID=642) to work on /home/airflow/.local/lib/python3.12/site-packages/airflow/example_dags/example_skip_dag.py
[2026-08-12T04:37:31.160+0000] {processor.py:914} INFO - Processing file /home/airflow/.local/lib/python3.12/site-packages/airflow/example_dags/example_skip_dag.py for tasks to queue
[2026-08-12T04:37:31.165+0000] {logging_mixin.py:190} INFO - [2026-08-12T04:37:31.164+0000] {dagbag.py:587} INFO - Filling up the DagBag from /home/airflow/.local/lib/python3.12/site-packages/airflow/example_dags/example_skip_dag.py
[2026-08-12T04:37:31.177+0000] {processor.py:925} INFO - DAG(s) 'example_skip_dag' retrieved from /home/airflow/.local/lib/python3.12/site-packages/airflow/example_dags/example_skip_dag.py
[2026-08-12T04:37:31.199+0000] {logging_mixin.py:190} INFO - [2026-08-12T04:37:31.199+0000] {dag.py:3211} INFO - Sync 1 DAGs
[2026-08-12T04:37:31.228+0000] {logging_mixin.py:190} INFO - [2026-08-12T04:37:31.227+0000] {dag.py:4138} INFO - Setting next_dagrun for example_skip_dag to 2026-08-11 00:00:00+00:00, run_after=2026-08-12 00:00:00+00:00
[2026-08-12T04:37:31.256+0000] {processor.py:208} INFO - Processing /home/airflow/.local/lib/python3.12/site-packages/airflow/example_dags/example_skip_dag.py took 0.105 seconds
[2026-08-12T04:38:01.435+0000] {processor.py:186} INFO - Started process (PID=704) to work on /home/airflow/.local/lib/python3.12/site-packages/airflow/example_dags/example_skip_dag.py
[2026-08-12T04:38:01.439+0000] {processor.py:914} INFO - Processing file /home/airflow/.local/lib/python3.12/site-packages/airflow/example_dags/example_skip_dag.py for tasks to queue
[2026-08-12T04:38:01.444+0000] {logging_mixin.py:190} INFO - [2026-08-12T04:38:01.444+0000] {dagbag.py:587} INFO - Filling up the DagBag from /home/airflow/.local/lib/python3.12/site-packages/airflow/example_dags/example_skip_dag.py
[2026-08-12T04:38:01.456+0000] {processor.py:925} INFO - DAG(s) 'example_skip_dag' retrieved from /home/airflow/.local/lib/python3.12/site-packages/airflow/example_dags/example_skip_dag.py
[2026-08-12T04:38:01.480+0000] {logging_mixin.py:190} INFO - [2026-08-12T04:38:01.479+0000] {dag.py:3211} INFO - Sync 1 DAGs
[2026-08-12T04:38:01.506+0000] {logging_mixin.py:190} INFO - [2026-08-12T04:38:01.506+0000] {dag.py:4138} INFO - Setting next_dagrun for example_skip_dag to 2026-08-11 00:00:00+00:00, run_after=2026-08-12 00:00:00+00:00
[2026-08-12T04:38:01.531+0000] {processor.py:208} INFO - Processing /home/airflow/.local/lib/python3.12/site-packages/airflow/example_dags/example_skip_dag.py took 0.105 seconds
[2026-08-12T04:38:31.703+0000] {processor.py:186} INFO - Started process (PID=766) to work on /home/airflow/.local/lib/python3.12/site-packages/airflow/example_dags/example_skip_dag.py
[2026-08-12T04:38:31.706+0000] {processor.py:914} INFO - Processing file /home/airflow/.local/lib/python3.12/site-packages/airflow/example_dags/example_skip_dag.py for tasks to queue
[2026-08-12T04:38:31.713+0000] {logging_mixin.py:190} INFO - [2026-08-12T04:38:31.713+0000] {dagbag.py:587} INFO - Filling up the DagBag from /home/airflow/.local/lib/python3.12/site-packages/airflow/example_dags/example_skip_dag.py
[2026-08-12T04:38:31.734+0000] {processor.py:925} INFO - DAG(s) 'example_skip_dag' retrieved from /home/airflow/.local/lib/python3.12/site-packages/airflow/example_dags/example_skip_dag.py
[2026-08-12T04:38:31.771+0000] {logging_mixin.py:190} INFO - [2026-08-12T04:38:31.770+0000] {dag.py:3211} INFO - Sync 1 DAGs
[2026-08-12T04:38:31.813+0000] {logging_mixin.py:190} INFO - [2026-08-12T04:38:31.813+0000] {dag.py:4138} INFO - Setting next_dagrun for example_skip_dag to 2026-08-11 00:00:00+00:00, run_after=2026-08-12 00:00:00+00:00
[2026-08-12T04:38:31.844+0000] {processor.py:208} INFO - Processing /home/airflow/.local/lib/python3.12/site-packages/airflow/example_dags/example_skip_dag.py took 0.150 seconds
[2026-08-12T04:39:02.006+0000] {processor.py:186} INFO - Started process (PID=828) to work on /home/airflow/.local/lib/python3.12/site-packages/airflow/example_dags/example_skip_dag.py
[2026-08-12T04:39:02.010+0000] {processor.py:914} INFO - Processing file /home/airflow/.local/lib/python3.12/site-packages/airflow/example_dags/example_skip_dag.py for tasks to queue
[2026-08-12T04:39:02.016+0000] {logging_mixin.py:190} INFO - [2026-08-12T04:39:02.015+0000] {dagbag.py:587} INFO - Filling up the DagBag from /home/airflow/.local/lib/python3.12/site-packages/airflow/example_dags/example_skip_dag.py
[2026-08-12T04:39:02.028+0000] {processor.py:925} INFO - DAG(s) 'example_skip_dag' retrieved from /home/airflow/.local/lib/python3.12/site-packages/airflow/example_dags/example_skip_dag.py
[2026-08-12T04:39:02.056+0000] {logging_mixin.py:190} INFO - [2026-08-12T04:39:02.056+0000] {dag.py:3211} INFO - Sync 1 DAGs
[2026-08-12T04:39:02.086+0000] {logging_mixin.py:190} INFO - [2026-08-12T04:39:02.086+0000] {dag.py:4138} INFO - Setting next_dagrun for example_skip_dag to 2026-08-11 00:00:00+00:00, run_after=2026-08-12 00:00:00+00:00
[2026-08-12T04:39:02.108+0000] {processor.py:208} INFO - Processing /home/airflow/.local/lib/python3.12/site-packages/airflow/example_dags/example_skip_dag.py took 0.111 seconds
[2026-08-12T04:39:32.964+0000] {processor.py:186} INFO - Started process (PID=890) to work on /home/airflow/.local/lib/python3.12/site-packages/airflow/example_dags/example_skip_dag.py
[2026-08-12T04:39:32.966+0000] {processor.py:914} INFO - Processing file /home/airflow/.local/lib/python3.12/site-packages/airflow/example_dags/example_skip_dag.py for tasks to queue
[2026-08-12T04:39:32.970+0000] {logging_mixin.py:190} INFO - [2026-08-12T04:39:32.969+0000] {dagbag.py:587} INFO - Filling up the DagBag from /home/airflow/.local/lib/python3.12/site-packages/airflow/example_dags/example_skip_dag.py
[2026-08-12T04:39:32.980+0000] {processor.py:925} INFO - DAG(s) 'example_skip_dag' retrieved from /home/airflow/.local/lib/python3.12/site-packages/airflow/example_dags/example_skip_dag.py
[2026-08-12T04:39:33.005+0000] {logging_mixin.py:190} INFO - [2026-08-12T04:39:33.005+0000] {dag.py:3211} INFO - Sync 1 DAGs
[2026-08-12T04:39:33.034+0000] {logging_mixin.py:190} INFO - [2026-08-12T04:39:33.034+0000] {dag.py:4138} INFO - Setting next_dagrun for example_skip_dag to 2026-08-11 00:00:00+00:00, run_after=2026-08-12 00:00:00+00:00
[2026-08-12T04:39:33.060+0000] {processor.py:208} INFO - Processing /home/airflow/.local/lib/python3.12/site-packages/airflow/example_dags/example_skip_dag.py took 0.103 seconds
[2026-08-12T04:40:03.620+0000] {processor.py:186} INFO - Started process (PID=952) to work on /home/airflow/.local/lib/python3.12/site-packages/airflow/example_dags/example_skip_dag.py
[2026-08-12T04:40:03.624+0000] {processor.py:914} INFO - Processing file /home/airflow/.local/lib/python3.12/site-packages/airflow/example_dags/example_skip_dag.py for tasks to queue
[2026-08-12T04:40:03.631+0000] {logging_mixin.py:190} INFO - [2026-08-12T04:40:03.630+0000] {dagbag.py:587} INFO - Filling up the DagBag from /home/airflow/.local/lib/python3.12/site-packages/airflow/example_dags/example_skip_dag.py
[2026-08-12T04:40:03.648+0000] {processor.py:925} INFO - DAG(s) 'example_skip_dag' retrieved from /home/airflow/.local/lib/python3.12/site-packages/airflow/example_dags/example_skip_dag.py
[2026-08-12T04:40:03.671+0000] {logging_mixin.py:190} INFO - [2026-08-12T04:40:03.671+0000] {dag.py:3211} INFO - Sync 1 DAGs
[2026-08-12T04:40:03.697+0000] {logging_mixin.py:190} INFO - [2026-08-12T04:40:03.696+0000] {dag.py:4138} INFO - Setting next_dagrun for example_skip_dag to 2026-08-11 00:00:00+00:00, run_after=2026-08-12 00:00:00+00:00
[2026-08-12T04:40:03.725+0000] {processor.py:208} INFO - Processing /home/airflow/.local/lib/python3.12/site-packages/airflow/example_dags/example_skip_dag.py took 0.123 seconds
[2026-08-12T04:40:33.803+0000] {processor.py:186} INFO - Started process (PID=1014) to work on /home/airflow/.local/lib/python3.12/site-packages/airflow/example_dags/example_skip_dag.py
[2026-08-12T04:40:33.805+0000] {processor.py:914} INFO - Processing file /home/airflow/.local/lib/python3.12/site-packages/airflow/example_dags/example_skip_dag.py for tasks to queue
[2026-08-12T04:40:33.809+0000] {logging_mixin.py:190} INFO - [2026-08-12T04:40:33.808+0000] {dagbag.py:587} INFO - Filling up the DagBag from /home/airflow/.local/lib/python3.12/site-packages/airflow/example_dags/example_skip_dag.py
[2026-08-12T04:40:33.818+0000] {processor.py:925} INFO - DAG(s) 'example_skip_dag' retrieved from /home/airflow/.local/lib/python3.12/site-packages/airflow/example_dags/example_skip_dag.py
[2026-08-12T04:40:33.860+0000] {logging_mixin.py:190} INFO - [2026-08-12T04:40:33.859+0000] {dag.py:3211} INFO - Sync 1 DAGs
[2026-08-12T04:40:33.890+0000] {logging_mixin.py:190} INFO - [2026-08-12T04:40:33.890+0000] {dag.py:4138} INFO - Setting next_dagrun for example_skip_dag to 2026-08-11 00:00:00+00:00, run_after=2026-08-12 00:00:00+00:00
[2026-08-12T04:40:33.917+0000] {processor.py:208} INFO - Processing /home/airflow/.local/lib/python3.12/site-packages/airflow/example_dags/example_skip_dag.py took 0.120 seconds
[2026-08-12T04:41:04.083+0000] {processor.py:186} INFO - Started process (PID=1076) to work on /home/airflow/.local/lib/python3.12/site-packages/airflow/example_dags/example_skip_dag.py
[2026-08-12T04:41:04.087+0000] {processor.py:914} INFO - Processing file /home/airflow/.local/lib/python3.12/site-packages/airflow/example_dags/example_skip_dag.py for tasks to queue
[2026-08-12T04:41:04.092+0000] {logging_mixin.py:190} INFO - [2026-08-12T04:41:04.092+0000] {dagbag.py:587} INFO - Filling up the DagBag from /home/airflow/.local/lib/python3.12/site-packages/airflow/example_dags/example_skip_dag.py
[2026-08-12T04:41:04.107+0000] {processor.py:925} INFO - DAG(s) 'example_skip_dag' retrieved from /home/airflow/.local/lib/python3.12/site-packages/airflow/example_dags/example_skip_dag.py
[2026-08-12T04:41:04.137+0000] {logging_mixin.py:190} INFO - [2026-08-12T04:41:04.137+0000] {dag.py:3211} INFO - Sync 1 DAGs
[2026-08-12T04:41:04.174+0000] {logging_mixin.py:190} INFO - [2026-08-12T04:41:04.174+0000] {dag.py:4138} INFO - Setting next_dagrun for example_skip_dag to 2026-08-11 00:00:00+00:00, run_after=2026-08-12 00:00:00+00:00
[2026-08-12T04:41:04.200+0000] {processor.py:208} INFO - Processing /home/airflow/.local/lib/python3.12/site-packages/airflow/example_dags/example_skip_dag.py took 0.134 seconds
[2026-08-12T04:41:34.621+0000] {processor.py:186} INFO - Started process (PID=1138) to work on /home/airflow/.local/lib/python3.12/site-packages/airflow/example_dags/example_skip_dag.py
[2026-08-12T04:41:34.624+0000] {processor.py:914} INFO - Processing file /home/airflow/.local/lib/python3.12/site-packages/airflow/example_dags/example_skip_dag.py for tasks to queue
[2026-08-12T04:41:34.629+0000] {logging_mixin.py:190} INFO - [2026-08-12T04:41:34.629+0000] {dagbag.py:587} INFO - Filling up the DagBag from /home/airflow/.local/lib/python3.12/site-packages/airflow/example_dags/example_skip_dag.py
[2026-08-12T04:41:34.641+0000] {processor.py:925} INFO - DAG(s) 'example_skip_dag' retrieved from /home/airflow/.local/lib/python3.12/site-packages/airflow/example_dags/example_skip_dag.py
[2026-08-12T04:41:34.685+0000] {logging_mixin.py:190} INFO - [2026-08-12T04:41:34.684+0000] {dag.py:3211} INFO - Sync 1 DAGs
[2026-08-12T04:41:34.726+0000] {logging_mixin.py:190} INFO - [2026-08-12T04:41:34.726+0000] {dag.py:4138} INFO - Setting next_dagrun for example_skip_dag to 2026-08-11 00:00:00+00:00, run_after=2026-08-12 00:00:00+00:00
[2026-08-12T04:41:34.757+0000] {processor.py:208} INFO - Processing /home/airflow/.local/lib/python3.12/site-packages/airflow/example_dags/example_skip_dag.py took 0.143 seconds
[2026-08-12T04:42:05.345+0000] {processor.py:186} INFO - Started process (PID=1200) to work on /home/airflow/.local/lib/python3.12/site-packages/airflow/example_dags/example_skip_dag.py
[2026-08-12T04:42:05.347+0000] {processor.py:914} INFO - Processing file /home/airflow/.local/lib/python3.12/site-packages/airflow/example_dags/example_skip_dag.py for tasks to queue
[2026-08-12T04:42:05.351+0000] {logging_mixin.py:190} INFO - [2026-08-12T04:42:05.351+0000] {dagbag.py:587} INFO - Filling up the DagBag from /home/airflow/.local/lib/python3.12/site-packages/airflow/example_dags/example_skip_dag.py
[2026-08-12T04:42:05.360+0000] {processor.py:925} INFO - DAG(s) 'example_skip_dag' retrieved from /home/airflow/.local/lib/python3.12/site-packages/airflow/example_dags/example_skip_dag.py
[2026-08-12T04:42:05.382+0000] {logging_mixin.py:190} INFO - [2026-08-12T04:42:05.382+0000] {dag.py:3211} INFO - Sync 1 DAGs
[2026-08-12T04:42:05.419+0000] {logging_mixin.py:190} INFO - [2026-08-12T04:42:05.419+0000] {dag.py:4138} INFO - Setting next_dagrun for example_skip_dag to 2026-08-11 00:00:00+00:00, run_after=2026-08-12 00:00:00+00:00
[2026-08-12T04:42:05.453+0000] {processor.py:208} INFO - Processing /home/airflow/.local/lib/python3.12/site-packages/airflow/example_dags/example_skip_dag.py took 0.117 seconds
[2026-08-12T04:42:35.807+0000] {processor.py:186} INFO - Started process (PID=1262) to work on /home/airflow/.local/lib/python3.12/site-packages/airflow/example_dags/example_skip_dag.py
[2026-08-12T04:42:35.809+0000] {processor.py:914} INFO - Processing file /home/airflow/.local/lib/python3.12/site-packages/airflow/example_dags/example_skip_dag.py for tasks to queue
[2026-08-12T04:42:35.813+0000] {logging_mixin.py:190} INFO - [2026-08-12T04:42:35.812+0000] {dagbag.py:587} INFO - Filling up the DagBag from /home/airflow/.local/lib/python3.12/site-packages/airflow/example_dags/example_skip_dag.py
[2026-08-12T04:42:35.823+0000] {processor.py:925} INFO - DAG(s) 'example_skip_dag' retrieved from /home/airflow/.local/lib/python3.12/site-packages/airflow/example_dags/example_skip_dag.py
[2026-08-12T04:42:35.850+0000] {logging_mixin.py:190} INFO - [2026-08-12T04:42:35.849+0000] {dag.py:3211} INFO - Sync 1 DAGs
[2026-08-12T04:42:35.877+0000] {logging_mixin.py:190} INFO - [2026-08-12T04:42:35.876+0000] {dag.py:4138} INFO - Setting next_dagrun for example_skip_dag to 2026-08-11 00:00:00+00:00, run_after=2026-08-12 00:00:00+00:00
[2026-08-12T04:42:35.903+0000] {processor.py:208} INFO - Processing /home/airflow/.local/lib/python3.12/site-packages/airflow/example_dags/example_skip_dag.py took 0.105 seconds
[2026-08-12T04:43:06.919+0000] {processor.py:186} INFO - Started process (PID=1324) to work on /home/airflow/.local/lib/python3.12/site-packages/airflow/example_dags/example_skip_dag.py
[2026-08-12T04:43:06.923+0000] {processor.py:914} INFO - Processing file /home/airflow/.local/lib/python3.12/site-packages/airflow/example_dags/example_skip_dag.py for tasks to queue
[2026-08-12T04:43:06.932+0000] {logging_mixin.py:190} INFO - [2026-08-12T04:43:06.931+0000] {dagbag.py:587} INFO - Filling up the DagBag from /home/airflow/.local/lib/python3.12/site-packages/airflow/example_dags/example_skip_dag.py
[2026-08-12T04:43:06.950+0000] {processor.py:925} INFO - DAG(s) 'example_skip_dag' retrieved from /home/airflow/.local/lib/python3.12/site-packages/airflow/example_dags/example_skip_dag.py
[2026-08-12T04:43:06.976+0000] {logging_mixin.py:190} INFO - [2026-08-12T04:43:06.976+0000] {dag.py:3211} INFO - Sync 1 DAGs
[2026-08-12T04:43:07.001+0000] {logging_mixin.py:190} INFO - [2026-08-12T04:43:07.000+0000] {dag.py:4138} INFO - Setting next_dagrun for example_skip_dag to 2026-08-11 00:00:00+00:00, run_after=2026-08-12 00:00:00+00:00
[2026-08-12T04:43:07.022+0000] {processor.py:208} INFO - Processing /home/airflow/.local/lib/python3.12/site-packages/airflow/example_dags/example_skip_dag.py took 0.111 seconds
[2026-08-12T04:43:37.102+0000] {processor.py:186} INFO - Started process (PID=1386) to work on /home/airflow/.local/lib/python3.12/site-packages/airflow/example_dags/example_skip_dag.py
[2026-08-12T04:43:37.105+0000] {processor.py:914} INFO - Processing file /home/airflow/.local/lib/python3.12/site-packages/airflow/example_dags/example_skip_dag.py for tasks to queue
[2026-08-12T04:43:37.109+0000] {logging_mixin.py:190} INFO - [2026-08-12T04:43:37.109+0000] {dagbag.py:587} INFO - Filling up the DagBag from /home/airflow/.local/lib/python3.12/site-packages/airflow/example_dags/example_skip_dag.py
[2026-08-12T04:43:37.122+0000] {processor.py:925} INFO - DAG(s) 'example_skip_dag' retrieved from /home/airflow/.local/lib/python3.12/site-packages/airflow/example_dags/example_skip_dag.py
[2026-08-12T04:43:37.153+0000] {logging_mixin.py:190} INFO - [2026-08-12T04:43:37.152+0000] {dag.py:3211} INFO - Sync 1 DAGs
[2026-08-12T04:43:37.182+0000] {logging_mixin.py:190} INFO - [2026-08-12T04:43:37.182+0000] {dag.py:4138} INFO - Setting next_dagrun for example_skip_dag to 2026-08-11 00:00:00+00:00, run_after=2026-08-12 00:00:00+00:00
[2026-08-12T04:43:37.213+0000] {processor.py:208} INFO - Processing /home/airflow/.local/lib/python3.12/site-packages/airflow/example_dags/example_skip_dag.py took 0.118 seconds
[2026-08-12T04:44:07.444+0000] {processor.py:186} INFO - Started process (PID=1448) to work on /home/airflow/.local/lib/python3.12/site-packages/airflow/example_dags/example_skip_dag.py
[2026-08-12T04:44:07.447+0000] {processor.py:914} INFO - Processing file /home/airflow/.local/lib/python3.12/site-packages/airflow/example_dags/example_skip_dag.py for tasks to queue
[2026-08-12T04:44:07.453+0000] {logging_mixin.py:190} INFO - [2026-08-12T04:44:07.452+0000] {dagbag.py:587} INFO - Filling up the DagBag from /home/airflow/.local/lib/python3.12/site-packages/airflow/example_dags/example_skip_dag.py
[2026-08-12T04:44:07.469+0000] {processor.py:925} INFO - DAG(s) 'example_skip_dag' retrieved from /home/airflow/.local/lib/python3.12/site-packages/airflow/example_dags/example_skip_dag.py
[2026-08-12T04:44:07.507+0000] {logging_mixin.py:190} INFO - [2026-08-12T04:44:07.507+0000] {dag.py:3211} INFO - Sync 1 DAGs
[2026-08-12T04:44:07.550+0000] {logging_mixin.py:190} INFO - [2026-08-12T04:44:07.550+0000] {dag.py:4138} INFO - Setting next_dagrun for example_skip_dag to 2026-08-11 00:00:00+00:00, run_after=2026-08-12 00:00:00+00:00
[2026-08-12T04:44:07.584+0000] {processor.py:208} INFO - Processing /home/airflow/.local/lib/python3.12/site-packages/airflow/example_dags/example_skip_dag.py took 0.150 seconds
[2026-08-12T04:44:37.953+0000] {processor.py:186} INFO - Started process (PID=1510) to work on /home/airflow/.local/lib/python3.12/site-packages/airflow/example_dags/example_skip_dag.py
[2026-08-12T04:44:37.956+0000] {processor.py:914} INFO - Processing file /home/airflow/.local/lib/python3.12/site-packages/airflow/example_dags/example_skip_dag.py for tasks to queue
[2026-08-12T04:44:37.963+0000] {logging_mixin.py:190} INFO - [2026-08-12T04:44:37.962+0000] {dagbag.py:587} INFO - Filling up the DagBag from /home/airflow/.local/lib/python3.12/site-packages/airflow/example_dags/example_skip_dag.py
[2026-08-12T04:44:37.978+0000] {processor.py:925} INFO - DAG(s) 'example_skip_dag' retrieved from /home/airflow/.local/lib/python3.12/site-packages/airflow/example_dags/example_skip_dag.py
[2026-08-12T04:44:38.009+0000] {logging_mixin.py:190} INFO - [2026-08-12T04:44:38.008+0000] {dag.py:3211} INFO - Sync 1 DAGs
[2026-08-12T04:44:38.036+0000] {logging_mixin.py:190} INFO - [2026-08-12T04:44:38.035+0000] {dag.py:4138} INFO - Setting next_dagrun for example_skip_dag to 2026-08-11 00:00:00+00:00, run_after=2026-08-12 00:00:00+00:00
[2026-08-12T04:44:38.060+0000] {processor.py:208} INFO - Processing /home/airflow/.local/lib/python3.12/site-packages/airflow/example_dags/example_skip_dag.py took 0.117 seconds
[2026-08-12T04:45:08.517+0000] {processor.py:186} INFO - Started process (PID=1572) to work on /home/airflow/.local/lib/python3.12/site-packages/airflow/example_dags/example_skip_dag.py
[2026-08-12T04:45:08.519+0000] {processor.py:914} INFO - Processing file /home/airflow/.local/lib/python3.12/site-packages/airflow/example_dags/example_skip_dag.py for tasks to queue
[2026-08-12T04:45:08.523+0000] {logging_mixin.py:190} INFO - [2026-08-12T04:45:08.523+0000] {dagbag.py:587} INFO - Filling up the DagBag from /home/airflow/.local/lib/python3.12/site-packages/airflow/example_dags/example_skip_dag.py
[2026-08-12T04:45:08.533+0000] {processor.py:925} INFO - DAG(s) 'example_skip_dag' retrieved from /home/airflow/.local/lib/python3.12/site-packages/airflow/example_dags/example_skip_dag.py
[2026-08-12T04:45:08.557+0000] {logging_mixin.py:190} INFO - [2026-08-12T04:45:08.556+0000] {dag.py:3211} INFO - Sync 1 DAGs
[2026-08-12T04:45:08.581+0000] {logging_mixin.py:190} INFO - [2026-08-12T04:45:08.581+0000] {dag.py:4138} INFO - Setting next_dagrun for example_skip_dag to 2026-08-11 00:00:00+00:00, run_after=2026-08-12 00:00:00+00:00
[2026-08-12T04:45:08.604+0000] {processor.py:208} INFO - Processing /home/airflow/.local/lib/python3.12/site-packages/airflow/example_dags/example_skip_dag.py took 0.093 seconds
[2026-08-12T04:45:39.634+0000] {processor.py:186} INFO - Started process (PID=1634) to work on /home/airflow/.local/lib/python3.12/site-packages/airflow/example_dags/example_skip_dag.py
[2026-08-12T04:45:39.643+0000] {processor.py:914} INFO - Processing file /home/airflow/.local/lib/python3.12/site-packages/airflow/example_dags/example_skip_dag.py for tasks to queue
[2026-08-12T04:45:39.655+0000] {logging_mixin.py:190} INFO - [2026-08-12T04:45:39.654+0000] {dagbag.py:587} INFO - Filling up the DagBag from /home/airflow/.local/lib/python3.12/site-packages/airflow/example_dags/example_skip_dag.py
[2026-08-12T04:45:39.689+0000] {processor.py:925} INFO - DAG(s) 'example_skip_dag' retrieved from /home/airflow/.local/lib/python3.12/site-packages/airflow/example_dags/example_skip_dag.py
[2026-08-12T04:45:39.717+0000] {logging_mixin.py:190} INFO - [2026-08-12T04:45:39.717+0000] {dag.py:3211} INFO - Sync 1 DAGs
[2026-08-12T04:45:39.745+0000] {logging_mixin.py:190} INFO - [2026-08-12T04:45:39.744+0000] {dag.py:4138} INFO - Setting next_dagrun for example_skip_dag to 2026-08-11 00:00:00+00:00, run_after=2026-08-12 00:00:00+00:00
[2026-08-12T04:45:39.771+0000] {processor.py:208} INFO - Processing /home/airflow/.local/lib/python3.12/site-packages/airflow/example_dags/example_skip_dag.py took 0.148 seconds
[2026-08-12T04:46:10.569+0000] {processor.py:186} INFO - Started process (PID=1696) to work on /home/airflow/.local/lib/python3.12/site-packages/airflow/example_dags/example_skip_dag.py
[2026-08-12T04:46:10.572+0000] {processor.py:914} INFO - Processing file /home/airflow/.local/lib/python3.12/site-packages/airflow/example_dags/example_skip_dag.py for tasks to queue
[2026-08-12T04:46:10.581+0000] {logging_mixin.py:190} INFO - [2026-08-12T04:46:10.581+0000] {dagbag.py:587} INFO - Filling up the DagBag from /home/airflow/.local/lib/python3.12/site-packages/airflow/example_dags/example_skip_dag.py
[2026-08-12T04:46:10.593+0000] {processor.py:925} INFO - DAG(s) 'example_skip_dag' retrieved from /home/airflow/.local/lib/python3.12/site-packages/airflow/example_dags/example_skip_dag.py
[2026-08-12T04:46:10.628+0000] {logging_mixin.py:190} INFO - [2026-08-12T04:46:10.628+0000] {dag.py:3211} INFO - Sync 1 DAGs
[2026-08-12T04:46:10.654+0000] {logging_mixin.py:190} INFO - [2026-08-12T04:46:10.654+0000] {dag.py:4138} INFO - Setting next_dagrun for example_skip_dag to 2026-08-11 00:00:00+00:00, run_after=2026-08-12 00:00:00+00:00
[2026-08-12T04:46:10.676+0000] {processor.py:208} INFO - Processing /home/airflow/.local/lib/python3.12/site-packages/airflow/example_dags/example_skip_dag.py took 0.115 seconds
[2026-08-12T04:46:41.273+0000] {processor.py:186} INFO - Started process (PID=1758) to work on /home/airflow/.local/lib/python3.12/site-packages/airflow/example_dags/example_skip_dag.py
[2026-08-12T04:46:41.277+0000] {processor.py:914} INFO - Processing file /home/airflow/.local/lib/python3.12/site-packages/airflow/example_dags/example_skip_dag.py for tasks to queue
[2026-08-12T04:46:41.284+0000] {logging_mixin.py:190} INFO - [2026-08-12T04:46:41.283+0000] {dagbag.py:587} INFO - Filling up the DagBag from /home/airflow/.local/lib/python3.12/site-packages/airflow/example_dags/example_skip_dag.py
[2026-08-12T04:46:41.303+0000] {processor.py:925} INFO - DAG(s) 'example_skip_dag' retrieved from /home/airflow/.local/lib/python3.12/site-packages/airflow/example_dags/example_skip_dag.py
[2026-08-12T04:46:41.343+0000] {logging_mixin.py:190} INFO - [2026-08-12T04:46:41.343+0000] {dag.py:3211} INFO - Sync 1 DAGs
[2026-08-12T04:46:41.385+0000] {logging_mixin.py:190} INFO - [2026-08-12T04:46:41.385+0000] {dag.py:4138} INFO - Setting next_dagrun for example_skip_dag to 2026-08-11 00:00:00+00:00, run_after=2026-08-12 00:00:00+00:00
[2026-08-12T04:46:41.419+0000] {processor.py:208} INFO - Processing /home/airflow/.local/lib/python3.12/site-packages/airflow/example_dags/example_skip_dag.py took 0.153 seconds
[2026-08-12T04:47:11.818+0000] {processor.py:186} INFO - Started process (PID=1821) to work on /home/airflow/.local/lib/python3.12/site-packages/airflow/example_dags/example_skip_dag.py
[2026-08-12T04:47:11.821+0000] {processor.py:914} INFO - Processing file /home/airflow/.local/lib/python3.12/site-packages/airflow/example_dags/example_skip_dag.py for tasks to queue
[2026-08-12T04:47:11.830+0000] {logging_mixin.py:190} INFO - [2026-08-12T04:47:11.829+0000] {dagbag.py:587} INFO - Filling up the DagBag from /home/airflow/.local/lib/python3.12/site-packages/airflow/example_dags/example_skip_dag.py
[2026-08-12T04:47:11.841+0000] {processor.py:925} INFO - DAG(s) 'example_skip_dag' retrieved from /home/airflow/.local/lib/python3.12/site-packages/airflow/example_dags/example_skip_dag.py
[2026-08-12T04:47:11.866+0000] {logging_mixin.py:190} INFO - [2026-08-12T04:47:11.866+0000] {dag.py:3211} INFO - Sync 1 DAGs
[2026-08-12T04:47:11.892+0000] {logging_mixin.py:190} INFO - [2026-08-12T04:47:11.892+0000] {dag.py:4138} INFO - Setting next_dagrun for example_skip_dag to 2026-08-11 00:00:00+00:00, run_after=2026-08-12 00:00:00+00:00
[2026-08-12T04:47:11.912+0000] {processor.py:208} INFO - Processing /home/airflow/.local/lib/python3.12/site-packages/airflow/example_dags/example_skip_dag.py took 0.108 seconds
[2026-08-12T04:47:42.421+0000] {processor.py:186} INFO - Started process (PID=1883) to work on /home/airflow/.local/lib/python3.12/site-packages/airflow/example_dags/example_skip_dag.py
[2026-08-12T04:47:42.424+0000] {processor.py:914} INFO - Processing file /home/airflow/.local/lib/python3.12/site-packages/airflow/example_dags/example_skip_dag.py for tasks to queue
[2026-08-12T04:47:42.428+0000] {logging_mixin.py:190} INFO - [2026-08-12T04:47:42.427+0000] {dagbag.py:587} INFO - Filling up the DagBag from /home/airflow/.local/lib/python3.12/site-packages/airflow/example_dags/example_skip_dag.py
[2026-08-12T04:47:42.439+0000] {processor.py:925} INFO - DAG(s) 'example_skip_dag' retrieved from /home/airflow/.local/lib/python3.12/site-packages/airflow/example_dags/example_skip_dag.py
[2026-08-12T04:47:42.465+0000] {logging_mixin.py:190} INFO - [2026-08-12T04:47:42.465+0000] {dag.py:3211} INFO - Sync 1 DAGs
[2026-08-12T04:47:42.490+0000] {logging_mixin.py:190} INFO - [2026-08-12T04:47:42.490+0000] {dag.py:4138} INFO - Setting next_dagrun for example_skip_dag to 2026-08-11 00:00:00+00:00, run_after=2026-08-12 00:00:00+00:00
[2026-08-12T04:47:42.514+0000] {processor.py:208} INFO - Processing /home/airflow/.local/lib/python3.12/site-packages/airflow/example_dags/example_skip_dag.py took 0.099 seconds
[2026-08-12T04:48:13.294+0000] {processor.py:186} INFO - Started process (PID=1945) to work on /home/airflow/.local/lib/python3.12/site-packages/airflow/example_dags/example_skip_dag.py
[2026-08-12T04:48:13.297+0000] {processor.py:914} INFO - Processing file /home/airflow/.local/lib/python3.12/site-packages/airflow/example_dags/example_skip_dag.py for tasks to queue
[2026-08-12T04:48:13.304+0000] {logging_mixin.py:190} INFO - [2026-08-12T04:48:13.303+0000] {dagbag.py:587} INFO - Filling up the DagBag from /home/airflow/.local/lib/python3.12/site-packages/airflow/example_dags/example_skip_dag.py
[2026-08-12T04:48:13.315+0000] {processor.py:925} INFO - DAG(s) 'example_skip_dag' retrieved from /home/airflow/.local/lib/python3.12/site-packages/airflow/example_dags/example_skip_dag.py
[2026-08-12T04:48:13.343+0000] {logging_mixin.py:190} INFO - [2026-08-12T04:48:13.343+0000] {dag.py:3211} INFO - Sync 1 DAGs
[2026-08-12T04:48:13.374+0000] {logging_mixin.py:190} INFO - [2026-08-12T04:48:13.374+0000] {dag.py:4138} INFO - Setting next_dagrun for example_skip_dag to 2026-08-11 00:00:00+00:00, run_after=2026-08-12 00:00:00+00:00
[2026-08-12T04:48:13.402+0000] {processor.py:208} INFO - Processing /home/airflow/.local/lib/python3.12/site-packages/airflow/example_dags/example_skip_dag.py took 0.115 seconds
[2026-08-12T04:48:43.514+0000] {processor.py:186} INFO - Started process (PID=2007) to work on /home/airflow/.local/lib/python3.12/site-packages/airflow/example_dags/example_skip_dag.py
[2026-08-12T04:48:43.516+0000] {processor.py:914} INFO - Processing file /home/airflow/.local/lib/python3.12/site-packages/airflow/example_dags/example_skip_dag.py for tasks to queue
[2026-08-12T04:48:43.519+0000] {logging_mixin.py:190} INFO - [2026-08-12T04:48:43.519+0000] {dagbag.py:587} INFO - Filling up the DagBag from /home/airflow/.local/lib/python3.12/site-packages/airflow/example_dags/example_skip_dag.py
[2026-08-12T04:48:43.530+0000] {processor.py:925} INFO - DAG(s) 'example_skip_dag' retrieved from /home/airflow/.local/lib/python3.12/site-packages/airflow/example_dags/example_skip_dag.py
[2026-08-12T04:48:43.558+0000] {logging_mixin.py:190} INFO - [2026-08-12T04:48:43.557+0000] {dag.py:3211} INFO - Sync 1 DAGs
[2026-08-12T04:48:43.585+0000] {logging_mixin.py:190} INFO - [2026-08-12T04:48:43.585+0000] {dag.py:4138} INFO - Setting next_dagrun for example_skip_dag to 2026-08-11 00:00:00+00:00, run_after=2026-08-12 00:00:00+00:00
[2026-08-12T04:48:43.609+0000] {processor.py:208} INFO - Processing /home/airflow/.local/lib/python3.12/site-packages/airflow/example_dags/example_skip_dag.py took 0.101 seconds
[2026-08-12T04:49:14.092+0000] {processor.py:186} INFO - Started process (PID=2069) to work on /home/airflow/.local/lib/python3.12/site-packages/airflow/example_dags/example_skip_dag.py
[2026-08-12T04:49:14.094+0000] {processor.py:914} INFO - Processing file /home/airflow/.local/lib/python3.12/site-packages/airflow/example_dags/example_skip_dag.py for tasks to queue
[2026-08-12T04:49:14.099+0000] {logging_mixin.py:190} INFO - [2026-08-12T04:49:14.098+0000] {dagbag.py:587} INFO - Filling up the DagBag from /home/airflow/.local/lib/python3.12/site-packages/airflow/example_dags/example_skip_dag.py
[2026-08-12T04:49:14.108+0000] {processor.py:925} INFO - DAG(s) 'example_skip_dag' retrieved from /home/airflow/.local/lib/python3.12/site-packages/airflow/example_dags/example_skip_dag.py
[2026-08-12T04:49:14.131+0000] {logging_mixin.py:190} INFO - [2026-08-12T04:49:14.130+0000] {dag.py:3211} INFO - Sync 1 DAGs
[2026-08-12T04:49:14.157+0000] {logging_mixin.py:190} INFO - [2026-08-12T04:49:14.156+0000] {dag.py:4138} INFO - Setting next_dagrun for example_skip_dag to 2026-08-11 00:00:00+00:00, run_after=2026-08-12 00:00:00+00:00
[2026-08-12T04:49:14.188+0000] {processor.py:208} INFO - Processing /home/airflow/.local/lib/python3.12/site-packages/airflow/example_dags/example_skip_dag.py took 0.102 seconds
[2026-08-12T04:49:44.818+0000] {processor.py:186} INFO - Started process (PID=2131) to work on /home/airflow/.local/lib/python3.12/site-packages/airflow/example_dags/example_skip_dag.py
[2026-08-12T04:49:44.821+0000] {processor.py:914} INFO - Processing file /home/airflow/.local/lib/python3.12/site-packages/airflow/example_dags/example_skip_dag.py for tasks to queue
[2026-08-12T04:49:44.827+0000] {logging_mixin.py:190} INFO - [2026-08-12T04:49:44.826+0000] {dagbag.py:587} INFO - Filling up the DagBag from /home/airflow/.local/lib/python3.12/site-packages/airflow/example_dags/example_skip_dag.py
[2026-08-12T04:49:44.836+0000] {processor.py:925} INFO - DAG(s) 'example_skip_dag' retrieved from /home/airflow/.local/lib/python3.12/site-packages/airflow/example_dags/example_skip_dag.py
[2026-08-12T04:49:44.859+0000] {logging_mixin.py:190} INFO - [2026-08-12T04:49:44.859+0000] {dag.py:3211} INFO - Sync 1 DAGs
[2026-08-12T04:49:44.884+0000] {logging_mixin.py:190} INFO - [2026-08-12T04:49:44.884+0000] {dag.py:4138} INFO - Setting next_dagrun for example_skip_dag to 2026-08-11 00:00:00+00:00, run_after=2026-08-12 00:00:00+00:00
[2026-08-12T04:49:44.910+0000] {processor.py:208} INFO - Processing /home/airflow/.local/lib/python3.12/site-packages/airflow/example_dags/example_skip_dag.py took 0.100 seconds
[2026-08-12T04:50:15.620+0000] {processor.py:186} INFO - Started process (PID=2193) to work on /home/airflow/.local/lib/python3.12/site-packages/airflow/example_dags/example_skip_dag.py
[2026-08-12T04:50:15.623+0000] {processor.py:914} INFO - Processing file /home/airflow/.local/lib/python3.12/site-packages/airflow/example_dags/example_skip_dag.py for tasks to queue
[2026-08-12T04:50:15.629+0000] {logging_mixin.py:190} INFO - [2026-08-12T04:50:15.628+0000] {dagbag.py:587} INFO - Filling up the DagBag from /home/airflow/.local/lib/python3.12/site-packages/airflow/example_dags/example_skip_dag.py
[2026-08-12T04:50:15.638+0000] {processor.py:925} INFO - DAG(s) 'example_skip_dag' retrieved from /home/airflow/.local/lib/python3.12/site-packages/airflow/example_dags/example_skip_dag.py
[2026-08-12T04:50:15.664+0000] {logging_mixin.py:190} INFO - [2026-08-12T04:50:15.663+0000] {dag.py:3211} INFO - Sync 1 DAGs
[2026-08-12T04:50:15.691+0000] {logging_mixin.py:190} INFO - [2026-08-12T04:50:15.690+0000] {dag.py:4138} INFO - Setting next_dagrun for example_skip_dag to 2026-08-11 00:00:00+00:00, run_after=2026-08-12 00:00:00+00:00
[2026-08-12T04:50:15.715+0000] {processor.py:208} INFO - Processing /home/airflow/.local/lib/python3.12/site-packages/airflow/example_dags/example_skip_dag.py took 0.100 seconds
[2026-08-12T04:50:46.334+0000] {processor.py:186} INFO - Started process (PID=2255) to work on /home/airflow/.local/lib/python3.12/site-packages/airflow/example_dags/example_skip_dag.py
[2026-08-12T04:50:46.337+0000] {processor.py:914} INFO - Processing file /home/airflow/.local/lib/python3.12/site-packages/airflow/example_dags/example_skip_dag.py for tasks to queue
[2026-08-12T04:50:46.341+0000] {logging_mixin.py:190} INFO - [2026-08-12T04:50:46.340+0000] {dagbag.py:587} INFO - Filling up the DagBag from /home/airflow/.local/lib/python3.12/site-packages/airflow/example_dags/example_skip_dag.py
[2026-08-12T04:50:46.350+0000] {processor.py:925} INFO - DAG(s) 'example_skip_dag' retrieved from /home/airflow/.local/lib/python3.12/site-packages/airflow/example_dags/example_skip_dag.py
[2026-08-12T04:50:46.372+0000] {logging_mixin.py:190} INFO - [2026-08-12T04:50:46.371+0000] {dag.py:3211} INFO - Sync 1 DAGs
[2026-08-12T04:50:46.395+0000] {logging_mixin.py:190} INFO - [2026-08-12T04:50:46.395+0000] {dag.py:4138} INFO - Setting next_dagrun for example_skip_dag to 2026-08-11 00:00:00+00:00, run_after=2026-08-12 00:00:00+00:00
[2026-08-12T04:50:46.418+0000] {processor.py:208} INFO - Processing /home/airflow/.local/lib/python3.12/site-packages/airflow/example_dags/example_skip_dag.py took 0.090 seconds
[2026-08-12T04:51:17.262+0000] {processor.py:186} INFO - Started process (PID=2317) to work on /home/airflow/.local/lib/python3.12/site-packages/airflow/example_dags/example_skip_dag.py
[2026-08-12T04:51:17.264+0000] {processor.py:914} INFO - Processing file /home/airflow/.local/lib/python3.12/site-packages/airflow/example_dags/example_skip_dag.py for tasks to queue
[2026-08-12T04:51:17.268+0000] {logging_mixin.py:190} INFO - [2026-08-12T04:51:17.268+0000] {dagbag.py:587} INFO - Filling up the DagBag from /home/airflow/.local/lib/python3.12/site-packages/airflow/example_dags/example_skip_dag.py
[2026-08-12T04:51:17.279+0000] {processor.py:925} INFO - DAG(s) 'example_skip_dag' retrieved from /home/airflow/.local/lib/python3.12/site-packages/airflow/example_dags/example_skip_dag.py
[2026-08-12T04:51:17.302+0000] {logging_mixin.py:190} INFO - [2026-08-12T04:51:17.302+0000] {dag.py:3211} INFO - Sync 1 DAGs
[2026-08-12T04:51:17.329+0000] {logging_mixin.py:190} INFO - [2026-08-12T04:51:17.329+0000] {dag.py:4138} INFO - Setting next_dagrun for example_skip_dag to 2026-08-11 00:00:00+00:00, run_after=2026-08-12 00:00:00+00:00
[2026-08-12T04:51:17.350+0000] {processor.py:208} INFO - Processing /home/airflow/.local/lib/python3.12/site-packages/airflow/example_dags/example_skip_dag.py took 0.096 seconds
[2026-08-12T04:51:47.579+0000] {processor.py:186} INFO - Started process (PID=2379) to work on /home/airflow/.local/lib/python3.12/site-packages/airflow/example_dags/example_skip_dag.py
[2026-08-12T04:51:47.581+0000] {processor.py:914} INFO - Processing file /home/airflow/.local/lib/python3.12/site-packages/airflow/example_dags/example_skip_dag.py for tasks to queue
[2026-08-12T04:51:47.586+0000] {logging_mixin.py:190} INFO - [2026-08-12T04:51:47.585+0000] {dagbag.py:587} INFO - Filling up the DagBag from /home/airflow/.local/lib/python3.12/site-packages/airflow/example_dags/example_skip_dag.py
[2026-08-12T04:51:47.596+0000] {processor.py:925} INFO - DAG(s) 'example_skip_dag' retrieved from /home/airflow/.local/lib/python3.12/site-packages/airflow/example_dags/example_skip_dag.py
[2026-08-12T04:51:47.623+0000] {logging_mixin.py:190} INFO - [2026-08-12T04:51:47.622+0000] {dag.py:3211} INFO - Sync 1 DAGs
[2026-08-12T04:51:47.646+0000] {logging_mixin.py:190} INFO - [2026-08-12T04:51:47.646+0000] {dag.py:4138} INFO - Setting next_dagrun for example_skip_dag to 2026-08-11 00:00:00+00:00, run_after=2026-08-12 00:00:00+00:00
[2026-08-12T04:51:47.667+0000] {processor.py:208} INFO - Processing /home/airflow/.local/lib/python3.12/site-packages/airflow/example_dags/example_skip_dag.py took 0.097 seconds
[2026-08-12T04:52:18.110+0000] {processor.py:186} INFO - Started process (PID=2441) to work on /home/airflow/.local/lib/python3.12/site-packages/airflow/example_dags/example_skip_dag.py
[2026-08-12T04:52:18.113+0000] {processor.py:914} INFO - Processing file /home/airflow/.local/lib/python3.12/site-packages/airflow/example_dags/example_skip_dag.py for tasks to queue
[2026-08-12T04:52:18.118+0000] {logging_mixin.py:190} INFO - [2026-08-12T04:52:18.117+0000] {dagbag.py:587} INFO - Filling up the DagBag from /home/airflow/.local/lib/python3.12/site-packages/airflow/example_dags/example_skip_dag.py
[2026-08-12T04:52:18.127+0000] {processor.py:925} INFO - DAG(s) 'example_skip_dag' retrieved from /home/airflow/.local/lib/python3.12/site-packages/airflow/example_dags/example_skip_dag.py
[2026-08-12T04:52:18.151+0000] {logging_mixin.py:190} INFO - [2026-08-12T04:52:18.150+0000] {dag.py:3211} INFO - Sync 1 DAGs
[2026-08-12T04:52:18.173+0000] {logging_mixin.py:190} INFO - [2026-08-12T04:52:18.172+0000] {dag.py:4138} INFO - Setting next_dagrun for example_skip_dag to 2026-08-11 00:00:00+00:00, run_after=2026-08-12 00:00:00+00:00
[2026-08-12T04:52:18.193+0000] {processor.py:208} INFO - Processing /home/airflow/.local/lib/python3.12/site-packages/airflow/example_dags/example_skip_dag.py took 0.089 seconds
[2026-08-12T04:52:48.450+0000] {processor.py:186} INFO - Started process (PID=2503) to work on /home/airflow/.local/lib/python3.12/site-packages/airflow/example_dags/example_skip_dag.py
[2026-08-12T04:52:48.452+0000] {processor.py:914} INFO - Processing file /home/airflow/.local/lib/python3.12/site-packages/airflow/example_dags/example_skip_dag.py for tasks to queue
[2026-08-12T04:52:48.457+0000] {logging_mixin.py:190} INFO - [2026-08-12T04:52:48.456+0000] {dagbag.py:587} INFO - Filling up the DagBag from /home/airflow/.local/lib/python3.12/site-packages/airflow/example_dags/example_skip_dag.py
[2026-08-12T04:52:48.466+0000] {processor.py:925} INFO - DAG(s) 'example_skip_dag' retrieved from /home/airflow/.local/lib/python3.12/site-packages/airflow/example_dags/example_skip_dag.py
[2026-08-12T04:52:48.489+0000] {logging_mixin.py:190} INFO - [2026-08-12T04:52:48.489+0000] {dag.py:3211} INFO - Sync 1 DAGs
[2026-08-12T04:52:48.513+0000] {logging_mixin.py:190} INFO - [2026-08-12T04:52:48.513+0000] {dag.py:4138} INFO - Setting next_dagrun for example_skip_dag to 2026-08-11 00:00:00+00:00, run_after=2026-08-12 00:00:00+00:00
[2026-08-12T04:52:48.534+0000] {processor.py:208} INFO - Processing /home/airflow/.local/lib/python3.12/site-packages/airflow/example_dags/example_skip_dag.py took 0.093 seconds
[2026-08-12T04:53:18.836+0000] {processor.py:186} INFO - Started process (PID=2567) to work on /home/airflow/.local/lib/python3.12/site-packages/airflow/example_dags/example_skip_dag.py
[2026-08-12T04:53:18.839+0000] {processor.py:914} INFO - Processing file /home/airflow/.local/lib/python3.12/site-packages/airflow/example_dags/example_skip_dag.py for tasks to queue
[2026-08-12T04:53:18.843+0000] {logging_mixin.py:190} INFO - [2026-08-12T04:53:18.842+0000] {dagbag.py:587} INFO - Filling up the DagBag from /home/airflow/.local/lib/python3.12/site-packages/airflow/example_dags/example_skip_dag.py
[2026-08-12T04:53:18.854+0000] {processor.py:925} INFO - DAG(s) 'example_skip_dag' retrieved from /home/airflow/.local/lib/python3.12/site-packages/airflow/example_dags/example_skip_dag.py
[2026-08-12T04:53:18.881+0000] {logging_mixin.py:190} INFO - [2026-08-12T04:53:18.880+0000] {dag.py:3211} INFO - Sync 1 DAGs
[2026-08-12T04:53:18.913+0000] {logging_mixin.py:190} INFO - [2026-08-12T04:53:18.912+0000] {dag.py:4138} INFO - Setting next_dagrun for example_skip_dag to 2026-08-11 00:00:00+00:00, run_after=2026-08-12 00:00:00+00:00
[2026-08-12T04:53:18.949+0000] {processor.py:208} INFO - Processing /home/airflow/.local/lib/python3.12/site-packages/airflow/example_dags/example_skip_dag.py took 0.119 seconds
[2026-08-12T04:53:49.501+0000] {processor.py:186} INFO - Started process (PID=2630) to work on /home/airflow/.local/lib/python3.12/site-packages/airflow/example_dags/example_skip_dag.py
[2026-08-12T04:53:49.503+0000] {processor.py:914} INFO - Processing file /home/airflow/.local/lib/python3.12/site-packages/airflow/example_dags/example_skip_dag.py for tasks to queue
[2026-08-12T04:53:49.507+0000] {logging_mixin.py:190} INFO - [2026-08-12T04:53:49.506+0000] {dagbag.py:587} INFO - Filling up the DagBag from /home/airflow/.local/lib/python3.12/site-packages/airflow/example_dags/example_skip_dag.py
[2026-08-12T04:53:49.516+0000] {processor.py:925} INFO - DAG(s) 'example_skip_dag' retrieved from /home/airflow/.local/lib/python3.12/site-packages/airflow/example_dags/example_skip_dag.py
[2026-08-12T04:53:49.540+0000] {logging_mixin.py:190} INFO - [2026-08-12T04:53:49.539+0000] {dag.py:3211} INFO - Sync 1 DAGs
[2026-08-12T04:53:49.565+0000] {logging_mixin.py:190} INFO - [2026-08-12T04:53:49.565+0000] {dag.py:4138} INFO - Setting next_dagrun for example_skip_dag to 2026-08-11 00:00:00+00:00, run_after=2026-08-12 00:00:00+00:00
[2026-08-12T04:53:49.589+0000] {processor.py:208} INFO - Processing /home/airflow/.local/lib/python3.12/site-packages/airflow/example_dags/example_skip_dag.py took 0.095 seconds
[2026-08-12T04:54:19.817+0000] {processor.py:186} INFO - Started process (PID=2693) to work on /home/airflow/.local/lib/python3.12/site-packages/airflow/example_dags/example_skip_dag.py
[2026-08-12T04:54:19.819+0000] {processor.py:914} INFO - Processing file /home/airflow/.local/lib/python3.12/site-packages/airflow/example_dags/example_skip_dag.py for tasks to queue
[2026-08-12T04:54:19.824+0000] {logging_mixin.py:190} INFO - [2026-08-12T04:54:19.823+0000] {dagbag.py:587} INFO - Filling up the DagBag from /home/airflow/.local/lib/python3.12/site-packages/airflow/example_dags/example_skip_dag.py
[2026-08-12T04:54:19.833+0000] {processor.py:925} INFO - DAG(s) 'example_skip_dag' retrieved from /home/airflow/.local/lib/python3.12/site-packages/airflow/example_dags/example_skip_dag.py
[2026-08-12T04:54:19.856+0000] {logging_mixin.py:190} INFO - [2026-08-12T04:54:19.856+0000] {dag.py:3211} INFO - Sync 1 DAGs
[2026-08-12T04:54:19.882+0000] {logging_mixin.py:190} INFO - [2026-08-12T04:54:19.882+0000] {dag.py:4138} INFO - Setting next_dagrun for example_skip_dag to 2026-08-11 00:00:00+00:00, run_after=2026-08-12 00:00:00+00:00
[2026-08-12T04:54:19.906+0000] {processor.py:208} INFO - Processing /home/airflow/.local/lib/python3.12/site-packages/airflow/example_dags/example_skip_dag.py took 0.095 seconds
[2026-08-12T04:54:50.349+0000] {processor.py:186} INFO - Started process (PID=2755) to work on /home/airflow/.local/lib/python3.12/site-packages/airflow/example_dags/example_skip_dag.py
[2026-08-12T04:54:50.351+0000] {processor.py:914} INFO - Processing file /home/airflow/.local/lib/python3.12/site-packages/airflow/example_dags/example_skip_dag.py for tasks to queue
[2026-08-12T04:54:50.355+0000] {logging_mixin.py:190} INFO - [2026-08-12T04:54:50.355+0000] {dagbag.py:587} INFO - Filling up the DagBag from /home/airflow/.local/lib/python3.12/site-packages/airflow/example_dags/example_skip_dag.py
[2026-08-12T04:54:50.366+0000] {processor.py:925} INFO - DAG(s) 'example_skip_dag' retrieved from /home/airflow/.local/lib/python3.12/site-packages/airflow/example_dags/example_skip_dag.py
[2026-08-12T04:54:50.390+0000] {logging_mixin.py:190} INFO - [2026-08-12T04:54:50.390+0000] {dag.py:3211} INFO - Sync 1 DAGs
[2026-08-12T04:54:50.419+0000] {logging_mixin.py:190} INFO - [2026-08-12T04:54:50.419+0000] {dag.py:4138} INFO - Setting next_dagrun for example_skip_dag to 2026-08-11 00:00:00+00:00, run_after=2026-08-12 00:00:00+00:00
[2026-08-12T04:54:50.445+0000] {processor.py:208} INFO - Processing /home/airflow/.local/lib/python3.12/site-packages/airflow/example_dags/example_skip_dag.py took 0.105 seconds
[2026-08-12T04:55:20.942+0000] {processor.py:186} INFO - Started process (PID=2818) to work on /home/airflow/.local/lib/python3.12/site-packages/airflow/example_dags/example_skip_dag.py
[2026-08-12T04:55:20.946+0000] {processor.py:914} INFO - Processing file /home/airflow/.local/lib/python3.12/site-packages/airflow/example_dags/example_skip_dag.py for tasks to queue
[2026-08-12T04:55:20.953+0000] {logging_mixin.py:190} INFO - [2026-08-12T04:55:20.952+0000] {dagbag.py:587} INFO - Filling up the DagBag from /home/airflow/.local/lib/python3.12/site-packages/airflow/example_dags/example_skip_dag.py
[2026-08-12T04:55:20.963+0000] {processor.py:925} INFO - DAG(s) 'example_skip_dag' retrieved from /home/airflow/.local/lib/python3.12/site-packages/airflow/example_dags/example_skip_dag.py
[2026-08-12T04:55:20.988+0000] {logging_mixin.py:190} INFO - [2026-08-12T04:55:20.988+0000] {dag.py:3211} INFO - Sync 1 DAGs
[2026-08-12T04:55:21.013+0000] {logging_mixin.py:190} INFO - [2026-08-12T04:55:21.013+0000] {dag.py:4138} INFO - Setting next_dagrun for example_skip_dag to 2026-08-11 00:00:00+00:00, run_after=2026-08-12 00:00:00+00:00
[2026-08-12T04:55:21.037+0000] {processor.py:208} INFO - Processing /home/airflow/.local/lib/python3.12/site-packages/airflow/example_dags/example_skip_dag.py took 0.104 seconds
[2026-08-12T04:55:51.217+0000] {processor.py:186} INFO - Started process (PID=2881) to work on /home/airflow/.local/lib/python3.12/site-packages/airflow/example_dags/example_skip_dag.py
[2026-08-12T04:55:51.220+0000] {processor.py:914} INFO - Processing file /home/airflow/.local/lib/python3.12/site-packages/airflow/example_dags/example_skip_dag.py for tasks to queue
[2026-08-12T04:55:51.225+0000] {logging_mixin.py:190} INFO - [2026-08-12T04:55:51.224+0000] {dagbag.py:587} INFO - Filling up the DagBag from /home/airflow/.local/lib/python3.12/site-packages/airflow/example_dags/example_skip_dag.py
[2026-08-12T04:55:51.234+0000] {processor.py:925} INFO - DAG(s) 'example_skip_dag' retrieved from /home/airflow/.local/lib/python3.12/site-packages/airflow/example_dags/example_skip_dag.py
[2026-08-12T04:55:51.255+0000] {logging_mixin.py:190} INFO - [2026-08-12T04:55:51.255+0000] {dag.py:3211} INFO - Sync 1 DAGs
[2026-08-12T04:55:51.280+0000] {logging_mixin.py:190} INFO - [2026-08-12T04:55:51.280+0000] {dag.py:4138} INFO - Setting next_dagrun for example_skip_dag to 2026-08-11 00:00:00+00:00, run_after=2026-08-12 00:00:00+00:00
[2026-08-12T04:55:51.301+0000] {processor.py:208} INFO - Processing /home/airflow/.local/lib/python3.12/site-packages/airflow/example_dags/example_skip_dag.py took 0.089 seconds
[2026-08-12T04:56:21.742+0000] {processor.py:186} INFO - Started process (PID=2944) to work on /home/airflow/.local/lib/python3.12/site-packages/airflow/example_dags/example_skip_dag.py
[2026-08-12T04:56:21.744+0000] {processor.py:914} INFO - Processing file /home/airflow/.local/lib/python3.12/site-packages/airflow/example_dags/example_skip_dag.py for tasks to queue
[2026-08-12T04:56:21.749+0000] {logging_mixin.py:190} INFO - [2026-08-12T04:56:21.748+0000] {dagbag.py:587} INFO - Filling up the DagBag from /home/airflow/.local/lib/python3.12/site-packages/airflow/example_dags/example_skip_dag.py
[2026-08-12T04:56:21.759+0000] {processor.py:925} INFO - DAG(s) 'example_skip_dag' retrieved from /home/airflow/.local/lib/python3.12/site-packages/airflow/example_dags/example_skip_dag.py
[2026-08-12T04:56:21.783+0000] {logging_mixin.py:190} INFO - [2026-08-12T04:56:21.783+0000] {dag.py:3211} INFO - Sync 1 DAGs
[2026-08-12T04:56:21.812+0000] {logging_mixin.py:190} INFO - [2026-08-12T04:56:21.811+0000] {dag.py:4138} INFO - Setting next_dagrun for example_skip_dag to 2026-08-11 00:00:00+00:00, run_after=2026-08-12 00:00:00+00:00
[2026-08-12T04:56:21.840+0000] {processor.py:208} INFO - Processing /home/airflow/.local/lib/python3.12/site-packages/airflow/example_dags/example_skip_dag.py took 0.104 seconds
[2026-08-12T04:56:52.282+0000] {processor.py:186} INFO - Started process (PID=3007) to work on /home/airflow/.local/lib/python3.12/site-packages/airflow/example_dags/example_skip_dag.py
[2026-08-12T04:56:52.284+0000] {processor.py:914} INFO - Processing file /home/airflow/.local/lib/python3.12/site-packages/airflow/example_dags/example_skip_dag.py for tasks to queue
[2026-08-12T04:56:52.289+0000] {logging_mixin.py:190} INFO - [2026-08-12T04:56:52.289+0000] {dagbag.py:587} INFO - Filling up the DagBag from /home/airflow/.local/lib/python3.12/site-packages/airflow/example_dags/example_skip_dag.py
[2026-08-12T04:56:52.299+0000] {processor.py:925} INFO - DAG(s) 'example_skip_dag' retrieved from /home/airflow/.local/lib/python3.12/site-packages/airflow/example_dags/example_skip_dag.py
[2026-08-12T04:56:52.322+0000] {logging_mixin.py:190} INFO - [2026-08-12T04:56:52.322+0000] {dag.py:3211} INFO - Sync 1 DAGs
[2026-08-12T04:56:52.350+0000] {logging_mixin.py:190} INFO - [2026-08-12T04:56:52.350+0000] {dag.py:4138} INFO - Setting next_dagrun for example_skip_dag to 2026-08-11 00:00:00+00:00, run_after=2026-08-12 00:00:00+00:00
[2026-08-12T04:56:52.381+0000] {processor.py:208} INFO - Processing /home/airflow/.local/lib/python3.12/site-packages/airflow/example_dags/example_skip_dag.py took 0.107 seconds
[2026-08-12T04:57:22.599+0000] {processor.py:186} INFO - Started process (PID=3070) to work on /home/airflow/.local/lib/python3.12/site-packages/airflow/example_dags/example_skip_dag.py
[2026-08-12T04:57:22.601+0000] {processor.py:914} INFO - Processing file /home/airflow/.local/lib/python3.12/site-packages/airflow/example_dags/example_skip_dag.py for tasks to queue
[2026-08-12T04:57:22.606+0000] {logging_mixin.py:190} INFO - [2026-08-12T04:57:22.605+0000] {dagbag.py:587} INFO - Filling up the DagBag from /home/airflow/.local/lib/python3.12/site-packages/airflow/example_dags/example_skip_dag.py
[2026-08-12T04:57:22.619+0000] {processor.py:925} INFO - DAG(s) 'example_skip_dag' retrieved from /home/airflow/.local/lib/python3.12/site-packages/airflow/example_dags/example_skip_dag.py
[2026-08-12T04:57:22.651+0000] {logging_mixin.py:190} INFO - [2026-08-12T04:57:22.651+0000] {dag.py:3211} INFO - Sync 1 DAGs
[2026-08-12T04:57:22.686+0000] {logging_mixin.py:190} INFO - [2026-08-12T04:57:22.685+0000] {dag.py:4138} INFO - Setting next_dagrun for example_skip_dag to 2026-08-11 00:00:00+00:00, run_after=2026-08-12 00:00:00+00:00
[2026-08-12T04:57:22.721+0000] {processor.py:208} INFO - Processing /home/airflow/.local/lib/python3.12/site-packages/airflow/example_dags/example_skip_dag.py took 0.131 seconds
[2026-08-12T04:57:53.157+0000] {processor.py:186} INFO - Started process (PID=3133) to work on /home/airflow/.local/lib/python3.12/site-packages/airflow/example_dags/example_skip_dag.py
[2026-08-12T04:57:53.158+0000] {processor.py:914} INFO - Processing file /home/airflow/.local/lib/python3.12/site-packages/airflow/example_dags/example_skip_dag.py for tasks to queue
[2026-08-12T04:57:53.164+0000] {logging_mixin.py:190} INFO - [2026-08-12T04:57:53.163+0000] {dagbag.py:587} INFO - Filling up the DagBag from /home/airflow/.local/lib/python3.12/site-packages/airflow/example_dags/example_skip_dag.py
[2026-08-12T04:57:53.179+0000] {processor.py:925} INFO - DAG(s) 'example_skip_dag' retrieved from /home/airflow/.local/lib/python3.12/site-packages/airflow/example_dags/example_skip_dag.py
[2026-08-12T04:57:53.206+0000] {logging_mixin.py:190} INFO - [2026-08-12T04:57:53.206+0000] {dag.py:3211} INFO - Sync 1 DAGs
[2026-08-12T04:57:53.231+0000] {logging_mixin.py:190} INFO - [2026-08-12T04:57:53.231+0000] {dag.py:4138} INFO - Setting next_dagrun for example_skip_dag to 2026-08-11 00:00:00+00:00, run_after=2026-08-12 00:00:00+00:00
[2026-08-12T04:57:53.254+0000] {processor.py:208} INFO - Processing /home/airflow/.local/lib/python3.12/site-packages/airflow/example_dags/example_skip_dag.py took 0.107 seconds
[2026-08-12T04:58:23.466+0000] {processor.py:186} INFO - Started process (PID=3196) to work on /home/airflow/.local/lib/python3.12/site-packages/airflow/example_dags/example_skip_dag.py
[2026-08-12T04:58:23.469+0000] {processor.py:914} INFO - Processing file /home/airflow/.local/lib/python3.12/site-packages/airflow/example_dags/example_skip_dag.py for tasks to queue
[2026-08-12T04:58:23.475+0000] {logging_mixin.py:190} INFO - [2026-08-12T04:58:23.474+0000] {dagbag.py:587} INFO - Filling up the DagBag from /home/airflow/.local/lib/python3.12/site-packages/airflow/example_dags/example_skip_dag.py
[2026-08-12T04:58:23.484+0000] {processor.py:925} INFO - DAG(s) 'example_skip_dag' retrieved from /home/airflow/.local/lib/python3.12/site-packages/airflow/example_dags/example_skip_dag.py
[2026-08-12T04:58:23.509+0000] {logging_mixin.py:190} INFO - [2026-08-12T04:58:23.509+0000] {dag.py:3211} INFO - Sync 1 DAGs
[2026-08-12T04:58:23.541+0000] {logging_mixin.py:190} INFO - [2026-08-12T04:58:23.541+0000] {dag.py:4138} INFO - Setting next_dagrun for example_skip_dag to 2026-08-11 00:00:00+00:00, run_after=2026-08-12 00:00:00+00:00
[2026-08-12T04:58:23.567+0000] {processor.py:208} INFO - Processing /home/airflow/.local/lib/python3.12/site-packages/airflow/example_dags/example_skip_dag.py took 0.108 seconds
[2026-08-12T04:58:53.890+0000] {processor.py:186} INFO - Started process (PID=3259) to work on /home/airflow/.local/lib/python3.12/site-packages/airflow/example_dags/example_skip_dag.py
[2026-08-12T04:58:53.892+0000] {processor.py:914} INFO - Processing file /home/airflow/.local/lib/python3.12/site-packages/airflow/example_dags/example_skip_dag.py for tasks to queue
[2026-08-12T04:58:53.896+0000] {logging_mixin.py:190} INFO - [2026-08-12T04:58:53.895+0000] {dagbag.py:587} INFO - Filling up the DagBag from /home/airflow/.local/lib/python3.12/site-packages/airflow/example_dags/example_skip_dag.py
[2026-08-12T04:58:53.905+0000] {processor.py:925} INFO - DAG(s) 'example_skip_dag' retrieved from /home/airflow/.local/lib/python3.12/site-packages/airflow/example_dags/example_skip_dag.py
[2026-08-12T04:58:53.929+0000] {logging_mixin.py:190} INFO - [2026-08-12T04:58:53.928+0000] {dag.py:3211} INFO - Sync 1 DAGs
[2026-08-12T04:58:53.955+0000] {logging_mixin.py:190} INFO - [2026-08-12T04:58:53.955+0000] {dag.py:4138} INFO - Setting next_dagrun for example_skip_dag to 2026-08-11 00:00:00+00:00, run_after=2026-08-12 00:00:00+00:00
[2026-08-12T04:58:53.983+0000] {processor.py:208} INFO - Processing /home/airflow/.local/lib/python3.12/site-packages/airflow/example_dags/example_skip_dag.py took 0.099 seconds
[2026-08-12T04:59:24.144+0000] {processor.py:186} INFO - Started process (PID=3322) to work on /home/airflow/.local/lib/python3.12/site-packages/airflow/example_dags/example_skip_dag.py
[2026-08-12T04:59:24.148+0000] {processor.py:914} INFO - Processing file /home/airflow/.local/lib/python3.12/site-packages/airflow/example_dags/example_skip_dag.py for tasks to queue
[2026-08-12T04:59:24.157+0000] {logging_mixin.py:190} INFO - [2026-08-12T04:59:24.156+0000] {dagbag.py:587} INFO - Filling up the DagBag from /home/airflow/.local/lib/python3.12/site-packages/airflow/example_dags/example_skip_dag.py
[2026-08-12T04:59:24.172+0000] {processor.py:925} INFO - DAG(s) 'example_skip_dag' retrieved from /home/airflow/.local/lib/python3.12/site-packages/airflow/example_dags/example_skip_dag.py
[2026-08-12T04:59:24.205+0000] {logging_mixin.py:190} INFO - [2026-08-12T04:59:24.205+0000] {dag.py:3211} INFO - Sync 1 DAGs
[2026-08-12T04:59:24.235+0000] {logging_mixin.py:190} INFO - [2026-08-12T04:59:24.235+0000] {dag.py:4138} INFO - Setting next_dagrun for example_skip_dag to 2026-08-11 00:00:00+00:00, run_after=2026-08-12 00:00:00+00:00
[2026-08-12T04:59:24.259+0000] {processor.py:208} INFO - Processing /home/airflow/.local/lib/python3.12/site-packages/airflow/example_dags/example_skip_dag.py took 0.125 seconds
[2026-08-12T04:59:54.525+0000] {processor.py:186} INFO - Started process (PID=3385) to work on /home/airflow/.local/lib/python3.12/site-packages/airflow/example_dags/example_skip_dag.py
[2026-08-12T04:59:54.528+0000] {processor.py:914} INFO - Processing file /home/airflow/.local/lib/python3.12/site-packages/airflow/example_dags/example_skip_dag.py for tasks to queue
[2026-08-12T04:59:54.533+0000] {logging_mixin.py:190} INFO - [2026-08-12T04:59:54.532+0000] {dagbag.py:587} INFO - Filling up the DagBag from /home/airflow/.local/lib/python3.12/site-packages/airflow/example_dags/example_skip_dag.py
[2026-08-12T04:59:54.548+0000] {processor.py:925} INFO - DAG(s) 'example_skip_dag' retrieved from /home/airflow/.local/lib/python3.12/site-packages/airflow/example_dags/example_skip_dag.py
[2026-08-12T04:59:54.572+0000] {logging_mixin.py:190} INFO - [2026-08-12T04:59:54.572+0000] {dag.py:3211} INFO - Sync 1 DAGs
[2026-08-12T04:59:54.600+0000] {logging_mixin.py:190} INFO - [2026-08-12T04:59:54.600+0000] {dag.py:4138} INFO - Setting next_dagrun for example_skip_dag to 2026-08-11 00:00:00+00:00, run_after=2026-08-12 00:00:00+00:00
[2026-08-12T04:59:54.620+0000] {processor.py:208} INFO - Processing /home/airflow/.local/lib/python3.12/site-packages/airflow/example_dags/example_skip_dag.py took 0.103 seconds
[2026-08-12T05:00:24.920+0000] {processor.py:186} INFO - Started process (PID=3448) to work on /home/airflow/.local/lib/python3.12/site-packages/airflow/example_dags/example_skip_dag.py
[2026-08-12T05:00:24.924+0000] {processor.py:914} INFO - Processing file /home/airflow/.local/lib/python3.12/site-packages/airflow/example_dags/example_skip_dag.py for tasks to queue
[2026-08-12T05:00:24.931+0000] {logging_mixin.py:190} INFO - [2026-08-12T05:00:24.930+0000] {dagbag.py:587} INFO - Filling up the DagBag from /home/airflow/.local/lib/python3.12/site-packages/airflow/example_dags/example_skip_dag.py
[2026-08-12T05:00:24.944+0000] {processor.py:925} INFO - DAG(s) 'example_skip_dag' retrieved from /home/airflow/.local/lib/python3.12/site-packages/airflow/example_dags/example_skip_dag.py
[2026-08-12T05:00:24.968+0000] {logging_mixin.py:190} INFO - [2026-08-12T05:00:24.968+0000] {dag.py:3211} INFO - Sync 1 DAGs
[2026-08-12T05:00:24.999+0000] {logging_mixin.py:190} INFO - [2026-08-12T05:00:24.998+0000] {dag.py:4138} INFO - Setting next_dagrun for example_skip_dag to 2026-08-11 00:00:00+00:00, run_after=2026-08-12 00:00:00+00:00
[2026-08-12T05:00:25.038+0000] {processor.py:208} INFO - Processing /home/airflow/.local/lib/python3.12/site-packages/airflow/example_dags/example_skip_dag.py took 0.130 seconds
[2026-08-12T05:00:55.564+0000] {processor.py:186} INFO - Started process (PID=3511) to work on /home/airflow/.local/lib/python3.12/site-packages/airflow/example_dags/example_skip_dag.py
[2026-08-12T05:00:55.567+0000] {processor.py:914} INFO - Processing file /home/airflow/.local/lib/python3.12/site-packages/airflow/example_dags/example_skip_dag.py for tasks to queue
[2026-08-12T05:00:55.572+0000] {logging_mixin.py:190} INFO - [2026-08-12T05:00:55.571+0000] {dagbag.py:587} INFO - Filling up the DagBag from /home/airflow/.local/lib/python3.12/site-packages/airflow/example_dags/example_skip_dag.py
[2026-08-12T05:00:55.584+0000] {processor.py:925} INFO - DAG(s) 'example_skip_dag' retrieved from /home/airflow/.local/lib/python3.12/site-packages/airflow/example_dags/example_skip_dag.py
[2026-08-12T05:00:55.613+0000] {logging_mixin.py:190} INFO - [2026-08-12T05:00:55.613+0000] {dag.py:3211} INFO - Sync 1 DAGs
[2026-08-12T05:00:55.649+0000] {logging_mixin.py:190} INFO - [2026-08-12T05:00:55.648+0000] {dag.py:4138} INFO - Setting next_dagrun for example_skip_dag to 2026-08-11 00:00:00+00:00, run_after=2026-08-12 00:00:00+00:00
[2026-08-12T05:00:55.683+0000] {processor.py:208} INFO - Processing /home/airflow/.local/lib/python3.12/site-packages/airflow/example_dags/example_skip_dag.py took 0.125 seconds
[2026-08-12T05:01:26.008+0000] {processor.py:186} INFO - Started process (PID=3574) to work on /home/airflow/.local/lib/python3.12/site-packages/airflow/example_dags/example_skip_dag.py
[2026-08-12T05:01:26.012+0000] {processor.py:914} INFO - Processing file /home/airflow/.local/lib/python3.12/site-packages/airflow/example_dags/example_skip_dag.py for tasks to queue
[2026-08-12T05:01:26.018+0000] {logging_mixin.py:190} INFO - [2026-08-12T05:01:26.018+0000] {dagbag.py:587} INFO - Filling up the DagBag from /home/airflow/.local/lib/python3.12/site-packages/airflow/example_dags/example_skip_dag.py
[2026-08-12T05:01:26.031+0000] {processor.py:925} INFO - DAG(s) 'example_skip_dag' retrieved from /home/airflow/.local/lib/python3.12/site-packages/airflow/example_dags/example_skip_dag.py
[2026-08-12T05:01:26.068+0000] {logging_mixin.py:190} INFO - [2026-08-12T05:01:26.067+0000] {dag.py:3211} INFO - Sync 1 DAGs
[2026-08-12T05:01:26.118+0000] {logging_mixin.py:190} INFO - [2026-08-12T05:01:26.118+0000] {dag.py:4138} INFO - Setting next_dagrun for example_skip_dag to 2026-08-11 00:00:00+00:00, run_after=2026-08-12 00:00:00+00:00
[2026-08-12T05:01:26.157+0000] {processor.py:208} INFO - Processing /home/airflow/.local/lib/python3.12/site-packages/airflow/example_dags/example_skip_dag.py took 0.156 seconds
[2026-08-12T05:01:56.921+0000] {processor.py:186} INFO - Started process (PID=3644) to work on /home/airflow/.local/lib/python3.12/site-packages/airflow/example_dags/example_skip_dag.py
[2026-08-12T05:01:56.923+0000] {processor.py:914} INFO - Processing file /home/airflow/.local/lib/python3.12/site-packages/airflow/example_dags/example_skip_dag.py for tasks to queue
[2026-08-12T05:01:56.928+0000] {logging_mixin.py:190} INFO - [2026-08-12T05:01:56.927+0000] {dagbag.py:587} INFO - Filling up the DagBag from /home/airflow/.local/lib/python3.12/site-packages/airflow/example_dags/example_skip_dag.py
[2026-08-12T05:01:56.943+0000] {processor.py:925} INFO - DAG(s) 'example_skip_dag' retrieved from /home/airflow/.local/lib/python3.12/site-packages/airflow/example_dags/example_skip_dag.py
[2026-08-12T05:01:56.977+0000] {logging_mixin.py:190} INFO - [2026-08-12T05:01:56.977+0000] {dag.py:3211} INFO - Sync 1 DAGs
[2026-08-12T05:01:57.009+0000] {logging_mixin.py:190} INFO - [2026-08-12T05:01:57.009+0000] {dag.py:4138} INFO - Setting next_dagrun for example_skip_dag to 2026-08-11 00:00:00+00:00, run_after=2026-08-12 00:00:00+00:00
[2026-08-12T05:01:57.035+0000] {processor.py:208} INFO - Processing /home/airflow/.local/lib/python3.12/site-packages/airflow/example_dags/example_skip_dag.py took 0.121 seconds
[2026-08-12T05:02:27.585+0000] {processor.py:186} INFO - Started process (PID=3707) to work on /home/airflow/.local/lib/python3.12/site-packages/airflow/example_dags/example_skip_dag.py
[2026-08-12T05:02:27.590+0000] {processor.py:914} INFO - Processing file /home/airflow/.local/lib/python3.12/site-packages/airflow/example_dags/example_skip_dag.py for tasks to queue
[2026-08-12T05:02:27.594+0000] {logging_mixin.py:190} INFO - [2026-08-12T05:02:27.594+0000] {dagbag.py:587} INFO - Filling up the DagBag from /home/airflow/.local/lib/python3.12/site-packages/airflow/example_dags/example_skip_dag.py
[2026-08-12T05:02:27.606+0000] {processor.py:925} INFO - DAG(s) 'example_skip_dag' retrieved from /home/airflow/.local/lib/python3.12/site-packages/airflow/example_dags/example_skip_dag.py
[2026-08-12T05:02:27.636+0000] {logging_mixin.py:190} INFO - [2026-08-12T05:02:27.635+0000] {dag.py:3211} INFO - Sync 1 DAGs
[2026-08-12T05:02:27.668+0000] {logging_mixin.py:190} INFO - [2026-08-12T05:02:27.668+0000] {dag.py:4138} INFO - Setting next_dagrun for example_skip_dag to 2026-08-11 00:00:00+00:00, run_after=2026-08-12 00:00:00+00:00
[2026-08-12T05:02:27.696+0000] {processor.py:208} INFO - Processing /home/airflow/.local/lib/python3.12/site-packages/airflow/example_dags/example_skip_dag.py took 0.120 seconds
[2026-08-12T05:02:58.443+0000] {processor.py:186} INFO - Started process (PID=3770) to work on /home/airflow/.local/lib/python3.12/site-packages/airflow/example_dags/example_skip_dag.py
[2026-08-12T05:02:58.448+0000] {processor.py:914} INFO - Processing file /home/airflow/.local/lib/python3.12/site-packages/airflow/example_dags/example_skip_dag.py for tasks to queue
[2026-08-12T05:02:58.455+0000] {logging_mixin.py:190} INFO - [2026-08-12T05:02:58.454+0000] {dagbag.py:587} INFO - Filling up the DagBag from /home/airflow/.local/lib/python3.12/site-packages/airflow/example_dags/example_skip_dag.py
[2026-08-12T05:02:58.466+0000] {processor.py:925} INFO - DAG(s) 'example_skip_dag' retrieved from /home/airflow/.local/lib/python3.12/site-packages/airflow/example_dags/example_skip_dag.py
[2026-08-12T05:02:58.489+0000] {logging_mixin.py:190} INFO - [2026-08-12T05:02:58.489+0000] {dag.py:3211} INFO - Sync 1 DAGs
[2026-08-12T05:02:58.517+0000] {logging_mixin.py:190} INFO - [2026-08-12T05:02:58.516+0000] {dag.py:4138} INFO - Setting next_dagrun for example_skip_dag to 2026-08-11 00:00:00+00:00, run_after=2026-08-12 00:00:00+00:00
[2026-08-12T05:02:58.739+0000] {processor.py:208} INFO - Processing /home/airflow/.local/lib/python3.12/site-packages/airflow/example_dags/example_skip_dag.py took 0.302 seconds
[2026-08-12T05:03:29.308+0000] {processor.py:186} INFO - Started process (PID=3833) to work on /home/airflow/.local/lib/python3.12/site-packages/airflow/example_dags/example_skip_dag.py
[2026-08-12T05:03:29.311+0000] {processor.py:914} INFO - Processing file /home/airflow/.local/lib/python3.12/site-packages/airflow/example_dags/example_skip_dag.py for tasks to queue
[2026-08-12T05:03:29.315+0000] {logging_mixin.py:190} INFO - [2026-08-12T05:03:29.315+0000] {dagbag.py:587} INFO - Filling up the DagBag from /home/airflow/.local/lib/python3.12/site-packages/airflow/example_dags/example_skip_dag.py
[2026-08-12T05:03:29.325+0000] {processor.py:925} INFO - DAG(s) 'example_skip_dag' retrieved from /home/airflow/.local/lib/python3.12/site-packages/airflow/example_dags/example_skip_dag.py
[2026-08-12T05:03:29.358+0000] {logging_mixin.py:190} INFO - [2026-08-12T05:03:29.358+0000] {dag.py:3211} INFO - Sync 1 DAGs
[2026-08-12T05:03:29.390+0000] {logging_mixin.py:190} INFO - [2026-08-12T05:03:29.389+0000] {dag.py:4138} INFO - Setting next_dagrun for example_skip_dag to 2026-08-11 00:00:00+00:00, run_after=2026-08-12 00:00:00+00:00
[2026-08-12T05:03:29.427+0000] {processor.py:208} INFO - Processing /home/airflow/.local/lib/python3.12/site-packages/airflow/example_dags/example_skip_dag.py took 0.127 seconds
[2026-08-12T05:03:59.758+0000] {processor.py:186} INFO - Started process (PID=3896) to work on /home/airflow/.local/lib/python3.12/site-packages/airflow/example_dags/example_skip_dag.py
[2026-08-12T05:03:59.760+0000] {processor.py:914} INFO - Processing file /home/airflow/.local/lib/python3.12/site-packages/airflow/example_dags/example_skip_dag.py for tasks to queue
[2026-08-12T05:03:59.764+0000] {logging_mixin.py:190} INFO - [2026-08-12T05:03:59.764+0000] {dagbag.py:587} INFO - Filling up the DagBag from /home/airflow/.local/lib/python3.12/site-packages/airflow/example_dags/example_skip_dag.py
[2026-08-12T05:03:59.776+0000] {processor.py:925} INFO - DAG(s) 'example_skip_dag' retrieved from /home/airflow/.local/lib/python3.12/site-packages/airflow/example_dags/example_skip_dag.py
[2026-08-12T05:03:59.804+0000] {logging_mixin.py:190} INFO - [2026-08-12T05:03:59.804+0000] {dag.py:3211} INFO - Sync 1 DAGs
[2026-08-12T05:03:59.834+0000] {logging_mixin.py:190} INFO - [2026-08-12T05:03:59.834+0000] {dag.py:4138} INFO - Setting next_dagrun for example_skip_dag to 2026-08-11 00:00:00+00:00, run_after=2026-08-12 00:00:00+00:00
[2026-08-12T05:03:59.862+0000] {processor.py:208} INFO - Processing /home/airflow/.local/lib/python3.12/site-packages/airflow/example_dags/example_skip_dag.py took 0.111 seconds
[2026-08-12T05:04:30.373+0000] {processor.py:186} INFO - Started process (PID=3959) to work on /home/airflow/.local/lib/python3.12/site-packages/airflow/example_dags/example_skip_dag.py
[2026-08-12T05:04:30.376+0000] {processor.py:914} INFO - Processing file /home/airflow/.local/lib/python3.12/site-packages/airflow/example_dags/example_skip_dag.py for tasks to queue
[2026-08-12T05:04:30.384+0000] {logging_mixin.py:190} INFO - [2026-08-12T05:04:30.383+0000] {dagbag.py:587} INFO - Filling up the DagBag from /home/airflow/.local/lib/python3.12/site-packages/airflow/example_dags/example_skip_dag.py
[2026-08-12T05:04:30.407+0000] {processor.py:925} INFO - DAG(s) 'example_skip_dag' retrieved from /home/airflow/.local/lib/python3.12/site-packages/airflow/example_dags/example_skip_dag.py
[2026-08-12T05:04:30.438+0000] {logging_mixin.py:190} INFO - [2026-08-12T05:04:30.438+0000] {dag.py:3211} INFO - Sync 1 DAGs
[2026-08-12T05:04:30.467+0000] {logging_mixin.py:190} INFO - [2026-08-12T05:04:30.467+0000] {dag.py:4138} INFO - Setting next_dagrun for example_skip_dag to 2026-08-11 00:00:00+00:00, run_after=2026-08-12 00:00:00+00:00
[2026-08-12T05:04:30.498+0000] {processor.py:208} INFO - Processing /home/airflow/.local/lib/python3.12/site-packages/airflow/example_dags/example_skip_dag.py took 0.133 seconds
[2026-08-12T05:05:01.125+0000] {processor.py:186} INFO - Started process (PID=4022) to work on /home/airflow/.local/lib/python3.12/site-packages/airflow/example_dags/example_skip_dag.py
[2026-08-12T05:05:01.127+0000] {processor.py:914} INFO - Processing file /home/airflow/.local/lib/python3.12/site-packages/airflow/example_dags/example_skip_dag.py for tasks to queue
[2026-08-12T05:05:01.132+0000] {logging_mixin.py:190} INFO - [2026-08-12T05:05:01.131+0000] {dagbag.py:587} INFO - Filling up the DagBag from /home/airflow/.local/lib/python3.12/site-packages/airflow/example_dags/example_skip_dag.py
[2026-08-12T05:05:01.146+0000] {processor.py:925} INFO - DAG(s) 'example_skip_dag' retrieved from /home/airflow/.local/lib/python3.12/site-packages/airflow/example_dags/example_skip_dag.py
[2026-08-12T05:05:01.178+0000] {logging_mixin.py:190} INFO - [2026-08-12T05:05:01.178+0000] {dag.py:3211} INFO - Sync 1 DAGs
[2026-08-12T05:05:01.214+0000] {logging_mixin.py:190} INFO - [2026-08-12T05:05:01.214+0000] {dag.py:4138} INFO - Setting next_dagrun for example_skip_dag to 2026-08-11 00:00:00+00:00, run_after=2026-08-12 00:00:00+00:00
[2026-08-12T05:05:01.245+0000] {processor.py:208} INFO - Processing /home/airflow/.local/lib/python3.12/site-packages/airflow/example_dags/example_skip_dag.py took 0.128 seconds
[2026-08-12T05:05:32.062+0000] {processor.py:186} INFO - Started process (PID=4085) to work on /home/airflow/.local/lib/python3.12/site-packages/airflow/example_dags/example_skip_dag.py
[2026-08-12T05:05:32.065+0000] {processor.py:914} INFO - Processing file /home/airflow/.local/lib/python3.12/site-packages/airflow/example_dags/example_skip_dag.py for tasks to queue
[2026-08-12T05:05:32.069+0000] {logging_mixin.py:190} INFO - [2026-08-12T05:05:32.069+0000] {dagbag.py:587} INFO - Filling up the DagBag from /home/airflow/.local/lib/python3.12/site-packages/airflow/example_dags/example_skip_dag.py
[2026-08-12T05:05:32.083+0000] {processor.py:925} INFO - DAG(s) 'example_skip_dag' retrieved from /home/airflow/.local/lib/python3.12/site-packages/airflow/example_dags/example_skip_dag.py
[2026-08-12T05:05:32.314+0000] {logging_mixin.py:190} INFO - [2026-08-12T05:05:32.313+0000] {dag.py:3211} INFO - Sync 1 DAGs
[2026-08-12T05:05:32.340+0000] {logging_mixin.py:190} INFO - [2026-08-12T05:05:32.340+0000] {dag.py:4138} INFO - Setting next_dagrun for example_skip_dag to 2026-08-11 00:00:00+00:00, run_after=2026-08-12 00:00:00+00:00
[2026-08-12T05:05:32.367+0000] {processor.py:208} INFO - Processing /home/airflow/.local/lib/python3.12/site-packages/airflow/example_dags/example_skip_dag.py took 0.312 seconds
[2026-08-12T05:06:03.245+0000] {processor.py:186} INFO - Started process (PID=4148) to work on /home/airflow/.local/lib/python3.12/site-packages/airflow/example_dags/example_skip_dag.py
[2026-08-12T05:06:03.248+0000] {processor.py:914} INFO - Processing file /home/airflow/.local/lib/python3.12/site-packages/airflow/example_dags/example_skip_dag.py for tasks to queue
[2026-08-12T05:06:03.253+0000] {logging_mixin.py:190} INFO - [2026-08-12T05:06:03.252+0000] {dagbag.py:587} INFO - Filling up the DagBag from /home/airflow/.local/lib/python3.12/site-packages/airflow/example_dags/example_skip_dag.py
[2026-08-12T05:06:03.266+0000] {processor.py:925} INFO - DAG(s) 'example_skip_dag' retrieved from /home/airflow/.local/lib/python3.12/site-packages/airflow/example_dags/example_skip_dag.py
[2026-08-12T05:06:03.293+0000] {logging_mixin.py:190} INFO - [2026-08-12T05:06:03.293+0000] {dag.py:3211} INFO - Sync 1 DAGs
[2026-08-12T05:06:03.324+0000] {logging_mixin.py:190} INFO - [2026-08-12T05:06:03.323+0000] {dag.py:4138} INFO - Setting next_dagrun for example_skip_dag to 2026-08-11 00:00:00+00:00, run_after=2026-08-12 00:00:00+00:00
[2026-08-12T05:06:03.351+0000] {processor.py:208} INFO - Processing /home/airflow/.local/lib/python3.12/site-packages/airflow/example_dags/example_skip_dag.py took 0.113 seconds
[2026-08-12T05:06:33.691+0000] {processor.py:186} INFO - Started process (PID=4211) to work on /home/airflow/.local/lib/python3.12/site-packages/airflow/example_dags/example_skip_dag.py
[2026-08-12T05:06:33.695+0000] {processor.py:914} INFO - Processing file /home/airflow/.local/lib/python3.12/site-packages/airflow/example_dags/example_skip_dag.py for tasks to queue
[2026-08-12T05:06:33.699+0000] {logging_mixin.py:190} INFO - [2026-08-12T05:06:33.699+0000] {dagbag.py:587} INFO - Filling up the DagBag from /home/airflow/.local/lib/python3.12/site-packages/airflow/example_dags/example_skip_dag.py
[2026-08-12T05:06:33.711+0000] {processor.py:925} INFO - DAG(s) 'example_skip_dag' retrieved from /home/airflow/.local/lib/python3.12/site-packages/airflow/example_dags/example_skip_dag.py
[2026-08-12T05:06:33.735+0000] {logging_mixin.py:190} INFO - [2026-08-12T05:06:33.735+0000] {dag.py:3211} INFO - Sync 1 DAGs
[2026-08-12T05:06:33.761+0000] {logging_mixin.py:190} INFO - [2026-08-12T05:06:33.760+0000] {dag.py:4138} INFO - Setting next_dagrun for example_skip_dag to 2026-08-11 00:00:00+00:00, run_after=2026-08-12 00:00:00+00:00
[2026-08-12T05:06:33.785+0000] {processor.py:208} INFO - Processing /home/airflow/.local/lib/python3.12/site-packages/airflow/example_dags/example_skip_dag.py took 0.102 seconds
[2026-08-12T05:07:03.934+0000] {processor.py:186} INFO - Started process (PID=4274) to work on /home/airflow/.local/lib/python3.12/site-packages/airflow/example_dags/example_skip_dag.py
[2026-08-12T05:07:03.938+0000] {processor.py:914} INFO - Processing file /home/airflow/.local/lib/python3.12/site-packages/airflow/example_dags/example_skip_dag.py for tasks to queue
[2026-08-12T05:07:03.944+0000] {logging_mixin.py:190} INFO - [2026-08-12T05:07:03.943+0000] {dagbag.py:587} INFO - Filling up the DagBag from /home/airflow/.local/lib/python3.12/site-packages/airflow/example_dags/example_skip_dag.py
[2026-08-12T05:07:03.962+0000] {processor.py:925} INFO - DAG(s) 'example_skip_dag' retrieved from /home/airflow/.local/lib/python3.12/site-packages/airflow/example_dags/example_skip_dag.py
[2026-08-12T05:07:03.986+0000] {logging_mixin.py:190} INFO - [2026-08-12T05:07:03.986+0000] {dag.py:3211} INFO - Sync 1 DAGs
[2026-08-12T05:07:04.013+0000] {logging_mixin.py:190} INFO - [2026-08-12T05:07:04.013+0000] {dag.py:4138} INFO - Setting next_dagrun for example_skip_dag to 2026-08-11 00:00:00+00:00, run_after=2026-08-12 00:00:00+00:00
[2026-08-12T05:07:04.036+0000] {processor.py:208} INFO - Processing /home/airflow/.local/lib/python3.12/site-packages/airflow/example_dags/example_skip_dag.py took 0.112 seconds
[2026-08-12T05:07:34.580+0000] {processor.py:186} INFO - Started process (PID=4337) to work on /home/airflow/.local/lib/python3.12/site-packages/airflow/example_dags/example_skip_dag.py
[2026-08-12T05:07:34.583+0000] {processor.py:914} INFO - Processing file /home/airflow/.local/lib/python3.12/site-packages/airflow/example_dags/example_skip_dag.py for tasks to queue
[2026-08-12T05:07:34.588+0000] {logging_mixin.py:190} INFO - [2026-08-12T05:07:34.588+0000] {dagbag.py:587} INFO - Filling up the DagBag from /home/airflow/.local/lib/python3.12/site-packages/airflow/example_dags/example_skip_dag.py
[2026-08-12T05:07:34.599+0000] {processor.py:925} INFO - DAG(s) 'example_skip_dag' retrieved from /home/airflow/.local/lib/python3.12/site-packages/airflow/example_dags/example_skip_dag.py
[2026-08-12T05:07:34.622+0000] {logging_mixin.py:190} INFO - [2026-08-12T05:07:34.621+0000] {dag.py:3211} INFO - Sync 1 DAGs
[2026-08-12T05:07:34.645+0000] {logging_mixin.py:190} INFO - [2026-08-12T05:07:34.645+0000] {dag.py:4138} INFO - Setting next_dagrun for example_skip_dag to 2026-08-11 00:00:00+00:00, run_after=2026-08-12 00:00:00+00:00
[2026-08-12T05:07:34.665+0000] {processor.py:208} INFO - Processing /home/airflow/.local/lib/python3.12/site-packages/airflow/example_dags/example_skip_dag.py took 0.091 seconds
[2026-08-12T05:08:04.878+0000] {processor.py:186} INFO - Started process (PID=4400) to work on /home/airflow/.local/lib/python3.12/site-packages/airflow/example_dags/example_skip_dag.py
[2026-08-12T05:08:04.880+0000] {processor.py:914} INFO - Processing file /home/airflow/.local/lib/python3.12/site-packages/airflow/example_dags/example_skip_dag.py for tasks to queue
[2026-08-12T05:08:04.886+0000] {logging_mixin.py:190} INFO - [2026-08-12T05:08:04.886+0000] {dagbag.py:587} INFO - Filling up the DagBag from /home/airflow/.local/lib/python3.12/site-packages/airflow/example_dags/example_skip_dag.py
[2026-08-12T05:08:04.899+0000] {processor.py:925} INFO - DAG(s) 'example_skip_dag' retrieved from /home/airflow/.local/lib/python3.12/site-packages/airflow/example_dags/example_skip_dag.py
[2026-08-12T05:08:04.932+0000] {logging_mixin.py:190} INFO - [2026-08-12T05:08:04.932+0000] {dag.py:3211} INFO - Sync 1 DAGs
[2026-08-12T05:08:04.962+0000] {logging_mixin.py:190} INFO - [2026-08-12T05:08:04.961+0000] {dag.py:4138} INFO - Setting next_dagrun for example_skip_dag to 2026-08-11 00:00:00+00:00, run_after=2026-08-12 00:00:00+00:00
[2026-08-12T05:08:04.986+0000] {processor.py:208} INFO - Processing /home/airflow/.local/lib/python3.12/site-packages/airflow/example_dags/example_skip_dag.py took 0.118 seconds
[2026-08-12T05:08:35.092+0000] {processor.py:186} INFO - Started process (PID=4463) to work on /home/airflow/.local/lib/python3.12/site-packages/airflow/example_dags/example_skip_dag.py
[2026-08-12T05:08:35.094+0000] {processor.py:914} INFO - Processing file /home/airflow/.local/lib/python3.12/site-packages/airflow/example_dags/example_skip_dag.py for tasks to queue
[2026-08-12T05:08:35.098+0000] {logging_mixin.py:190} INFO - [2026-08-12T05:08:35.098+0000] {dagbag.py:587} INFO - Filling up the DagBag from /home/airflow/.local/lib/python3.12/site-packages/airflow/example_dags/example_skip_dag.py
[2026-08-12T05:08:35.109+0000] {processor.py:925} INFO - DAG(s) 'example_skip_dag' retrieved from /home/airflow/.local/lib/python3.12/site-packages/airflow/example_dags/example_skip_dag.py
[2026-08-12T05:08:35.134+0000] {logging_mixin.py:190} INFO - [2026-08-12T05:08:35.134+0000] {dag.py:3211} INFO - Sync 1 DAGs
[2026-08-12T05:08:35.160+0000] {logging_mixin.py:190} INFO - [2026-08-12T05:08:35.159+0000] {dag.py:4138} INFO - Setting next_dagrun for example_skip_dag to 2026-08-11 00:00:00+00:00, run_after=2026-08-12 00:00:00+00:00
[2026-08-12T05:08:35.183+0000] {processor.py:208} INFO - Processing /home/airflow/.local/lib/python3.12/site-packages/airflow/example_dags/example_skip_dag.py took 0.097 seconds
[2026-08-12T05:09:05.412+0000] {processor.py:186} INFO - Started process (PID=4526) to work on /home/airflow/.local/lib/python3.12/site-packages/airflow/example_dags/example_skip_dag.py
[2026-08-12T05:09:05.415+0000] {processor.py:914} INFO - Processing file /home/airflow/.local/lib/python3.12/site-packages/airflow/example_dags/example_skip_dag.py for tasks to queue
[2026-08-12T05:09:05.421+0000] {logging_mixin.py:190} INFO - [2026-08-12T05:09:05.420+0000] {dagbag.py:587} INFO - Filling up the DagBag from /home/airflow/.local/lib/python3.12/site-packages/airflow/example_dags/example_skip_dag.py
[2026-08-12T05:09:05.431+0000] {processor.py:925} INFO - DAG(s) 'example_skip_dag' retrieved from /home/airflow/.local/lib/python3.12/site-packages/airflow/example_dags/example_skip_dag.py
[2026-08-12T05:09:05.459+0000] {logging_mixin.py:190} INFO - [2026-08-12T05:09:05.459+0000] {dag.py:3211} INFO - Sync 1 DAGs
[2026-08-12T05:09:05.486+0000] {logging_mixin.py:190} INFO - [2026-08-12T05:09:05.486+0000] {dag.py:4138} INFO - Setting next_dagrun for example_skip_dag to 2026-08-11 00:00:00+00:00, run_after=2026-08-12 00:00:00+00:00
[2026-08-12T05:09:05.510+0000] {processor.py:208} INFO - Processing /home/airflow/.local/lib/python3.12/site-packages/airflow/example_dags/example_skip_dag.py took 0.106 seconds
[2026-08-12T05:09:36.129+0000] {processor.py:186} INFO - Started process (PID=4589) to work on /home/airflow/.local/lib/python3.12/site-packages/airflow/example_dags/example_skip_dag.py
[2026-08-12T05:09:36.131+0000] {processor.py:914} INFO - Processing file /home/airflow/.local/lib/python3.12/site-packages/airflow/example_dags/example_skip_dag.py for tasks to queue
[2026-08-12T05:09:36.136+0000] {logging_mixin.py:190} INFO - [2026-08-12T05:09:36.135+0000] {dagbag.py:587} INFO - Filling up the DagBag from /home/airflow/.local/lib/python3.12/site-packages/airflow/example_dags/example_skip_dag.py
[2026-08-12T05:09:36.146+0000] {processor.py:925} INFO - DAG(s) 'example_skip_dag' retrieved from /home/airflow/.local/lib/python3.12/site-packages/airflow/example_dags/example_skip_dag.py
[2026-08-12T05:09:36.179+0000] {logging_mixin.py:190} INFO - [2026-08-12T05:09:36.178+0000] {dag.py:3211} INFO - Sync 1 DAGs
[2026-08-12T05:09:36.211+0000] {logging_mixin.py:190} INFO - [2026-08-12T05:09:36.211+0000] {dag.py:4138} INFO - Setting next_dagrun for example_skip_dag to 2026-08-11 00:00:00+00:00, run_after=2026-08-12 00:00:00+00:00
[2026-08-12T05:09:36.242+0000] {processor.py:208} INFO - Processing /home/airflow/.local/lib/python3.12/site-packages/airflow/example_dags/example_skip_dag.py took 0.120 seconds
[2026-08-12T05:10:06.339+0000] {processor.py:186} INFO - Started process (PID=4652) to work on /home/airflow/.local/lib/python3.12/site-packages/airflow/example_dags/example_skip_dag.py
[2026-08-12T05:10:06.343+0000] {processor.py:914} INFO - Processing file /home/airflow/.local/lib/python3.12/site-packages/airflow/example_dags/example_skip_dag.py for tasks to queue
[2026-08-12T05:10:06.351+0000] {logging_mixin.py:190} INFO - [2026-08-12T05:10:06.350+0000] {dagbag.py:587} INFO - Filling up the DagBag from /home/airflow/.local/lib/python3.12/site-packages/airflow/example_dags/example_skip_dag.py
[2026-08-12T05:10:06.368+0000] {processor.py:925} INFO - DAG(s) 'example_skip_dag' retrieved from /home/airflow/.local/lib/python3.12/site-packages/airflow/example_dags/example_skip_dag.py
[2026-08-12T05:10:06.402+0000] {logging_mixin.py:190} INFO - [2026-08-12T05:10:06.401+0000] {dag.py:3211} INFO - Sync 1 DAGs
[2026-08-12T05:10:06.434+0000] {logging_mixin.py:190} INFO - [2026-08-12T05:10:06.434+0000] {dag.py:4138} INFO - Setting next_dagrun for example_skip_dag to 2026-08-11 00:00:00+00:00, run_after=2026-08-12 00:00:00+00:00
[2026-08-12T05:10:06.460+0000] {processor.py:208} INFO - Processing /home/airflow/.local/lib/python3.12/site-packages/airflow/example_dags/example_skip_dag.py took 0.132 seconds
[2026-08-12T05:10:36.755+0000] {processor.py:186} INFO - Started process (PID=4715) to work on /home/airflow/.local/lib/python3.12/site-packages/airflow/example_dags/example_skip_dag.py
[2026-08-12T05:10:36.759+0000] {processor.py:914} INFO - Processing file /home/airflow/.local/lib/python3.12/site-packages/airflow/example_dags/example_skip_dag.py for tasks to queue
[2026-08-12T05:10:36.764+0000] {logging_mixin.py:190} INFO - [2026-08-12T05:10:36.764+0000] {dagbag.py:587} INFO - Filling up the DagBag from /home/airflow/.local/lib/python3.12/site-packages/airflow/example_dags/example_skip_dag.py
[2026-08-12T05:10:36.778+0000] {processor.py:925} INFO - DAG(s) 'example_skip_dag' retrieved from /home/airflow/.local/lib/python3.12/site-packages/airflow/example_dags/example_skip_dag.py
[2026-08-12T05:10:36.806+0000] {logging_mixin.py:190} INFO - [2026-08-12T05:10:36.805+0000] {dag.py:3211} INFO - Sync 1 DAGs
[2026-08-12T05:10:36.832+0000] {logging_mixin.py:190} INFO - [2026-08-12T05:10:36.832+0000] {dag.py:4138} INFO - Setting next_dagrun for example_skip_dag to 2026-08-11 00:00:00+00:00, run_after=2026-08-12 00:00:00+00:00
[2026-08-12T05:10:36.858+0000] {processor.py:208} INFO - Processing /home/airflow/.local/lib/python3.12/site-packages/airflow/example_dags/example_skip_dag.py took 0.114 seconds
[2026-08-12T05:11:07.171+0000] {processor.py:186} INFO - Started process (PID=4778) to work on /home/airflow/.local/lib/python3.12/site-packages/airflow/example_dags/example_skip_dag.py
[2026-08-12T05:11:07.173+0000] {processor.py:914} INFO - Processing file /home/airflow/.local/lib/python3.12/site-packages/airflow/example_dags/example_skip_dag.py for tasks to queue
[2026-08-12T05:11:07.178+0000] {logging_mixin.py:190} INFO - [2026-08-12T05:11:07.177+0000] {dagbag.py:587} INFO - Filling up the DagBag from /home/airflow/.local/lib/python3.12/site-packages/airflow/example_dags/example_skip_dag.py
[2026-08-12T05:11:07.187+0000] {processor.py:925} INFO - DAG(s) 'example_skip_dag' retrieved from /home/airflow/.local/lib/python3.12/site-packages/airflow/example_dags/example_skip_dag.py
[2026-08-12T05:11:07.212+0000] {logging_mixin.py:190} INFO - [2026-08-12T05:11:07.212+0000] {dag.py:3211} INFO - Sync 1 DAGs
[2026-08-12T05:11:07.238+0000] {logging_mixin.py:190} INFO - [2026-08-12T05:11:07.237+0000] {dag.py:4138} INFO - Setting next_dagrun for example_skip_dag to 2026-08-11 00:00:00+00:00, run_after=2026-08-12 00:00:00+00:00
[2026-08-12T05:11:07.265+0000] {processor.py:208} INFO - Processing /home/airflow/.local/lib/python3.12/site-packages/airflow/example_dags/example_skip_dag.py took 0.100 seconds
[2026-08-12T05:11:38.023+0000] {processor.py:186} INFO - Started process (PID=4841) to work on /home/airflow/.local/lib/python3.12/site-packages/airflow/example_dags/example_skip_dag.py
[2026-08-12T05:11:38.025+0000] {processor.py:914} INFO - Processing file /home/airflow/.local/lib/python3.12/site-packages/airflow/example_dags/example_skip_dag.py for tasks to queue
[2026-08-12T05:11:38.030+0000] {logging_mixin.py:190} INFO - [2026-08-12T05:11:38.029+0000] {dagbag.py:587} INFO - Filling up the DagBag from /home/airflow/.local/lib/python3.12/site-packages/airflow/example_dags/example_skip_dag.py
[2026-08-12T05:11:38.056+0000] {processor.py:925} INFO - DAG(s) 'example_skip_dag' retrieved from /home/airflow/.local/lib/python3.12/site-packages/airflow/example_dags/example_skip_dag.py
[2026-08-12T05:11:38.081+0000] {logging_mixin.py:190} INFO - [2026-08-12T05:11:38.080+0000] {dag.py:3211} INFO - Sync 1 DAGs
[2026-08-12T05:11:38.105+0000] {logging_mixin.py:190} INFO - [2026-08-12T05:11:38.105+0000] {dag.py:4138} INFO - Setting next_dagrun for example_skip_dag to 2026-08-11 00:00:00+00:00, run_after=2026-08-12 00:00:00+00:00
[2026-08-12T05:11:38.127+0000] {processor.py:208} INFO - Processing /home/airflow/.local/lib/python3.12/site-packages/airflow/example_dags/example_skip_dag.py took 0.112 seconds
[2026-08-12T05:12:08.309+0000] {processor.py:186} INFO - Started process (PID=4904) to work on /home/airflow/.local/lib/python3.12/site-packages/airflow/example_dags/example_skip_dag.py
[2026-08-12T05:12:08.314+0000] {processor.py:914} INFO - Processing file /home/airflow/.local/lib/python3.12/site-packages/airflow/example_dags/example_skip_dag.py for tasks to queue
[2026-08-12T05:12:08.326+0000] {logging_mixin.py:190} INFO - [2026-08-12T05:12:08.324+0000] {dagbag.py:587} INFO - Filling up the DagBag from /home/airflow/.local/lib/python3.12/site-packages/airflow/example_dags/example_skip_dag.py
[2026-08-12T05:12:08.351+0000] {processor.py:925} INFO - DAG(s) 'example_skip_dag' retrieved from /home/airflow/.local/lib/python3.12/site-packages/airflow/example_dags/example_skip_dag.py
[2026-08-12T05:12:08.385+0000] {logging_mixin.py:190} INFO - [2026-08-12T05:12:08.385+0000] {dag.py:3211} INFO - Sync 1 DAGs
[2026-08-12T05:12:08.410+0000] {logging_mixin.py:190} INFO - [2026-08-12T05:12:08.410+0000] {dag.py:4138} INFO - Setting next_dagrun for example_skip_dag to 2026-08-11 00:00:00+00:00, run_after=2026-08-12 00:00:00+00:00
[2026-08-12T05:12:08.431+0000] {processor.py:208} INFO - Processing /home/airflow/.local/lib/python3.12/site-packages/airflow/example_dags/example_skip_dag.py took 0.141 seconds
[2026-08-12T05:12:38.527+0000] {processor.py:186} INFO - Started process (PID=4967) to work on /home/airflow/.local/lib/python3.12/site-packages/airflow/example_dags/example_skip_dag.py
[2026-08-12T05:12:38.529+0000] {processor.py:914} INFO - Processing file /home/airflow/.local/lib/python3.12/site-packages/airflow/example_dags/example_skip_dag.py for tasks to queue
[2026-08-12T05:12:38.535+0000] {logging_mixin.py:190} INFO - [2026-08-12T05:12:38.534+0000] {dagbag.py:587} INFO - Filling up the DagBag from /home/airflow/.local/lib/python3.12/site-packages/airflow/example_dags/example_skip_dag.py
[2026-08-12T05:12:38.552+0000] {processor.py:925} INFO - DAG(s) 'example_skip_dag' retrieved from /home/airflow/.local/lib/python3.12/site-packages/airflow/example_dags/example_skip_dag.py
[2026-08-12T05:12:38.583+0000] {logging_mixin.py:190} INFO - [2026-08-12T05:12:38.583+0000] {dag.py:3211} INFO - Sync 1 DAGs
[2026-08-12T05:12:38.614+0000] {logging_mixin.py:190} INFO - [2026-08-12T05:12:38.614+0000] {dag.py:4138} INFO - Setting next_dagrun for example_skip_dag to 2026-08-11 00:00:00+00:00, run_after=2026-08-12 00:00:00+00:00
[2026-08-12T05:12:38.643+0000] {processor.py:208} INFO - Processing /home/airflow/.local/lib/python3.12/site-packages/airflow/example_dags/example_skip_dag.py took 0.126 seconds
[2026-08-12T05:13:08.892+0000] {processor.py:186} INFO - Started process (PID=5030) to work on /home/airflow/.local/lib/python3.12/site-packages/airflow/example_dags/example_skip_dag.py
[2026-08-12T05:13:08.895+0000] {processor.py:914} INFO - Processing file /home/airflow/.local/lib/python3.12/site-packages/airflow/example_dags/example_skip_dag.py for tasks to queue
[2026-08-12T05:13:08.899+0000] {logging_mixin.py:190} INFO - [2026-08-12T05:13:08.898+0000] {dagbag.py:587} INFO - Filling up the DagBag from /home/airflow/.local/lib/python3.12/site-packages/airflow/example_dags/example_skip_dag.py
[2026-08-12T05:13:08.909+0000] {processor.py:925} INFO - DAG(s) 'example_skip_dag' retrieved from /home/airflow/.local/lib/python3.12/site-packages/airflow/example_dags/example_skip_dag.py
[2026-08-12T05:13:08.935+0000] {logging_mixin.py:190} INFO - [2026-08-12T05:13:08.935+0000] {dag.py:3211} INFO - Sync 1 DAGs
[2026-08-12T05:13:08.963+0000] {logging_mixin.py:190} INFO - [2026-08-12T05:13:08.963+0000] {dag.py:4138} INFO - Setting next_dagrun for example_skip_dag to 2026-08-11 00:00:00+00:00, run_after=2026-08-12 00:00:00+00:00
[2026-08-12T05:13:08.992+0000] {processor.py:208} INFO - Processing /home/airflow/.local/lib/python3.12/site-packages/airflow/example_dags/example_skip_dag.py took 0.106 seconds
[2026-08-12T05:13:39.404+0000] {processor.py:186} INFO - Started process (PID=5093) to work on /home/airflow/.local/lib/python3.12/site-packages/airflow/example_dags/example_skip_dag.py
[2026-08-12T05:13:39.407+0000] {processor.py:914} INFO - Processing file /home/airflow/.local/lib/python3.12/site-packages/airflow/example_dags/example_skip_dag.py for tasks to queue
[2026-08-12T05:13:39.411+0000] {logging_mixin.py:190} INFO - [2026-08-12T05:13:39.411+0000] {dagbag.py:587} INFO - Filling up the DagBag from /home/airflow/.local/lib/python3.12/site-packages/airflow/example_dags/example_skip_dag.py
[2026-08-12T05:13:39.421+0000] {processor.py:925} INFO - DAG(s) 'example_skip_dag' retrieved from /home/airflow/.local/lib/python3.12/site-packages/airflow/example_dags/example_skip_dag.py
[2026-08-12T05:13:39.447+0000] {logging_mixin.py:190} INFO - [2026-08-12T05:13:39.447+0000] {dag.py:3211} INFO - Sync 1 DAGs
[2026-08-12T05:13:39.475+0000] {logging_mixin.py:190} INFO - [2026-08-12T05:13:39.475+0000] {dag.py:4138} INFO - Setting next_dagrun for example_skip_dag to 2026-08-11 00:00:00+00:00, run_after=2026-08-12 00:00:00+00:00
[2026-08-12T05:13:39.503+0000] {processor.py:208} INFO - Processing /home/airflow/.local/lib/python3.12/site-packages/airflow/example_dags/example_skip_dag.py took 0.104 seconds
[2026-08-12T05:14:09.673+0000] {processor.py:186} INFO - Started process (PID=5156) to work on /home/airflow/.local/lib/python3.12/site-packages/airflow/example_dags/example_skip_dag.py
[2026-08-12T05:14:09.676+0000] {processor.py:914} INFO - Processing file /home/airflow/.local/lib/python3.12/site-packages/airflow/example_dags/example_skip_dag.py for tasks to queue
[2026-08-12T05:14:09.683+0000] {logging_mixin.py:190} INFO - [2026-08-12T05:14:09.683+0000] {dagbag.py:587} INFO - Filling up the DagBag from /home/airflow/.local/lib/python3.12/site-packages/airflow/example_dags/example_skip_dag.py
[2026-08-12T05:14:09.693+0000] {processor.py:925} INFO - DAG(s) 'example_skip_dag' retrieved from /home/airflow/.local/lib/python3.12/site-packages/airflow/example_dags/example_skip_dag.py
[2026-08-12T05:14:09.717+0000] {logging_mixin.py:190} INFO - [2026-08-12T05:14:09.717+0000] {dag.py:3211} INFO - Sync 1 DAGs
[2026-08-12T05:14:09.742+0000] {logging_mixin.py:190} INFO - [2026-08-12T05:14:09.741+0000] {dag.py:4138} INFO - Setting next_dagrun for example_skip_dag to 2026-08-11 00:00:00+00:00, run_after=2026-08-12 00:00:00+00:00
[2026-08-12T05:14:09.762+0000] {processor.py:208} INFO - Processing /home/airflow/.local/lib/python3.12/site-packages/airflow/example_dags/example_skip_dag.py took 0.099 seconds
[2026-08-12T05:14:39.845+0000] {processor.py:186} INFO - Started process (PID=5219) to work on /home/airflow/.local/lib/python3.12/site-packages/airflow/example_dags/example_skip_dag.py
[2026-08-12T05:14:39.848+0000] {processor.py:914} INFO - Processing file /home/airflow/.local/lib/python3.12/site-packages/airflow/example_dags/example_skip_dag.py for tasks to queue
[2026-08-12T05:14:39.854+0000] {logging_mixin.py:190} INFO - [2026-08-12T05:14:39.853+0000] {dagbag.py:587} INFO - Filling up the DagBag from /home/airflow/.local/lib/python3.12/site-packages/airflow/example_dags/example_skip_dag.py
[2026-08-12T05:14:39.873+0000] {processor.py:925} INFO - DAG(s) 'example_skip_dag' retrieved from /home/airflow/.local/lib/python3.12/site-packages/airflow/example_dags/example_skip_dag.py
[2026-08-12T05:14:39.897+0000] {logging_mixin.py:190} INFO - [2026-08-12T05:14:39.897+0000] {dag.py:3211} INFO - Sync 1 DAGs
[2026-08-12T05:14:39.924+0000] {logging_mixin.py:190} INFO - [2026-08-12T05:14:39.924+0000] {dag.py:4138} INFO - Setting next_dagrun for example_skip_dag to 2026-08-11 00:00:00+00:00, run_after=2026-08-12 00:00:00+00:00
[2026-08-12T05:14:39.946+0000] {processor.py:208} INFO - Processing /home/airflow/.local/lib/python3.12/site-packages/airflow/example_dags/example_skip_dag.py took 0.107 seconds
[2026-08-12T05:15:10.179+0000] {processor.py:186} INFO - Started process (PID=5281) to work on /home/airflow/.local/lib/python3.12/site-packages/airflow/example_dags/example_skip_dag.py
[2026-08-12T05:15:10.183+0000] {processor.py:914} INFO - Processing file /home/airflow/.local/lib/python3.12/site-packages/airflow/example_dags/example_skip_dag.py for tasks to queue
[2026-08-12T05:15:10.189+0000] {logging_mixin.py:190} INFO - [2026-08-12T05:15:10.188+0000] {dagbag.py:587} INFO - Filling up the DagBag from /home/airflow/.local/lib/python3.12/site-packages/airflow/example_dags/example_skip_dag.py
[2026-08-12T05:15:10.205+0000] {processor.py:925} INFO - DAG(s) 'example_skip_dag' retrieved from /home/airflow/.local/lib/python3.12/site-packages/airflow/example_dags/example_skip_dag.py
[2026-08-12T05:15:10.231+0000] {logging_mixin.py:190} INFO - [2026-08-12T05:15:10.231+0000] {dag.py:3211} INFO - Sync 1 DAGs
[2026-08-12T05:15:10.256+0000] {logging_mixin.py:190} INFO - [2026-08-12T05:15:10.256+0000] {dag.py:4138} INFO - Setting next_dagrun for example_skip_dag to 2026-08-11 00:00:00+00:00, run_after=2026-08-12 00:00:00+00:00
[2026-08-12T05:15:10.283+0000] {processor.py:208} INFO - Processing /home/airflow/.local/lib/python3.12/site-packages/airflow/example_dags/example_skip_dag.py took 0.116 seconds
[2026-08-12T05:15:41.007+0000] {processor.py:186} INFO - Started process (PID=5344) to work on /home/airflow/.local/lib/python3.12/site-packages/airflow/example_dags/example_skip_dag.py
[2026-08-12T05:15:41.010+0000] {processor.py:914} INFO - Processing file /home/airflow/.local/lib/python3.12/site-packages/airflow/example_dags/example_skip_dag.py for tasks to queue
[2026-08-12T05:15:41.016+0000] {logging_mixin.py:190} INFO - [2026-08-12T05:15:41.015+0000] {dagbag.py:587} INFO - Filling up the DagBag from /home/airflow/.local/lib/python3.12/site-packages/airflow/example_dags/example_skip_dag.py
[2026-08-12T05:15:41.031+0000] {processor.py:925} INFO - DAG(s) 'example_skip_dag' retrieved from /home/airflow/.local/lib/python3.12/site-packages/airflow/example_dags/example_skip_dag.py
[2026-08-12T05:15:41.058+0000] {logging_mixin.py:190} INFO - [2026-08-12T05:15:41.058+0000] {dag.py:3211} INFO - Sync 1 DAGs
[2026-08-12T05:15:41.084+0000] {logging_mixin.py:190} INFO - [2026-08-12T05:15:41.083+0000] {dag.py:4138} INFO - Setting next_dagrun for example_skip_dag to 2026-08-11 00:00:00+00:00, run_after=2026-08-12 00:00:00+00:00
[2026-08-12T05:15:41.107+0000] {processor.py:208} INFO - Processing /home/airflow/.local/lib/python3.12/site-packages/airflow/example_dags/example_skip_dag.py took 0.108 seconds
[2026-08-12T05:16:11.456+0000] {processor.py:186} INFO - Started process (PID=5407) to work on /home/airflow/.local/lib/python3.12/site-packages/airflow/example_dags/example_skip_dag.py
[2026-08-12T05:16:11.458+0000] {processor.py:914} INFO - Processing file /home/airflow/.local/lib/python3.12/site-packages/airflow/example_dags/example_skip_dag.py for tasks to queue
[2026-08-12T05:16:11.463+0000] {logging_mixin.py:190} INFO - [2026-08-12T05:16:11.462+0000] {dagbag.py:587} INFO - Filling up the DagBag from /home/airflow/.local/lib/python3.12/site-packages/airflow/example_dags/example_skip_dag.py
[2026-08-12T05:16:11.476+0000] {processor.py:925} INFO - DAG(s) 'example_skip_dag' retrieved from /home/airflow/.local/lib/python3.12/site-packages/airflow/example_dags/example_skip_dag.py
[2026-08-12T05:16:11.501+0000] {logging_mixin.py:190} INFO - [2026-08-12T05:16:11.501+0000] {dag.py:3211} INFO - Sync 1 DAGs
[2026-08-12T05:16:11.529+0000] {logging_mixin.py:190} INFO - [2026-08-12T05:16:11.529+0000] {dag.py:4138} INFO - Setting next_dagrun for example_skip_dag to 2026-08-11 00:00:00+00:00, run_after=2026-08-12 00:00:00+00:00
[2026-08-12T05:16:11.552+0000] {processor.py:208} INFO - Processing /home/airflow/.local/lib/python3.12/site-packages/airflow/example_dags/example_skip_dag.py took 0.104 seconds
[2026-08-12T05:16:41.703+0000] {processor.py:186} INFO - Started process (PID=5470) to work on /home/airflow/.local/lib/python3.12/site-packages/airflow/example_dags/example_skip_dag.py
[2026-08-12T05:16:41.705+0000] {processor.py:914} INFO - Processing file /home/airflow/.local/lib/python3.12/site-packages/airflow/example_dags/example_skip_dag.py for tasks to queue
[2026-08-12T05:16:41.709+0000] {logging_mixin.py:190} INFO - [2026-08-12T05:16:41.708+0000] {dagbag.py:587} INFO - Filling up the DagBag from /home/airflow/.local/lib/python3.12/site-packages/airflow/example_dags/example_skip_dag.py
[2026-08-12T05:16:41.719+0000] {processor.py:925} INFO - DAG(s) 'example_skip_dag' retrieved from /home/airflow/.local/lib/python3.12/site-packages/airflow/example_dags/example_skip_dag.py
[2026-08-12T05:16:41.745+0000] {logging_mixin.py:190} INFO - [2026-08-12T05:16:41.745+0000] {dag.py:3211} INFO - Sync 1 DAGs
[2026-08-12T05:16:41.774+0000] {logging_mixin.py:190} INFO - [2026-08-12T05:16:41.774+0000] {dag.py:4138} INFO - Setting next_dagrun for example_skip_dag to 2026-08-11 00:00:00+00:00, run_after=2026-08-12 00:00:00+00:00
[2026-08-12T05:16:41.805+0000] {processor.py:208} INFO - Processing /home/airflow/.local/lib/python3.12/site-packages/airflow/example_dags/example_skip_dag.py took 0.108 seconds
[2026-08-12T05:17:12.334+0000] {processor.py:186} INFO - Started process (PID=5533) to work on /home/airflow/.local/lib/python3.12/site-packages/airflow/example_dags/example_skip_dag.py
[2026-08-12T05:17:12.336+0000] {processor.py:914} INFO - Processing file /home/airflow/.local/lib/python3.12/site-packages/airflow/example_dags/example_skip_dag.py for tasks to queue
[2026-08-12T05:17:12.340+0000] {logging_mixin.py:190} INFO - [2026-08-12T05:17:12.339+0000] {dagbag.py:587} INFO - Filling up the DagBag from /home/airflow/.local/lib/python3.12/site-packages/airflow/example_dags/example_skip_dag.py
[2026-08-12T05:17:12.352+0000] {processor.py:925} INFO - DAG(s) 'example_skip_dag' retrieved from /home/airflow/.local/lib/python3.12/site-packages/airflow/example_dags/example_skip_dag.py
[2026-08-12T05:17:12.390+0000] {logging_mixin.py:190} INFO - [2026-08-12T05:17:12.389+0000] {dag.py:3211} INFO - Sync 1 DAGs
[2026-08-12T05:17:12.422+0000] {logging_mixin.py:190} INFO - [2026-08-12T05:17:12.422+0000] {dag.py:4138} INFO - Setting next_dagrun for example_skip_dag to 2026-08-11 00:00:00+00:00, run_after=2026-08-12 00:00:00+00:00
[2026-08-12T05:17:12.445+0000] {processor.py:208} INFO - Processing /home/airflow/.local/lib/python3.12/site-packages/airflow/example_dags/example_skip_dag.py took 0.118 seconds
[2026-08-12T05:17:42.961+0000] {processor.py:186} INFO - Started process (PID=5597) to work on /home/airflow/.local/lib/python3.12/site-packages/airflow/example_dags/example_skip_dag.py
[2026-08-12T05:17:42.963+0000] {processor.py:914} INFO - Processing file /home/airflow/.local/lib/python3.12/site-packages/airflow/example_dags/example_skip_dag.py for tasks to queue
[2026-08-12T05:17:42.967+0000] {logging_mixin.py:190} INFO - [2026-08-12T05:17:42.967+0000] {dagbag.py:587} INFO - Filling up the DagBag from /home/airflow/.local/lib/python3.12/site-packages/airflow/example_dags/example_skip_dag.py
[2026-08-12T05:17:42.977+0000] {processor.py:925} INFO - DAG(s) 'example_skip_dag' retrieved from /home/airflow/.local/lib/python3.12/site-packages/airflow/example_dags/example_skip_dag.py
[2026-08-12T05:17:43.003+0000] {logging_mixin.py:190} INFO - [2026-08-12T05:17:43.003+0000] {dag.py:3211} INFO - Sync 1 DAGs
[2026-08-12T05:17:43.036+0000] {logging_mixin.py:190} INFO - [2026-08-12T05:17:43.036+0000] {dag.py:4138} INFO - Setting next_dagrun for example_skip_dag to 2026-08-11 00:00:00+00:00, run_after=2026-08-12 00:00:00+00:00
[2026-08-12T05:17:43.061+0000] {processor.py:208} INFO - Processing /home/airflow/.local/lib/python3.12/site-packages/airflow/example_dags/example_skip_dag.py took 0.108 seconds
[2026-08-12T05:18:13.522+0000] {processor.py:186} INFO - Started process (PID=5660) to work on /home/airflow/.local/lib/python3.12/site-packages/airflow/example_dags/example_skip_dag.py
[2026-08-12T05:18:13.524+0000] {processor.py:914} INFO - Processing file /home/airflow/.local/lib/python3.12/site-packages/airflow/example_dags/example_skip_dag.py for tasks to queue
[2026-08-12T05:18:13.528+0000] {logging_mixin.py:190} INFO - [2026-08-12T05:18:13.528+0000] {dagbag.py:587} INFO - Filling up the DagBag from /home/airflow/.local/lib/python3.12/site-packages/airflow/example_dags/example_skip_dag.py
[2026-08-12T05:18:13.538+0000] {processor.py:925} INFO - DAG(s) 'example_skip_dag' retrieved from /home/airflow/.local/lib/python3.12/site-packages/airflow/example_dags/example_skip_dag.py
[2026-08-12T05:18:13.564+0000] {logging_mixin.py:190} INFO - [2026-08-12T05:18:13.563+0000] {dag.py:3211} INFO - Sync 1 DAGs
[2026-08-12T05:18:13.589+0000] {logging_mixin.py:190} INFO - [2026-08-12T05:18:13.589+0000] {dag.py:4138} INFO - Setting next_dagrun for example_skip_dag to 2026-08-11 00:00:00+00:00, run_after=2026-08-12 00:00:00+00:00
[2026-08-12T05:18:13.614+0000] {processor.py:208} INFO - Processing /home/airflow/.local/lib/python3.12/site-packages/airflow/example_dags/example_skip_dag.py took 0.099 seconds
[2026-08-12T05:18:43.878+0000] {processor.py:186} INFO - Started process (PID=5723) to work on /home/airflow/.local/lib/python3.12/site-packages/airflow/example_dags/example_skip_dag.py
[2026-08-12T05:18:43.881+0000] {processor.py:914} INFO - Processing file /home/airflow/.local/lib/python3.12/site-packages/airflow/example_dags/example_skip_dag.py for tasks to queue
[2026-08-12T05:18:43.885+0000] {logging_mixin.py:190} INFO - [2026-08-12T05:18:43.885+0000] {dagbag.py:587} INFO - Filling up the DagBag from /home/airflow/.local/lib/python3.12/site-packages/airflow/example_dags/example_skip_dag.py
[2026-08-12T05:18:43.895+0000] {processor.py:925} INFO - DAG(s) 'example_skip_dag' retrieved from /home/airflow/.local/lib/python3.12/site-packages/airflow/example_dags/example_skip_dag.py
[2026-08-12T05:18:43.925+0000] {logging_mixin.py:190} INFO - [2026-08-12T05:18:43.925+0000] {dag.py:3211} INFO - Sync 1 DAGs
[2026-08-12T05:18:43.959+0000] {logging_mixin.py:190} INFO - [2026-08-12T05:18:43.958+0000] {dag.py:4138} INFO - Setting next_dagrun for example_skip_dag to 2026-08-11 00:00:00+00:00, run_after=2026-08-12 00:00:00+00:00
[2026-08-12T05:18:43.987+0000] {processor.py:208} INFO - Processing /home/airflow/.local/lib/python3.12/site-packages/airflow/example_dags/example_skip_dag.py took 0.115 seconds
[2026-08-12T05:19:14.238+0000] {processor.py:186} INFO - Started process (PID=5786) to work on /home/airflow/.local/lib/python3.12/site-packages/airflow/example_dags/example_skip_dag.py
[2026-08-12T05:19:14.241+0000] {processor.py:914} INFO - Processing file /home/airflow/.local/lib/python3.12/site-packages/airflow/example_dags/example_skip_dag.py for tasks to queue
[2026-08-12T05:19:14.246+0000] {logging_mixin.py:190} INFO - [2026-08-12T05:19:14.245+0000] {dagbag.py:587} INFO - Filling up the DagBag from /home/airflow/.local/lib/python3.12/site-packages/airflow/example_dags/example_skip_dag.py
[2026-08-12T05:19:14.255+0000] {processor.py:925} INFO - DAG(s) 'example_skip_dag' retrieved from /home/airflow/.local/lib/python3.12/site-packages/airflow/example_dags/example_skip_dag.py
[2026-08-12T05:19:14.279+0000] {logging_mixin.py:190} INFO - [2026-08-12T05:19:14.278+0000] {dag.py:3211} INFO - Sync 1 DAGs
[2026-08-12T05:19:14.305+0000] {logging_mixin.py:190} INFO - [2026-08-12T05:19:14.305+0000] {dag.py:4138} INFO - Setting next_dagrun for example_skip_dag to 2026-08-11 00:00:00+00:00, run_after=2026-08-12 00:00:00+00:00
[2026-08-12T05:19:14.329+0000] {processor.py:208} INFO - Processing /home/airflow/.local/lib/python3.12/site-packages/airflow/example_dags/example_skip_dag.py took 0.097 seconds
[2026-08-12T05:19:45.255+0000] {processor.py:186} INFO - Started process (PID=5849) to work on /home/airflow/.local/lib/python3.12/site-packages/airflow/example_dags/example_skip_dag.py
[2026-08-12T05:19:45.258+0000] {processor.py:914} INFO - Processing file /home/airflow/.local/lib/python3.12/site-packages/airflow/example_dags/example_skip_dag.py for tasks to queue
[2026-08-12T05:19:45.265+0000] {logging_mixin.py:190} INFO - [2026-08-12T05:19:45.264+0000] {dagbag.py:587} INFO - Filling up the DagBag from /home/airflow/.local/lib/python3.12/site-packages/airflow/example_dags/example_skip_dag.py
[2026-08-12T05:19:45.283+0000] {processor.py:925} INFO - DAG(s) 'example_skip_dag' retrieved from /home/airflow/.local/lib/python3.12/site-packages/airflow/example_dags/example_skip_dag.py
[2026-08-12T05:19:45.308+0000] {logging_mixin.py:190} INFO - [2026-08-12T05:19:45.307+0000] {dag.py:3211} INFO - Sync 1 DAGs
[2026-08-12T05:19:45.334+0000] {logging_mixin.py:190} INFO - [2026-08-12T05:19:45.333+0000] {dag.py:4138} INFO - Setting next_dagrun for example_skip_dag to 2026-08-11 00:00:00+00:00, run_after=2026-08-12 00:00:00+00:00
[2026-08-12T05:19:45.356+0000] {processor.py:208} INFO - Processing /home/airflow/.local/lib/python3.12/site-packages/airflow/example_dags/example_skip_dag.py took 0.114 seconds
[2026-08-12T05:20:16.060+0000] {processor.py:186} INFO - Started process (PID=5912) to work on /home/airflow/.local/lib/python3.12/site-packages/airflow/example_dags/example_skip_dag.py
[2026-08-12T05:20:16.063+0000] {processor.py:914} INFO - Processing file /home/airflow/.local/lib/python3.12/site-packages/airflow/example_dags/example_skip_dag.py for tasks to queue
[2026-08-12T05:20:16.068+0000] {logging_mixin.py:190} INFO - [2026-08-12T05:20:16.067+0000] {dagbag.py:587} INFO - Filling up the DagBag from /home/airflow/.local/lib/python3.12/site-packages/airflow/example_dags/example_skip_dag.py
[2026-08-12T05:20:16.081+0000] {processor.py:925} INFO - DAG(s) 'example_skip_dag' retrieved from /home/airflow/.local/lib/python3.12/site-packages/airflow/example_dags/example_skip_dag.py
[2026-08-12T05:20:16.111+0000] {logging_mixin.py:190} INFO - [2026-08-12T05:20:16.111+0000] {dag.py:3211} INFO - Sync 1 DAGs
[2026-08-12T05:20:16.142+0000] {logging_mixin.py:190} INFO - [2026-08-12T05:20:16.142+0000] {dag.py:4138} INFO - Setting next_dagrun for example_skip_dag to 2026-08-11 00:00:00+00:00, run_after=2026-08-12 00:00:00+00:00
[2026-08-12T05:20:16.169+0000] {processor.py:208} INFO - Processing /home/airflow/.local/lib/python3.12/site-packages/airflow/example_dags/example_skip_dag.py took 0.117 seconds
[2026-08-12T05:20:47.031+0000] {processor.py:186} INFO - Started process (PID=5975) to work on /home/airflow/.local/lib/python3.12/site-packages/airflow/example_dags/example_skip_dag.py
[2026-08-12T05:20:47.034+0000] {processor.py:914} INFO - Processing file /home/airflow/.local/lib/python3.12/site-packages/airflow/example_dags/example_skip_dag.py for tasks to queue
[2026-08-12T05:20:47.041+0000] {logging_mixin.py:190} INFO - [2026-08-12T05:20:47.040+0000] {dagbag.py:587} INFO - Filling up the DagBag from /home/airflow/.local/lib/python3.12/site-packages/airflow/example_dags/example_skip_dag.py
[2026-08-12T05:20:47.058+0000] {processor.py:925} INFO - DAG(s) 'example_skip_dag' retrieved from /home/airflow/.local/lib/python3.12/site-packages/airflow/example_dags/example_skip_dag.py
[2026-08-12T05:20:47.084+0000] {logging_mixin.py:190} INFO - [2026-08-12T05:20:47.084+0000] {dag.py:3211} INFO - Sync 1 DAGs
[2026-08-12T05:20:47.109+0000] {logging_mixin.py:190} INFO - [2026-08-12T05:20:47.109+0000] {dag.py:4138} INFO - Setting next_dagrun for example_skip_dag to 2026-08-11 00:00:00+00:00, run_after=2026-08-12 00:00:00+00:00
[2026-08-12T05:20:47.133+0000] {processor.py:208} INFO - Processing /home/airflow/.local/lib/python3.12/site-packages/airflow/example_dags/example_skip_dag.py took 0.115 seconds
[2026-08-12T05:21:17.622+0000] {processor.py:186} INFO - Started process (PID=6038) to work on /home/airflow/.local/lib/python3.12/site-packages/airflow/example_dags/example_skip_dag.py
[2026-08-12T05:21:17.624+0000] {processor.py:914} INFO - Processing file /home/airflow/.local/lib/python3.12/site-packages/airflow/example_dags/example_skip_dag.py for tasks to queue
[2026-08-12T05:21:17.628+0000] {logging_mixin.py:190} INFO - [2026-08-12T05:21:17.628+0000] {dagbag.py:587} INFO - Filling up the DagBag from /home/airflow/.local/lib/python3.12/site-packages/airflow/example_dags/example_skip_dag.py
[2026-08-12T05:21:17.640+0000] {processor.py:925} INFO - DAG(s) 'example_skip_dag' retrieved from /home/airflow/.local/lib/python3.12/site-packages/airflow/example_dags/example_skip_dag.py
[2026-08-12T05:21:17.666+0000] {logging_mixin.py:190} INFO - [2026-08-12T05:21:17.666+0000] {dag.py:3211} INFO - Sync 1 DAGs
[2026-08-12T05:21:17.695+0000] {logging_mixin.py:190} INFO - [2026-08-12T05:21:17.694+0000] {dag.py:4138} INFO - Setting next_dagrun for example_skip_dag to 2026-08-11 00:00:00+00:00, run_after=2026-08-12 00:00:00+00:00
[2026-08-12T05:21:17.716+0000] {processor.py:208} INFO - Processing /home/airflow/.local/lib/python3.12/site-packages/airflow/example_dags/example_skip_dag.py took 0.106 seconds
[2026-08-12T05:21:48.144+0000] {processor.py:186} INFO - Started process (PID=6101) to work on /home/airflow/.local/lib/python3.12/site-packages/airflow/example_dags/example_skip_dag.py
[2026-08-12T05:21:48.146+0000] {processor.py:914} INFO - Processing file /home/airflow/.local/lib/python3.12/site-packages/airflow/example_dags/example_skip_dag.py for tasks to queue
[2026-08-12T05:21:48.149+0000] {logging_mixin.py:190} INFO - [2026-08-12T05:21:48.149+0000] {dagbag.py:587} INFO - Filling up the DagBag from /home/airflow/.local/lib/python3.12/site-packages/airflow/example_dags/example_skip_dag.py
[2026-08-12T05:21:48.159+0000] {processor.py:925} INFO - DAG(s) 'example_skip_dag' retrieved from /home/airflow/.local/lib/python3.12/site-packages/airflow/example_dags/example_skip_dag.py
[2026-08-12T05:21:48.182+0000] {logging_mixin.py:190} INFO - [2026-08-12T05:21:48.181+0000] {dag.py:3211} INFO - Sync 1 DAGs
[2026-08-12T05:21:48.206+0000] {logging_mixin.py:190} INFO - [2026-08-12T05:21:48.206+0000] {dag.py:4138} INFO - Setting next_dagrun for example_skip_dag to 2026-08-11 00:00:00+00:00, run_after=2026-08-12 00:00:00+00:00
[2026-08-12T05:21:48.228+0000] {processor.py:208} INFO - Processing /home/airflow/.local/lib/python3.12/site-packages/airflow/example_dags/example_skip_dag.py took 0.090 seconds
[2026-08-12T05:22:18.809+0000] {processor.py:186} INFO - Started process (PID=6164) to work on /home/airflow/.local/lib/python3.12/site-packages/airflow/example_dags/example_skip_dag.py
[2026-08-12T05:22:18.813+0000] {processor.py:914} INFO - Processing file /home/airflow/.local/lib/python3.12/site-packages/airflow/example_dags/example_skip_dag.py for tasks to queue
[2026-08-12T05:22:18.818+0000] {logging_mixin.py:190} INFO - [2026-08-12T05:22:18.817+0000] {dagbag.py:587} INFO - Filling up the DagBag from /home/airflow/.local/lib/python3.12/site-packages/airflow/example_dags/example_skip_dag.py
[2026-08-12T05:22:18.835+0000] {processor.py:925} INFO - DAG(s) 'example_skip_dag' retrieved from /home/airflow/.local/lib/python3.12/site-packages/airflow/example_dags/example_skip_dag.py
[2026-08-12T05:22:18.863+0000] {logging_mixin.py:190} INFO - [2026-08-12T05:22:18.863+0000] {dag.py:3211} INFO - Sync 1 DAGs
[2026-08-12T05:22:18.887+0000] {logging_mixin.py:190} INFO - [2026-08-12T05:22:18.887+0000] {dag.py:4138} INFO - Setting next_dagrun for example_skip_dag to 2026-08-11 00:00:00+00:00, run_after=2026-08-12 00:00:00+00:00
[2026-08-12T05:22:18.908+0000] {processor.py:208} INFO - Processing /home/airflow/.local/lib/python3.12/site-packages/airflow/example_dags/example_skip_dag.py took 0.107 seconds
[2026-08-12T05:22:49.478+0000] {processor.py:186} INFO - Started process (PID=6227) to work on /home/airflow/.local/lib/python3.12/site-packages/airflow/example_dags/example_skip_dag.py
[2026-08-12T05:22:49.481+0000] {processor.py:914} INFO - Processing file /home/airflow/.local/lib/python3.12/site-packages/airflow/example_dags/example_skip_dag.py for tasks to queue
[2026-08-12T05:22:49.485+0000] {logging_mixin.py:190} INFO - [2026-08-12T05:22:49.484+0000] {dagbag.py:587} INFO - Filling up the DagBag from /home/airflow/.local/lib/python3.12/site-packages/airflow/example_dags/example_skip_dag.py
[2026-08-12T05:22:49.499+0000] {processor.py:925} INFO - DAG(s) 'example_skip_dag' retrieved from /home/airflow/.local/lib/python3.12/site-packages/airflow/example_dags/example_skip_dag.py
[2026-08-12T05:22:49.529+0000] {logging_mixin.py:190} INFO - [2026-08-12T05:22:49.529+0000] {dag.py:3211} INFO - Sync 1 DAGs
[2026-08-12T05:22:49.568+0000] {logging_mixin.py:190} INFO - [2026-08-12T05:22:49.568+0000] {dag.py:4138} INFO - Setting next_dagrun for example_skip_dag to 2026-08-11 00:00:00+00:00, run_after=2026-08-12 00:00:00+00:00
[2026-08-12T05:22:49.592+0000] {processor.py:208} INFO - Processing /home/airflow/.local/lib/python3.12/site-packages/airflow/example_dags/example_skip_dag.py took 0.121 seconds
[2026-08-12T05:23:20.192+0000] {processor.py:186} INFO - Started process (PID=6290) to work on /home/airflow/.local/lib/python3.12/site-packages/airflow/example_dags/example_skip_dag.py
[2026-08-12T05:23:20.195+0000] {processor.py:914} INFO - Processing file /home/airflow/.local/lib/python3.12/site-packages/airflow/example_dags/example_skip_dag.py for tasks to queue
[2026-08-12T05:23:20.199+0000] {logging_mixin.py:190} INFO - [2026-08-12T05:23:20.199+0000] {dagbag.py:587} INFO - Filling up the DagBag from /home/airflow/.local/lib/python3.12/site-packages/airflow/example_dags/example_skip_dag.py
[2026-08-12T05:23:20.212+0000] {processor.py:925} INFO - DAG(s) 'example_skip_dag' retrieved from /home/airflow/.local/lib/python3.12/site-packages/airflow/example_dags/example_skip_dag.py
[2026-08-12T05:23:20.241+0000] {logging_mixin.py:190} INFO - [2026-08-12T05:23:20.241+0000] {dag.py:3211} INFO - Sync 1 DAGs
[2026-08-12T05:23:20.267+0000] {logging_mixin.py:190} INFO - [2026-08-12T05:23:20.267+0000] {dag.py:4138} INFO - Setting next_dagrun for example_skip_dag to 2026-08-11 00:00:00+00:00, run_after=2026-08-12 00:00:00+00:00
[2026-08-12T05:23:20.298+0000] {processor.py:208} INFO - Processing /home/airflow/.local/lib/python3.12/site-packages/airflow/example_dags/example_skip_dag.py took 0.115 seconds
[2026-08-12T05:23:50.599+0000] {processor.py:186} INFO - Started process (PID=6353) to work on /home/airflow/.local/lib/python3.12/site-packages/airflow/example_dags/example_skip_dag.py
[2026-08-12T05:23:50.601+0000] {processor.py:914} INFO - Processing file /home/airflow/.local/lib/python3.12/site-packages/airflow/example_dags/example_skip_dag.py for tasks to queue
[2026-08-12T05:23:50.604+0000] {logging_mixin.py:190} INFO - [2026-08-12T05:23:50.604+0000] {dagbag.py:587} INFO - Filling up the DagBag from /home/airflow/.local/lib/python3.12/site-packages/airflow/example_dags/example_skip_dag.py
[2026-08-12T05:23:50.615+0000] {processor.py:925} INFO - DAG(s) 'example_skip_dag' retrieved from /home/airflow/.local/lib/python3.12/site-packages/airflow/example_dags/example_skip_dag.py
[2026-08-12T05:23:50.639+0000] {logging_mixin.py:190} INFO - [2026-08-12T05:23:50.639+0000] {dag.py:3211} INFO - Sync 1 DAGs
[2026-08-12T05:23:50.668+0000] {logging_mixin.py:190} INFO - [2026-08-12T05:23:50.668+0000] {dag.py:4138} INFO - Setting next_dagrun for example_skip_dag to 2026-08-11 00:00:00+00:00, run_after=2026-08-12 00:00:00+00:00
[2026-08-12T05:23:50.692+0000] {processor.py:208} INFO - Processing /home/airflow/.local/lib/python3.12/site-packages/airflow/example_dags/example_skip_dag.py took 0.101 seconds
[2026-08-12T05:24:21.564+0000] {processor.py:186} INFO - Started process (PID=6416) to work on /home/airflow/.local/lib/python3.12/site-packages/airflow/example_dags/example_skip_dag.py
[2026-08-12T05:24:21.567+0000] {processor.py:914} INFO - Processing file /home/airflow/.local/lib/python3.12/site-packages/airflow/example_dags/example_skip_dag.py for tasks to queue
[2026-08-12T05:24:21.572+0000] {logging_mixin.py:190} INFO - [2026-08-12T05:24:21.571+0000] {dagbag.py:587} INFO - Filling up the DagBag from /home/airflow/.local/lib/python3.12/site-packages/airflow/example_dags/example_skip_dag.py
[2026-08-12T05:24:21.582+0000] {processor.py:925} INFO - DAG(s) 'example_skip_dag' retrieved from /home/airflow/.local/lib/python3.12/site-packages/airflow/example_dags/example_skip_dag.py
[2026-08-12T05:24:21.608+0000] {logging_mixin.py:190} INFO - [2026-08-12T05:24:21.608+0000] {dag.py:3211} INFO - Sync 1 DAGs
[2026-08-12T05:24:21.639+0000] {logging_mixin.py:190} INFO - [2026-08-12T05:24:21.639+0000] {dag.py:4138} INFO - Setting next_dagrun for example_skip_dag to 2026-08-11 00:00:00+00:00, run_after=2026-08-12 00:00:00+00:00
[2026-08-12T05:24:21.665+0000] {processor.py:208} INFO - Processing /home/airflow/.local/lib/python3.12/site-packages/airflow/example_dags/example_skip_dag.py took 0.109 seconds
[2026-08-12T05:24:52.197+0000] {processor.py:186} INFO - Started process (PID=6480) to work on /home/airflow/.local/lib/python3.12/site-packages/airflow/example_dags/example_skip_dag.py
[2026-08-12T05:24:52.199+0000] {processor.py:914} INFO - Processing file /home/airflow/.local/lib/python3.12/site-packages/airflow/example_dags/example_skip_dag.py for tasks to queue
[2026-08-12T05:24:52.204+0000] {logging_mixin.py:190} INFO - [2026-08-12T05:24:52.203+0000] {dagbag.py:587} INFO - Filling up the DagBag from /home/airflow/.local/lib/python3.12/site-packages/airflow/example_dags/example_skip_dag.py
[2026-08-12T05:24:52.218+0000] {processor.py:925} INFO - DAG(s) 'example_skip_dag' retrieved from /home/airflow/.local/lib/python3.12/site-packages/airflow/example_dags/example_skip_dag.py
[2026-08-12T05:24:52.255+0000] {logging_mixin.py:190} INFO - [2026-08-12T05:24:52.255+0000] {dag.py:3211} INFO - Sync 1 DAGs
[2026-08-12T05:24:52.283+0000] {logging_mixin.py:190} INFO - [2026-08-12T05:24:52.282+0000] {dag.py:4138} INFO - Setting next_dagrun for example_skip_dag to 2026-08-11 00:00:00+00:00, run_after=2026-08-12 00:00:00+00:00
[2026-08-12T05:24:52.314+0000] {processor.py:208} INFO - Processing /home/airflow/.local/lib/python3.12/site-packages/airflow/example_dags/example_skip_dag.py took 0.125 seconds
[2026-08-12T05:25:22.705+0000] {processor.py:186} INFO - Started process (PID=6543) to work on /home/airflow/.local/lib/python3.12/site-packages/airflow/example_dags/example_skip_dag.py
[2026-08-12T05:25:22.707+0000] {processor.py:914} INFO - Processing file /home/airflow/.local/lib/python3.12/site-packages/airflow/example_dags/example_skip_dag.py for tasks to queue
[2026-08-12T05:25:22.713+0000] {logging_mixin.py:190} INFO - [2026-08-12T05:25:22.712+0000] {dagbag.py:587} INFO - Filling up the DagBag from /home/airflow/.local/lib/python3.12/site-packages/airflow/example_dags/example_skip_dag.py
[2026-08-12T05:25:22.728+0000] {processor.py:925} INFO - DAG(s) 'example_skip_dag' retrieved from /home/airflow/.local/lib/python3.12/site-packages/airflow/example_dags/example_skip_dag.py
[2026-08-12T05:25:22.752+0000] {logging_mixin.py:190} INFO - [2026-08-12T05:25:22.752+0000] {dag.py:3211} INFO - Sync 1 DAGs
[2026-08-12T05:25:22.778+0000] {logging_mixin.py:190} INFO - [2026-08-12T05:25:22.778+0000] {dag.py:4138} INFO - Setting next_dagrun for example_skip_dag to 2026-08-11 00:00:00+00:00, run_after=2026-08-12 00:00:00+00:00
[2026-08-12T05:25:22.802+0000] {processor.py:208} INFO - Processing /home/airflow/.local/lib/python3.12/site-packages/airflow/example_dags/example_skip_dag.py took 0.105 seconds
[2026-08-12T05:25:53.341+0000] {processor.py:186} INFO - Started process (PID=6606) to work on /home/airflow/.local/lib/python3.12/site-packages/airflow/example_dags/example_skip_dag.py
[2026-08-12T05:25:53.344+0000] {processor.py:914} INFO - Processing file /home/airflow/.local/lib/python3.12/site-packages/airflow/example_dags/example_skip_dag.py for tasks to queue
[2026-08-12T05:25:53.349+0000] {logging_mixin.py:190} INFO - [2026-08-12T05:25:53.348+0000] {dagbag.py:587} INFO - Filling up the DagBag from /home/airflow/.local/lib/python3.12/site-packages/airflow/example_dags/example_skip_dag.py
[2026-08-12T05:25:53.361+0000] {processor.py:925} INFO - DAG(s) 'example_skip_dag' retrieved from /home/airflow/.local/lib/python3.12/site-packages/airflow/example_dags/example_skip_dag.py
[2026-08-12T05:25:53.388+0000] {logging_mixin.py:190} INFO - [2026-08-12T05:25:53.388+0000] {dag.py:3211} INFO - Sync 1 DAGs
[2026-08-12T05:25:53.413+0000] {logging_mixin.py:190} INFO - [2026-08-12T05:25:53.412+0000] {dag.py:4138} INFO - Setting next_dagrun for example_skip_dag to 2026-08-11 00:00:00+00:00, run_after=2026-08-12 00:00:00+00:00
[2026-08-12T05:25:53.437+0000] {processor.py:208} INFO - Processing /home/airflow/.local/lib/python3.12/site-packages/airflow/example_dags/example_skip_dag.py took 0.106 seconds
[2026-08-12T05:26:24.443+0000] {processor.py:186} INFO - Started process (PID=6670) to work on /home/airflow/.local/lib/python3.12/site-packages/airflow/example_dags/example_skip_dag.py
[2026-08-12T05:26:24.446+0000] {processor.py:914} INFO - Processing file /home/airflow/.local/lib/python3.12/site-packages/airflow/example_dags/example_skip_dag.py for tasks to queue
[2026-08-12T05:26:24.450+0000] {logging_mixin.py:190} INFO - [2026-08-12T05:26:24.449+0000] {dagbag.py:587} INFO - Filling up the DagBag from /home/airflow/.local/lib/python3.12/site-packages/airflow/example_dags/example_skip_dag.py
[2026-08-12T05:26:24.461+0000] {processor.py:925} INFO - DAG(s) 'example_skip_dag' retrieved from /home/airflow/.local/lib/python3.12/site-packages/airflow/example_dags/example_skip_dag.py
[2026-08-12T05:26:24.492+0000] {logging_mixin.py:190} INFO - [2026-08-12T05:26:24.491+0000] {dag.py:3211} INFO - Sync 1 DAGs
[2026-08-12T05:26:24.521+0000] {logging_mixin.py:190} INFO - [2026-08-12T05:26:24.521+0000] {dag.py:4138} INFO - Setting next_dagrun for example_skip_dag to 2026-08-11 00:00:00+00:00, run_after=2026-08-12 00:00:00+00:00
[2026-08-12T05:26:24.547+0000] {processor.py:208} INFO - Processing /home/airflow/.local/lib/python3.12/site-packages/airflow/example_dags/example_skip_dag.py took 0.112 seconds
[2026-08-12T05:26:54.689+0000] {processor.py:186} INFO - Started process (PID=6733) to work on /home/airflow/.local/lib/python3.12/site-packages/airflow/example_dags/example_skip_dag.py
[2026-08-12T05:26:54.692+0000] {processor.py:914} INFO - Processing file /home/airflow/.local/lib/python3.12/site-packages/airflow/example_dags/example_skip_dag.py for tasks to queue
[2026-08-12T05:26:54.696+0000] {logging_mixin.py:190} INFO - [2026-08-12T05:26:54.696+0000] {dagbag.py:587} INFO - Filling up the DagBag from /home/airflow/.local/lib/python3.12/site-packages/airflow/example_dags/example_skip_dag.py
[2026-08-12T05:26:54.707+0000] {processor.py:925} INFO - DAG(s) 'example_skip_dag' retrieved from /home/airflow/.local/lib/python3.12/site-packages/airflow/example_dags/example_skip_dag.py
[2026-08-12T05:26:54.739+0000] {logging_mixin.py:190} INFO - [2026-08-12T05:26:54.739+0000] {dag.py:3211} INFO - Sync 1 DAGs
[2026-08-12T05:26:54.774+0000] {logging_mixin.py:190} INFO - [2026-08-12T05:26:54.774+0000] {dag.py:4138} INFO - Setting next_dagrun for example_skip_dag to 2026-08-11 00:00:00+00:00, run_after=2026-08-12 00:00:00+00:00
[2026-08-12T05:26:54.806+0000] {processor.py:208} INFO - Processing /home/airflow/.local/lib/python3.12/site-packages/airflow/example_dags/example_skip_dag.py took 0.126 seconds
[2026-08-12T05:27:25.606+0000] {processor.py:186} INFO - Started process (PID=6796) to work on /home/airflow/.local/lib/python3.12/site-packages/airflow/example_dags/example_skip_dag.py
[2026-08-12T05:27:25.608+0000] {processor.py:914} INFO - Processing file /home/airflow/.local/lib/python3.12/site-packages/airflow/example_dags/example_skip_dag.py for tasks to queue
[2026-08-12T05:27:25.613+0000] {logging_mixin.py:190} INFO - [2026-08-12T05:27:25.612+0000] {dagbag.py:587} INFO - Filling up the DagBag from /home/airflow/.local/lib/python3.12/site-packages/airflow/example_dags/example_skip_dag.py
[2026-08-12T05:27:25.626+0000] {processor.py:925} INFO - DAG(s) 'example_skip_dag' retrieved from /home/airflow/.local/lib/python3.12/site-packages/airflow/example_dags/example_skip_dag.py
[2026-08-12T05:27:25.657+0000] {logging_mixin.py:190} INFO - [2026-08-12T05:27:25.657+0000] {dag.py:3211} INFO - Sync 1 DAGs
[2026-08-12T05:27:25.689+0000] {logging_mixin.py:190} INFO - [2026-08-12T05:27:25.688+0000] {dag.py:4138} INFO - Setting next_dagrun for example_skip_dag to 2026-08-11 00:00:00+00:00, run_after=2026-08-12 00:00:00+00:00
[2026-08-12T05:27:25.714+0000] {processor.py:208} INFO - Processing /home/airflow/.local/lib/python3.12/site-packages/airflow/example_dags/example_skip_dag.py took 0.118 seconds
[2026-08-12T05:27:56.469+0000] {processor.py:186} INFO - Started process (PID=6859) to work on /home/airflow/.local/lib/python3.12/site-packages/airflow/example_dags/example_skip_dag.py
[2026-08-12T05:27:56.471+0000] {processor.py:914} INFO - Processing file /home/airflow/.local/lib/python3.12/site-packages/airflow/example_dags/example_skip_dag.py for tasks to queue
[2026-08-12T05:27:56.475+0000] {logging_mixin.py:190} INFO - [2026-08-12T05:27:56.475+0000] {dagbag.py:587} INFO - Filling up the DagBag from /home/airflow/.local/lib/python3.12/site-packages/airflow/example_dags/example_skip_dag.py
[2026-08-12T05:27:56.489+0000] {processor.py:925} INFO - DAG(s) 'example_skip_dag' retrieved from /home/airflow/.local/lib/python3.12/site-packages/airflow/example_dags/example_skip_dag.py
[2026-08-12T05:27:56.517+0000] {logging_mixin.py:190} INFO - [2026-08-12T05:27:56.517+0000] {dag.py:3211} INFO - Sync 1 DAGs
[2026-08-12T05:27:56.550+0000] {logging_mixin.py:190} INFO - [2026-08-12T05:27:56.550+0000] {dag.py:4138} INFO - Setting next_dagrun for example_skip_dag to 2026-08-11 00:00:00+00:00, run_after=2026-08-12 00:00:00+00:00
[2026-08-12T05:27:56.576+0000] {processor.py:208} INFO - Processing /home/airflow/.local/lib/python3.12/site-packages/airflow/example_dags/example_skip_dag.py took 0.115 seconds
[2026-08-12T05:28:27.212+0000] {processor.py:186} INFO - Started process (PID=6922) to work on /home/airflow/.local/lib/python3.12/site-packages/airflow/example_dags/example_skip_dag.py
[2026-08-12T05:28:27.214+0000] {processor.py:914} INFO - Processing file /home/airflow/.local/lib/python3.12/site-packages/airflow/example_dags/example_skip_dag.py for tasks to queue
[2026-08-12T05:28:27.219+0000] {logging_mixin.py:190} INFO - [2026-08-12T05:28:27.218+0000] {dagbag.py:587} INFO - Filling up the DagBag from /home/airflow/.local/lib/python3.12/site-packages/airflow/example_dags/example_skip_dag.py
[2026-08-12T05:28:27.230+0000] {processor.py:925} INFO - DAG(s) 'example_skip_dag' retrieved from /home/airflow/.local/lib/python3.12/site-packages/airflow/example_dags/example_skip_dag.py
[2026-08-12T05:28:27.259+0000] {logging_mixin.py:190} INFO - [2026-08-12T05:28:27.258+0000] {dag.py:3211} INFO - Sync 1 DAGs
[2026-08-12T05:28:27.293+0000] {logging_mixin.py:190} INFO - [2026-08-12T05:28:27.293+0000] {dag.py:4138} INFO - Setting next_dagrun for example_skip_dag to 2026-08-11 00:00:00+00:00, run_after=2026-08-12 00:00:00+00:00
[2026-08-12T05:28:27.325+0000] {processor.py:208} INFO - Processing /home/airflow/.local/lib/python3.12/site-packages/airflow/example_dags/example_skip_dag.py took 0.121 seconds
[2026-08-12T05:28:58.077+0000] {processor.py:186} INFO - Started process (PID=6985) to work on /home/airflow/.local/lib/python3.12/site-packages/airflow/example_dags/example_skip_dag.py
[2026-08-12T05:28:58.080+0000] {processor.py:914} INFO - Processing file /home/airflow/.local/lib/python3.12/site-packages/airflow/example_dags/example_skip_dag.py for tasks to queue
[2026-08-12T05:28:58.084+0000] {logging_mixin.py:190} INFO - [2026-08-12T05:28:58.084+0000] {dagbag.py:587} INFO - Filling up the DagBag from /home/airflow/.local/lib/python3.12/site-packages/airflow/example_dags/example_skip_dag.py
[2026-08-12T05:28:58.096+0000] {processor.py:925} INFO - DAG(s) 'example_skip_dag' retrieved from /home/airflow/.local/lib/python3.12/site-packages/airflow/example_dags/example_skip_dag.py
[2026-08-12T05:28:58.126+0000] {logging_mixin.py:190} INFO - [2026-08-12T05:28:58.125+0000] {dag.py:3211} INFO - Sync 1 DAGs
[2026-08-12T05:28:58.154+0000] {logging_mixin.py:190} INFO - [2026-08-12T05:28:58.154+0000] {dag.py:4138} INFO - Setting next_dagrun for example_skip_dag to 2026-08-11 00:00:00+00:00, run_after=2026-08-12 00:00:00+00:00
[2026-08-12T05:28:58.179+0000] {processor.py:208} INFO - Processing /home/airflow/.local/lib/python3.12/site-packages/airflow/example_dags/example_skip_dag.py took 0.109 seconds
[2026-08-12T05:29:28.638+0000] {processor.py:186} INFO - Started process (PID=7048) to work on /home/airflow/.local/lib/python3.12/site-packages/airflow/example_dags/example_skip_dag.py
[2026-08-12T05:29:28.640+0000] {processor.py:914} INFO - Processing file /home/airflow/.local/lib/python3.12/site-packages/airflow/example_dags/example_skip_dag.py for tasks to queue
[2026-08-12T05:29:28.646+0000] {logging_mixin.py:190} INFO - [2026-08-12T05:29:28.644+0000] {dagbag.py:587} INFO - Filling up the DagBag from /home/airflow/.local/lib/python3.12/site-packages/airflow/example_dags/example_skip_dag.py
[2026-08-12T05:29:28.659+0000] {processor.py:925} INFO - DAG(s) 'example_skip_dag' retrieved from /home/airflow/.local/lib/python3.12/site-packages/airflow/example_dags/example_skip_dag.py
[2026-08-12T05:29:28.697+0000] {logging_mixin.py:190} INFO - [2026-08-12T05:29:28.697+0000] {dag.py:3211} INFO - Sync 1 DAGs
[2026-08-12T05:29:28.730+0000] {logging_mixin.py:190} INFO - [2026-08-12T05:29:28.730+0000] {dag.py:4138} INFO - Setting next_dagrun for example_skip_dag to 2026-08-11 00:00:00+00:00, run_after=2026-08-12 00:00:00+00:00
[2026-08-12T05:29:28.757+0000] {processor.py:208} INFO - Processing /home/airflow/.local/lib/python3.12/site-packages/airflow/example_dags/example_skip_dag.py took 0.127 seconds
[2026-08-12T05:29:59.176+0000] {processor.py:186} INFO - Started process (PID=7111) to work on /home/airflow/.local/lib/python3.12/site-packages/airflow/example_dags/example_skip_dag.py
[2026-08-12T05:29:59.179+0000] {processor.py:914} INFO - Processing file /home/airflow/.local/lib/python3.12/site-packages/airflow/example_dags/example_skip_dag.py for tasks to queue
[2026-08-12T05:29:59.183+0000] {logging_mixin.py:190} INFO - [2026-08-12T05:29:59.182+0000] {dagbag.py:587} INFO - Filling up the DagBag from /home/airflow/.local/lib/python3.12/site-packages/airflow/example_dags/example_skip_dag.py
[2026-08-12T05:29:59.195+0000] {processor.py:925} INFO - DAG(s) 'example_skip_dag' retrieved from /home/airflow/.local/lib/python3.12/site-packages/airflow/example_dags/example_skip_dag.py
[2026-08-12T05:29:59.228+0000] {logging_mixin.py:190} INFO - [2026-08-12T05:29:59.228+0000] {dag.py:3211} INFO - Sync 1 DAGs
[2026-08-12T05:29:59.258+0000] {logging_mixin.py:190} INFO - [2026-08-12T05:29:59.257+0000] {dag.py:4138} INFO - Setting next_dagrun for example_skip_dag to 2026-08-11 00:00:00+00:00, run_after=2026-08-12 00:00:00+00:00
[2026-08-12T05:29:59.286+0000] {processor.py:208} INFO - Processing /home/airflow/.local/lib/python3.12/site-packages/airflow/example_dags/example_skip_dag.py took 0.117 seconds
[2026-08-12T05:30:29.827+0000] {processor.py:186} INFO - Started process (PID=7174) to work on /home/airflow/.local/lib/python3.12/site-packages/airflow/example_dags/example_skip_dag.py
[2026-08-12T05:30:29.829+0000] {processor.py:914} INFO - Processing file /home/airflow/.local/lib/python3.12/site-packages/airflow/example_dags/example_skip_dag.py for tasks to queue
[2026-08-12T05:30:29.833+0000] {logging_mixin.py:190} INFO - [2026-08-12T05:30:29.833+0000] {dagbag.py:587} INFO - Filling up the DagBag from /home/airflow/.local/lib/python3.12/site-packages/airflow/example_dags/example_skip_dag.py
[2026-08-12T05:30:29.849+0000] {processor.py:925} INFO - DAG(s) 'example_skip_dag' retrieved from /home/airflow/.local/lib/python3.12/site-packages/airflow/example_dags/example_skip_dag.py
[2026-08-12T05:30:29.881+0000] {logging_mixin.py:190} INFO - [2026-08-12T05:30:29.880+0000] {dag.py:3211} INFO - Sync 1 DAGs
[2026-08-12T05:30:29.919+0000] {logging_mixin.py:190} INFO - [2026-08-12T05:30:29.919+0000] {dag.py:4138} INFO - Setting next_dagrun for example_skip_dag to 2026-08-11 00:00:00+00:00, run_after=2026-08-12 00:00:00+00:00
[2026-08-12T05:30:29.953+0000] {processor.py:208} INFO - Processing /home/airflow/.local/lib/python3.12/site-packages/airflow/example_dags/example_skip_dag.py took 0.135 seconds
[2026-08-12T05:31:00.575+0000] {processor.py:186} INFO - Started process (PID=7237) to work on /home/airflow/.local/lib/python3.12/site-packages/airflow/example_dags/example_skip_dag.py
[2026-08-12T05:31:00.578+0000] {processor.py:914} INFO - Processing file /home/airflow/.local/lib/python3.12/site-packages/airflow/example_dags/example_skip_dag.py for tasks to queue
[2026-08-12T05:31:00.583+0000] {logging_mixin.py:190} INFO - [2026-08-12T05:31:00.582+0000] {dagbag.py:587} INFO - Filling up the DagBag from /home/airflow/.local/lib/python3.12/site-packages/airflow/example_dags/example_skip_dag.py
[2026-08-12T05:31:00.598+0000] {processor.py:925} INFO - DAG(s) 'example_skip_dag' retrieved from /home/airflow/.local/lib/python3.12/site-packages/airflow/example_dags/example_skip_dag.py
[2026-08-12T05:31:00.623+0000] {logging_mixin.py:190} INFO - [2026-08-12T05:31:00.623+0000] {dag.py:3211} INFO - Sync 1 DAGs
[2026-08-12T05:31:00.650+0000] {logging_mixin.py:190} INFO - [2026-08-12T05:31:00.650+0000] {dag.py:4138} INFO - Setting next_dagrun for example_skip_dag to 2026-08-11 00:00:00+00:00, run_after=2026-08-12 00:00:00+00:00
[2026-08-12T05:31:00.674+0000] {processor.py:208} INFO - Processing /home/airflow/.local/lib/python3.12/site-packages/airflow/example_dags/example_skip_dag.py took 0.105 seconds
[2026-08-12T05:31:31.511+0000] {processor.py:186} INFO - Started process (PID=7300) to work on /home/airflow/.local/lib/python3.12/site-packages/airflow/example_dags/example_skip_dag.py
[2026-08-12T05:31:31.514+0000] {processor.py:914} INFO - Processing file /home/airflow/.local/lib/python3.12/site-packages/airflow/example_dags/example_skip_dag.py for tasks to queue
[2026-08-12T05:31:31.522+0000] {logging_mixin.py:190} INFO - [2026-08-12T05:31:31.521+0000] {dagbag.py:587} INFO - Filling up the DagBag from /home/airflow/.local/lib/python3.12/site-packages/airflow/example_dags/example_skip_dag.py
[2026-08-12T05:31:31.536+0000] {processor.py:925} INFO - DAG(s) 'example_skip_dag' retrieved from /home/airflow/.local/lib/python3.12/site-packages/airflow/example_dags/example_skip_dag.py
[2026-08-12T05:31:31.568+0000] {logging_mixin.py:190} INFO - [2026-08-12T05:31:31.568+0000] {dag.py:3211} INFO - Sync 1 DAGs
[2026-08-12T05:31:31.594+0000] {logging_mixin.py:190} INFO - [2026-08-12T05:31:31.594+0000] {dag.py:4138} INFO - Setting next_dagrun for example_skip_dag to 2026-08-11 00:00:00+00:00, run_after=2026-08-12 00:00:00+00:00
[2026-08-12T05:31:31.618+0000] {processor.py:208} INFO - Processing /home/airflow/.local/lib/python3.12/site-packages/airflow/example_dags/example_skip_dag.py took 0.115 seconds
[2026-08-12T05:32:02.181+0000] {processor.py:186} INFO - Started process (PID=7369) to work on /home/airflow/.local/lib/python3.12/site-packages/airflow/example_dags/example_skip_dag.py
[2026-08-12T05:32:02.183+0000] {processor.py:914} INFO - Processing file /home/airflow/.local/lib/python3.12/site-packages/airflow/example_dags/example_skip_dag.py for tasks to queue
[2026-08-12T05:32:02.190+0000] {logging_mixin.py:190} INFO - [2026-08-12T05:32:02.189+0000] {dagbag.py:587} INFO - Filling up the DagBag from /home/airflow/.local/lib/python3.12/site-packages/airflow/example_dags/example_skip_dag.py
[2026-08-12T05:32:02.220+0000] {processor.py:925} INFO - DAG(s) 'example_skip_dag' retrieved from /home/airflow/.local/lib/python3.12/site-packages/airflow/example_dags/example_skip_dag.py
[2026-08-12T05:32:02.262+0000] {logging_mixin.py:190} INFO - [2026-08-12T05:32:02.262+0000] {dag.py:3211} INFO - Sync 1 DAGs
[2026-08-12T05:32:02.290+0000] {logging_mixin.py:190} INFO - [2026-08-12T05:32:02.289+0000] {dag.py:4138} INFO - Setting next_dagrun for example_skip_dag to 2026-08-11 00:00:00+00:00, run_after=2026-08-12 00:00:00+00:00
[2026-08-12T05:32:02.310+0000] {processor.py:208} INFO - Processing /home/airflow/.local/lib/python3.12/site-packages/airflow/example_dags/example_skip_dag.py took 0.137 seconds
[2026-08-12T05:32:32.612+0000] {processor.py:186} INFO - Started process (PID=7432) to work on /home/airflow/.local/lib/python3.12/site-packages/airflow/example_dags/example_skip_dag.py
[2026-08-12T05:32:32.614+0000] {processor.py:914} INFO - Processing file /home/airflow/.local/lib/python3.12/site-packages/airflow/example_dags/example_skip_dag.py for tasks to queue
[2026-08-12T05:32:32.621+0000] {logging_mixin.py:190} INFO - [2026-08-12T05:32:32.620+0000] {dagbag.py:587} INFO - Filling up the DagBag from /home/airflow/.local/lib/python3.12/site-packages/airflow/example_dags/example_skip_dag.py
[2026-08-12T05:32:32.634+0000] {processor.py:925} INFO - DAG(s) 'example_skip_dag' retrieved from /home/airflow/.local/lib/python3.12/site-packages/airflow/example_dags/example_skip_dag.py
[2026-08-12T05:32:32.670+0000] {logging_mixin.py:190} INFO - [2026-08-12T05:32:32.669+0000] {dag.py:3211} INFO - Sync 1 DAGs
[2026-08-12T05:32:32.703+0000] {logging_mixin.py:190} INFO - [2026-08-12T05:32:32.703+0000] {dag.py:4138} INFO - Setting next_dagrun for example_skip_dag to 2026-08-11 00:00:00+00:00, run_after=2026-08-12 00:00:00+00:00
[2026-08-12T05:32:32.738+0000] {processor.py:208} INFO - Processing /home/airflow/.local/lib/python3.12/site-packages/airflow/example_dags/example_skip_dag.py took 0.134 seconds
[2026-08-12T05:33:03.411+0000] {processor.py:186} INFO - Started process (PID=7495) to work on /home/airflow/.local/lib/python3.12/site-packages/airflow/example_dags/example_skip_dag.py
[2026-08-12T05:33:03.415+0000] {processor.py:914} INFO - Processing file /home/airflow/.local/lib/python3.12/site-packages/airflow/example_dags/example_skip_dag.py for tasks to queue
[2026-08-12T05:33:03.430+0000] {logging_mixin.py:190} INFO - [2026-08-12T05:33:03.428+0000] {dagbag.py:587} INFO - Filling up the DagBag from /home/airflow/.local/lib/python3.12/site-packages/airflow/example_dags/example_skip_dag.py
[2026-08-12T05:33:03.448+0000] {processor.py:925} INFO - DAG(s) 'example_skip_dag' retrieved from /home/airflow/.local/lib/python3.12/site-packages/airflow/example_dags/example_skip_dag.py
[2026-08-12T05:33:03.483+0000] {logging_mixin.py:190} INFO - [2026-08-12T05:33:03.483+0000] {dag.py:3211} INFO - Sync 1 DAGs
[2026-08-12T05:33:03.519+0000] {logging_mixin.py:190} INFO - [2026-08-12T05:33:03.519+0000] {dag.py:4138} INFO - Setting next_dagrun for example_skip_dag to 2026-08-11 00:00:00+00:00, run_after=2026-08-12 00:00:00+00:00
[2026-08-12T05:33:03.541+0000] {processor.py:208} INFO - Processing /home/airflow/.local/lib/python3.12/site-packages/airflow/example_dags/example_skip_dag.py took 0.143 seconds
[2026-08-12T05:33:34.247+0000] {processor.py:186} INFO - Started process (PID=7558) to work on /home/airflow/.local/lib/python3.12/site-packages/airflow/example_dags/example_skip_dag.py
[2026-08-12T05:33:34.251+0000] {processor.py:914} INFO - Processing file /home/airflow/.local/lib/python3.12/site-packages/airflow/example_dags/example_skip_dag.py for tasks to queue
[2026-08-12T05:33:34.256+0000] {logging_mixin.py:190} INFO - [2026-08-12T05:33:34.255+0000] {dagbag.py:587} INFO - Filling up the DagBag from /home/airflow/.local/lib/python3.12/site-packages/airflow/example_dags/example_skip_dag.py
[2026-08-12T05:33:34.272+0000] {processor.py:925} INFO - DAG(s) 'example_skip_dag' retrieved from /home/airflow/.local/lib/python3.12/site-packages/airflow/example_dags/example_skip_dag.py
[2026-08-12T05:33:34.306+0000] {logging_mixin.py:190} INFO - [2026-08-12T05:33:34.306+0000] {dag.py:3211} INFO - Sync 1 DAGs
[2026-08-12T05:33:34.340+0000] {logging_mixin.py:190} INFO - [2026-08-12T05:33:34.340+0000] {dag.py:4138} INFO - Setting next_dagrun for example_skip_dag to 2026-08-11 00:00:00+00:00, run_after=2026-08-12 00:00:00+00:00
[2026-08-12T05:33:34.372+0000] {processor.py:208} INFO - Processing /home/airflow/.local/lib/python3.12/site-packages/airflow/example_dags/example_skip_dag.py took 0.136 seconds
[2026-08-12T05:34:04.656+0000] {processor.py:186} INFO - Started process (PID=7621) to work on /home/airflow/.local/lib/python3.12/site-packages/airflow/example_dags/example_skip_dag.py
[2026-08-12T05:34:04.660+0000] {processor.py:914} INFO - Processing file /home/airflow/.local/lib/python3.12/site-packages/airflow/example_dags/example_skip_dag.py for tasks to queue
[2026-08-12T05:34:04.666+0000] {logging_mixin.py:190} INFO - [2026-08-12T05:34:04.666+0000] {dagbag.py:587} INFO - Filling up the DagBag from /home/airflow/.local/lib/python3.12/site-packages/airflow/example_dags/example_skip_dag.py
[2026-08-12T05:34:04.687+0000] {processor.py:925} INFO - DAG(s) 'example_skip_dag' retrieved from /home/airflow/.local/lib/python3.12/site-packages/airflow/example_dags/example_skip_dag.py
[2026-08-12T05:34:04.717+0000] {logging_mixin.py:190} INFO - [2026-08-12T05:34:04.716+0000] {dag.py:3211} INFO - Sync 1 DAGs
[2026-08-12T05:34:04.749+0000] {logging_mixin.py:190} INFO - [2026-08-12T05:34:04.748+0000] {dag.py:4138} INFO - Setting next_dagrun for example_skip_dag to 2026-08-11 00:00:00+00:00, run_after=2026-08-12 00:00:00+00:00
[2026-08-12T05:34:04.774+0000] {processor.py:208} INFO - Processing /home/airflow/.local/lib/python3.12/site-packages/airflow/example_dags/example_skip_dag.py took 0.131 seconds
[2026-08-12T05:34:35.451+0000] {processor.py:186} INFO - Started process (PID=7684) to work on /home/airflow/.local/lib/python3.12/site-packages/airflow/example_dags/example_skip_dag.py
[2026-08-12T05:34:35.454+0000] {processor.py:914} INFO - Processing file /home/airflow/.local/lib/python3.12/site-packages/airflow/example_dags/example_skip_dag.py for tasks to queue
[2026-08-12T05:34:35.459+0000] {logging_mixin.py:190} INFO - [2026-08-12T05:34:35.458+0000] {dagbag.py:587} INFO - Filling up the DagBag from /home/airflow/.local/lib/python3.12/site-packages/airflow/example_dags/example_skip_dag.py
[2026-08-12T05:34:35.472+0000] {processor.py:925} INFO - DAG(s) 'example_skip_dag' retrieved from /home/airflow/.local/lib/python3.12/site-packages/airflow/example_dags/example_skip_dag.py
[2026-08-12T05:34:35.497+0000] {logging_mixin.py:190} INFO - [2026-08-12T05:34:35.497+0000] {dag.py:3211} INFO - Sync 1 DAGs
[2026-08-12T05:34:35.522+0000] {logging_mixin.py:190} INFO - [2026-08-12T05:34:35.522+0000] {dag.py:4138} INFO - Setting next_dagrun for example_skip_dag to 2026-08-11 00:00:00+00:00, run_after=2026-08-12 00:00:00+00:00
[2026-08-12T05:34:35.546+0000] {processor.py:208} INFO - Processing /home/airflow/.local/lib/python3.12/site-packages/airflow/example_dags/example_skip_dag.py took 0.101 seconds
[2026-08-12T05:35:05.907+0000] {processor.py:186} INFO - Started process (PID=7747) to work on /home/airflow/.local/lib/python3.12/site-packages/airflow/example_dags/example_skip_dag.py
[2026-08-12T05:35:05.910+0000] {processor.py:914} INFO - Processing file /home/airflow/.local/lib/python3.12/site-packages/airflow/example_dags/example_skip_dag.py for tasks to queue
[2026-08-12T05:35:05.923+0000] {logging_mixin.py:190} INFO - [2026-08-12T05:35:05.921+0000] {dagbag.py:587} INFO - Filling up the DagBag from /home/airflow/.local/lib/python3.12/site-packages/airflow/example_dags/example_skip_dag.py
[2026-08-12T05:35:05.951+0000] {processor.py:925} INFO - DAG(s) 'example_skip_dag' retrieved from /home/airflow/.local/lib/python3.12/site-packages/airflow/example_dags/example_skip_dag.py
[2026-08-12T05:35:05.990+0000] {logging_mixin.py:190} INFO - [2026-08-12T05:35:05.990+0000] {dag.py:3211} INFO - Sync 1 DAGs
[2026-08-12T05:35:06.018+0000] {logging_mixin.py:190} INFO - [2026-08-12T05:35:06.018+0000] {dag.py:4138} INFO - Setting next_dagrun for example_skip_dag to 2026-08-11 00:00:00+00:00, run_after=2026-08-12 00:00:00+00:00
[2026-08-12T05:35:06.042+0000] {processor.py:208} INFO - Processing /home/airflow/.local/lib/python3.12/site-packages/airflow/example_dags/example_skip_dag.py took 0.155 seconds
[2026-08-12T05:35:36.243+0000] {processor.py:186} INFO - Started process (PID=7810) to work on /home/airflow/.local/lib/python3.12/site-packages/airflow/example_dags/example_skip_dag.py
[2026-08-12T05:35:36.245+0000] {processor.py:914} INFO - Processing file /home/airflow/.local/lib/python3.12/site-packages/airflow/example_dags/example_skip_dag.py for tasks to queue
[2026-08-12T05:35:36.253+0000] {logging_mixin.py:190} INFO - [2026-08-12T05:35:36.252+0000] {dagbag.py:587} INFO - Filling up the DagBag from /home/airflow/.local/lib/python3.12/site-packages/airflow/example_dags/example_skip_dag.py
[2026-08-12T05:35:36.269+0000] {processor.py:925} INFO - DAG(s) 'example_skip_dag' retrieved from /home/airflow/.local/lib/python3.12/site-packages/airflow/example_dags/example_skip_dag.py
[2026-08-12T05:35:36.295+0000] {logging_mixin.py:190} INFO - [2026-08-12T05:35:36.295+0000] {dag.py:3211} INFO - Sync 1 DAGs
[2026-08-12T05:35:36.325+0000] {logging_mixin.py:190} INFO - [2026-08-12T05:35:36.325+0000] {dag.py:4138} INFO - Setting next_dagrun for example_skip_dag to 2026-08-11 00:00:00+00:00, run_after=2026-08-12 00:00:00+00:00
[2026-08-12T05:35:36.349+0000] {processor.py:208} INFO - Processing /home/airflow/.local/lib/python3.12/site-packages/airflow/example_dags/example_skip_dag.py took 0.112 seconds
[2026-08-12T05:36:06.522+0000] {processor.py:186} INFO - Started process (PID=7873) to work on /home/airflow/.local/lib/python3.12/site-packages/airflow/example_dags/example_skip_dag.py
[2026-08-12T05:36:06.524+0000] {processor.py:914} INFO - Processing file /home/airflow/.local/lib/python3.12/site-packages/airflow/example_dags/example_skip_dag.py for tasks to queue
[2026-08-12T05:36:06.530+0000] {logging_mixin.py:190} INFO - [2026-08-12T05:36:06.530+0000] {dagbag.py:587} INFO - Filling up the DagBag from /home/airflow/.local/lib/python3.12/site-packages/airflow/example_dags/example_skip_dag.py
[2026-08-12T05:36:06.540+0000] {processor.py:925} INFO - DAG(s) 'example_skip_dag' retrieved from /home/airflow/.local/lib/python3.12/site-packages/airflow/example_dags/example_skip_dag.py
[2026-08-12T05:36:06.563+0000] {logging_mixin.py:190} INFO - [2026-08-12T05:36:06.563+0000] {dag.py:3211} INFO - Sync 1 DAGs
[2026-08-12T05:36:06.587+0000] {logging_mixin.py:190} INFO - [2026-08-12T05:36:06.587+0000] {dag.py:4138} INFO - Setting next_dagrun for example_skip_dag to 2026-08-11 00:00:00+00:00, run_after=2026-08-12 00:00:00+00:00
[2026-08-12T05:36:06.616+0000] {processor.py:208} INFO - Processing /home/airflow/.local/lib/python3.12/site-packages/airflow/example_dags/example_skip_dag.py took 0.099 seconds
[2026-08-12T05:36:37.232+0000] {processor.py:186} INFO - Started process (PID=7937) to work on /home/airflow/.local/lib/python3.12/site-packages/airflow/example_dags/example_skip_dag.py
[2026-08-12T05:36:37.236+0000] {processor.py:914} INFO - Processing file /home/airflow/.local/lib/python3.12/site-packages/airflow/example_dags/example_skip_dag.py for tasks to queue
[2026-08-12T05:36:37.241+0000] {logging_mixin.py:190} INFO - [2026-08-12T05:36:37.240+0000] {dagbag.py:587} INFO - Filling up the DagBag from /home/airflow/.local/lib/python3.12/site-packages/airflow/example_dags/example_skip_dag.py
[2026-08-12T05:36:37.252+0000] {processor.py:925} INFO - DAG(s) 'example_skip_dag' retrieved from /home/airflow/.local/lib/python3.12/site-packages/airflow/example_dags/example_skip_dag.py
[2026-08-12T05:36:37.275+0000] {logging_mixin.py:190} INFO - [2026-08-12T05:36:37.275+0000] {dag.py:3211} INFO - Sync 1 DAGs
[2026-08-12T05:36:37.302+0000] {logging_mixin.py:190} INFO - [2026-08-12T05:36:37.302+0000] {dag.py:4138} INFO - Setting next_dagrun for example_skip_dag to 2026-08-11 00:00:00+00:00, run_after=2026-08-12 00:00:00+00:00
[2026-08-12T05:36:37.327+0000] {processor.py:208} INFO - Processing /home/airflow/.local/lib/python3.12/site-packages/airflow/example_dags/example_skip_dag.py took 0.103 seconds
[2026-08-12T05:37:08.199+0000] {processor.py:186} INFO - Started process (PID=8000) to work on /home/airflow/.local/lib/python3.12/site-packages/airflow/example_dags/example_skip_dag.py
[2026-08-12T05:37:08.203+0000] {processor.py:914} INFO - Processing file /home/airflow/.local/lib/python3.12/site-packages/airflow/example_dags/example_skip_dag.py for tasks to queue
[2026-08-12T05:37:08.208+0000] {logging_mixin.py:190} INFO - [2026-08-12T05:37:08.207+0000] {dagbag.py:587} INFO - Filling up the DagBag from /home/airflow/.local/lib/python3.12/site-packages/airflow/example_dags/example_skip_dag.py
[2026-08-12T05:37:08.221+0000] {processor.py:925} INFO - DAG(s) 'example_skip_dag' retrieved from /home/airflow/.local/lib/python3.12/site-packages/airflow/example_dags/example_skip_dag.py
[2026-08-12T05:37:08.245+0000] {logging_mixin.py:190} INFO - [2026-08-12T05:37:08.244+0000] {dag.py:3211} INFO - Sync 1 DAGs
[2026-08-12T05:37:08.274+0000] {logging_mixin.py:190} INFO - [2026-08-12T05:37:08.273+0000] {dag.py:4138} INFO - Setting next_dagrun for example_skip_dag to 2026-08-11 00:00:00+00:00, run_after=2026-08-12 00:00:00+00:00
[2026-08-12T05:37:08.298+0000] {processor.py:208} INFO - Processing /home/airflow/.local/lib/python3.12/site-packages/airflow/example_dags/example_skip_dag.py took 0.108 seconds
[2026-08-12T05:37:39.067+0000] {processor.py:186} INFO - Started process (PID=8063) to work on /home/airflow/.local/lib/python3.12/site-packages/airflow/example_dags/example_skip_dag.py
[2026-08-12T05:37:39.070+0000] {processor.py:914} INFO - Processing file /home/airflow/.local/lib/python3.12/site-packages/airflow/example_dags/example_skip_dag.py for tasks to queue
[2026-08-12T05:37:39.074+0000] {logging_mixin.py:190} INFO - [2026-08-12T05:37:39.074+0000] {dagbag.py:587} INFO - Filling up the DagBag from /home/airflow/.local/lib/python3.12/site-packages/airflow/example_dags/example_skip_dag.py
[2026-08-12T05:37:39.088+0000] {processor.py:925} INFO - DAG(s) 'example_skip_dag' retrieved from /home/airflow/.local/lib/python3.12/site-packages/airflow/example_dags/example_skip_dag.py
[2026-08-12T05:37:39.111+0000] {logging_mixin.py:190} INFO - [2026-08-12T05:37:39.111+0000] {dag.py:3211} INFO - Sync 1 DAGs
[2026-08-12T05:37:39.137+0000] {logging_mixin.py:190} INFO - [2026-08-12T05:37:39.137+0000] {dag.py:4138} INFO - Setting next_dagrun for example_skip_dag to 2026-08-11 00:00:00+00:00, run_after=2026-08-12 00:00:00+00:00
[2026-08-12T05:37:39.160+0000] {processor.py:208} INFO - Processing /home/airflow/.local/lib/python3.12/site-packages/airflow/example_dags/example_skip_dag.py took 0.106 seconds
[2026-08-12T05:38:09.879+0000] {processor.py:186} INFO - Started process (PID=8126) to work on /home/airflow/.local/lib/python3.12/site-packages/airflow/example_dags/example_skip_dag.py
[2026-08-12T05:38:09.881+0000] {processor.py:914} INFO - Processing file /home/airflow/.local/lib/python3.12/site-packages/airflow/example_dags/example_skip_dag.py for tasks to queue
[2026-08-12T05:38:09.889+0000] {logging_mixin.py:190} INFO - [2026-08-12T05:38:09.888+0000] {dagbag.py:587} INFO - Filling up the DagBag from /home/airflow/.local/lib/python3.12/site-packages/airflow/example_dags/example_skip_dag.py
[2026-08-12T05:38:09.906+0000] {processor.py:925} INFO - DAG(s) 'example_skip_dag' retrieved from /home/airflow/.local/lib/python3.12/site-packages/airflow/example_dags/example_skip_dag.py
[2026-08-12T05:38:09.937+0000] {logging_mixin.py:190} INFO - [2026-08-12T05:38:09.936+0000] {dag.py:3211} INFO - Sync 1 DAGs
[2026-08-12T05:38:09.975+0000] {logging_mixin.py:190} INFO - [2026-08-12T05:38:09.974+0000] {dag.py:4138} INFO - Setting next_dagrun for example_skip_dag to 2026-08-11 00:00:00+00:00, run_after=2026-08-12 00:00:00+00:00
[2026-08-12T05:38:10.012+0000] {processor.py:208} INFO - Processing /home/airflow/.local/lib/python3.12/site-packages/airflow/example_dags/example_skip_dag.py took 0.142 seconds
[2026-08-12T05:38:40.180+0000] {processor.py:186} INFO - Started process (PID=8190) to work on /home/airflow/.local/lib/python3.12/site-packages/airflow/example_dags/example_skip_dag.py
[2026-08-12T05:38:40.182+0000] {processor.py:914} INFO - Processing file /home/airflow/.local/lib/python3.12/site-packages/airflow/example_dags/example_skip_dag.py for tasks to queue
[2026-08-12T05:38:40.186+0000] {logging_mixin.py:190} INFO - [2026-08-12T05:38:40.186+0000] {dagbag.py:587} INFO - Filling up the DagBag from /home/airflow/.local/lib/python3.12/site-packages/airflow/example_dags/example_skip_dag.py
[2026-08-12T05:38:40.196+0000] {processor.py:925} INFO - DAG(s) 'example_skip_dag' retrieved from /home/airflow/.local/lib/python3.12/site-packages/airflow/example_dags/example_skip_dag.py
[2026-08-12T05:38:40.222+0000] {logging_mixin.py:190} INFO - [2026-08-12T05:38:40.222+0000] {dag.py:3211} INFO - Sync 1 DAGs
[2026-08-12T05:38:40.253+0000] {logging_mixin.py:190} INFO - [2026-08-12T05:38:40.253+0000] {dag.py:4138} INFO - Setting next_dagrun for example_skip_dag to 2026-08-11 00:00:00+00:00, run_after=2026-08-12 00:00:00+00:00
[2026-08-12T05:38:40.281+0000] {processor.py:208} INFO - Processing /home/airflow/.local/lib/python3.12/site-packages/airflow/example_dags/example_skip_dag.py took 0.107 seconds
[2026-08-12T05:39:10.841+0000] {processor.py:186} INFO - Started process (PID=8254) to work on /home/airflow/.local/lib/python3.12/site-packages/airflow/example_dags/example_skip_dag.py
[2026-08-12T05:39:10.843+0000] {processor.py:914} INFO - Processing file /home/airflow/.local/lib/python3.12/site-packages/airflow/example_dags/example_skip_dag.py for tasks to queue
[2026-08-12T05:39:10.847+0000] {logging_mixin.py:190} INFO - [2026-08-12T05:39:10.847+0000] {dagbag.py:587} INFO - Filling up the DagBag from /home/airflow/.local/lib/python3.12/site-packages/airflow/example_dags/example_skip_dag.py
[2026-08-12T05:39:10.857+0000] {processor.py:925} INFO - DAG(s) 'example_skip_dag' retrieved from /home/airflow/.local/lib/python3.12/site-packages/airflow/example_dags/example_skip_dag.py
[2026-08-12T05:39:10.883+0000] {logging_mixin.py:190} INFO - [2026-08-12T05:39:10.882+0000] {dag.py:3211} INFO - Sync 1 DAGs
[2026-08-12T05:39:10.910+0000] {logging_mixin.py:190} INFO - [2026-08-12T05:39:10.910+0000] {dag.py:4138} INFO - Setting next_dagrun for example_skip_dag to 2026-08-11 00:00:00+00:00, run_after=2026-08-12 00:00:00+00:00
[2026-08-12T05:39:10.933+0000] {processor.py:208} INFO - Processing /home/airflow/.local/lib/python3.12/site-packages/airflow/example_dags/example_skip_dag.py took 0.099 seconds
[2026-08-12T05:39:41.517+0000] {processor.py:186} INFO - Started process (PID=8317) to work on /home/airflow/.local/lib/python3.12/site-packages/airflow/example_dags/example_skip_dag.py
[2026-08-12T05:39:41.523+0000] {processor.py:914} INFO - Processing file /home/airflow/.local/lib/python3.12/site-packages/airflow/example_dags/example_skip_dag.py for tasks to queue
[2026-08-12T05:39:41.532+0000] {logging_mixin.py:190} INFO - [2026-08-12T05:39:41.531+0000] {dagbag.py:587} INFO - Filling up the DagBag from /home/airflow/.local/lib/python3.12/site-packages/airflow/example_dags/example_skip_dag.py
[2026-08-12T05:39:41.546+0000] {processor.py:925} INFO - DAG(s) 'example_skip_dag' retrieved from /home/airflow/.local/lib/python3.12/site-packages/airflow/example_dags/example_skip_dag.py
[2026-08-12T05:39:41.579+0000] {logging_mixin.py:190} INFO - [2026-08-12T05:39:41.578+0000] {dag.py:3211} INFO - Sync 1 DAGs
[2026-08-12T05:39:41.614+0000] {logging_mixin.py:190} INFO - [2026-08-12T05:39:41.613+0000] {dag.py:4138} INFO - Setting next_dagrun for example_skip_dag to 2026-08-11 00:00:00+00:00, run_after=2026-08-12 00:00:00+00:00
[2026-08-12T05:39:41.650+0000] {processor.py:208} INFO - Processing /home/airflow/.local/lib/python3.12/site-packages/airflow/example_dags/example_skip_dag.py took 0.149 seconds
[2026-08-12T05:40:12.226+0000] {processor.py:186} INFO - Started process (PID=8380) to work on /home/airflow/.local/lib/python3.12/site-packages/airflow/example_dags/example_skip_dag.py
[2026-08-12T05:40:12.228+0000] {processor.py:914} INFO - Processing file /home/airflow/.local/lib/python3.12/site-packages/airflow/example_dags/example_skip_dag.py for tasks to queue
[2026-08-12T05:40:12.232+0000] {logging_mixin.py:190} INFO - [2026-08-12T05:40:12.232+0000] {dagbag.py:587} INFO - Filling up the DagBag from /home/airflow/.local/lib/python3.12/site-packages/airflow/example_dags/example_skip_dag.py
[2026-08-12T05:40:12.242+0000] {processor.py:925} INFO - DAG(s) 'example_skip_dag' retrieved from /home/airflow/.local/lib/python3.12/site-packages/airflow/example_dags/example_skip_dag.py
[2026-08-12T05:40:12.265+0000] {logging_mixin.py:190} INFO - [2026-08-12T05:40:12.265+0000] {dag.py:3211} INFO - Sync 1 DAGs
[2026-08-12T05:40:12.290+0000] {logging_mixin.py:190} INFO - [2026-08-12T05:40:12.289+0000] {dag.py:4138} INFO - Setting next_dagrun for example_skip_dag to 2026-08-11 00:00:00+00:00, run_after=2026-08-12 00:00:00+00:00
[2026-08-12T05:40:12.314+0000] {processor.py:208} INFO - Processing /home/airflow/.local/lib/python3.12/site-packages/airflow/example_dags/example_skip_dag.py took 0.095 seconds
[2026-08-12T05:40:42.998+0000] {processor.py:186} INFO - Started process (PID=8443) to work on /home/airflow/.local/lib/python3.12/site-packages/airflow/example_dags/example_skip_dag.py
[2026-08-12T05:40:43.001+0000] {processor.py:914} INFO - Processing file /home/airflow/.local/lib/python3.12/site-packages/airflow/example_dags/example_skip_dag.py for tasks to queue
[2026-08-12T05:40:43.006+0000] {logging_mixin.py:190} INFO - [2026-08-12T05:40:43.005+0000] {dagbag.py:587} INFO - Filling up the DagBag from /home/airflow/.local/lib/python3.12/site-packages/airflow/example_dags/example_skip_dag.py
[2026-08-12T05:40:43.018+0000] {processor.py:925} INFO - DAG(s) 'example_skip_dag' retrieved from /home/airflow/.local/lib/python3.12/site-packages/airflow/example_dags/example_skip_dag.py
[2026-08-12T05:40:43.043+0000] {logging_mixin.py:190} INFO - [2026-08-12T05:40:43.043+0000] {dag.py:3211} INFO - Sync 1 DAGs
[2026-08-12T05:40:43.071+0000] {logging_mixin.py:190} INFO - [2026-08-12T05:40:43.070+0000] {dag.py:4138} INFO - Setting next_dagrun for example_skip_dag to 2026-08-11 00:00:00+00:00, run_after=2026-08-12 00:00:00+00:00
[2026-08-12T05:40:43.094+0000] {processor.py:208} INFO - Processing /home/airflow/.local/lib/python3.12/site-packages/airflow/example_dags/example_skip_dag.py took 0.103 seconds
[2026-08-12T05:41:13.260+0000] {processor.py:186} INFO - Started process (PID=8506) to work on /home/airflow/.local/lib/python3.12/site-packages/airflow/example_dags/example_skip_dag.py
[2026-08-12T05:41:13.263+0000] {processor.py:914} INFO - Processing file /home/airflow/.local/lib/python3.12/site-packages/airflow/example_dags/example_skip_dag.py for tasks to queue
[2026-08-12T05:41:13.267+0000] {logging_mixin.py:190} INFO - [2026-08-12T05:41:13.266+0000] {dagbag.py:587} INFO - Filling up the DagBag from /home/airflow/.local/lib/python3.12/site-packages/airflow/example_dags/example_skip_dag.py
[2026-08-12T05:41:13.278+0000] {processor.py:925} INFO - DAG(s) 'example_skip_dag' retrieved from /home/airflow/.local/lib/python3.12/site-packages/airflow/example_dags/example_skip_dag.py
[2026-08-12T05:41:13.301+0000] {logging_mixin.py:190} INFO - [2026-08-12T05:41:13.301+0000] {dag.py:3211} INFO - Sync 1 DAGs
[2026-08-12T05:41:13.328+0000] {logging_mixin.py:190} INFO - [2026-08-12T05:41:13.328+0000] {dag.py:4138} INFO - Setting next_dagrun for example_skip_dag to 2026-08-11 00:00:00+00:00, run_after=2026-08-12 00:00:00+00:00
[2026-08-12T05:41:13.351+0000] {processor.py:208} INFO - Processing /home/airflow/.local/lib/python3.12/site-packages/airflow/example_dags/example_skip_dag.py took 0.099 seconds
[2026-08-12T05:41:44.383+0000] {processor.py:186} INFO - Started process (PID=8569) to work on /home/airflow/.local/lib/python3.12/site-packages/airflow/example_dags/example_skip_dag.py
[2026-08-12T05:41:44.385+0000] {processor.py:914} INFO - Processing file /home/airflow/.local/lib/python3.12/site-packages/airflow/example_dags/example_skip_dag.py for tasks to queue
[2026-08-12T05:41:44.389+0000] {logging_mixin.py:190} INFO - [2026-08-12T05:41:44.388+0000] {dagbag.py:587} INFO - Filling up the DagBag from /home/airflow/.local/lib/python3.12/site-packages/airflow/example_dags/example_skip_dag.py
[2026-08-12T05:41:44.399+0000] {processor.py:925} INFO - DAG(s) 'example_skip_dag' retrieved from /home/airflow/.local/lib/python3.12/site-packages/airflow/example_dags/example_skip_dag.py
[2026-08-12T05:41:44.432+0000] {logging_mixin.py:190} INFO - [2026-08-12T05:41:44.432+0000] {dag.py:3211} INFO - Sync 1 DAGs
[2026-08-12T05:41:44.463+0000] {logging_mixin.py:190} INFO - [2026-08-12T05:41:44.463+0000] {dag.py:4138} INFO - Setting next_dagrun for example_skip_dag to 2026-08-11 00:00:00+00:00, run_after=2026-08-12 00:00:00+00:00
[2026-08-12T05:41:44.496+0000] {processor.py:208} INFO - Processing /home/airflow/.local/lib/python3.12/site-packages/airflow/example_dags/example_skip_dag.py took 0.119 seconds
[2026-08-12T05:42:15.323+0000] {processor.py:186} INFO - Started process (PID=8632) to work on /home/airflow/.local/lib/python3.12/site-packages/airflow/example_dags/example_skip_dag.py
[2026-08-12T05:42:15.326+0000] {processor.py:914} INFO - Processing file /home/airflow/.local/lib/python3.12/site-packages/airflow/example_dags/example_skip_dag.py for tasks to queue
[2026-08-12T05:42:15.333+0000] {logging_mixin.py:190} INFO - [2026-08-12T05:42:15.331+0000] {dagbag.py:587} INFO - Filling up the DagBag from /home/airflow/.local/lib/python3.12/site-packages/airflow/example_dags/example_skip_dag.py
[2026-08-12T05:42:15.345+0000] {processor.py:925} INFO - DAG(s) 'example_skip_dag' retrieved from /home/airflow/.local/lib/python3.12/site-packages/airflow/example_dags/example_skip_dag.py
[2026-08-12T05:42:15.375+0000] {logging_mixin.py:190} INFO - [2026-08-12T05:42:15.375+0000] {dag.py:3211} INFO - Sync 1 DAGs
[2026-08-12T05:42:15.424+0000] {logging_mixin.py:190} INFO - [2026-08-12T05:42:15.423+0000] {dag.py:4138} INFO - Setting next_dagrun for example_skip_dag to 2026-08-11 00:00:00+00:00, run_after=2026-08-12 00:00:00+00:00
[2026-08-12T05:42:15.454+0000] {processor.py:208} INFO - Processing /home/airflow/.local/lib/python3.12/site-packages/airflow/example_dags/example_skip_dag.py took 0.137 seconds
[2026-08-12T05:42:45.666+0000] {processor.py:186} INFO - Started process (PID=8695) to work on /home/airflow/.local/lib/python3.12/site-packages/airflow/example_dags/example_skip_dag.py
[2026-08-12T05:42:45.668+0000] {processor.py:914} INFO - Processing file /home/airflow/.local/lib/python3.12/site-packages/airflow/example_dags/example_skip_dag.py for tasks to queue
[2026-08-12T05:42:45.673+0000] {logging_mixin.py:190} INFO - [2026-08-12T05:42:45.673+0000] {dagbag.py:587} INFO - Filling up the DagBag from /home/airflow/.local/lib/python3.12/site-packages/airflow/example_dags/example_skip_dag.py
[2026-08-12T05:42:45.684+0000] {processor.py:925} INFO - DAG(s) 'example_skip_dag' retrieved from /home/airflow/.local/lib/python3.12/site-packages/airflow/example_dags/example_skip_dag.py
[2026-08-12T05:42:45.708+0000] {logging_mixin.py:190} INFO - [2026-08-12T05:42:45.707+0000] {dag.py:3211} INFO - Sync 1 DAGs
[2026-08-12T05:42:45.735+0000] {logging_mixin.py:190} INFO - [2026-08-12T05:42:45.735+0000] {dag.py:4138} INFO - Setting next_dagrun for example_skip_dag to 2026-08-11 00:00:00+00:00, run_after=2026-08-12 00:00:00+00:00
[2026-08-12T05:42:45.761+0000] {processor.py:208} INFO - Processing /home/airflow/.local/lib/python3.12/site-packages/airflow/example_dags/example_skip_dag.py took 0.101 seconds
[2026-08-12T05:43:16.622+0000] {processor.py:186} INFO - Started process (PID=8759) to work on /home/airflow/.local/lib/python3.12/site-packages/airflow/example_dags/example_skip_dag.py
[2026-08-12T05:43:16.625+0000] {processor.py:914} INFO - Processing file /home/airflow/.local/lib/python3.12/site-packages/airflow/example_dags/example_skip_dag.py for tasks to queue
[2026-08-12T05:43:16.629+0000] {logging_mixin.py:190} INFO - [2026-08-12T05:43:16.629+0000] {dagbag.py:587} INFO - Filling up the DagBag from /home/airflow/.local/lib/python3.12/site-packages/airflow/example_dags/example_skip_dag.py
[2026-08-12T05:43:16.640+0000] {processor.py:925} INFO - DAG(s) 'example_skip_dag' retrieved from /home/airflow/.local/lib/python3.12/site-packages/airflow/example_dags/example_skip_dag.py
[2026-08-12T05:43:16.678+0000] {logging_mixin.py:190} INFO - [2026-08-12T05:43:16.677+0000] {dag.py:3211} INFO - Sync 1 DAGs
[2026-08-12T05:43:16.719+0000] {logging_mixin.py:190} INFO - [2026-08-12T05:43:16.718+0000] {dag.py:4138} INFO - Setting next_dagrun for example_skip_dag to 2026-08-11 00:00:00+00:00, run_after=2026-08-12 00:00:00+00:00
[2026-08-12T05:43:16.759+0000] {processor.py:208} INFO - Processing /home/airflow/.local/lib/python3.12/site-packages/airflow/example_dags/example_skip_dag.py took 0.146 seconds
[2026-08-12T05:43:46.965+0000] {processor.py:186} INFO - Started process (PID=8822) to work on /home/airflow/.local/lib/python3.12/site-packages/airflow/example_dags/example_skip_dag.py
[2026-08-12T05:43:46.969+0000] {processor.py:914} INFO - Processing file /home/airflow/.local/lib/python3.12/site-packages/airflow/example_dags/example_skip_dag.py for tasks to queue
[2026-08-12T05:43:46.975+0000] {logging_mixin.py:190} INFO - [2026-08-12T05:43:46.974+0000] {dagbag.py:587} INFO - Filling up the DagBag from /home/airflow/.local/lib/python3.12/site-packages/airflow/example_dags/example_skip_dag.py
[2026-08-12T05:43:46.986+0000] {processor.py:925} INFO - DAG(s) 'example_skip_dag' retrieved from /home/airflow/.local/lib/python3.12/site-packages/airflow/example_dags/example_skip_dag.py
[2026-08-12T05:43:47.012+0000] {logging_mixin.py:190} INFO - [2026-08-12T05:43:47.012+0000] {dag.py:3211} INFO - Sync 1 DAGs
[2026-08-12T05:43:47.042+0000] {logging_mixin.py:190} INFO - [2026-08-12T05:43:47.042+0000] {dag.py:4138} INFO - Setting next_dagrun for example_skip_dag to 2026-08-11 00:00:00+00:00, run_after=2026-08-12 00:00:00+00:00
[2026-08-12T05:43:47.076+0000] {processor.py:208} INFO - Processing /home/airflow/.local/lib/python3.12/site-packages/airflow/example_dags/example_skip_dag.py took 0.118 seconds
[2026-08-12T05:44:17.547+0000] {processor.py:186} INFO - Started process (PID=8885) to work on /home/airflow/.local/lib/python3.12/site-packages/airflow/example_dags/example_skip_dag.py
[2026-08-12T05:44:17.550+0000] {processor.py:914} INFO - Processing file /home/airflow/.local/lib/python3.12/site-packages/airflow/example_dags/example_skip_dag.py for tasks to queue
[2026-08-12T05:44:17.554+0000] {logging_mixin.py:190} INFO - [2026-08-12T05:44:17.553+0000] {dagbag.py:587} INFO - Filling up the DagBag from /home/airflow/.local/lib/python3.12/site-packages/airflow/example_dags/example_skip_dag.py
[2026-08-12T05:44:17.565+0000] {processor.py:925} INFO - DAG(s) 'example_skip_dag' retrieved from /home/airflow/.local/lib/python3.12/site-packages/airflow/example_dags/example_skip_dag.py
[2026-08-12T05:44:17.593+0000] {logging_mixin.py:190} INFO - [2026-08-12T05:44:17.593+0000] {dag.py:3211} INFO - Sync 1 DAGs
[2026-08-12T05:44:17.615+0000] {logging_mixin.py:190} INFO - [2026-08-12T05:44:17.615+0000] {dag.py:4138} INFO - Setting next_dagrun for example_skip_dag to 2026-08-11 00:00:00+00:00, run_after=2026-08-12 00:00:00+00:00
[2026-08-12T05:44:17.635+0000] {processor.py:208} INFO - Processing /home/airflow/.local/lib/python3.12/site-packages/airflow/example_dags/example_skip_dag.py took 0.098 seconds
[2026-08-12T05:44:48.334+0000] {processor.py:186} INFO - Started process (PID=8948) to work on /home/airflow/.local/lib/python3.12/site-packages/airflow/example_dags/example_skip_dag.py
[2026-08-12T05:44:48.336+0000] {processor.py:914} INFO - Processing file /home/airflow/.local/lib/python3.12/site-packages/airflow/example_dags/example_skip_dag.py for tasks to queue
[2026-08-12T05:44:48.341+0000] {logging_mixin.py:190} INFO - [2026-08-12T05:44:48.340+0000] {dagbag.py:587} INFO - Filling up the DagBag from /home/airflow/.local/lib/python3.12/site-packages/airflow/example_dags/example_skip_dag.py
[2026-08-12T05:44:48.354+0000] {processor.py:925} INFO - DAG(s) 'example_skip_dag' retrieved from /home/airflow/.local/lib/python3.12/site-packages/airflow/example_dags/example_skip_dag.py
[2026-08-12T05:44:48.381+0000] {logging_mixin.py:190} INFO - [2026-08-12T05:44:48.381+0000] {dag.py:3211} INFO - Sync 1 DAGs
[2026-08-12T05:44:48.420+0000] {logging_mixin.py:190} INFO - [2026-08-12T05:44:48.419+0000] {dag.py:4138} INFO - Setting next_dagrun for example_skip_dag to 2026-08-11 00:00:00+00:00, run_after=2026-08-12 00:00:00+00:00
[2026-08-12T05:44:48.451+0000] {processor.py:208} INFO - Processing /home/airflow/.local/lib/python3.12/site-packages/airflow/example_dags/example_skip_dag.py took 0.127 seconds
[2026-08-12T05:45:18.550+0000] {processor.py:186} INFO - Started process (PID=9011) to work on /home/airflow/.local/lib/python3.12/site-packages/airflow/example_dags/example_skip_dag.py
[2026-08-12T05:45:18.552+0000] {processor.py:914} INFO - Processing file /home/airflow/.local/lib/python3.12/site-packages/airflow/example_dags/example_skip_dag.py for tasks to queue
[2026-08-12T05:45:18.556+0000] {logging_mixin.py:190} INFO - [2026-08-12T05:45:18.556+0000] {dagbag.py:587} INFO - Filling up the DagBag from /home/airflow/.local/lib/python3.12/site-packages/airflow/example_dags/example_skip_dag.py
[2026-08-12T05:45:18.566+0000] {processor.py:925} INFO - DAG(s) 'example_skip_dag' retrieved from /home/airflow/.local/lib/python3.12/site-packages/airflow/example_dags/example_skip_dag.py
[2026-08-12T05:45:18.595+0000] {logging_mixin.py:190} INFO - [2026-08-12T05:45:18.595+0000] {dag.py:3211} INFO - Sync 1 DAGs
[2026-08-12T05:45:18.622+0000] {logging_mixin.py:190} INFO - [2026-08-12T05:45:18.622+0000] {dag.py:4138} INFO - Setting next_dagrun for example_skip_dag to 2026-08-11 00:00:00+00:00, run_after=2026-08-12 00:00:00+00:00
[2026-08-12T05:45:18.647+0000] {processor.py:208} INFO - Processing /home/airflow/.local/lib/python3.12/site-packages/airflow/example_dags/example_skip_dag.py took 0.105 seconds
[2026-08-12T05:45:49.146+0000] {processor.py:186} INFO - Started process (PID=9074) to work on /home/airflow/.local/lib/python3.12/site-packages/airflow/example_dags/example_skip_dag.py
[2026-08-12T05:45:49.149+0000] {processor.py:914} INFO - Processing file /home/airflow/.local/lib/python3.12/site-packages/airflow/example_dags/example_skip_dag.py for tasks to queue
[2026-08-12T05:45:49.155+0000] {logging_mixin.py:190} INFO - [2026-08-12T05:45:49.154+0000] {dagbag.py:587} INFO - Filling up the DagBag from /home/airflow/.local/lib/python3.12/site-packages/airflow/example_dags/example_skip_dag.py
[2026-08-12T05:45:49.173+0000] {processor.py:925} INFO - DAG(s) 'example_skip_dag' retrieved from /home/airflow/.local/lib/python3.12/site-packages/airflow/example_dags/example_skip_dag.py
[2026-08-12T05:45:49.209+0000] {logging_mixin.py:190} INFO - [2026-08-12T05:45:49.209+0000] {dag.py:3211} INFO - Sync 1 DAGs
[2026-08-12T05:45:49.233+0000] {logging_mixin.py:190} INFO - [2026-08-12T05:45:49.233+0000] {dag.py:4138} INFO - Setting next_dagrun for example_skip_dag to 2026-08-11 00:00:00+00:00, run_after=2026-08-12 00:00:00+00:00
[2026-08-12T05:45:49.255+0000] {processor.py:208} INFO - Processing /home/airflow/.local/lib/python3.12/site-packages/airflow/example_dags/example_skip_dag.py took 0.120 seconds
[2026-08-12T05:46:19.634+0000] {processor.py:186} INFO - Started process (PID=9137) to work on /home/airflow/.local/lib/python3.12/site-packages/airflow/example_dags/example_skip_dag.py
[2026-08-12T05:46:19.636+0000] {processor.py:914} INFO - Processing file /home/airflow/.local/lib/python3.12/site-packages/airflow/example_dags/example_skip_dag.py for tasks to queue
[2026-08-12T05:46:19.640+0000] {logging_mixin.py:190} INFO - [2026-08-12T05:46:19.640+0000] {dagbag.py:587} INFO - Filling up the DagBag from /home/airflow/.local/lib/python3.12/site-packages/airflow/example_dags/example_skip_dag.py
[2026-08-12T05:46:19.651+0000] {processor.py:925} INFO - DAG(s) 'example_skip_dag' retrieved from /home/airflow/.local/lib/python3.12/site-packages/airflow/example_dags/example_skip_dag.py
[2026-08-12T05:46:19.678+0000] {logging_mixin.py:190} INFO - [2026-08-12T05:46:19.677+0000] {dag.py:3211} INFO - Sync 1 DAGs
[2026-08-12T05:46:19.706+0000] {logging_mixin.py:190} INFO - [2026-08-12T05:46:19.706+0000] {dag.py:4138} INFO - Setting next_dagrun for example_skip_dag to 2026-08-11 00:00:00+00:00, run_after=2026-08-12 00:00:00+00:00
[2026-08-12T05:46:19.728+0000] {processor.py:208} INFO - Processing /home/airflow/.local/lib/python3.12/site-packages/airflow/example_dags/example_skip_dag.py took 0.101 seconds
[2026-08-12T05:46:50.265+0000] {processor.py:186} INFO - Started process (PID=9200) to work on /home/airflow/.local/lib/python3.12/site-packages/airflow/example_dags/example_skip_dag.py
[2026-08-12T05:46:50.267+0000] {processor.py:914} INFO - Processing file /home/airflow/.local/lib/python3.12/site-packages/airflow/example_dags/example_skip_dag.py for tasks to queue
[2026-08-12T05:46:50.271+0000] {logging_mixin.py:190} INFO - [2026-08-12T05:46:50.271+0000] {dagbag.py:587} INFO - Filling up the DagBag from /home/airflow/.local/lib/python3.12/site-packages/airflow/example_dags/example_skip_dag.py
[2026-08-12T05:46:50.282+0000] {processor.py:925} INFO - DAG(s) 'example_skip_dag' retrieved from /home/airflow/.local/lib/python3.12/site-packages/airflow/example_dags/example_skip_dag.py
[2026-08-12T05:46:50.309+0000] {logging_mixin.py:190} INFO - [2026-08-12T05:46:50.308+0000] {dag.py:3211} INFO - Sync 1 DAGs
[2026-08-12T05:46:50.336+0000] {logging_mixin.py:190} INFO - [2026-08-12T05:46:50.336+0000] {dag.py:4138} INFO - Setting next_dagrun for example_skip_dag to 2026-08-11 00:00:00+00:00, run_after=2026-08-12 00:00:00+00:00
[2026-08-12T05:46:50.364+0000] {processor.py:208} INFO - Processing /home/airflow/.local/lib/python3.12/site-packages/airflow/example_dags/example_skip_dag.py took 0.106 seconds
[2026-08-12T05:47:20.653+0000] {processor.py:186} INFO - Started process (PID=9263) to work on /home/airflow/.local/lib/python3.12/site-packages/airflow/example_dags/example_skip_dag.py
[2026-08-12T05:47:20.656+0000] {processor.py:914} INFO - Processing file /home/airflow/.local/lib/python3.12/site-packages/airflow/example_dags/example_skip_dag.py for tasks to queue
[2026-08-12T05:47:20.663+0000] {logging_mixin.py:190} INFO - [2026-08-12T05:47:20.662+0000] {dagbag.py:587} INFO - Filling up the DagBag from /home/airflow/.local/lib/python3.12/site-packages/airflow/example_dags/example_skip_dag.py
[2026-08-12T05:47:20.674+0000] {processor.py:925} INFO - DAG(s) 'example_skip_dag' retrieved from /home/airflow/.local/lib/python3.12/site-packages/airflow/example_dags/example_skip_dag.py
[2026-08-12T05:47:20.702+0000] {logging_mixin.py:190} INFO - [2026-08-12T05:47:20.701+0000] {dag.py:3211} INFO - Sync 1 DAGs
[2026-08-12T05:47:20.736+0000] {logging_mixin.py:190} INFO - [2026-08-12T05:47:20.736+0000] {dag.py:4138} INFO - Setting next_dagrun for example_skip_dag to 2026-08-11 00:00:00+00:00, run_after=2026-08-12 00:00:00+00:00
[2026-08-12T05:47:20.762+0000] {processor.py:208} INFO - Processing /home/airflow/.local/lib/python3.12/site-packages/airflow/example_dags/example_skip_dag.py took 0.115 seconds
[2026-08-12T05:47:51.628+0000] {processor.py:186} INFO - Started process (PID=9326) to work on /home/airflow/.local/lib/python3.12/site-packages/airflow/example_dags/example_skip_dag.py
[2026-08-12T05:47:51.632+0000] {processor.py:914} INFO - Processing file /home/airflow/.local/lib/python3.12/site-packages/airflow/example_dags/example_skip_dag.py for tasks to queue
[2026-08-12T05:47:51.638+0000] {logging_mixin.py:190} INFO - [2026-08-12T05:47:51.638+0000] {dagbag.py:587} INFO - Filling up the DagBag from /home/airflow/.local/lib/python3.12/site-packages/airflow/example_dags/example_skip_dag.py
[2026-08-12T05:47:51.651+0000] {processor.py:925} INFO - DAG(s) 'example_skip_dag' retrieved from /home/airflow/.local/lib/python3.12/site-packages/airflow/example_dags/example_skip_dag.py
[2026-08-12T05:47:51.676+0000] {logging_mixin.py:190} INFO - [2026-08-12T05:47:51.676+0000] {dag.py:3211} INFO - Sync 1 DAGs
[2026-08-12T05:47:51.706+0000] {logging_mixin.py:190} INFO - [2026-08-12T05:47:51.706+0000] {dag.py:4138} INFO - Setting next_dagrun for example_skip_dag to 2026-08-11 00:00:00+00:00, run_after=2026-08-12 00:00:00+00:00
[2026-08-12T05:47:51.732+0000] {processor.py:208} INFO - Processing /home/airflow/.local/lib/python3.12/site-packages/airflow/example_dags/example_skip_dag.py took 0.113 seconds
[2026-08-12T05:48:22.106+0000] {processor.py:186} INFO - Started process (PID=9389) to work on /home/airflow/.local/lib/python3.12/site-packages/airflow/example_dags/example_skip_dag.py
[2026-08-12T05:48:22.108+0000] {processor.py:914} INFO - Processing file /home/airflow/.local/lib/python3.12/site-packages/airflow/example_dags/example_skip_dag.py for tasks to queue
[2026-08-12T05:48:22.113+0000] {logging_mixin.py:190} INFO - [2026-08-12T05:48:22.112+0000] {dagbag.py:587} INFO - Filling up the DagBag from /home/airflow/.local/lib/python3.12/site-packages/airflow/example_dags/example_skip_dag.py
[2026-08-12T05:48:22.125+0000] {processor.py:925} INFO - DAG(s) 'example_skip_dag' retrieved from /home/airflow/.local/lib/python3.12/site-packages/airflow/example_dags/example_skip_dag.py
[2026-08-12T05:48:22.154+0000] {logging_mixin.py:190} INFO - [2026-08-12T05:48:22.153+0000] {dag.py:3211} INFO - Sync 1 DAGs
[2026-08-12T05:48:22.183+0000] {logging_mixin.py:190} INFO - [2026-08-12T05:48:22.182+0000] {dag.py:4138} INFO - Setting next_dagrun for example_skip_dag to 2026-08-11 00:00:00+00:00, run_after=2026-08-12 00:00:00+00:00
[2026-08-12T05:48:22.211+0000] {processor.py:208} INFO - Processing /home/airflow/.local/lib/python3.12/site-packages/airflow/example_dags/example_skip_dag.py took 0.112 seconds
[2026-08-12T05:48:52.765+0000] {processor.py:186} INFO - Started process (PID=9452) to work on /home/airflow/.local/lib/python3.12/site-packages/airflow/example_dags/example_skip_dag.py
[2026-08-12T05:48:52.768+0000] {processor.py:914} INFO - Processing file /home/airflow/.local/lib/python3.12/site-packages/airflow/example_dags/example_skip_dag.py for tasks to queue
[2026-08-12T05:48:52.773+0000] {logging_mixin.py:190} INFO - [2026-08-12T05:48:52.772+0000] {dagbag.py:587} INFO - Filling up the DagBag from /home/airflow/.local/lib/python3.12/site-packages/airflow/example_dags/example_skip_dag.py
[2026-08-12T05:48:52.787+0000] {processor.py:925} INFO - DAG(s) 'example_skip_dag' retrieved from /home/airflow/.local/lib/python3.12/site-packages/airflow/example_dags/example_skip_dag.py
[2026-08-12T05:48:52.812+0000] {logging_mixin.py:190} INFO - [2026-08-12T05:48:52.812+0000] {dag.py:3211} INFO - Sync 1 DAGs
[2026-08-12T05:48:52.841+0000] {logging_mixin.py:190} INFO - [2026-08-12T05:48:52.841+0000] {dag.py:4138} INFO - Setting next_dagrun for example_skip_dag to 2026-08-11 00:00:00+00:00, run_after=2026-08-12 00:00:00+00:00
[2026-08-12T05:48:52.866+0000] {processor.py:208} INFO - Processing /home/airflow/.local/lib/python3.12/site-packages/airflow/example_dags/example_skip_dag.py took 0.113 seconds
[2026-08-12T05:49:23.332+0000] {processor.py:186} INFO - Started process (PID=9515) to work on /home/airflow/.local/lib/python3.12/site-packages/airflow/example_dags/example_skip_dag.py
[2026-08-12T05:49:23.335+0000] {processor.py:914} INFO - Processing file /home/airflow/.local/lib/python3.12/site-packages/airflow/example_dags/example_skip_dag.py for tasks to queue
[2026-08-12T05:49:23.338+0000] {logging_mixin.py:190} INFO - [2026-08-12T05:49:23.338+0000] {dagbag.py:587} INFO - Filling up the DagBag from /home/airflow/.local/lib/python3.12/site-packages/airflow/example_dags/example_skip_dag.py
[2026-08-12T05:49:23.348+0000] {processor.py:925} INFO - DAG(s) 'example_skip_dag' retrieved from /home/airflow/.local/lib/python3.12/site-packages/airflow/example_dags/example_skip_dag.py
[2026-08-12T05:49:23.372+0000] {logging_mixin.py:190} INFO - [2026-08-12T05:49:23.372+0000] {dag.py:3211} INFO - Sync 1 DAGs
[2026-08-12T05:49:23.398+0000] {logging_mixin.py:190} INFO - [2026-08-12T05:49:23.398+0000] {dag.py:4138} INFO - Setting next_dagrun for example_skip_dag to 2026-08-11 00:00:00+00:00, run_after=2026-08-12 00:00:00+00:00
[2026-08-12T05:49:23.424+0000] {processor.py:208} INFO - Processing /home/airflow/.local/lib/python3.12/site-packages/airflow/example_dags/example_skip_dag.py took 0.098 seconds
[2026-08-12T05:49:53.724+0000] {processor.py:186} INFO - Started process (PID=9579) to work on /home/airflow/.local/lib/python3.12/site-packages/airflow/example_dags/example_skip_dag.py
[2026-08-12T05:49:53.727+0000] {processor.py:914} INFO - Processing file /home/airflow/.local/lib/python3.12/site-packages/airflow/example_dags/example_skip_dag.py for tasks to queue
[2026-08-12T05:49:53.733+0000] {logging_mixin.py:190} INFO - [2026-08-12T05:49:53.732+0000] {dagbag.py:587} INFO - Filling up the DagBag from /home/airflow/.local/lib/python3.12/site-packages/airflow/example_dags/example_skip_dag.py
[2026-08-12T05:49:53.745+0000] {processor.py:925} INFO - DAG(s) 'example_skip_dag' retrieved from /home/airflow/.local/lib/python3.12/site-packages/airflow/example_dags/example_skip_dag.py
[2026-08-12T05:49:53.770+0000] {logging_mixin.py:190} INFO - [2026-08-12T05:49:53.770+0000] {dag.py:3211} INFO - Sync 1 DAGs
[2026-08-12T05:49:53.796+0000] {logging_mixin.py:190} INFO - [2026-08-12T05:49:53.796+0000] {dag.py:4138} INFO - Setting next_dagrun for example_skip_dag to 2026-08-11 00:00:00+00:00, run_after=2026-08-12 00:00:00+00:00
[2026-08-12T05:49:53.823+0000] {processor.py:208} INFO - Processing /home/airflow/.local/lib/python3.12/site-packages/airflow/example_dags/example_skip_dag.py took 0.107 seconds
[2026-08-12T05:50:24.268+0000] {processor.py:186} INFO - Started process (PID=9642) to work on /home/airflow/.local/lib/python3.12/site-packages/airflow/example_dags/example_skip_dag.py
[2026-08-12T05:50:24.274+0000] {processor.py:914} INFO - Processing file /home/airflow/.local/lib/python3.12/site-packages/airflow/example_dags/example_skip_dag.py for tasks to queue
[2026-08-12T05:50:24.285+0000] {logging_mixin.py:190} INFO - [2026-08-12T05:50:24.284+0000] {dagbag.py:587} INFO - Filling up the DagBag from /home/airflow/.local/lib/python3.12/site-packages/airflow/example_dags/example_skip_dag.py
[2026-08-12T05:50:24.309+0000] {processor.py:925} INFO - DAG(s) 'example_skip_dag' retrieved from /home/airflow/.local/lib/python3.12/site-packages/airflow/example_dags/example_skip_dag.py
[2026-08-12T05:50:24.345+0000] {logging_mixin.py:190} INFO - [2026-08-12T05:50:24.345+0000] {dag.py:3211} INFO - Sync 1 DAGs
[2026-08-12T05:50:24.374+0000] {logging_mixin.py:190} INFO - [2026-08-12T05:50:24.374+0000] {dag.py:4138} INFO - Setting next_dagrun for example_skip_dag to 2026-08-11 00:00:00+00:00, run_after=2026-08-12 00:00:00+00:00
[2026-08-12T05:50:24.398+0000] {processor.py:208} INFO - Processing /home/airflow/.local/lib/python3.12/site-packages/airflow/example_dags/example_skip_dag.py took 0.146 seconds
[2026-08-12T05:50:54.549+0000] {processor.py:186} INFO - Started process (PID=9705) to work on /home/airflow/.local/lib/python3.12/site-packages/airflow/example_dags/example_skip_dag.py
[2026-08-12T05:50:54.555+0000] {processor.py:914} INFO - Processing file /home/airflow/.local/lib/python3.12/site-packages/airflow/example_dags/example_skip_dag.py for tasks to queue
[2026-08-12T05:50:54.563+0000] {logging_mixin.py:190} INFO - [2026-08-12T05:50:54.562+0000] {dagbag.py:587} INFO - Filling up the DagBag from /home/airflow/.local/lib/python3.12/site-packages/airflow/example_dags/example_skip_dag.py
[2026-08-12T05:50:54.577+0000] {processor.py:925} INFO - DAG(s) 'example_skip_dag' retrieved from /home/airflow/.local/lib/python3.12/site-packages/airflow/example_dags/example_skip_dag.py
[2026-08-12T05:50:54.604+0000] {logging_mixin.py:190} INFO - [2026-08-12T05:50:54.604+0000] {dag.py:3211} INFO - Sync 1 DAGs
[2026-08-12T05:50:54.631+0000] {logging_mixin.py:190} INFO - [2026-08-12T05:50:54.631+0000] {dag.py:4138} INFO - Setting next_dagrun for example_skip_dag to 2026-08-11 00:00:00+00:00, run_after=2026-08-12 00:00:00+00:00
[2026-08-12T05:50:54.662+0000] {processor.py:208} INFO - Processing /home/airflow/.local/lib/python3.12/site-packages/airflow/example_dags/example_skip_dag.py took 0.126 seconds
[2026-08-12T05:51:25.175+0000] {processor.py:186} INFO - Started process (PID=9768) to work on /home/airflow/.local/lib/python3.12/site-packages/airflow/example_dags/example_skip_dag.py
[2026-08-12T05:51:25.177+0000] {processor.py:914} INFO - Processing file /home/airflow/.local/lib/python3.12/site-packages/airflow/example_dags/example_skip_dag.py for tasks to queue
[2026-08-12T05:51:25.183+0000] {logging_mixin.py:190} INFO - [2026-08-12T05:51:25.182+0000] {dagbag.py:587} INFO - Filling up the DagBag from /home/airflow/.local/lib/python3.12/site-packages/airflow/example_dags/example_skip_dag.py
[2026-08-12T05:51:25.194+0000] {processor.py:925} INFO - DAG(s) 'example_skip_dag' retrieved from /home/airflow/.local/lib/python3.12/site-packages/airflow/example_dags/example_skip_dag.py
[2026-08-12T05:51:25.236+0000] {logging_mixin.py:190} INFO - [2026-08-12T05:51:25.235+0000] {dag.py:3211} INFO - Sync 1 DAGs
[2026-08-12T05:51:25.274+0000] {logging_mixin.py:190} INFO - [2026-08-12T05:51:25.273+0000] {dag.py:4138} INFO - Setting next_dagrun for example_skip_dag to 2026-08-11 00:00:00+00:00, run_after=2026-08-12 00:00:00+00:00
[2026-08-12T05:51:25.309+0000] {processor.py:208} INFO - Processing /home/airflow/.local/lib/python3.12/site-packages/airflow/example_dags/example_skip_dag.py took 0.141 seconds
[2026-08-12T05:51:55.672+0000] {processor.py:186} INFO - Started process (PID=9831) to work on /home/airflow/.local/lib/python3.12/site-packages/airflow/example_dags/example_skip_dag.py
[2026-08-12T05:51:55.677+0000] {processor.py:914} INFO - Processing file /home/airflow/.local/lib/python3.12/site-packages/airflow/example_dags/example_skip_dag.py for tasks to queue
[2026-08-12T05:51:55.686+0000] {logging_mixin.py:190} INFO - [2026-08-12T05:51:55.685+0000] {dagbag.py:587} INFO - Filling up the DagBag from /home/airflow/.local/lib/python3.12/site-packages/airflow/example_dags/example_skip_dag.py
[2026-08-12T05:51:55.703+0000] {processor.py:925} INFO - DAG(s) 'example_skip_dag' retrieved from /home/airflow/.local/lib/python3.12/site-packages/airflow/example_dags/example_skip_dag.py
[2026-08-12T05:51:55.746+0000] {logging_mixin.py:190} INFO - [2026-08-12T05:51:55.745+0000] {dag.py:3211} INFO - Sync 1 DAGs
[2026-08-12T05:51:55.774+0000] {logging_mixin.py:190} INFO - [2026-08-12T05:51:55.774+0000] {dag.py:4138} INFO - Setting next_dagrun for example_skip_dag to 2026-08-11 00:00:00+00:00, run_after=2026-08-12 00:00:00+00:00
[2026-08-12T05:51:55.806+0000] {processor.py:208} INFO - Processing /home/airflow/.local/lib/python3.12/site-packages/airflow/example_dags/example_skip_dag.py took 0.147 seconds
[2026-08-12T05:52:26.477+0000] {processor.py:186} INFO - Started process (PID=9894) to work on /home/airflow/.local/lib/python3.12/site-packages/airflow/example_dags/example_skip_dag.py
[2026-08-12T05:52:26.480+0000] {processor.py:914} INFO - Processing file /home/airflow/.local/lib/python3.12/site-packages/airflow/example_dags/example_skip_dag.py for tasks to queue
[2026-08-12T05:52:26.486+0000] {logging_mixin.py:190} INFO - [2026-08-12T05:52:26.485+0000] {dagbag.py:587} INFO - Filling up the DagBag from /home/airflow/.local/lib/python3.12/site-packages/airflow/example_dags/example_skip_dag.py
[2026-08-12T05:52:26.497+0000] {processor.py:925} INFO - DAG(s) 'example_skip_dag' retrieved from /home/airflow/.local/lib/python3.12/site-packages/airflow/example_dags/example_skip_dag.py
[2026-08-12T05:52:26.526+0000] {logging_mixin.py:190} INFO - [2026-08-12T05:52:26.526+0000] {dag.py:3211} INFO - Sync 1 DAGs
[2026-08-12T05:52:26.557+0000] {logging_mixin.py:190} INFO - [2026-08-12T05:52:26.556+0000] {dag.py:4138} INFO - Setting next_dagrun for example_skip_dag to 2026-08-11 00:00:00+00:00, run_after=2026-08-12 00:00:00+00:00
[2026-08-12T05:52:26.588+0000] {processor.py:208} INFO - Processing /home/airflow/.local/lib/python3.12/site-packages/airflow/example_dags/example_skip_dag.py took 0.119 seconds
[2026-08-12T05:52:57.573+0000] {processor.py:186} INFO - Started process (PID=9957) to work on /home/airflow/.local/lib/python3.12/site-packages/airflow/example_dags/example_skip_dag.py
[2026-08-12T05:52:57.576+0000] {processor.py:914} INFO - Processing file /home/airflow/.local/lib/python3.12/site-packages/airflow/example_dags/example_skip_dag.py for tasks to queue
[2026-08-12T05:52:57.586+0000] {logging_mixin.py:190} INFO - [2026-08-12T05:52:57.585+0000] {dagbag.py:587} INFO - Filling up the DagBag from /home/airflow/.local/lib/python3.12/site-packages/airflow/example_dags/example_skip_dag.py
[2026-08-12T05:52:57.598+0000] {processor.py:925} INFO - DAG(s) 'example_skip_dag' retrieved from /home/airflow/.local/lib/python3.12/site-packages/airflow/example_dags/example_skip_dag.py
[2026-08-12T05:52:57.627+0000] {logging_mixin.py:190} INFO - [2026-08-12T05:52:57.627+0000] {dag.py:3211} INFO - Sync 1 DAGs
[2026-08-12T05:52:57.655+0000] {logging_mixin.py:190} INFO - [2026-08-12T05:52:57.655+0000] {dag.py:4138} INFO - Setting next_dagrun for example_skip_dag to 2026-08-11 00:00:00+00:00, run_after=2026-08-12 00:00:00+00:00
[2026-08-12T05:52:57.679+0000] {processor.py:208} INFO - Processing /home/airflow/.local/lib/python3.12/site-packages/airflow/example_dags/example_skip_dag.py took 0.112 seconds
[2026-08-12T05:53:28.678+0000] {processor.py:186} INFO - Started process (PID=10020) to work on /home/airflow/.local/lib/python3.12/site-packages/airflow/example_dags/example_skip_dag.py
[2026-08-12T05:53:28.680+0000] {processor.py:914} INFO - Processing file /home/airflow/.local/lib/python3.12/site-packages/airflow/example_dags/example_skip_dag.py for tasks to queue
[2026-08-12T05:53:28.689+0000] {logging_mixin.py:190} INFO - [2026-08-12T05:53:28.687+0000] {dagbag.py:587} INFO - Filling up the DagBag from /home/airflow/.local/lib/python3.12/site-packages/airflow/example_dags/example_skip_dag.py
[2026-08-12T05:53:28.701+0000] {processor.py:925} INFO - DAG(s) 'example_skip_dag' retrieved from /home/airflow/.local/lib/python3.12/site-packages/airflow/example_dags/example_skip_dag.py
[2026-08-12T05:53:28.727+0000] {logging_mixin.py:190} INFO - [2026-08-12T05:53:28.727+0000] {dag.py:3211} INFO - Sync 1 DAGs
[2026-08-12T05:53:28.754+0000] {logging_mixin.py:190} INFO - [2026-08-12T05:53:28.753+0000] {dag.py:4138} INFO - Setting next_dagrun for example_skip_dag to 2026-08-11 00:00:00+00:00, run_after=2026-08-12 00:00:00+00:00
[2026-08-12T05:53:28.777+0000] {processor.py:208} INFO - Processing /home/airflow/.local/lib/python3.12/site-packages/airflow/example_dags/example_skip_dag.py took 0.106 seconds
[2026-08-12T05:53:59.283+0000] {processor.py:186} INFO - Started process (PID=10082) to work on /home/airflow/.local/lib/python3.12/site-packages/airflow/example_dags/example_skip_dag.py
[2026-08-12T05:53:59.286+0000] {processor.py:914} INFO - Processing file /home/airflow/.local/lib/python3.12/site-packages/airflow/example_dags/example_skip_dag.py for tasks to queue
[2026-08-12T05:53:59.291+0000] {logging_mixin.py:190} INFO - [2026-08-12T05:53:59.290+0000] {dagbag.py:587} INFO - Filling up the DagBag from /home/airflow/.local/lib/python3.12/site-packages/airflow/example_dags/example_skip_dag.py
[2026-08-12T05:53:59.301+0000] {processor.py:925} INFO - DAG(s) 'example_skip_dag' retrieved from /home/airflow/.local/lib/python3.12/site-packages/airflow/example_dags/example_skip_dag.py
[2026-08-12T05:53:59.329+0000] {logging_mixin.py:190} INFO - [2026-08-12T05:53:59.329+0000] {dag.py:3211} INFO - Sync 1 DAGs
[2026-08-12T05:53:59.357+0000] {logging_mixin.py:190} INFO - [2026-08-12T05:53:59.356+0000] {dag.py:4138} INFO - Setting next_dagrun for example_skip_dag to 2026-08-11 00:00:00+00:00, run_after=2026-08-12 00:00:00+00:00
[2026-08-12T05:53:59.549+0000] {processor.py:208} INFO - Processing /home/airflow/.local/lib/python3.12/site-packages/airflow/example_dags/example_skip_dag.py took 0.272 seconds
[2026-08-12T05:54:29.778+0000] {processor.py:186} INFO - Started process (PID=10145) to work on /home/airflow/.local/lib/python3.12/site-packages/airflow/example_dags/example_skip_dag.py
[2026-08-12T05:54:29.782+0000] {processor.py:914} INFO - Processing file /home/airflow/.local/lib/python3.12/site-packages/airflow/example_dags/example_skip_dag.py for tasks to queue
[2026-08-12T05:54:29.788+0000] {logging_mixin.py:190} INFO - [2026-08-12T05:54:29.788+0000] {dagbag.py:587} INFO - Filling up the DagBag from /home/airflow/.local/lib/python3.12/site-packages/airflow/example_dags/example_skip_dag.py
[2026-08-12T05:54:29.800+0000] {processor.py:925} INFO - DAG(s) 'example_skip_dag' retrieved from /home/airflow/.local/lib/python3.12/site-packages/airflow/example_dags/example_skip_dag.py
[2026-08-12T05:54:29.826+0000] {logging_mixin.py:190} INFO - [2026-08-12T05:54:29.825+0000] {dag.py:3211} INFO - Sync 1 DAGs
[2026-08-12T05:54:29.853+0000] {logging_mixin.py:190} INFO - [2026-08-12T05:54:29.852+0000] {dag.py:4138} INFO - Setting next_dagrun for example_skip_dag to 2026-08-11 00:00:00+00:00, run_after=2026-08-12 00:00:00+00:00
[2026-08-12T05:54:29.875+0000] {processor.py:208} INFO - Processing /home/airflow/.local/lib/python3.12/site-packages/airflow/example_dags/example_skip_dag.py took 0.106 seconds
[2026-08-12T05:55:00.306+0000] {processor.py:186} INFO - Started process (PID=10208) to work on /home/airflow/.local/lib/python3.12/site-packages/airflow/example_dags/example_skip_dag.py
[2026-08-12T05:55:00.308+0000] {processor.py:914} INFO - Processing file /home/airflow/.local/lib/python3.12/site-packages/airflow/example_dags/example_skip_dag.py for tasks to queue
[2026-08-12T05:55:00.313+0000] {logging_mixin.py:190} INFO - [2026-08-12T05:55:00.312+0000] {dagbag.py:587} INFO - Filling up the DagBag from /home/airflow/.local/lib/python3.12/site-packages/airflow/example_dags/example_skip_dag.py
[2026-08-12T05:55:00.325+0000] {processor.py:925} INFO - DAG(s) 'example_skip_dag' retrieved from /home/airflow/.local/lib/python3.12/site-packages/airflow/example_dags/example_skip_dag.py
[2026-08-12T05:55:00.353+0000] {logging_mixin.py:190} INFO - [2026-08-12T05:55:00.352+0000] {dag.py:3211} INFO - Sync 1 DAGs
[2026-08-12T05:55:00.382+0000] {logging_mixin.py:190} INFO - [2026-08-12T05:55:00.381+0000] {dag.py:4138} INFO - Setting next_dagrun for example_skip_dag to 2026-08-11 00:00:00+00:00, run_after=2026-08-12 00:00:00+00:00
[2026-08-12T05:55:00.406+0000] {processor.py:208} INFO - Processing /home/airflow/.local/lib/python3.12/site-packages/airflow/example_dags/example_skip_dag.py took 0.110 seconds
[2026-08-12T05:55:30.955+0000] {processor.py:186} INFO - Started process (PID=10271) to work on /home/airflow/.local/lib/python3.12/site-packages/airflow/example_dags/example_skip_dag.py
[2026-08-12T05:55:30.957+0000] {processor.py:914} INFO - Processing file /home/airflow/.local/lib/python3.12/site-packages/airflow/example_dags/example_skip_dag.py for tasks to queue
[2026-08-12T05:55:30.961+0000] {logging_mixin.py:190} INFO - [2026-08-12T05:55:30.961+0000] {dagbag.py:587} INFO - Filling up the DagBag from /home/airflow/.local/lib/python3.12/site-packages/airflow/example_dags/example_skip_dag.py
[2026-08-12T05:55:30.974+0000] {processor.py:925} INFO - DAG(s) 'example_skip_dag' retrieved from /home/airflow/.local/lib/python3.12/site-packages/airflow/example_dags/example_skip_dag.py
[2026-08-12T05:55:31.004+0000] {logging_mixin.py:190} INFO - [2026-08-12T05:55:31.003+0000] {dag.py:3211} INFO - Sync 1 DAGs
[2026-08-12T05:55:31.036+0000] {logging_mixin.py:190} INFO - [2026-08-12T05:55:31.036+0000] {dag.py:4138} INFO - Setting next_dagrun for example_skip_dag to 2026-08-11 00:00:00+00:00, run_after=2026-08-12 00:00:00+00:00
[2026-08-12T05:55:31.063+0000] {processor.py:208} INFO - Processing /home/airflow/.local/lib/python3.12/site-packages/airflow/example_dags/example_skip_dag.py took 0.116 seconds
[2026-08-12T05:56:01.450+0000] {processor.py:186} INFO - Started process (PID=10334) to work on /home/airflow/.local/lib/python3.12/site-packages/airflow/example_dags/example_skip_dag.py
[2026-08-12T05:56:01.452+0000] {processor.py:914} INFO - Processing file /home/airflow/.local/lib/python3.12/site-packages/airflow/example_dags/example_skip_dag.py for tasks to queue
[2026-08-12T05:56:01.456+0000] {logging_mixin.py:190} INFO - [2026-08-12T05:56:01.455+0000] {dagbag.py:587} INFO - Filling up the DagBag from /home/airflow/.local/lib/python3.12/site-packages/airflow/example_dags/example_skip_dag.py
[2026-08-12T05:56:01.466+0000] {processor.py:925} INFO - DAG(s) 'example_skip_dag' retrieved from /home/airflow/.local/lib/python3.12/site-packages/airflow/example_dags/example_skip_dag.py
[2026-08-12T05:56:01.653+0000] {logging_mixin.py:190} INFO - [2026-08-12T05:56:01.652+0000] {dag.py:3211} INFO - Sync 1 DAGs
[2026-08-12T05:56:01.674+0000] {logging_mixin.py:190} INFO - [2026-08-12T05:56:01.674+0000] {dag.py:4138} INFO - Setting next_dagrun for example_skip_dag to 2026-08-11 00:00:00+00:00, run_after=2026-08-12 00:00:00+00:00
[2026-08-12T05:56:01.700+0000] {processor.py:208} INFO - Processing /home/airflow/.local/lib/python3.12/site-packages/airflow/example_dags/example_skip_dag.py took 0.258 seconds
[2026-08-12T05:56:32.033+0000] {processor.py:186} INFO - Started process (PID=10397) to work on /home/airflow/.local/lib/python3.12/site-packages/airflow/example_dags/example_skip_dag.py
[2026-08-12T05:56:32.036+0000] {processor.py:914} INFO - Processing file /home/airflow/.local/lib/python3.12/site-packages/airflow/example_dags/example_skip_dag.py for tasks to queue
[2026-08-12T05:56:32.042+0000] {logging_mixin.py:190} INFO - [2026-08-12T05:56:32.042+0000] {dagbag.py:587} INFO - Filling up the DagBag from /home/airflow/.local/lib/python3.12/site-packages/airflow/example_dags/example_skip_dag.py
[2026-08-12T05:56:32.053+0000] {processor.py:925} INFO - DAG(s) 'example_skip_dag' retrieved from /home/airflow/.local/lib/python3.12/site-packages/airflow/example_dags/example_skip_dag.py
[2026-08-12T05:56:32.076+0000] {logging_mixin.py:190} INFO - [2026-08-12T05:56:32.075+0000] {dag.py:3211} INFO - Sync 1 DAGs
[2026-08-12T05:56:32.264+0000] {logging_mixin.py:190} INFO - [2026-08-12T05:56:32.264+0000] {dag.py:4138} INFO - Setting next_dagrun for example_skip_dag to 2026-08-11 00:00:00+00:00, run_after=2026-08-12 00:00:00+00:00
[2026-08-12T05:56:32.286+0000] {processor.py:208} INFO - Processing /home/airflow/.local/lib/python3.12/site-packages/airflow/example_dags/example_skip_dag.py took 0.261 seconds
[2026-08-12T05:57:02.771+0000] {processor.py:186} INFO - Started process (PID=10462) to work on /home/airflow/.local/lib/python3.12/site-packages/airflow/example_dags/example_skip_dag.py
[2026-08-12T05:57:02.773+0000] {processor.py:914} INFO - Processing file /home/airflow/.local/lib/python3.12/site-packages/airflow/example_dags/example_skip_dag.py for tasks to queue
[2026-08-12T05:57:02.781+0000] {logging_mixin.py:190} INFO - [2026-08-12T05:57:02.780+0000] {dagbag.py:587} INFO - Filling up the DagBag from /home/airflow/.local/lib/python3.12/site-packages/airflow/example_dags/example_skip_dag.py
[2026-08-12T05:57:02.795+0000] {processor.py:925} INFO - DAG(s) 'example_skip_dag' retrieved from /home/airflow/.local/lib/python3.12/site-packages/airflow/example_dags/example_skip_dag.py
[2026-08-12T05:57:02.824+0000] {logging_mixin.py:190} INFO - [2026-08-12T05:57:02.824+0000] {dag.py:3211} INFO - Sync 1 DAGs
[2026-08-12T05:57:03.048+0000] {logging_mixin.py:190} INFO - [2026-08-12T05:57:03.047+0000] {dag.py:4138} INFO - Setting next_dagrun for example_skip_dag to 2026-08-11 00:00:00+00:00, run_after=2026-08-12 00:00:00+00:00
[2026-08-12T05:57:03.080+0000] {processor.py:208} INFO - Processing /home/airflow/.local/lib/python3.12/site-packages/airflow/example_dags/example_skip_dag.py took 0.315 seconds
[2026-08-12T05:57:33.870+0000] {processor.py:186} INFO - Started process (PID=10525) to work on /home/airflow/.local/lib/python3.12/site-packages/airflow/example_dags/example_skip_dag.py
[2026-08-12T05:57:33.875+0000] {processor.py:914} INFO - Processing file /home/airflow/.local/lib/python3.12/site-packages/airflow/example_dags/example_skip_dag.py for tasks to queue
[2026-08-12T05:57:33.883+0000] {logging_mixin.py:190} INFO - [2026-08-12T05:57:33.883+0000] {dagbag.py:587} INFO - Filling up the DagBag from /home/airflow/.local/lib/python3.12/site-packages/airflow/example_dags/example_skip_dag.py
[2026-08-12T05:57:33.898+0000] {processor.py:925} INFO - DAG(s) 'example_skip_dag' retrieved from /home/airflow/.local/lib/python3.12/site-packages/airflow/example_dags/example_skip_dag.py
[2026-08-12T05:57:33.924+0000] {logging_mixin.py:190} INFO - [2026-08-12T05:57:33.923+0000] {dag.py:3211} INFO - Sync 1 DAGs
[2026-08-12T05:57:33.952+0000] {logging_mixin.py:190} INFO - [2026-08-12T05:57:33.952+0000] {dag.py:4138} INFO - Setting next_dagrun for example_skip_dag to 2026-08-11 00:00:00+00:00, run_after=2026-08-12 00:00:00+00:00
[2026-08-12T05:57:33.977+0000] {processor.py:208} INFO - Processing /home/airflow/.local/lib/python3.12/site-packages/airflow/example_dags/example_skip_dag.py took 0.119 seconds
[2026-08-12T05:58:04.937+0000] {processor.py:186} INFO - Started process (PID=10588) to work on /home/airflow/.local/lib/python3.12/site-packages/airflow/example_dags/example_skip_dag.py
[2026-08-12T05:58:04.940+0000] {processor.py:914} INFO - Processing file /home/airflow/.local/lib/python3.12/site-packages/airflow/example_dags/example_skip_dag.py for tasks to queue
[2026-08-12T05:58:04.944+0000] {logging_mixin.py:190} INFO - [2026-08-12T05:58:04.944+0000] {dagbag.py:587} INFO - Filling up the DagBag from /home/airflow/.local/lib/python3.12/site-packages/airflow/example_dags/example_skip_dag.py
[2026-08-12T05:58:04.954+0000] {processor.py:925} INFO - DAG(s) 'example_skip_dag' retrieved from /home/airflow/.local/lib/python3.12/site-packages/airflow/example_dags/example_skip_dag.py
[2026-08-12T05:58:04.978+0000] {logging_mixin.py:190} INFO - [2026-08-12T05:58:04.977+0000] {dag.py:3211} INFO - Sync 1 DAGs
[2026-08-12T05:58:05.000+0000] {logging_mixin.py:190} INFO - [2026-08-12T05:58:05.000+0000] {dag.py:4138} INFO - Setting next_dagrun for example_skip_dag to 2026-08-11 00:00:00+00:00, run_after=2026-08-12 00:00:00+00:00
[2026-08-12T05:58:05.024+0000] {processor.py:208} INFO - Processing /home/airflow/.local/lib/python3.12/site-packages/airflow/example_dags/example_skip_dag.py took 0.093 seconds
[2026-08-12T05:58:35.516+0000] {processor.py:186} INFO - Started process (PID=10651) to work on /home/airflow/.local/lib/python3.12/site-packages/airflow/example_dags/example_skip_dag.py
[2026-08-12T05:58:35.518+0000] {processor.py:914} INFO - Processing file /home/airflow/.local/lib/python3.12/site-packages/airflow/example_dags/example_skip_dag.py for tasks to queue
[2026-08-12T05:58:35.523+0000] {logging_mixin.py:190} INFO - [2026-08-12T05:58:35.522+0000] {dagbag.py:587} INFO - Filling up the DagBag from /home/airflow/.local/lib/python3.12/site-packages/airflow/example_dags/example_skip_dag.py
[2026-08-12T05:58:35.534+0000] {processor.py:925} INFO - DAG(s) 'example_skip_dag' retrieved from /home/airflow/.local/lib/python3.12/site-packages/airflow/example_dags/example_skip_dag.py
[2026-08-12T05:58:35.559+0000] {logging_mixin.py:190} INFO - [2026-08-12T05:58:35.559+0000] {dag.py:3211} INFO - Sync 1 DAGs
[2026-08-12T05:58:35.586+0000] {logging_mixin.py:190} INFO - [2026-08-12T05:58:35.586+0000] {dag.py:4138} INFO - Setting next_dagrun for example_skip_dag to 2026-08-11 00:00:00+00:00, run_after=2026-08-12 00:00:00+00:00
[2026-08-12T05:58:35.616+0000] {processor.py:208} INFO - Processing /home/airflow/.local/lib/python3.12/site-packages/airflow/example_dags/example_skip_dag.py took 0.107 seconds
[2026-08-12T05:59:05.917+0000] {processor.py:186} INFO - Started process (PID=10714) to work on /home/airflow/.local/lib/python3.12/site-packages/airflow/example_dags/example_skip_dag.py
[2026-08-12T05:59:05.922+0000] {processor.py:914} INFO - Processing file /home/airflow/.local/lib/python3.12/site-packages/airflow/example_dags/example_skip_dag.py for tasks to queue
[2026-08-12T05:59:05.927+0000] {logging_mixin.py:190} INFO - [2026-08-12T05:59:05.926+0000] {dagbag.py:587} INFO - Filling up the DagBag from /home/airflow/.local/lib/python3.12/site-packages/airflow/example_dags/example_skip_dag.py
[2026-08-12T05:59:05.947+0000] {processor.py:925} INFO - DAG(s) 'example_skip_dag' retrieved from /home/airflow/.local/lib/python3.12/site-packages/airflow/example_dags/example_skip_dag.py
[2026-08-12T05:59:05.977+0000] {logging_mixin.py:190} INFO - [2026-08-12T05:59:05.977+0000] {dag.py:3211} INFO - Sync 1 DAGs
[2026-08-12T05:59:06.008+0000] {logging_mixin.py:190} INFO - [2026-08-12T05:59:06.008+0000] {dag.py:4138} INFO - Setting next_dagrun for example_skip_dag to 2026-08-11 00:00:00+00:00, run_after=2026-08-12 00:00:00+00:00
[2026-08-12T05:59:06.030+0000] {processor.py:208} INFO - Processing /home/airflow/.local/lib/python3.12/site-packages/airflow/example_dags/example_skip_dag.py took 0.126 seconds
[2026-08-12T05:59:36.439+0000] {processor.py:186} INFO - Started process (PID=10777) to work on /home/airflow/.local/lib/python3.12/site-packages/airflow/example_dags/example_skip_dag.py
[2026-08-12T05:59:36.442+0000] {processor.py:914} INFO - Processing file /home/airflow/.local/lib/python3.12/site-packages/airflow/example_dags/example_skip_dag.py for tasks to queue
[2026-08-12T05:59:36.449+0000] {logging_mixin.py:190} INFO - [2026-08-12T05:59:36.448+0000] {dagbag.py:587} INFO - Filling up the DagBag from /home/airflow/.local/lib/python3.12/site-packages/airflow/example_dags/example_skip_dag.py
[2026-08-12T05:59:36.463+0000] {processor.py:925} INFO - DAG(s) 'example_skip_dag' retrieved from /home/airflow/.local/lib/python3.12/site-packages/airflow/example_dags/example_skip_dag.py
[2026-08-12T05:59:36.496+0000] {logging_mixin.py:190} INFO - [2026-08-12T05:59:36.495+0000] {dag.py:3211} INFO - Sync 1 DAGs
[2026-08-12T05:59:36.528+0000] {logging_mixin.py:190} INFO - [2026-08-12T05:59:36.527+0000] {dag.py:4138} INFO - Setting next_dagrun for example_skip_dag to 2026-08-11 00:00:00+00:00, run_after=2026-08-12 00:00:00+00:00
[2026-08-12T05:59:36.553+0000] {processor.py:208} INFO - Processing /home/airflow/.local/lib/python3.12/site-packages/airflow/example_dags/example_skip_dag.py took 0.130 seconds
[2026-08-12T06:00:07.093+0000] {processor.py:186} INFO - Started process (PID=10846) to work on /home/airflow/.local/lib/python3.12/site-packages/airflow/example_dags/example_skip_dag.py
[2026-08-12T06:00:07.097+0000] {processor.py:914} INFO - Processing file /home/airflow/.local/lib/python3.12/site-packages/airflow/example_dags/example_skip_dag.py for tasks to queue
[2026-08-12T06:00:07.102+0000] {logging_mixin.py:190} INFO - [2026-08-12T06:00:07.101+0000] {dagbag.py:587} INFO - Filling up the DagBag from /home/airflow/.local/lib/python3.12/site-packages/airflow/example_dags/example_skip_dag.py
[2026-08-12T06:00:07.112+0000] {processor.py:925} INFO - DAG(s) 'example_skip_dag' retrieved from /home/airflow/.local/lib/python3.12/site-packages/airflow/example_dags/example_skip_dag.py
[2026-08-12T06:00:07.140+0000] {logging_mixin.py:190} INFO - [2026-08-12T06:00:07.140+0000] {dag.py:3211} INFO - Sync 1 DAGs
[2026-08-12T06:00:07.165+0000] {logging_mixin.py:190} INFO - [2026-08-12T06:00:07.165+0000] {dag.py:4138} INFO - Setting next_dagrun for example_skip_dag to 2026-08-11 00:00:00+00:00, run_after=2026-08-12 00:00:00+00:00
[2026-08-12T06:00:07.187+0000] {processor.py:208} INFO - Processing /home/airflow/.local/lib/python3.12/site-packages/airflow/example_dags/example_skip_dag.py took 0.100 seconds
[2026-08-12T06:00:37.820+0000] {processor.py:186} INFO - Started process (PID=10909) to work on /home/airflow/.local/lib/python3.12/site-packages/airflow/example_dags/example_skip_dag.py
[2026-08-12T06:00:37.824+0000] {processor.py:914} INFO - Processing file /home/airflow/.local/lib/python3.12/site-packages/airflow/example_dags/example_skip_dag.py for tasks to queue
[2026-08-12T06:00:37.829+0000] {logging_mixin.py:190} INFO - [2026-08-12T06:00:37.828+0000] {dagbag.py:587} INFO - Filling up the DagBag from /home/airflow/.local/lib/python3.12/site-packages/airflow/example_dags/example_skip_dag.py
[2026-08-12T06:00:37.845+0000] {processor.py:925} INFO - DAG(s) 'example_skip_dag' retrieved from /home/airflow/.local/lib/python3.12/site-packages/airflow/example_dags/example_skip_dag.py
[2026-08-12T06:00:37.874+0000] {logging_mixin.py:190} INFO - [2026-08-12T06:00:37.874+0000] {dag.py:3211} INFO - Sync 1 DAGs
[2026-08-12T06:00:37.899+0000] {logging_mixin.py:190} INFO - [2026-08-12T06:00:37.899+0000] {dag.py:4138} INFO - Setting next_dagrun for example_skip_dag to 2026-08-11 00:00:00+00:00, run_after=2026-08-12 00:00:00+00:00
[2026-08-12T06:00:37.922+0000] {processor.py:208} INFO - Processing /home/airflow/.local/lib/python3.12/site-packages/airflow/example_dags/example_skip_dag.py took 0.110 seconds
[2026-08-12T06:01:08.556+0000] {processor.py:186} INFO - Started process (PID=10972) to work on /home/airflow/.local/lib/python3.12/site-packages/airflow/example_dags/example_skip_dag.py
[2026-08-12T06:01:08.558+0000] {processor.py:914} INFO - Processing file /home/airflow/.local/lib/python3.12/site-packages/airflow/example_dags/example_skip_dag.py for tasks to queue
[2026-08-12T06:01:08.562+0000] {logging_mixin.py:190} INFO - [2026-08-12T06:01:08.562+0000] {dagbag.py:587} INFO - Filling up the DagBag from /home/airflow/.local/lib/python3.12/site-packages/airflow/example_dags/example_skip_dag.py
[2026-08-12T06:01:08.574+0000] {processor.py:925} INFO - DAG(s) 'example_skip_dag' retrieved from /home/airflow/.local/lib/python3.12/site-packages/airflow/example_dags/example_skip_dag.py
[2026-08-12T06:01:08.599+0000] {logging_mixin.py:190} INFO - [2026-08-12T06:01:08.599+0000] {dag.py:3211} INFO - Sync 1 DAGs
[2026-08-12T06:01:08.629+0000] {logging_mixin.py:190} INFO - [2026-08-12T06:01:08.629+0000] {dag.py:4138} INFO - Setting next_dagrun for example_skip_dag to 2026-08-11 00:00:00+00:00, run_after=2026-08-12 00:00:00+00:00
[2026-08-12T06:01:08.654+0000] {processor.py:208} INFO - Processing /home/airflow/.local/lib/python3.12/site-packages/airflow/example_dags/example_skip_dag.py took 0.105 seconds
[2026-08-12T06:01:39.074+0000] {processor.py:186} INFO - Started process (PID=11035) to work on /home/airflow/.local/lib/python3.12/site-packages/airflow/example_dags/example_skip_dag.py
[2026-08-12T06:01:39.076+0000] {processor.py:914} INFO - Processing file /home/airflow/.local/lib/python3.12/site-packages/airflow/example_dags/example_skip_dag.py for tasks to queue
[2026-08-12T06:01:39.082+0000] {logging_mixin.py:190} INFO - [2026-08-12T06:01:39.081+0000] {dagbag.py:587} INFO - Filling up the DagBag from /home/airflow/.local/lib/python3.12/site-packages/airflow/example_dags/example_skip_dag.py
[2026-08-12T06:01:39.097+0000] {processor.py:925} INFO - DAG(s) 'example_skip_dag' retrieved from /home/airflow/.local/lib/python3.12/site-packages/airflow/example_dags/example_skip_dag.py
[2026-08-12T06:01:39.120+0000] {logging_mixin.py:190} INFO - [2026-08-12T06:01:39.119+0000] {dag.py:3211} INFO - Sync 1 DAGs
[2026-08-12T06:01:39.147+0000] {logging_mixin.py:190} INFO - [2026-08-12T06:01:39.147+0000] {dag.py:4138} INFO - Setting next_dagrun for example_skip_dag to 2026-08-11 00:00:00+00:00, run_after=2026-08-12 00:00:00+00:00
[2026-08-12T06:01:39.171+0000] {processor.py:208} INFO - Processing /home/airflow/.local/lib/python3.12/site-packages/airflow/example_dags/example_skip_dag.py took 0.107 seconds
[2026-08-12T06:02:09.769+0000] {processor.py:186} INFO - Started process (PID=11098) to work on /home/airflow/.local/lib/python3.12/site-packages/airflow/example_dags/example_skip_dag.py
[2026-08-12T06:02:09.772+0000] {processor.py:914} INFO - Processing file /home/airflow/.local/lib/python3.12/site-packages/airflow/example_dags/example_skip_dag.py for tasks to queue
[2026-08-12T06:02:09.776+0000] {logging_mixin.py:190} INFO - [2026-08-12T06:02:09.776+0000] {dagbag.py:587} INFO - Filling up the DagBag from /home/airflow/.local/lib/python3.12/site-packages/airflow/example_dags/example_skip_dag.py
[2026-08-12T06:02:09.788+0000] {processor.py:925} INFO - DAG(s) 'example_skip_dag' retrieved from /home/airflow/.local/lib/python3.12/site-packages/airflow/example_dags/example_skip_dag.py
[2026-08-12T06:02:09.822+0000] {logging_mixin.py:190} INFO - [2026-08-12T06:02:09.822+0000] {dag.py:3211} INFO - Sync 1 DAGs
[2026-08-12T06:02:09.856+0000] {logging_mixin.py:190} INFO - [2026-08-12T06:02:09.856+0000] {dag.py:4138} INFO - Setting next_dagrun for example_skip_dag to 2026-08-11 00:00:00+00:00, run_after=2026-08-12 00:00:00+00:00
[2026-08-12T06:02:09.889+0000] {processor.py:208} INFO - Processing /home/airflow/.local/lib/python3.12/site-packages/airflow/example_dags/example_skip_dag.py took 0.127 seconds
[2026-08-12T06:02:40.805+0000] {processor.py:186} INFO - Started process (PID=11161) to work on /home/airflow/.local/lib/python3.12/site-packages/airflow/example_dags/example_skip_dag.py
[2026-08-12T06:02:40.808+0000] {processor.py:914} INFO - Processing file /home/airflow/.local/lib/python3.12/site-packages/airflow/example_dags/example_skip_dag.py for tasks to queue
[2026-08-12T06:02:40.814+0000] {logging_mixin.py:190} INFO - [2026-08-12T06:02:40.813+0000] {dagbag.py:587} INFO - Filling up the DagBag from /home/airflow/.local/lib/python3.12/site-packages/airflow/example_dags/example_skip_dag.py
[2026-08-12T06:02:40.829+0000] {processor.py:925} INFO - DAG(s) 'example_skip_dag' retrieved from /home/airflow/.local/lib/python3.12/site-packages/airflow/example_dags/example_skip_dag.py
[2026-08-12T06:02:40.866+0000] {logging_mixin.py:190} INFO - [2026-08-12T06:02:40.865+0000] {dag.py:3211} INFO - Sync 1 DAGs
[2026-08-12T06:02:40.916+0000] {logging_mixin.py:190} INFO - [2026-08-12T06:02:40.915+0000] {dag.py:4138} INFO - Setting next_dagrun for example_skip_dag to 2026-08-11 00:00:00+00:00, run_after=2026-08-12 00:00:00+00:00
[2026-08-12T06:02:40.956+0000] {processor.py:208} INFO - Processing /home/airflow/.local/lib/python3.12/site-packages/airflow/example_dags/example_skip_dag.py took 0.159 seconds
[2026-08-12T06:03:11.289+0000] {processor.py:186} INFO - Started process (PID=11224) to work on /home/airflow/.local/lib/python3.12/site-packages/airflow/example_dags/example_skip_dag.py
[2026-08-12T06:03:11.292+0000] {processor.py:914} INFO - Processing file /home/airflow/.local/lib/python3.12/site-packages/airflow/example_dags/example_skip_dag.py for tasks to queue
[2026-08-12T06:03:11.298+0000] {logging_mixin.py:190} INFO - [2026-08-12T06:03:11.297+0000] {dagbag.py:587} INFO - Filling up the DagBag from /home/airflow/.local/lib/python3.12/site-packages/airflow/example_dags/example_skip_dag.py
[2026-08-12T06:03:11.316+0000] {processor.py:925} INFO - DAG(s) 'example_skip_dag' retrieved from /home/airflow/.local/lib/python3.12/site-packages/airflow/example_dags/example_skip_dag.py
[2026-08-12T06:03:11.354+0000] {logging_mixin.py:190} INFO - [2026-08-12T06:03:11.353+0000] {dag.py:3211} INFO - Sync 1 DAGs
[2026-08-12T06:03:11.391+0000] {logging_mixin.py:190} INFO - [2026-08-12T06:03:11.391+0000] {dag.py:4138} INFO - Setting next_dagrun for example_skip_dag to 2026-08-11 00:00:00+00:00, run_after=2026-08-12 00:00:00+00:00
[2026-08-12T06:03:11.425+0000] {processor.py:208} INFO - Processing /home/airflow/.local/lib/python3.12/site-packages/airflow/example_dags/example_skip_dag.py took 0.145 seconds
[2026-08-12T06:03:42.408+0000] {processor.py:186} INFO - Started process (PID=11287) to work on /home/airflow/.local/lib/python3.12/site-packages/airflow/example_dags/example_skip_dag.py
[2026-08-12T06:03:42.410+0000] {processor.py:914} INFO - Processing file /home/airflow/.local/lib/python3.12/site-packages/airflow/example_dags/example_skip_dag.py for tasks to queue
[2026-08-12T06:03:42.415+0000] {logging_mixin.py:190} INFO - [2026-08-12T06:03:42.415+0000] {dagbag.py:587} INFO - Filling up the DagBag from /home/airflow/.local/lib/python3.12/site-packages/airflow/example_dags/example_skip_dag.py
[2026-08-12T06:03:42.428+0000] {processor.py:925} INFO - DAG(s) 'example_skip_dag' retrieved from /home/airflow/.local/lib/python3.12/site-packages/airflow/example_dags/example_skip_dag.py
[2026-08-12T06:03:42.460+0000] {logging_mixin.py:190} INFO - [2026-08-12T06:03:42.460+0000] {dag.py:3211} INFO - Sync 1 DAGs
[2026-08-12T06:03:42.494+0000] {logging_mixin.py:190} INFO - [2026-08-12T06:03:42.494+0000] {dag.py:4138} INFO - Setting next_dagrun for example_skip_dag to 2026-08-11 00:00:00+00:00, run_after=2026-08-12 00:00:00+00:00
[2026-08-12T06:03:42.526+0000] {processor.py:208} INFO - Processing /home/airflow/.local/lib/python3.12/site-packages/airflow/example_dags/example_skip_dag.py took 0.128 seconds
[2026-08-12T06:04:12.626+0000] {processor.py:186} INFO - Started process (PID=11350) to work on /home/airflow/.local/lib/python3.12/site-packages/airflow/example_dags/example_skip_dag.py
[2026-08-12T06:04:12.628+0000] {processor.py:914} INFO - Processing file /home/airflow/.local/lib/python3.12/site-packages/airflow/example_dags/example_skip_dag.py for tasks to queue
[2026-08-12T06:04:12.633+0000] {logging_mixin.py:190} INFO - [2026-08-12T06:04:12.633+0000] {dagbag.py:587} INFO - Filling up the DagBag from /home/airflow/.local/lib/python3.12/site-packages/airflow/example_dags/example_skip_dag.py
[2026-08-12T06:04:12.646+0000] {processor.py:925} INFO - DAG(s) 'example_skip_dag' retrieved from /home/airflow/.local/lib/python3.12/site-packages/airflow/example_dags/example_skip_dag.py
[2026-08-12T06:04:12.676+0000] {logging_mixin.py:190} INFO - [2026-08-12T06:04:12.675+0000] {dag.py:3211} INFO - Sync 1 DAGs
[2026-08-12T06:04:12.708+0000] {logging_mixin.py:190} INFO - [2026-08-12T06:04:12.708+0000] {dag.py:4138} INFO - Setting next_dagrun for example_skip_dag to 2026-08-11 00:00:00+00:00, run_after=2026-08-12 00:00:00+00:00
[2026-08-12T06:04:12.734+0000] {processor.py:208} INFO - Processing /home/airflow/.local/lib/python3.12/site-packages/airflow/example_dags/example_skip_dag.py took 0.116 seconds
[2026-08-12T06:04:43.274+0000] {processor.py:186} INFO - Started process (PID=11414) to work on /home/airflow/.local/lib/python3.12/site-packages/airflow/example_dags/example_skip_dag.py
[2026-08-12T06:04:43.277+0000] {processor.py:914} INFO - Processing file /home/airflow/.local/lib/python3.12/site-packages/airflow/example_dags/example_skip_dag.py for tasks to queue
[2026-08-12T06:04:43.284+0000] {logging_mixin.py:190} INFO - [2026-08-12T06:04:43.282+0000] {dagbag.py:587} INFO - Filling up the DagBag from /home/airflow/.local/lib/python3.12/site-packages/airflow/example_dags/example_skip_dag.py
[2026-08-12T06:04:43.297+0000] {processor.py:925} INFO - DAG(s) 'example_skip_dag' retrieved from /home/airflow/.local/lib/python3.12/site-packages/airflow/example_dags/example_skip_dag.py
[2026-08-12T06:04:43.340+0000] {logging_mixin.py:190} INFO - [2026-08-12T06:04:43.339+0000] {dag.py:3211} INFO - Sync 1 DAGs
[2026-08-12T06:04:43.397+0000] {logging_mixin.py:190} INFO - [2026-08-12T06:04:43.395+0000] {dag.py:4138} INFO - Setting next_dagrun for example_skip_dag to 2026-08-11 00:00:00+00:00, run_after=2026-08-12 00:00:00+00:00
[2026-08-12T06:04:43.451+0000] {processor.py:208} INFO - Processing /home/airflow/.local/lib/python3.12/site-packages/airflow/example_dags/example_skip_dag.py took 0.184 seconds
[2026-08-12T06:05:13.680+0000] {processor.py:186} INFO - Started process (PID=11478) to work on /home/airflow/.local/lib/python3.12/site-packages/airflow/example_dags/example_skip_dag.py
[2026-08-12T06:05:13.683+0000] {processor.py:914} INFO - Processing file /home/airflow/.local/lib/python3.12/site-packages/airflow/example_dags/example_skip_dag.py for tasks to queue
[2026-08-12T06:05:13.690+0000] {logging_mixin.py:190} INFO - [2026-08-12T06:05:13.689+0000] {dagbag.py:587} INFO - Filling up the DagBag from /home/airflow/.local/lib/python3.12/site-packages/airflow/example_dags/example_skip_dag.py
[2026-08-12T06:05:13.704+0000] {processor.py:925} INFO - DAG(s) 'example_skip_dag' retrieved from /home/airflow/.local/lib/python3.12/site-packages/airflow/example_dags/example_skip_dag.py
[2026-08-12T06:05:13.737+0000] {logging_mixin.py:190} INFO - [2026-08-12T06:05:13.737+0000] {dag.py:3211} INFO - Sync 1 DAGs
[2026-08-12T06:05:13.777+0000] {logging_mixin.py:190} INFO - [2026-08-12T06:05:13.777+0000] {dag.py:4138} INFO - Setting next_dagrun for example_skip_dag to 2026-08-11 00:00:00+00:00, run_after=2026-08-12 00:00:00+00:00
[2026-08-12T06:05:13.810+0000] {processor.py:208} INFO - Processing /home/airflow/.local/lib/python3.12/site-packages/airflow/example_dags/example_skip_dag.py took 0.141 seconds
[2026-08-12T06:05:44.066+0000] {processor.py:186} INFO - Started process (PID=11541) to work on /home/airflow/.local/lib/python3.12/site-packages/airflow/example_dags/example_skip_dag.py
[2026-08-12T06:05:44.068+0000] {processor.py:914} INFO - Processing file /home/airflow/.local/lib/python3.12/site-packages/airflow/example_dags/example_skip_dag.py for tasks to queue
[2026-08-12T06:05:44.072+0000] {logging_mixin.py:190} INFO - [2026-08-12T06:05:44.072+0000] {dagbag.py:587} INFO - Filling up the DagBag from /home/airflow/.local/lib/python3.12/site-packages/airflow/example_dags/example_skip_dag.py
[2026-08-12T06:05:44.091+0000] {processor.py:925} INFO - DAG(s) 'example_skip_dag' retrieved from /home/airflow/.local/lib/python3.12/site-packages/airflow/example_dags/example_skip_dag.py
[2026-08-12T06:05:44.129+0000] {logging_mixin.py:190} INFO - [2026-08-12T06:05:44.128+0000] {dag.py:3211} INFO - Sync 1 DAGs
[2026-08-12T06:05:44.171+0000] {logging_mixin.py:190} INFO - [2026-08-12T06:05:44.170+0000] {dag.py:4138} INFO - Setting next_dagrun for example_skip_dag to 2026-08-11 00:00:00+00:00, run_after=2026-08-12 00:00:00+00:00
[2026-08-12T06:05:44.205+0000] {processor.py:208} INFO - Processing /home/airflow/.local/lib/python3.12/site-packages/airflow/example_dags/example_skip_dag.py took 0.147 seconds
[2026-08-12T06:06:14.816+0000] {processor.py:186} INFO - Started process (PID=11604) to work on /home/airflow/.local/lib/python3.12/site-packages/airflow/example_dags/example_skip_dag.py
[2026-08-12T06:06:14.820+0000] {processor.py:914} INFO - Processing file /home/airflow/.local/lib/python3.12/site-packages/airflow/example_dags/example_skip_dag.py for tasks to queue
[2026-08-12T06:06:14.825+0000] {logging_mixin.py:190} INFO - [2026-08-12T06:06:14.824+0000] {dagbag.py:587} INFO - Filling up the DagBag from /home/airflow/.local/lib/python3.12/site-packages/airflow/example_dags/example_skip_dag.py
[2026-08-12T06:06:14.837+0000] {processor.py:925} INFO - DAG(s) 'example_skip_dag' retrieved from /home/airflow/.local/lib/python3.12/site-packages/airflow/example_dags/example_skip_dag.py
[2026-08-12T06:06:14.868+0000] {logging_mixin.py:190} INFO - [2026-08-12T06:06:14.868+0000] {dag.py:3211} INFO - Sync 1 DAGs
[2026-08-12T06:06:14.897+0000] {logging_mixin.py:190} INFO - [2026-08-12T06:06:14.897+0000] {dag.py:4138} INFO - Setting next_dagrun for example_skip_dag to 2026-08-11 00:00:00+00:00, run_after=2026-08-12 00:00:00+00:00
[2026-08-12T06:06:14.933+0000] {processor.py:208} INFO - Processing /home/airflow/.local/lib/python3.12/site-packages/airflow/example_dags/example_skip_dag.py took 0.122 seconds
[2026-08-12T06:06:45.016+0000] {processor.py:186} INFO - Started process (PID=11667) to work on /home/airflow/.local/lib/python3.12/site-packages/airflow/example_dags/example_skip_dag.py
[2026-08-12T06:06:45.019+0000] {processor.py:914} INFO - Processing file /home/airflow/.local/lib/python3.12/site-packages/airflow/example_dags/example_skip_dag.py for tasks to queue
[2026-08-12T06:06:45.022+0000] {logging_mixin.py:190} INFO - [2026-08-12T06:06:45.022+0000] {dagbag.py:587} INFO - Filling up the DagBag from /home/airflow/.local/lib/python3.12/site-packages/airflow/example_dags/example_skip_dag.py
[2026-08-12T06:06:45.032+0000] {processor.py:925} INFO - DAG(s) 'example_skip_dag' retrieved from /home/airflow/.local/lib/python3.12/site-packages/airflow/example_dags/example_skip_dag.py
[2026-08-12T06:06:45.063+0000] {logging_mixin.py:190} INFO - [2026-08-12T06:06:45.062+0000] {dag.py:3211} INFO - Sync 1 DAGs
[2026-08-12T06:06:45.093+0000] {logging_mixin.py:190} INFO - [2026-08-12T06:06:45.093+0000] {dag.py:4138} INFO - Setting next_dagrun for example_skip_dag to 2026-08-11 00:00:00+00:00, run_after=2026-08-12 00:00:00+00:00
[2026-08-12T06:06:45.122+0000] {processor.py:208} INFO - Processing /home/airflow/.local/lib/python3.12/site-packages/airflow/example_dags/example_skip_dag.py took 0.112 seconds
[2026-08-12T06:07:15.202+0000] {processor.py:186} INFO - Started process (PID=11731) to work on /home/airflow/.local/lib/python3.12/site-packages/airflow/example_dags/example_skip_dag.py
[2026-08-12T06:07:15.205+0000] {processor.py:914} INFO - Processing file /home/airflow/.local/lib/python3.12/site-packages/airflow/example_dags/example_skip_dag.py for tasks to queue
[2026-08-12T06:07:15.210+0000] {logging_mixin.py:190} INFO - [2026-08-12T06:07:15.209+0000] {dagbag.py:587} INFO - Filling up the DagBag from /home/airflow/.local/lib/python3.12/site-packages/airflow/example_dags/example_skip_dag.py
[2026-08-12T06:07:15.221+0000] {processor.py:925} INFO - DAG(s) 'example_skip_dag' retrieved from /home/airflow/.local/lib/python3.12/site-packages/airflow/example_dags/example_skip_dag.py
[2026-08-12T06:07:15.248+0000] {logging_mixin.py:190} INFO - [2026-08-12T06:07:15.248+0000] {dag.py:3211} INFO - Sync 1 DAGs
[2026-08-12T06:07:15.276+0000] {logging_mixin.py:190} INFO - [2026-08-12T06:07:15.276+0000] {dag.py:4138} INFO - Setting next_dagrun for example_skip_dag to 2026-08-11 00:00:00+00:00, run_after=2026-08-12 00:00:00+00:00
[2026-08-12T06:07:15.298+0000] {processor.py:208} INFO - Processing /home/airflow/.local/lib/python3.12/site-packages/airflow/example_dags/example_skip_dag.py took 0.106 seconds
[2026-08-12T06:07:45.660+0000] {processor.py:186} INFO - Started process (PID=11795) to work on /home/airflow/.local/lib/python3.12/site-packages/airflow/example_dags/example_skip_dag.py
[2026-08-12T06:07:45.662+0000] {processor.py:914} INFO - Processing file /home/airflow/.local/lib/python3.12/site-packages/airflow/example_dags/example_skip_dag.py for tasks to queue
[2026-08-12T06:07:45.667+0000] {logging_mixin.py:190} INFO - [2026-08-12T06:07:45.666+0000] {dagbag.py:587} INFO - Filling up the DagBag from /home/airflow/.local/lib/python3.12/site-packages/airflow/example_dags/example_skip_dag.py
[2026-08-12T06:07:45.677+0000] {processor.py:925} INFO - DAG(s) 'example_skip_dag' retrieved from /home/airflow/.local/lib/python3.12/site-packages/airflow/example_dags/example_skip_dag.py
[2026-08-12T06:07:45.700+0000] {logging_mixin.py:190} INFO - [2026-08-12T06:07:45.700+0000] {dag.py:3211} INFO - Sync 1 DAGs
[2026-08-12T06:07:45.725+0000] {logging_mixin.py:190} INFO - [2026-08-12T06:07:45.725+0000] {dag.py:4138} INFO - Setting next_dagrun for example_skip_dag to 2026-08-11 00:00:00+00:00, run_after=2026-08-12 00:00:00+00:00
[2026-08-12T06:07:45.746+0000] {processor.py:208} INFO - Processing /home/airflow/.local/lib/python3.12/site-packages/airflow/example_dags/example_skip_dag.py took 0.092 seconds
[2026-08-12T06:08:16.316+0000] {processor.py:186} INFO - Started process (PID=11858) to work on /home/airflow/.local/lib/python3.12/site-packages/airflow/example_dags/example_skip_dag.py
[2026-08-12T06:08:16.319+0000] {processor.py:914} INFO - Processing file /home/airflow/.local/lib/python3.12/site-packages/airflow/example_dags/example_skip_dag.py for tasks to queue
[2026-08-12T06:08:16.325+0000] {logging_mixin.py:190} INFO - [2026-08-12T06:08:16.324+0000] {dagbag.py:587} INFO - Filling up the DagBag from /home/airflow/.local/lib/python3.12/site-packages/airflow/example_dags/example_skip_dag.py
[2026-08-12T06:08:16.339+0000] {processor.py:925} INFO - DAG(s) 'example_skip_dag' retrieved from /home/airflow/.local/lib/python3.12/site-packages/airflow/example_dags/example_skip_dag.py
[2026-08-12T06:08:16.366+0000] {logging_mixin.py:190} INFO - [2026-08-12T06:08:16.366+0000] {dag.py:3211} INFO - Sync 1 DAGs
[2026-08-12T06:08:16.391+0000] {logging_mixin.py:190} INFO - [2026-08-12T06:08:16.390+0000] {dag.py:4138} INFO - Setting next_dagrun for example_skip_dag to 2026-08-11 00:00:00+00:00, run_after=2026-08-12 00:00:00+00:00
[2026-08-12T06:08:16.419+0000] {processor.py:208} INFO - Processing /home/airflow/.local/lib/python3.12/site-packages/airflow/example_dags/example_skip_dag.py took 0.111 seconds
[2026-08-12T06:08:46.929+0000] {processor.py:186} INFO - Started process (PID=11922) to work on /home/airflow/.local/lib/python3.12/site-packages/airflow/example_dags/example_skip_dag.py
[2026-08-12T06:08:46.932+0000] {processor.py:914} INFO - Processing file /home/airflow/.local/lib/python3.12/site-packages/airflow/example_dags/example_skip_dag.py for tasks to queue
[2026-08-12T06:08:46.938+0000] {logging_mixin.py:190} INFO - [2026-08-12T06:08:46.938+0000] {dagbag.py:587} INFO - Filling up the DagBag from /home/airflow/.local/lib/python3.12/site-packages/airflow/example_dags/example_skip_dag.py
[2026-08-12T06:08:46.957+0000] {processor.py:925} INFO - DAG(s) 'example_skip_dag' retrieved from /home/airflow/.local/lib/python3.12/site-packages/airflow/example_dags/example_skip_dag.py
[2026-08-12T06:08:46.994+0000] {logging_mixin.py:190} INFO - [2026-08-12T06:08:46.994+0000] {dag.py:3211} INFO - Sync 1 DAGs
[2026-08-12T06:08:47.036+0000] {logging_mixin.py:190} INFO - [2026-08-12T06:08:47.036+0000] {dag.py:4138} INFO - Setting next_dagrun for example_skip_dag to 2026-08-11 00:00:00+00:00, run_after=2026-08-12 00:00:00+00:00
[2026-08-12T06:08:47.067+0000] {processor.py:208} INFO - Processing /home/airflow/.local/lib/python3.12/site-packages/airflow/example_dags/example_skip_dag.py took 0.149 seconds
[2026-08-12T06:09:17.654+0000] {processor.py:186} INFO - Started process (PID=11985) to work on /home/airflow/.local/lib/python3.12/site-packages/airflow/example_dags/example_skip_dag.py
[2026-08-12T06:09:17.657+0000] {processor.py:914} INFO - Processing file /home/airflow/.local/lib/python3.12/site-packages/airflow/example_dags/example_skip_dag.py for tasks to queue
[2026-08-12T06:09:17.661+0000] {logging_mixin.py:190} INFO - [2026-08-12T06:09:17.661+0000] {dagbag.py:587} INFO - Filling up the DagBag from /home/airflow/.local/lib/python3.12/site-packages/airflow/example_dags/example_skip_dag.py
[2026-08-12T06:09:17.671+0000] {processor.py:925} INFO - DAG(s) 'example_skip_dag' retrieved from /home/airflow/.local/lib/python3.12/site-packages/airflow/example_dags/example_skip_dag.py
[2026-08-12T06:09:17.697+0000] {logging_mixin.py:190} INFO - [2026-08-12T06:09:17.696+0000] {dag.py:3211} INFO - Sync 1 DAGs
[2026-08-12T06:09:17.726+0000] {logging_mixin.py:190} INFO - [2026-08-12T06:09:17.726+0000] {dag.py:4138} INFO - Setting next_dagrun for example_skip_dag to 2026-08-11 00:00:00+00:00, run_after=2026-08-12 00:00:00+00:00
[2026-08-12T06:09:17.749+0000] {processor.py:208} INFO - Processing /home/airflow/.local/lib/python3.12/site-packages/airflow/example_dags/example_skip_dag.py took 0.101 seconds
[2026-08-12T06:09:48.073+0000] {processor.py:186} INFO - Started process (PID=12047) to work on /home/airflow/.local/lib/python3.12/site-packages/airflow/example_dags/example_skip_dag.py
[2026-08-12T06:09:48.077+0000] {processor.py:914} INFO - Processing file /home/airflow/.local/lib/python3.12/site-packages/airflow/example_dags/example_skip_dag.py for tasks to queue
[2026-08-12T06:09:48.082+0000] {logging_mixin.py:190} INFO - [2026-08-12T06:09:48.081+0000] {dagbag.py:587} INFO - Filling up the DagBag from /home/airflow/.local/lib/python3.12/site-packages/airflow/example_dags/example_skip_dag.py
[2026-08-12T06:09:48.093+0000] {processor.py:925} INFO - DAG(s) 'example_skip_dag' retrieved from /home/airflow/.local/lib/python3.12/site-packages/airflow/example_dags/example_skip_dag.py
[2026-08-12T06:09:48.120+0000] {logging_mixin.py:190} INFO - [2026-08-12T06:09:48.120+0000] {dag.py:3211} INFO - Sync 1 DAGs
[2026-08-12T06:09:48.149+0000] {logging_mixin.py:190} INFO - [2026-08-12T06:09:48.149+0000] {dag.py:4138} INFO - Setting next_dagrun for example_skip_dag to 2026-08-11 00:00:00+00:00, run_after=2026-08-12 00:00:00+00:00
[2026-08-12T06:09:48.175+0000] {processor.py:208} INFO - Processing /home/airflow/.local/lib/python3.12/site-packages/airflow/example_dags/example_skip_dag.py took 0.113 seconds
[2026-08-12T06:10:18.837+0000] {processor.py:186} INFO - Started process (PID=12110) to work on /home/airflow/.local/lib/python3.12/site-packages/airflow/example_dags/example_skip_dag.py
[2026-08-12T06:10:18.844+0000] {processor.py:914} INFO - Processing file /home/airflow/.local/lib/python3.12/site-packages/airflow/example_dags/example_skip_dag.py for tasks to queue
[2026-08-12T06:10:18.857+0000] {logging_mixin.py:190} INFO - [2026-08-12T06:10:18.856+0000] {dagbag.py:587} INFO - Filling up the DagBag from /home/airflow/.local/lib/python3.12/site-packages/airflow/example_dags/example_skip_dag.py
[2026-08-12T06:10:18.871+0000] {processor.py:925} INFO - DAG(s) 'example_skip_dag' retrieved from /home/airflow/.local/lib/python3.12/site-packages/airflow/example_dags/example_skip_dag.py
[2026-08-12T06:10:18.905+0000] {logging_mixin.py:190} INFO - [2026-08-12T06:10:18.904+0000] {dag.py:3211} INFO - Sync 1 DAGs
[2026-08-12T06:10:18.935+0000] {logging_mixin.py:190} INFO - [2026-08-12T06:10:18.935+0000] {dag.py:4138} INFO - Setting next_dagrun for example_skip_dag to 2026-08-11 00:00:00+00:00, run_after=2026-08-12 00:00:00+00:00
[2026-08-12T06:10:18.970+0000] {processor.py:208} INFO - Processing /home/airflow/.local/lib/python3.12/site-packages/airflow/example_dags/example_skip_dag.py took 0.155 seconds
