[2026-08-12T04:31:03.181+0000] {processor.py:186} INFO - Started process (PID=76) to work on /home/airflow/.local/lib/python3.12/site-packages/airflow/example_dags/example_branch_python_dop_operator_3.py
[2026-08-12T04:31:03.184+0000] {processor.py:914} INFO - Processing file /home/airflow/.local/lib/python3.12/site-packages/airflow/example_dags/example_branch_python_dop_operator_3.py for tasks to queue
[2026-08-12T04:31:03.189+0000] {logging_mixin.py:190} INFO - [2026-08-12T04:31:03.189+0000] {dagbag.py:587} INFO - Filling up the DagBag from /home/airflow/.local/lib/python3.12/site-packages/airflow/example_dags/example_branch_python_dop_operator_3.py
[2026-08-12T04:31:03.212+0000] {processor.py:925} INFO - DAG(s) 'example_branch_dop_operator_v3' retrieved from /home/airflow/.local/lib/python3.12/site-packages/airflow/example_dags/example_branch_python_dop_operator_3.py
[2026-08-12T04:31:03.590+0000] {logging_mixin.py:190} INFO - [2026-08-12T04:31:03.588+0000] {override.py:1858} INFO - Created Permission View: can delete on DAG:example_branch_dop_operator_v3
[2026-08-12T04:31:03.616+0000] {logging_mixin.py:190} INFO - [2026-08-12T04:31:03.615+0000] {override.py:1858} INFO - Created Permission View: can read on DAG:example_branch_dop_operator_v3
[2026-08-12T04:31:03.629+0000] {logging_mixin.py:190} INFO - [2026-08-12T04:31:03.629+0000] {override.py:1858} INFO - Created Permission View: can edit on DAG:example_branch_dop_operator_v3
[2026-08-12T04:31:03.632+0000] {logging_mixin.py:190} INFO - [2026-08-12T04:31:03.632+0000] {dag.py:3211} INFO - Sync 1 DAGs
[2026-08-12T04:31:03.676+0000] {logging_mixin.py:190} INFO - [2026-08-12T04:31:03.676+0000] {dag.py:3234} INFO - Creating ORM DAG for example_branch_dop_operator_v3
[2026-08-12T04:31:03.717+0000] {logging_mixin.py:190} INFO - [2026-08-12T04:31:03.717+0000] {dag.py:4138} INFO - Setting next_dagrun for example_branch_dop_operator_v3 to 2026-08-12 04:30:00+00:00, run_after=2026-08-12 04:31:00+00:00
[2026-08-12T04:31:03.758+0000] {processor.py:208} INFO - Processing /home/airflow/.local/lib/python3.12/site-packages/airflow/example_dags/example_branch_python_dop_operator_3.py took 0.583 seconds
[2026-08-12T04:31:33.856+0000] {processor.py:186} INFO - Started process (PID=138) to work on /home/airflow/.local/lib/python3.12/site-packages/airflow/example_dags/example_branch_python_dop_operator_3.py
[2026-08-12T04:31:33.860+0000] {processor.py:914} INFO - Processing file /home/airflow/.local/lib/python3.12/site-packages/airflow/example_dags/example_branch_python_dop_operator_3.py for tasks to queue
[2026-08-12T04:31:33.866+0000] {logging_mixin.py:190} INFO - [2026-08-12T04:31:33.865+0000] {dagbag.py:587} INFO - Filling up the DagBag from /home/airflow/.local/lib/python3.12/site-packages/airflow/example_dags/example_branch_python_dop_operator_3.py
[2026-08-12T04:31:33.883+0000] {processor.py:925} INFO - DAG(s) 'example_branch_dop_operator_v3' retrieved from /home/airflow/.local/lib/python3.12/site-packages/airflow/example_dags/example_branch_python_dop_operator_3.py
[2026-08-12T04:31:33.916+0000] {logging_mixin.py:190} INFO - [2026-08-12T04:31:33.915+0000] {dag.py:3211} INFO - Sync 1 DAGs
[2026-08-12T04:31:33.946+0000] {logging_mixin.py:190} INFO - [2026-08-12T04:31:33.946+0000] {dag.py:4138} INFO - Setting next_dagrun for example_branch_dop_operator_v3 to 2026-08-12 04:30:00+00:00, run_after=2026-08-12 04:31:00+00:00
[2026-08-12T04:31:33.968+0000] {processor.py:208} INFO - Processing /home/airflow/.local/lib/python3.12/site-packages/airflow/example_dags/example_branch_python_dop_operator_3.py took 0.123 seconds
[2026-08-12T04:32:51.016+0000] {processor.py:186} INFO - Started process (PID=70) to work on /home/airflow/.local/lib/python3.12/site-packages/airflow/example_dags/example_branch_python_dop_operator_3.py
[2026-08-12T04:32:51.022+0000] {processor.py:914} INFO - Processing file /home/airflow/.local/lib/python3.12/site-packages/airflow/example_dags/example_branch_python_dop_operator_3.py for tasks to queue
[2026-08-12T04:32:51.038+0000] {logging_mixin.py:190} INFO - [2026-08-12T04:32:51.036+0000] {dagbag.py:587} INFO - Filling up the DagBag from /home/airflow/.local/lib/python3.12/site-packages/airflow/example_dags/example_branch_python_dop_operator_3.py
[2026-08-12T04:32:51.082+0000] {processor.py:925} INFO - DAG(s) 'example_branch_dop_operator_v3' retrieved from /home/airflow/.local/lib/python3.12/site-packages/airflow/example_dags/example_branch_python_dop_operator_3.py
[2026-08-12T04:32:51.144+0000] {logging_mixin.py:190} INFO - [2026-08-12T04:32:51.144+0000] {dag.py:3211} INFO - Sync 1 DAGs
[2026-08-12T04:32:51.223+0000] {logging_mixin.py:190} INFO - [2026-08-12T04:32:51.222+0000] {dag.py:4138} INFO - Setting next_dagrun for example_branch_dop_operator_v3 to 2026-08-12 04:31:00+00:00, run_after=2026-08-12 04:32:00+00:00
[2026-08-12T04:32:51.292+0000] {processor.py:208} INFO - Processing /home/airflow/.local/lib/python3.12/site-packages/airflow/example_dags/example_branch_python_dop_operator_3.py took 0.300 seconds
[2026-08-12T04:33:21.978+0000] {processor.py:186} INFO - Started process (PID=132) to work on /home/airflow/.local/lib/python3.12/site-packages/airflow/example_dags/example_branch_python_dop_operator_3.py
[2026-08-12T04:33:21.980+0000] {processor.py:914} INFO - Processing file /home/airflow/.local/lib/python3.12/site-packages/airflow/example_dags/example_branch_python_dop_operator_3.py for tasks to queue
[2026-08-12T04:33:21.984+0000] {logging_mixin.py:190} INFO - [2026-08-12T04:33:21.984+0000] {dagbag.py:587} INFO - Filling up the DagBag from /home/airflow/.local/lib/python3.12/site-packages/airflow/example_dags/example_branch_python_dop_operator_3.py
[2026-08-12T04:33:22.000+0000] {processor.py:925} INFO - DAG(s) 'example_branch_dop_operator_v3' retrieved from /home/airflow/.local/lib/python3.12/site-packages/airflow/example_dags/example_branch_python_dop_operator_3.py
[2026-08-12T04:33:22.029+0000] {logging_mixin.py:190} INFO - [2026-08-12T04:33:22.028+0000] {dag.py:3211} INFO - Sync 1 DAGs
[2026-08-12T04:33:22.064+0000] {logging_mixin.py:190} INFO - [2026-08-12T04:33:22.063+0000] {dag.py:4138} INFO - Setting next_dagrun for example_branch_dop_operator_v3 to 2026-08-12 04:32:00+00:00, run_after=2026-08-12 04:33:00+00:00
[2026-08-12T04:33:22.094+0000] {processor.py:208} INFO - Processing /home/airflow/.local/lib/python3.12/site-packages/airflow/example_dags/example_branch_python_dop_operator_3.py took 0.123 seconds
[2026-08-12T04:33:52.972+0000] {processor.py:186} INFO - Started process (PID=194) to work on /home/airflow/.local/lib/python3.12/site-packages/airflow/example_dags/example_branch_python_dop_operator_3.py
[2026-08-12T04:33:52.974+0000] {processor.py:914} INFO - Processing file /home/airflow/.local/lib/python3.12/site-packages/airflow/example_dags/example_branch_python_dop_operator_3.py for tasks to queue
[2026-08-12T04:33:52.979+0000] {logging_mixin.py:190} INFO - [2026-08-12T04:33:52.978+0000] {dagbag.py:587} INFO - Filling up the DagBag from /home/airflow/.local/lib/python3.12/site-packages/airflow/example_dags/example_branch_python_dop_operator_3.py
[2026-08-12T04:33:52.991+0000] {processor.py:925} INFO - DAG(s) 'example_branch_dop_operator_v3' retrieved from /home/airflow/.local/lib/python3.12/site-packages/airflow/example_dags/example_branch_python_dop_operator_3.py
[2026-08-12T04:33:53.018+0000] {logging_mixin.py:190} INFO - [2026-08-12T04:33:53.018+0000] {dag.py:3211} INFO - Sync 1 DAGs
[2026-08-12T04:33:53.048+0000] {logging_mixin.py:190} INFO - [2026-08-12T04:33:53.048+0000] {dag.py:4138} INFO - Setting next_dagrun for example_branch_dop_operator_v3 to 2026-08-12 04:32:00+00:00, run_after=2026-08-12 04:33:00+00:00
[2026-08-12T04:33:53.076+0000] {processor.py:208} INFO - Processing /home/airflow/.local/lib/python3.12/site-packages/airflow/example_dags/example_branch_python_dop_operator_3.py took 0.110 seconds
[2026-08-12T04:34:23.427+0000] {processor.py:186} INFO - Started process (PID=256) to work on /home/airflow/.local/lib/python3.12/site-packages/airflow/example_dags/example_branch_python_dop_operator_3.py
[2026-08-12T04:34:23.430+0000] {processor.py:914} INFO - Processing file /home/airflow/.local/lib/python3.12/site-packages/airflow/example_dags/example_branch_python_dop_operator_3.py for tasks to queue
[2026-08-12T04:34:23.436+0000] {logging_mixin.py:190} INFO - [2026-08-12T04:34:23.434+0000] {dagbag.py:587} INFO - Filling up the DagBag from /home/airflow/.local/lib/python3.12/site-packages/airflow/example_dags/example_branch_python_dop_operator_3.py
[2026-08-12T04:34:23.467+0000] {processor.py:925} INFO - DAG(s) 'example_branch_dop_operator_v3' retrieved from /home/airflow/.local/lib/python3.12/site-packages/airflow/example_dags/example_branch_python_dop_operator_3.py
[2026-08-12T04:34:23.513+0000] {logging_mixin.py:190} INFO - [2026-08-12T04:34:23.512+0000] {dag.py:3211} INFO - Sync 1 DAGs
[2026-08-12T04:34:23.551+0000] {logging_mixin.py:190} INFO - [2026-08-12T04:34:23.550+0000] {dag.py:4138} INFO - Setting next_dagrun for example_branch_dop_operator_v3 to 2026-08-12 04:33:00+00:00, run_after=2026-08-12 04:34:00+00:00
[2026-08-12T04:34:23.595+0000] {processor.py:208} INFO - Processing /home/airflow/.local/lib/python3.12/site-packages/airflow/example_dags/example_branch_python_dop_operator_3.py took 0.177 seconds
[2026-08-12T04:34:54.389+0000] {processor.py:186} INFO - Started process (PID=318) to work on /home/airflow/.local/lib/python3.12/site-packages/airflow/example_dags/example_branch_python_dop_operator_3.py
[2026-08-12T04:34:54.393+0000] {processor.py:914} INFO - Processing file /home/airflow/.local/lib/python3.12/site-packages/airflow/example_dags/example_branch_python_dop_operator_3.py for tasks to queue
[2026-08-12T04:34:54.400+0000] {logging_mixin.py:190} INFO - [2026-08-12T04:34:54.399+0000] {dagbag.py:587} INFO - Filling up the DagBag from /home/airflow/.local/lib/python3.12/site-packages/airflow/example_dags/example_branch_python_dop_operator_3.py
[2026-08-12T04:34:54.420+0000] {processor.py:925} INFO - DAG(s) 'example_branch_dop_operator_v3' retrieved from /home/airflow/.local/lib/python3.12/site-packages/airflow/example_dags/example_branch_python_dop_operator_3.py
[2026-08-12T04:34:54.462+0000] {logging_mixin.py:190} INFO - [2026-08-12T04:34:54.461+0000] {dag.py:3211} INFO - Sync 1 DAGs
[2026-08-12T04:34:54.489+0000] {logging_mixin.py:190} INFO - [2026-08-12T04:34:54.489+0000] {dag.py:4138} INFO - Setting next_dagrun for example_branch_dop_operator_v3 to 2026-08-12 04:33:00+00:00, run_after=2026-08-12 04:34:00+00:00
[2026-08-12T04:34:54.513+0000] {processor.py:208} INFO - Processing /home/airflow/.local/lib/python3.12/site-packages/airflow/example_dags/example_branch_python_dop_operator_3.py took 0.135 seconds
[2026-08-12T04:35:24.959+0000] {processor.py:186} INFO - Started process (PID=380) to work on /home/airflow/.local/lib/python3.12/site-packages/airflow/example_dags/example_branch_python_dop_operator_3.py
[2026-08-12T04:35:24.961+0000] {processor.py:914} INFO - Processing file /home/airflow/.local/lib/python3.12/site-packages/airflow/example_dags/example_branch_python_dop_operator_3.py for tasks to queue
[2026-08-12T04:35:24.965+0000] {logging_mixin.py:190} INFO - [2026-08-12T04:35:24.965+0000] {dagbag.py:587} INFO - Filling up the DagBag from /home/airflow/.local/lib/python3.12/site-packages/airflow/example_dags/example_branch_python_dop_operator_3.py
[2026-08-12T04:35:24.977+0000] {processor.py:925} INFO - DAG(s) 'example_branch_dop_operator_v3' retrieved from /home/airflow/.local/lib/python3.12/site-packages/airflow/example_dags/example_branch_python_dop_operator_3.py
[2026-08-12T04:35:25.001+0000] {logging_mixin.py:190} INFO - [2026-08-12T04:35:25.001+0000] {dag.py:3211} INFO - Sync 1 DAGs
[2026-08-12T04:35:25.035+0000] {logging_mixin.py:190} INFO - [2026-08-12T04:35:25.035+0000] {dag.py:4138} INFO - Setting next_dagrun for example_branch_dop_operator_v3 to 2026-08-12 04:34:00+00:00, run_after=2026-08-12 04:35:00+00:00
[2026-08-12T04:35:25.061+0000] {processor.py:208} INFO - Processing /home/airflow/.local/lib/python3.12/site-packages/airflow/example_dags/example_branch_python_dop_operator_3.py took 0.109 seconds
[2026-08-12T04:35:55.356+0000] {processor.py:186} INFO - Started process (PID=442) to work on /home/airflow/.local/lib/python3.12/site-packages/airflow/example_dags/example_branch_python_dop_operator_3.py
[2026-08-12T04:35:55.359+0000] {processor.py:914} INFO - Processing file /home/airflow/.local/lib/python3.12/site-packages/airflow/example_dags/example_branch_python_dop_operator_3.py for tasks to queue
[2026-08-12T04:35:55.364+0000] {logging_mixin.py:190} INFO - [2026-08-12T04:35:55.364+0000] {dagbag.py:587} INFO - Filling up the DagBag from /home/airflow/.local/lib/python3.12/site-packages/airflow/example_dags/example_branch_python_dop_operator_3.py
[2026-08-12T04:35:55.381+0000] {processor.py:925} INFO - DAG(s) 'example_branch_dop_operator_v3' retrieved from /home/airflow/.local/lib/python3.12/site-packages/airflow/example_dags/example_branch_python_dop_operator_3.py
[2026-08-12T04:35:55.413+0000] {logging_mixin.py:190} INFO - [2026-08-12T04:35:55.413+0000] {dag.py:3211} INFO - Sync 1 DAGs
[2026-08-12T04:35:55.453+0000] {logging_mixin.py:190} INFO - [2026-08-12T04:35:55.452+0000] {dag.py:4138} INFO - Setting next_dagrun for example_branch_dop_operator_v3 to 2026-08-12 04:34:00+00:00, run_after=2026-08-12 04:35:00+00:00
[2026-08-12T04:35:55.479+0000] {processor.py:208} INFO - Processing /home/airflow/.local/lib/python3.12/site-packages/airflow/example_dags/example_branch_python_dop_operator_3.py took 0.132 seconds
[2026-08-12T04:36:25.862+0000] {processor.py:186} INFO - Started process (PID=504) to work on /home/airflow/.local/lib/python3.12/site-packages/airflow/example_dags/example_branch_python_dop_operator_3.py
[2026-08-12T04:36:25.864+0000] {processor.py:914} INFO - Processing file /home/airflow/.local/lib/python3.12/site-packages/airflow/example_dags/example_branch_python_dop_operator_3.py for tasks to queue
[2026-08-12T04:36:25.868+0000] {logging_mixin.py:190} INFO - [2026-08-12T04:36:25.868+0000] {dagbag.py:587} INFO - Filling up the DagBag from /home/airflow/.local/lib/python3.12/site-packages/airflow/example_dags/example_branch_python_dop_operator_3.py
[2026-08-12T04:36:25.884+0000] {processor.py:925} INFO - DAG(s) 'example_branch_dop_operator_v3' retrieved from /home/airflow/.local/lib/python3.12/site-packages/airflow/example_dags/example_branch_python_dop_operator_3.py
[2026-08-12T04:36:25.910+0000] {logging_mixin.py:190} INFO - [2026-08-12T04:36:25.910+0000] {dag.py:3211} INFO - Sync 1 DAGs
[2026-08-12T04:36:25.945+0000] {logging_mixin.py:190} INFO - [2026-08-12T04:36:25.945+0000] {dag.py:4138} INFO - Setting next_dagrun for example_branch_dop_operator_v3 to 2026-08-12 04:35:00+00:00, run_after=2026-08-12 04:36:00+00:00
[2026-08-12T04:36:25.969+0000] {processor.py:208} INFO - Processing /home/airflow/.local/lib/python3.12/site-packages/airflow/example_dags/example_branch_python_dop_operator_3.py took 0.113 seconds
[2026-08-12T04:36:56.415+0000] {processor.py:186} INFO - Started process (PID=566) to work on /home/airflow/.local/lib/python3.12/site-packages/airflow/example_dags/example_branch_python_dop_operator_3.py
[2026-08-12T04:36:56.420+0000] {processor.py:914} INFO - Processing file /home/airflow/.local/lib/python3.12/site-packages/airflow/example_dags/example_branch_python_dop_operator_3.py for tasks to queue
[2026-08-12T04:36:56.429+0000] {logging_mixin.py:190} INFO - [2026-08-12T04:36:56.428+0000] {dagbag.py:587} INFO - Filling up the DagBag from /home/airflow/.local/lib/python3.12/site-packages/airflow/example_dags/example_branch_python_dop_operator_3.py
[2026-08-12T04:36:56.454+0000] {processor.py:925} INFO - DAG(s) 'example_branch_dop_operator_v3' retrieved from /home/airflow/.local/lib/python3.12/site-packages/airflow/example_dags/example_branch_python_dop_operator_3.py
[2026-08-12T04:36:56.492+0000] {logging_mixin.py:190} INFO - [2026-08-12T04:36:56.491+0000] {dag.py:3211} INFO - Sync 1 DAGs
[2026-08-12T04:36:56.528+0000] {logging_mixin.py:190} INFO - [2026-08-12T04:36:56.527+0000] {dag.py:4138} INFO - Setting next_dagrun for example_branch_dop_operator_v3 to 2026-08-12 04:35:00+00:00, run_after=2026-08-12 04:36:00+00:00
[2026-08-12T04:36:56.562+0000] {processor.py:208} INFO - Processing /home/airflow/.local/lib/python3.12/site-packages/airflow/example_dags/example_branch_python_dop_operator_3.py took 0.162 seconds
[2026-08-12T04:37:26.846+0000] {processor.py:186} INFO - Started process (PID=628) to work on /home/airflow/.local/lib/python3.12/site-packages/airflow/example_dags/example_branch_python_dop_operator_3.py
[2026-08-12T04:37:26.849+0000] {processor.py:914} INFO - Processing file /home/airflow/.local/lib/python3.12/site-packages/airflow/example_dags/example_branch_python_dop_operator_3.py for tasks to queue
[2026-08-12T04:37:26.857+0000] {logging_mixin.py:190} INFO - [2026-08-12T04:37:26.856+0000] {dagbag.py:587} INFO - Filling up the DagBag from /home/airflow/.local/lib/python3.12/site-packages/airflow/example_dags/example_branch_python_dop_operator_3.py
[2026-08-12T04:37:26.869+0000] {processor.py:925} INFO - DAG(s) 'example_branch_dop_operator_v3' retrieved from /home/airflow/.local/lib/python3.12/site-packages/airflow/example_dags/example_branch_python_dop_operator_3.py
[2026-08-12T04:37:26.902+0000] {logging_mixin.py:190} INFO - [2026-08-12T04:37:26.902+0000] {dag.py:3211} INFO - Sync 1 DAGs
[2026-08-12T04:37:26.957+0000] {logging_mixin.py:190} INFO - [2026-08-12T04:37:26.957+0000] {dag.py:4138} INFO - Setting next_dagrun for example_branch_dop_operator_v3 to 2026-08-12 04:36:00+00:00, run_after=2026-08-12 04:37:00+00:00
[2026-08-12T04:37:27.002+0000] {processor.py:208} INFO - Processing /home/airflow/.local/lib/python3.12/site-packages/airflow/example_dags/example_branch_python_dop_operator_3.py took 0.165 seconds
[2026-08-12T04:37:57.076+0000] {processor.py:186} INFO - Started process (PID=690) to work on /home/airflow/.local/lib/python3.12/site-packages/airflow/example_dags/example_branch_python_dop_operator_3.py
[2026-08-12T04:37:57.079+0000] {processor.py:914} INFO - Processing file /home/airflow/.local/lib/python3.12/site-packages/airflow/example_dags/example_branch_python_dop_operator_3.py for tasks to queue
[2026-08-12T04:37:57.085+0000] {logging_mixin.py:190} INFO - [2026-08-12T04:37:57.084+0000] {dagbag.py:587} INFO - Filling up the DagBag from /home/airflow/.local/lib/python3.12/site-packages/airflow/example_dags/example_branch_python_dop_operator_3.py
[2026-08-12T04:37:57.102+0000] {processor.py:925} INFO - DAG(s) 'example_branch_dop_operator_v3' retrieved from /home/airflow/.local/lib/python3.12/site-packages/airflow/example_dags/example_branch_python_dop_operator_3.py
[2026-08-12T04:37:57.130+0000] {logging_mixin.py:190} INFO - [2026-08-12T04:37:57.130+0000] {dag.py:3211} INFO - Sync 1 DAGs
[2026-08-12T04:37:57.161+0000] {logging_mixin.py:190} INFO - [2026-08-12T04:37:57.160+0000] {dag.py:4138} INFO - Setting next_dagrun for example_branch_dop_operator_v3 to 2026-08-12 04:36:00+00:00, run_after=2026-08-12 04:37:00+00:00
[2026-08-12T04:37:57.186+0000] {processor.py:208} INFO - Processing /home/airflow/.local/lib/python3.12/site-packages/airflow/example_dags/example_branch_python_dop_operator_3.py took 0.117 seconds
[2026-08-12T04:38:27.355+0000] {processor.py:186} INFO - Started process (PID=752) to work on /home/airflow/.local/lib/python3.12/site-packages/airflow/example_dags/example_branch_python_dop_operator_3.py
[2026-08-12T04:38:27.358+0000] {processor.py:914} INFO - Processing file /home/airflow/.local/lib/python3.12/site-packages/airflow/example_dags/example_branch_python_dop_operator_3.py for tasks to queue
[2026-08-12T04:38:27.362+0000] {logging_mixin.py:190} INFO - [2026-08-12T04:38:27.362+0000] {dagbag.py:587} INFO - Filling up the DagBag from /home/airflow/.local/lib/python3.12/site-packages/airflow/example_dags/example_branch_python_dop_operator_3.py
[2026-08-12T04:38:27.379+0000] {processor.py:925} INFO - DAG(s) 'example_branch_dop_operator_v3' retrieved from /home/airflow/.local/lib/python3.12/site-packages/airflow/example_dags/example_branch_python_dop_operator_3.py
[2026-08-12T04:38:27.430+0000] {logging_mixin.py:190} INFO - [2026-08-12T04:38:27.429+0000] {dag.py:3211} INFO - Sync 1 DAGs
[2026-08-12T04:38:27.474+0000] {logging_mixin.py:190} INFO - [2026-08-12T04:38:27.473+0000] {dag.py:4138} INFO - Setting next_dagrun for example_branch_dop_operator_v3 to 2026-08-12 04:37:00+00:00, run_after=2026-08-12 04:38:00+00:00
[2026-08-12T04:38:27.495+0000] {processor.py:208} INFO - Processing /home/airflow/.local/lib/python3.12/site-packages/airflow/example_dags/example_branch_python_dop_operator_3.py took 0.149 seconds
[2026-08-12T04:38:57.807+0000] {processor.py:186} INFO - Started process (PID=814) to work on /home/airflow/.local/lib/python3.12/site-packages/airflow/example_dags/example_branch_python_dop_operator_3.py
[2026-08-12T04:38:57.811+0000] {processor.py:914} INFO - Processing file /home/airflow/.local/lib/python3.12/site-packages/airflow/example_dags/example_branch_python_dop_operator_3.py for tasks to queue
[2026-08-12T04:38:57.818+0000] {logging_mixin.py:190} INFO - [2026-08-12T04:38:57.817+0000] {dagbag.py:587} INFO - Filling up the DagBag from /home/airflow/.local/lib/python3.12/site-packages/airflow/example_dags/example_branch_python_dop_operator_3.py
[2026-08-12T04:38:57.838+0000] {processor.py:925} INFO - DAG(s) 'example_branch_dop_operator_v3' retrieved from /home/airflow/.local/lib/python3.12/site-packages/airflow/example_dags/example_branch_python_dop_operator_3.py
[2026-08-12T04:38:57.870+0000] {logging_mixin.py:190} INFO - [2026-08-12T04:38:57.869+0000] {dag.py:3211} INFO - Sync 1 DAGs
[2026-08-12T04:38:57.907+0000] {logging_mixin.py:190} INFO - [2026-08-12T04:38:57.906+0000] {dag.py:4138} INFO - Setting next_dagrun for example_branch_dop_operator_v3 to 2026-08-12 04:37:00+00:00, run_after=2026-08-12 04:38:00+00:00
[2026-08-12T04:38:57.934+0000] {processor.py:208} INFO - Processing /home/airflow/.local/lib/python3.12/site-packages/airflow/example_dags/example_branch_python_dop_operator_3.py took 0.138 seconds
[2026-08-12T04:39:28.735+0000] {processor.py:186} INFO - Started process (PID=876) to work on /home/airflow/.local/lib/python3.12/site-packages/airflow/example_dags/example_branch_python_dop_operator_3.py
[2026-08-12T04:39:28.737+0000] {processor.py:914} INFO - Processing file /home/airflow/.local/lib/python3.12/site-packages/airflow/example_dags/example_branch_python_dop_operator_3.py for tasks to queue
[2026-08-12T04:39:28.743+0000] {logging_mixin.py:190} INFO - [2026-08-12T04:39:28.742+0000] {dagbag.py:587} INFO - Filling up the DagBag from /home/airflow/.local/lib/python3.12/site-packages/airflow/example_dags/example_branch_python_dop_operator_3.py
[2026-08-12T04:39:28.756+0000] {processor.py:925} INFO - DAG(s) 'example_branch_dop_operator_v3' retrieved from /home/airflow/.local/lib/python3.12/site-packages/airflow/example_dags/example_branch_python_dop_operator_3.py
[2026-08-12T04:39:28.776+0000] {logging_mixin.py:190} INFO - [2026-08-12T04:39:28.776+0000] {dag.py:3211} INFO - Sync 1 DAGs
[2026-08-12T04:39:28.802+0000] {logging_mixin.py:190} INFO - [2026-08-12T04:39:28.802+0000] {dag.py:4138} INFO - Setting next_dagrun for example_branch_dop_operator_v3 to 2026-08-12 04:38:00+00:00, run_after=2026-08-12 04:39:00+00:00
[2026-08-12T04:39:28.821+0000] {processor.py:208} INFO - Processing /home/airflow/.local/lib/python3.12/site-packages/airflow/example_dags/example_branch_python_dop_operator_3.py took 0.097 seconds
[2026-08-12T04:39:59.248+0000] {processor.py:186} INFO - Started process (PID=938) to work on /home/airflow/.local/lib/python3.12/site-packages/airflow/example_dags/example_branch_python_dop_operator_3.py
[2026-08-12T04:39:59.251+0000] {processor.py:914} INFO - Processing file /home/airflow/.local/lib/python3.12/site-packages/airflow/example_dags/example_branch_python_dop_operator_3.py for tasks to queue
[2026-08-12T04:39:59.255+0000] {logging_mixin.py:190} INFO - [2026-08-12T04:39:59.255+0000] {dagbag.py:587} INFO - Filling up the DagBag from /home/airflow/.local/lib/python3.12/site-packages/airflow/example_dags/example_branch_python_dop_operator_3.py
[2026-08-12T04:39:59.267+0000] {processor.py:925} INFO - DAG(s) 'example_branch_dop_operator_v3' retrieved from /home/airflow/.local/lib/python3.12/site-packages/airflow/example_dags/example_branch_python_dop_operator_3.py
[2026-08-12T04:39:59.293+0000] {logging_mixin.py:190} INFO - [2026-08-12T04:39:59.293+0000] {dag.py:3211} INFO - Sync 1 DAGs
[2026-08-12T04:39:59.324+0000] {logging_mixin.py:190} INFO - [2026-08-12T04:39:59.324+0000] {dag.py:4138} INFO - Setting next_dagrun for example_branch_dop_operator_v3 to 2026-08-12 04:38:00+00:00, run_after=2026-08-12 04:39:00+00:00
[2026-08-12T04:39:59.345+0000] {processor.py:208} INFO - Processing /home/airflow/.local/lib/python3.12/site-packages/airflow/example_dags/example_branch_python_dop_operator_3.py took 0.102 seconds
[2026-08-12T04:40:29.589+0000] {processor.py:186} INFO - Started process (PID=1000) to work on /home/airflow/.local/lib/python3.12/site-packages/airflow/example_dags/example_branch_python_dop_operator_3.py
[2026-08-12T04:40:29.592+0000] {processor.py:914} INFO - Processing file /home/airflow/.local/lib/python3.12/site-packages/airflow/example_dags/example_branch_python_dop_operator_3.py for tasks to queue
[2026-08-12T04:40:29.598+0000] {logging_mixin.py:190} INFO - [2026-08-12T04:40:29.598+0000] {dagbag.py:587} INFO - Filling up the DagBag from /home/airflow/.local/lib/python3.12/site-packages/airflow/example_dags/example_branch_python_dop_operator_3.py
[2026-08-12T04:40:29.619+0000] {processor.py:925} INFO - DAG(s) 'example_branch_dop_operator_v3' retrieved from /home/airflow/.local/lib/python3.12/site-packages/airflow/example_dags/example_branch_python_dop_operator_3.py
[2026-08-12T04:40:29.652+0000] {logging_mixin.py:190} INFO - [2026-08-12T04:40:29.652+0000] {dag.py:3211} INFO - Sync 1 DAGs
[2026-08-12T04:40:29.680+0000] {logging_mixin.py:190} INFO - [2026-08-12T04:40:29.680+0000] {dag.py:4138} INFO - Setting next_dagrun for example_branch_dop_operator_v3 to 2026-08-12 04:39:00+00:00, run_after=2026-08-12 04:40:00+00:00
[2026-08-12T04:40:29.702+0000] {processor.py:208} INFO - Processing /home/airflow/.local/lib/python3.12/site-packages/airflow/example_dags/example_branch_python_dop_operator_3.py took 0.127 seconds
[2026-08-12T04:40:59.883+0000] {processor.py:186} INFO - Started process (PID=1062) to work on /home/airflow/.local/lib/python3.12/site-packages/airflow/example_dags/example_branch_python_dop_operator_3.py
[2026-08-12T04:40:59.885+0000] {processor.py:914} INFO - Processing file /home/airflow/.local/lib/python3.12/site-packages/airflow/example_dags/example_branch_python_dop_operator_3.py for tasks to queue
[2026-08-12T04:40:59.889+0000] {logging_mixin.py:190} INFO - [2026-08-12T04:40:59.889+0000] {dagbag.py:587} INFO - Filling up the DagBag from /home/airflow/.local/lib/python3.12/site-packages/airflow/example_dags/example_branch_python_dop_operator_3.py
[2026-08-12T04:40:59.902+0000] {processor.py:925} INFO - DAG(s) 'example_branch_dop_operator_v3' retrieved from /home/airflow/.local/lib/python3.12/site-packages/airflow/example_dags/example_branch_python_dop_operator_3.py
[2026-08-12T04:40:59.927+0000] {logging_mixin.py:190} INFO - [2026-08-12T04:40:59.927+0000] {dag.py:3211} INFO - Sync 1 DAGs
[2026-08-12T04:40:59.960+0000] {logging_mixin.py:190} INFO - [2026-08-12T04:40:59.959+0000] {dag.py:4138} INFO - Setting next_dagrun for example_branch_dop_operator_v3 to 2026-08-12 04:39:00+00:00, run_after=2026-08-12 04:40:00+00:00
[2026-08-12T04:40:59.995+0000] {processor.py:208} INFO - Processing /home/airflow/.local/lib/python3.12/site-packages/airflow/example_dags/example_branch_python_dop_operator_3.py took 0.119 seconds
[2026-08-12T04:41:30.334+0000] {processor.py:186} INFO - Started process (PID=1124) to work on /home/airflow/.local/lib/python3.12/site-packages/airflow/example_dags/example_branch_python_dop_operator_3.py
[2026-08-12T04:41:30.336+0000] {processor.py:914} INFO - Processing file /home/airflow/.local/lib/python3.12/site-packages/airflow/example_dags/example_branch_python_dop_operator_3.py for tasks to queue
[2026-08-12T04:41:30.344+0000] {logging_mixin.py:190} INFO - [2026-08-12T04:41:30.344+0000] {dagbag.py:587} INFO - Filling up the DagBag from /home/airflow/.local/lib/python3.12/site-packages/airflow/example_dags/example_branch_python_dop_operator_3.py
[2026-08-12T04:41:30.362+0000] {processor.py:925} INFO - DAG(s) 'example_branch_dop_operator_v3' retrieved from /home/airflow/.local/lib/python3.12/site-packages/airflow/example_dags/example_branch_python_dop_operator_3.py
[2026-08-12T04:41:30.391+0000] {logging_mixin.py:190} INFO - [2026-08-12T04:41:30.390+0000] {dag.py:3211} INFO - Sync 1 DAGs
[2026-08-12T04:41:30.427+0000] {logging_mixin.py:190} INFO - [2026-08-12T04:41:30.427+0000] {dag.py:4138} INFO - Setting next_dagrun for example_branch_dop_operator_v3 to 2026-08-12 04:40:00+00:00, run_after=2026-08-12 04:41:00+00:00
[2026-08-12T04:41:30.462+0000] {processor.py:208} INFO - Processing /home/airflow/.local/lib/python3.12/site-packages/airflow/example_dags/example_branch_python_dop_operator_3.py took 0.136 seconds
[2026-08-12T04:42:01.115+0000] {processor.py:186} INFO - Started process (PID=1186) to work on /home/airflow/.local/lib/python3.12/site-packages/airflow/example_dags/example_branch_python_dop_operator_3.py
[2026-08-12T04:42:01.118+0000] {processor.py:914} INFO - Processing file /home/airflow/.local/lib/python3.12/site-packages/airflow/example_dags/example_branch_python_dop_operator_3.py for tasks to queue
[2026-08-12T04:42:01.123+0000] {logging_mixin.py:190} INFO - [2026-08-12T04:42:01.122+0000] {dagbag.py:587} INFO - Filling up the DagBag from /home/airflow/.local/lib/python3.12/site-packages/airflow/example_dags/example_branch_python_dop_operator_3.py
[2026-08-12T04:42:01.137+0000] {processor.py:925} INFO - DAG(s) 'example_branch_dop_operator_v3' retrieved from /home/airflow/.local/lib/python3.12/site-packages/airflow/example_dags/example_branch_python_dop_operator_3.py
[2026-08-12T04:42:01.160+0000] {logging_mixin.py:190} INFO - [2026-08-12T04:42:01.160+0000] {dag.py:3211} INFO - Sync 1 DAGs
[2026-08-12T04:42:01.188+0000] {logging_mixin.py:190} INFO - [2026-08-12T04:42:01.188+0000] {dag.py:4138} INFO - Setting next_dagrun for example_branch_dop_operator_v3 to 2026-08-12 04:41:00+00:00, run_after=2026-08-12 04:42:00+00:00
[2026-08-12T04:42:01.209+0000] {processor.py:208} INFO - Processing /home/airflow/.local/lib/python3.12/site-packages/airflow/example_dags/example_branch_python_dop_operator_3.py took 0.102 seconds
[2026-08-12T04:42:31.724+0000] {processor.py:186} INFO - Started process (PID=1248) to work on /home/airflow/.local/lib/python3.12/site-packages/airflow/example_dags/example_branch_python_dop_operator_3.py
[2026-08-12T04:42:31.727+0000] {processor.py:914} INFO - Processing file /home/airflow/.local/lib/python3.12/site-packages/airflow/example_dags/example_branch_python_dop_operator_3.py for tasks to queue
[2026-08-12T04:42:31.734+0000] {logging_mixin.py:190} INFO - [2026-08-12T04:42:31.733+0000] {dagbag.py:587} INFO - Filling up the DagBag from /home/airflow/.local/lib/python3.12/site-packages/airflow/example_dags/example_branch_python_dop_operator_3.py
[2026-08-12T04:42:31.748+0000] {processor.py:925} INFO - DAG(s) 'example_branch_dop_operator_v3' retrieved from /home/airflow/.local/lib/python3.12/site-packages/airflow/example_dags/example_branch_python_dop_operator_3.py
[2026-08-12T04:42:31.778+0000] {logging_mixin.py:190} INFO - [2026-08-12T04:42:31.777+0000] {dag.py:3211} INFO - Sync 1 DAGs
[2026-08-12T04:42:31.814+0000] {logging_mixin.py:190} INFO - [2026-08-12T04:42:31.814+0000] {dag.py:4138} INFO - Setting next_dagrun for example_branch_dop_operator_v3 to 2026-08-12 04:41:00+00:00, run_after=2026-08-12 04:42:00+00:00
[2026-08-12T04:42:31.846+0000] {processor.py:208} INFO - Processing /home/airflow/.local/lib/python3.12/site-packages/airflow/example_dags/example_branch_python_dop_operator_3.py took 0.128 seconds
[2026-08-12T04:43:02.637+0000] {processor.py:186} INFO - Started process (PID=1310) to work on /home/airflow/.local/lib/python3.12/site-packages/airflow/example_dags/example_branch_python_dop_operator_3.py
[2026-08-12T04:43:02.642+0000] {processor.py:914} INFO - Processing file /home/airflow/.local/lib/python3.12/site-packages/airflow/example_dags/example_branch_python_dop_operator_3.py for tasks to queue
[2026-08-12T04:43:02.650+0000] {logging_mixin.py:190} INFO - [2026-08-12T04:43:02.649+0000] {dagbag.py:587} INFO - Filling up the DagBag from /home/airflow/.local/lib/python3.12/site-packages/airflow/example_dags/example_branch_python_dop_operator_3.py
[2026-08-12T04:43:02.667+0000] {processor.py:925} INFO - DAG(s) 'example_branch_dop_operator_v3' retrieved from /home/airflow/.local/lib/python3.12/site-packages/airflow/example_dags/example_branch_python_dop_operator_3.py
[2026-08-12T04:43:02.701+0000] {logging_mixin.py:190} INFO - [2026-08-12T04:43:02.701+0000] {dag.py:3211} INFO - Sync 1 DAGs
[2026-08-12T04:43:02.731+0000] {logging_mixin.py:190} INFO - [2026-08-12T04:43:02.731+0000] {dag.py:4138} INFO - Setting next_dagrun for example_branch_dop_operator_v3 to 2026-08-12 04:42:00+00:00, run_after=2026-08-12 04:43:00+00:00
[2026-08-12T04:43:02.754+0000] {processor.py:208} INFO - Processing /home/airflow/.local/lib/python3.12/site-packages/airflow/example_dags/example_branch_python_dop_operator_3.py took 0.125 seconds
[2026-08-12T04:43:33.650+0000] {processor.py:186} INFO - Started process (PID=1372) to work on /home/airflow/.local/lib/python3.12/site-packages/airflow/example_dags/example_branch_python_dop_operator_3.py
[2026-08-12T04:43:33.654+0000] {processor.py:914} INFO - Processing file /home/airflow/.local/lib/python3.12/site-packages/airflow/example_dags/example_branch_python_dop_operator_3.py for tasks to queue
[2026-08-12T04:43:33.661+0000] {logging_mixin.py:190} INFO - [2026-08-12T04:43:33.660+0000] {dagbag.py:587} INFO - Filling up the DagBag from /home/airflow/.local/lib/python3.12/site-packages/airflow/example_dags/example_branch_python_dop_operator_3.py
[2026-08-12T04:43:33.679+0000] {processor.py:925} INFO - DAG(s) 'example_branch_dop_operator_v3' retrieved from /home/airflow/.local/lib/python3.12/site-packages/airflow/example_dags/example_branch_python_dop_operator_3.py
[2026-08-12T04:43:33.707+0000] {logging_mixin.py:190} INFO - [2026-08-12T04:43:33.707+0000] {dag.py:3211} INFO - Sync 1 DAGs
[2026-08-12T04:43:33.739+0000] {logging_mixin.py:190} INFO - [2026-08-12T04:43:33.738+0000] {dag.py:4138} INFO - Setting next_dagrun for example_branch_dop_operator_v3 to 2026-08-12 04:42:00+00:00, run_after=2026-08-12 04:43:00+00:00
[2026-08-12T04:43:33.773+0000] {processor.py:208} INFO - Processing /home/airflow/.local/lib/python3.12/site-packages/airflow/example_dags/example_branch_python_dop_operator_3.py took 0.134 seconds
[2026-08-12T04:44:04.030+0000] {processor.py:186} INFO - Started process (PID=1434) to work on /home/airflow/.local/lib/python3.12/site-packages/airflow/example_dags/example_branch_python_dop_operator_3.py
[2026-08-12T04:44:04.034+0000] {processor.py:914} INFO - Processing file /home/airflow/.local/lib/python3.12/site-packages/airflow/example_dags/example_branch_python_dop_operator_3.py for tasks to queue
[2026-08-12T04:44:04.047+0000] {logging_mixin.py:190} INFO - [2026-08-12T04:44:04.046+0000] {dagbag.py:587} INFO - Filling up the DagBag from /home/airflow/.local/lib/python3.12/site-packages/airflow/example_dags/example_branch_python_dop_operator_3.py
[2026-08-12T04:44:04.065+0000] {processor.py:925} INFO - DAG(s) 'example_branch_dop_operator_v3' retrieved from /home/airflow/.local/lib/python3.12/site-packages/airflow/example_dags/example_branch_python_dop_operator_3.py
[2026-08-12T04:44:04.091+0000] {logging_mixin.py:190} INFO - [2026-08-12T04:44:04.091+0000] {dag.py:3211} INFO - Sync 1 DAGs
[2026-08-12T04:44:04.120+0000] {logging_mixin.py:190} INFO - [2026-08-12T04:44:04.120+0000] {dag.py:4138} INFO - Setting next_dagrun for example_branch_dop_operator_v3 to 2026-08-12 04:43:00+00:00, run_after=2026-08-12 04:44:00+00:00
[2026-08-12T04:44:04.145+0000] {processor.py:208} INFO - Processing /home/airflow/.local/lib/python3.12/site-packages/airflow/example_dags/example_branch_python_dop_operator_3.py took 0.127 seconds
[2026-08-12T04:44:34.571+0000] {processor.py:186} INFO - Started process (PID=1496) to work on /home/airflow/.local/lib/python3.12/site-packages/airflow/example_dags/example_branch_python_dop_operator_3.py
[2026-08-12T04:44:34.574+0000] {processor.py:914} INFO - Processing file /home/airflow/.local/lib/python3.12/site-packages/airflow/example_dags/example_branch_python_dop_operator_3.py for tasks to queue
[2026-08-12T04:44:34.578+0000] {logging_mixin.py:190} INFO - [2026-08-12T04:44:34.578+0000] {dagbag.py:587} INFO - Filling up the DagBag from /home/airflow/.local/lib/python3.12/site-packages/airflow/example_dags/example_branch_python_dop_operator_3.py
[2026-08-12T04:44:34.589+0000] {processor.py:925} INFO - DAG(s) 'example_branch_dop_operator_v3' retrieved from /home/airflow/.local/lib/python3.12/site-packages/airflow/example_dags/example_branch_python_dop_operator_3.py
[2026-08-12T04:44:34.614+0000] {logging_mixin.py:190} INFO - [2026-08-12T04:44:34.614+0000] {dag.py:3211} INFO - Sync 1 DAGs
[2026-08-12T04:44:34.640+0000] {logging_mixin.py:190} INFO - [2026-08-12T04:44:34.640+0000] {dag.py:4138} INFO - Setting next_dagrun for example_branch_dop_operator_v3 to 2026-08-12 04:43:00+00:00, run_after=2026-08-12 04:44:00+00:00
[2026-08-12T04:44:34.662+0000] {processor.py:208} INFO - Processing /home/airflow/.local/lib/python3.12/site-packages/airflow/example_dags/example_branch_python_dop_operator_3.py took 0.097 seconds
[2026-08-12T04:45:05.178+0000] {processor.py:186} INFO - Started process (PID=1558) to work on /home/airflow/.local/lib/python3.12/site-packages/airflow/example_dags/example_branch_python_dop_operator_3.py
[2026-08-12T04:45:05.181+0000] {processor.py:914} INFO - Processing file /home/airflow/.local/lib/python3.12/site-packages/airflow/example_dags/example_branch_python_dop_operator_3.py for tasks to queue
[2026-08-12T04:45:05.188+0000] {logging_mixin.py:190} INFO - [2026-08-12T04:45:05.188+0000] {dagbag.py:587} INFO - Filling up the DagBag from /home/airflow/.local/lib/python3.12/site-packages/airflow/example_dags/example_branch_python_dop_operator_3.py
[2026-08-12T04:45:05.208+0000] {processor.py:925} INFO - DAG(s) 'example_branch_dop_operator_v3' retrieved from /home/airflow/.local/lib/python3.12/site-packages/airflow/example_dags/example_branch_python_dop_operator_3.py
[2026-08-12T04:45:05.242+0000] {logging_mixin.py:190} INFO - [2026-08-12T04:45:05.241+0000] {dag.py:3211} INFO - Sync 1 DAGs
[2026-08-12T04:45:05.288+0000] {logging_mixin.py:190} INFO - [2026-08-12T04:45:05.288+0000] {dag.py:4138} INFO - Setting next_dagrun for example_branch_dop_operator_v3 to 2026-08-12 04:44:00+00:00, run_after=2026-08-12 04:45:00+00:00
[2026-08-12T04:45:05.322+0000] {processor.py:208} INFO - Processing /home/airflow/.local/lib/python3.12/site-packages/airflow/example_dags/example_branch_python_dop_operator_3.py took 0.156 seconds
[2026-08-12T04:45:36.108+0000] {processor.py:186} INFO - Started process (PID=1620) to work on /home/airflow/.local/lib/python3.12/site-packages/airflow/example_dags/example_branch_python_dop_operator_3.py
[2026-08-12T04:45:36.111+0000] {processor.py:914} INFO - Processing file /home/airflow/.local/lib/python3.12/site-packages/airflow/example_dags/example_branch_python_dop_operator_3.py for tasks to queue
[2026-08-12T04:45:36.117+0000] {logging_mixin.py:190} INFO - [2026-08-12T04:45:36.116+0000] {dagbag.py:587} INFO - Filling up the DagBag from /home/airflow/.local/lib/python3.12/site-packages/airflow/example_dags/example_branch_python_dop_operator_3.py
[2026-08-12T04:45:36.137+0000] {processor.py:925} INFO - DAG(s) 'example_branch_dop_operator_v3' retrieved from /home/airflow/.local/lib/python3.12/site-packages/airflow/example_dags/example_branch_python_dop_operator_3.py
[2026-08-12T04:45:36.170+0000] {logging_mixin.py:190} INFO - [2026-08-12T04:45:36.170+0000] {dag.py:3211} INFO - Sync 1 DAGs
[2026-08-12T04:45:36.198+0000] {logging_mixin.py:190} INFO - [2026-08-12T04:45:36.198+0000] {dag.py:4138} INFO - Setting next_dagrun for example_branch_dop_operator_v3 to 2026-08-12 04:44:00+00:00, run_after=2026-08-12 04:45:00+00:00
[2026-08-12T04:45:36.218+0000] {processor.py:208} INFO - Processing /home/airflow/.local/lib/python3.12/site-packages/airflow/example_dags/example_branch_python_dop_operator_3.py took 0.119 seconds
[2026-08-12T04:46:06.302+0000] {processor.py:186} INFO - Started process (PID=1682) to work on /home/airflow/.local/lib/python3.12/site-packages/airflow/example_dags/example_branch_python_dop_operator_3.py
[2026-08-12T04:46:06.306+0000] {processor.py:914} INFO - Processing file /home/airflow/.local/lib/python3.12/site-packages/airflow/example_dags/example_branch_python_dop_operator_3.py for tasks to queue
[2026-08-12T04:46:06.313+0000] {logging_mixin.py:190} INFO - [2026-08-12T04:46:06.312+0000] {dagbag.py:587} INFO - Filling up the DagBag from /home/airflow/.local/lib/python3.12/site-packages/airflow/example_dags/example_branch_python_dop_operator_3.py
[2026-08-12T04:46:06.336+0000] {processor.py:925} INFO - DAG(s) 'example_branch_dop_operator_v3' retrieved from /home/airflow/.local/lib/python3.12/site-packages/airflow/example_dags/example_branch_python_dop_operator_3.py
[2026-08-12T04:46:06.370+0000] {logging_mixin.py:190} INFO - [2026-08-12T04:46:06.369+0000] {dag.py:3211} INFO - Sync 1 DAGs
[2026-08-12T04:46:06.397+0000] {logging_mixin.py:190} INFO - [2026-08-12T04:46:06.396+0000] {dag.py:4138} INFO - Setting next_dagrun for example_branch_dop_operator_v3 to 2026-08-12 04:45:00+00:00, run_after=2026-08-12 04:46:00+00:00
[2026-08-12T04:46:06.423+0000] {processor.py:208} INFO - Processing /home/airflow/.local/lib/python3.12/site-packages/airflow/example_dags/example_branch_python_dop_operator_3.py took 0.131 seconds
[2026-08-12T04:46:36.795+0000] {processor.py:186} INFO - Started process (PID=1744) to work on /home/airflow/.local/lib/python3.12/site-packages/airflow/example_dags/example_branch_python_dop_operator_3.py
[2026-08-12T04:46:36.798+0000] {processor.py:914} INFO - Processing file /home/airflow/.local/lib/python3.12/site-packages/airflow/example_dags/example_branch_python_dop_operator_3.py for tasks to queue
[2026-08-12T04:46:36.804+0000] {logging_mixin.py:190} INFO - [2026-08-12T04:46:36.803+0000] {dagbag.py:587} INFO - Filling up the DagBag from /home/airflow/.local/lib/python3.12/site-packages/airflow/example_dags/example_branch_python_dop_operator_3.py
[2026-08-12T04:46:36.819+0000] {processor.py:925} INFO - DAG(s) 'example_branch_dop_operator_v3' retrieved from /home/airflow/.local/lib/python3.12/site-packages/airflow/example_dags/example_branch_python_dop_operator_3.py
[2026-08-12T04:46:36.857+0000] {logging_mixin.py:190} INFO - [2026-08-12T04:46:36.856+0000] {dag.py:3211} INFO - Sync 1 DAGs
[2026-08-12T04:46:36.885+0000] {logging_mixin.py:190} INFO - [2026-08-12T04:46:36.885+0000] {dag.py:4138} INFO - Setting next_dagrun for example_branch_dop_operator_v3 to 2026-08-12 04:45:00+00:00, run_after=2026-08-12 04:46:00+00:00
[2026-08-12T04:46:36.909+0000] {processor.py:208} INFO - Processing /home/airflow/.local/lib/python3.12/site-packages/airflow/example_dags/example_branch_python_dop_operator_3.py took 0.124 seconds
[2026-08-12T04:47:07.398+0000] {processor.py:186} INFO - Started process (PID=1807) to work on /home/airflow/.local/lib/python3.12/site-packages/airflow/example_dags/example_branch_python_dop_operator_3.py
[2026-08-12T04:47:07.400+0000] {processor.py:914} INFO - Processing file /home/airflow/.local/lib/python3.12/site-packages/airflow/example_dags/example_branch_python_dop_operator_3.py for tasks to queue
[2026-08-12T04:47:07.404+0000] {logging_mixin.py:190} INFO - [2026-08-12T04:47:07.404+0000] {dagbag.py:587} INFO - Filling up the DagBag from /home/airflow/.local/lib/python3.12/site-packages/airflow/example_dags/example_branch_python_dop_operator_3.py
[2026-08-12T04:47:07.416+0000] {processor.py:925} INFO - DAG(s) 'example_branch_dop_operator_v3' retrieved from /home/airflow/.local/lib/python3.12/site-packages/airflow/example_dags/example_branch_python_dop_operator_3.py
[2026-08-12T04:47:07.438+0000] {logging_mixin.py:190} INFO - [2026-08-12T04:47:07.438+0000] {dag.py:3211} INFO - Sync 1 DAGs
[2026-08-12T04:47:07.465+0000] {logging_mixin.py:190} INFO - [2026-08-12T04:47:07.465+0000] {dag.py:4138} INFO - Setting next_dagrun for example_branch_dop_operator_v3 to 2026-08-12 04:46:00+00:00, run_after=2026-08-12 04:47:00+00:00
[2026-08-12T04:47:07.486+0000] {processor.py:208} INFO - Processing /home/airflow/.local/lib/python3.12/site-packages/airflow/example_dags/example_branch_python_dop_operator_3.py took 0.093 seconds
[2026-08-12T04:47:38.114+0000] {processor.py:186} INFO - Started process (PID=1869) to work on /home/airflow/.local/lib/python3.12/site-packages/airflow/example_dags/example_branch_python_dop_operator_3.py
[2026-08-12T04:47:38.118+0000] {processor.py:914} INFO - Processing file /home/airflow/.local/lib/python3.12/site-packages/airflow/example_dags/example_branch_python_dop_operator_3.py for tasks to queue
[2026-08-12T04:47:38.125+0000] {logging_mixin.py:190} INFO - [2026-08-12T04:47:38.124+0000] {dagbag.py:587} INFO - Filling up the DagBag from /home/airflow/.local/lib/python3.12/site-packages/airflow/example_dags/example_branch_python_dop_operator_3.py
[2026-08-12T04:47:38.145+0000] {processor.py:925} INFO - DAG(s) 'example_branch_dop_operator_v3' retrieved from /home/airflow/.local/lib/python3.12/site-packages/airflow/example_dags/example_branch_python_dop_operator_3.py
[2026-08-12T04:47:38.179+0000] {logging_mixin.py:190} INFO - [2026-08-12T04:47:38.178+0000] {dag.py:3211} INFO - Sync 1 DAGs
[2026-08-12T04:47:38.211+0000] {logging_mixin.py:190} INFO - [2026-08-12T04:47:38.211+0000] {dag.py:4138} INFO - Setting next_dagrun for example_branch_dop_operator_v3 to 2026-08-12 04:46:00+00:00, run_after=2026-08-12 04:47:00+00:00
[2026-08-12T04:47:38.239+0000] {processor.py:208} INFO - Processing /home/airflow/.local/lib/python3.12/site-packages/airflow/example_dags/example_branch_python_dop_operator_3.py took 0.138 seconds
[2026-08-12T04:48:08.891+0000] {processor.py:186} INFO - Started process (PID=1931) to work on /home/airflow/.local/lib/python3.12/site-packages/airflow/example_dags/example_branch_python_dop_operator_3.py
[2026-08-12T04:48:08.894+0000] {processor.py:914} INFO - Processing file /home/airflow/.local/lib/python3.12/site-packages/airflow/example_dags/example_branch_python_dop_operator_3.py for tasks to queue
[2026-08-12T04:48:08.901+0000] {logging_mixin.py:190} INFO - [2026-08-12T04:48:08.900+0000] {dagbag.py:587} INFO - Filling up the DagBag from /home/airflow/.local/lib/python3.12/site-packages/airflow/example_dags/example_branch_python_dop_operator_3.py
[2026-08-12T04:48:08.924+0000] {processor.py:925} INFO - DAG(s) 'example_branch_dop_operator_v3' retrieved from /home/airflow/.local/lib/python3.12/site-packages/airflow/example_dags/example_branch_python_dop_operator_3.py
[2026-08-12T04:48:08.950+0000] {logging_mixin.py:190} INFO - [2026-08-12T04:48:08.949+0000] {dag.py:3211} INFO - Sync 1 DAGs
[2026-08-12T04:48:08.978+0000] {logging_mixin.py:190} INFO - [2026-08-12T04:48:08.978+0000] {dag.py:4138} INFO - Setting next_dagrun for example_branch_dop_operator_v3 to 2026-08-12 04:47:00+00:00, run_after=2026-08-12 04:48:00+00:00
[2026-08-12T04:48:09.000+0000] {processor.py:208} INFO - Processing /home/airflow/.local/lib/python3.12/site-packages/airflow/example_dags/example_branch_python_dop_operator_3.py took 0.120 seconds
[2026-08-12T04:48:39.162+0000] {processor.py:186} INFO - Started process (PID=1993) to work on /home/airflow/.local/lib/python3.12/site-packages/airflow/example_dags/example_branch_python_dop_operator_3.py
[2026-08-12T04:48:39.166+0000] {processor.py:914} INFO - Processing file /home/airflow/.local/lib/python3.12/site-packages/airflow/example_dags/example_branch_python_dop_operator_3.py for tasks to queue
[2026-08-12T04:48:39.172+0000] {logging_mixin.py:190} INFO - [2026-08-12T04:48:39.172+0000] {dagbag.py:587} INFO - Filling up the DagBag from /home/airflow/.local/lib/python3.12/site-packages/airflow/example_dags/example_branch_python_dop_operator_3.py
[2026-08-12T04:48:39.186+0000] {processor.py:925} INFO - DAG(s) 'example_branch_dop_operator_v3' retrieved from /home/airflow/.local/lib/python3.12/site-packages/airflow/example_dags/example_branch_python_dop_operator_3.py
[2026-08-12T04:48:39.208+0000] {logging_mixin.py:190} INFO - [2026-08-12T04:48:39.208+0000] {dag.py:3211} INFO - Sync 1 DAGs
[2026-08-12T04:48:39.233+0000] {logging_mixin.py:190} INFO - [2026-08-12T04:48:39.233+0000] {dag.py:4138} INFO - Setting next_dagrun for example_branch_dop_operator_v3 to 2026-08-12 04:47:00+00:00, run_after=2026-08-12 04:48:00+00:00
[2026-08-12T04:48:39.253+0000] {processor.py:208} INFO - Processing /home/airflow/.local/lib/python3.12/site-packages/airflow/example_dags/example_branch_python_dop_operator_3.py took 0.103 seconds
[2026-08-12T04:49:10.230+0000] {processor.py:186} INFO - Started process (PID=2055) to work on /home/airflow/.local/lib/python3.12/site-packages/airflow/example_dags/example_branch_python_dop_operator_3.py
[2026-08-12T04:49:10.234+0000] {processor.py:914} INFO - Processing file /home/airflow/.local/lib/python3.12/site-packages/airflow/example_dags/example_branch_python_dop_operator_3.py for tasks to queue
[2026-08-12T04:49:10.243+0000] {logging_mixin.py:190} INFO - [2026-08-12T04:49:10.242+0000] {dagbag.py:587} INFO - Filling up the DagBag from /home/airflow/.local/lib/python3.12/site-packages/airflow/example_dags/example_branch_python_dop_operator_3.py
[2026-08-12T04:49:10.262+0000] {processor.py:925} INFO - DAG(s) 'example_branch_dop_operator_v3' retrieved from /home/airflow/.local/lib/python3.12/site-packages/airflow/example_dags/example_branch_python_dop_operator_3.py
[2026-08-12T04:49:10.293+0000] {logging_mixin.py:190} INFO - [2026-08-12T04:49:10.292+0000] {dag.py:3211} INFO - Sync 1 DAGs
[2026-08-12T04:49:10.322+0000] {logging_mixin.py:190} INFO - [2026-08-12T04:49:10.322+0000] {dag.py:4138} INFO - Setting next_dagrun for example_branch_dop_operator_v3 to 2026-08-12 04:48:00+00:00, run_after=2026-08-12 04:49:00+00:00
[2026-08-12T04:49:10.351+0000] {processor.py:208} INFO - Processing /home/airflow/.local/lib/python3.12/site-packages/airflow/example_dags/example_branch_python_dop_operator_3.py took 0.134 seconds
[2026-08-12T04:49:40.837+0000] {processor.py:186} INFO - Started process (PID=2117) to work on /home/airflow/.local/lib/python3.12/site-packages/airflow/example_dags/example_branch_python_dop_operator_3.py
[2026-08-12T04:49:40.840+0000] {processor.py:914} INFO - Processing file /home/airflow/.local/lib/python3.12/site-packages/airflow/example_dags/example_branch_python_dop_operator_3.py for tasks to queue
[2026-08-12T04:49:40.844+0000] {logging_mixin.py:190} INFO - [2026-08-12T04:49:40.844+0000] {dagbag.py:587} INFO - Filling up the DagBag from /home/airflow/.local/lib/python3.12/site-packages/airflow/example_dags/example_branch_python_dop_operator_3.py
[2026-08-12T04:49:40.858+0000] {processor.py:925} INFO - DAG(s) 'example_branch_dop_operator_v3' retrieved from /home/airflow/.local/lib/python3.12/site-packages/airflow/example_dags/example_branch_python_dop_operator_3.py
[2026-08-12T04:49:40.882+0000] {logging_mixin.py:190} INFO - [2026-08-12T04:49:40.882+0000] {dag.py:3211} INFO - Sync 1 DAGs
[2026-08-12T04:49:40.912+0000] {logging_mixin.py:190} INFO - [2026-08-12T04:49:40.912+0000] {dag.py:4138} INFO - Setting next_dagrun for example_branch_dop_operator_v3 to 2026-08-12 04:48:00+00:00, run_after=2026-08-12 04:49:00+00:00
[2026-08-12T04:49:40.941+0000] {processor.py:208} INFO - Processing /home/airflow/.local/lib/python3.12/site-packages/airflow/example_dags/example_branch_python_dop_operator_3.py took 0.109 seconds
[2026-08-12T04:50:11.669+0000] {processor.py:186} INFO - Started process (PID=2179) to work on /home/airflow/.local/lib/python3.12/site-packages/airflow/example_dags/example_branch_python_dop_operator_3.py
[2026-08-12T04:50:11.672+0000] {processor.py:914} INFO - Processing file /home/airflow/.local/lib/python3.12/site-packages/airflow/example_dags/example_branch_python_dop_operator_3.py for tasks to queue
[2026-08-12T04:50:11.679+0000] {logging_mixin.py:190} INFO - [2026-08-12T04:50:11.679+0000] {dagbag.py:587} INFO - Filling up the DagBag from /home/airflow/.local/lib/python3.12/site-packages/airflow/example_dags/example_branch_python_dop_operator_3.py
[2026-08-12T04:50:11.698+0000] {processor.py:925} INFO - DAG(s) 'example_branch_dop_operator_v3' retrieved from /home/airflow/.local/lib/python3.12/site-packages/airflow/example_dags/example_branch_python_dop_operator_3.py
[2026-08-12T04:50:11.727+0000] {logging_mixin.py:190} INFO - [2026-08-12T04:50:11.727+0000] {dag.py:3211} INFO - Sync 1 DAGs
[2026-08-12T04:50:11.754+0000] {logging_mixin.py:190} INFO - [2026-08-12T04:50:11.753+0000] {dag.py:4138} INFO - Setting next_dagrun for example_branch_dop_operator_v3 to 2026-08-12 04:49:00+00:00, run_after=2026-08-12 04:50:00+00:00
[2026-08-12T04:50:11.783+0000] {processor.py:208} INFO - Processing /home/airflow/.local/lib/python3.12/site-packages/airflow/example_dags/example_branch_python_dop_operator_3.py took 0.125 seconds
[2026-08-12T04:50:42.404+0000] {processor.py:186} INFO - Started process (PID=2241) to work on /home/airflow/.local/lib/python3.12/site-packages/airflow/example_dags/example_branch_python_dop_operator_3.py
[2026-08-12T04:50:42.406+0000] {processor.py:914} INFO - Processing file /home/airflow/.local/lib/python3.12/site-packages/airflow/example_dags/example_branch_python_dop_operator_3.py for tasks to queue
[2026-08-12T04:50:42.412+0000] {logging_mixin.py:190} INFO - [2026-08-12T04:50:42.411+0000] {dagbag.py:587} INFO - Filling up the DagBag from /home/airflow/.local/lib/python3.12/site-packages/airflow/example_dags/example_branch_python_dop_operator_3.py
[2026-08-12T04:50:42.426+0000] {processor.py:925} INFO - DAG(s) 'example_branch_dop_operator_v3' retrieved from /home/airflow/.local/lib/python3.12/site-packages/airflow/example_dags/example_branch_python_dop_operator_3.py
[2026-08-12T04:50:42.450+0000] {logging_mixin.py:190} INFO - [2026-08-12T04:50:42.450+0000] {dag.py:3211} INFO - Sync 1 DAGs
[2026-08-12T04:50:42.478+0000] {logging_mixin.py:190} INFO - [2026-08-12T04:50:42.478+0000] {dag.py:4138} INFO - Setting next_dagrun for example_branch_dop_operator_v3 to 2026-08-12 04:49:00+00:00, run_after=2026-08-12 04:50:00+00:00
[2026-08-12T04:50:42.501+0000] {processor.py:208} INFO - Processing /home/airflow/.local/lib/python3.12/site-packages/airflow/example_dags/example_branch_python_dop_operator_3.py took 0.105 seconds
[2026-08-12T04:51:13.263+0000] {processor.py:186} INFO - Started process (PID=2303) to work on /home/airflow/.local/lib/python3.12/site-packages/airflow/example_dags/example_branch_python_dop_operator_3.py
[2026-08-12T04:51:13.265+0000] {processor.py:914} INFO - Processing file /home/airflow/.local/lib/python3.12/site-packages/airflow/example_dags/example_branch_python_dop_operator_3.py for tasks to queue
[2026-08-12T04:51:13.270+0000] {logging_mixin.py:190} INFO - [2026-08-12T04:51:13.269+0000] {dagbag.py:587} INFO - Filling up the DagBag from /home/airflow/.local/lib/python3.12/site-packages/airflow/example_dags/example_branch_python_dop_operator_3.py
[2026-08-12T04:51:13.284+0000] {processor.py:925} INFO - DAG(s) 'example_branch_dop_operator_v3' retrieved from /home/airflow/.local/lib/python3.12/site-packages/airflow/example_dags/example_branch_python_dop_operator_3.py
[2026-08-12T04:51:13.305+0000] {logging_mixin.py:190} INFO - [2026-08-12T04:51:13.304+0000] {dag.py:3211} INFO - Sync 1 DAGs
[2026-08-12T04:51:13.330+0000] {logging_mixin.py:190} INFO - [2026-08-12T04:51:13.330+0000] {dag.py:4138} INFO - Setting next_dagrun for example_branch_dop_operator_v3 to 2026-08-12 04:50:00+00:00, run_after=2026-08-12 04:51:00+00:00
[2026-08-12T04:51:13.358+0000] {processor.py:208} INFO - Processing /home/airflow/.local/lib/python3.12/site-packages/airflow/example_dags/example_branch_python_dop_operator_3.py took 0.101 seconds
[2026-08-12T04:51:43.635+0000] {processor.py:186} INFO - Started process (PID=2365) to work on /home/airflow/.local/lib/python3.12/site-packages/airflow/example_dags/example_branch_python_dop_operator_3.py
[2026-08-12T04:51:43.637+0000] {processor.py:914} INFO - Processing file /home/airflow/.local/lib/python3.12/site-packages/airflow/example_dags/example_branch_python_dop_operator_3.py for tasks to queue
[2026-08-12T04:51:43.642+0000] {logging_mixin.py:190} INFO - [2026-08-12T04:51:43.641+0000] {dagbag.py:587} INFO - Filling up the DagBag from /home/airflow/.local/lib/python3.12/site-packages/airflow/example_dags/example_branch_python_dop_operator_3.py
[2026-08-12T04:51:43.655+0000] {processor.py:925} INFO - DAG(s) 'example_branch_dop_operator_v3' retrieved from /home/airflow/.local/lib/python3.12/site-packages/airflow/example_dags/example_branch_python_dop_operator_3.py
[2026-08-12T04:51:43.680+0000] {logging_mixin.py:190} INFO - [2026-08-12T04:51:43.680+0000] {dag.py:3211} INFO - Sync 1 DAGs
[2026-08-12T04:51:43.710+0000] {logging_mixin.py:190} INFO - [2026-08-12T04:51:43.710+0000] {dag.py:4138} INFO - Setting next_dagrun for example_branch_dop_operator_v3 to 2026-08-12 04:50:00+00:00, run_after=2026-08-12 04:51:00+00:00
[2026-08-12T04:51:43.738+0000] {processor.py:208} INFO - Processing /home/airflow/.local/lib/python3.12/site-packages/airflow/example_dags/example_branch_python_dop_operator_3.py took 0.111 seconds
[2026-08-12T04:52:13.883+0000] {processor.py:186} INFO - Started process (PID=2427) to work on /home/airflow/.local/lib/python3.12/site-packages/airflow/example_dags/example_branch_python_dop_operator_3.py
[2026-08-12T04:52:13.885+0000] {processor.py:914} INFO - Processing file /home/airflow/.local/lib/python3.12/site-packages/airflow/example_dags/example_branch_python_dop_operator_3.py for tasks to queue
[2026-08-12T04:52:13.890+0000] {logging_mixin.py:190} INFO - [2026-08-12T04:52:13.889+0000] {dagbag.py:587} INFO - Filling up the DagBag from /home/airflow/.local/lib/python3.12/site-packages/airflow/example_dags/example_branch_python_dop_operator_3.py
[2026-08-12T04:52:13.901+0000] {processor.py:925} INFO - DAG(s) 'example_branch_dop_operator_v3' retrieved from /home/airflow/.local/lib/python3.12/site-packages/airflow/example_dags/example_branch_python_dop_operator_3.py
[2026-08-12T04:52:13.923+0000] {logging_mixin.py:190} INFO - [2026-08-12T04:52:13.923+0000] {dag.py:3211} INFO - Sync 1 DAGs
[2026-08-12T04:52:13.949+0000] {logging_mixin.py:190} INFO - [2026-08-12T04:52:13.949+0000] {dag.py:4138} INFO - Setting next_dagrun for example_branch_dop_operator_v3 to 2026-08-12 04:51:00+00:00, run_after=2026-08-12 04:52:00+00:00
[2026-08-12T04:52:13.970+0000] {processor.py:208} INFO - Processing /home/airflow/.local/lib/python3.12/site-packages/airflow/example_dags/example_branch_python_dop_operator_3.py took 0.093 seconds
[2026-08-12T04:52:44.497+0000] {processor.py:186} INFO - Started process (PID=2489) to work on /home/airflow/.local/lib/python3.12/site-packages/airflow/example_dags/example_branch_python_dop_operator_3.py
[2026-08-12T04:52:44.499+0000] {processor.py:914} INFO - Processing file /home/airflow/.local/lib/python3.12/site-packages/airflow/example_dags/example_branch_python_dop_operator_3.py for tasks to queue
[2026-08-12T04:52:44.504+0000] {logging_mixin.py:190} INFO - [2026-08-12T04:52:44.503+0000] {dagbag.py:587} INFO - Filling up the DagBag from /home/airflow/.local/lib/python3.12/site-packages/airflow/example_dags/example_branch_python_dop_operator_3.py
[2026-08-12T04:52:44.516+0000] {processor.py:925} INFO - DAG(s) 'example_branch_dop_operator_v3' retrieved from /home/airflow/.local/lib/python3.12/site-packages/airflow/example_dags/example_branch_python_dop_operator_3.py
[2026-08-12T04:52:44.541+0000] {logging_mixin.py:190} INFO - [2026-08-12T04:52:44.540+0000] {dag.py:3211} INFO - Sync 1 DAGs
[2026-08-12T04:52:44.569+0000] {logging_mixin.py:190} INFO - [2026-08-12T04:52:44.569+0000] {dag.py:4138} INFO - Setting next_dagrun for example_branch_dop_operator_v3 to 2026-08-12 04:51:00+00:00, run_after=2026-08-12 04:52:00+00:00
[2026-08-12T04:52:44.589+0000] {processor.py:208} INFO - Processing /home/airflow/.local/lib/python3.12/site-packages/airflow/example_dags/example_branch_python_dop_operator_3.py took 0.097 seconds
[2026-08-12T04:53:15.490+0000] {processor.py:186} INFO - Started process (PID=2553) to work on /home/airflow/.local/lib/python3.12/site-packages/airflow/example_dags/example_branch_python_dop_operator_3.py
[2026-08-12T04:53:15.492+0000] {processor.py:914} INFO - Processing file /home/airflow/.local/lib/python3.12/site-packages/airflow/example_dags/example_branch_python_dop_operator_3.py for tasks to queue
[2026-08-12T04:53:15.502+0000] {logging_mixin.py:190} INFO - [2026-08-12T04:53:15.501+0000] {dagbag.py:587} INFO - Filling up the DagBag from /home/airflow/.local/lib/python3.12/site-packages/airflow/example_dags/example_branch_python_dop_operator_3.py
[2026-08-12T04:53:15.527+0000] {processor.py:925} INFO - DAG(s) 'example_branch_dop_operator_v3' retrieved from /home/airflow/.local/lib/python3.12/site-packages/airflow/example_dags/example_branch_python_dop_operator_3.py
[2026-08-12T04:53:15.608+0000] {logging_mixin.py:190} INFO - [2026-08-12T04:53:15.607+0000] {dag.py:3211} INFO - Sync 1 DAGs
[2026-08-12T04:53:15.676+0000] {logging_mixin.py:190} INFO - [2026-08-12T04:53:15.676+0000] {dag.py:4138} INFO - Setting next_dagrun for example_branch_dop_operator_v3 to 2026-08-12 04:52:00+00:00, run_after=2026-08-12 04:53:00+00:00
[2026-08-12T04:53:15.723+0000] {processor.py:208} INFO - Processing /home/airflow/.local/lib/python3.12/site-packages/airflow/example_dags/example_branch_python_dop_operator_3.py took 0.247 seconds
[2026-08-12T04:53:46.590+0000] {processor.py:186} INFO - Started process (PID=2616) to work on /home/airflow/.local/lib/python3.12/site-packages/airflow/example_dags/example_branch_python_dop_operator_3.py
[2026-08-12T04:53:46.592+0000] {processor.py:914} INFO - Processing file /home/airflow/.local/lib/python3.12/site-packages/airflow/example_dags/example_branch_python_dop_operator_3.py for tasks to queue
[2026-08-12T04:53:46.597+0000] {logging_mixin.py:190} INFO - [2026-08-12T04:53:46.596+0000] {dagbag.py:587} INFO - Filling up the DagBag from /home/airflow/.local/lib/python3.12/site-packages/airflow/example_dags/example_branch_python_dop_operator_3.py
[2026-08-12T04:53:46.609+0000] {processor.py:925} INFO - DAG(s) 'example_branch_dop_operator_v3' retrieved from /home/airflow/.local/lib/python3.12/site-packages/airflow/example_dags/example_branch_python_dop_operator_3.py
[2026-08-12T04:53:46.632+0000] {logging_mixin.py:190} INFO - [2026-08-12T04:53:46.631+0000] {dag.py:3211} INFO - Sync 1 DAGs
[2026-08-12T04:53:46.659+0000] {logging_mixin.py:190} INFO - [2026-08-12T04:53:46.658+0000] {dag.py:4138} INFO - Setting next_dagrun for example_branch_dop_operator_v3 to 2026-08-12 04:52:00+00:00, run_after=2026-08-12 04:53:00+00:00
[2026-08-12T04:53:46.683+0000] {processor.py:208} INFO - Processing /home/airflow/.local/lib/python3.12/site-packages/airflow/example_dags/example_branch_python_dop_operator_3.py took 0.099 seconds
[2026-08-12T04:54:16.835+0000] {processor.py:186} INFO - Started process (PID=2679) to work on /home/airflow/.local/lib/python3.12/site-packages/airflow/example_dags/example_branch_python_dop_operator_3.py
[2026-08-12T04:54:16.837+0000] {processor.py:914} INFO - Processing file /home/airflow/.local/lib/python3.12/site-packages/airflow/example_dags/example_branch_python_dop_operator_3.py for tasks to queue
[2026-08-12T04:54:16.843+0000] {logging_mixin.py:190} INFO - [2026-08-12T04:54:16.842+0000] {dagbag.py:587} INFO - Filling up the DagBag from /home/airflow/.local/lib/python3.12/site-packages/airflow/example_dags/example_branch_python_dop_operator_3.py
[2026-08-12T04:54:16.854+0000] {processor.py:925} INFO - DAG(s) 'example_branch_dop_operator_v3' retrieved from /home/airflow/.local/lib/python3.12/site-packages/airflow/example_dags/example_branch_python_dop_operator_3.py
[2026-08-12T04:54:16.878+0000] {logging_mixin.py:190} INFO - [2026-08-12T04:54:16.877+0000] {dag.py:3211} INFO - Sync 1 DAGs
[2026-08-12T04:54:16.905+0000] {logging_mixin.py:190} INFO - [2026-08-12T04:54:16.905+0000] {dag.py:4138} INFO - Setting next_dagrun for example_branch_dop_operator_v3 to 2026-08-12 04:53:00+00:00, run_after=2026-08-12 04:54:00+00:00
[2026-08-12T04:54:16.934+0000] {processor.py:208} INFO - Processing /home/airflow/.local/lib/python3.12/site-packages/airflow/example_dags/example_branch_python_dop_operator_3.py took 0.104 seconds
[2026-08-12T04:54:47.361+0000] {processor.py:186} INFO - Started process (PID=2741) to work on /home/airflow/.local/lib/python3.12/site-packages/airflow/example_dags/example_branch_python_dop_operator_3.py
[2026-08-12T04:54:47.364+0000] {processor.py:914} INFO - Processing file /home/airflow/.local/lib/python3.12/site-packages/airflow/example_dags/example_branch_python_dop_operator_3.py for tasks to queue
[2026-08-12T04:54:47.373+0000] {logging_mixin.py:190} INFO - [2026-08-12T04:54:47.372+0000] {dagbag.py:587} INFO - Filling up the DagBag from /home/airflow/.local/lib/python3.12/site-packages/airflow/example_dags/example_branch_python_dop_operator_3.py
[2026-08-12T04:54:47.391+0000] {processor.py:925} INFO - DAG(s) 'example_branch_dop_operator_v3' retrieved from /home/airflow/.local/lib/python3.12/site-packages/airflow/example_dags/example_branch_python_dop_operator_3.py
[2026-08-12T04:54:47.423+0000] {logging_mixin.py:190} INFO - [2026-08-12T04:54:47.423+0000] {dag.py:3211} INFO - Sync 1 DAGs
[2026-08-12T04:54:47.454+0000] {logging_mixin.py:190} INFO - [2026-08-12T04:54:47.454+0000] {dag.py:4138} INFO - Setting next_dagrun for example_branch_dop_operator_v3 to 2026-08-12 04:53:00+00:00, run_after=2026-08-12 04:54:00+00:00
[2026-08-12T04:54:47.481+0000] {processor.py:208} INFO - Processing /home/airflow/.local/lib/python3.12/site-packages/airflow/example_dags/example_branch_python_dop_operator_3.py took 0.129 seconds
[2026-08-12T04:55:17.623+0000] {processor.py:186} INFO - Started process (PID=2804) to work on /home/airflow/.local/lib/python3.12/site-packages/airflow/example_dags/example_branch_python_dop_operator_3.py
[2026-08-12T04:55:17.626+0000] {processor.py:914} INFO - Processing file /home/airflow/.local/lib/python3.12/site-packages/airflow/example_dags/example_branch_python_dop_operator_3.py for tasks to queue
[2026-08-12T04:55:17.632+0000] {logging_mixin.py:190} INFO - [2026-08-12T04:55:17.631+0000] {dagbag.py:587} INFO - Filling up the DagBag from /home/airflow/.local/lib/python3.12/site-packages/airflow/example_dags/example_branch_python_dop_operator_3.py
[2026-08-12T04:55:17.647+0000] {processor.py:925} INFO - DAG(s) 'example_branch_dop_operator_v3' retrieved from /home/airflow/.local/lib/python3.12/site-packages/airflow/example_dags/example_branch_python_dop_operator_3.py
[2026-08-12T04:55:17.673+0000] {logging_mixin.py:190} INFO - [2026-08-12T04:55:17.673+0000] {dag.py:3211} INFO - Sync 1 DAGs
[2026-08-12T04:55:17.699+0000] {logging_mixin.py:190} INFO - [2026-08-12T04:55:17.699+0000] {dag.py:4138} INFO - Setting next_dagrun for example_branch_dop_operator_v3 to 2026-08-12 04:54:00+00:00, run_after=2026-08-12 04:55:00+00:00
[2026-08-12T04:55:17.727+0000] {processor.py:208} INFO - Processing /home/airflow/.local/lib/python3.12/site-packages/airflow/example_dags/example_branch_python_dop_operator_3.py took 0.117 seconds
[2026-08-12T04:55:48.368+0000] {processor.py:186} INFO - Started process (PID=2867) to work on /home/airflow/.local/lib/python3.12/site-packages/airflow/example_dags/example_branch_python_dop_operator_3.py
[2026-08-12T04:55:48.371+0000] {processor.py:914} INFO - Processing file /home/airflow/.local/lib/python3.12/site-packages/airflow/example_dags/example_branch_python_dop_operator_3.py for tasks to queue
[2026-08-12T04:55:48.378+0000] {logging_mixin.py:190} INFO - [2026-08-12T04:55:48.377+0000] {dagbag.py:587} INFO - Filling up the DagBag from /home/airflow/.local/lib/python3.12/site-packages/airflow/example_dags/example_branch_python_dop_operator_3.py
[2026-08-12T04:55:48.389+0000] {processor.py:925} INFO - DAG(s) 'example_branch_dop_operator_v3' retrieved from /home/airflow/.local/lib/python3.12/site-packages/airflow/example_dags/example_branch_python_dop_operator_3.py
[2026-08-12T04:55:48.431+0000] {logging_mixin.py:190} INFO - [2026-08-12T04:55:48.431+0000] {dag.py:3211} INFO - Sync 1 DAGs
[2026-08-12T04:55:48.471+0000] {logging_mixin.py:190} INFO - [2026-08-12T04:55:48.471+0000] {dag.py:4138} INFO - Setting next_dagrun for example_branch_dop_operator_v3 to 2026-08-12 04:54:00+00:00, run_after=2026-08-12 04:55:00+00:00
[2026-08-12T04:55:48.497+0000] {processor.py:208} INFO - Processing /home/airflow/.local/lib/python3.12/site-packages/airflow/example_dags/example_branch_python_dop_operator_3.py took 0.136 seconds
[2026-08-12T04:56:18.715+0000] {processor.py:186} INFO - Started process (PID=2930) to work on /home/airflow/.local/lib/python3.12/site-packages/airflow/example_dags/example_branch_python_dop_operator_3.py
[2026-08-12T04:56:18.718+0000] {processor.py:914} INFO - Processing file /home/airflow/.local/lib/python3.12/site-packages/airflow/example_dags/example_branch_python_dop_operator_3.py for tasks to queue
[2026-08-12T04:56:18.723+0000] {logging_mixin.py:190} INFO - [2026-08-12T04:56:18.722+0000] {dagbag.py:587} INFO - Filling up the DagBag from /home/airflow/.local/lib/python3.12/site-packages/airflow/example_dags/example_branch_python_dop_operator_3.py
[2026-08-12T04:56:18.734+0000] {processor.py:925} INFO - DAG(s) 'example_branch_dop_operator_v3' retrieved from /home/airflow/.local/lib/python3.12/site-packages/airflow/example_dags/example_branch_python_dop_operator_3.py
[2026-08-12T04:56:18.757+0000] {logging_mixin.py:190} INFO - [2026-08-12T04:56:18.757+0000] {dag.py:3211} INFO - Sync 1 DAGs
[2026-08-12T04:56:18.786+0000] {logging_mixin.py:190} INFO - [2026-08-12T04:56:18.786+0000] {dag.py:4138} INFO - Setting next_dagrun for example_branch_dop_operator_v3 to 2026-08-12 04:55:00+00:00, run_after=2026-08-12 04:56:00+00:00
[2026-08-12T04:56:18.814+0000] {processor.py:208} INFO - Processing /home/airflow/.local/lib/python3.12/site-packages/airflow/example_dags/example_branch_python_dop_operator_3.py took 0.105 seconds
[2026-08-12T04:56:49.257+0000] {processor.py:186} INFO - Started process (PID=2993) to work on /home/airflow/.local/lib/python3.12/site-packages/airflow/example_dags/example_branch_python_dop_operator_3.py
[2026-08-12T04:56:49.259+0000] {processor.py:914} INFO - Processing file /home/airflow/.local/lib/python3.12/site-packages/airflow/example_dags/example_branch_python_dop_operator_3.py for tasks to queue
[2026-08-12T04:56:49.263+0000] {logging_mixin.py:190} INFO - [2026-08-12T04:56:49.263+0000] {dagbag.py:587} INFO - Filling up the DagBag from /home/airflow/.local/lib/python3.12/site-packages/airflow/example_dags/example_branch_python_dop_operator_3.py
[2026-08-12T04:56:49.275+0000] {processor.py:925} INFO - DAG(s) 'example_branch_dop_operator_v3' retrieved from /home/airflow/.local/lib/python3.12/site-packages/airflow/example_dags/example_branch_python_dop_operator_3.py
[2026-08-12T04:56:49.298+0000] {logging_mixin.py:190} INFO - [2026-08-12T04:56:49.298+0000] {dag.py:3211} INFO - Sync 1 DAGs
[2026-08-12T04:56:49.326+0000] {logging_mixin.py:190} INFO - [2026-08-12T04:56:49.326+0000] {dag.py:4138} INFO - Setting next_dagrun for example_branch_dop_operator_v3 to 2026-08-12 04:55:00+00:00, run_after=2026-08-12 04:56:00+00:00
[2026-08-12T04:56:49.352+0000] {processor.py:208} INFO - Processing /home/airflow/.local/lib/python3.12/site-packages/airflow/example_dags/example_branch_python_dop_operator_3.py took 0.101 seconds
[2026-08-12T04:57:19.549+0000] {processor.py:186} INFO - Started process (PID=3056) to work on /home/airflow/.local/lib/python3.12/site-packages/airflow/example_dags/example_branch_python_dop_operator_3.py
[2026-08-12T04:57:19.552+0000] {processor.py:914} INFO - Processing file /home/airflow/.local/lib/python3.12/site-packages/airflow/example_dags/example_branch_python_dop_operator_3.py for tasks to queue
[2026-08-12T04:57:19.556+0000] {logging_mixin.py:190} INFO - [2026-08-12T04:57:19.556+0000] {dagbag.py:587} INFO - Filling up the DagBag from /home/airflow/.local/lib/python3.12/site-packages/airflow/example_dags/example_branch_python_dop_operator_3.py
[2026-08-12T04:57:19.569+0000] {processor.py:925} INFO - DAG(s) 'example_branch_dop_operator_v3' retrieved from /home/airflow/.local/lib/python3.12/site-packages/airflow/example_dags/example_branch_python_dop_operator_3.py
[2026-08-12T04:57:19.595+0000] {logging_mixin.py:190} INFO - [2026-08-12T04:57:19.595+0000] {dag.py:3211} INFO - Sync 1 DAGs
[2026-08-12T04:57:19.628+0000] {logging_mixin.py:190} INFO - [2026-08-12T04:57:19.628+0000] {dag.py:4138} INFO - Setting next_dagrun for example_branch_dop_operator_v3 to 2026-08-12 04:56:00+00:00, run_after=2026-08-12 04:57:00+00:00
[2026-08-12T04:57:19.653+0000] {processor.py:208} INFO - Processing /home/airflow/.local/lib/python3.12/site-packages/airflow/example_dags/example_branch_python_dop_operator_3.py took 0.112 seconds
[2026-08-12T04:57:49.981+0000] {processor.py:186} INFO - Started process (PID=3119) to work on /home/airflow/.local/lib/python3.12/site-packages/airflow/example_dags/example_branch_python_dop_operator_3.py
[2026-08-12T04:57:49.983+0000] {processor.py:914} INFO - Processing file /home/airflow/.local/lib/python3.12/site-packages/airflow/example_dags/example_branch_python_dop_operator_3.py for tasks to queue
[2026-08-12T04:57:49.987+0000] {logging_mixin.py:190} INFO - [2026-08-12T04:57:49.987+0000] {dagbag.py:587} INFO - Filling up the DagBag from /home/airflow/.local/lib/python3.12/site-packages/airflow/example_dags/example_branch_python_dop_operator_3.py
[2026-08-12T04:57:50.001+0000] {processor.py:925} INFO - DAG(s) 'example_branch_dop_operator_v3' retrieved from /home/airflow/.local/lib/python3.12/site-packages/airflow/example_dags/example_branch_python_dop_operator_3.py
[2026-08-12T04:57:50.030+0000] {logging_mixin.py:190} INFO - [2026-08-12T04:57:50.030+0000] {dag.py:3211} INFO - Sync 1 DAGs
[2026-08-12T04:57:50.066+0000] {logging_mixin.py:190} INFO - [2026-08-12T04:57:50.065+0000] {dag.py:4138} INFO - Setting next_dagrun for example_branch_dop_operator_v3 to 2026-08-12 04:56:00+00:00, run_after=2026-08-12 04:57:00+00:00
[2026-08-12T04:57:50.101+0000] {processor.py:208} INFO - Processing /home/airflow/.local/lib/python3.12/site-packages/airflow/example_dags/example_branch_python_dop_operator_3.py took 0.128 seconds
[2026-08-12T04:58:20.359+0000] {processor.py:186} INFO - Started process (PID=3182) to work on /home/airflow/.local/lib/python3.12/site-packages/airflow/example_dags/example_branch_python_dop_operator_3.py
[2026-08-12T04:58:20.362+0000] {processor.py:914} INFO - Processing file /home/airflow/.local/lib/python3.12/site-packages/airflow/example_dags/example_branch_python_dop_operator_3.py for tasks to queue
[2026-08-12T04:58:20.366+0000] {logging_mixin.py:190} INFO - [2026-08-12T04:58:20.365+0000] {dagbag.py:587} INFO - Filling up the DagBag from /home/airflow/.local/lib/python3.12/site-packages/airflow/example_dags/example_branch_python_dop_operator_3.py
[2026-08-12T04:58:20.380+0000] {processor.py:925} INFO - DAG(s) 'example_branch_dop_operator_v3' retrieved from /home/airflow/.local/lib/python3.12/site-packages/airflow/example_dags/example_branch_python_dop_operator_3.py
[2026-08-12T04:58:20.421+0000] {logging_mixin.py:190} INFO - [2026-08-12T04:58:20.421+0000] {dag.py:3211} INFO - Sync 1 DAGs
[2026-08-12T04:58:20.463+0000] {logging_mixin.py:190} INFO - [2026-08-12T04:58:20.463+0000] {dag.py:4138} INFO - Setting next_dagrun for example_branch_dop_operator_v3 to 2026-08-12 04:57:00+00:00, run_after=2026-08-12 04:58:00+00:00
[2026-08-12T04:58:20.533+0000] {processor.py:208} INFO - Processing /home/airflow/.local/lib/python3.12/site-packages/airflow/example_dags/example_branch_python_dop_operator_3.py took 0.181 seconds
[2026-08-12T04:58:50.635+0000] {processor.py:186} INFO - Started process (PID=3245) to work on /home/airflow/.local/lib/python3.12/site-packages/airflow/example_dags/example_branch_python_dop_operator_3.py
[2026-08-12T04:58:50.637+0000] {processor.py:914} INFO - Processing file /home/airflow/.local/lib/python3.12/site-packages/airflow/example_dags/example_branch_python_dop_operator_3.py for tasks to queue
[2026-08-12T04:58:50.642+0000] {logging_mixin.py:190} INFO - [2026-08-12T04:58:50.641+0000] {dagbag.py:587} INFO - Filling up the DagBag from /home/airflow/.local/lib/python3.12/site-packages/airflow/example_dags/example_branch_python_dop_operator_3.py
[2026-08-12T04:58:50.658+0000] {processor.py:925} INFO - DAG(s) 'example_branch_dop_operator_v3' retrieved from /home/airflow/.local/lib/python3.12/site-packages/airflow/example_dags/example_branch_python_dop_operator_3.py
[2026-08-12T04:58:50.685+0000] {logging_mixin.py:190} INFO - [2026-08-12T04:58:50.685+0000] {dag.py:3211} INFO - Sync 1 DAGs
[2026-08-12T04:58:50.716+0000] {logging_mixin.py:190} INFO - [2026-08-12T04:58:50.716+0000] {dag.py:4138} INFO - Setting next_dagrun for example_branch_dop_operator_v3 to 2026-08-12 04:57:00+00:00, run_after=2026-08-12 04:58:00+00:00
[2026-08-12T04:58:50.744+0000] {processor.py:208} INFO - Processing /home/airflow/.local/lib/python3.12/site-packages/airflow/example_dags/example_branch_python_dop_operator_3.py took 0.117 seconds
[2026-08-12T04:59:21.003+0000] {processor.py:186} INFO - Started process (PID=3308) to work on /home/airflow/.local/lib/python3.12/site-packages/airflow/example_dags/example_branch_python_dop_operator_3.py
[2026-08-12T04:59:21.005+0000] {processor.py:914} INFO - Processing file /home/airflow/.local/lib/python3.12/site-packages/airflow/example_dags/example_branch_python_dop_operator_3.py for tasks to queue
[2026-08-12T04:59:21.009+0000] {logging_mixin.py:190} INFO - [2026-08-12T04:59:21.008+0000] {dagbag.py:587} INFO - Filling up the DagBag from /home/airflow/.local/lib/python3.12/site-packages/airflow/example_dags/example_branch_python_dop_operator_3.py
[2026-08-12T04:59:21.026+0000] {processor.py:925} INFO - DAG(s) 'example_branch_dop_operator_v3' retrieved from /home/airflow/.local/lib/python3.12/site-packages/airflow/example_dags/example_branch_python_dop_operator_3.py
[2026-08-12T04:59:21.058+0000] {logging_mixin.py:190} INFO - [2026-08-12T04:59:21.058+0000] {dag.py:3211} INFO - Sync 1 DAGs
[2026-08-12T04:59:21.087+0000] {logging_mixin.py:190} INFO - [2026-08-12T04:59:21.087+0000] {dag.py:4138} INFO - Setting next_dagrun for example_branch_dop_operator_v3 to 2026-08-12 04:58:00+00:00, run_after=2026-08-12 04:59:00+00:00
[2026-08-12T04:59:21.110+0000] {processor.py:208} INFO - Processing /home/airflow/.local/lib/python3.12/site-packages/airflow/example_dags/example_branch_python_dop_operator_3.py took 0.114 seconds
[2026-08-12T04:59:51.418+0000] {processor.py:186} INFO - Started process (PID=3371) to work on /home/airflow/.local/lib/python3.12/site-packages/airflow/example_dags/example_branch_python_dop_operator_3.py
[2026-08-12T04:59:51.422+0000] {processor.py:914} INFO - Processing file /home/airflow/.local/lib/python3.12/site-packages/airflow/example_dags/example_branch_python_dop_operator_3.py for tasks to queue
[2026-08-12T04:59:51.428+0000] {logging_mixin.py:190} INFO - [2026-08-12T04:59:51.428+0000] {dagbag.py:587} INFO - Filling up the DagBag from /home/airflow/.local/lib/python3.12/site-packages/airflow/example_dags/example_branch_python_dop_operator_3.py
[2026-08-12T04:59:51.442+0000] {processor.py:925} INFO - DAG(s) 'example_branch_dop_operator_v3' retrieved from /home/airflow/.local/lib/python3.12/site-packages/airflow/example_dags/example_branch_python_dop_operator_3.py
[2026-08-12T04:59:51.464+0000] {logging_mixin.py:190} INFO - [2026-08-12T04:59:51.464+0000] {dag.py:3211} INFO - Sync 1 DAGs
[2026-08-12T04:59:51.494+0000] {logging_mixin.py:190} INFO - [2026-08-12T04:59:51.493+0000] {dag.py:4138} INFO - Setting next_dagrun for example_branch_dop_operator_v3 to 2026-08-12 04:58:00+00:00, run_after=2026-08-12 04:59:00+00:00
[2026-08-12T04:59:51.519+0000] {processor.py:208} INFO - Processing /home/airflow/.local/lib/python3.12/site-packages/airflow/example_dags/example_branch_python_dop_operator_3.py took 0.112 seconds
[2026-08-12T05:00:21.769+0000] {processor.py:186} INFO - Started process (PID=3434) to work on /home/airflow/.local/lib/python3.12/site-packages/airflow/example_dags/example_branch_python_dop_operator_3.py
[2026-08-12T05:00:21.772+0000] {processor.py:914} INFO - Processing file /home/airflow/.local/lib/python3.12/site-packages/airflow/example_dags/example_branch_python_dop_operator_3.py for tasks to queue
[2026-08-12T05:00:21.777+0000] {logging_mixin.py:190} INFO - [2026-08-12T05:00:21.776+0000] {dagbag.py:587} INFO - Filling up the DagBag from /home/airflow/.local/lib/python3.12/site-packages/airflow/example_dags/example_branch_python_dop_operator_3.py
[2026-08-12T05:00:21.790+0000] {processor.py:925} INFO - DAG(s) 'example_branch_dop_operator_v3' retrieved from /home/airflow/.local/lib/python3.12/site-packages/airflow/example_dags/example_branch_python_dop_operator_3.py
[2026-08-12T05:00:21.815+0000] {logging_mixin.py:190} INFO - [2026-08-12T05:00:21.814+0000] {dag.py:3211} INFO - Sync 1 DAGs
[2026-08-12T05:00:21.852+0000] {logging_mixin.py:190} INFO - [2026-08-12T05:00:21.852+0000] {dag.py:4138} INFO - Setting next_dagrun for example_branch_dop_operator_v3 to 2026-08-12 04:59:00+00:00, run_after=2026-08-12 05:00:00+00:00
[2026-08-12T05:00:21.888+0000] {processor.py:208} INFO - Processing /home/airflow/.local/lib/python3.12/site-packages/airflow/example_dags/example_branch_python_dop_operator_3.py took 0.125 seconds
[2026-08-12T05:00:52.402+0000] {processor.py:186} INFO - Started process (PID=3497) to work on /home/airflow/.local/lib/python3.12/site-packages/airflow/example_dags/example_branch_python_dop_operator_3.py
[2026-08-12T05:00:52.408+0000] {processor.py:914} INFO - Processing file /home/airflow/.local/lib/python3.12/site-packages/airflow/example_dags/example_branch_python_dop_operator_3.py for tasks to queue
[2026-08-12T05:00:52.415+0000] {logging_mixin.py:190} INFO - [2026-08-12T05:00:52.414+0000] {dagbag.py:587} INFO - Filling up the DagBag from /home/airflow/.local/lib/python3.12/site-packages/airflow/example_dags/example_branch_python_dop_operator_3.py
[2026-08-12T05:00:52.430+0000] {processor.py:925} INFO - DAG(s) 'example_branch_dop_operator_v3' retrieved from /home/airflow/.local/lib/python3.12/site-packages/airflow/example_dags/example_branch_python_dop_operator_3.py
[2026-08-12T05:00:52.456+0000] {logging_mixin.py:190} INFO - [2026-08-12T05:00:52.456+0000] {dag.py:3211} INFO - Sync 1 DAGs
[2026-08-12T05:00:52.490+0000] {logging_mixin.py:190} INFO - [2026-08-12T05:00:52.490+0000] {dag.py:4138} INFO - Setting next_dagrun for example_branch_dop_operator_v3 to 2026-08-12 04:59:00+00:00, run_after=2026-08-12 05:00:00+00:00
[2026-08-12T05:00:52.525+0000] {processor.py:208} INFO - Processing /home/airflow/.local/lib/python3.12/site-packages/airflow/example_dags/example_branch_python_dop_operator_3.py took 0.131 seconds
[2026-08-12T05:01:22.621+0000] {processor.py:186} INFO - Started process (PID=3560) to work on /home/airflow/.local/lib/python3.12/site-packages/airflow/example_dags/example_branch_python_dop_operator_3.py
[2026-08-12T05:01:22.624+0000] {processor.py:914} INFO - Processing file /home/airflow/.local/lib/python3.12/site-packages/airflow/example_dags/example_branch_python_dop_operator_3.py for tasks to queue
[2026-08-12T05:01:22.628+0000] {logging_mixin.py:190} INFO - [2026-08-12T05:01:22.628+0000] {dagbag.py:587} INFO - Filling up the DagBag from /home/airflow/.local/lib/python3.12/site-packages/airflow/example_dags/example_branch_python_dop_operator_3.py
[2026-08-12T05:01:22.641+0000] {processor.py:925} INFO - DAG(s) 'example_branch_dop_operator_v3' retrieved from /home/airflow/.local/lib/python3.12/site-packages/airflow/example_dags/example_branch_python_dop_operator_3.py
[2026-08-12T05:01:22.668+0000] {logging_mixin.py:190} INFO - [2026-08-12T05:01:22.668+0000] {dag.py:3211} INFO - Sync 1 DAGs
[2026-08-12T05:01:22.707+0000] {logging_mixin.py:190} INFO - [2026-08-12T05:01:22.707+0000] {dag.py:4138} INFO - Setting next_dagrun for example_branch_dop_operator_v3 to 2026-08-12 05:00:00+00:00, run_after=2026-08-12 05:01:00+00:00
[2026-08-12T05:01:22.750+0000] {processor.py:208} INFO - Processing /home/airflow/.local/lib/python3.12/site-packages/airflow/example_dags/example_branch_python_dop_operator_3.py took 0.138 seconds
[2026-08-12T05:01:53.525+0000] {processor.py:186} INFO - Started process (PID=3623) to work on /home/airflow/.local/lib/python3.12/site-packages/airflow/example_dags/example_branch_python_dop_operator_3.py
[2026-08-12T05:01:53.527+0000] {processor.py:914} INFO - Processing file /home/airflow/.local/lib/python3.12/site-packages/airflow/example_dags/example_branch_python_dop_operator_3.py for tasks to queue
[2026-08-12T05:01:53.532+0000] {logging_mixin.py:190} INFO - [2026-08-12T05:01:53.532+0000] {dagbag.py:587} INFO - Filling up the DagBag from /home/airflow/.local/lib/python3.12/site-packages/airflow/example_dags/example_branch_python_dop_operator_3.py
[2026-08-12T05:01:53.554+0000] {processor.py:925} INFO - DAG(s) 'example_branch_dop_operator_v3' retrieved from /home/airflow/.local/lib/python3.12/site-packages/airflow/example_dags/example_branch_python_dop_operator_3.py
[2026-08-12T05:01:53.587+0000] {logging_mixin.py:190} INFO - [2026-08-12T05:01:53.587+0000] {dag.py:3211} INFO - Sync 1 DAGs
[2026-08-12T05:01:53.623+0000] {logging_mixin.py:190} INFO - [2026-08-12T05:01:53.623+0000] {dag.py:4138} INFO - Setting next_dagrun for example_branch_dop_operator_v3 to 2026-08-12 05:00:00+00:00, run_after=2026-08-12 05:01:00+00:00
[2026-08-12T05:01:53.649+0000] {processor.py:208} INFO - Processing /home/airflow/.local/lib/python3.12/site-packages/airflow/example_dags/example_branch_python_dop_operator_3.py took 0.135 seconds
[2026-08-12T05:02:24.060+0000] {processor.py:186} INFO - Started process (PID=3687) to work on /home/airflow/.local/lib/python3.12/site-packages/airflow/example_dags/example_branch_python_dop_operator_3.py
[2026-08-12T05:02:24.066+0000] {processor.py:914} INFO - Processing file /home/airflow/.local/lib/python3.12/site-packages/airflow/example_dags/example_branch_python_dop_operator_3.py for tasks to queue
[2026-08-12T05:02:24.079+0000] {logging_mixin.py:190} INFO - [2026-08-12T05:02:24.077+0000] {dagbag.py:587} INFO - Filling up the DagBag from /home/airflow/.local/lib/python3.12/site-packages/airflow/example_dags/example_branch_python_dop_operator_3.py
[2026-08-12T05:02:24.111+0000] {processor.py:925} INFO - DAG(s) 'example_branch_dop_operator_v3' retrieved from /home/airflow/.local/lib/python3.12/site-packages/airflow/example_dags/example_branch_python_dop_operator_3.py
[2026-08-12T05:02:24.141+0000] {logging_mixin.py:190} INFO - [2026-08-12T05:02:24.140+0000] {dag.py:3211} INFO - Sync 1 DAGs
[2026-08-12T05:02:24.174+0000] {logging_mixin.py:190} INFO - [2026-08-12T05:02:24.174+0000] {dag.py:4138} INFO - Setting next_dagrun for example_branch_dop_operator_v3 to 2026-08-12 05:01:00+00:00, run_after=2026-08-12 05:02:00+00:00
[2026-08-12T05:02:24.201+0000] {processor.py:208} INFO - Processing /home/airflow/.local/lib/python3.12/site-packages/airflow/example_dags/example_branch_python_dop_operator_3.py took 0.160 seconds
[2026-08-12T05:02:54.473+0000] {processor.py:186} INFO - Started process (PID=3750) to work on /home/airflow/.local/lib/python3.12/site-packages/airflow/example_dags/example_branch_python_dop_operator_3.py
[2026-08-12T05:02:54.476+0000] {processor.py:914} INFO - Processing file /home/airflow/.local/lib/python3.12/site-packages/airflow/example_dags/example_branch_python_dop_operator_3.py for tasks to queue
[2026-08-12T05:02:54.483+0000] {logging_mixin.py:190} INFO - [2026-08-12T05:02:54.482+0000] {dagbag.py:587} INFO - Filling up the DagBag from /home/airflow/.local/lib/python3.12/site-packages/airflow/example_dags/example_branch_python_dop_operator_3.py
[2026-08-12T05:02:54.496+0000] {processor.py:925} INFO - DAG(s) 'example_branch_dop_operator_v3' retrieved from /home/airflow/.local/lib/python3.12/site-packages/airflow/example_dags/example_branch_python_dop_operator_3.py
[2026-08-12T05:02:54.525+0000] {logging_mixin.py:190} INFO - [2026-08-12T05:02:54.525+0000] {dag.py:3211} INFO - Sync 1 DAGs
[2026-08-12T05:02:54.557+0000] {logging_mixin.py:190} INFO - [2026-08-12T05:02:54.557+0000] {dag.py:4138} INFO - Setting next_dagrun for example_branch_dop_operator_v3 to 2026-08-12 05:01:00+00:00, run_after=2026-08-12 05:02:00+00:00
[2026-08-12T05:02:54.582+0000] {processor.py:208} INFO - Processing /home/airflow/.local/lib/python3.12/site-packages/airflow/example_dags/example_branch_python_dop_operator_3.py took 0.115 seconds
[2026-08-12T05:03:24.888+0000] {processor.py:186} INFO - Started process (PID=3813) to work on /home/airflow/.local/lib/python3.12/site-packages/airflow/example_dags/example_branch_python_dop_operator_3.py
[2026-08-12T05:03:24.891+0000] {processor.py:914} INFO - Processing file /home/airflow/.local/lib/python3.12/site-packages/airflow/example_dags/example_branch_python_dop_operator_3.py for tasks to queue
[2026-08-12T05:03:24.897+0000] {logging_mixin.py:190} INFO - [2026-08-12T05:03:24.896+0000] {dagbag.py:587} INFO - Filling up the DagBag from /home/airflow/.local/lib/python3.12/site-packages/airflow/example_dags/example_branch_python_dop_operator_3.py
[2026-08-12T05:03:24.918+0000] {processor.py:925} INFO - DAG(s) 'example_branch_dop_operator_v3' retrieved from /home/airflow/.local/lib/python3.12/site-packages/airflow/example_dags/example_branch_python_dop_operator_3.py
[2026-08-12T05:03:24.943+0000] {logging_mixin.py:190} INFO - [2026-08-12T05:03:24.943+0000] {dag.py:3211} INFO - Sync 1 DAGs
[2026-08-12T05:03:24.974+0000] {logging_mixin.py:190} INFO - [2026-08-12T05:03:24.974+0000] {dag.py:4138} INFO - Setting next_dagrun for example_branch_dop_operator_v3 to 2026-08-12 05:02:00+00:00, run_after=2026-08-12 05:03:00+00:00
[2026-08-12T05:03:25.000+0000] {processor.py:208} INFO - Processing /home/airflow/.local/lib/python3.12/site-packages/airflow/example_dags/example_branch_python_dop_operator_3.py took 0.122 seconds
[2026-08-12T05:03:55.562+0000] {processor.py:186} INFO - Started process (PID=3876) to work on /home/airflow/.local/lib/python3.12/site-packages/airflow/example_dags/example_branch_python_dop_operator_3.py
[2026-08-12T05:03:55.565+0000] {processor.py:914} INFO - Processing file /home/airflow/.local/lib/python3.12/site-packages/airflow/example_dags/example_branch_python_dop_operator_3.py for tasks to queue
[2026-08-12T05:03:55.572+0000] {logging_mixin.py:190} INFO - [2026-08-12T05:03:55.571+0000] {dagbag.py:587} INFO - Filling up the DagBag from /home/airflow/.local/lib/python3.12/site-packages/airflow/example_dags/example_branch_python_dop_operator_3.py
[2026-08-12T05:03:55.594+0000] {processor.py:925} INFO - DAG(s) 'example_branch_dop_operator_v3' retrieved from /home/airflow/.local/lib/python3.12/site-packages/airflow/example_dags/example_branch_python_dop_operator_3.py
[2026-08-12T05:03:55.626+0000] {logging_mixin.py:190} INFO - [2026-08-12T05:03:55.625+0000] {dag.py:3211} INFO - Sync 1 DAGs
[2026-08-12T05:03:55.663+0000] {logging_mixin.py:190} INFO - [2026-08-12T05:03:55.663+0000] {dag.py:4138} INFO - Setting next_dagrun for example_branch_dop_operator_v3 to 2026-08-12 05:02:00+00:00, run_after=2026-08-12 05:03:00+00:00
[2026-08-12T05:03:55.694+0000] {processor.py:208} INFO - Processing /home/airflow/.local/lib/python3.12/site-packages/airflow/example_dags/example_branch_python_dop_operator_3.py took 0.142 seconds
[2026-08-12T05:04:26.137+0000] {processor.py:186} INFO - Started process (PID=3939) to work on /home/airflow/.local/lib/python3.12/site-packages/airflow/example_dags/example_branch_python_dop_operator_3.py
[2026-08-12T05:04:26.140+0000] {processor.py:914} INFO - Processing file /home/airflow/.local/lib/python3.12/site-packages/airflow/example_dags/example_branch_python_dop_operator_3.py for tasks to queue
[2026-08-12T05:04:26.148+0000] {logging_mixin.py:190} INFO - [2026-08-12T05:04:26.147+0000] {dagbag.py:587} INFO - Filling up the DagBag from /home/airflow/.local/lib/python3.12/site-packages/airflow/example_dags/example_branch_python_dop_operator_3.py
[2026-08-12T05:04:26.167+0000] {processor.py:925} INFO - DAG(s) 'example_branch_dop_operator_v3' retrieved from /home/airflow/.local/lib/python3.12/site-packages/airflow/example_dags/example_branch_python_dop_operator_3.py
[2026-08-12T05:04:26.200+0000] {logging_mixin.py:190} INFO - [2026-08-12T05:04:26.200+0000] {dag.py:3211} INFO - Sync 1 DAGs
[2026-08-12T05:04:26.240+0000] {logging_mixin.py:190} INFO - [2026-08-12T05:04:26.240+0000] {dag.py:4138} INFO - Setting next_dagrun for example_branch_dop_operator_v3 to 2026-08-12 05:03:00+00:00, run_after=2026-08-12 05:04:00+00:00
[2026-08-12T05:04:26.281+0000] {processor.py:208} INFO - Processing /home/airflow/.local/lib/python3.12/site-packages/airflow/example_dags/example_branch_python_dop_operator_3.py took 0.153 seconds
[2026-08-12T05:04:56.880+0000] {processor.py:186} INFO - Started process (PID=4002) to work on /home/airflow/.local/lib/python3.12/site-packages/airflow/example_dags/example_branch_python_dop_operator_3.py
[2026-08-12T05:04:56.883+0000] {processor.py:914} INFO - Processing file /home/airflow/.local/lib/python3.12/site-packages/airflow/example_dags/example_branch_python_dop_operator_3.py for tasks to queue
[2026-08-12T05:04:56.889+0000] {logging_mixin.py:190} INFO - [2026-08-12T05:04:56.888+0000] {dagbag.py:587} INFO - Filling up the DagBag from /home/airflow/.local/lib/python3.12/site-packages/airflow/example_dags/example_branch_python_dop_operator_3.py
[2026-08-12T05:04:56.911+0000] {processor.py:925} INFO - DAG(s) 'example_branch_dop_operator_v3' retrieved from /home/airflow/.local/lib/python3.12/site-packages/airflow/example_dags/example_branch_python_dop_operator_3.py
[2026-08-12T05:04:56.950+0000] {logging_mixin.py:190} INFO - [2026-08-12T05:04:56.950+0000] {dag.py:3211} INFO - Sync 1 DAGs
[2026-08-12T05:04:57.197+0000] {logging_mixin.py:190} INFO - [2026-08-12T05:04:57.197+0000] {dag.py:4138} INFO - Setting next_dagrun for example_branch_dop_operator_v3 to 2026-08-12 05:03:00+00:00, run_after=2026-08-12 05:04:00+00:00
[2026-08-12T05:04:57.220+0000] {processor.py:208} INFO - Processing /home/airflow/.local/lib/python3.12/site-packages/airflow/example_dags/example_branch_python_dop_operator_3.py took 0.351 seconds
[2026-08-12T05:05:27.587+0000] {processor.py:186} INFO - Started process (PID=4071) to work on /home/airflow/.local/lib/python3.12/site-packages/airflow/example_dags/example_branch_python_dop_operator_3.py
[2026-08-12T05:05:27.589+0000] {processor.py:914} INFO - Processing file /home/airflow/.local/lib/python3.12/site-packages/airflow/example_dags/example_branch_python_dop_operator_3.py for tasks to queue
[2026-08-12T05:05:27.597+0000] {logging_mixin.py:190} INFO - [2026-08-12T05:05:27.596+0000] {dagbag.py:587} INFO - Filling up the DagBag from /home/airflow/.local/lib/python3.12/site-packages/airflow/example_dags/example_branch_python_dop_operator_3.py
[2026-08-12T05:05:27.624+0000] {processor.py:925} INFO - DAG(s) 'example_branch_dop_operator_v3' retrieved from /home/airflow/.local/lib/python3.12/site-packages/airflow/example_dags/example_branch_python_dop_operator_3.py
[2026-08-12T05:05:27.683+0000] {logging_mixin.py:190} INFO - [2026-08-12T05:05:27.682+0000] {dag.py:3211} INFO - Sync 1 DAGs
[2026-08-12T05:05:28.122+0000] {logging_mixin.py:190} INFO - [2026-08-12T05:05:28.121+0000] {dag.py:4138} INFO - Setting next_dagrun for example_branch_dop_operator_v3 to 2026-08-12 05:04:00+00:00, run_after=2026-08-12 05:05:00+00:00
[2026-08-12T05:05:28.163+0000] {processor.py:208} INFO - Processing /home/airflow/.local/lib/python3.12/site-packages/airflow/example_dags/example_branch_python_dop_operator_3.py took 0.591 seconds
[2026-08-12T05:05:58.919+0000] {processor.py:186} INFO - Started process (PID=4134) to work on /home/airflow/.local/lib/python3.12/site-packages/airflow/example_dags/example_branch_python_dop_operator_3.py
[2026-08-12T05:05:58.922+0000] {processor.py:914} INFO - Processing file /home/airflow/.local/lib/python3.12/site-packages/airflow/example_dags/example_branch_python_dop_operator_3.py for tasks to queue
[2026-08-12T05:05:58.927+0000] {logging_mixin.py:190} INFO - [2026-08-12T05:05:58.926+0000] {dagbag.py:587} INFO - Filling up the DagBag from /home/airflow/.local/lib/python3.12/site-packages/airflow/example_dags/example_branch_python_dop_operator_3.py
[2026-08-12T05:05:58.942+0000] {processor.py:925} INFO - DAG(s) 'example_branch_dop_operator_v3' retrieved from /home/airflow/.local/lib/python3.12/site-packages/airflow/example_dags/example_branch_python_dop_operator_3.py
[2026-08-12T05:05:58.972+0000] {logging_mixin.py:190} INFO - [2026-08-12T05:05:58.972+0000] {dag.py:3211} INFO - Sync 1 DAGs
[2026-08-12T05:05:59.005+0000] {logging_mixin.py:190} INFO - [2026-08-12T05:05:59.004+0000] {dag.py:4138} INFO - Setting next_dagrun for example_branch_dop_operator_v3 to 2026-08-12 05:04:00+00:00, run_after=2026-08-12 05:05:00+00:00
[2026-08-12T05:05:59.031+0000] {processor.py:208} INFO - Processing /home/airflow/.local/lib/python3.12/site-packages/airflow/example_dags/example_branch_python_dop_operator_3.py took 0.120 seconds
[2026-08-12T05:06:29.577+0000] {processor.py:186} INFO - Started process (PID=4197) to work on /home/airflow/.local/lib/python3.12/site-packages/airflow/example_dags/example_branch_python_dop_operator_3.py
[2026-08-12T05:06:29.580+0000] {processor.py:914} INFO - Processing file /home/airflow/.local/lib/python3.12/site-packages/airflow/example_dags/example_branch_python_dop_operator_3.py for tasks to queue
[2026-08-12T05:06:29.585+0000] {logging_mixin.py:190} INFO - [2026-08-12T05:06:29.584+0000] {dagbag.py:587} INFO - Filling up the DagBag from /home/airflow/.local/lib/python3.12/site-packages/airflow/example_dags/example_branch_python_dop_operator_3.py
[2026-08-12T05:06:29.598+0000] {processor.py:925} INFO - DAG(s) 'example_branch_dop_operator_v3' retrieved from /home/airflow/.local/lib/python3.12/site-packages/airflow/example_dags/example_branch_python_dop_operator_3.py
[2026-08-12T05:06:29.622+0000] {logging_mixin.py:190} INFO - [2026-08-12T05:06:29.622+0000] {dag.py:3211} INFO - Sync 1 DAGs
[2026-08-12T05:06:29.649+0000] {logging_mixin.py:190} INFO - [2026-08-12T05:06:29.649+0000] {dag.py:4138} INFO - Setting next_dagrun for example_branch_dop_operator_v3 to 2026-08-12 05:05:00+00:00, run_after=2026-08-12 05:06:00+00:00
[2026-08-12T05:06:29.673+0000] {processor.py:208} INFO - Processing /home/airflow/.local/lib/python3.12/site-packages/airflow/example_dags/example_branch_python_dop_operator_3.py took 0.102 seconds
[2026-08-12T05:06:59.974+0000] {processor.py:186} INFO - Started process (PID=4260) to work on /home/airflow/.local/lib/python3.12/site-packages/airflow/example_dags/example_branch_python_dop_operator_3.py
[2026-08-12T05:06:59.977+0000] {processor.py:914} INFO - Processing file /home/airflow/.local/lib/python3.12/site-packages/airflow/example_dags/example_branch_python_dop_operator_3.py for tasks to queue
[2026-08-12T05:06:59.981+0000] {logging_mixin.py:190} INFO - [2026-08-12T05:06:59.980+0000] {dagbag.py:587} INFO - Filling up the DagBag from /home/airflow/.local/lib/python3.12/site-packages/airflow/example_dags/example_branch_python_dop_operator_3.py
[2026-08-12T05:06:59.995+0000] {processor.py:925} INFO - DAG(s) 'example_branch_dop_operator_v3' retrieved from /home/airflow/.local/lib/python3.12/site-packages/airflow/example_dags/example_branch_python_dop_operator_3.py
[2026-08-12T05:07:00.020+0000] {logging_mixin.py:190} INFO - [2026-08-12T05:07:00.020+0000] {dag.py:3211} INFO - Sync 1 DAGs
[2026-08-12T05:07:00.051+0000] {logging_mixin.py:190} INFO - [2026-08-12T05:07:00.051+0000] {dag.py:4138} INFO - Setting next_dagrun for example_branch_dop_operator_v3 to 2026-08-12 05:06:00+00:00, run_after=2026-08-12 05:07:00+00:00
[2026-08-12T05:07:00.072+0000] {processor.py:208} INFO - Processing /home/airflow/.local/lib/python3.12/site-packages/airflow/example_dags/example_branch_python_dop_operator_3.py took 0.105 seconds
[2026-08-12T05:07:30.209+0000] {processor.py:186} INFO - Started process (PID=4323) to work on /home/airflow/.local/lib/python3.12/site-packages/airflow/example_dags/example_branch_python_dop_operator_3.py
[2026-08-12T05:07:30.212+0000] {processor.py:914} INFO - Processing file /home/airflow/.local/lib/python3.12/site-packages/airflow/example_dags/example_branch_python_dop_operator_3.py for tasks to queue
[2026-08-12T05:07:30.218+0000] {logging_mixin.py:190} INFO - [2026-08-12T05:07:30.216+0000] {dagbag.py:587} INFO - Filling up the DagBag from /home/airflow/.local/lib/python3.12/site-packages/airflow/example_dags/example_branch_python_dop_operator_3.py
[2026-08-12T05:07:30.232+0000] {processor.py:925} INFO - DAG(s) 'example_branch_dop_operator_v3' retrieved from /home/airflow/.local/lib/python3.12/site-packages/airflow/example_dags/example_branch_python_dop_operator_3.py
[2026-08-12T05:07:30.256+0000] {logging_mixin.py:190} INFO - [2026-08-12T05:07:30.256+0000] {dag.py:3211} INFO - Sync 1 DAGs
[2026-08-12T05:07:30.285+0000] {logging_mixin.py:190} INFO - [2026-08-12T05:07:30.285+0000] {dag.py:4138} INFO - Setting next_dagrun for example_branch_dop_operator_v3 to 2026-08-12 05:06:00+00:00, run_after=2026-08-12 05:07:00+00:00
[2026-08-12T05:07:30.312+0000] {processor.py:208} INFO - Processing /home/airflow/.local/lib/python3.12/site-packages/airflow/example_dags/example_branch_python_dop_operator_3.py took 0.112 seconds
