[2026-08-12T04:31:13.203+0000] {processor.py:186} INFO - Started process (PID=117) to work on /home/airflow/.local/lib/python3.12/site-packages/airflow/example_dags/tutorial_taskflow_api_virtualenv.py
[2026-08-12T04:31:13.206+0000] {processor.py:914} INFO - Processing file /home/airflow/.local/lib/python3.12/site-packages/airflow/example_dags/tutorial_taskflow_api_virtualenv.py for tasks to queue
[2026-08-12T04:31:13.211+0000] {logging_mixin.py:190} INFO - [2026-08-12T04:31:13.211+0000] {dagbag.py:587} INFO - Filling up the DagBag from /home/airflow/.local/lib/python3.12/site-packages/airflow/example_dags/tutorial_taskflow_api_virtualenv.py
[2026-08-12T04:31:13.229+0000] {processor.py:925} INFO - DAG(s) 'tutorial_taskflow_api_virtualenv' retrieved from /home/airflow/.local/lib/python3.12/site-packages/airflow/example_dags/tutorial_taskflow_api_virtualenv.py
[2026-08-12T04:31:13.352+0000] {logging_mixin.py:190} INFO - [2026-08-12T04:31:13.351+0000] {override.py:1858} INFO - Created Permission View: can delete on DAG:tutorial_taskflow_api_virtualenv
[2026-08-12T04:31:13.366+0000] {logging_mixin.py:190} INFO - [2026-08-12T04:31:13.365+0000] {override.py:1858} INFO - Created Permission View: can read on DAG:tutorial_taskflow_api_virtualenv
[2026-08-12T04:31:13.377+0000] {logging_mixin.py:190} INFO - [2026-08-12T04:31:13.377+0000] {override.py:1858} INFO - Created Permission View: can edit on DAG:tutorial_taskflow_api_virtualenv
[2026-08-12T04:31:13.380+0000] {logging_mixin.py:190} INFO - [2026-08-12T04:31:13.379+0000] {dag.py:3211} INFO - Sync 1 DAGs
[2026-08-12T04:31:13.396+0000] {logging_mixin.py:190} INFO - [2026-08-12T04:31:13.395+0000] {dag.py:3234} INFO - Creating ORM DAG for tutorial_taskflow_api_virtualenv
[2026-08-12T04:31:13.399+0000] {logging_mixin.py:190} INFO - [2026-08-12T04:31:13.399+0000] {dag.py:4138} INFO - Setting next_dagrun for tutorial_taskflow_api_virtualenv to None, run_after=None
[2026-08-12T04:31:13.420+0000] {processor.py:208} INFO - Processing /home/airflow/.local/lib/python3.12/site-packages/airflow/example_dags/tutorial_taskflow_api_virtualenv.py took 0.224 seconds
[2026-08-12T04:31:43.920+0000] {processor.py:186} INFO - Started process (PID=179) to work on /home/airflow/.local/lib/python3.12/site-packages/airflow/example_dags/tutorial_taskflow_api_virtualenv.py
[2026-08-12T04:31:43.922+0000] {processor.py:914} INFO - Processing file /home/airflow/.local/lib/python3.12/site-packages/airflow/example_dags/tutorial_taskflow_api_virtualenv.py for tasks to queue
[2026-08-12T04:31:43.928+0000] {logging_mixin.py:190} INFO - [2026-08-12T04:31:43.928+0000] {dagbag.py:587} INFO - Filling up the DagBag from /home/airflow/.local/lib/python3.12/site-packages/airflow/example_dags/tutorial_taskflow_api_virtualenv.py
[2026-08-12T04:31:43.946+0000] {processor.py:925} INFO - DAG(s) 'tutorial_taskflow_api_virtualenv' retrieved from /home/airflow/.local/lib/python3.12/site-packages/airflow/example_dags/tutorial_taskflow_api_virtualenv.py
[2026-08-12T04:31:43.972+0000] {logging_mixin.py:190} INFO - [2026-08-12T04:31:43.972+0000] {dag.py:3211} INFO - Sync 1 DAGs
[2026-08-12T04:31:43.993+0000] {logging_mixin.py:190} INFO - [2026-08-12T04:31:43.992+0000] {dag.py:4138} INFO - Setting next_dagrun for tutorial_taskflow_api_virtualenv to None, run_after=None
[2026-08-12T04:31:44.016+0000] {processor.py:208} INFO - Processing /home/airflow/.local/lib/python3.12/site-packages/airflow/example_dags/tutorial_taskflow_api_virtualenv.py took 0.101 seconds
[2026-08-12T04:33:02.498+0000] {processor.py:186} INFO - Started process (PID=111) to work on /home/airflow/.local/lib/python3.12/site-packages/airflow/example_dags/tutorial_taskflow_api_virtualenv.py
[2026-08-12T04:33:02.501+0000] {processor.py:914} INFO - Processing file /home/airflow/.local/lib/python3.12/site-packages/airflow/example_dags/tutorial_taskflow_api_virtualenv.py for tasks to queue
[2026-08-12T04:33:02.505+0000] {logging_mixin.py:190} INFO - [2026-08-12T04:33:02.505+0000] {dagbag.py:587} INFO - Filling up the DagBag from /home/airflow/.local/lib/python3.12/site-packages/airflow/example_dags/tutorial_taskflow_api_virtualenv.py
[2026-08-12T04:33:02.524+0000] {processor.py:925} INFO - DAG(s) 'tutorial_taskflow_api_virtualenv' retrieved from /home/airflow/.local/lib/python3.12/site-packages/airflow/example_dags/tutorial_taskflow_api_virtualenv.py
[2026-08-12T04:33:02.665+0000] {logging_mixin.py:190} INFO - [2026-08-12T04:33:02.664+0000] {dag.py:3211} INFO - Sync 1 DAGs
[2026-08-12T04:33:02.686+0000] {logging_mixin.py:190} INFO - [2026-08-12T04:33:02.685+0000] {dag.py:4138} INFO - Setting next_dagrun for tutorial_taskflow_api_virtualenv to None, run_after=None
[2026-08-12T04:33:02.714+0000] {processor.py:208} INFO - Processing /home/airflow/.local/lib/python3.12/site-packages/airflow/example_dags/tutorial_taskflow_api_virtualenv.py took 0.223 seconds
[2026-08-12T04:33:33.556+0000] {processor.py:186} INFO - Started process (PID=173) to work on /home/airflow/.local/lib/python3.12/site-packages/airflow/example_dags/tutorial_taskflow_api_virtualenv.py
[2026-08-12T04:33:33.559+0000] {processor.py:914} INFO - Processing file /home/airflow/.local/lib/python3.12/site-packages/airflow/example_dags/tutorial_taskflow_api_virtualenv.py for tasks to queue
[2026-08-12T04:33:33.566+0000] {logging_mixin.py:190} INFO - [2026-08-12T04:33:33.565+0000] {dagbag.py:587} INFO - Filling up the DagBag from /home/airflow/.local/lib/python3.12/site-packages/airflow/example_dags/tutorial_taskflow_api_virtualenv.py
[2026-08-12T04:33:33.587+0000] {processor.py:925} INFO - DAG(s) 'tutorial_taskflow_api_virtualenv' retrieved from /home/airflow/.local/lib/python3.12/site-packages/airflow/example_dags/tutorial_taskflow_api_virtualenv.py
[2026-08-12T04:33:33.623+0000] {logging_mixin.py:190} INFO - [2026-08-12T04:33:33.623+0000] {dag.py:3211} INFO - Sync 1 DAGs
[2026-08-12T04:33:33.645+0000] {logging_mixin.py:190} INFO - [2026-08-12T04:33:33.645+0000] {dag.py:4138} INFO - Setting next_dagrun for tutorial_taskflow_api_virtualenv to None, run_after=None
[2026-08-12T04:33:33.684+0000] {processor.py:208} INFO - Processing /home/airflow/.local/lib/python3.12/site-packages/airflow/example_dags/tutorial_taskflow_api_virtualenv.py took 0.150 seconds
[2026-08-12T04:34:04.165+0000] {processor.py:186} INFO - Started process (PID=235) to work on /home/airflow/.local/lib/python3.12/site-packages/airflow/example_dags/tutorial_taskflow_api_virtualenv.py
[2026-08-12T04:34:04.168+0000] {processor.py:914} INFO - Processing file /home/airflow/.local/lib/python3.12/site-packages/airflow/example_dags/tutorial_taskflow_api_virtualenv.py for tasks to queue
[2026-08-12T04:34:04.171+0000] {logging_mixin.py:190} INFO - [2026-08-12T04:34:04.171+0000] {dagbag.py:587} INFO - Filling up the DagBag from /home/airflow/.local/lib/python3.12/site-packages/airflow/example_dags/tutorial_taskflow_api_virtualenv.py
[2026-08-12T04:34:04.190+0000] {processor.py:925} INFO - DAG(s) 'tutorial_taskflow_api_virtualenv' retrieved from /home/airflow/.local/lib/python3.12/site-packages/airflow/example_dags/tutorial_taskflow_api_virtualenv.py
[2026-08-12T04:34:04.219+0000] {logging_mixin.py:190} INFO - [2026-08-12T04:34:04.219+0000] {dag.py:3211} INFO - Sync 1 DAGs
[2026-08-12T04:34:04.236+0000] {logging_mixin.py:190} INFO - [2026-08-12T04:34:04.235+0000] {dag.py:4138} INFO - Setting next_dagrun for tutorial_taskflow_api_virtualenv to None, run_after=None
[2026-08-12T04:34:04.263+0000] {processor.py:208} INFO - Processing /home/airflow/.local/lib/python3.12/site-packages/airflow/example_dags/tutorial_taskflow_api_virtualenv.py took 0.104 seconds
[2026-08-12T04:34:34.849+0000] {processor.py:186} INFO - Started process (PID=297) to work on /home/airflow/.local/lib/python3.12/site-packages/airflow/example_dags/tutorial_taskflow_api_virtualenv.py
[2026-08-12T04:34:34.852+0000] {processor.py:914} INFO - Processing file /home/airflow/.local/lib/python3.12/site-packages/airflow/example_dags/tutorial_taskflow_api_virtualenv.py for tasks to queue
[2026-08-12T04:34:34.856+0000] {logging_mixin.py:190} INFO - [2026-08-12T04:34:34.856+0000] {dagbag.py:587} INFO - Filling up the DagBag from /home/airflow/.local/lib/python3.12/site-packages/airflow/example_dags/tutorial_taskflow_api_virtualenv.py
[2026-08-12T04:34:34.879+0000] {processor.py:925} INFO - DAG(s) 'tutorial_taskflow_api_virtualenv' retrieved from /home/airflow/.local/lib/python3.12/site-packages/airflow/example_dags/tutorial_taskflow_api_virtualenv.py
[2026-08-12T04:34:34.912+0000] {logging_mixin.py:190} INFO - [2026-08-12T04:34:34.911+0000] {dag.py:3211} INFO - Sync 1 DAGs
[2026-08-12T04:34:34.930+0000] {logging_mixin.py:190} INFO - [2026-08-12T04:34:34.929+0000] {dag.py:4138} INFO - Setting next_dagrun for tutorial_taskflow_api_virtualenv to None, run_after=None
[2026-08-12T04:34:34.963+0000] {processor.py:208} INFO - Processing /home/airflow/.local/lib/python3.12/site-packages/airflow/example_dags/tutorial_taskflow_api_virtualenv.py took 0.121 seconds
[2026-08-12T04:35:05.666+0000] {processor.py:186} INFO - Started process (PID=359) to work on /home/airflow/.local/lib/python3.12/site-packages/airflow/example_dags/tutorial_taskflow_api_virtualenv.py
[2026-08-12T04:35:05.668+0000] {processor.py:914} INFO - Processing file /home/airflow/.local/lib/python3.12/site-packages/airflow/example_dags/tutorial_taskflow_api_virtualenv.py for tasks to queue
[2026-08-12T04:35:05.672+0000] {logging_mixin.py:190} INFO - [2026-08-12T04:35:05.672+0000] {dagbag.py:587} INFO - Filling up the DagBag from /home/airflow/.local/lib/python3.12/site-packages/airflow/example_dags/tutorial_taskflow_api_virtualenv.py
[2026-08-12T04:35:05.687+0000] {processor.py:925} INFO - DAG(s) 'tutorial_taskflow_api_virtualenv' retrieved from /home/airflow/.local/lib/python3.12/site-packages/airflow/example_dags/tutorial_taskflow_api_virtualenv.py
[2026-08-12T04:35:05.710+0000] {logging_mixin.py:190} INFO - [2026-08-12T04:35:05.709+0000] {dag.py:3211} INFO - Sync 1 DAGs
[2026-08-12T04:35:05.726+0000] {logging_mixin.py:190} INFO - [2026-08-12T04:35:05.726+0000] {dag.py:4138} INFO - Setting next_dagrun for tutorial_taskflow_api_virtualenv to None, run_after=None
[2026-08-12T04:35:05.746+0000] {processor.py:208} INFO - Processing /home/airflow/.local/lib/python3.12/site-packages/airflow/example_dags/tutorial_taskflow_api_virtualenv.py took 0.088 seconds
[2026-08-12T04:35:35.965+0000] {processor.py:186} INFO - Started process (PID=421) to work on /home/airflow/.local/lib/python3.12/site-packages/airflow/example_dags/tutorial_taskflow_api_virtualenv.py
[2026-08-12T04:35:35.967+0000] {processor.py:914} INFO - Processing file /home/airflow/.local/lib/python3.12/site-packages/airflow/example_dags/tutorial_taskflow_api_virtualenv.py for tasks to queue
[2026-08-12T04:35:35.971+0000] {logging_mixin.py:190} INFO - [2026-08-12T04:35:35.971+0000] {dagbag.py:587} INFO - Filling up the DagBag from /home/airflow/.local/lib/python3.12/site-packages/airflow/example_dags/tutorial_taskflow_api_virtualenv.py
[2026-08-12T04:35:35.985+0000] {processor.py:925} INFO - DAG(s) 'tutorial_taskflow_api_virtualenv' retrieved from /home/airflow/.local/lib/python3.12/site-packages/airflow/example_dags/tutorial_taskflow_api_virtualenv.py
[2026-08-12T04:35:36.010+0000] {logging_mixin.py:190} INFO - [2026-08-12T04:35:36.009+0000] {dag.py:3211} INFO - Sync 1 DAGs
[2026-08-12T04:35:36.024+0000] {logging_mixin.py:190} INFO - [2026-08-12T04:35:36.024+0000] {dag.py:4138} INFO - Setting next_dagrun for tutorial_taskflow_api_virtualenv to None, run_after=None
[2026-08-12T04:35:36.046+0000] {processor.py:208} INFO - Processing /home/airflow/.local/lib/python3.12/site-packages/airflow/example_dags/tutorial_taskflow_api_virtualenv.py took 0.087 seconds
[2026-08-12T04:36:06.626+0000] {processor.py:186} INFO - Started process (PID=483) to work on /home/airflow/.local/lib/python3.12/site-packages/airflow/example_dags/tutorial_taskflow_api_virtualenv.py
[2026-08-12T04:36:06.628+0000] {processor.py:914} INFO - Processing file /home/airflow/.local/lib/python3.12/site-packages/airflow/example_dags/tutorial_taskflow_api_virtualenv.py for tasks to queue
[2026-08-12T04:36:06.631+0000] {logging_mixin.py:190} INFO - [2026-08-12T04:36:06.631+0000] {dagbag.py:587} INFO - Filling up the DagBag from /home/airflow/.local/lib/python3.12/site-packages/airflow/example_dags/tutorial_taskflow_api_virtualenv.py
[2026-08-12T04:36:06.649+0000] {processor.py:925} INFO - DAG(s) 'tutorial_taskflow_api_virtualenv' retrieved from /home/airflow/.local/lib/python3.12/site-packages/airflow/example_dags/tutorial_taskflow_api_virtualenv.py
[2026-08-12T04:36:06.673+0000] {logging_mixin.py:190} INFO - [2026-08-12T04:36:06.672+0000] {dag.py:3211} INFO - Sync 1 DAGs
[2026-08-12T04:36:06.690+0000] {logging_mixin.py:190} INFO - [2026-08-12T04:36:06.690+0000] {dag.py:4138} INFO - Setting next_dagrun for tutorial_taskflow_api_virtualenv to None, run_after=None
[2026-08-12T04:36:06.716+0000] {processor.py:208} INFO - Processing /home/airflow/.local/lib/python3.12/site-packages/airflow/example_dags/tutorial_taskflow_api_virtualenv.py took 0.097 seconds
[2026-08-12T04:36:36.798+0000] {processor.py:186} INFO - Started process (PID=544) to work on /home/airflow/.local/lib/python3.12/site-packages/airflow/example_dags/tutorial_taskflow_api_virtualenv.py
[2026-08-12T04:36:36.802+0000] {processor.py:914} INFO - Processing file /home/airflow/.local/lib/python3.12/site-packages/airflow/example_dags/tutorial_taskflow_api_virtualenv.py for tasks to queue
[2026-08-12T04:36:36.811+0000] {logging_mixin.py:190} INFO - [2026-08-12T04:36:36.810+0000] {dagbag.py:587} INFO - Filling up the DagBag from /home/airflow/.local/lib/python3.12/site-packages/airflow/example_dags/tutorial_taskflow_api_virtualenv.py
[2026-08-12T04:36:36.834+0000] {processor.py:925} INFO - DAG(s) 'tutorial_taskflow_api_virtualenv' retrieved from /home/airflow/.local/lib/python3.12/site-packages/airflow/example_dags/tutorial_taskflow_api_virtualenv.py
[2026-08-12T04:36:36.861+0000] {logging_mixin.py:190} INFO - [2026-08-12T04:36:36.861+0000] {dag.py:3211} INFO - Sync 1 DAGs
[2026-08-12T04:36:36.878+0000] {logging_mixin.py:190} INFO - [2026-08-12T04:36:36.877+0000] {dag.py:4138} INFO - Setting next_dagrun for tutorial_taskflow_api_virtualenv to None, run_after=None
[2026-08-12T04:36:36.899+0000] {processor.py:208} INFO - Processing /home/airflow/.local/lib/python3.12/site-packages/airflow/example_dags/tutorial_taskflow_api_virtualenv.py took 0.107 seconds
[2026-08-12T04:37:07.299+0000] {processor.py:186} INFO - Started process (PID=606) to work on /home/airflow/.local/lib/python3.12/site-packages/airflow/example_dags/tutorial_taskflow_api_virtualenv.py
[2026-08-12T04:37:07.302+0000] {processor.py:914} INFO - Processing file /home/airflow/.local/lib/python3.12/site-packages/airflow/example_dags/tutorial_taskflow_api_virtualenv.py for tasks to queue
[2026-08-12T04:37:07.306+0000] {logging_mixin.py:190} INFO - [2026-08-12T04:37:07.305+0000] {dagbag.py:587} INFO - Filling up the DagBag from /home/airflow/.local/lib/python3.12/site-packages/airflow/example_dags/tutorial_taskflow_api_virtualenv.py
[2026-08-12T04:37:07.322+0000] {processor.py:925} INFO - DAG(s) 'tutorial_taskflow_api_virtualenv' retrieved from /home/airflow/.local/lib/python3.12/site-packages/airflow/example_dags/tutorial_taskflow_api_virtualenv.py
[2026-08-12T04:37:07.347+0000] {logging_mixin.py:190} INFO - [2026-08-12T04:37:07.346+0000] {dag.py:3211} INFO - Sync 1 DAGs
[2026-08-12T04:37:07.365+0000] {logging_mixin.py:190} INFO - [2026-08-12T04:37:07.365+0000] {dag.py:4138} INFO - Setting next_dagrun for tutorial_taskflow_api_virtualenv to None, run_after=None
[2026-08-12T04:37:07.392+0000] {processor.py:208} INFO - Processing /home/airflow/.local/lib/python3.12/site-packages/airflow/example_dags/tutorial_taskflow_api_virtualenv.py took 0.100 seconds
[2026-08-12T04:37:37.523+0000] {processor.py:186} INFO - Started process (PID=668) to work on /home/airflow/.local/lib/python3.12/site-packages/airflow/example_dags/tutorial_taskflow_api_virtualenv.py
[2026-08-12T04:37:37.525+0000] {processor.py:914} INFO - Processing file /home/airflow/.local/lib/python3.12/site-packages/airflow/example_dags/tutorial_taskflow_api_virtualenv.py for tasks to queue
[2026-08-12T04:37:37.529+0000] {logging_mixin.py:190} INFO - [2026-08-12T04:37:37.529+0000] {dagbag.py:587} INFO - Filling up the DagBag from /home/airflow/.local/lib/python3.12/site-packages/airflow/example_dags/tutorial_taskflow_api_virtualenv.py
[2026-08-12T04:37:37.546+0000] {processor.py:925} INFO - DAG(s) 'tutorial_taskflow_api_virtualenv' retrieved from /home/airflow/.local/lib/python3.12/site-packages/airflow/example_dags/tutorial_taskflow_api_virtualenv.py
[2026-08-12T04:37:37.569+0000] {logging_mixin.py:190} INFO - [2026-08-12T04:37:37.569+0000] {dag.py:3211} INFO - Sync 1 DAGs
[2026-08-12T04:37:37.585+0000] {logging_mixin.py:190} INFO - [2026-08-12T04:37:37.585+0000] {dag.py:4138} INFO - Setting next_dagrun for tutorial_taskflow_api_virtualenv to None, run_after=None
[2026-08-12T04:37:37.611+0000] {processor.py:208} INFO - Processing /home/airflow/.local/lib/python3.12/site-packages/airflow/example_dags/tutorial_taskflow_api_virtualenv.py took 0.095 seconds
[2026-08-12T04:38:07.713+0000] {processor.py:186} INFO - Started process (PID=730) to work on /home/airflow/.local/lib/python3.12/site-packages/airflow/example_dags/tutorial_taskflow_api_virtualenv.py
[2026-08-12T04:38:07.717+0000] {processor.py:914} INFO - Processing file /home/airflow/.local/lib/python3.12/site-packages/airflow/example_dags/tutorial_taskflow_api_virtualenv.py for tasks to queue
[2026-08-12T04:38:07.723+0000] {logging_mixin.py:190} INFO - [2026-08-12T04:38:07.723+0000] {dagbag.py:587} INFO - Filling up the DagBag from /home/airflow/.local/lib/python3.12/site-packages/airflow/example_dags/tutorial_taskflow_api_virtualenv.py
[2026-08-12T04:38:07.743+0000] {processor.py:925} INFO - DAG(s) 'tutorial_taskflow_api_virtualenv' retrieved from /home/airflow/.local/lib/python3.12/site-packages/airflow/example_dags/tutorial_taskflow_api_virtualenv.py
[2026-08-12T04:38:07.772+0000] {logging_mixin.py:190} INFO - [2026-08-12T04:38:07.771+0000] {dag.py:3211} INFO - Sync 1 DAGs
[2026-08-12T04:38:07.787+0000] {logging_mixin.py:190} INFO - [2026-08-12T04:38:07.787+0000] {dag.py:4138} INFO - Setting next_dagrun for tutorial_taskflow_api_virtualenv to None, run_after=None
[2026-08-12T04:38:07.809+0000] {processor.py:208} INFO - Processing /home/airflow/.local/lib/python3.12/site-packages/airflow/example_dags/tutorial_taskflow_api_virtualenv.py took 0.106 seconds
[2026-08-12T04:38:37.906+0000] {processor.py:186} INFO - Started process (PID=791) to work on /home/airflow/.local/lib/python3.12/site-packages/airflow/example_dags/tutorial_taskflow_api_virtualenv.py
[2026-08-12T04:38:37.909+0000] {processor.py:914} INFO - Processing file /home/airflow/.local/lib/python3.12/site-packages/airflow/example_dags/tutorial_taskflow_api_virtualenv.py for tasks to queue
[2026-08-12T04:38:37.913+0000] {logging_mixin.py:190} INFO - [2026-08-12T04:38:37.912+0000] {dagbag.py:587} INFO - Filling up the DagBag from /home/airflow/.local/lib/python3.12/site-packages/airflow/example_dags/tutorial_taskflow_api_virtualenv.py
[2026-08-12T04:38:37.930+0000] {processor.py:925} INFO - DAG(s) 'tutorial_taskflow_api_virtualenv' retrieved from /home/airflow/.local/lib/python3.12/site-packages/airflow/example_dags/tutorial_taskflow_api_virtualenv.py
[2026-08-12T04:38:37.966+0000] {logging_mixin.py:190} INFO - [2026-08-12T04:38:37.966+0000] {dag.py:3211} INFO - Sync 1 DAGs
[2026-08-12T04:38:37.983+0000] {logging_mixin.py:190} INFO - [2026-08-12T04:38:37.982+0000] {dag.py:4138} INFO - Setting next_dagrun for tutorial_taskflow_api_virtualenv to None, run_after=None
[2026-08-12T04:38:38.006+0000] {processor.py:208} INFO - Processing /home/airflow/.local/lib/python3.12/site-packages/airflow/example_dags/tutorial_taskflow_api_virtualenv.py took 0.106 seconds
[2026-08-12T04:39:08.361+0000] {processor.py:186} INFO - Started process (PID=854) to work on /home/airflow/.local/lib/python3.12/site-packages/airflow/example_dags/tutorial_taskflow_api_virtualenv.py
[2026-08-12T04:39:08.364+0000] {processor.py:914} INFO - Processing file /home/airflow/.local/lib/python3.12/site-packages/airflow/example_dags/tutorial_taskflow_api_virtualenv.py for tasks to queue
[2026-08-12T04:39:08.368+0000] {logging_mixin.py:190} INFO - [2026-08-12T04:39:08.367+0000] {dagbag.py:587} INFO - Filling up the DagBag from /home/airflow/.local/lib/python3.12/site-packages/airflow/example_dags/tutorial_taskflow_api_virtualenv.py
[2026-08-12T04:39:08.382+0000] {processor.py:925} INFO - DAG(s) 'tutorial_taskflow_api_virtualenv' retrieved from /home/airflow/.local/lib/python3.12/site-packages/airflow/example_dags/tutorial_taskflow_api_virtualenv.py
[2026-08-12T04:39:08.410+0000] {logging_mixin.py:190} INFO - [2026-08-12T04:39:08.410+0000] {dag.py:3211} INFO - Sync 1 DAGs
[2026-08-12T04:39:08.427+0000] {logging_mixin.py:190} INFO - [2026-08-12T04:39:08.427+0000] {dag.py:4138} INFO - Setting next_dagrun for tutorial_taskflow_api_virtualenv to None, run_after=None
[2026-08-12T04:39:08.453+0000] {processor.py:208} INFO - Processing /home/airflow/.local/lib/python3.12/site-packages/airflow/example_dags/tutorial_taskflow_api_virtualenv.py took 0.099 seconds
[2026-08-12T04:39:39.590+0000] {processor.py:186} INFO - Started process (PID=916) to work on /home/airflow/.local/lib/python3.12/site-packages/airflow/example_dags/tutorial_taskflow_api_virtualenv.py
[2026-08-12T04:39:39.593+0000] {processor.py:914} INFO - Processing file /home/airflow/.local/lib/python3.12/site-packages/airflow/example_dags/tutorial_taskflow_api_virtualenv.py for tasks to queue
[2026-08-12T04:39:39.600+0000] {logging_mixin.py:190} INFO - [2026-08-12T04:39:39.599+0000] {dagbag.py:587} INFO - Filling up the DagBag from /home/airflow/.local/lib/python3.12/site-packages/airflow/example_dags/tutorial_taskflow_api_virtualenv.py
[2026-08-12T04:39:39.618+0000] {processor.py:925} INFO - DAG(s) 'tutorial_taskflow_api_virtualenv' retrieved from /home/airflow/.local/lib/python3.12/site-packages/airflow/example_dags/tutorial_taskflow_api_virtualenv.py
[2026-08-12T04:39:39.644+0000] {logging_mixin.py:190} INFO - [2026-08-12T04:39:39.644+0000] {dag.py:3211} INFO - Sync 1 DAGs
[2026-08-12T04:39:39.672+0000] {logging_mixin.py:190} INFO - [2026-08-12T04:39:39.672+0000] {dag.py:4138} INFO - Setting next_dagrun for tutorial_taskflow_api_virtualenv to None, run_after=None
[2026-08-12T04:39:39.704+0000] {processor.py:208} INFO - Processing /home/airflow/.local/lib/python3.12/site-packages/airflow/example_dags/tutorial_taskflow_api_virtualenv.py took 0.125 seconds
[2026-08-12T04:40:09.987+0000] {processor.py:186} INFO - Started process (PID=978) to work on /home/airflow/.local/lib/python3.12/site-packages/airflow/example_dags/tutorial_taskflow_api_virtualenv.py
[2026-08-12T04:40:09.989+0000] {processor.py:914} INFO - Processing file /home/airflow/.local/lib/python3.12/site-packages/airflow/example_dags/tutorial_taskflow_api_virtualenv.py for tasks to queue
[2026-08-12T04:40:09.992+0000] {logging_mixin.py:190} INFO - [2026-08-12T04:40:09.992+0000] {dagbag.py:587} INFO - Filling up the DagBag from /home/airflow/.local/lib/python3.12/site-packages/airflow/example_dags/tutorial_taskflow_api_virtualenv.py
[2026-08-12T04:40:10.007+0000] {processor.py:925} INFO - DAG(s) 'tutorial_taskflow_api_virtualenv' retrieved from /home/airflow/.local/lib/python3.12/site-packages/airflow/example_dags/tutorial_taskflow_api_virtualenv.py
[2026-08-12T04:40:10.028+0000] {logging_mixin.py:190} INFO - [2026-08-12T04:40:10.028+0000] {dag.py:3211} INFO - Sync 1 DAGs
[2026-08-12T04:40:10.049+0000] {logging_mixin.py:190} INFO - [2026-08-12T04:40:10.048+0000] {dag.py:4138} INFO - Setting next_dagrun for tutorial_taskflow_api_virtualenv to None, run_after=None
[2026-08-12T04:40:10.071+0000] {processor.py:208} INFO - Processing /home/airflow/.local/lib/python3.12/site-packages/airflow/example_dags/tutorial_taskflow_api_virtualenv.py took 0.090 seconds
[2026-08-12T04:40:40.371+0000] {processor.py:186} INFO - Started process (PID=1040) to work on /home/airflow/.local/lib/python3.12/site-packages/airflow/example_dags/tutorial_taskflow_api_virtualenv.py
[2026-08-12T04:40:40.374+0000] {processor.py:914} INFO - Processing file /home/airflow/.local/lib/python3.12/site-packages/airflow/example_dags/tutorial_taskflow_api_virtualenv.py for tasks to queue
[2026-08-12T04:40:40.378+0000] {logging_mixin.py:190} INFO - [2026-08-12T04:40:40.378+0000] {dagbag.py:587} INFO - Filling up the DagBag from /home/airflow/.local/lib/python3.12/site-packages/airflow/example_dags/tutorial_taskflow_api_virtualenv.py
[2026-08-12T04:40:40.391+0000] {processor.py:925} INFO - DAG(s) 'tutorial_taskflow_api_virtualenv' retrieved from /home/airflow/.local/lib/python3.12/site-packages/airflow/example_dags/tutorial_taskflow_api_virtualenv.py
[2026-08-12T04:40:40.413+0000] {logging_mixin.py:190} INFO - [2026-08-12T04:40:40.412+0000] {dag.py:3211} INFO - Sync 1 DAGs
[2026-08-12T04:40:40.428+0000] {logging_mixin.py:190} INFO - [2026-08-12T04:40:40.428+0000] {dag.py:4138} INFO - Setting next_dagrun for tutorial_taskflow_api_virtualenv to None, run_after=None
[2026-08-12T04:40:40.455+0000] {processor.py:208} INFO - Processing /home/airflow/.local/lib/python3.12/site-packages/airflow/example_dags/tutorial_taskflow_api_virtualenv.py took 0.090 seconds
[2026-08-12T04:41:11.764+0000] {processor.py:186} INFO - Started process (PID=1102) to work on /home/airflow/.local/lib/python3.12/site-packages/airflow/example_dags/tutorial_taskflow_api_virtualenv.py
[2026-08-12T04:41:11.766+0000] {processor.py:914} INFO - Processing file /home/airflow/.local/lib/python3.12/site-packages/airflow/example_dags/tutorial_taskflow_api_virtualenv.py for tasks to queue
[2026-08-12T04:41:11.771+0000] {logging_mixin.py:190} INFO - [2026-08-12T04:41:11.771+0000] {dagbag.py:587} INFO - Filling up the DagBag from /home/airflow/.local/lib/python3.12/site-packages/airflow/example_dags/tutorial_taskflow_api_virtualenv.py
[2026-08-12T04:41:11.789+0000] {processor.py:925} INFO - DAG(s) 'tutorial_taskflow_api_virtualenv' retrieved from /home/airflow/.local/lib/python3.12/site-packages/airflow/example_dags/tutorial_taskflow_api_virtualenv.py
[2026-08-12T04:41:11.821+0000] {logging_mixin.py:190} INFO - [2026-08-12T04:41:11.821+0000] {dag.py:3211} INFO - Sync 1 DAGs
[2026-08-12T04:41:11.840+0000] {logging_mixin.py:190} INFO - [2026-08-12T04:41:11.840+0000] {dag.py:4138} INFO - Setting next_dagrun for tutorial_taskflow_api_virtualenv to None, run_after=None
[2026-08-12T04:41:11.874+0000] {processor.py:208} INFO - Processing /home/airflow/.local/lib/python3.12/site-packages/airflow/example_dags/tutorial_taskflow_api_virtualenv.py took 0.116 seconds
[2026-08-12T04:41:42.435+0000] {processor.py:186} INFO - Started process (PID=1164) to work on /home/airflow/.local/lib/python3.12/site-packages/airflow/example_dags/tutorial_taskflow_api_virtualenv.py
[2026-08-12T04:41:42.437+0000] {processor.py:914} INFO - Processing file /home/airflow/.local/lib/python3.12/site-packages/airflow/example_dags/tutorial_taskflow_api_virtualenv.py for tasks to queue
[2026-08-12T04:41:42.441+0000] {logging_mixin.py:190} INFO - [2026-08-12T04:41:42.441+0000] {dagbag.py:587} INFO - Filling up the DagBag from /home/airflow/.local/lib/python3.12/site-packages/airflow/example_dags/tutorial_taskflow_api_virtualenv.py
[2026-08-12T04:41:42.456+0000] {processor.py:925} INFO - DAG(s) 'tutorial_taskflow_api_virtualenv' retrieved from /home/airflow/.local/lib/python3.12/site-packages/airflow/example_dags/tutorial_taskflow_api_virtualenv.py
[2026-08-12T04:41:42.479+0000] {logging_mixin.py:190} INFO - [2026-08-12T04:41:42.479+0000] {dag.py:3211} INFO - Sync 1 DAGs
[2026-08-12T04:41:42.498+0000] {logging_mixin.py:190} INFO - [2026-08-12T04:41:42.497+0000] {dag.py:4138} INFO - Setting next_dagrun for tutorial_taskflow_api_virtualenv to None, run_after=None
[2026-08-12T04:41:42.527+0000] {processor.py:208} INFO - Processing /home/airflow/.local/lib/python3.12/site-packages/airflow/example_dags/tutorial_taskflow_api_virtualenv.py took 0.097 seconds
[2026-08-12T04:42:13.001+0000] {processor.py:186} INFO - Started process (PID=1226) to work on /home/airflow/.local/lib/python3.12/site-packages/airflow/example_dags/tutorial_taskflow_api_virtualenv.py
[2026-08-12T04:42:13.003+0000] {processor.py:914} INFO - Processing file /home/airflow/.local/lib/python3.12/site-packages/airflow/example_dags/tutorial_taskflow_api_virtualenv.py for tasks to queue
[2026-08-12T04:42:13.007+0000] {logging_mixin.py:190} INFO - [2026-08-12T04:42:13.007+0000] {dagbag.py:587} INFO - Filling up the DagBag from /home/airflow/.local/lib/python3.12/site-packages/airflow/example_dags/tutorial_taskflow_api_virtualenv.py
[2026-08-12T04:42:13.023+0000] {processor.py:925} INFO - DAG(s) 'tutorial_taskflow_api_virtualenv' retrieved from /home/airflow/.local/lib/python3.12/site-packages/airflow/example_dags/tutorial_taskflow_api_virtualenv.py
[2026-08-12T04:42:13.049+0000] {logging_mixin.py:190} INFO - [2026-08-12T04:42:13.048+0000] {dag.py:3211} INFO - Sync 1 DAGs
[2026-08-12T04:42:13.068+0000] {logging_mixin.py:190} INFO - [2026-08-12T04:42:13.067+0000] {dag.py:4138} INFO - Setting next_dagrun for tutorial_taskflow_api_virtualenv to None, run_after=None
[2026-08-12T04:42:13.102+0000] {processor.py:208} INFO - Processing /home/airflow/.local/lib/python3.12/site-packages/airflow/example_dags/tutorial_taskflow_api_virtualenv.py took 0.106 seconds
[2026-08-12T04:42:43.305+0000] {processor.py:186} INFO - Started process (PID=1288) to work on /home/airflow/.local/lib/python3.12/site-packages/airflow/example_dags/tutorial_taskflow_api_virtualenv.py
[2026-08-12T04:42:43.307+0000] {processor.py:914} INFO - Processing file /home/airflow/.local/lib/python3.12/site-packages/airflow/example_dags/tutorial_taskflow_api_virtualenv.py for tasks to queue
[2026-08-12T04:42:43.310+0000] {logging_mixin.py:190} INFO - [2026-08-12T04:42:43.310+0000] {dagbag.py:587} INFO - Filling up the DagBag from /home/airflow/.local/lib/python3.12/site-packages/airflow/example_dags/tutorial_taskflow_api_virtualenv.py
[2026-08-12T04:42:43.324+0000] {processor.py:925} INFO - DAG(s) 'tutorial_taskflow_api_virtualenv' retrieved from /home/airflow/.local/lib/python3.12/site-packages/airflow/example_dags/tutorial_taskflow_api_virtualenv.py
[2026-08-12T04:42:43.349+0000] {logging_mixin.py:190} INFO - [2026-08-12T04:42:43.349+0000] {dag.py:3211} INFO - Sync 1 DAGs
[2026-08-12T04:42:43.367+0000] {logging_mixin.py:190} INFO - [2026-08-12T04:42:43.366+0000] {dag.py:4138} INFO - Setting next_dagrun for tutorial_taskflow_api_virtualenv to None, run_after=None
[2026-08-12T04:42:43.391+0000] {processor.py:208} INFO - Processing /home/airflow/.local/lib/python3.12/site-packages/airflow/example_dags/tutorial_taskflow_api_virtualenv.py took 0.093 seconds
[2026-08-12T04:43:14.171+0000] {processor.py:186} INFO - Started process (PID=1350) to work on /home/airflow/.local/lib/python3.12/site-packages/airflow/example_dags/tutorial_taskflow_api_virtualenv.py
[2026-08-12T04:43:14.174+0000] {processor.py:914} INFO - Processing file /home/airflow/.local/lib/python3.12/site-packages/airflow/example_dags/tutorial_taskflow_api_virtualenv.py for tasks to queue
[2026-08-12T04:43:14.178+0000] {logging_mixin.py:190} INFO - [2026-08-12T04:43:14.177+0000] {dagbag.py:587} INFO - Filling up the DagBag from /home/airflow/.local/lib/python3.12/site-packages/airflow/example_dags/tutorial_taskflow_api_virtualenv.py
[2026-08-12T04:43:14.191+0000] {processor.py:925} INFO - DAG(s) 'tutorial_taskflow_api_virtualenv' retrieved from /home/airflow/.local/lib/python3.12/site-packages/airflow/example_dags/tutorial_taskflow_api_virtualenv.py
[2026-08-12T04:43:14.212+0000] {logging_mixin.py:190} INFO - [2026-08-12T04:43:14.212+0000] {dag.py:3211} INFO - Sync 1 DAGs
[2026-08-12T04:43:14.227+0000] {logging_mixin.py:190} INFO - [2026-08-12T04:43:14.226+0000] {dag.py:4138} INFO - Setting next_dagrun for tutorial_taskflow_api_virtualenv to None, run_after=None
[2026-08-12T04:43:14.253+0000] {processor.py:208} INFO - Processing /home/airflow/.local/lib/python3.12/site-packages/airflow/example_dags/tutorial_taskflow_api_virtualenv.py took 0.087 seconds
[2026-08-12T04:43:44.763+0000] {processor.py:186} INFO - Started process (PID=1412) to work on /home/airflow/.local/lib/python3.12/site-packages/airflow/example_dags/tutorial_taskflow_api_virtualenv.py
[2026-08-12T04:43:44.765+0000] {processor.py:914} INFO - Processing file /home/airflow/.local/lib/python3.12/site-packages/airflow/example_dags/tutorial_taskflow_api_virtualenv.py for tasks to queue
[2026-08-12T04:43:44.769+0000] {logging_mixin.py:190} INFO - [2026-08-12T04:43:44.768+0000] {dagbag.py:587} INFO - Filling up the DagBag from /home/airflow/.local/lib/python3.12/site-packages/airflow/example_dags/tutorial_taskflow_api_virtualenv.py
[2026-08-12T04:43:44.783+0000] {processor.py:925} INFO - DAG(s) 'tutorial_taskflow_api_virtualenv' retrieved from /home/airflow/.local/lib/python3.12/site-packages/airflow/example_dags/tutorial_taskflow_api_virtualenv.py
[2026-08-12T04:43:44.807+0000] {logging_mixin.py:190} INFO - [2026-08-12T04:43:44.806+0000] {dag.py:3211} INFO - Sync 1 DAGs
[2026-08-12T04:43:44.823+0000] {logging_mixin.py:190} INFO - [2026-08-12T04:43:44.822+0000] {dag.py:4138} INFO - Setting next_dagrun for tutorial_taskflow_api_virtualenv to None, run_after=None
[2026-08-12T04:43:44.848+0000] {processor.py:208} INFO - Processing /home/airflow/.local/lib/python3.12/site-packages/airflow/example_dags/tutorial_taskflow_api_virtualenv.py took 0.092 seconds
[2026-08-12T04:44:15.874+0000] {processor.py:186} INFO - Started process (PID=1474) to work on /home/airflow/.local/lib/python3.12/site-packages/airflow/example_dags/tutorial_taskflow_api_virtualenv.py
[2026-08-12T04:44:15.877+0000] {processor.py:914} INFO - Processing file /home/airflow/.local/lib/python3.12/site-packages/airflow/example_dags/tutorial_taskflow_api_virtualenv.py for tasks to queue
[2026-08-12T04:44:15.882+0000] {logging_mixin.py:190} INFO - [2026-08-12T04:44:15.881+0000] {dagbag.py:587} INFO - Filling up the DagBag from /home/airflow/.local/lib/python3.12/site-packages/airflow/example_dags/tutorial_taskflow_api_virtualenv.py
[2026-08-12T04:44:15.904+0000] {processor.py:925} INFO - DAG(s) 'tutorial_taskflow_api_virtualenv' retrieved from /home/airflow/.local/lib/python3.12/site-packages/airflow/example_dags/tutorial_taskflow_api_virtualenv.py
[2026-08-12T04:44:15.931+0000] {logging_mixin.py:190} INFO - [2026-08-12T04:44:15.931+0000] {dag.py:3211} INFO - Sync 1 DAGs
[2026-08-12T04:44:15.949+0000] {logging_mixin.py:190} INFO - [2026-08-12T04:44:15.948+0000] {dag.py:4138} INFO - Setting next_dagrun for tutorial_taskflow_api_virtualenv to None, run_after=None
[2026-08-12T04:44:15.975+0000] {processor.py:208} INFO - Processing /home/airflow/.local/lib/python3.12/site-packages/airflow/example_dags/tutorial_taskflow_api_virtualenv.py took 0.110 seconds
[2026-08-12T04:44:46.653+0000] {processor.py:186} INFO - Started process (PID=1536) to work on /home/airflow/.local/lib/python3.12/site-packages/airflow/example_dags/tutorial_taskflow_api_virtualenv.py
[2026-08-12T04:44:46.655+0000] {processor.py:914} INFO - Processing file /home/airflow/.local/lib/python3.12/site-packages/airflow/example_dags/tutorial_taskflow_api_virtualenv.py for tasks to queue
[2026-08-12T04:44:46.660+0000] {logging_mixin.py:190} INFO - [2026-08-12T04:44:46.660+0000] {dagbag.py:587} INFO - Filling up the DagBag from /home/airflow/.local/lib/python3.12/site-packages/airflow/example_dags/tutorial_taskflow_api_virtualenv.py
[2026-08-12T04:44:46.673+0000] {processor.py:925} INFO - DAG(s) 'tutorial_taskflow_api_virtualenv' retrieved from /home/airflow/.local/lib/python3.12/site-packages/airflow/example_dags/tutorial_taskflow_api_virtualenv.py
[2026-08-12T04:44:46.699+0000] {logging_mixin.py:190} INFO - [2026-08-12T04:44:46.699+0000] {dag.py:3211} INFO - Sync 1 DAGs
[2026-08-12T04:44:46.716+0000] {logging_mixin.py:190} INFO - [2026-08-12T04:44:46.716+0000] {dag.py:4138} INFO - Setting next_dagrun for tutorial_taskflow_api_virtualenv to None, run_after=None
[2026-08-12T04:44:46.745+0000] {processor.py:208} INFO - Processing /home/airflow/.local/lib/python3.12/site-packages/airflow/example_dags/tutorial_taskflow_api_virtualenv.py took 0.097 seconds
[2026-08-12T04:45:17.456+0000] {processor.py:186} INFO - Started process (PID=1598) to work on /home/airflow/.local/lib/python3.12/site-packages/airflow/example_dags/tutorial_taskflow_api_virtualenv.py
[2026-08-12T04:45:17.460+0000] {processor.py:914} INFO - Processing file /home/airflow/.local/lib/python3.12/site-packages/airflow/example_dags/tutorial_taskflow_api_virtualenv.py for tasks to queue
[2026-08-12T04:45:17.466+0000] {logging_mixin.py:190} INFO - [2026-08-12T04:45:17.466+0000] {dagbag.py:587} INFO - Filling up the DagBag from /home/airflow/.local/lib/python3.12/site-packages/airflow/example_dags/tutorial_taskflow_api_virtualenv.py
[2026-08-12T04:45:17.485+0000] {processor.py:925} INFO - DAG(s) 'tutorial_taskflow_api_virtualenv' retrieved from /home/airflow/.local/lib/python3.12/site-packages/airflow/example_dags/tutorial_taskflow_api_virtualenv.py
[2026-08-12T04:45:17.511+0000] {logging_mixin.py:190} INFO - [2026-08-12T04:45:17.510+0000] {dag.py:3211} INFO - Sync 1 DAGs
[2026-08-12T04:45:17.526+0000] {logging_mixin.py:190} INFO - [2026-08-12T04:45:17.526+0000] {dag.py:4138} INFO - Setting next_dagrun for tutorial_taskflow_api_virtualenv to None, run_after=None
[2026-08-12T04:45:17.551+0000] {processor.py:208} INFO - Processing /home/airflow/.local/lib/python3.12/site-packages/airflow/example_dags/tutorial_taskflow_api_virtualenv.py took 0.105 seconds
[2026-08-12T04:45:47.965+0000] {processor.py:186} INFO - Started process (PID=1660) to work on /home/airflow/.local/lib/python3.12/site-packages/airflow/example_dags/tutorial_taskflow_api_virtualenv.py
[2026-08-12T04:45:47.968+0000] {processor.py:914} INFO - Processing file /home/airflow/.local/lib/python3.12/site-packages/airflow/example_dags/tutorial_taskflow_api_virtualenv.py for tasks to queue
[2026-08-12T04:45:47.973+0000] {logging_mixin.py:190} INFO - [2026-08-12T04:45:47.973+0000] {dagbag.py:587} INFO - Filling up the DagBag from /home/airflow/.local/lib/python3.12/site-packages/airflow/example_dags/tutorial_taskflow_api_virtualenv.py
[2026-08-12T04:45:47.989+0000] {processor.py:925} INFO - DAG(s) 'tutorial_taskflow_api_virtualenv' retrieved from /home/airflow/.local/lib/python3.12/site-packages/airflow/example_dags/tutorial_taskflow_api_virtualenv.py
[2026-08-12T04:45:48.015+0000] {logging_mixin.py:190} INFO - [2026-08-12T04:45:48.015+0000] {dag.py:3211} INFO - Sync 1 DAGs
[2026-08-12T04:45:48.032+0000] {logging_mixin.py:190} INFO - [2026-08-12T04:45:48.031+0000] {dag.py:4138} INFO - Setting next_dagrun for tutorial_taskflow_api_virtualenv to None, run_after=None
[2026-08-12T04:45:48.056+0000] {processor.py:208} INFO - Processing /home/airflow/.local/lib/python3.12/site-packages/airflow/example_dags/tutorial_taskflow_api_virtualenv.py took 0.098 seconds
[2026-08-12T04:46:18.247+0000] {processor.py:186} INFO - Started process (PID=1722) to work on /home/airflow/.local/lib/python3.12/site-packages/airflow/example_dags/tutorial_taskflow_api_virtualenv.py
[2026-08-12T04:46:18.250+0000] {processor.py:914} INFO - Processing file /home/airflow/.local/lib/python3.12/site-packages/airflow/example_dags/tutorial_taskflow_api_virtualenv.py for tasks to queue
[2026-08-12T04:46:18.258+0000] {logging_mixin.py:190} INFO - [2026-08-12T04:46:18.257+0000] {dagbag.py:587} INFO - Filling up the DagBag from /home/airflow/.local/lib/python3.12/site-packages/airflow/example_dags/tutorial_taskflow_api_virtualenv.py
[2026-08-12T04:46:18.280+0000] {processor.py:925} INFO - DAG(s) 'tutorial_taskflow_api_virtualenv' retrieved from /home/airflow/.local/lib/python3.12/site-packages/airflow/example_dags/tutorial_taskflow_api_virtualenv.py
[2026-08-12T04:46:18.314+0000] {logging_mixin.py:190} INFO - [2026-08-12T04:46:18.314+0000] {dag.py:3211} INFO - Sync 1 DAGs
[2026-08-12T04:46:18.333+0000] {logging_mixin.py:190} INFO - [2026-08-12T04:46:18.333+0000] {dag.py:4138} INFO - Setting next_dagrun for tutorial_taskflow_api_virtualenv to None, run_after=None
[2026-08-12T04:46:18.357+0000] {processor.py:208} INFO - Processing /home/airflow/.local/lib/python3.12/site-packages/airflow/example_dags/tutorial_taskflow_api_virtualenv.py took 0.120 seconds
[2026-08-12T04:46:48.840+0000] {processor.py:186} INFO - Started process (PID=1784) to work on /home/airflow/.local/lib/python3.12/site-packages/airflow/example_dags/tutorial_taskflow_api_virtualenv.py
[2026-08-12T04:46:48.843+0000] {processor.py:914} INFO - Processing file /home/airflow/.local/lib/python3.12/site-packages/airflow/example_dags/tutorial_taskflow_api_virtualenv.py for tasks to queue
[2026-08-12T04:46:48.847+0000] {logging_mixin.py:190} INFO - [2026-08-12T04:46:48.847+0000] {dagbag.py:587} INFO - Filling up the DagBag from /home/airflow/.local/lib/python3.12/site-packages/airflow/example_dags/tutorial_taskflow_api_virtualenv.py
[2026-08-12T04:46:48.861+0000] {processor.py:925} INFO - DAG(s) 'tutorial_taskflow_api_virtualenv' retrieved from /home/airflow/.local/lib/python3.12/site-packages/airflow/example_dags/tutorial_taskflow_api_virtualenv.py
[2026-08-12T04:46:48.883+0000] {logging_mixin.py:190} INFO - [2026-08-12T04:46:48.882+0000] {dag.py:3211} INFO - Sync 1 DAGs
[2026-08-12T04:46:48.898+0000] {logging_mixin.py:190} INFO - [2026-08-12T04:46:48.898+0000] {dag.py:4138} INFO - Setting next_dagrun for tutorial_taskflow_api_virtualenv to None, run_after=None
[2026-08-12T04:46:48.920+0000] {processor.py:208} INFO - Processing /home/airflow/.local/lib/python3.12/site-packages/airflow/example_dags/tutorial_taskflow_api_virtualenv.py took 0.085 seconds
[2026-08-12T04:47:19.605+0000] {processor.py:186} INFO - Started process (PID=1847) to work on /home/airflow/.local/lib/python3.12/site-packages/airflow/example_dags/tutorial_taskflow_api_virtualenv.py
[2026-08-12T04:47:19.608+0000] {processor.py:914} INFO - Processing file /home/airflow/.local/lib/python3.12/site-packages/airflow/example_dags/tutorial_taskflow_api_virtualenv.py for tasks to queue
[2026-08-12T04:47:19.612+0000] {logging_mixin.py:190} INFO - [2026-08-12T04:47:19.611+0000] {dagbag.py:587} INFO - Filling up the DagBag from /home/airflow/.local/lib/python3.12/site-packages/airflow/example_dags/tutorial_taskflow_api_virtualenv.py
[2026-08-12T04:47:19.626+0000] {processor.py:925} INFO - DAG(s) 'tutorial_taskflow_api_virtualenv' retrieved from /home/airflow/.local/lib/python3.12/site-packages/airflow/example_dags/tutorial_taskflow_api_virtualenv.py
[2026-08-12T04:47:19.651+0000] {logging_mixin.py:190} INFO - [2026-08-12T04:47:19.651+0000] {dag.py:3211} INFO - Sync 1 DAGs
[2026-08-12T04:47:19.667+0000] {logging_mixin.py:190} INFO - [2026-08-12T04:47:19.667+0000] {dag.py:4138} INFO - Setting next_dagrun for tutorial_taskflow_api_virtualenv to None, run_after=None
[2026-08-12T04:47:19.690+0000] {processor.py:208} INFO - Processing /home/airflow/.local/lib/python3.12/site-packages/airflow/example_dags/tutorial_taskflow_api_virtualenv.py took 0.090 seconds
[2026-08-12T04:47:50.249+0000] {processor.py:186} INFO - Started process (PID=1909) to work on /home/airflow/.local/lib/python3.12/site-packages/airflow/example_dags/tutorial_taskflow_api_virtualenv.py
[2026-08-12T04:47:50.253+0000] {processor.py:914} INFO - Processing file /home/airflow/.local/lib/python3.12/site-packages/airflow/example_dags/tutorial_taskflow_api_virtualenv.py for tasks to queue
[2026-08-12T04:47:50.260+0000] {logging_mixin.py:190} INFO - [2026-08-12T04:47:50.259+0000] {dagbag.py:587} INFO - Filling up the DagBag from /home/airflow/.local/lib/python3.12/site-packages/airflow/example_dags/tutorial_taskflow_api_virtualenv.py
[2026-08-12T04:47:50.282+0000] {processor.py:925} INFO - DAG(s) 'tutorial_taskflow_api_virtualenv' retrieved from /home/airflow/.local/lib/python3.12/site-packages/airflow/example_dags/tutorial_taskflow_api_virtualenv.py
[2026-08-12T04:47:50.316+0000] {logging_mixin.py:190} INFO - [2026-08-12T04:47:50.315+0000] {dag.py:3211} INFO - Sync 1 DAGs
[2026-08-12T04:47:50.336+0000] {logging_mixin.py:190} INFO - [2026-08-12T04:47:50.336+0000] {dag.py:4138} INFO - Setting next_dagrun for tutorial_taskflow_api_virtualenv to None, run_after=None
[2026-08-12T04:47:50.360+0000] {processor.py:208} INFO - Processing /home/airflow/.local/lib/python3.12/site-packages/airflow/example_dags/tutorial_taskflow_api_virtualenv.py took 0.123 seconds
[2026-08-12T04:48:20.663+0000] {processor.py:186} INFO - Started process (PID=1971) to work on /home/airflow/.local/lib/python3.12/site-packages/airflow/example_dags/tutorial_taskflow_api_virtualenv.py
[2026-08-12T04:48:20.665+0000] {processor.py:914} INFO - Processing file /home/airflow/.local/lib/python3.12/site-packages/airflow/example_dags/tutorial_taskflow_api_virtualenv.py for tasks to queue
[2026-08-12T04:48:20.669+0000] {logging_mixin.py:190} INFO - [2026-08-12T04:48:20.668+0000] {dagbag.py:587} INFO - Filling up the DagBag from /home/airflow/.local/lib/python3.12/site-packages/airflow/example_dags/tutorial_taskflow_api_virtualenv.py
[2026-08-12T04:48:20.682+0000] {processor.py:925} INFO - DAG(s) 'tutorial_taskflow_api_virtualenv' retrieved from /home/airflow/.local/lib/python3.12/site-packages/airflow/example_dags/tutorial_taskflow_api_virtualenv.py
[2026-08-12T04:48:20.703+0000] {logging_mixin.py:190} INFO - [2026-08-12T04:48:20.703+0000] {dag.py:3211} INFO - Sync 1 DAGs
[2026-08-12T04:48:20.718+0000] {logging_mixin.py:190} INFO - [2026-08-12T04:48:20.718+0000] {dag.py:4138} INFO - Setting next_dagrun for tutorial_taskflow_api_virtualenv to None, run_after=None
[2026-08-12T04:48:20.742+0000] {processor.py:208} INFO - Processing /home/airflow/.local/lib/python3.12/site-packages/airflow/example_dags/tutorial_taskflow_api_virtualenv.py took 0.086 seconds
[2026-08-12T04:48:50.984+0000] {processor.py:186} INFO - Started process (PID=2033) to work on /home/airflow/.local/lib/python3.12/site-packages/airflow/example_dags/tutorial_taskflow_api_virtualenv.py
[2026-08-12T04:48:50.987+0000] {processor.py:914} INFO - Processing file /home/airflow/.local/lib/python3.12/site-packages/airflow/example_dags/tutorial_taskflow_api_virtualenv.py for tasks to queue
[2026-08-12T04:48:50.993+0000] {logging_mixin.py:190} INFO - [2026-08-12T04:48:50.993+0000] {dagbag.py:587} INFO - Filling up the DagBag from /home/airflow/.local/lib/python3.12/site-packages/airflow/example_dags/tutorial_taskflow_api_virtualenv.py
[2026-08-12T04:48:51.021+0000] {processor.py:925} INFO - DAG(s) 'tutorial_taskflow_api_virtualenv' retrieved from /home/airflow/.local/lib/python3.12/site-packages/airflow/example_dags/tutorial_taskflow_api_virtualenv.py
[2026-08-12T04:48:51.046+0000] {logging_mixin.py:190} INFO - [2026-08-12T04:48:51.046+0000] {dag.py:3211} INFO - Sync 1 DAGs
[2026-08-12T04:48:51.064+0000] {logging_mixin.py:190} INFO - [2026-08-12T04:48:51.063+0000] {dag.py:4138} INFO - Setting next_dagrun for tutorial_taskflow_api_virtualenv to None, run_after=None
[2026-08-12T04:48:51.086+0000] {processor.py:208} INFO - Processing /home/airflow/.local/lib/python3.12/site-packages/airflow/example_dags/tutorial_taskflow_api_virtualenv.py took 0.111 seconds
[2026-08-12T04:49:21.469+0000] {processor.py:186} INFO - Started process (PID=2095) to work on /home/airflow/.local/lib/python3.12/site-packages/airflow/example_dags/tutorial_taskflow_api_virtualenv.py
[2026-08-12T04:49:21.471+0000] {processor.py:914} INFO - Processing file /home/airflow/.local/lib/python3.12/site-packages/airflow/example_dags/tutorial_taskflow_api_virtualenv.py for tasks to queue
[2026-08-12T04:49:21.476+0000] {logging_mixin.py:190} INFO - [2026-08-12T04:49:21.475+0000] {dagbag.py:587} INFO - Filling up the DagBag from /home/airflow/.local/lib/python3.12/site-packages/airflow/example_dags/tutorial_taskflow_api_virtualenv.py
[2026-08-12T04:49:21.489+0000] {processor.py:925} INFO - DAG(s) 'tutorial_taskflow_api_virtualenv' retrieved from /home/airflow/.local/lib/python3.12/site-packages/airflow/example_dags/tutorial_taskflow_api_virtualenv.py
[2026-08-12T04:49:21.513+0000] {logging_mixin.py:190} INFO - [2026-08-12T04:49:21.513+0000] {dag.py:3211} INFO - Sync 1 DAGs
[2026-08-12T04:49:21.528+0000] {logging_mixin.py:190} INFO - [2026-08-12T04:49:21.528+0000] {dag.py:4138} INFO - Setting next_dagrun for tutorial_taskflow_api_virtualenv to None, run_after=None
[2026-08-12T04:49:21.551+0000] {processor.py:208} INFO - Processing /home/airflow/.local/lib/python3.12/site-packages/airflow/example_dags/tutorial_taskflow_api_virtualenv.py took 0.087 seconds
[2026-08-12T04:49:52.382+0000] {processor.py:186} INFO - Started process (PID=2157) to work on /home/airflow/.local/lib/python3.12/site-packages/airflow/example_dags/tutorial_taskflow_api_virtualenv.py
[2026-08-12T04:49:52.385+0000] {processor.py:914} INFO - Processing file /home/airflow/.local/lib/python3.12/site-packages/airflow/example_dags/tutorial_taskflow_api_virtualenv.py for tasks to queue
[2026-08-12T04:49:52.390+0000] {logging_mixin.py:190} INFO - [2026-08-12T04:49:52.390+0000] {dagbag.py:587} INFO - Filling up the DagBag from /home/airflow/.local/lib/python3.12/site-packages/airflow/example_dags/tutorial_taskflow_api_virtualenv.py
[2026-08-12T04:49:52.409+0000] {processor.py:925} INFO - DAG(s) 'tutorial_taskflow_api_virtualenv' retrieved from /home/airflow/.local/lib/python3.12/site-packages/airflow/example_dags/tutorial_taskflow_api_virtualenv.py
[2026-08-12T04:49:52.438+0000] {logging_mixin.py:190} INFO - [2026-08-12T04:49:52.438+0000] {dag.py:3211} INFO - Sync 1 DAGs
[2026-08-12T04:49:52.456+0000] {logging_mixin.py:190} INFO - [2026-08-12T04:49:52.455+0000] {dag.py:4138} INFO - Setting next_dagrun for tutorial_taskflow_api_virtualenv to None, run_after=None
[2026-08-12T04:49:52.481+0000] {processor.py:208} INFO - Processing /home/airflow/.local/lib/python3.12/site-packages/airflow/example_dags/tutorial_taskflow_api_virtualenv.py took 0.107 seconds
[2026-08-12T04:50:23.210+0000] {processor.py:186} INFO - Started process (PID=2219) to work on /home/airflow/.local/lib/python3.12/site-packages/airflow/example_dags/tutorial_taskflow_api_virtualenv.py
[2026-08-12T04:50:23.212+0000] {processor.py:914} INFO - Processing file /home/airflow/.local/lib/python3.12/site-packages/airflow/example_dags/tutorial_taskflow_api_virtualenv.py for tasks to queue
[2026-08-12T04:50:23.216+0000] {logging_mixin.py:190} INFO - [2026-08-12T04:50:23.216+0000] {dagbag.py:587} INFO - Filling up the DagBag from /home/airflow/.local/lib/python3.12/site-packages/airflow/example_dags/tutorial_taskflow_api_virtualenv.py
[2026-08-12T04:50:23.232+0000] {processor.py:925} INFO - DAG(s) 'tutorial_taskflow_api_virtualenv' retrieved from /home/airflow/.local/lib/python3.12/site-packages/airflow/example_dags/tutorial_taskflow_api_virtualenv.py
[2026-08-12T04:50:23.254+0000] {logging_mixin.py:190} INFO - [2026-08-12T04:50:23.253+0000] {dag.py:3211} INFO - Sync 1 DAGs
[2026-08-12T04:50:23.274+0000] {logging_mixin.py:190} INFO - [2026-08-12T04:50:23.274+0000] {dag.py:4138} INFO - Setting next_dagrun for tutorial_taskflow_api_virtualenv to None, run_after=None
[2026-08-12T04:50:23.303+0000] {processor.py:208} INFO - Processing /home/airflow/.local/lib/python3.12/site-packages/airflow/example_dags/tutorial_taskflow_api_virtualenv.py took 0.100 seconds
[2026-08-12T04:50:53.926+0000] {processor.py:186} INFO - Started process (PID=2281) to work on /home/airflow/.local/lib/python3.12/site-packages/airflow/example_dags/tutorial_taskflow_api_virtualenv.py
[2026-08-12T04:50:53.929+0000] {processor.py:914} INFO - Processing file /home/airflow/.local/lib/python3.12/site-packages/airflow/example_dags/tutorial_taskflow_api_virtualenv.py for tasks to queue
[2026-08-12T04:50:53.934+0000] {logging_mixin.py:190} INFO - [2026-08-12T04:50:53.933+0000] {dagbag.py:587} INFO - Filling up the DagBag from /home/airflow/.local/lib/python3.12/site-packages/airflow/example_dags/tutorial_taskflow_api_virtualenv.py
[2026-08-12T04:50:53.949+0000] {processor.py:925} INFO - DAG(s) 'tutorial_taskflow_api_virtualenv' retrieved from /home/airflow/.local/lib/python3.12/site-packages/airflow/example_dags/tutorial_taskflow_api_virtualenv.py
[2026-08-12T04:50:53.973+0000] {logging_mixin.py:190} INFO - [2026-08-12T04:50:53.973+0000] {dag.py:3211} INFO - Sync 1 DAGs
[2026-08-12T04:50:53.989+0000] {logging_mixin.py:190} INFO - [2026-08-12T04:50:53.989+0000] {dag.py:4138} INFO - Setting next_dagrun for tutorial_taskflow_api_virtualenv to None, run_after=None
[2026-08-12T04:50:54.018+0000] {processor.py:208} INFO - Processing /home/airflow/.local/lib/python3.12/site-packages/airflow/example_dags/tutorial_taskflow_api_virtualenv.py took 0.100 seconds
[2026-08-12T04:51:24.431+0000] {processor.py:186} INFO - Started process (PID=2349) to work on /home/airflow/.local/lib/python3.12/site-packages/airflow/example_dags/tutorial_taskflow_api_virtualenv.py
[2026-08-12T04:51:24.435+0000] {processor.py:914} INFO - Processing file /home/airflow/.local/lib/python3.12/site-packages/airflow/example_dags/tutorial_taskflow_api_virtualenv.py for tasks to queue
[2026-08-12T04:51:24.447+0000] {logging_mixin.py:190} INFO - [2026-08-12T04:51:24.446+0000] {dagbag.py:587} INFO - Filling up the DagBag from /home/airflow/.local/lib/python3.12/site-packages/airflow/example_dags/tutorial_taskflow_api_virtualenv.py
[2026-08-12T04:51:24.472+0000] {processor.py:925} INFO - DAG(s) 'tutorial_taskflow_api_virtualenv' retrieved from /home/airflow/.local/lib/python3.12/site-packages/airflow/example_dags/tutorial_taskflow_api_virtualenv.py
[2026-08-12T04:51:24.496+0000] {logging_mixin.py:190} INFO - [2026-08-12T04:51:24.496+0000] {dag.py:3211} INFO - Sync 1 DAGs
[2026-08-12T04:51:24.511+0000] {logging_mixin.py:190} INFO - [2026-08-12T04:51:24.511+0000] {dag.py:4138} INFO - Setting next_dagrun for tutorial_taskflow_api_virtualenv to None, run_after=None
[2026-08-12T04:51:24.533+0000] {processor.py:208} INFO - Processing /home/airflow/.local/lib/python3.12/site-packages/airflow/example_dags/tutorial_taskflow_api_virtualenv.py took 0.110 seconds
[2026-08-12T04:51:54.714+0000] {processor.py:186} INFO - Started process (PID=2411) to work on /home/airflow/.local/lib/python3.12/site-packages/airflow/example_dags/tutorial_taskflow_api_virtualenv.py
[2026-08-12T04:51:54.717+0000] {processor.py:914} INFO - Processing file /home/airflow/.local/lib/python3.12/site-packages/airflow/example_dags/tutorial_taskflow_api_virtualenv.py for tasks to queue
[2026-08-12T04:51:54.723+0000] {logging_mixin.py:190} INFO - [2026-08-12T04:51:54.722+0000] {dagbag.py:587} INFO - Filling up the DagBag from /home/airflow/.local/lib/python3.12/site-packages/airflow/example_dags/tutorial_taskflow_api_virtualenv.py
[2026-08-12T04:51:54.740+0000] {processor.py:925} INFO - DAG(s) 'tutorial_taskflow_api_virtualenv' retrieved from /home/airflow/.local/lib/python3.12/site-packages/airflow/example_dags/tutorial_taskflow_api_virtualenv.py
[2026-08-12T04:51:54.763+0000] {logging_mixin.py:190} INFO - [2026-08-12T04:51:54.763+0000] {dag.py:3211} INFO - Sync 1 DAGs
[2026-08-12T04:51:54.779+0000] {logging_mixin.py:190} INFO - [2026-08-12T04:51:54.779+0000] {dag.py:4138} INFO - Setting next_dagrun for tutorial_taskflow_api_virtualenv to None, run_after=None
[2026-08-12T04:51:54.800+0000] {processor.py:208} INFO - Processing /home/airflow/.local/lib/python3.12/site-packages/airflow/example_dags/tutorial_taskflow_api_virtualenv.py took 0.092 seconds
[2026-08-12T04:52:25.115+0000] {processor.py:186} INFO - Started process (PID=2473) to work on /home/airflow/.local/lib/python3.12/site-packages/airflow/example_dags/tutorial_taskflow_api_virtualenv.py
[2026-08-12T04:52:25.117+0000] {processor.py:914} INFO - Processing file /home/airflow/.local/lib/python3.12/site-packages/airflow/example_dags/tutorial_taskflow_api_virtualenv.py for tasks to queue
[2026-08-12T04:52:25.121+0000] {logging_mixin.py:190} INFO - [2026-08-12T04:52:25.121+0000] {dagbag.py:587} INFO - Filling up the DagBag from /home/airflow/.local/lib/python3.12/site-packages/airflow/example_dags/tutorial_taskflow_api_virtualenv.py
[2026-08-12T04:52:25.136+0000] {processor.py:925} INFO - DAG(s) 'tutorial_taskflow_api_virtualenv' retrieved from /home/airflow/.local/lib/python3.12/site-packages/airflow/example_dags/tutorial_taskflow_api_virtualenv.py
[2026-08-12T04:52:25.157+0000] {logging_mixin.py:190} INFO - [2026-08-12T04:52:25.157+0000] {dag.py:3211} INFO - Sync 1 DAGs
[2026-08-12T04:52:25.173+0000] {logging_mixin.py:190} INFO - [2026-08-12T04:52:25.173+0000] {dag.py:4138} INFO - Setting next_dagrun for tutorial_taskflow_api_virtualenv to None, run_after=None
[2026-08-12T04:52:25.195+0000] {processor.py:208} INFO - Processing /home/airflow/.local/lib/python3.12/site-packages/airflow/example_dags/tutorial_taskflow_api_virtualenv.py took 0.087 seconds
[2026-08-12T04:52:56.424+0000] {processor.py:186} INFO - Started process (PID=2537) to work on /home/airflow/.local/lib/python3.12/site-packages/airflow/example_dags/tutorial_taskflow_api_virtualenv.py
[2026-08-12T04:52:56.427+0000] {processor.py:914} INFO - Processing file /home/airflow/.local/lib/python3.12/site-packages/airflow/example_dags/tutorial_taskflow_api_virtualenv.py for tasks to queue
[2026-08-12T04:52:56.431+0000] {logging_mixin.py:190} INFO - [2026-08-12T04:52:56.430+0000] {dagbag.py:587} INFO - Filling up the DagBag from /home/airflow/.local/lib/python3.12/site-packages/airflow/example_dags/tutorial_taskflow_api_virtualenv.py
[2026-08-12T04:52:56.447+0000] {processor.py:925} INFO - DAG(s) 'tutorial_taskflow_api_virtualenv' retrieved from /home/airflow/.local/lib/python3.12/site-packages/airflow/example_dags/tutorial_taskflow_api_virtualenv.py
[2026-08-12T04:52:56.469+0000] {logging_mixin.py:190} INFO - [2026-08-12T04:52:56.469+0000] {dag.py:3211} INFO - Sync 1 DAGs
[2026-08-12T04:52:56.484+0000] {logging_mixin.py:190} INFO - [2026-08-12T04:52:56.483+0000] {dag.py:4138} INFO - Setting next_dagrun for tutorial_taskflow_api_virtualenv to None, run_after=None
[2026-08-12T04:52:56.505+0000] {processor.py:208} INFO - Processing /home/airflow/.local/lib/python3.12/site-packages/airflow/example_dags/tutorial_taskflow_api_virtualenv.py took 0.086 seconds
[2026-08-12T04:53:26.896+0000] {processor.py:186} INFO - Started process (PID=2600) to work on /home/airflow/.local/lib/python3.12/site-packages/airflow/example_dags/tutorial_taskflow_api_virtualenv.py
[2026-08-12T04:53:26.899+0000] {processor.py:914} INFO - Processing file /home/airflow/.local/lib/python3.12/site-packages/airflow/example_dags/tutorial_taskflow_api_virtualenv.py for tasks to queue
[2026-08-12T04:53:26.902+0000] {logging_mixin.py:190} INFO - [2026-08-12T04:53:26.902+0000] {dagbag.py:587} INFO - Filling up the DagBag from /home/airflow/.local/lib/python3.12/site-packages/airflow/example_dags/tutorial_taskflow_api_virtualenv.py
[2026-08-12T04:53:26.915+0000] {processor.py:925} INFO - DAG(s) 'tutorial_taskflow_api_virtualenv' retrieved from /home/airflow/.local/lib/python3.12/site-packages/airflow/example_dags/tutorial_taskflow_api_virtualenv.py
[2026-08-12T04:53:26.939+0000] {logging_mixin.py:190} INFO - [2026-08-12T04:53:26.939+0000] {dag.py:3211} INFO - Sync 1 DAGs
[2026-08-12T04:53:26.955+0000] {logging_mixin.py:190} INFO - [2026-08-12T04:53:26.955+0000] {dag.py:4138} INFO - Setting next_dagrun for tutorial_taskflow_api_virtualenv to None, run_after=None
[2026-08-12T04:53:26.985+0000] {processor.py:208} INFO - Processing /home/airflow/.local/lib/python3.12/site-packages/airflow/example_dags/tutorial_taskflow_api_virtualenv.py took 0.095 seconds
[2026-08-12T04:53:57.934+0000] {processor.py:186} INFO - Started process (PID=2663) to work on /home/airflow/.local/lib/python3.12/site-packages/airflow/example_dags/tutorial_taskflow_api_virtualenv.py
[2026-08-12T04:53:57.936+0000] {processor.py:914} INFO - Processing file /home/airflow/.local/lib/python3.12/site-packages/airflow/example_dags/tutorial_taskflow_api_virtualenv.py for tasks to queue
[2026-08-12T04:53:57.942+0000] {logging_mixin.py:190} INFO - [2026-08-12T04:53:57.941+0000] {dagbag.py:587} INFO - Filling up the DagBag from /home/airflow/.local/lib/python3.12/site-packages/airflow/example_dags/tutorial_taskflow_api_virtualenv.py
[2026-08-12T04:53:57.966+0000] {processor.py:925} INFO - DAG(s) 'tutorial_taskflow_api_virtualenv' retrieved from /home/airflow/.local/lib/python3.12/site-packages/airflow/example_dags/tutorial_taskflow_api_virtualenv.py
[2026-08-12T04:53:57.998+0000] {logging_mixin.py:190} INFO - [2026-08-12T04:53:57.998+0000] {dag.py:3211} INFO - Sync 1 DAGs
[2026-08-12T04:53:58.017+0000] {logging_mixin.py:190} INFO - [2026-08-12T04:53:58.017+0000] {dag.py:4138} INFO - Setting next_dagrun for tutorial_taskflow_api_virtualenv to None, run_after=None
[2026-08-12T04:53:58.040+0000] {processor.py:208} INFO - Processing /home/airflow/.local/lib/python3.12/site-packages/airflow/example_dags/tutorial_taskflow_api_virtualenv.py took 0.114 seconds
[2026-08-12T04:54:28.580+0000] {processor.py:186} INFO - Started process (PID=2725) to work on /home/airflow/.local/lib/python3.12/site-packages/airflow/example_dags/tutorial_taskflow_api_virtualenv.py
[2026-08-12T04:54:28.582+0000] {processor.py:914} INFO - Processing file /home/airflow/.local/lib/python3.12/site-packages/airflow/example_dags/tutorial_taskflow_api_virtualenv.py for tasks to queue
[2026-08-12T04:54:28.587+0000] {logging_mixin.py:190} INFO - [2026-08-12T04:54:28.587+0000] {dagbag.py:587} INFO - Filling up the DagBag from /home/airflow/.local/lib/python3.12/site-packages/airflow/example_dags/tutorial_taskflow_api_virtualenv.py
[2026-08-12T04:54:28.603+0000] {processor.py:925} INFO - DAG(s) 'tutorial_taskflow_api_virtualenv' retrieved from /home/airflow/.local/lib/python3.12/site-packages/airflow/example_dags/tutorial_taskflow_api_virtualenv.py
[2026-08-12T04:54:28.633+0000] {logging_mixin.py:190} INFO - [2026-08-12T04:54:28.633+0000] {dag.py:3211} INFO - Sync 1 DAGs
[2026-08-12T04:54:28.654+0000] {logging_mixin.py:190} INFO - [2026-08-12T04:54:28.653+0000] {dag.py:4138} INFO - Setting next_dagrun for tutorial_taskflow_api_virtualenv to None, run_after=None
[2026-08-12T04:54:28.676+0000] {processor.py:208} INFO - Processing /home/airflow/.local/lib/python3.12/site-packages/airflow/example_dags/tutorial_taskflow_api_virtualenv.py took 0.103 seconds
[2026-08-12T04:54:58.953+0000] {processor.py:186} INFO - Started process (PID=2788) to work on /home/airflow/.local/lib/python3.12/site-packages/airflow/example_dags/tutorial_taskflow_api_virtualenv.py
[2026-08-12T04:54:58.955+0000] {processor.py:914} INFO - Processing file /home/airflow/.local/lib/python3.12/site-packages/airflow/example_dags/tutorial_taskflow_api_virtualenv.py for tasks to queue
[2026-08-12T04:54:58.960+0000] {logging_mixin.py:190} INFO - [2026-08-12T04:54:58.960+0000] {dagbag.py:587} INFO - Filling up the DagBag from /home/airflow/.local/lib/python3.12/site-packages/airflow/example_dags/tutorial_taskflow_api_virtualenv.py
[2026-08-12T04:54:58.974+0000] {processor.py:925} INFO - DAG(s) 'tutorial_taskflow_api_virtualenv' retrieved from /home/airflow/.local/lib/python3.12/site-packages/airflow/example_dags/tutorial_taskflow_api_virtualenv.py
[2026-08-12T04:54:58.998+0000] {logging_mixin.py:190} INFO - [2026-08-12T04:54:58.998+0000] {dag.py:3211} INFO - Sync 1 DAGs
[2026-08-12T04:54:59.015+0000] {logging_mixin.py:190} INFO - [2026-08-12T04:54:59.015+0000] {dag.py:4138} INFO - Setting next_dagrun for tutorial_taskflow_api_virtualenv to None, run_after=None
[2026-08-12T04:54:59.036+0000] {processor.py:208} INFO - Processing /home/airflow/.local/lib/python3.12/site-packages/airflow/example_dags/tutorial_taskflow_api_virtualenv.py took 0.089 seconds
[2026-08-12T04:55:30.008+0000] {processor.py:186} INFO - Started process (PID=2851) to work on /home/airflow/.local/lib/python3.12/site-packages/airflow/example_dags/tutorial_taskflow_api_virtualenv.py
[2026-08-12T04:55:30.011+0000] {processor.py:914} INFO - Processing file /home/airflow/.local/lib/python3.12/site-packages/airflow/example_dags/tutorial_taskflow_api_virtualenv.py for tasks to queue
[2026-08-12T04:55:30.015+0000] {logging_mixin.py:190} INFO - [2026-08-12T04:55:30.014+0000] {dagbag.py:587} INFO - Filling up the DagBag from /home/airflow/.local/lib/python3.12/site-packages/airflow/example_dags/tutorial_taskflow_api_virtualenv.py
[2026-08-12T04:55:30.028+0000] {processor.py:925} INFO - DAG(s) 'tutorial_taskflow_api_virtualenv' retrieved from /home/airflow/.local/lib/python3.12/site-packages/airflow/example_dags/tutorial_taskflow_api_virtualenv.py
[2026-08-12T04:55:30.052+0000] {logging_mixin.py:190} INFO - [2026-08-12T04:55:30.052+0000] {dag.py:3211} INFO - Sync 1 DAGs
[2026-08-12T04:55:30.067+0000] {logging_mixin.py:190} INFO - [2026-08-12T04:55:30.067+0000] {dag.py:4138} INFO - Setting next_dagrun for tutorial_taskflow_api_virtualenv to None, run_after=None
[2026-08-12T04:55:30.094+0000] {processor.py:208} INFO - Processing /home/airflow/.local/lib/python3.12/site-packages/airflow/example_dags/tutorial_taskflow_api_virtualenv.py took 0.091 seconds
[2026-08-12T04:56:01.053+0000] {processor.py:186} INFO - Started process (PID=2914) to work on /home/airflow/.local/lib/python3.12/site-packages/airflow/example_dags/tutorial_taskflow_api_virtualenv.py
[2026-08-12T04:56:01.056+0000] {processor.py:914} INFO - Processing file /home/airflow/.local/lib/python3.12/site-packages/airflow/example_dags/tutorial_taskflow_api_virtualenv.py for tasks to queue
[2026-08-12T04:56:01.061+0000] {logging_mixin.py:190} INFO - [2026-08-12T04:56:01.060+0000] {dagbag.py:587} INFO - Filling up the DagBag from /home/airflow/.local/lib/python3.12/site-packages/airflow/example_dags/tutorial_taskflow_api_virtualenv.py
[2026-08-12T04:56:01.075+0000] {processor.py:925} INFO - DAG(s) 'tutorial_taskflow_api_virtualenv' retrieved from /home/airflow/.local/lib/python3.12/site-packages/airflow/example_dags/tutorial_taskflow_api_virtualenv.py
[2026-08-12T04:56:01.096+0000] {logging_mixin.py:190} INFO - [2026-08-12T04:56:01.096+0000] {dag.py:3211} INFO - Sync 1 DAGs
[2026-08-12T04:56:01.112+0000] {logging_mixin.py:190} INFO - [2026-08-12T04:56:01.112+0000] {dag.py:4138} INFO - Setting next_dagrun for tutorial_taskflow_api_virtualenv to None, run_after=None
[2026-08-12T04:56:01.136+0000] {processor.py:208} INFO - Processing /home/airflow/.local/lib/python3.12/site-packages/airflow/example_dags/tutorial_taskflow_api_virtualenv.py took 0.089 seconds
[2026-08-12T04:56:31.572+0000] {processor.py:186} INFO - Started process (PID=2977) to work on /home/airflow/.local/lib/python3.12/site-packages/airflow/example_dags/tutorial_taskflow_api_virtualenv.py
[2026-08-12T04:56:31.575+0000] {processor.py:914} INFO - Processing file /home/airflow/.local/lib/python3.12/site-packages/airflow/example_dags/tutorial_taskflow_api_virtualenv.py for tasks to queue
[2026-08-12T04:56:31.579+0000] {logging_mixin.py:190} INFO - [2026-08-12T04:56:31.578+0000] {dagbag.py:587} INFO - Filling up the DagBag from /home/airflow/.local/lib/python3.12/site-packages/airflow/example_dags/tutorial_taskflow_api_virtualenv.py
[2026-08-12T04:56:31.592+0000] {processor.py:925} INFO - DAG(s) 'tutorial_taskflow_api_virtualenv' retrieved from /home/airflow/.local/lib/python3.12/site-packages/airflow/example_dags/tutorial_taskflow_api_virtualenv.py
[2026-08-12T04:56:31.614+0000] {logging_mixin.py:190} INFO - [2026-08-12T04:56:31.614+0000] {dag.py:3211} INFO - Sync 1 DAGs
[2026-08-12T04:56:31.629+0000] {logging_mixin.py:190} INFO - [2026-08-12T04:56:31.629+0000] {dag.py:4138} INFO - Setting next_dagrun for tutorial_taskflow_api_virtualenv to None, run_after=None
[2026-08-12T04:56:31.652+0000] {processor.py:208} INFO - Processing /home/airflow/.local/lib/python3.12/site-packages/airflow/example_dags/tutorial_taskflow_api_virtualenv.py took 0.086 seconds
[2026-08-12T04:57:02.577+0000] {processor.py:186} INFO - Started process (PID=3040) to work on /home/airflow/.local/lib/python3.12/site-packages/airflow/example_dags/tutorial_taskflow_api_virtualenv.py
[2026-08-12T04:57:02.580+0000] {processor.py:914} INFO - Processing file /home/airflow/.local/lib/python3.12/site-packages/airflow/example_dags/tutorial_taskflow_api_virtualenv.py for tasks to queue
[2026-08-12T04:57:02.585+0000] {logging_mixin.py:190} INFO - [2026-08-12T04:57:02.584+0000] {dagbag.py:587} INFO - Filling up the DagBag from /home/airflow/.local/lib/python3.12/site-packages/airflow/example_dags/tutorial_taskflow_api_virtualenv.py
[2026-08-12T04:57:02.604+0000] {processor.py:925} INFO - DAG(s) 'tutorial_taskflow_api_virtualenv' retrieved from /home/airflow/.local/lib/python3.12/site-packages/airflow/example_dags/tutorial_taskflow_api_virtualenv.py
[2026-08-12T04:57:02.638+0000] {logging_mixin.py:190} INFO - [2026-08-12T04:57:02.638+0000] {dag.py:3211} INFO - Sync 1 DAGs
[2026-08-12T04:57:02.660+0000] {logging_mixin.py:190} INFO - [2026-08-12T04:57:02.660+0000] {dag.py:4138} INFO - Setting next_dagrun for tutorial_taskflow_api_virtualenv to None, run_after=None
[2026-08-12T04:57:02.689+0000] {processor.py:208} INFO - Processing /home/airflow/.local/lib/python3.12/site-packages/airflow/example_dags/tutorial_taskflow_api_virtualenv.py took 0.119 seconds
[2026-08-12T04:57:33.592+0000] {processor.py:186} INFO - Started process (PID=3103) to work on /home/airflow/.local/lib/python3.12/site-packages/airflow/example_dags/tutorial_taskflow_api_virtualenv.py
[2026-08-12T04:57:33.595+0000] {processor.py:914} INFO - Processing file /home/airflow/.local/lib/python3.12/site-packages/airflow/example_dags/tutorial_taskflow_api_virtualenv.py for tasks to queue
[2026-08-12T04:57:33.600+0000] {logging_mixin.py:190} INFO - [2026-08-12T04:57:33.599+0000] {dagbag.py:587} INFO - Filling up the DagBag from /home/airflow/.local/lib/python3.12/site-packages/airflow/example_dags/tutorial_taskflow_api_virtualenv.py
[2026-08-12T04:57:33.617+0000] {processor.py:925} INFO - DAG(s) 'tutorial_taskflow_api_virtualenv' retrieved from /home/airflow/.local/lib/python3.12/site-packages/airflow/example_dags/tutorial_taskflow_api_virtualenv.py
[2026-08-12T04:57:33.657+0000] {logging_mixin.py:190} INFO - [2026-08-12T04:57:33.656+0000] {dag.py:3211} INFO - Sync 1 DAGs
[2026-08-12T04:57:33.678+0000] {logging_mixin.py:190} INFO - [2026-08-12T04:57:33.678+0000] {dag.py:4138} INFO - Setting next_dagrun for tutorial_taskflow_api_virtualenv to None, run_after=None
[2026-08-12T04:57:33.709+0000] {processor.py:208} INFO - Processing /home/airflow/.local/lib/python3.12/site-packages/airflow/example_dags/tutorial_taskflow_api_virtualenv.py took 0.124 seconds
[2026-08-12T04:58:04.259+0000] {processor.py:186} INFO - Started process (PID=3166) to work on /home/airflow/.local/lib/python3.12/site-packages/airflow/example_dags/tutorial_taskflow_api_virtualenv.py
[2026-08-12T04:58:04.261+0000] {processor.py:914} INFO - Processing file /home/airflow/.local/lib/python3.12/site-packages/airflow/example_dags/tutorial_taskflow_api_virtualenv.py for tasks to queue
[2026-08-12T04:58:04.265+0000] {logging_mixin.py:190} INFO - [2026-08-12T04:58:04.264+0000] {dagbag.py:587} INFO - Filling up the DagBag from /home/airflow/.local/lib/python3.12/site-packages/airflow/example_dags/tutorial_taskflow_api_virtualenv.py
[2026-08-12T04:58:04.278+0000] {processor.py:925} INFO - DAG(s) 'tutorial_taskflow_api_virtualenv' retrieved from /home/airflow/.local/lib/python3.12/site-packages/airflow/example_dags/tutorial_taskflow_api_virtualenv.py
[2026-08-12T04:58:04.301+0000] {logging_mixin.py:190} INFO - [2026-08-12T04:58:04.301+0000] {dag.py:3211} INFO - Sync 1 DAGs
[2026-08-12T04:58:04.318+0000] {logging_mixin.py:190} INFO - [2026-08-12T04:58:04.318+0000] {dag.py:4138} INFO - Setting next_dagrun for tutorial_taskflow_api_virtualenv to None, run_after=None
[2026-08-12T04:58:04.340+0000] {processor.py:208} INFO - Processing /home/airflow/.local/lib/python3.12/site-packages/airflow/example_dags/tutorial_taskflow_api_virtualenv.py took 0.087 seconds
[2026-08-12T04:58:35.848+0000] {processor.py:186} INFO - Started process (PID=3229) to work on /home/airflow/.local/lib/python3.12/site-packages/airflow/example_dags/tutorial_taskflow_api_virtualenv.py
[2026-08-12T04:58:35.850+0000] {processor.py:914} INFO - Processing file /home/airflow/.local/lib/python3.12/site-packages/airflow/example_dags/tutorial_taskflow_api_virtualenv.py for tasks to queue
[2026-08-12T04:58:35.855+0000] {logging_mixin.py:190} INFO - [2026-08-12T04:58:35.855+0000] {dagbag.py:587} INFO - Filling up the DagBag from /home/airflow/.local/lib/python3.12/site-packages/airflow/example_dags/tutorial_taskflow_api_virtualenv.py
[2026-08-12T04:58:35.869+0000] {processor.py:925} INFO - DAG(s) 'tutorial_taskflow_api_virtualenv' retrieved from /home/airflow/.local/lib/python3.12/site-packages/airflow/example_dags/tutorial_taskflow_api_virtualenv.py
[2026-08-12T04:58:35.894+0000] {logging_mixin.py:190} INFO - [2026-08-12T04:58:35.893+0000] {dag.py:3211} INFO - Sync 1 DAGs
[2026-08-12T04:58:35.909+0000] {logging_mixin.py:190} INFO - [2026-08-12T04:58:35.909+0000] {dag.py:4138} INFO - Setting next_dagrun for tutorial_taskflow_api_virtualenv to None, run_after=None
[2026-08-12T04:58:35.932+0000] {processor.py:208} INFO - Processing /home/airflow/.local/lib/python3.12/site-packages/airflow/example_dags/tutorial_taskflow_api_virtualenv.py took 0.090 seconds
[2026-08-12T04:59:07.140+0000] {processor.py:186} INFO - Started process (PID=3292) to work on /home/airflow/.local/lib/python3.12/site-packages/airflow/example_dags/tutorial_taskflow_api_virtualenv.py
[2026-08-12T04:59:07.144+0000] {processor.py:914} INFO - Processing file /home/airflow/.local/lib/python3.12/site-packages/airflow/example_dags/tutorial_taskflow_api_virtualenv.py for tasks to queue
[2026-08-12T04:59:07.150+0000] {logging_mixin.py:190} INFO - [2026-08-12T04:59:07.149+0000] {dagbag.py:587} INFO - Filling up the DagBag from /home/airflow/.local/lib/python3.12/site-packages/airflow/example_dags/tutorial_taskflow_api_virtualenv.py
[2026-08-12T04:59:07.172+0000] {processor.py:925} INFO - DAG(s) 'tutorial_taskflow_api_virtualenv' retrieved from /home/airflow/.local/lib/python3.12/site-packages/airflow/example_dags/tutorial_taskflow_api_virtualenv.py
[2026-08-12T04:59:07.198+0000] {logging_mixin.py:190} INFO - [2026-08-12T04:59:07.197+0000] {dag.py:3211} INFO - Sync 1 DAGs
[2026-08-12T04:59:07.213+0000] {logging_mixin.py:190} INFO - [2026-08-12T04:59:07.212+0000] {dag.py:4138} INFO - Setting next_dagrun for tutorial_taskflow_api_virtualenv to None, run_after=None
[2026-08-12T04:59:07.236+0000] {processor.py:208} INFO - Processing /home/airflow/.local/lib/python3.12/site-packages/airflow/example_dags/tutorial_taskflow_api_virtualenv.py took 0.107 seconds
[2026-08-12T04:59:38.056+0000] {processor.py:186} INFO - Started process (PID=3355) to work on /home/airflow/.local/lib/python3.12/site-packages/airflow/example_dags/tutorial_taskflow_api_virtualenv.py
[2026-08-12T04:59:38.058+0000] {processor.py:914} INFO - Processing file /home/airflow/.local/lib/python3.12/site-packages/airflow/example_dags/tutorial_taskflow_api_virtualenv.py for tasks to queue
[2026-08-12T04:59:38.062+0000] {logging_mixin.py:190} INFO - [2026-08-12T04:59:38.061+0000] {dagbag.py:587} INFO - Filling up the DagBag from /home/airflow/.local/lib/python3.12/site-packages/airflow/example_dags/tutorial_taskflow_api_virtualenv.py
[2026-08-12T04:59:38.077+0000] {processor.py:925} INFO - DAG(s) 'tutorial_taskflow_api_virtualenv' retrieved from /home/airflow/.local/lib/python3.12/site-packages/airflow/example_dags/tutorial_taskflow_api_virtualenv.py
[2026-08-12T04:59:38.101+0000] {logging_mixin.py:190} INFO - [2026-08-12T04:59:38.101+0000] {dag.py:3211} INFO - Sync 1 DAGs
[2026-08-12T04:59:38.116+0000] {logging_mixin.py:190} INFO - [2026-08-12T04:59:38.116+0000] {dag.py:4138} INFO - Setting next_dagrun for tutorial_taskflow_api_virtualenv to None, run_after=None
[2026-08-12T04:59:38.141+0000] {processor.py:208} INFO - Processing /home/airflow/.local/lib/python3.12/site-packages/airflow/example_dags/tutorial_taskflow_api_virtualenv.py took 0.090 seconds
[2026-08-12T05:00:08.971+0000] {processor.py:186} INFO - Started process (PID=3418) to work on /home/airflow/.local/lib/python3.12/site-packages/airflow/example_dags/tutorial_taskflow_api_virtualenv.py
[2026-08-12T05:00:08.974+0000] {processor.py:914} INFO - Processing file /home/airflow/.local/lib/python3.12/site-packages/airflow/example_dags/tutorial_taskflow_api_virtualenv.py for tasks to queue
[2026-08-12T05:00:08.979+0000] {logging_mixin.py:190} INFO - [2026-08-12T05:00:08.978+0000] {dagbag.py:587} INFO - Filling up the DagBag from /home/airflow/.local/lib/python3.12/site-packages/airflow/example_dags/tutorial_taskflow_api_virtualenv.py
[2026-08-12T05:00:09.012+0000] {processor.py:925} INFO - DAG(s) 'tutorial_taskflow_api_virtualenv' retrieved from /home/airflow/.local/lib/python3.12/site-packages/airflow/example_dags/tutorial_taskflow_api_virtualenv.py
[2026-08-12T05:00:09.044+0000] {logging_mixin.py:190} INFO - [2026-08-12T05:00:09.043+0000] {dag.py:3211} INFO - Sync 1 DAGs
[2026-08-12T05:00:09.062+0000] {logging_mixin.py:190} INFO - [2026-08-12T05:00:09.061+0000] {dag.py:4138} INFO - Setting next_dagrun for tutorial_taskflow_api_virtualenv to None, run_after=None
[2026-08-12T05:00:09.085+0000] {processor.py:208} INFO - Processing /home/airflow/.local/lib/python3.12/site-packages/airflow/example_dags/tutorial_taskflow_api_virtualenv.py took 0.125 seconds
[2026-08-12T05:00:39.268+0000] {processor.py:186} INFO - Started process (PID=3481) to work on /home/airflow/.local/lib/python3.12/site-packages/airflow/example_dags/tutorial_taskflow_api_virtualenv.py
[2026-08-12T05:00:39.271+0000] {processor.py:914} INFO - Processing file /home/airflow/.local/lib/python3.12/site-packages/airflow/example_dags/tutorial_taskflow_api_virtualenv.py for tasks to queue
[2026-08-12T05:00:39.275+0000] {logging_mixin.py:190} INFO - [2026-08-12T05:00:39.274+0000] {dagbag.py:587} INFO - Filling up the DagBag from /home/airflow/.local/lib/python3.12/site-packages/airflow/example_dags/tutorial_taskflow_api_virtualenv.py
[2026-08-12T05:00:39.290+0000] {processor.py:925} INFO - DAG(s) 'tutorial_taskflow_api_virtualenv' retrieved from /home/airflow/.local/lib/python3.12/site-packages/airflow/example_dags/tutorial_taskflow_api_virtualenv.py
[2026-08-12T05:00:39.314+0000] {logging_mixin.py:190} INFO - [2026-08-12T05:00:39.314+0000] {dag.py:3211} INFO - Sync 1 DAGs
[2026-08-12T05:00:39.329+0000] {logging_mixin.py:190} INFO - [2026-08-12T05:00:39.328+0000] {dag.py:4138} INFO - Setting next_dagrun for tutorial_taskflow_api_virtualenv to None, run_after=None
[2026-08-12T05:00:39.353+0000] {processor.py:208} INFO - Processing /home/airflow/.local/lib/python3.12/site-packages/airflow/example_dags/tutorial_taskflow_api_virtualenv.py took 0.103 seconds
[2026-08-12T05:01:09.691+0000] {processor.py:186} INFO - Started process (PID=3544) to work on /home/airflow/.local/lib/python3.12/site-packages/airflow/example_dags/tutorial_taskflow_api_virtualenv.py
[2026-08-12T05:01:09.694+0000] {processor.py:914} INFO - Processing file /home/airflow/.local/lib/python3.12/site-packages/airflow/example_dags/tutorial_taskflow_api_virtualenv.py for tasks to queue
[2026-08-12T05:01:09.699+0000] {logging_mixin.py:190} INFO - [2026-08-12T05:01:09.698+0000] {dagbag.py:587} INFO - Filling up the DagBag from /home/airflow/.local/lib/python3.12/site-packages/airflow/example_dags/tutorial_taskflow_api_virtualenv.py
[2026-08-12T05:01:09.713+0000] {processor.py:925} INFO - DAG(s) 'tutorial_taskflow_api_virtualenv' retrieved from /home/airflow/.local/lib/python3.12/site-packages/airflow/example_dags/tutorial_taskflow_api_virtualenv.py
[2026-08-12T05:01:09.744+0000] {logging_mixin.py:190} INFO - [2026-08-12T05:01:09.744+0000] {dag.py:3211} INFO - Sync 1 DAGs
[2026-08-12T05:01:09.766+0000] {logging_mixin.py:190} INFO - [2026-08-12T05:01:09.765+0000] {dag.py:4138} INFO - Setting next_dagrun for tutorial_taskflow_api_virtualenv to None, run_after=None
[2026-08-12T05:01:09.794+0000] {processor.py:208} INFO - Processing /home/airflow/.local/lib/python3.12/site-packages/airflow/example_dags/tutorial_taskflow_api_virtualenv.py took 0.109 seconds
[2026-08-12T05:01:40.407+0000] {processor.py:186} INFO - Started process (PID=3607) to work on /home/airflow/.local/lib/python3.12/site-packages/airflow/example_dags/tutorial_taskflow_api_virtualenv.py
[2026-08-12T05:01:40.411+0000] {processor.py:914} INFO - Processing file /home/airflow/.local/lib/python3.12/site-packages/airflow/example_dags/tutorial_taskflow_api_virtualenv.py for tasks to queue
[2026-08-12T05:01:40.417+0000] {logging_mixin.py:190} INFO - [2026-08-12T05:01:40.416+0000] {dagbag.py:587} INFO - Filling up the DagBag from /home/airflow/.local/lib/python3.12/site-packages/airflow/example_dags/tutorial_taskflow_api_virtualenv.py
[2026-08-12T05:01:40.437+0000] {processor.py:925} INFO - DAG(s) 'tutorial_taskflow_api_virtualenv' retrieved from /home/airflow/.local/lib/python3.12/site-packages/airflow/example_dags/tutorial_taskflow_api_virtualenv.py
[2026-08-12T05:01:40.469+0000] {logging_mixin.py:190} INFO - [2026-08-12T05:01:40.468+0000] {dag.py:3211} INFO - Sync 1 DAGs
[2026-08-12T05:01:40.492+0000] {logging_mixin.py:190} INFO - [2026-08-12T05:01:40.492+0000] {dag.py:4138} INFO - Setting next_dagrun for tutorial_taskflow_api_virtualenv to None, run_after=None
[2026-08-12T05:01:40.520+0000] {processor.py:208} INFO - Processing /home/airflow/.local/lib/python3.12/site-packages/airflow/example_dags/tutorial_taskflow_api_virtualenv.py took 0.123 seconds
[2026-08-12T05:02:11.059+0000] {processor.py:186} INFO - Started process (PID=3671) to work on /home/airflow/.local/lib/python3.12/site-packages/airflow/example_dags/tutorial_taskflow_api_virtualenv.py
[2026-08-12T05:02:11.062+0000] {processor.py:914} INFO - Processing file /home/airflow/.local/lib/python3.12/site-packages/airflow/example_dags/tutorial_taskflow_api_virtualenv.py for tasks to queue
[2026-08-12T05:02:11.067+0000] {logging_mixin.py:190} INFO - [2026-08-12T05:02:11.066+0000] {dagbag.py:587} INFO - Filling up the DagBag from /home/airflow/.local/lib/python3.12/site-packages/airflow/example_dags/tutorial_taskflow_api_virtualenv.py
[2026-08-12T05:02:11.083+0000] {processor.py:925} INFO - DAG(s) 'tutorial_taskflow_api_virtualenv' retrieved from /home/airflow/.local/lib/python3.12/site-packages/airflow/example_dags/tutorial_taskflow_api_virtualenv.py
[2026-08-12T05:02:11.113+0000] {logging_mixin.py:190} INFO - [2026-08-12T05:02:11.113+0000] {dag.py:3211} INFO - Sync 1 DAGs
[2026-08-12T05:02:11.131+0000] {logging_mixin.py:190} INFO - [2026-08-12T05:02:11.131+0000] {dag.py:4138} INFO - Setting next_dagrun for tutorial_taskflow_api_virtualenv to None, run_after=None
[2026-08-12T05:02:11.154+0000] {processor.py:208} INFO - Processing /home/airflow/.local/lib/python3.12/site-packages/airflow/example_dags/tutorial_taskflow_api_virtualenv.py took 0.101 seconds
[2026-08-12T05:02:42.671+0000] {processor.py:186} INFO - Started process (PID=3734) to work on /home/airflow/.local/lib/python3.12/site-packages/airflow/example_dags/tutorial_taskflow_api_virtualenv.py
[2026-08-12T05:02:42.675+0000] {processor.py:914} INFO - Processing file /home/airflow/.local/lib/python3.12/site-packages/airflow/example_dags/tutorial_taskflow_api_virtualenv.py for tasks to queue
[2026-08-12T05:02:42.684+0000] {logging_mixin.py:190} INFO - [2026-08-12T05:02:42.683+0000] {dagbag.py:587} INFO - Filling up the DagBag from /home/airflow/.local/lib/python3.12/site-packages/airflow/example_dags/tutorial_taskflow_api_virtualenv.py
[2026-08-12T05:02:42.713+0000] {processor.py:925} INFO - DAG(s) 'tutorial_taskflow_api_virtualenv' retrieved from /home/airflow/.local/lib/python3.12/site-packages/airflow/example_dags/tutorial_taskflow_api_virtualenv.py
[2026-08-12T05:02:42.763+0000] {logging_mixin.py:190} INFO - [2026-08-12T05:02:42.762+0000] {dag.py:3211} INFO - Sync 1 DAGs
[2026-08-12T05:02:42.806+0000] {logging_mixin.py:190} INFO - [2026-08-12T05:02:42.805+0000] {dag.py:4138} INFO - Setting next_dagrun for tutorial_taskflow_api_virtualenv to None, run_after=None
[2026-08-12T05:02:42.859+0000] {processor.py:208} INFO - Processing /home/airflow/.local/lib/python3.12/site-packages/airflow/example_dags/tutorial_taskflow_api_virtualenv.py took 0.201 seconds
[2026-08-12T05:03:13.721+0000] {processor.py:186} INFO - Started process (PID=3797) to work on /home/airflow/.local/lib/python3.12/site-packages/airflow/example_dags/tutorial_taskflow_api_virtualenv.py
[2026-08-12T05:03:13.723+0000] {processor.py:914} INFO - Processing file /home/airflow/.local/lib/python3.12/site-packages/airflow/example_dags/tutorial_taskflow_api_virtualenv.py for tasks to queue
[2026-08-12T05:03:13.728+0000] {logging_mixin.py:190} INFO - [2026-08-12T05:03:13.727+0000] {dagbag.py:587} INFO - Filling up the DagBag from /home/airflow/.local/lib/python3.12/site-packages/airflow/example_dags/tutorial_taskflow_api_virtualenv.py
[2026-08-12T05:03:13.746+0000] {processor.py:925} INFO - DAG(s) 'tutorial_taskflow_api_virtualenv' retrieved from /home/airflow/.local/lib/python3.12/site-packages/airflow/example_dags/tutorial_taskflow_api_virtualenv.py
[2026-08-12T05:03:13.776+0000] {logging_mixin.py:190} INFO - [2026-08-12T05:03:13.775+0000] {dag.py:3211} INFO - Sync 1 DAGs
[2026-08-12T05:03:13.795+0000] {logging_mixin.py:190} INFO - [2026-08-12T05:03:13.794+0000] {dag.py:4138} INFO - Setting next_dagrun for tutorial_taskflow_api_virtualenv to None, run_after=None
[2026-08-12T05:03:13.819+0000] {processor.py:208} INFO - Processing /home/airflow/.local/lib/python3.12/site-packages/airflow/example_dags/tutorial_taskflow_api_virtualenv.py took 0.105 seconds
[2026-08-12T05:03:44.609+0000] {processor.py:186} INFO - Started process (PID=3860) to work on /home/airflow/.local/lib/python3.12/site-packages/airflow/example_dags/tutorial_taskflow_api_virtualenv.py
[2026-08-12T05:03:44.611+0000] {processor.py:914} INFO - Processing file /home/airflow/.local/lib/python3.12/site-packages/airflow/example_dags/tutorial_taskflow_api_virtualenv.py for tasks to queue
[2026-08-12T05:03:44.617+0000] {logging_mixin.py:190} INFO - [2026-08-12T05:03:44.616+0000] {dagbag.py:587} INFO - Filling up the DagBag from /home/airflow/.local/lib/python3.12/site-packages/airflow/example_dags/tutorial_taskflow_api_virtualenv.py
[2026-08-12T05:03:44.641+0000] {processor.py:925} INFO - DAG(s) 'tutorial_taskflow_api_virtualenv' retrieved from /home/airflow/.local/lib/python3.12/site-packages/airflow/example_dags/tutorial_taskflow_api_virtualenv.py
[2026-08-12T05:03:44.675+0000] {logging_mixin.py:190} INFO - [2026-08-12T05:03:44.675+0000] {dag.py:3211} INFO - Sync 1 DAGs
[2026-08-12T05:03:44.698+0000] {logging_mixin.py:190} INFO - [2026-08-12T05:03:44.697+0000] {dag.py:4138} INFO - Setting next_dagrun for tutorial_taskflow_api_virtualenv to None, run_after=None
[2026-08-12T05:03:44.730+0000] {processor.py:208} INFO - Processing /home/airflow/.local/lib/python3.12/site-packages/airflow/example_dags/tutorial_taskflow_api_virtualenv.py took 0.130 seconds
[2026-08-12T05:04:15.394+0000] {processor.py:186} INFO - Started process (PID=3923) to work on /home/airflow/.local/lib/python3.12/site-packages/airflow/example_dags/tutorial_taskflow_api_virtualenv.py
[2026-08-12T05:04:15.396+0000] {processor.py:914} INFO - Processing file /home/airflow/.local/lib/python3.12/site-packages/airflow/example_dags/tutorial_taskflow_api_virtualenv.py for tasks to queue
[2026-08-12T05:04:15.400+0000] {logging_mixin.py:190} INFO - [2026-08-12T05:04:15.400+0000] {dagbag.py:587} INFO - Filling up the DagBag from /home/airflow/.local/lib/python3.12/site-packages/airflow/example_dags/tutorial_taskflow_api_virtualenv.py
[2026-08-12T05:04:15.417+0000] {processor.py:925} INFO - DAG(s) 'tutorial_taskflow_api_virtualenv' retrieved from /home/airflow/.local/lib/python3.12/site-packages/airflow/example_dags/tutorial_taskflow_api_virtualenv.py
[2026-08-12T05:04:15.445+0000] {logging_mixin.py:190} INFO - [2026-08-12T05:04:15.445+0000] {dag.py:3211} INFO - Sync 1 DAGs
[2026-08-12T05:04:15.641+0000] {logging_mixin.py:190} INFO - [2026-08-12T05:04:15.641+0000] {dag.py:4138} INFO - Setting next_dagrun for tutorial_taskflow_api_virtualenv to None, run_after=None
[2026-08-12T05:04:15.665+0000] {processor.py:208} INFO - Processing /home/airflow/.local/lib/python3.12/site-packages/airflow/example_dags/tutorial_taskflow_api_virtualenv.py took 0.278 seconds
[2026-08-12T05:04:46.534+0000] {processor.py:186} INFO - Started process (PID=3986) to work on /home/airflow/.local/lib/python3.12/site-packages/airflow/example_dags/tutorial_taskflow_api_virtualenv.py
[2026-08-12T05:04:46.537+0000] {processor.py:914} INFO - Processing file /home/airflow/.local/lib/python3.12/site-packages/airflow/example_dags/tutorial_taskflow_api_virtualenv.py for tasks to queue
[2026-08-12T05:04:46.545+0000] {logging_mixin.py:190} INFO - [2026-08-12T05:04:46.544+0000] {dagbag.py:587} INFO - Filling up the DagBag from /home/airflow/.local/lib/python3.12/site-packages/airflow/example_dags/tutorial_taskflow_api_virtualenv.py
[2026-08-12T05:04:46.564+0000] {processor.py:925} INFO - DAG(s) 'tutorial_taskflow_api_virtualenv' retrieved from /home/airflow/.local/lib/python3.12/site-packages/airflow/example_dags/tutorial_taskflow_api_virtualenv.py
[2026-08-12T05:04:46.594+0000] {logging_mixin.py:190} INFO - [2026-08-12T05:04:46.594+0000] {dag.py:3211} INFO - Sync 1 DAGs
[2026-08-12T05:04:46.835+0000] {logging_mixin.py:190} INFO - [2026-08-12T05:04:46.834+0000] {dag.py:4138} INFO - Setting next_dagrun for tutorial_taskflow_api_virtualenv to None, run_after=None
[2026-08-12T05:04:46.868+0000] {processor.py:208} INFO - Processing /home/airflow/.local/lib/python3.12/site-packages/airflow/example_dags/tutorial_taskflow_api_virtualenv.py took 0.341 seconds
[2026-08-12T05:05:17.367+0000] {processor.py:186} INFO - Started process (PID=4049) to work on /home/airflow/.local/lib/python3.12/site-packages/airflow/example_dags/tutorial_taskflow_api_virtualenv.py
[2026-08-12T05:05:17.370+0000] {processor.py:914} INFO - Processing file /home/airflow/.local/lib/python3.12/site-packages/airflow/example_dags/tutorial_taskflow_api_virtualenv.py for tasks to queue
[2026-08-12T05:05:17.378+0000] {logging_mixin.py:190} INFO - [2026-08-12T05:05:17.377+0000] {dagbag.py:587} INFO - Filling up the DagBag from /home/airflow/.local/lib/python3.12/site-packages/airflow/example_dags/tutorial_taskflow_api_virtualenv.py
[2026-08-12T05:05:17.398+0000] {processor.py:925} INFO - DAG(s) 'tutorial_taskflow_api_virtualenv' retrieved from /home/airflow/.local/lib/python3.12/site-packages/airflow/example_dags/tutorial_taskflow_api_virtualenv.py
[2026-08-12T05:05:17.440+0000] {logging_mixin.py:190} INFO - [2026-08-12T05:05:17.439+0000] {dag.py:3211} INFO - Sync 1 DAGs
[2026-08-12T05:05:17.457+0000] {logging_mixin.py:190} INFO - [2026-08-12T05:05:17.457+0000] {dag.py:4138} INFO - Setting next_dagrun for tutorial_taskflow_api_virtualenv to None, run_after=None
[2026-08-12T05:05:17.481+0000] {processor.py:208} INFO - Processing /home/airflow/.local/lib/python3.12/site-packages/airflow/example_dags/tutorial_taskflow_api_virtualenv.py took 0.126 seconds
[2026-08-12T05:05:47.983+0000] {processor.py:186} INFO - Started process (PID=4112) to work on /home/airflow/.local/lib/python3.12/site-packages/airflow/example_dags/tutorial_taskflow_api_virtualenv.py
[2026-08-12T05:05:47.986+0000] {processor.py:914} INFO - Processing file /home/airflow/.local/lib/python3.12/site-packages/airflow/example_dags/tutorial_taskflow_api_virtualenv.py for tasks to queue
[2026-08-12T05:05:47.989+0000] {logging_mixin.py:190} INFO - [2026-08-12T05:05:47.989+0000] {dagbag.py:587} INFO - Filling up the DagBag from /home/airflow/.local/lib/python3.12/site-packages/airflow/example_dags/tutorial_taskflow_api_virtualenv.py
[2026-08-12T05:05:48.005+0000] {processor.py:925} INFO - DAG(s) 'tutorial_taskflow_api_virtualenv' retrieved from /home/airflow/.local/lib/python3.12/site-packages/airflow/example_dags/tutorial_taskflow_api_virtualenv.py
[2026-08-12T05:05:48.029+0000] {logging_mixin.py:190} INFO - [2026-08-12T05:05:48.028+0000] {dag.py:3211} INFO - Sync 1 DAGs
[2026-08-12T05:05:48.045+0000] {logging_mixin.py:190} INFO - [2026-08-12T05:05:48.044+0000] {dag.py:4138} INFO - Setting next_dagrun for tutorial_taskflow_api_virtualenv to None, run_after=None
[2026-08-12T05:05:48.066+0000] {processor.py:208} INFO - Processing /home/airflow/.local/lib/python3.12/site-packages/airflow/example_dags/tutorial_taskflow_api_virtualenv.py took 0.091 seconds
[2026-08-12T05:06:18.218+0000] {processor.py:186} INFO - Started process (PID=4175) to work on /home/airflow/.local/lib/python3.12/site-packages/airflow/example_dags/tutorial_taskflow_api_virtualenv.py
[2026-08-12T05:06:18.221+0000] {processor.py:914} INFO - Processing file /home/airflow/.local/lib/python3.12/site-packages/airflow/example_dags/tutorial_taskflow_api_virtualenv.py for tasks to queue
[2026-08-12T05:06:18.229+0000] {logging_mixin.py:190} INFO - [2026-08-12T05:06:18.228+0000] {dagbag.py:587} INFO - Filling up the DagBag from /home/airflow/.local/lib/python3.12/site-packages/airflow/example_dags/tutorial_taskflow_api_virtualenv.py
[2026-08-12T05:06:18.251+0000] {processor.py:925} INFO - DAG(s) 'tutorial_taskflow_api_virtualenv' retrieved from /home/airflow/.local/lib/python3.12/site-packages/airflow/example_dags/tutorial_taskflow_api_virtualenv.py
[2026-08-12T05:06:18.277+0000] {logging_mixin.py:190} INFO - [2026-08-12T05:06:18.277+0000] {dag.py:3211} INFO - Sync 1 DAGs
[2026-08-12T05:06:18.293+0000] {logging_mixin.py:190} INFO - [2026-08-12T05:06:18.292+0000] {dag.py:4138} INFO - Setting next_dagrun for tutorial_taskflow_api_virtualenv to None, run_after=None
[2026-08-12T05:06:18.317+0000] {processor.py:208} INFO - Processing /home/airflow/.local/lib/python3.12/site-packages/airflow/example_dags/tutorial_taskflow_api_virtualenv.py took 0.112 seconds
[2026-08-12T05:06:49.138+0000] {processor.py:186} INFO - Started process (PID=4238) to work on /home/airflow/.local/lib/python3.12/site-packages/airflow/example_dags/tutorial_taskflow_api_virtualenv.py
[2026-08-12T05:06:49.140+0000] {processor.py:914} INFO - Processing file /home/airflow/.local/lib/python3.12/site-packages/airflow/example_dags/tutorial_taskflow_api_virtualenv.py for tasks to queue
[2026-08-12T05:06:49.144+0000] {logging_mixin.py:190} INFO - [2026-08-12T05:06:49.144+0000] {dagbag.py:587} INFO - Filling up the DagBag from /home/airflow/.local/lib/python3.12/site-packages/airflow/example_dags/tutorial_taskflow_api_virtualenv.py
[2026-08-12T05:06:49.163+0000] {processor.py:925} INFO - DAG(s) 'tutorial_taskflow_api_virtualenv' retrieved from /home/airflow/.local/lib/python3.12/site-packages/airflow/example_dags/tutorial_taskflow_api_virtualenv.py
[2026-08-12T05:06:49.191+0000] {logging_mixin.py:190} INFO - [2026-08-12T05:06:49.191+0000] {dag.py:3211} INFO - Sync 1 DAGs
[2026-08-12T05:06:49.207+0000] {logging_mixin.py:190} INFO - [2026-08-12T05:06:49.207+0000] {dag.py:4138} INFO - Setting next_dagrun for tutorial_taskflow_api_virtualenv to None, run_after=None
[2026-08-12T05:06:49.231+0000] {processor.py:208} INFO - Processing /home/airflow/.local/lib/python3.12/site-packages/airflow/example_dags/tutorial_taskflow_api_virtualenv.py took 0.100 seconds
[2026-08-12T05:07:19.378+0000] {processor.py:186} INFO - Started process (PID=4301) to work on /home/airflow/.local/lib/python3.12/site-packages/airflow/example_dags/tutorial_taskflow_api_virtualenv.py
[2026-08-12T05:07:19.380+0000] {processor.py:914} INFO - Processing file /home/airflow/.local/lib/python3.12/site-packages/airflow/example_dags/tutorial_taskflow_api_virtualenv.py for tasks to queue
[2026-08-12T05:07:19.384+0000] {logging_mixin.py:190} INFO - [2026-08-12T05:07:19.383+0000] {dagbag.py:587} INFO - Filling up the DagBag from /home/airflow/.local/lib/python3.12/site-packages/airflow/example_dags/tutorial_taskflow_api_virtualenv.py
[2026-08-12T05:07:19.400+0000] {processor.py:925} INFO - DAG(s) 'tutorial_taskflow_api_virtualenv' retrieved from /home/airflow/.local/lib/python3.12/site-packages/airflow/example_dags/tutorial_taskflow_api_virtualenv.py
[2026-08-12T05:07:19.423+0000] {logging_mixin.py:190} INFO - [2026-08-12T05:07:19.423+0000] {dag.py:3211} INFO - Sync 1 DAGs
[2026-08-12T05:07:19.438+0000] {logging_mixin.py:190} INFO - [2026-08-12T05:07:19.438+0000] {dag.py:4138} INFO - Setting next_dagrun for tutorial_taskflow_api_virtualenv to None, run_after=None
[2026-08-12T05:07:19.460+0000] {processor.py:208} INFO - Processing /home/airflow/.local/lib/python3.12/site-packages/airflow/example_dags/tutorial_taskflow_api_virtualenv.py took 0.089 seconds
[2026-08-12T05:07:50.244+0000] {processor.py:186} INFO - Started process (PID=4364) to work on /home/airflow/.local/lib/python3.12/site-packages/airflow/example_dags/tutorial_taskflow_api_virtualenv.py
[2026-08-12T05:07:50.247+0000] {processor.py:914} INFO - Processing file /home/airflow/.local/lib/python3.12/site-packages/airflow/example_dags/tutorial_taskflow_api_virtualenv.py for tasks to queue
[2026-08-12T05:07:50.252+0000] {logging_mixin.py:190} INFO - [2026-08-12T05:07:50.252+0000] {dagbag.py:587} INFO - Filling up the DagBag from /home/airflow/.local/lib/python3.12/site-packages/airflow/example_dags/tutorial_taskflow_api_virtualenv.py
[2026-08-12T05:07:50.268+0000] {processor.py:925} INFO - DAG(s) 'tutorial_taskflow_api_virtualenv' retrieved from /home/airflow/.local/lib/python3.12/site-packages/airflow/example_dags/tutorial_taskflow_api_virtualenv.py
[2026-08-12T05:07:50.294+0000] {logging_mixin.py:190} INFO - [2026-08-12T05:07:50.294+0000] {dag.py:3211} INFO - Sync 1 DAGs
[2026-08-12T05:07:50.311+0000] {logging_mixin.py:190} INFO - [2026-08-12T05:07:50.311+0000] {dag.py:4138} INFO - Setting next_dagrun for tutorial_taskflow_api_virtualenv to None, run_after=None
[2026-08-12T05:07:50.338+0000] {processor.py:208} INFO - Processing /home/airflow/.local/lib/python3.12/site-packages/airflow/example_dags/tutorial_taskflow_api_virtualenv.py took 0.104 seconds
[2026-08-12T05:08:20.420+0000] {processor.py:186} INFO - Started process (PID=4427) to work on /home/airflow/.local/lib/python3.12/site-packages/airflow/example_dags/tutorial_taskflow_api_virtualenv.py
[2026-08-12T05:08:20.423+0000] {processor.py:914} INFO - Processing file /home/airflow/.local/lib/python3.12/site-packages/airflow/example_dags/tutorial_taskflow_api_virtualenv.py for tasks to queue
[2026-08-12T05:08:20.429+0000] {logging_mixin.py:190} INFO - [2026-08-12T05:08:20.427+0000] {dagbag.py:587} INFO - Filling up the DagBag from /home/airflow/.local/lib/python3.12/site-packages/airflow/example_dags/tutorial_taskflow_api_virtualenv.py
[2026-08-12T05:08:20.444+0000] {processor.py:925} INFO - DAG(s) 'tutorial_taskflow_api_virtualenv' retrieved from /home/airflow/.local/lib/python3.12/site-packages/airflow/example_dags/tutorial_taskflow_api_virtualenv.py
[2026-08-12T05:08:20.480+0000] {logging_mixin.py:190} INFO - [2026-08-12T05:08:20.479+0000] {dag.py:3211} INFO - Sync 1 DAGs
[2026-08-12T05:08:20.501+0000] {logging_mixin.py:190} INFO - [2026-08-12T05:08:20.501+0000] {dag.py:4138} INFO - Setting next_dagrun for tutorial_taskflow_api_virtualenv to None, run_after=None
[2026-08-12T05:08:20.531+0000] {processor.py:208} INFO - Processing /home/airflow/.local/lib/python3.12/site-packages/airflow/example_dags/tutorial_taskflow_api_virtualenv.py took 0.120 seconds
[2026-08-12T05:08:50.762+0000] {processor.py:186} INFO - Started process (PID=4490) to work on /home/airflow/.local/lib/python3.12/site-packages/airflow/example_dags/tutorial_taskflow_api_virtualenv.py
[2026-08-12T05:08:50.764+0000] {processor.py:914} INFO - Processing file /home/airflow/.local/lib/python3.12/site-packages/airflow/example_dags/tutorial_taskflow_api_virtualenv.py for tasks to queue
[2026-08-12T05:08:50.774+0000] {logging_mixin.py:190} INFO - [2026-08-12T05:08:50.772+0000] {dagbag.py:587} INFO - Filling up the DagBag from /home/airflow/.local/lib/python3.12/site-packages/airflow/example_dags/tutorial_taskflow_api_virtualenv.py
[2026-08-12T05:08:50.797+0000] {processor.py:925} INFO - DAG(s) 'tutorial_taskflow_api_virtualenv' retrieved from /home/airflow/.local/lib/python3.12/site-packages/airflow/example_dags/tutorial_taskflow_api_virtualenv.py
[2026-08-12T05:08:50.829+0000] {logging_mixin.py:190} INFO - [2026-08-12T05:08:50.828+0000] {dag.py:3211} INFO - Sync 1 DAGs
[2026-08-12T05:08:50.851+0000] {logging_mixin.py:190} INFO - [2026-08-12T05:08:50.851+0000] {dag.py:4138} INFO - Setting next_dagrun for tutorial_taskflow_api_virtualenv to None, run_after=None
[2026-08-12T05:08:50.878+0000] {processor.py:208} INFO - Processing /home/airflow/.local/lib/python3.12/site-packages/airflow/example_dags/tutorial_taskflow_api_virtualenv.py took 0.124 seconds
[2026-08-12T05:09:21.257+0000] {processor.py:186} INFO - Started process (PID=4553) to work on /home/airflow/.local/lib/python3.12/site-packages/airflow/example_dags/tutorial_taskflow_api_virtualenv.py
[2026-08-12T05:09:21.260+0000] {processor.py:914} INFO - Processing file /home/airflow/.local/lib/python3.12/site-packages/airflow/example_dags/tutorial_taskflow_api_virtualenv.py for tasks to queue
[2026-08-12T05:09:21.264+0000] {logging_mixin.py:190} INFO - [2026-08-12T05:09:21.263+0000] {dagbag.py:587} INFO - Filling up the DagBag from /home/airflow/.local/lib/python3.12/site-packages/airflow/example_dags/tutorial_taskflow_api_virtualenv.py
[2026-08-12T05:09:21.279+0000] {processor.py:925} INFO - DAG(s) 'tutorial_taskflow_api_virtualenv' retrieved from /home/airflow/.local/lib/python3.12/site-packages/airflow/example_dags/tutorial_taskflow_api_virtualenv.py
[2026-08-12T05:09:21.302+0000] {logging_mixin.py:190} INFO - [2026-08-12T05:09:21.302+0000] {dag.py:3211} INFO - Sync 1 DAGs
[2026-08-12T05:09:21.318+0000] {logging_mixin.py:190} INFO - [2026-08-12T05:09:21.317+0000] {dag.py:4138} INFO - Setting next_dagrun for tutorial_taskflow_api_virtualenv to None, run_after=None
[2026-08-12T05:09:21.341+0000] {processor.py:208} INFO - Processing /home/airflow/.local/lib/python3.12/site-packages/airflow/example_dags/tutorial_taskflow_api_virtualenv.py took 0.091 seconds
[2026-08-12T05:09:51.896+0000] {processor.py:186} INFO - Started process (PID=4616) to work on /home/airflow/.local/lib/python3.12/site-packages/airflow/example_dags/tutorial_taskflow_api_virtualenv.py
[2026-08-12T05:09:51.899+0000] {processor.py:914} INFO - Processing file /home/airflow/.local/lib/python3.12/site-packages/airflow/example_dags/tutorial_taskflow_api_virtualenv.py for tasks to queue
[2026-08-12T05:09:51.904+0000] {logging_mixin.py:190} INFO - [2026-08-12T05:09:51.903+0000] {dagbag.py:587} INFO - Filling up the DagBag from /home/airflow/.local/lib/python3.12/site-packages/airflow/example_dags/tutorial_taskflow_api_virtualenv.py
[2026-08-12T05:09:51.927+0000] {processor.py:925} INFO - DAG(s) 'tutorial_taskflow_api_virtualenv' retrieved from /home/airflow/.local/lib/python3.12/site-packages/airflow/example_dags/tutorial_taskflow_api_virtualenv.py
[2026-08-12T05:09:51.955+0000] {logging_mixin.py:190} INFO - [2026-08-12T05:09:51.955+0000] {dag.py:3211} INFO - Sync 1 DAGs
[2026-08-12T05:09:51.975+0000] {logging_mixin.py:190} INFO - [2026-08-12T05:09:51.975+0000] {dag.py:4138} INFO - Setting next_dagrun for tutorial_taskflow_api_virtualenv to None, run_after=None
[2026-08-12T05:09:52.006+0000] {processor.py:208} INFO - Processing /home/airflow/.local/lib/python3.12/site-packages/airflow/example_dags/tutorial_taskflow_api_virtualenv.py took 0.117 seconds
[2026-08-12T05:10:22.311+0000] {processor.py:186} INFO - Started process (PID=4679) to work on /home/airflow/.local/lib/python3.12/site-packages/airflow/example_dags/tutorial_taskflow_api_virtualenv.py
[2026-08-12T05:10:22.314+0000] {processor.py:914} INFO - Processing file /home/airflow/.local/lib/python3.12/site-packages/airflow/example_dags/tutorial_taskflow_api_virtualenv.py for tasks to queue
[2026-08-12T05:10:22.319+0000] {logging_mixin.py:190} INFO - [2026-08-12T05:10:22.318+0000] {dagbag.py:587} INFO - Filling up the DagBag from /home/airflow/.local/lib/python3.12/site-packages/airflow/example_dags/tutorial_taskflow_api_virtualenv.py
[2026-08-12T05:10:22.335+0000] {processor.py:925} INFO - DAG(s) 'tutorial_taskflow_api_virtualenv' retrieved from /home/airflow/.local/lib/python3.12/site-packages/airflow/example_dags/tutorial_taskflow_api_virtualenv.py
[2026-08-12T05:10:22.362+0000] {logging_mixin.py:190} INFO - [2026-08-12T05:10:22.362+0000] {dag.py:3211} INFO - Sync 1 DAGs
[2026-08-12T05:10:22.379+0000] {logging_mixin.py:190} INFO - [2026-08-12T05:10:22.379+0000] {dag.py:4138} INFO - Setting next_dagrun for tutorial_taskflow_api_virtualenv to None, run_after=None
[2026-08-12T05:10:22.402+0000] {processor.py:208} INFO - Processing /home/airflow/.local/lib/python3.12/site-packages/airflow/example_dags/tutorial_taskflow_api_virtualenv.py took 0.101 seconds
[2026-08-12T05:10:53.112+0000] {processor.py:186} INFO - Started process (PID=4742) to work on /home/airflow/.local/lib/python3.12/site-packages/airflow/example_dags/tutorial_taskflow_api_virtualenv.py
[2026-08-12T05:10:53.116+0000] {processor.py:914} INFO - Processing file /home/airflow/.local/lib/python3.12/site-packages/airflow/example_dags/tutorial_taskflow_api_virtualenv.py for tasks to queue
[2026-08-12T05:10:53.120+0000] {logging_mixin.py:190} INFO - [2026-08-12T05:10:53.119+0000] {dagbag.py:587} INFO - Filling up the DagBag from /home/airflow/.local/lib/python3.12/site-packages/airflow/example_dags/tutorial_taskflow_api_virtualenv.py
[2026-08-12T05:10:53.143+0000] {processor.py:925} INFO - DAG(s) 'tutorial_taskflow_api_virtualenv' retrieved from /home/airflow/.local/lib/python3.12/site-packages/airflow/example_dags/tutorial_taskflow_api_virtualenv.py
[2026-08-12T05:10:53.190+0000] {logging_mixin.py:190} INFO - [2026-08-12T05:10:53.190+0000] {dag.py:3211} INFO - Sync 1 DAGs
[2026-08-12T05:10:53.214+0000] {logging_mixin.py:190} INFO - [2026-08-12T05:10:53.213+0000] {dag.py:4138} INFO - Setting next_dagrun for tutorial_taskflow_api_virtualenv to None, run_after=None
[2026-08-12T05:10:53.245+0000] {processor.py:208} INFO - Processing /home/airflow/.local/lib/python3.12/site-packages/airflow/example_dags/tutorial_taskflow_api_virtualenv.py took 0.140 seconds
[2026-08-12T05:11:23.705+0000] {processor.py:186} INFO - Started process (PID=4805) to work on /home/airflow/.local/lib/python3.12/site-packages/airflow/example_dags/tutorial_taskflow_api_virtualenv.py
[2026-08-12T05:11:23.708+0000] {processor.py:914} INFO - Processing file /home/airflow/.local/lib/python3.12/site-packages/airflow/example_dags/tutorial_taskflow_api_virtualenv.py for tasks to queue
[2026-08-12T05:11:23.712+0000] {logging_mixin.py:190} INFO - [2026-08-12T05:11:23.712+0000] {dagbag.py:587} INFO - Filling up the DagBag from /home/airflow/.local/lib/python3.12/site-packages/airflow/example_dags/tutorial_taskflow_api_virtualenv.py
[2026-08-12T05:11:23.728+0000] {processor.py:925} INFO - DAG(s) 'tutorial_taskflow_api_virtualenv' retrieved from /home/airflow/.local/lib/python3.12/site-packages/airflow/example_dags/tutorial_taskflow_api_virtualenv.py
[2026-08-12T05:11:23.760+0000] {logging_mixin.py:190} INFO - [2026-08-12T05:11:23.759+0000] {dag.py:3211} INFO - Sync 1 DAGs
[2026-08-12T05:11:23.783+0000] {logging_mixin.py:190} INFO - [2026-08-12T05:11:23.782+0000] {dag.py:4138} INFO - Setting next_dagrun for tutorial_taskflow_api_virtualenv to None, run_after=None
[2026-08-12T05:11:23.809+0000] {processor.py:208} INFO - Processing /home/airflow/.local/lib/python3.12/site-packages/airflow/example_dags/tutorial_taskflow_api_virtualenv.py took 0.111 seconds
[2026-08-12T05:11:55.104+0000] {processor.py:186} INFO - Started process (PID=4868) to work on /home/airflow/.local/lib/python3.12/site-packages/airflow/example_dags/tutorial_taskflow_api_virtualenv.py
[2026-08-12T05:11:55.108+0000] {processor.py:914} INFO - Processing file /home/airflow/.local/lib/python3.12/site-packages/airflow/example_dags/tutorial_taskflow_api_virtualenv.py for tasks to queue
[2026-08-12T05:11:55.113+0000] {logging_mixin.py:190} INFO - [2026-08-12T05:11:55.112+0000] {dagbag.py:587} INFO - Filling up the DagBag from /home/airflow/.local/lib/python3.12/site-packages/airflow/example_dags/tutorial_taskflow_api_virtualenv.py
[2026-08-12T05:11:55.132+0000] {processor.py:925} INFO - DAG(s) 'tutorial_taskflow_api_virtualenv' retrieved from /home/airflow/.local/lib/python3.12/site-packages/airflow/example_dags/tutorial_taskflow_api_virtualenv.py
[2026-08-12T05:11:55.157+0000] {logging_mixin.py:190} INFO - [2026-08-12T05:11:55.157+0000] {dag.py:3211} INFO - Sync 1 DAGs
[2026-08-12T05:11:55.172+0000] {logging_mixin.py:190} INFO - [2026-08-12T05:11:55.172+0000] {dag.py:4138} INFO - Setting next_dagrun for tutorial_taskflow_api_virtualenv to None, run_after=None
[2026-08-12T05:11:55.204+0000] {processor.py:208} INFO - Processing /home/airflow/.local/lib/python3.12/site-packages/airflow/example_dags/tutorial_taskflow_api_virtualenv.py took 0.105 seconds
[2026-08-12T05:12:25.480+0000] {processor.py:186} INFO - Started process (PID=4931) to work on /home/airflow/.local/lib/python3.12/site-packages/airflow/example_dags/tutorial_taskflow_api_virtualenv.py
[2026-08-12T05:12:25.485+0000] {processor.py:914} INFO - Processing file /home/airflow/.local/lib/python3.12/site-packages/airflow/example_dags/tutorial_taskflow_api_virtualenv.py for tasks to queue
[2026-08-12T05:12:25.492+0000] {logging_mixin.py:190} INFO - [2026-08-12T05:12:25.491+0000] {dagbag.py:587} INFO - Filling up the DagBag from /home/airflow/.local/lib/python3.12/site-packages/airflow/example_dags/tutorial_taskflow_api_virtualenv.py
[2026-08-12T05:12:25.516+0000] {processor.py:925} INFO - DAG(s) 'tutorial_taskflow_api_virtualenv' retrieved from /home/airflow/.local/lib/python3.12/site-packages/airflow/example_dags/tutorial_taskflow_api_virtualenv.py
[2026-08-12T05:12:25.543+0000] {logging_mixin.py:190} INFO - [2026-08-12T05:12:25.543+0000] {dag.py:3211} INFO - Sync 1 DAGs
[2026-08-12T05:12:25.560+0000] {logging_mixin.py:190} INFO - [2026-08-12T05:12:25.559+0000] {dag.py:4138} INFO - Setting next_dagrun for tutorial_taskflow_api_virtualenv to None, run_after=None
[2026-08-12T05:12:25.584+0000] {processor.py:208} INFO - Processing /home/airflow/.local/lib/python3.12/site-packages/airflow/example_dags/tutorial_taskflow_api_virtualenv.py took 0.121 seconds
[2026-08-12T05:12:56.674+0000] {processor.py:186} INFO - Started process (PID=4994) to work on /home/airflow/.local/lib/python3.12/site-packages/airflow/example_dags/tutorial_taskflow_api_virtualenv.py
[2026-08-12T05:12:56.678+0000] {processor.py:914} INFO - Processing file /home/airflow/.local/lib/python3.12/site-packages/airflow/example_dags/tutorial_taskflow_api_virtualenv.py for tasks to queue
[2026-08-12T05:12:56.683+0000] {logging_mixin.py:190} INFO - [2026-08-12T05:12:56.682+0000] {dagbag.py:587} INFO - Filling up the DagBag from /home/airflow/.local/lib/python3.12/site-packages/airflow/example_dags/tutorial_taskflow_api_virtualenv.py
[2026-08-12T05:12:56.699+0000] {processor.py:925} INFO - DAG(s) 'tutorial_taskflow_api_virtualenv' retrieved from /home/airflow/.local/lib/python3.12/site-packages/airflow/example_dags/tutorial_taskflow_api_virtualenv.py
[2026-08-12T05:12:56.722+0000] {logging_mixin.py:190} INFO - [2026-08-12T05:12:56.721+0000] {dag.py:3211} INFO - Sync 1 DAGs
[2026-08-12T05:12:56.737+0000] {logging_mixin.py:190} INFO - [2026-08-12T05:12:56.737+0000] {dag.py:4138} INFO - Setting next_dagrun for tutorial_taskflow_api_virtualenv to None, run_after=None
[2026-08-12T05:12:56.758+0000] {processor.py:208} INFO - Processing /home/airflow/.local/lib/python3.12/site-packages/airflow/example_dags/tutorial_taskflow_api_virtualenv.py took 0.092 seconds
[2026-08-12T05:13:27.076+0000] {processor.py:186} INFO - Started process (PID=5057) to work on /home/airflow/.local/lib/python3.12/site-packages/airflow/example_dags/tutorial_taskflow_api_virtualenv.py
[2026-08-12T05:13:27.078+0000] {processor.py:914} INFO - Processing file /home/airflow/.local/lib/python3.12/site-packages/airflow/example_dags/tutorial_taskflow_api_virtualenv.py for tasks to queue
[2026-08-12T05:13:27.083+0000] {logging_mixin.py:190} INFO - [2026-08-12T05:13:27.082+0000] {dagbag.py:587} INFO - Filling up the DagBag from /home/airflow/.local/lib/python3.12/site-packages/airflow/example_dags/tutorial_taskflow_api_virtualenv.py
[2026-08-12T05:13:27.100+0000] {processor.py:925} INFO - DAG(s) 'tutorial_taskflow_api_virtualenv' retrieved from /home/airflow/.local/lib/python3.12/site-packages/airflow/example_dags/tutorial_taskflow_api_virtualenv.py
[2026-08-12T05:13:27.125+0000] {logging_mixin.py:190} INFO - [2026-08-12T05:13:27.125+0000] {dag.py:3211} INFO - Sync 1 DAGs
[2026-08-12T05:13:27.142+0000] {logging_mixin.py:190} INFO - [2026-08-12T05:13:27.141+0000] {dag.py:4138} INFO - Setting next_dagrun for tutorial_taskflow_api_virtualenv to None, run_after=None
[2026-08-12T05:13:27.168+0000] {processor.py:208} INFO - Processing /home/airflow/.local/lib/python3.12/site-packages/airflow/example_dags/tutorial_taskflow_api_virtualenv.py took 0.098 seconds
[2026-08-12T05:13:58.093+0000] {processor.py:186} INFO - Started process (PID=5120) to work on /home/airflow/.local/lib/python3.12/site-packages/airflow/example_dags/tutorial_taskflow_api_virtualenv.py
[2026-08-12T05:13:58.096+0000] {processor.py:914} INFO - Processing file /home/airflow/.local/lib/python3.12/site-packages/airflow/example_dags/tutorial_taskflow_api_virtualenv.py for tasks to queue
[2026-08-12T05:13:58.100+0000] {logging_mixin.py:190} INFO - [2026-08-12T05:13:58.100+0000] {dagbag.py:587} INFO - Filling up the DagBag from /home/airflow/.local/lib/python3.12/site-packages/airflow/example_dags/tutorial_taskflow_api_virtualenv.py
[2026-08-12T05:13:58.119+0000] {processor.py:925} INFO - DAG(s) 'tutorial_taskflow_api_virtualenv' retrieved from /home/airflow/.local/lib/python3.12/site-packages/airflow/example_dags/tutorial_taskflow_api_virtualenv.py
[2026-08-12T05:13:58.144+0000] {logging_mixin.py:190} INFO - [2026-08-12T05:13:58.143+0000] {dag.py:3211} INFO - Sync 1 DAGs
[2026-08-12T05:13:58.162+0000] {logging_mixin.py:190} INFO - [2026-08-12T05:13:58.161+0000] {dag.py:4138} INFO - Setting next_dagrun for tutorial_taskflow_api_virtualenv to None, run_after=None
[2026-08-12T05:13:58.193+0000] {processor.py:208} INFO - Processing /home/airflow/.local/lib/python3.12/site-packages/airflow/example_dags/tutorial_taskflow_api_virtualenv.py took 0.106 seconds
[2026-08-12T05:14:28.706+0000] {processor.py:186} INFO - Started process (PID=5183) to work on /home/airflow/.local/lib/python3.12/site-packages/airflow/example_dags/tutorial_taskflow_api_virtualenv.py
[2026-08-12T05:14:28.708+0000] {processor.py:914} INFO - Processing file /home/airflow/.local/lib/python3.12/site-packages/airflow/example_dags/tutorial_taskflow_api_virtualenv.py for tasks to queue
[2026-08-12T05:14:28.714+0000] {logging_mixin.py:190} INFO - [2026-08-12T05:14:28.713+0000] {dagbag.py:587} INFO - Filling up the DagBag from /home/airflow/.local/lib/python3.12/site-packages/airflow/example_dags/tutorial_taskflow_api_virtualenv.py
[2026-08-12T05:14:28.737+0000] {processor.py:925} INFO - DAG(s) 'tutorial_taskflow_api_virtualenv' retrieved from /home/airflow/.local/lib/python3.12/site-packages/airflow/example_dags/tutorial_taskflow_api_virtualenv.py
[2026-08-12T05:14:28.766+0000] {logging_mixin.py:190} INFO - [2026-08-12T05:14:28.766+0000] {dag.py:3211} INFO - Sync 1 DAGs
[2026-08-12T05:14:28.790+0000] {logging_mixin.py:190} INFO - [2026-08-12T05:14:28.790+0000] {dag.py:4138} INFO - Setting next_dagrun for tutorial_taskflow_api_virtualenv to None, run_after=None
[2026-08-12T05:14:28.820+0000] {processor.py:208} INFO - Processing /home/airflow/.local/lib/python3.12/site-packages/airflow/example_dags/tutorial_taskflow_api_virtualenv.py took 0.121 seconds
[2026-08-12T05:14:59.671+0000] {processor.py:186} INFO - Started process (PID=5252) to work on /home/airflow/.local/lib/python3.12/site-packages/airflow/example_dags/tutorial_taskflow_api_virtualenv.py
[2026-08-12T05:14:59.673+0000] {processor.py:914} INFO - Processing file /home/airflow/.local/lib/python3.12/site-packages/airflow/example_dags/tutorial_taskflow_api_virtualenv.py for tasks to queue
[2026-08-12T05:14:59.677+0000] {logging_mixin.py:190} INFO - [2026-08-12T05:14:59.676+0000] {dagbag.py:587} INFO - Filling up the DagBag from /home/airflow/.local/lib/python3.12/site-packages/airflow/example_dags/tutorial_taskflow_api_virtualenv.py
[2026-08-12T05:14:59.695+0000] {processor.py:925} INFO - DAG(s) 'tutorial_taskflow_api_virtualenv' retrieved from /home/airflow/.local/lib/python3.12/site-packages/airflow/example_dags/tutorial_taskflow_api_virtualenv.py
[2026-08-12T05:14:59.724+0000] {logging_mixin.py:190} INFO - [2026-08-12T05:14:59.723+0000] {dag.py:3211} INFO - Sync 1 DAGs
[2026-08-12T05:14:59.742+0000] {logging_mixin.py:190} INFO - [2026-08-12T05:14:59.741+0000] {dag.py:4138} INFO - Setting next_dagrun for tutorial_taskflow_api_virtualenv to None, run_after=None
[2026-08-12T05:14:59.765+0000] {processor.py:208} INFO - Processing /home/airflow/.local/lib/python3.12/site-packages/airflow/example_dags/tutorial_taskflow_api_virtualenv.py took 0.100 seconds
[2026-08-12T05:15:30.218+0000] {processor.py:186} INFO - Started process (PID=5315) to work on /home/airflow/.local/lib/python3.12/site-packages/airflow/example_dags/tutorial_taskflow_api_virtualenv.py
[2026-08-12T05:15:30.221+0000] {processor.py:914} INFO - Processing file /home/airflow/.local/lib/python3.12/site-packages/airflow/example_dags/tutorial_taskflow_api_virtualenv.py for tasks to queue
[2026-08-12T05:15:30.225+0000] {logging_mixin.py:190} INFO - [2026-08-12T05:15:30.224+0000] {dagbag.py:587} INFO - Filling up the DagBag from /home/airflow/.local/lib/python3.12/site-packages/airflow/example_dags/tutorial_taskflow_api_virtualenv.py
[2026-08-12T05:15:30.239+0000] {processor.py:925} INFO - DAG(s) 'tutorial_taskflow_api_virtualenv' retrieved from /home/airflow/.local/lib/python3.12/site-packages/airflow/example_dags/tutorial_taskflow_api_virtualenv.py
[2026-08-12T05:15:30.261+0000] {logging_mixin.py:190} INFO - [2026-08-12T05:15:30.260+0000] {dag.py:3211} INFO - Sync 1 DAGs
[2026-08-12T05:15:30.277+0000] {logging_mixin.py:190} INFO - [2026-08-12T05:15:30.276+0000] {dag.py:4138} INFO - Setting next_dagrun for tutorial_taskflow_api_virtualenv to None, run_after=None
[2026-08-12T05:15:30.298+0000] {processor.py:208} INFO - Processing /home/airflow/.local/lib/python3.12/site-packages/airflow/example_dags/tutorial_taskflow_api_virtualenv.py took 0.086 seconds
[2026-08-12T05:16:00.891+0000] {processor.py:186} INFO - Started process (PID=5378) to work on /home/airflow/.local/lib/python3.12/site-packages/airflow/example_dags/tutorial_taskflow_api_virtualenv.py
[2026-08-12T05:16:00.894+0000] {processor.py:914} INFO - Processing file /home/airflow/.local/lib/python3.12/site-packages/airflow/example_dags/tutorial_taskflow_api_virtualenv.py for tasks to queue
[2026-08-12T05:16:00.898+0000] {logging_mixin.py:190} INFO - [2026-08-12T05:16:00.898+0000] {dagbag.py:587} INFO - Filling up the DagBag from /home/airflow/.local/lib/python3.12/site-packages/airflow/example_dags/tutorial_taskflow_api_virtualenv.py
[2026-08-12T05:16:00.915+0000] {processor.py:925} INFO - DAG(s) 'tutorial_taskflow_api_virtualenv' retrieved from /home/airflow/.local/lib/python3.12/site-packages/airflow/example_dags/tutorial_taskflow_api_virtualenv.py
[2026-08-12T05:16:00.938+0000] {logging_mixin.py:190} INFO - [2026-08-12T05:16:00.937+0000] {dag.py:3211} INFO - Sync 1 DAGs
[2026-08-12T05:16:00.955+0000] {logging_mixin.py:190} INFO - [2026-08-12T05:16:00.955+0000] {dag.py:4138} INFO - Setting next_dagrun for tutorial_taskflow_api_virtualenv to None, run_after=None
[2026-08-12T05:16:00.979+0000] {processor.py:208} INFO - Processing /home/airflow/.local/lib/python3.12/site-packages/airflow/example_dags/tutorial_taskflow_api_virtualenv.py took 0.096 seconds
[2026-08-12T05:16:31.231+0000] {processor.py:186} INFO - Started process (PID=5441) to work on /home/airflow/.local/lib/python3.12/site-packages/airflow/example_dags/tutorial_taskflow_api_virtualenv.py
[2026-08-12T05:16:31.236+0000] {processor.py:914} INFO - Processing file /home/airflow/.local/lib/python3.12/site-packages/airflow/example_dags/tutorial_taskflow_api_virtualenv.py for tasks to queue
[2026-08-12T05:16:31.241+0000] {logging_mixin.py:190} INFO - [2026-08-12T05:16:31.241+0000] {dagbag.py:587} INFO - Filling up the DagBag from /home/airflow/.local/lib/python3.12/site-packages/airflow/example_dags/tutorial_taskflow_api_virtualenv.py
[2026-08-12T05:16:31.260+0000] {processor.py:925} INFO - DAG(s) 'tutorial_taskflow_api_virtualenv' retrieved from /home/airflow/.local/lib/python3.12/site-packages/airflow/example_dags/tutorial_taskflow_api_virtualenv.py
[2026-08-12T05:16:31.290+0000] {logging_mixin.py:190} INFO - [2026-08-12T05:16:31.289+0000] {dag.py:3211} INFO - Sync 1 DAGs
[2026-08-12T05:16:31.310+0000] {logging_mixin.py:190} INFO - [2026-08-12T05:16:31.310+0000] {dag.py:4138} INFO - Setting next_dagrun for tutorial_taskflow_api_virtualenv to None, run_after=None
[2026-08-12T05:16:31.336+0000] {processor.py:208} INFO - Processing /home/airflow/.local/lib/python3.12/site-packages/airflow/example_dags/tutorial_taskflow_api_virtualenv.py took 0.115 seconds
[2026-08-12T05:17:02.082+0000] {processor.py:186} INFO - Started process (PID=5504) to work on /home/airflow/.local/lib/python3.12/site-packages/airflow/example_dags/tutorial_taskflow_api_virtualenv.py
[2026-08-12T05:17:02.084+0000] {processor.py:914} INFO - Processing file /home/airflow/.local/lib/python3.12/site-packages/airflow/example_dags/tutorial_taskflow_api_virtualenv.py for tasks to queue
[2026-08-12T05:17:02.089+0000] {logging_mixin.py:190} INFO - [2026-08-12T05:17:02.089+0000] {dagbag.py:587} INFO - Filling up the DagBag from /home/airflow/.local/lib/python3.12/site-packages/airflow/example_dags/tutorial_taskflow_api_virtualenv.py
[2026-08-12T05:17:02.105+0000] {processor.py:925} INFO - DAG(s) 'tutorial_taskflow_api_virtualenv' retrieved from /home/airflow/.local/lib/python3.12/site-packages/airflow/example_dags/tutorial_taskflow_api_virtualenv.py
[2026-08-12T05:17:02.130+0000] {logging_mixin.py:190} INFO - [2026-08-12T05:17:02.130+0000] {dag.py:3211} INFO - Sync 1 DAGs
[2026-08-12T05:17:02.145+0000] {logging_mixin.py:190} INFO - [2026-08-12T05:17:02.145+0000] {dag.py:4138} INFO - Setting next_dagrun for tutorial_taskflow_api_virtualenv to None, run_after=None
[2026-08-12T05:17:02.168+0000] {processor.py:208} INFO - Processing /home/airflow/.local/lib/python3.12/site-packages/airflow/example_dags/tutorial_taskflow_api_virtualenv.py took 0.094 seconds
[2026-08-12T05:17:32.546+0000] {processor.py:186} INFO - Started process (PID=5568) to work on /home/airflow/.local/lib/python3.12/site-packages/airflow/example_dags/tutorial_taskflow_api_virtualenv.py
[2026-08-12T05:17:32.548+0000] {processor.py:914} INFO - Processing file /home/airflow/.local/lib/python3.12/site-packages/airflow/example_dags/tutorial_taskflow_api_virtualenv.py for tasks to queue
[2026-08-12T05:17:32.552+0000] {logging_mixin.py:190} INFO - [2026-08-12T05:17:32.552+0000] {dagbag.py:587} INFO - Filling up the DagBag from /home/airflow/.local/lib/python3.12/site-packages/airflow/example_dags/tutorial_taskflow_api_virtualenv.py
[2026-08-12T05:17:32.571+0000] {processor.py:925} INFO - DAG(s) 'tutorial_taskflow_api_virtualenv' retrieved from /home/airflow/.local/lib/python3.12/site-packages/airflow/example_dags/tutorial_taskflow_api_virtualenv.py
[2026-08-12T05:17:32.598+0000] {logging_mixin.py:190} INFO - [2026-08-12T05:17:32.597+0000] {dag.py:3211} INFO - Sync 1 DAGs
[2026-08-12T05:17:32.617+0000] {logging_mixin.py:190} INFO - [2026-08-12T05:17:32.617+0000] {dag.py:4138} INFO - Setting next_dagrun for tutorial_taskflow_api_virtualenv to None, run_after=None
[2026-08-12T05:17:32.643+0000] {processor.py:208} INFO - Processing /home/airflow/.local/lib/python3.12/site-packages/airflow/example_dags/tutorial_taskflow_api_virtualenv.py took 0.106 seconds
[2026-08-12T05:18:03.036+0000] {processor.py:186} INFO - Started process (PID=5631) to work on /home/airflow/.local/lib/python3.12/site-packages/airflow/example_dags/tutorial_taskflow_api_virtualenv.py
[2026-08-12T05:18:03.039+0000] {processor.py:914} INFO - Processing file /home/airflow/.local/lib/python3.12/site-packages/airflow/example_dags/tutorial_taskflow_api_virtualenv.py for tasks to queue
[2026-08-12T05:18:03.042+0000] {logging_mixin.py:190} INFO - [2026-08-12T05:18:03.042+0000] {dagbag.py:587} INFO - Filling up the DagBag from /home/airflow/.local/lib/python3.12/site-packages/airflow/example_dags/tutorial_taskflow_api_virtualenv.py
[2026-08-12T05:18:03.056+0000] {processor.py:925} INFO - DAG(s) 'tutorial_taskflow_api_virtualenv' retrieved from /home/airflow/.local/lib/python3.12/site-packages/airflow/example_dags/tutorial_taskflow_api_virtualenv.py
[2026-08-12T05:18:03.078+0000] {logging_mixin.py:190} INFO - [2026-08-12T05:18:03.078+0000] {dag.py:3211} INFO - Sync 1 DAGs
[2026-08-12T05:18:03.095+0000] {logging_mixin.py:190} INFO - [2026-08-12T05:18:03.095+0000] {dag.py:4138} INFO - Setting next_dagrun for tutorial_taskflow_api_virtualenv to None, run_after=None
[2026-08-12T05:18:03.122+0000] {processor.py:208} INFO - Processing /home/airflow/.local/lib/python3.12/site-packages/airflow/example_dags/tutorial_taskflow_api_virtualenv.py took 0.093 seconds
[2026-08-12T05:18:33.337+0000] {processor.py:186} INFO - Started process (PID=5694) to work on /home/airflow/.local/lib/python3.12/site-packages/airflow/example_dags/tutorial_taskflow_api_virtualenv.py
[2026-08-12T05:18:33.339+0000] {processor.py:914} INFO - Processing file /home/airflow/.local/lib/python3.12/site-packages/airflow/example_dags/tutorial_taskflow_api_virtualenv.py for tasks to queue
[2026-08-12T05:18:33.343+0000] {logging_mixin.py:190} INFO - [2026-08-12T05:18:33.343+0000] {dagbag.py:587} INFO - Filling up the DagBag from /home/airflow/.local/lib/python3.12/site-packages/airflow/example_dags/tutorial_taskflow_api_virtualenv.py
[2026-08-12T05:18:33.360+0000] {processor.py:925} INFO - DAG(s) 'tutorial_taskflow_api_virtualenv' retrieved from /home/airflow/.local/lib/python3.12/site-packages/airflow/example_dags/tutorial_taskflow_api_virtualenv.py
[2026-08-12T05:18:33.386+0000] {logging_mixin.py:190} INFO - [2026-08-12T05:18:33.386+0000] {dag.py:3211} INFO - Sync 1 DAGs
[2026-08-12T05:18:33.408+0000] {logging_mixin.py:190} INFO - [2026-08-12T05:18:33.408+0000] {dag.py:4138} INFO - Setting next_dagrun for tutorial_taskflow_api_virtualenv to None, run_after=None
[2026-08-12T05:18:33.434+0000] {processor.py:208} INFO - Processing /home/airflow/.local/lib/python3.12/site-packages/airflow/example_dags/tutorial_taskflow_api_virtualenv.py took 0.105 seconds
[2026-08-12T05:19:03.991+0000] {processor.py:186} INFO - Started process (PID=5757) to work on /home/airflow/.local/lib/python3.12/site-packages/airflow/example_dags/tutorial_taskflow_api_virtualenv.py
[2026-08-12T05:19:03.995+0000] {processor.py:914} INFO - Processing file /home/airflow/.local/lib/python3.12/site-packages/airflow/example_dags/tutorial_taskflow_api_virtualenv.py for tasks to queue
[2026-08-12T05:19:04.002+0000] {logging_mixin.py:190} INFO - [2026-08-12T05:19:04.002+0000] {dagbag.py:587} INFO - Filling up the DagBag from /home/airflow/.local/lib/python3.12/site-packages/airflow/example_dags/tutorial_taskflow_api_virtualenv.py
[2026-08-12T05:19:04.027+0000] {processor.py:925} INFO - DAG(s) 'tutorial_taskflow_api_virtualenv' retrieved from /home/airflow/.local/lib/python3.12/site-packages/airflow/example_dags/tutorial_taskflow_api_virtualenv.py
[2026-08-12T05:19:04.056+0000] {logging_mixin.py:190} INFO - [2026-08-12T05:19:04.056+0000] {dag.py:3211} INFO - Sync 1 DAGs
[2026-08-12T05:19:04.077+0000] {logging_mixin.py:190} INFO - [2026-08-12T05:19:04.076+0000] {dag.py:4138} INFO - Setting next_dagrun for tutorial_taskflow_api_virtualenv to None, run_after=None
[2026-08-12T05:19:04.103+0000] {processor.py:208} INFO - Processing /home/airflow/.local/lib/python3.12/site-packages/airflow/example_dags/tutorial_taskflow_api_virtualenv.py took 0.124 seconds
[2026-08-12T05:19:34.853+0000] {processor.py:186} INFO - Started process (PID=5820) to work on /home/airflow/.local/lib/python3.12/site-packages/airflow/example_dags/tutorial_taskflow_api_virtualenv.py
[2026-08-12T05:19:34.855+0000] {processor.py:914} INFO - Processing file /home/airflow/.local/lib/python3.12/site-packages/airflow/example_dags/tutorial_taskflow_api_virtualenv.py for tasks to queue
[2026-08-12T05:19:34.859+0000] {logging_mixin.py:190} INFO - [2026-08-12T05:19:34.859+0000] {dagbag.py:587} INFO - Filling up the DagBag from /home/airflow/.local/lib/python3.12/site-packages/airflow/example_dags/tutorial_taskflow_api_virtualenv.py
[2026-08-12T05:19:34.874+0000] {processor.py:925} INFO - DAG(s) 'tutorial_taskflow_api_virtualenv' retrieved from /home/airflow/.local/lib/python3.12/site-packages/airflow/example_dags/tutorial_taskflow_api_virtualenv.py
[2026-08-12T05:19:34.896+0000] {logging_mixin.py:190} INFO - [2026-08-12T05:19:34.896+0000] {dag.py:3211} INFO - Sync 1 DAGs
[2026-08-12T05:19:34.912+0000] {logging_mixin.py:190} INFO - [2026-08-12T05:19:34.912+0000] {dag.py:4138} INFO - Setting next_dagrun for tutorial_taskflow_api_virtualenv to None, run_after=None
[2026-08-12T05:19:34.935+0000] {processor.py:208} INFO - Processing /home/airflow/.local/lib/python3.12/site-packages/airflow/example_dags/tutorial_taskflow_api_virtualenv.py took 0.089 seconds
[2026-08-12T05:20:05.343+0000] {processor.py:186} INFO - Started process (PID=5883) to work on /home/airflow/.local/lib/python3.12/site-packages/airflow/example_dags/tutorial_taskflow_api_virtualenv.py
[2026-08-12T05:20:05.345+0000] {processor.py:914} INFO - Processing file /home/airflow/.local/lib/python3.12/site-packages/airflow/example_dags/tutorial_taskflow_api_virtualenv.py for tasks to queue
[2026-08-12T05:20:05.349+0000] {logging_mixin.py:190} INFO - [2026-08-12T05:20:05.348+0000] {dagbag.py:587} INFO - Filling up the DagBag from /home/airflow/.local/lib/python3.12/site-packages/airflow/example_dags/tutorial_taskflow_api_virtualenv.py
[2026-08-12T05:20:05.366+0000] {processor.py:925} INFO - DAG(s) 'tutorial_taskflow_api_virtualenv' retrieved from /home/airflow/.local/lib/python3.12/site-packages/airflow/example_dags/tutorial_taskflow_api_virtualenv.py
[2026-08-12T05:20:05.393+0000] {logging_mixin.py:190} INFO - [2026-08-12T05:20:05.392+0000] {dag.py:3211} INFO - Sync 1 DAGs
[2026-08-12T05:20:05.407+0000] {logging_mixin.py:190} INFO - [2026-08-12T05:20:05.407+0000] {dag.py:4138} INFO - Setting next_dagrun for tutorial_taskflow_api_virtualenv to None, run_after=None
[2026-08-12T05:20:05.434+0000] {processor.py:208} INFO - Processing /home/airflow/.local/lib/python3.12/site-packages/airflow/example_dags/tutorial_taskflow_api_virtualenv.py took 0.097 seconds
[2026-08-12T05:20:35.898+0000] {processor.py:186} INFO - Started process (PID=5946) to work on /home/airflow/.local/lib/python3.12/site-packages/airflow/example_dags/tutorial_taskflow_api_virtualenv.py
[2026-08-12T05:20:35.901+0000] {processor.py:914} INFO - Processing file /home/airflow/.local/lib/python3.12/site-packages/airflow/example_dags/tutorial_taskflow_api_virtualenv.py for tasks to queue
[2026-08-12T05:20:35.907+0000] {logging_mixin.py:190} INFO - [2026-08-12T05:20:35.906+0000] {dagbag.py:587} INFO - Filling up the DagBag from /home/airflow/.local/lib/python3.12/site-packages/airflow/example_dags/tutorial_taskflow_api_virtualenv.py
[2026-08-12T05:20:35.929+0000] {processor.py:925} INFO - DAG(s) 'tutorial_taskflow_api_virtualenv' retrieved from /home/airflow/.local/lib/python3.12/site-packages/airflow/example_dags/tutorial_taskflow_api_virtualenv.py
[2026-08-12T05:20:35.960+0000] {logging_mixin.py:190} INFO - [2026-08-12T05:20:35.960+0000] {dag.py:3211} INFO - Sync 1 DAGs
[2026-08-12T05:20:35.980+0000] {logging_mixin.py:190} INFO - [2026-08-12T05:20:35.980+0000] {dag.py:4138} INFO - Setting next_dagrun for tutorial_taskflow_api_virtualenv to None, run_after=None
[2026-08-12T05:20:36.005+0000] {processor.py:208} INFO - Processing /home/airflow/.local/lib/python3.12/site-packages/airflow/example_dags/tutorial_taskflow_api_virtualenv.py took 0.115 seconds
[2026-08-12T05:21:06.787+0000] {processor.py:186} INFO - Started process (PID=6009) to work on /home/airflow/.local/lib/python3.12/site-packages/airflow/example_dags/tutorial_taskflow_api_virtualenv.py
[2026-08-12T05:21:06.789+0000] {processor.py:914} INFO - Processing file /home/airflow/.local/lib/python3.12/site-packages/airflow/example_dags/tutorial_taskflow_api_virtualenv.py for tasks to queue
[2026-08-12T05:21:06.792+0000] {logging_mixin.py:190} INFO - [2026-08-12T05:21:06.792+0000] {dagbag.py:587} INFO - Filling up the DagBag from /home/airflow/.local/lib/python3.12/site-packages/airflow/example_dags/tutorial_taskflow_api_virtualenv.py
[2026-08-12T05:21:06.806+0000] {processor.py:925} INFO - DAG(s) 'tutorial_taskflow_api_virtualenv' retrieved from /home/airflow/.local/lib/python3.12/site-packages/airflow/example_dags/tutorial_taskflow_api_virtualenv.py
[2026-08-12T05:21:06.827+0000] {logging_mixin.py:190} INFO - [2026-08-12T05:21:06.827+0000] {dag.py:3211} INFO - Sync 1 DAGs
[2026-08-12T05:21:06.843+0000] {logging_mixin.py:190} INFO - [2026-08-12T05:21:06.843+0000] {dag.py:4138} INFO - Setting next_dagrun for tutorial_taskflow_api_virtualenv to None, run_after=None
[2026-08-12T05:21:06.864+0000] {processor.py:208} INFO - Processing /home/airflow/.local/lib/python3.12/site-packages/airflow/example_dags/tutorial_taskflow_api_virtualenv.py took 0.084 seconds
[2026-08-12T05:21:37.277+0000] {processor.py:186} INFO - Started process (PID=6072) to work on /home/airflow/.local/lib/python3.12/site-packages/airflow/example_dags/tutorial_taskflow_api_virtualenv.py
[2026-08-12T05:21:37.280+0000] {processor.py:914} INFO - Processing file /home/airflow/.local/lib/python3.12/site-packages/airflow/example_dags/tutorial_taskflow_api_virtualenv.py for tasks to queue
[2026-08-12T05:21:37.285+0000] {logging_mixin.py:190} INFO - [2026-08-12T05:21:37.284+0000] {dagbag.py:587} INFO - Filling up the DagBag from /home/airflow/.local/lib/python3.12/site-packages/airflow/example_dags/tutorial_taskflow_api_virtualenv.py
[2026-08-12T05:21:37.300+0000] {processor.py:925} INFO - DAG(s) 'tutorial_taskflow_api_virtualenv' retrieved from /home/airflow/.local/lib/python3.12/site-packages/airflow/example_dags/tutorial_taskflow_api_virtualenv.py
[2026-08-12T05:21:37.327+0000] {logging_mixin.py:190} INFO - [2026-08-12T05:21:37.327+0000] {dag.py:3211} INFO - Sync 1 DAGs
[2026-08-12T05:21:37.346+0000] {logging_mixin.py:190} INFO - [2026-08-12T05:21:37.345+0000] {dag.py:4138} INFO - Setting next_dagrun for tutorial_taskflow_api_virtualenv to None, run_after=None
[2026-08-12T05:21:37.370+0000] {processor.py:208} INFO - Processing /home/airflow/.local/lib/python3.12/site-packages/airflow/example_dags/tutorial_taskflow_api_virtualenv.py took 0.100 seconds
[2026-08-12T05:22:08.042+0000] {processor.py:186} INFO - Started process (PID=6135) to work on /home/airflow/.local/lib/python3.12/site-packages/airflow/example_dags/tutorial_taskflow_api_virtualenv.py
[2026-08-12T05:22:08.044+0000] {processor.py:914} INFO - Processing file /home/airflow/.local/lib/python3.12/site-packages/airflow/example_dags/tutorial_taskflow_api_virtualenv.py for tasks to queue
[2026-08-12T05:22:08.050+0000] {logging_mixin.py:190} INFO - [2026-08-12T05:22:08.050+0000] {dagbag.py:587} INFO - Filling up the DagBag from /home/airflow/.local/lib/python3.12/site-packages/airflow/example_dags/tutorial_taskflow_api_virtualenv.py
[2026-08-12T05:22:08.072+0000] {processor.py:925} INFO - DAG(s) 'tutorial_taskflow_api_virtualenv' retrieved from /home/airflow/.local/lib/python3.12/site-packages/airflow/example_dags/tutorial_taskflow_api_virtualenv.py
[2026-08-12T05:22:08.102+0000] {logging_mixin.py:190} INFO - [2026-08-12T05:22:08.102+0000] {dag.py:3211} INFO - Sync 1 DAGs
[2026-08-12T05:22:08.123+0000] {logging_mixin.py:190} INFO - [2026-08-12T05:22:08.123+0000] {dag.py:4138} INFO - Setting next_dagrun for tutorial_taskflow_api_virtualenv to None, run_after=None
[2026-08-12T05:22:08.152+0000] {processor.py:208} INFO - Processing /home/airflow/.local/lib/python3.12/site-packages/airflow/example_dags/tutorial_taskflow_api_virtualenv.py took 0.119 seconds
[2026-08-12T05:22:38.772+0000] {processor.py:186} INFO - Started process (PID=6198) to work on /home/airflow/.local/lib/python3.12/site-packages/airflow/example_dags/tutorial_taskflow_api_virtualenv.py
[2026-08-12T05:22:38.776+0000] {processor.py:914} INFO - Processing file /home/airflow/.local/lib/python3.12/site-packages/airflow/example_dags/tutorial_taskflow_api_virtualenv.py for tasks to queue
[2026-08-12T05:22:38.782+0000] {logging_mixin.py:190} INFO - [2026-08-12T05:22:38.781+0000] {dagbag.py:587} INFO - Filling up the DagBag from /home/airflow/.local/lib/python3.12/site-packages/airflow/example_dags/tutorial_taskflow_api_virtualenv.py
[2026-08-12T05:22:38.804+0000] {processor.py:925} INFO - DAG(s) 'tutorial_taskflow_api_virtualenv' retrieved from /home/airflow/.local/lib/python3.12/site-packages/airflow/example_dags/tutorial_taskflow_api_virtualenv.py
[2026-08-12T05:22:38.832+0000] {logging_mixin.py:190} INFO - [2026-08-12T05:22:38.832+0000] {dag.py:3211} INFO - Sync 1 DAGs
[2026-08-12T05:22:38.856+0000] {logging_mixin.py:190} INFO - [2026-08-12T05:22:38.855+0000] {dag.py:4138} INFO - Setting next_dagrun for tutorial_taskflow_api_virtualenv to None, run_after=None
[2026-08-12T05:22:38.887+0000] {processor.py:208} INFO - Processing /home/airflow/.local/lib/python3.12/site-packages/airflow/example_dags/tutorial_taskflow_api_virtualenv.py took 0.123 seconds
[2026-08-12T05:23:09.199+0000] {processor.py:186} INFO - Started process (PID=6261) to work on /home/airflow/.local/lib/python3.12/site-packages/airflow/example_dags/tutorial_taskflow_api_virtualenv.py
[2026-08-12T05:23:09.201+0000] {processor.py:914} INFO - Processing file /home/airflow/.local/lib/python3.12/site-packages/airflow/example_dags/tutorial_taskflow_api_virtualenv.py for tasks to queue
[2026-08-12T05:23:09.205+0000] {logging_mixin.py:190} INFO - [2026-08-12T05:23:09.204+0000] {dagbag.py:587} INFO - Filling up the DagBag from /home/airflow/.local/lib/python3.12/site-packages/airflow/example_dags/tutorial_taskflow_api_virtualenv.py
[2026-08-12T05:23:09.218+0000] {processor.py:925} INFO - DAG(s) 'tutorial_taskflow_api_virtualenv' retrieved from /home/airflow/.local/lib/python3.12/site-packages/airflow/example_dags/tutorial_taskflow_api_virtualenv.py
[2026-08-12T05:23:09.242+0000] {logging_mixin.py:190} INFO - [2026-08-12T05:23:09.242+0000] {dag.py:3211} INFO - Sync 1 DAGs
[2026-08-12T05:23:09.263+0000] {logging_mixin.py:190} INFO - [2026-08-12T05:23:09.263+0000] {dag.py:4138} INFO - Setting next_dagrun for tutorial_taskflow_api_virtualenv to None, run_after=None
[2026-08-12T05:23:09.284+0000] {processor.py:208} INFO - Processing /home/airflow/.local/lib/python3.12/site-packages/airflow/example_dags/tutorial_taskflow_api_virtualenv.py took 0.092 seconds
[2026-08-12T05:23:40.711+0000] {processor.py:186} INFO - Started process (PID=6324) to work on /home/airflow/.local/lib/python3.12/site-packages/airflow/example_dags/tutorial_taskflow_api_virtualenv.py
[2026-08-12T05:23:40.713+0000] {processor.py:914} INFO - Processing file /home/airflow/.local/lib/python3.12/site-packages/airflow/example_dags/tutorial_taskflow_api_virtualenv.py for tasks to queue
[2026-08-12T05:23:40.718+0000] {logging_mixin.py:190} INFO - [2026-08-12T05:23:40.718+0000] {dagbag.py:587} INFO - Filling up the DagBag from /home/airflow/.local/lib/python3.12/site-packages/airflow/example_dags/tutorial_taskflow_api_virtualenv.py
[2026-08-12T05:23:40.739+0000] {processor.py:925} INFO - DAG(s) 'tutorial_taskflow_api_virtualenv' retrieved from /home/airflow/.local/lib/python3.12/site-packages/airflow/example_dags/tutorial_taskflow_api_virtualenv.py
[2026-08-12T05:23:40.772+0000] {logging_mixin.py:190} INFO - [2026-08-12T05:23:40.772+0000] {dag.py:3211} INFO - Sync 1 DAGs
[2026-08-12T05:23:40.791+0000] {logging_mixin.py:190} INFO - [2026-08-12T05:23:40.791+0000] {dag.py:4138} INFO - Setting next_dagrun for tutorial_taskflow_api_virtualenv to None, run_after=None
[2026-08-12T05:23:40.818+0000] {processor.py:208} INFO - Processing /home/airflow/.local/lib/python3.12/site-packages/airflow/example_dags/tutorial_taskflow_api_virtualenv.py took 0.115 seconds
[2026-08-12T05:24:10.949+0000] {processor.py:186} INFO - Started process (PID=6387) to work on /home/airflow/.local/lib/python3.12/site-packages/airflow/example_dags/tutorial_taskflow_api_virtualenv.py
[2026-08-12T05:24:10.952+0000] {processor.py:914} INFO - Processing file /home/airflow/.local/lib/python3.12/site-packages/airflow/example_dags/tutorial_taskflow_api_virtualenv.py for tasks to queue
[2026-08-12T05:24:10.957+0000] {logging_mixin.py:190} INFO - [2026-08-12T05:24:10.957+0000] {dagbag.py:587} INFO - Filling up the DagBag from /home/airflow/.local/lib/python3.12/site-packages/airflow/example_dags/tutorial_taskflow_api_virtualenv.py
[2026-08-12T05:24:10.971+0000] {processor.py:925} INFO - DAG(s) 'tutorial_taskflow_api_virtualenv' retrieved from /home/airflow/.local/lib/python3.12/site-packages/airflow/example_dags/tutorial_taskflow_api_virtualenv.py
[2026-08-12T05:24:10.999+0000] {logging_mixin.py:190} INFO - [2026-08-12T05:24:10.998+0000] {dag.py:3211} INFO - Sync 1 DAGs
[2026-08-12T05:24:11.015+0000] {logging_mixin.py:190} INFO - [2026-08-12T05:24:11.015+0000] {dag.py:4138} INFO - Setting next_dagrun for tutorial_taskflow_api_virtualenv to None, run_after=None
[2026-08-12T05:24:11.047+0000] {processor.py:208} INFO - Processing /home/airflow/.local/lib/python3.12/site-packages/airflow/example_dags/tutorial_taskflow_api_virtualenv.py took 0.109 seconds
[2026-08-12T05:24:41.505+0000] {processor.py:186} INFO - Started process (PID=6451) to work on /home/airflow/.local/lib/python3.12/site-packages/airflow/example_dags/tutorial_taskflow_api_virtualenv.py
[2026-08-12T05:24:41.508+0000] {processor.py:914} INFO - Processing file /home/airflow/.local/lib/python3.12/site-packages/airflow/example_dags/tutorial_taskflow_api_virtualenv.py for tasks to queue
[2026-08-12T05:24:41.513+0000] {logging_mixin.py:190} INFO - [2026-08-12T05:24:41.512+0000] {dagbag.py:587} INFO - Filling up the DagBag from /home/airflow/.local/lib/python3.12/site-packages/airflow/example_dags/tutorial_taskflow_api_virtualenv.py
[2026-08-12T05:24:41.538+0000] {processor.py:925} INFO - DAG(s) 'tutorial_taskflow_api_virtualenv' retrieved from /home/airflow/.local/lib/python3.12/site-packages/airflow/example_dags/tutorial_taskflow_api_virtualenv.py
[2026-08-12T05:24:41.567+0000] {logging_mixin.py:190} INFO - [2026-08-12T05:24:41.567+0000] {dag.py:3211} INFO - Sync 1 DAGs
[2026-08-12T05:24:41.588+0000] {logging_mixin.py:190} INFO - [2026-08-12T05:24:41.587+0000] {dag.py:4138} INFO - Setting next_dagrun for tutorial_taskflow_api_virtualenv to None, run_after=None
[2026-08-12T05:24:41.616+0000] {processor.py:208} INFO - Processing /home/airflow/.local/lib/python3.12/site-packages/airflow/example_dags/tutorial_taskflow_api_virtualenv.py took 0.120 seconds
[2026-08-12T05:25:12.217+0000] {processor.py:186} INFO - Started process (PID=6514) to work on /home/airflow/.local/lib/python3.12/site-packages/airflow/example_dags/tutorial_taskflow_api_virtualenv.py
[2026-08-12T05:25:12.223+0000] {processor.py:914} INFO - Processing file /home/airflow/.local/lib/python3.12/site-packages/airflow/example_dags/tutorial_taskflow_api_virtualenv.py for tasks to queue
[2026-08-12T05:25:12.232+0000] {logging_mixin.py:190} INFO - [2026-08-12T05:25:12.231+0000] {dagbag.py:587} INFO - Filling up the DagBag from /home/airflow/.local/lib/python3.12/site-packages/airflow/example_dags/tutorial_taskflow_api_virtualenv.py
[2026-08-12T05:25:12.255+0000] {processor.py:925} INFO - DAG(s) 'tutorial_taskflow_api_virtualenv' retrieved from /home/airflow/.local/lib/python3.12/site-packages/airflow/example_dags/tutorial_taskflow_api_virtualenv.py
[2026-08-12T05:25:12.284+0000] {logging_mixin.py:190} INFO - [2026-08-12T05:25:12.283+0000] {dag.py:3211} INFO - Sync 1 DAGs
[2026-08-12T05:25:12.306+0000] {logging_mixin.py:190} INFO - [2026-08-12T05:25:12.306+0000] {dag.py:4138} INFO - Setting next_dagrun for tutorial_taskflow_api_virtualenv to None, run_after=None
[2026-08-12T05:25:12.331+0000] {processor.py:208} INFO - Processing /home/airflow/.local/lib/python3.12/site-packages/airflow/example_dags/tutorial_taskflow_api_virtualenv.py took 0.131 seconds
[2026-08-12T05:25:42.754+0000] {processor.py:186} INFO - Started process (PID=6577) to work on /home/airflow/.local/lib/python3.12/site-packages/airflow/example_dags/tutorial_taskflow_api_virtualenv.py
[2026-08-12T05:25:42.755+0000] {processor.py:914} INFO - Processing file /home/airflow/.local/lib/python3.12/site-packages/airflow/example_dags/tutorial_taskflow_api_virtualenv.py for tasks to queue
[2026-08-12T05:25:42.761+0000] {logging_mixin.py:190} INFO - [2026-08-12T05:25:42.760+0000] {dagbag.py:587} INFO - Filling up the DagBag from /home/airflow/.local/lib/python3.12/site-packages/airflow/example_dags/tutorial_taskflow_api_virtualenv.py
[2026-08-12T05:25:42.776+0000] {processor.py:925} INFO - DAG(s) 'tutorial_taskflow_api_virtualenv' retrieved from /home/airflow/.local/lib/python3.12/site-packages/airflow/example_dags/tutorial_taskflow_api_virtualenv.py
[2026-08-12T05:25:42.802+0000] {logging_mixin.py:190} INFO - [2026-08-12T05:25:42.802+0000] {dag.py:3211} INFO - Sync 1 DAGs
[2026-08-12T05:25:42.822+0000] {logging_mixin.py:190} INFO - [2026-08-12T05:25:42.822+0000] {dag.py:4138} INFO - Setting next_dagrun for tutorial_taskflow_api_virtualenv to None, run_after=None
[2026-08-12T05:25:42.854+0000] {processor.py:208} INFO - Processing /home/airflow/.local/lib/python3.12/site-packages/airflow/example_dags/tutorial_taskflow_api_virtualenv.py took 0.106 seconds
[2026-08-12T05:26:14.465+0000] {processor.py:186} INFO - Started process (PID=6640) to work on /home/airflow/.local/lib/python3.12/site-packages/airflow/example_dags/tutorial_taskflow_api_virtualenv.py
[2026-08-12T05:26:14.468+0000] {processor.py:914} INFO - Processing file /home/airflow/.local/lib/python3.12/site-packages/airflow/example_dags/tutorial_taskflow_api_virtualenv.py for tasks to queue
[2026-08-12T05:26:14.472+0000] {logging_mixin.py:190} INFO - [2026-08-12T05:26:14.472+0000] {dagbag.py:587} INFO - Filling up the DagBag from /home/airflow/.local/lib/python3.12/site-packages/airflow/example_dags/tutorial_taskflow_api_virtualenv.py
[2026-08-12T05:26:14.494+0000] {processor.py:925} INFO - DAG(s) 'tutorial_taskflow_api_virtualenv' retrieved from /home/airflow/.local/lib/python3.12/site-packages/airflow/example_dags/tutorial_taskflow_api_virtualenv.py
[2026-08-12T05:26:14.526+0000] {logging_mixin.py:190} INFO - [2026-08-12T05:26:14.525+0000] {dag.py:3211} INFO - Sync 1 DAGs
[2026-08-12T05:26:14.546+0000] {logging_mixin.py:190} INFO - [2026-08-12T05:26:14.545+0000] {dag.py:4138} INFO - Setting next_dagrun for tutorial_taskflow_api_virtualenv to None, run_after=None
[2026-08-12T05:26:14.572+0000] {processor.py:208} INFO - Processing /home/airflow/.local/lib/python3.12/site-packages/airflow/example_dags/tutorial_taskflow_api_virtualenv.py took 0.114 seconds
[2026-08-12T05:26:44.635+0000] {processor.py:186} INFO - Started process (PID=6703) to work on /home/airflow/.local/lib/python3.12/site-packages/airflow/example_dags/tutorial_taskflow_api_virtualenv.py
[2026-08-12T05:26:44.637+0000] {processor.py:914} INFO - Processing file /home/airflow/.local/lib/python3.12/site-packages/airflow/example_dags/tutorial_taskflow_api_virtualenv.py for tasks to queue
[2026-08-12T05:26:44.641+0000] {logging_mixin.py:190} INFO - [2026-08-12T05:26:44.641+0000] {dagbag.py:587} INFO - Filling up the DagBag from /home/airflow/.local/lib/python3.12/site-packages/airflow/example_dags/tutorial_taskflow_api_virtualenv.py
[2026-08-12T05:26:44.656+0000] {processor.py:925} INFO - DAG(s) 'tutorial_taskflow_api_virtualenv' retrieved from /home/airflow/.local/lib/python3.12/site-packages/airflow/example_dags/tutorial_taskflow_api_virtualenv.py
[2026-08-12T05:26:44.681+0000] {logging_mixin.py:190} INFO - [2026-08-12T05:26:44.680+0000] {dag.py:3211} INFO - Sync 1 DAGs
[2026-08-12T05:26:44.698+0000] {logging_mixin.py:190} INFO - [2026-08-12T05:26:44.698+0000] {dag.py:4138} INFO - Setting next_dagrun for tutorial_taskflow_api_virtualenv to None, run_after=None
[2026-08-12T05:26:44.720+0000] {processor.py:208} INFO - Processing /home/airflow/.local/lib/python3.12/site-packages/airflow/example_dags/tutorial_taskflow_api_virtualenv.py took 0.092 seconds
[2026-08-12T05:27:15.249+0000] {processor.py:186} INFO - Started process (PID=6766) to work on /home/airflow/.local/lib/python3.12/site-packages/airflow/example_dags/tutorial_taskflow_api_virtualenv.py
[2026-08-12T05:27:15.251+0000] {processor.py:914} INFO - Processing file /home/airflow/.local/lib/python3.12/site-packages/airflow/example_dags/tutorial_taskflow_api_virtualenv.py for tasks to queue
[2026-08-12T05:27:15.255+0000] {logging_mixin.py:190} INFO - [2026-08-12T05:27:15.255+0000] {dagbag.py:587} INFO - Filling up the DagBag from /home/airflow/.local/lib/python3.12/site-packages/airflow/example_dags/tutorial_taskflow_api_virtualenv.py
[2026-08-12T05:27:15.271+0000] {processor.py:925} INFO - DAG(s) 'tutorial_taskflow_api_virtualenv' retrieved from /home/airflow/.local/lib/python3.12/site-packages/airflow/example_dags/tutorial_taskflow_api_virtualenv.py
[2026-08-12T05:27:15.295+0000] {logging_mixin.py:190} INFO - [2026-08-12T05:27:15.294+0000] {dag.py:3211} INFO - Sync 1 DAGs
[2026-08-12T05:27:15.310+0000] {logging_mixin.py:190} INFO - [2026-08-12T05:27:15.310+0000] {dag.py:4138} INFO - Setting next_dagrun for tutorial_taskflow_api_virtualenv to None, run_after=None
[2026-08-12T05:27:15.331+0000] {processor.py:208} INFO - Processing /home/airflow/.local/lib/python3.12/site-packages/airflow/example_dags/tutorial_taskflow_api_virtualenv.py took 0.090 seconds
[2026-08-12T05:27:45.607+0000] {processor.py:186} INFO - Started process (PID=6829) to work on /home/airflow/.local/lib/python3.12/site-packages/airflow/example_dags/tutorial_taskflow_api_virtualenv.py
[2026-08-12T05:27:45.609+0000] {processor.py:914} INFO - Processing file /home/airflow/.local/lib/python3.12/site-packages/airflow/example_dags/tutorial_taskflow_api_virtualenv.py for tasks to queue
[2026-08-12T05:27:45.613+0000] {logging_mixin.py:190} INFO - [2026-08-12T05:27:45.613+0000] {dagbag.py:587} INFO - Filling up the DagBag from /home/airflow/.local/lib/python3.12/site-packages/airflow/example_dags/tutorial_taskflow_api_virtualenv.py
[2026-08-12T05:27:45.631+0000] {processor.py:925} INFO - DAG(s) 'tutorial_taskflow_api_virtualenv' retrieved from /home/airflow/.local/lib/python3.12/site-packages/airflow/example_dags/tutorial_taskflow_api_virtualenv.py
[2026-08-12T05:27:45.663+0000] {logging_mixin.py:190} INFO - [2026-08-12T05:27:45.663+0000] {dag.py:3211} INFO - Sync 1 DAGs
[2026-08-12T05:27:45.683+0000] {logging_mixin.py:190} INFO - [2026-08-12T05:27:45.682+0000] {dag.py:4138} INFO - Setting next_dagrun for tutorial_taskflow_api_virtualenv to None, run_after=None
[2026-08-12T05:27:45.716+0000] {processor.py:208} INFO - Processing /home/airflow/.local/lib/python3.12/site-packages/airflow/example_dags/tutorial_taskflow_api_virtualenv.py took 0.115 seconds
[2026-08-12T05:28:16.375+0000] {processor.py:186} INFO - Started process (PID=6892) to work on /home/airflow/.local/lib/python3.12/site-packages/airflow/example_dags/tutorial_taskflow_api_virtualenv.py
[2026-08-12T05:28:16.377+0000] {processor.py:914} INFO - Processing file /home/airflow/.local/lib/python3.12/site-packages/airflow/example_dags/tutorial_taskflow_api_virtualenv.py for tasks to queue
[2026-08-12T05:28:16.382+0000] {logging_mixin.py:190} INFO - [2026-08-12T05:28:16.381+0000] {dagbag.py:587} INFO - Filling up the DagBag from /home/airflow/.local/lib/python3.12/site-packages/airflow/example_dags/tutorial_taskflow_api_virtualenv.py
[2026-08-12T05:28:16.398+0000] {processor.py:925} INFO - DAG(s) 'tutorial_taskflow_api_virtualenv' retrieved from /home/airflow/.local/lib/python3.12/site-packages/airflow/example_dags/tutorial_taskflow_api_virtualenv.py
[2026-08-12T05:28:16.428+0000] {logging_mixin.py:190} INFO - [2026-08-12T05:28:16.428+0000] {dag.py:3211} INFO - Sync 1 DAGs
[2026-08-12T05:28:16.448+0000] {logging_mixin.py:190} INFO - [2026-08-12T05:28:16.448+0000] {dag.py:4138} INFO - Setting next_dagrun for tutorial_taskflow_api_virtualenv to None, run_after=None
[2026-08-12T05:28:16.476+0000] {processor.py:208} INFO - Processing /home/airflow/.local/lib/python3.12/site-packages/airflow/example_dags/tutorial_taskflow_api_virtualenv.py took 0.110 seconds
[2026-08-12T05:28:47.274+0000] {processor.py:186} INFO - Started process (PID=6955) to work on /home/airflow/.local/lib/python3.12/site-packages/airflow/example_dags/tutorial_taskflow_api_virtualenv.py
[2026-08-12T05:28:47.278+0000] {processor.py:914} INFO - Processing file /home/airflow/.local/lib/python3.12/site-packages/airflow/example_dags/tutorial_taskflow_api_virtualenv.py for tasks to queue
[2026-08-12T05:28:47.286+0000] {logging_mixin.py:190} INFO - [2026-08-12T05:28:47.286+0000] {dagbag.py:587} INFO - Filling up the DagBag from /home/airflow/.local/lib/python3.12/site-packages/airflow/example_dags/tutorial_taskflow_api_virtualenv.py
[2026-08-12T05:28:47.303+0000] {processor.py:925} INFO - DAG(s) 'tutorial_taskflow_api_virtualenv' retrieved from /home/airflow/.local/lib/python3.12/site-packages/airflow/example_dags/tutorial_taskflow_api_virtualenv.py
[2026-08-12T05:28:47.337+0000] {logging_mixin.py:190} INFO - [2026-08-12T05:28:47.336+0000] {dag.py:3211} INFO - Sync 1 DAGs
[2026-08-12T05:28:47.359+0000] {logging_mixin.py:190} INFO - [2026-08-12T05:28:47.359+0000] {dag.py:4138} INFO - Setting next_dagrun for tutorial_taskflow_api_virtualenv to None, run_after=None
[2026-08-12T05:28:47.391+0000] {processor.py:208} INFO - Processing /home/airflow/.local/lib/python3.12/site-packages/airflow/example_dags/tutorial_taskflow_api_virtualenv.py took 0.123 seconds
[2026-08-12T05:29:18.073+0000] {processor.py:186} INFO - Started process (PID=7017) to work on /home/airflow/.local/lib/python3.12/site-packages/airflow/example_dags/tutorial_taskflow_api_virtualenv.py
[2026-08-12T05:29:18.075+0000] {processor.py:914} INFO - Processing file /home/airflow/.local/lib/python3.12/site-packages/airflow/example_dags/tutorial_taskflow_api_virtualenv.py for tasks to queue
[2026-08-12T05:29:18.081+0000] {logging_mixin.py:190} INFO - [2026-08-12T05:29:18.080+0000] {dagbag.py:587} INFO - Filling up the DagBag from /home/airflow/.local/lib/python3.12/site-packages/airflow/example_dags/tutorial_taskflow_api_virtualenv.py
[2026-08-12T05:29:18.097+0000] {processor.py:925} INFO - DAG(s) 'tutorial_taskflow_api_virtualenv' retrieved from /home/airflow/.local/lib/python3.12/site-packages/airflow/example_dags/tutorial_taskflow_api_virtualenv.py
[2026-08-12T05:29:18.126+0000] {logging_mixin.py:190} INFO - [2026-08-12T05:29:18.126+0000] {dag.py:3211} INFO - Sync 1 DAGs
[2026-08-12T05:29:18.147+0000] {logging_mixin.py:190} INFO - [2026-08-12T05:29:18.146+0000] {dag.py:4138} INFO - Setting next_dagrun for tutorial_taskflow_api_virtualenv to None, run_after=None
[2026-08-12T05:29:18.176+0000] {processor.py:208} INFO - Processing /home/airflow/.local/lib/python3.12/site-packages/airflow/example_dags/tutorial_taskflow_api_virtualenv.py took 0.114 seconds
[2026-08-12T05:29:49.169+0000] {processor.py:186} INFO - Started process (PID=7081) to work on /home/airflow/.local/lib/python3.12/site-packages/airflow/example_dags/tutorial_taskflow_api_virtualenv.py
[2026-08-12T05:29:49.173+0000] {processor.py:914} INFO - Processing file /home/airflow/.local/lib/python3.12/site-packages/airflow/example_dags/tutorial_taskflow_api_virtualenv.py for tasks to queue
[2026-08-12T05:29:49.179+0000] {logging_mixin.py:190} INFO - [2026-08-12T05:29:49.179+0000] {dagbag.py:587} INFO - Filling up the DagBag from /home/airflow/.local/lib/python3.12/site-packages/airflow/example_dags/tutorial_taskflow_api_virtualenv.py
[2026-08-12T05:29:49.201+0000] {processor.py:925} INFO - DAG(s) 'tutorial_taskflow_api_virtualenv' retrieved from /home/airflow/.local/lib/python3.12/site-packages/airflow/example_dags/tutorial_taskflow_api_virtualenv.py
[2026-08-12T05:29:49.243+0000] {logging_mixin.py:190} INFO - [2026-08-12T05:29:49.243+0000] {dag.py:3211} INFO - Sync 1 DAGs
[2026-08-12T05:29:49.262+0000] {logging_mixin.py:190} INFO - [2026-08-12T05:29:49.262+0000] {dag.py:4138} INFO - Setting next_dagrun for tutorial_taskflow_api_virtualenv to None, run_after=None
[2026-08-12T05:29:49.285+0000] {processor.py:208} INFO - Processing /home/airflow/.local/lib/python3.12/site-packages/airflow/example_dags/tutorial_taskflow_api_virtualenv.py took 0.123 seconds
[2026-08-12T05:30:19.703+0000] {processor.py:186} INFO - Started process (PID=7144) to work on /home/airflow/.local/lib/python3.12/site-packages/airflow/example_dags/tutorial_taskflow_api_virtualenv.py
[2026-08-12T05:30:19.705+0000] {processor.py:914} INFO - Processing file /home/airflow/.local/lib/python3.12/site-packages/airflow/example_dags/tutorial_taskflow_api_virtualenv.py for tasks to queue
[2026-08-12T05:30:19.711+0000] {logging_mixin.py:190} INFO - [2026-08-12T05:30:19.710+0000] {dagbag.py:587} INFO - Filling up the DagBag from /home/airflow/.local/lib/python3.12/site-packages/airflow/example_dags/tutorial_taskflow_api_virtualenv.py
[2026-08-12T05:30:19.734+0000] {processor.py:925} INFO - DAG(s) 'tutorial_taskflow_api_virtualenv' retrieved from /home/airflow/.local/lib/python3.12/site-packages/airflow/example_dags/tutorial_taskflow_api_virtualenv.py
[2026-08-12T05:30:19.767+0000] {logging_mixin.py:190} INFO - [2026-08-12T05:30:19.766+0000] {dag.py:3211} INFO - Sync 1 DAGs
[2026-08-12T05:30:19.788+0000] {logging_mixin.py:190} INFO - [2026-08-12T05:30:19.788+0000] {dag.py:4138} INFO - Setting next_dagrun for tutorial_taskflow_api_virtualenv to None, run_after=None
[2026-08-12T05:30:19.819+0000] {processor.py:208} INFO - Processing /home/airflow/.local/lib/python3.12/site-packages/airflow/example_dags/tutorial_taskflow_api_virtualenv.py took 0.123 seconds
[2026-08-12T05:30:50.385+0000] {processor.py:186} INFO - Started process (PID=7207) to work on /home/airflow/.local/lib/python3.12/site-packages/airflow/example_dags/tutorial_taskflow_api_virtualenv.py
[2026-08-12T05:30:50.388+0000] {processor.py:914} INFO - Processing file /home/airflow/.local/lib/python3.12/site-packages/airflow/example_dags/tutorial_taskflow_api_virtualenv.py for tasks to queue
[2026-08-12T05:30:50.391+0000] {logging_mixin.py:190} INFO - [2026-08-12T05:30:50.391+0000] {dagbag.py:587} INFO - Filling up the DagBag from /home/airflow/.local/lib/python3.12/site-packages/airflow/example_dags/tutorial_taskflow_api_virtualenv.py
[2026-08-12T05:30:50.409+0000] {processor.py:925} INFO - DAG(s) 'tutorial_taskflow_api_virtualenv' retrieved from /home/airflow/.local/lib/python3.12/site-packages/airflow/example_dags/tutorial_taskflow_api_virtualenv.py
[2026-08-12T05:30:50.434+0000] {logging_mixin.py:190} INFO - [2026-08-12T05:30:50.433+0000] {dag.py:3211} INFO - Sync 1 DAGs
[2026-08-12T05:30:50.450+0000] {logging_mixin.py:190} INFO - [2026-08-12T05:30:50.450+0000] {dag.py:4138} INFO - Setting next_dagrun for tutorial_taskflow_api_virtualenv to None, run_after=None
[2026-08-12T05:30:50.478+0000] {processor.py:208} INFO - Processing /home/airflow/.local/lib/python3.12/site-packages/airflow/example_dags/tutorial_taskflow_api_virtualenv.py took 0.102 seconds
[2026-08-12T05:31:20.711+0000] {processor.py:186} INFO - Started process (PID=7270) to work on /home/airflow/.local/lib/python3.12/site-packages/airflow/example_dags/tutorial_taskflow_api_virtualenv.py
[2026-08-12T05:31:20.713+0000] {processor.py:914} INFO - Processing file /home/airflow/.local/lib/python3.12/site-packages/airflow/example_dags/tutorial_taskflow_api_virtualenv.py for tasks to queue
[2026-08-12T05:31:20.717+0000] {logging_mixin.py:190} INFO - [2026-08-12T05:31:20.717+0000] {dagbag.py:587} INFO - Filling up the DagBag from /home/airflow/.local/lib/python3.12/site-packages/airflow/example_dags/tutorial_taskflow_api_virtualenv.py
[2026-08-12T05:31:20.731+0000] {processor.py:925} INFO - DAG(s) 'tutorial_taskflow_api_virtualenv' retrieved from /home/airflow/.local/lib/python3.12/site-packages/airflow/example_dags/tutorial_taskflow_api_virtualenv.py
[2026-08-12T05:31:20.755+0000] {logging_mixin.py:190} INFO - [2026-08-12T05:31:20.754+0000] {dag.py:3211} INFO - Sync 1 DAGs
[2026-08-12T05:31:20.773+0000] {logging_mixin.py:190} INFO - [2026-08-12T05:31:20.773+0000] {dag.py:4138} INFO - Setting next_dagrun for tutorial_taskflow_api_virtualenv to None, run_after=None
[2026-08-12T05:31:20.798+0000] {processor.py:208} INFO - Processing /home/airflow/.local/lib/python3.12/site-packages/airflow/example_dags/tutorial_taskflow_api_virtualenv.py took 0.093 seconds
[2026-08-12T05:31:51.705+0000] {processor.py:186} INFO - Started process (PID=7334) to work on /home/airflow/.local/lib/python3.12/site-packages/airflow/example_dags/tutorial_taskflow_api_virtualenv.py
[2026-08-12T05:31:51.709+0000] {processor.py:914} INFO - Processing file /home/airflow/.local/lib/python3.12/site-packages/airflow/example_dags/tutorial_taskflow_api_virtualenv.py for tasks to queue
[2026-08-12T05:31:51.715+0000] {logging_mixin.py:190} INFO - [2026-08-12T05:31:51.714+0000] {dagbag.py:587} INFO - Filling up the DagBag from /home/airflow/.local/lib/python3.12/site-packages/airflow/example_dags/tutorial_taskflow_api_virtualenv.py
[2026-08-12T05:31:51.731+0000] {processor.py:925} INFO - DAG(s) 'tutorial_taskflow_api_virtualenv' retrieved from /home/airflow/.local/lib/python3.12/site-packages/airflow/example_dags/tutorial_taskflow_api_virtualenv.py
[2026-08-12T05:31:51.757+0000] {logging_mixin.py:190} INFO - [2026-08-12T05:31:51.756+0000] {dag.py:3211} INFO - Sync 1 DAGs
[2026-08-12T05:31:51.772+0000] {logging_mixin.py:190} INFO - [2026-08-12T05:31:51.772+0000] {dag.py:4138} INFO - Setting next_dagrun for tutorial_taskflow_api_virtualenv to None, run_after=None
[2026-08-12T05:31:51.797+0000] {processor.py:208} INFO - Processing /home/airflow/.local/lib/python3.12/site-packages/airflow/example_dags/tutorial_taskflow_api_virtualenv.py took 0.107 seconds
[2026-08-12T05:32:22.156+0000] {processor.py:186} INFO - Started process (PID=7397) to work on /home/airflow/.local/lib/python3.12/site-packages/airflow/example_dags/tutorial_taskflow_api_virtualenv.py
[2026-08-12T05:32:22.159+0000] {processor.py:914} INFO - Processing file /home/airflow/.local/lib/python3.12/site-packages/airflow/example_dags/tutorial_taskflow_api_virtualenv.py for tasks to queue
[2026-08-12T05:32:22.162+0000] {logging_mixin.py:190} INFO - [2026-08-12T05:32:22.162+0000] {dagbag.py:587} INFO - Filling up the DagBag from /home/airflow/.local/lib/python3.12/site-packages/airflow/example_dags/tutorial_taskflow_api_virtualenv.py
[2026-08-12T05:32:22.176+0000] {processor.py:925} INFO - DAG(s) 'tutorial_taskflow_api_virtualenv' retrieved from /home/airflow/.local/lib/python3.12/site-packages/airflow/example_dags/tutorial_taskflow_api_virtualenv.py
[2026-08-12T05:32:22.203+0000] {logging_mixin.py:190} INFO - [2026-08-12T05:32:22.203+0000] {dag.py:3211} INFO - Sync 1 DAGs
[2026-08-12T05:32:22.220+0000] {logging_mixin.py:190} INFO - [2026-08-12T05:32:22.219+0000] {dag.py:4138} INFO - Setting next_dagrun for tutorial_taskflow_api_virtualenv to None, run_after=None
[2026-08-12T05:32:22.246+0000] {processor.py:208} INFO - Processing /home/airflow/.local/lib/python3.12/site-packages/airflow/example_dags/tutorial_taskflow_api_virtualenv.py took 0.098 seconds
[2026-08-12T05:32:52.686+0000] {processor.py:186} INFO - Started process (PID=7460) to work on /home/airflow/.local/lib/python3.12/site-packages/airflow/example_dags/tutorial_taskflow_api_virtualenv.py
[2026-08-12T05:32:52.689+0000] {processor.py:914} INFO - Processing file /home/airflow/.local/lib/python3.12/site-packages/airflow/example_dags/tutorial_taskflow_api_virtualenv.py for tasks to queue
[2026-08-12T05:32:52.694+0000] {logging_mixin.py:190} INFO - [2026-08-12T05:32:52.694+0000] {dagbag.py:587} INFO - Filling up the DagBag from /home/airflow/.local/lib/python3.12/site-packages/airflow/example_dags/tutorial_taskflow_api_virtualenv.py
[2026-08-12T05:32:52.712+0000] {processor.py:925} INFO - DAG(s) 'tutorial_taskflow_api_virtualenv' retrieved from /home/airflow/.local/lib/python3.12/site-packages/airflow/example_dags/tutorial_taskflow_api_virtualenv.py
[2026-08-12T05:32:52.740+0000] {logging_mixin.py:190} INFO - [2026-08-12T05:32:52.739+0000] {dag.py:3211} INFO - Sync 1 DAGs
[2026-08-12T05:32:52.757+0000] {logging_mixin.py:190} INFO - [2026-08-12T05:32:52.756+0000] {dag.py:4138} INFO - Setting next_dagrun for tutorial_taskflow_api_virtualenv to None, run_after=None
[2026-08-12T05:32:52.787+0000] {processor.py:208} INFO - Processing /home/airflow/.local/lib/python3.12/site-packages/airflow/example_dags/tutorial_taskflow_api_virtualenv.py took 0.108 seconds
[2026-08-12T05:33:23.731+0000] {processor.py:186} INFO - Started process (PID=7523) to work on /home/airflow/.local/lib/python3.12/site-packages/airflow/example_dags/tutorial_taskflow_api_virtualenv.py
[2026-08-12T05:33:23.734+0000] {processor.py:914} INFO - Processing file /home/airflow/.local/lib/python3.12/site-packages/airflow/example_dags/tutorial_taskflow_api_virtualenv.py for tasks to queue
[2026-08-12T05:33:23.741+0000] {logging_mixin.py:190} INFO - [2026-08-12T05:33:23.740+0000] {dagbag.py:587} INFO - Filling up the DagBag from /home/airflow/.local/lib/python3.12/site-packages/airflow/example_dags/tutorial_taskflow_api_virtualenv.py
[2026-08-12T05:33:23.767+0000] {processor.py:925} INFO - DAG(s) 'tutorial_taskflow_api_virtualenv' retrieved from /home/airflow/.local/lib/python3.12/site-packages/airflow/example_dags/tutorial_taskflow_api_virtualenv.py
[2026-08-12T05:33:23.803+0000] {logging_mixin.py:190} INFO - [2026-08-12T05:33:23.802+0000] {dag.py:3211} INFO - Sync 1 DAGs
[2026-08-12T05:33:23.820+0000] {logging_mixin.py:190} INFO - [2026-08-12T05:33:23.820+0000] {dag.py:4138} INFO - Setting next_dagrun for tutorial_taskflow_api_virtualenv to None, run_after=None
[2026-08-12T05:33:23.852+0000] {processor.py:208} INFO - Processing /home/airflow/.local/lib/python3.12/site-packages/airflow/example_dags/tutorial_taskflow_api_virtualenv.py took 0.139 seconds
[2026-08-12T05:33:54.066+0000] {processor.py:186} INFO - Started process (PID=7586) to work on /home/airflow/.local/lib/python3.12/site-packages/airflow/example_dags/tutorial_taskflow_api_virtualenv.py
[2026-08-12T05:33:54.069+0000] {processor.py:914} INFO - Processing file /home/airflow/.local/lib/python3.12/site-packages/airflow/example_dags/tutorial_taskflow_api_virtualenv.py for tasks to queue
[2026-08-12T05:33:54.074+0000] {logging_mixin.py:190} INFO - [2026-08-12T05:33:54.074+0000] {dagbag.py:587} INFO - Filling up the DagBag from /home/airflow/.local/lib/python3.12/site-packages/airflow/example_dags/tutorial_taskflow_api_virtualenv.py
[2026-08-12T05:33:54.090+0000] {processor.py:925} INFO - DAG(s) 'tutorial_taskflow_api_virtualenv' retrieved from /home/airflow/.local/lib/python3.12/site-packages/airflow/example_dags/tutorial_taskflow_api_virtualenv.py
[2026-08-12T05:33:54.129+0000] {logging_mixin.py:190} INFO - [2026-08-12T05:33:54.129+0000] {dag.py:3211} INFO - Sync 1 DAGs
[2026-08-12T05:33:54.153+0000] {logging_mixin.py:190} INFO - [2026-08-12T05:33:54.152+0000] {dag.py:4138} INFO - Setting next_dagrun for tutorial_taskflow_api_virtualenv to None, run_after=None
[2026-08-12T05:33:54.183+0000] {processor.py:208} INFO - Processing /home/airflow/.local/lib/python3.12/site-packages/airflow/example_dags/tutorial_taskflow_api_virtualenv.py took 0.127 seconds
[2026-08-12T05:34:24.636+0000] {processor.py:186} INFO - Started process (PID=7649) to work on /home/airflow/.local/lib/python3.12/site-packages/airflow/example_dags/tutorial_taskflow_api_virtualenv.py
[2026-08-12T05:34:24.638+0000] {processor.py:914} INFO - Processing file /home/airflow/.local/lib/python3.12/site-packages/airflow/example_dags/tutorial_taskflow_api_virtualenv.py for tasks to queue
[2026-08-12T05:34:24.643+0000] {logging_mixin.py:190} INFO - [2026-08-12T05:34:24.642+0000] {dagbag.py:587} INFO - Filling up the DagBag from /home/airflow/.local/lib/python3.12/site-packages/airflow/example_dags/tutorial_taskflow_api_virtualenv.py
[2026-08-12T05:34:24.657+0000] {processor.py:925} INFO - DAG(s) 'tutorial_taskflow_api_virtualenv' retrieved from /home/airflow/.local/lib/python3.12/site-packages/airflow/example_dags/tutorial_taskflow_api_virtualenv.py
[2026-08-12T05:34:24.682+0000] {logging_mixin.py:190} INFO - [2026-08-12T05:34:24.681+0000] {dag.py:3211} INFO - Sync 1 DAGs
[2026-08-12T05:34:24.699+0000] {logging_mixin.py:190} INFO - [2026-08-12T05:34:24.698+0000] {dag.py:4138} INFO - Setting next_dagrun for tutorial_taskflow_api_virtualenv to None, run_after=None
[2026-08-12T05:34:24.720+0000] {processor.py:208} INFO - Processing /home/airflow/.local/lib/python3.12/site-packages/airflow/example_dags/tutorial_taskflow_api_virtualenv.py took 0.090 seconds
[2026-08-12T05:34:55.092+0000] {processor.py:186} INFO - Started process (PID=7712) to work on /home/airflow/.local/lib/python3.12/site-packages/airflow/example_dags/tutorial_taskflow_api_virtualenv.py
[2026-08-12T05:34:55.094+0000] {processor.py:914} INFO - Processing file /home/airflow/.local/lib/python3.12/site-packages/airflow/example_dags/tutorial_taskflow_api_virtualenv.py for tasks to queue
[2026-08-12T05:34:55.100+0000] {logging_mixin.py:190} INFO - [2026-08-12T05:34:55.099+0000] {dagbag.py:587} INFO - Filling up the DagBag from /home/airflow/.local/lib/python3.12/site-packages/airflow/example_dags/tutorial_taskflow_api_virtualenv.py
[2026-08-12T05:34:55.115+0000] {processor.py:925} INFO - DAG(s) 'tutorial_taskflow_api_virtualenv' retrieved from /home/airflow/.local/lib/python3.12/site-packages/airflow/example_dags/tutorial_taskflow_api_virtualenv.py
[2026-08-12T05:34:55.141+0000] {logging_mixin.py:190} INFO - [2026-08-12T05:34:55.141+0000] {dag.py:3211} INFO - Sync 1 DAGs
[2026-08-12T05:34:55.158+0000] {logging_mixin.py:190} INFO - [2026-08-12T05:34:55.158+0000] {dag.py:4138} INFO - Setting next_dagrun for tutorial_taskflow_api_virtualenv to None, run_after=None
[2026-08-12T05:34:55.181+0000] {processor.py:208} INFO - Processing /home/airflow/.local/lib/python3.12/site-packages/airflow/example_dags/tutorial_taskflow_api_virtualenv.py took 0.095 seconds
[2026-08-12T05:35:25.760+0000] {processor.py:186} INFO - Started process (PID=7775) to work on /home/airflow/.local/lib/python3.12/site-packages/airflow/example_dags/tutorial_taskflow_api_virtualenv.py
[2026-08-12T05:35:25.763+0000] {processor.py:914} INFO - Processing file /home/airflow/.local/lib/python3.12/site-packages/airflow/example_dags/tutorial_taskflow_api_virtualenv.py for tasks to queue
[2026-08-12T05:35:25.771+0000] {logging_mixin.py:190} INFO - [2026-08-12T05:35:25.770+0000] {dagbag.py:587} INFO - Filling up the DagBag from /home/airflow/.local/lib/python3.12/site-packages/airflow/example_dags/tutorial_taskflow_api_virtualenv.py
[2026-08-12T05:35:25.787+0000] {processor.py:925} INFO - DAG(s) 'tutorial_taskflow_api_virtualenv' retrieved from /home/airflow/.local/lib/python3.12/site-packages/airflow/example_dags/tutorial_taskflow_api_virtualenv.py
[2026-08-12T05:35:25.809+0000] {logging_mixin.py:190} INFO - [2026-08-12T05:35:25.809+0000] {dag.py:3211} INFO - Sync 1 DAGs
[2026-08-12T05:35:25.825+0000] {logging_mixin.py:190} INFO - [2026-08-12T05:35:25.825+0000] {dag.py:4138} INFO - Setting next_dagrun for tutorial_taskflow_api_virtualenv to None, run_after=None
[2026-08-12T05:35:25.852+0000] {processor.py:208} INFO - Processing /home/airflow/.local/lib/python3.12/site-packages/airflow/example_dags/tutorial_taskflow_api_virtualenv.py took 0.103 seconds
[2026-08-12T05:35:55.926+0000] {processor.py:186} INFO - Started process (PID=7838) to work on /home/airflow/.local/lib/python3.12/site-packages/airflow/example_dags/tutorial_taskflow_api_virtualenv.py
[2026-08-12T05:35:55.929+0000] {processor.py:914} INFO - Processing file /home/airflow/.local/lib/python3.12/site-packages/airflow/example_dags/tutorial_taskflow_api_virtualenv.py for tasks to queue
[2026-08-12T05:35:55.934+0000] {logging_mixin.py:190} INFO - [2026-08-12T05:35:55.933+0000] {dagbag.py:587} INFO - Filling up the DagBag from /home/airflow/.local/lib/python3.12/site-packages/airflow/example_dags/tutorial_taskflow_api_virtualenv.py
[2026-08-12T05:35:55.949+0000] {processor.py:925} INFO - DAG(s) 'tutorial_taskflow_api_virtualenv' retrieved from /home/airflow/.local/lib/python3.12/site-packages/airflow/example_dags/tutorial_taskflow_api_virtualenv.py
[2026-08-12T05:35:55.973+0000] {logging_mixin.py:190} INFO - [2026-08-12T05:35:55.973+0000] {dag.py:3211} INFO - Sync 1 DAGs
[2026-08-12T05:35:55.991+0000] {logging_mixin.py:190} INFO - [2026-08-12T05:35:55.991+0000] {dag.py:4138} INFO - Setting next_dagrun for tutorial_taskflow_api_virtualenv to None, run_after=None
[2026-08-12T05:35:56.023+0000] {processor.py:208} INFO - Processing /home/airflow/.local/lib/python3.12/site-packages/airflow/example_dags/tutorial_taskflow_api_virtualenv.py took 0.102 seconds
[2026-08-12T05:36:26.180+0000] {processor.py:186} INFO - Started process (PID=7901) to work on /home/airflow/.local/lib/python3.12/site-packages/airflow/example_dags/tutorial_taskflow_api_virtualenv.py
[2026-08-12T05:36:26.184+0000] {processor.py:914} INFO - Processing file /home/airflow/.local/lib/python3.12/site-packages/airflow/example_dags/tutorial_taskflow_api_virtualenv.py for tasks to queue
[2026-08-12T05:36:26.192+0000] {logging_mixin.py:190} INFO - [2026-08-12T05:36:26.191+0000] {dagbag.py:587} INFO - Filling up the DagBag from /home/airflow/.local/lib/python3.12/site-packages/airflow/example_dags/tutorial_taskflow_api_virtualenv.py
[2026-08-12T05:36:26.211+0000] {processor.py:925} INFO - DAG(s) 'tutorial_taskflow_api_virtualenv' retrieved from /home/airflow/.local/lib/python3.12/site-packages/airflow/example_dags/tutorial_taskflow_api_virtualenv.py
[2026-08-12T05:36:26.239+0000] {logging_mixin.py:190} INFO - [2026-08-12T05:36:26.239+0000] {dag.py:3211} INFO - Sync 1 DAGs
[2026-08-12T05:36:26.256+0000] {logging_mixin.py:190} INFO - [2026-08-12T05:36:26.256+0000] {dag.py:4138} INFO - Setting next_dagrun for tutorial_taskflow_api_virtualenv to None, run_after=None
[2026-08-12T05:36:26.283+0000] {processor.py:208} INFO - Processing /home/airflow/.local/lib/python3.12/site-packages/airflow/example_dags/tutorial_taskflow_api_virtualenv.py took 0.116 seconds
[2026-08-12T05:36:56.726+0000] {processor.py:186} INFO - Started process (PID=7965) to work on /home/airflow/.local/lib/python3.12/site-packages/airflow/example_dags/tutorial_taskflow_api_virtualenv.py
[2026-08-12T05:36:56.728+0000] {processor.py:914} INFO - Processing file /home/airflow/.local/lib/python3.12/site-packages/airflow/example_dags/tutorial_taskflow_api_virtualenv.py for tasks to queue
[2026-08-12T05:36:56.733+0000] {logging_mixin.py:190} INFO - [2026-08-12T05:36:56.732+0000] {dagbag.py:587} INFO - Filling up the DagBag from /home/airflow/.local/lib/python3.12/site-packages/airflow/example_dags/tutorial_taskflow_api_virtualenv.py
[2026-08-12T05:36:56.752+0000] {processor.py:925} INFO - DAG(s) 'tutorial_taskflow_api_virtualenv' retrieved from /home/airflow/.local/lib/python3.12/site-packages/airflow/example_dags/tutorial_taskflow_api_virtualenv.py
[2026-08-12T05:36:56.773+0000] {logging_mixin.py:190} INFO - [2026-08-12T05:36:56.773+0000] {dag.py:3211} INFO - Sync 1 DAGs
[2026-08-12T05:36:56.788+0000] {logging_mixin.py:190} INFO - [2026-08-12T05:36:56.788+0000] {dag.py:4138} INFO - Setting next_dagrun for tutorial_taskflow_api_virtualenv to None, run_after=None
[2026-08-12T05:36:56.813+0000] {processor.py:208} INFO - Processing /home/airflow/.local/lib/python3.12/site-packages/airflow/example_dags/tutorial_taskflow_api_virtualenv.py took 0.094 seconds
[2026-08-12T05:37:27.687+0000] {processor.py:186} INFO - Started process (PID=8028) to work on /home/airflow/.local/lib/python3.12/site-packages/airflow/example_dags/tutorial_taskflow_api_virtualenv.py
[2026-08-12T05:37:27.690+0000] {processor.py:914} INFO - Processing file /home/airflow/.local/lib/python3.12/site-packages/airflow/example_dags/tutorial_taskflow_api_virtualenv.py for tasks to queue
[2026-08-12T05:37:27.695+0000] {logging_mixin.py:190} INFO - [2026-08-12T05:37:27.694+0000] {dagbag.py:587} INFO - Filling up the DagBag from /home/airflow/.local/lib/python3.12/site-packages/airflow/example_dags/tutorial_taskflow_api_virtualenv.py
[2026-08-12T05:37:27.716+0000] {processor.py:925} INFO - DAG(s) 'tutorial_taskflow_api_virtualenv' retrieved from /home/airflow/.local/lib/python3.12/site-packages/airflow/example_dags/tutorial_taskflow_api_virtualenv.py
[2026-08-12T05:37:27.752+0000] {logging_mixin.py:190} INFO - [2026-08-12T05:37:27.751+0000] {dag.py:3211} INFO - Sync 1 DAGs
[2026-08-12T05:37:27.773+0000] {logging_mixin.py:190} INFO - [2026-08-12T05:37:27.773+0000] {dag.py:4138} INFO - Setting next_dagrun for tutorial_taskflow_api_virtualenv to None, run_after=None
[2026-08-12T05:37:27.804+0000] {processor.py:208} INFO - Processing /home/airflow/.local/lib/python3.12/site-packages/airflow/example_dags/tutorial_taskflow_api_virtualenv.py took 0.125 seconds
[2026-08-12T05:37:58.380+0000] {processor.py:186} INFO - Started process (PID=8091) to work on /home/airflow/.local/lib/python3.12/site-packages/airflow/example_dags/tutorial_taskflow_api_virtualenv.py
[2026-08-12T05:37:58.382+0000] {processor.py:914} INFO - Processing file /home/airflow/.local/lib/python3.12/site-packages/airflow/example_dags/tutorial_taskflow_api_virtualenv.py for tasks to queue
[2026-08-12T05:37:58.388+0000] {logging_mixin.py:190} INFO - [2026-08-12T05:37:58.387+0000] {dagbag.py:587} INFO - Filling up the DagBag from /home/airflow/.local/lib/python3.12/site-packages/airflow/example_dags/tutorial_taskflow_api_virtualenv.py
[2026-08-12T05:37:58.410+0000] {processor.py:925} INFO - DAG(s) 'tutorial_taskflow_api_virtualenv' retrieved from /home/airflow/.local/lib/python3.12/site-packages/airflow/example_dags/tutorial_taskflow_api_virtualenv.py
[2026-08-12T05:37:58.443+0000] {logging_mixin.py:190} INFO - [2026-08-12T05:37:58.443+0000] {dag.py:3211} INFO - Sync 1 DAGs
[2026-08-12T05:37:58.463+0000] {logging_mixin.py:190} INFO - [2026-08-12T05:37:58.463+0000] {dag.py:4138} INFO - Setting next_dagrun for tutorial_taskflow_api_virtualenv to None, run_after=None
[2026-08-12T05:37:58.491+0000] {processor.py:208} INFO - Processing /home/airflow/.local/lib/python3.12/site-packages/airflow/example_dags/tutorial_taskflow_api_virtualenv.py took 0.118 seconds
[2026-08-12T05:38:29.332+0000] {processor.py:186} INFO - Started process (PID=8155) to work on /home/airflow/.local/lib/python3.12/site-packages/airflow/example_dags/tutorial_taskflow_api_virtualenv.py
[2026-08-12T05:38:29.335+0000] {processor.py:914} INFO - Processing file /home/airflow/.local/lib/python3.12/site-packages/airflow/example_dags/tutorial_taskflow_api_virtualenv.py for tasks to queue
[2026-08-12T05:38:29.341+0000] {logging_mixin.py:190} INFO - [2026-08-12T05:38:29.340+0000] {dagbag.py:587} INFO - Filling up the DagBag from /home/airflow/.local/lib/python3.12/site-packages/airflow/example_dags/tutorial_taskflow_api_virtualenv.py
[2026-08-12T05:38:29.375+0000] {processor.py:925} INFO - DAG(s) 'tutorial_taskflow_api_virtualenv' retrieved from /home/airflow/.local/lib/python3.12/site-packages/airflow/example_dags/tutorial_taskflow_api_virtualenv.py
[2026-08-12T05:38:29.418+0000] {logging_mixin.py:190} INFO - [2026-08-12T05:38:29.418+0000] {dag.py:3211} INFO - Sync 1 DAGs
[2026-08-12T05:38:29.447+0000] {logging_mixin.py:190} INFO - [2026-08-12T05:38:29.447+0000] {dag.py:4138} INFO - Setting next_dagrun for tutorial_taskflow_api_virtualenv to None, run_after=None
[2026-08-12T05:38:29.485+0000] {processor.py:208} INFO - Processing /home/airflow/.local/lib/python3.12/site-packages/airflow/example_dags/tutorial_taskflow_api_virtualenv.py took 0.163 seconds
[2026-08-12T05:39:00.287+0000] {processor.py:186} INFO - Started process (PID=8218) to work on /home/airflow/.local/lib/python3.12/site-packages/airflow/example_dags/tutorial_taskflow_api_virtualenv.py
[2026-08-12T05:39:00.290+0000] {processor.py:914} INFO - Processing file /home/airflow/.local/lib/python3.12/site-packages/airflow/example_dags/tutorial_taskflow_api_virtualenv.py for tasks to queue
[2026-08-12T05:39:00.299+0000] {logging_mixin.py:190} INFO - [2026-08-12T05:39:00.298+0000] {dagbag.py:587} INFO - Filling up the DagBag from /home/airflow/.local/lib/python3.12/site-packages/airflow/example_dags/tutorial_taskflow_api_virtualenv.py
[2026-08-12T05:39:00.320+0000] {processor.py:925} INFO - DAG(s) 'tutorial_taskflow_api_virtualenv' retrieved from /home/airflow/.local/lib/python3.12/site-packages/airflow/example_dags/tutorial_taskflow_api_virtualenv.py
[2026-08-12T05:39:00.351+0000] {logging_mixin.py:190} INFO - [2026-08-12T05:39:00.351+0000] {dag.py:3211} INFO - Sync 1 DAGs
[2026-08-12T05:39:00.369+0000] {logging_mixin.py:190} INFO - [2026-08-12T05:39:00.369+0000] {dag.py:4138} INFO - Setting next_dagrun for tutorial_taskflow_api_virtualenv to None, run_after=None
[2026-08-12T05:39:00.394+0000] {processor.py:208} INFO - Processing /home/airflow/.local/lib/python3.12/site-packages/airflow/example_dags/tutorial_taskflow_api_virtualenv.py took 0.122 seconds
[2026-08-12T05:39:31.181+0000] {processor.py:186} INFO - Started process (PID=8282) to work on /home/airflow/.local/lib/python3.12/site-packages/airflow/example_dags/tutorial_taskflow_api_virtualenv.py
[2026-08-12T05:39:31.183+0000] {processor.py:914} INFO - Processing file /home/airflow/.local/lib/python3.12/site-packages/airflow/example_dags/tutorial_taskflow_api_virtualenv.py for tasks to queue
[2026-08-12T05:39:31.187+0000] {logging_mixin.py:190} INFO - [2026-08-12T05:39:31.187+0000] {dagbag.py:587} INFO - Filling up the DagBag from /home/airflow/.local/lib/python3.12/site-packages/airflow/example_dags/tutorial_taskflow_api_virtualenv.py
[2026-08-12T05:39:31.202+0000] {processor.py:925} INFO - DAG(s) 'tutorial_taskflow_api_virtualenv' retrieved from /home/airflow/.local/lib/python3.12/site-packages/airflow/example_dags/tutorial_taskflow_api_virtualenv.py
[2026-08-12T05:39:31.224+0000] {logging_mixin.py:190} INFO - [2026-08-12T05:39:31.224+0000] {dag.py:3211} INFO - Sync 1 DAGs
[2026-08-12T05:39:31.241+0000] {logging_mixin.py:190} INFO - [2026-08-12T05:39:31.241+0000] {dag.py:4138} INFO - Setting next_dagrun for tutorial_taskflow_api_virtualenv to None, run_after=None
[2026-08-12T05:39:31.267+0000] {processor.py:208} INFO - Processing /home/airflow/.local/lib/python3.12/site-packages/airflow/example_dags/tutorial_taskflow_api_virtualenv.py took 0.092 seconds
[2026-08-12T05:40:01.781+0000] {processor.py:186} INFO - Started process (PID=8345) to work on /home/airflow/.local/lib/python3.12/site-packages/airflow/example_dags/tutorial_taskflow_api_virtualenv.py
[2026-08-12T05:40:01.783+0000] {processor.py:914} INFO - Processing file /home/airflow/.local/lib/python3.12/site-packages/airflow/example_dags/tutorial_taskflow_api_virtualenv.py for tasks to queue
[2026-08-12T05:40:01.787+0000] {logging_mixin.py:190} INFO - [2026-08-12T05:40:01.786+0000] {dagbag.py:587} INFO - Filling up the DagBag from /home/airflow/.local/lib/python3.12/site-packages/airflow/example_dags/tutorial_taskflow_api_virtualenv.py
[2026-08-12T05:40:01.800+0000] {processor.py:925} INFO - DAG(s) 'tutorial_taskflow_api_virtualenv' retrieved from /home/airflow/.local/lib/python3.12/site-packages/airflow/example_dags/tutorial_taskflow_api_virtualenv.py
[2026-08-12T05:40:01.823+0000] {logging_mixin.py:190} INFO - [2026-08-12T05:40:01.823+0000] {dag.py:3211} INFO - Sync 1 DAGs
[2026-08-12T05:40:01.841+0000] {logging_mixin.py:190} INFO - [2026-08-12T05:40:01.841+0000] {dag.py:4138} INFO - Setting next_dagrun for tutorial_taskflow_api_virtualenv to None, run_after=None
[2026-08-12T05:40:01.871+0000] {processor.py:208} INFO - Processing /home/airflow/.local/lib/python3.12/site-packages/airflow/example_dags/tutorial_taskflow_api_virtualenv.py took 0.096 seconds
[2026-08-12T05:40:32.337+0000] {processor.py:186} INFO - Started process (PID=8408) to work on /home/airflow/.local/lib/python3.12/site-packages/airflow/example_dags/tutorial_taskflow_api_virtualenv.py
[2026-08-12T05:40:32.340+0000] {processor.py:914} INFO - Processing file /home/airflow/.local/lib/python3.12/site-packages/airflow/example_dags/tutorial_taskflow_api_virtualenv.py for tasks to queue
[2026-08-12T05:40:32.344+0000] {logging_mixin.py:190} INFO - [2026-08-12T05:40:32.344+0000] {dagbag.py:587} INFO - Filling up the DagBag from /home/airflow/.local/lib/python3.12/site-packages/airflow/example_dags/tutorial_taskflow_api_virtualenv.py
[2026-08-12T05:40:32.367+0000] {processor.py:925} INFO - DAG(s) 'tutorial_taskflow_api_virtualenv' retrieved from /home/airflow/.local/lib/python3.12/site-packages/airflow/example_dags/tutorial_taskflow_api_virtualenv.py
[2026-08-12T05:40:32.395+0000] {logging_mixin.py:190} INFO - [2026-08-12T05:40:32.394+0000] {dag.py:3211} INFO - Sync 1 DAGs
[2026-08-12T05:40:32.412+0000] {logging_mixin.py:190} INFO - [2026-08-12T05:40:32.412+0000] {dag.py:4138} INFO - Setting next_dagrun for tutorial_taskflow_api_virtualenv to None, run_after=None
[2026-08-12T05:40:32.436+0000] {processor.py:208} INFO - Processing /home/airflow/.local/lib/python3.12/site-packages/airflow/example_dags/tutorial_taskflow_api_virtualenv.py took 0.108 seconds
[2026-08-12T05:41:02.769+0000] {processor.py:186} INFO - Started process (PID=8471) to work on /home/airflow/.local/lib/python3.12/site-packages/airflow/example_dags/tutorial_taskflow_api_virtualenv.py
[2026-08-12T05:41:02.772+0000] {processor.py:914} INFO - Processing file /home/airflow/.local/lib/python3.12/site-packages/airflow/example_dags/tutorial_taskflow_api_virtualenv.py for tasks to queue
[2026-08-12T05:41:02.777+0000] {logging_mixin.py:190} INFO - [2026-08-12T05:41:02.776+0000] {dagbag.py:587} INFO - Filling up the DagBag from /home/airflow/.local/lib/python3.12/site-packages/airflow/example_dags/tutorial_taskflow_api_virtualenv.py
[2026-08-12T05:41:02.794+0000] {processor.py:925} INFO - DAG(s) 'tutorial_taskflow_api_virtualenv' retrieved from /home/airflow/.local/lib/python3.12/site-packages/airflow/example_dags/tutorial_taskflow_api_virtualenv.py
[2026-08-12T05:41:02.817+0000] {logging_mixin.py:190} INFO - [2026-08-12T05:41:02.817+0000] {dag.py:3211} INFO - Sync 1 DAGs
[2026-08-12T05:41:02.842+0000] {logging_mixin.py:190} INFO - [2026-08-12T05:41:02.842+0000] {dag.py:4138} INFO - Setting next_dagrun for tutorial_taskflow_api_virtualenv to None, run_after=None
[2026-08-12T05:41:02.865+0000] {processor.py:208} INFO - Processing /home/airflow/.local/lib/python3.12/site-packages/airflow/example_dags/tutorial_taskflow_api_virtualenv.py took 0.102 seconds
[2026-08-12T05:41:33.471+0000] {processor.py:186} INFO - Started process (PID=8534) to work on /home/airflow/.local/lib/python3.12/site-packages/airflow/example_dags/tutorial_taskflow_api_virtualenv.py
[2026-08-12T05:41:33.474+0000] {processor.py:914} INFO - Processing file /home/airflow/.local/lib/python3.12/site-packages/airflow/example_dags/tutorial_taskflow_api_virtualenv.py for tasks to queue
[2026-08-12T05:41:33.478+0000] {logging_mixin.py:190} INFO - [2026-08-12T05:41:33.477+0000] {dagbag.py:587} INFO - Filling up the DagBag from /home/airflow/.local/lib/python3.12/site-packages/airflow/example_dags/tutorial_taskflow_api_virtualenv.py
[2026-08-12T05:41:33.498+0000] {processor.py:925} INFO - DAG(s) 'tutorial_taskflow_api_virtualenv' retrieved from /home/airflow/.local/lib/python3.12/site-packages/airflow/example_dags/tutorial_taskflow_api_virtualenv.py
[2026-08-12T05:41:33.520+0000] {logging_mixin.py:190} INFO - [2026-08-12T05:41:33.520+0000] {dag.py:3211} INFO - Sync 1 DAGs
[2026-08-12T05:41:33.535+0000] {logging_mixin.py:190} INFO - [2026-08-12T05:41:33.535+0000] {dag.py:4138} INFO - Setting next_dagrun for tutorial_taskflow_api_virtualenv to None, run_after=None
[2026-08-12T05:41:33.561+0000] {processor.py:208} INFO - Processing /home/airflow/.local/lib/python3.12/site-packages/airflow/example_dags/tutorial_taskflow_api_virtualenv.py took 0.097 seconds
[2026-08-12T05:42:03.735+0000] {processor.py:186} INFO - Started process (PID=8597) to work on /home/airflow/.local/lib/python3.12/site-packages/airflow/example_dags/tutorial_taskflow_api_virtualenv.py
[2026-08-12T05:42:03.738+0000] {processor.py:914} INFO - Processing file /home/airflow/.local/lib/python3.12/site-packages/airflow/example_dags/tutorial_taskflow_api_virtualenv.py for tasks to queue
[2026-08-12T05:42:03.745+0000] {logging_mixin.py:190} INFO - [2026-08-12T05:42:03.744+0000] {dagbag.py:587} INFO - Filling up the DagBag from /home/airflow/.local/lib/python3.12/site-packages/airflow/example_dags/tutorial_taskflow_api_virtualenv.py
[2026-08-12T05:42:03.763+0000] {processor.py:925} INFO - DAG(s) 'tutorial_taskflow_api_virtualenv' retrieved from /home/airflow/.local/lib/python3.12/site-packages/airflow/example_dags/tutorial_taskflow_api_virtualenv.py
[2026-08-12T05:42:03.790+0000] {logging_mixin.py:190} INFO - [2026-08-12T05:42:03.789+0000] {dag.py:3211} INFO - Sync 1 DAGs
[2026-08-12T05:42:03.807+0000] {logging_mixin.py:190} INFO - [2026-08-12T05:42:03.806+0000] {dag.py:4138} INFO - Setting next_dagrun for tutorial_taskflow_api_virtualenv to None, run_after=None
[2026-08-12T05:42:03.835+0000] {processor.py:208} INFO - Processing /home/airflow/.local/lib/python3.12/site-packages/airflow/example_dags/tutorial_taskflow_api_virtualenv.py took 0.112 seconds
[2026-08-12T05:42:34.251+0000] {processor.py:186} INFO - Started process (PID=8666) to work on /home/airflow/.local/lib/python3.12/site-packages/airflow/example_dags/tutorial_taskflow_api_virtualenv.py
[2026-08-12T05:42:34.254+0000] {processor.py:914} INFO - Processing file /home/airflow/.local/lib/python3.12/site-packages/airflow/example_dags/tutorial_taskflow_api_virtualenv.py for tasks to queue
[2026-08-12T05:42:34.260+0000] {logging_mixin.py:190} INFO - [2026-08-12T05:42:34.259+0000] {dagbag.py:587} INFO - Filling up the DagBag from /home/airflow/.local/lib/python3.12/site-packages/airflow/example_dags/tutorial_taskflow_api_virtualenv.py
[2026-08-12T05:42:34.279+0000] {processor.py:925} INFO - DAG(s) 'tutorial_taskflow_api_virtualenv' retrieved from /home/airflow/.local/lib/python3.12/site-packages/airflow/example_dags/tutorial_taskflow_api_virtualenv.py
[2026-08-12T05:42:34.304+0000] {logging_mixin.py:190} INFO - [2026-08-12T05:42:34.304+0000] {dag.py:3211} INFO - Sync 1 DAGs
[2026-08-12T05:42:34.325+0000] {logging_mixin.py:190} INFO - [2026-08-12T05:42:34.325+0000] {dag.py:4138} INFO - Setting next_dagrun for tutorial_taskflow_api_virtualenv to None, run_after=None
[2026-08-12T05:42:34.349+0000] {processor.py:208} INFO - Processing /home/airflow/.local/lib/python3.12/site-packages/airflow/example_dags/tutorial_taskflow_api_virtualenv.py took 0.104 seconds
[2026-08-12T05:43:04.965+0000] {processor.py:186} INFO - Started process (PID=8729) to work on /home/airflow/.local/lib/python3.12/site-packages/airflow/example_dags/tutorial_taskflow_api_virtualenv.py
[2026-08-12T05:43:04.967+0000] {processor.py:914} INFO - Processing file /home/airflow/.local/lib/python3.12/site-packages/airflow/example_dags/tutorial_taskflow_api_virtualenv.py for tasks to queue
[2026-08-12T05:43:04.972+0000] {logging_mixin.py:190} INFO - [2026-08-12T05:43:04.972+0000] {dagbag.py:587} INFO - Filling up the DagBag from /home/airflow/.local/lib/python3.12/site-packages/airflow/example_dags/tutorial_taskflow_api_virtualenv.py
[2026-08-12T05:43:04.992+0000] {processor.py:925} INFO - DAG(s) 'tutorial_taskflow_api_virtualenv' retrieved from /home/airflow/.local/lib/python3.12/site-packages/airflow/example_dags/tutorial_taskflow_api_virtualenv.py
[2026-08-12T05:43:05.019+0000] {logging_mixin.py:190} INFO - [2026-08-12T05:43:05.019+0000] {dag.py:3211} INFO - Sync 1 DAGs
[2026-08-12T05:43:05.037+0000] {logging_mixin.py:190} INFO - [2026-08-12T05:43:05.037+0000] {dag.py:4138} INFO - Setting next_dagrun for tutorial_taskflow_api_virtualenv to None, run_after=None
[2026-08-12T05:43:05.064+0000] {processor.py:208} INFO - Processing /home/airflow/.local/lib/python3.12/site-packages/airflow/example_dags/tutorial_taskflow_api_virtualenv.py took 0.108 seconds
[2026-08-12T05:43:36.063+0000] {processor.py:186} INFO - Started process (PID=8792) to work on /home/airflow/.local/lib/python3.12/site-packages/airflow/example_dags/tutorial_taskflow_api_virtualenv.py
[2026-08-12T05:43:36.065+0000] {processor.py:914} INFO - Processing file /home/airflow/.local/lib/python3.12/site-packages/airflow/example_dags/tutorial_taskflow_api_virtualenv.py for tasks to queue
[2026-08-12T05:43:36.070+0000] {logging_mixin.py:190} INFO - [2026-08-12T05:43:36.069+0000] {dagbag.py:587} INFO - Filling up the DagBag from /home/airflow/.local/lib/python3.12/site-packages/airflow/example_dags/tutorial_taskflow_api_virtualenv.py
[2026-08-12T05:43:36.085+0000] {processor.py:925} INFO - DAG(s) 'tutorial_taskflow_api_virtualenv' retrieved from /home/airflow/.local/lib/python3.12/site-packages/airflow/example_dags/tutorial_taskflow_api_virtualenv.py
[2026-08-12T05:43:36.109+0000] {logging_mixin.py:190} INFO - [2026-08-12T05:43:36.109+0000] {dag.py:3211} INFO - Sync 1 DAGs
[2026-08-12T05:43:36.127+0000] {logging_mixin.py:190} INFO - [2026-08-12T05:43:36.127+0000] {dag.py:4138} INFO - Setting next_dagrun for tutorial_taskflow_api_virtualenv to None, run_after=None
[2026-08-12T05:43:36.152+0000] {processor.py:208} INFO - Processing /home/airflow/.local/lib/python3.12/site-packages/airflow/example_dags/tutorial_taskflow_api_virtualenv.py took 0.096 seconds
[2026-08-12T05:44:06.915+0000] {processor.py:186} INFO - Started process (PID=8854) to work on /home/airflow/.local/lib/python3.12/site-packages/airflow/example_dags/tutorial_taskflow_api_virtualenv.py
[2026-08-12T05:44:06.918+0000] {processor.py:914} INFO - Processing file /home/airflow/.local/lib/python3.12/site-packages/airflow/example_dags/tutorial_taskflow_api_virtualenv.py for tasks to queue
[2026-08-12T05:44:06.922+0000] {logging_mixin.py:190} INFO - [2026-08-12T05:44:06.922+0000] {dagbag.py:587} INFO - Filling up the DagBag from /home/airflow/.local/lib/python3.12/site-packages/airflow/example_dags/tutorial_taskflow_api_virtualenv.py
[2026-08-12T05:44:06.938+0000] {processor.py:925} INFO - DAG(s) 'tutorial_taskflow_api_virtualenv' retrieved from /home/airflow/.local/lib/python3.12/site-packages/airflow/example_dags/tutorial_taskflow_api_virtualenv.py
[2026-08-12T05:44:06.964+0000] {logging_mixin.py:190} INFO - [2026-08-12T05:44:06.964+0000] {dag.py:3211} INFO - Sync 1 DAGs
[2026-08-12T05:44:06.979+0000] {logging_mixin.py:190} INFO - [2026-08-12T05:44:06.979+0000] {dag.py:4138} INFO - Setting next_dagrun for tutorial_taskflow_api_virtualenv to None, run_after=None
[2026-08-12T05:44:07.003+0000] {processor.py:208} INFO - Processing /home/airflow/.local/lib/python3.12/site-packages/airflow/example_dags/tutorial_taskflow_api_virtualenv.py took 0.093 seconds
[2026-08-12T05:44:37.674+0000] {processor.py:186} INFO - Started process (PID=8917) to work on /home/airflow/.local/lib/python3.12/site-packages/airflow/example_dags/tutorial_taskflow_api_virtualenv.py
[2026-08-12T05:44:37.677+0000] {processor.py:914} INFO - Processing file /home/airflow/.local/lib/python3.12/site-packages/airflow/example_dags/tutorial_taskflow_api_virtualenv.py for tasks to queue
[2026-08-12T05:44:37.683+0000] {logging_mixin.py:190} INFO - [2026-08-12T05:44:37.681+0000] {dagbag.py:587} INFO - Filling up the DagBag from /home/airflow/.local/lib/python3.12/site-packages/airflow/example_dags/tutorial_taskflow_api_virtualenv.py
[2026-08-12T05:44:37.703+0000] {processor.py:925} INFO - DAG(s) 'tutorial_taskflow_api_virtualenv' retrieved from /home/airflow/.local/lib/python3.12/site-packages/airflow/example_dags/tutorial_taskflow_api_virtualenv.py
[2026-08-12T05:44:37.733+0000] {logging_mixin.py:190} INFO - [2026-08-12T05:44:37.732+0000] {dag.py:3211} INFO - Sync 1 DAGs
[2026-08-12T05:44:37.751+0000] {logging_mixin.py:190} INFO - [2026-08-12T05:44:37.750+0000] {dag.py:4138} INFO - Setting next_dagrun for tutorial_taskflow_api_virtualenv to None, run_after=None
[2026-08-12T05:44:37.779+0000] {processor.py:208} INFO - Processing /home/airflow/.local/lib/python3.12/site-packages/airflow/example_dags/tutorial_taskflow_api_virtualenv.py took 0.114 seconds
[2026-08-12T05:45:08.213+0000] {processor.py:186} INFO - Started process (PID=8980) to work on /home/airflow/.local/lib/python3.12/site-packages/airflow/example_dags/tutorial_taskflow_api_virtualenv.py
[2026-08-12T05:45:08.216+0000] {processor.py:914} INFO - Processing file /home/airflow/.local/lib/python3.12/site-packages/airflow/example_dags/tutorial_taskflow_api_virtualenv.py for tasks to queue
[2026-08-12T05:45:08.221+0000] {logging_mixin.py:190} INFO - [2026-08-12T05:45:08.220+0000] {dagbag.py:587} INFO - Filling up the DagBag from /home/airflow/.local/lib/python3.12/site-packages/airflow/example_dags/tutorial_taskflow_api_virtualenv.py
[2026-08-12T05:45:08.237+0000] {processor.py:925} INFO - DAG(s) 'tutorial_taskflow_api_virtualenv' retrieved from /home/airflow/.local/lib/python3.12/site-packages/airflow/example_dags/tutorial_taskflow_api_virtualenv.py
[2026-08-12T05:45:08.263+0000] {logging_mixin.py:190} INFO - [2026-08-12T05:45:08.262+0000] {dag.py:3211} INFO - Sync 1 DAGs
[2026-08-12T05:45:08.278+0000] {logging_mixin.py:190} INFO - [2026-08-12T05:45:08.278+0000] {dag.py:4138} INFO - Setting next_dagrun for tutorial_taskflow_api_virtualenv to None, run_after=None
[2026-08-12T05:45:08.303+0000] {processor.py:208} INFO - Processing /home/airflow/.local/lib/python3.12/site-packages/airflow/example_dags/tutorial_taskflow_api_virtualenv.py took 0.100 seconds
[2026-08-12T05:45:38.789+0000] {processor.py:186} INFO - Started process (PID=9043) to work on /home/airflow/.local/lib/python3.12/site-packages/airflow/example_dags/tutorial_taskflow_api_virtualenv.py
[2026-08-12T05:45:38.792+0000] {processor.py:914} INFO - Processing file /home/airflow/.local/lib/python3.12/site-packages/airflow/example_dags/tutorial_taskflow_api_virtualenv.py for tasks to queue
[2026-08-12T05:45:38.796+0000] {logging_mixin.py:190} INFO - [2026-08-12T05:45:38.796+0000] {dagbag.py:587} INFO - Filling up the DagBag from /home/airflow/.local/lib/python3.12/site-packages/airflow/example_dags/tutorial_taskflow_api_virtualenv.py
[2026-08-12T05:45:38.810+0000] {processor.py:925} INFO - DAG(s) 'tutorial_taskflow_api_virtualenv' retrieved from /home/airflow/.local/lib/python3.12/site-packages/airflow/example_dags/tutorial_taskflow_api_virtualenv.py
[2026-08-12T05:45:38.834+0000] {logging_mixin.py:190} INFO - [2026-08-12T05:45:38.834+0000] {dag.py:3211} INFO - Sync 1 DAGs
[2026-08-12T05:45:38.851+0000] {logging_mixin.py:190} INFO - [2026-08-12T05:45:38.850+0000] {dag.py:4138} INFO - Setting next_dagrun for tutorial_taskflow_api_virtualenv to None, run_after=None
[2026-08-12T05:45:38.875+0000] {processor.py:208} INFO - Processing /home/airflow/.local/lib/python3.12/site-packages/airflow/example_dags/tutorial_taskflow_api_virtualenv.py took 0.091 seconds
[2026-08-12T05:46:09.380+0000] {processor.py:186} INFO - Started process (PID=9106) to work on /home/airflow/.local/lib/python3.12/site-packages/airflow/example_dags/tutorial_taskflow_api_virtualenv.py
[2026-08-12T05:46:09.383+0000] {processor.py:914} INFO - Processing file /home/airflow/.local/lib/python3.12/site-packages/airflow/example_dags/tutorial_taskflow_api_virtualenv.py for tasks to queue
[2026-08-12T05:46:09.388+0000] {logging_mixin.py:190} INFO - [2026-08-12T05:46:09.388+0000] {dagbag.py:587} INFO - Filling up the DagBag from /home/airflow/.local/lib/python3.12/site-packages/airflow/example_dags/tutorial_taskflow_api_virtualenv.py
[2026-08-12T05:46:09.406+0000] {processor.py:925} INFO - DAG(s) 'tutorial_taskflow_api_virtualenv' retrieved from /home/airflow/.local/lib/python3.12/site-packages/airflow/example_dags/tutorial_taskflow_api_virtualenv.py
[2026-08-12T05:46:09.436+0000] {logging_mixin.py:190} INFO - [2026-08-12T05:46:09.435+0000] {dag.py:3211} INFO - Sync 1 DAGs
[2026-08-12T05:46:09.453+0000] {logging_mixin.py:190} INFO - [2026-08-12T05:46:09.453+0000] {dag.py:4138} INFO - Setting next_dagrun for tutorial_taskflow_api_virtualenv to None, run_after=None
[2026-08-12T05:46:09.481+0000] {processor.py:208} INFO - Processing /home/airflow/.local/lib/python3.12/site-packages/airflow/example_dags/tutorial_taskflow_api_virtualenv.py took 0.107 seconds
[2026-08-12T05:46:39.990+0000] {processor.py:186} INFO - Started process (PID=9169) to work on /home/airflow/.local/lib/python3.12/site-packages/airflow/example_dags/tutorial_taskflow_api_virtualenv.py
[2026-08-12T05:46:39.992+0000] {processor.py:914} INFO - Processing file /home/airflow/.local/lib/python3.12/site-packages/airflow/example_dags/tutorial_taskflow_api_virtualenv.py for tasks to queue
[2026-08-12T05:46:39.997+0000] {logging_mixin.py:190} INFO - [2026-08-12T05:46:39.996+0000] {dagbag.py:587} INFO - Filling up the DagBag from /home/airflow/.local/lib/python3.12/site-packages/airflow/example_dags/tutorial_taskflow_api_virtualenv.py
[2026-08-12T05:46:40.014+0000] {processor.py:925} INFO - DAG(s) 'tutorial_taskflow_api_virtualenv' retrieved from /home/airflow/.local/lib/python3.12/site-packages/airflow/example_dags/tutorial_taskflow_api_virtualenv.py
[2026-08-12T05:46:40.044+0000] {logging_mixin.py:190} INFO - [2026-08-12T05:46:40.043+0000] {dag.py:3211} INFO - Sync 1 DAGs
[2026-08-12T05:46:40.063+0000] {logging_mixin.py:190} INFO - [2026-08-12T05:46:40.063+0000] {dag.py:4138} INFO - Setting next_dagrun for tutorial_taskflow_api_virtualenv to None, run_after=None
[2026-08-12T05:46:40.088+0000] {processor.py:208} INFO - Processing /home/airflow/.local/lib/python3.12/site-packages/airflow/example_dags/tutorial_taskflow_api_virtualenv.py took 0.106 seconds
[2026-08-12T05:47:10.225+0000] {processor.py:186} INFO - Started process (PID=9232) to work on /home/airflow/.local/lib/python3.12/site-packages/airflow/example_dags/tutorial_taskflow_api_virtualenv.py
[2026-08-12T05:47:10.228+0000] {processor.py:914} INFO - Processing file /home/airflow/.local/lib/python3.12/site-packages/airflow/example_dags/tutorial_taskflow_api_virtualenv.py for tasks to queue
[2026-08-12T05:47:10.233+0000] {logging_mixin.py:190} INFO - [2026-08-12T05:47:10.233+0000] {dagbag.py:587} INFO - Filling up the DagBag from /home/airflow/.local/lib/python3.12/site-packages/airflow/example_dags/tutorial_taskflow_api_virtualenv.py
[2026-08-12T05:47:10.248+0000] {processor.py:925} INFO - DAG(s) 'tutorial_taskflow_api_virtualenv' retrieved from /home/airflow/.local/lib/python3.12/site-packages/airflow/example_dags/tutorial_taskflow_api_virtualenv.py
[2026-08-12T05:47:10.275+0000] {logging_mixin.py:190} INFO - [2026-08-12T05:47:10.274+0000] {dag.py:3211} INFO - Sync 1 DAGs
[2026-08-12T05:47:10.291+0000] {logging_mixin.py:190} INFO - [2026-08-12T05:47:10.291+0000] {dag.py:4138} INFO - Setting next_dagrun for tutorial_taskflow_api_virtualenv to None, run_after=None
[2026-08-12T05:47:10.320+0000] {processor.py:208} INFO - Processing /home/airflow/.local/lib/python3.12/site-packages/airflow/example_dags/tutorial_taskflow_api_virtualenv.py took 0.101 seconds
[2026-08-12T05:47:41.071+0000] {processor.py:186} INFO - Started process (PID=9295) to work on /home/airflow/.local/lib/python3.12/site-packages/airflow/example_dags/tutorial_taskflow_api_virtualenv.py
[2026-08-12T05:47:41.077+0000] {processor.py:914} INFO - Processing file /home/airflow/.local/lib/python3.12/site-packages/airflow/example_dags/tutorial_taskflow_api_virtualenv.py for tasks to queue
[2026-08-12T05:47:41.088+0000] {logging_mixin.py:190} INFO - [2026-08-12T05:47:41.086+0000] {dagbag.py:587} INFO - Filling up the DagBag from /home/airflow/.local/lib/python3.12/site-packages/airflow/example_dags/tutorial_taskflow_api_virtualenv.py
[2026-08-12T05:47:41.116+0000] {processor.py:925} INFO - DAG(s) 'tutorial_taskflow_api_virtualenv' retrieved from /home/airflow/.local/lib/python3.12/site-packages/airflow/example_dags/tutorial_taskflow_api_virtualenv.py
[2026-08-12T05:47:41.150+0000] {logging_mixin.py:190} INFO - [2026-08-12T05:47:41.149+0000] {dag.py:3211} INFO - Sync 1 DAGs
[2026-08-12T05:47:41.166+0000] {logging_mixin.py:190} INFO - [2026-08-12T05:47:41.166+0000] {dag.py:4138} INFO - Setting next_dagrun for tutorial_taskflow_api_virtualenv to None, run_after=None
[2026-08-12T05:47:41.197+0000] {processor.py:208} INFO - Processing /home/airflow/.local/lib/python3.12/site-packages/airflow/example_dags/tutorial_taskflow_api_virtualenv.py took 0.139 seconds
[2026-08-12T05:48:11.592+0000] {processor.py:186} INFO - Started process (PID=9358) to work on /home/airflow/.local/lib/python3.12/site-packages/airflow/example_dags/tutorial_taskflow_api_virtualenv.py
[2026-08-12T05:48:11.594+0000] {processor.py:914} INFO - Processing file /home/airflow/.local/lib/python3.12/site-packages/airflow/example_dags/tutorial_taskflow_api_virtualenv.py for tasks to queue
[2026-08-12T05:48:11.600+0000] {logging_mixin.py:190} INFO - [2026-08-12T05:48:11.599+0000] {dagbag.py:587} INFO - Filling up the DagBag from /home/airflow/.local/lib/python3.12/site-packages/airflow/example_dags/tutorial_taskflow_api_virtualenv.py
[2026-08-12T05:48:11.615+0000] {processor.py:925} INFO - DAG(s) 'tutorial_taskflow_api_virtualenv' retrieved from /home/airflow/.local/lib/python3.12/site-packages/airflow/example_dags/tutorial_taskflow_api_virtualenv.py
[2026-08-12T05:48:11.639+0000] {logging_mixin.py:190} INFO - [2026-08-12T05:48:11.639+0000] {dag.py:3211} INFO - Sync 1 DAGs
[2026-08-12T05:48:11.665+0000] {logging_mixin.py:190} INFO - [2026-08-12T05:48:11.664+0000] {dag.py:4138} INFO - Setting next_dagrun for tutorial_taskflow_api_virtualenv to None, run_after=None
[2026-08-12T05:48:11.695+0000] {processor.py:208} INFO - Processing /home/airflow/.local/lib/python3.12/site-packages/airflow/example_dags/tutorial_taskflow_api_virtualenv.py took 0.109 seconds
[2026-08-12T05:48:41.869+0000] {processor.py:186} INFO - Started process (PID=9421) to work on /home/airflow/.local/lib/python3.12/site-packages/airflow/example_dags/tutorial_taskflow_api_virtualenv.py
[2026-08-12T05:48:41.872+0000] {processor.py:914} INFO - Processing file /home/airflow/.local/lib/python3.12/site-packages/airflow/example_dags/tutorial_taskflow_api_virtualenv.py for tasks to queue
[2026-08-12T05:48:41.876+0000] {logging_mixin.py:190} INFO - [2026-08-12T05:48:41.876+0000] {dagbag.py:587} INFO - Filling up the DagBag from /home/airflow/.local/lib/python3.12/site-packages/airflow/example_dags/tutorial_taskflow_api_virtualenv.py
[2026-08-12T05:48:41.892+0000] {processor.py:925} INFO - DAG(s) 'tutorial_taskflow_api_virtualenv' retrieved from /home/airflow/.local/lib/python3.12/site-packages/airflow/example_dags/tutorial_taskflow_api_virtualenv.py
[2026-08-12T05:48:41.919+0000] {logging_mixin.py:190} INFO - [2026-08-12T05:48:41.919+0000] {dag.py:3211} INFO - Sync 1 DAGs
[2026-08-12T05:48:41.937+0000] {logging_mixin.py:190} INFO - [2026-08-12T05:48:41.937+0000] {dag.py:4138} INFO - Setting next_dagrun for tutorial_taskflow_api_virtualenv to None, run_after=None
[2026-08-12T05:48:41.963+0000] {processor.py:208} INFO - Processing /home/airflow/.local/lib/python3.12/site-packages/airflow/example_dags/tutorial_taskflow_api_virtualenv.py took 0.101 seconds
[2026-08-12T05:49:12.408+0000] {processor.py:186} INFO - Started process (PID=9484) to work on /home/airflow/.local/lib/python3.12/site-packages/airflow/example_dags/tutorial_taskflow_api_virtualenv.py
[2026-08-12T05:49:12.411+0000] {processor.py:914} INFO - Processing file /home/airflow/.local/lib/python3.12/site-packages/airflow/example_dags/tutorial_taskflow_api_virtualenv.py for tasks to queue
[2026-08-12T05:49:12.416+0000] {logging_mixin.py:190} INFO - [2026-08-12T05:49:12.415+0000] {dagbag.py:587} INFO - Filling up the DagBag from /home/airflow/.local/lib/python3.12/site-packages/airflow/example_dags/tutorial_taskflow_api_virtualenv.py
[2026-08-12T05:49:12.433+0000] {processor.py:925} INFO - DAG(s) 'tutorial_taskflow_api_virtualenv' retrieved from /home/airflow/.local/lib/python3.12/site-packages/airflow/example_dags/tutorial_taskflow_api_virtualenv.py
[2026-08-12T05:49:12.460+0000] {logging_mixin.py:190} INFO - [2026-08-12T05:49:12.460+0000] {dag.py:3211} INFO - Sync 1 DAGs
[2026-08-12T05:49:12.475+0000] {logging_mixin.py:190} INFO - [2026-08-12T05:49:12.475+0000] {dag.py:4138} INFO - Setting next_dagrun for tutorial_taskflow_api_virtualenv to None, run_after=None
[2026-08-12T05:49:12.497+0000] {processor.py:208} INFO - Processing /home/airflow/.local/lib/python3.12/site-packages/airflow/example_dags/tutorial_taskflow_api_virtualenv.py took 0.101 seconds
[2026-08-12T05:49:43.451+0000] {processor.py:186} INFO - Started process (PID=9547) to work on /home/airflow/.local/lib/python3.12/site-packages/airflow/example_dags/tutorial_taskflow_api_virtualenv.py
[2026-08-12T05:49:43.453+0000] {processor.py:914} INFO - Processing file /home/airflow/.local/lib/python3.12/site-packages/airflow/example_dags/tutorial_taskflow_api_virtualenv.py for tasks to queue
[2026-08-12T05:49:43.457+0000] {logging_mixin.py:190} INFO - [2026-08-12T05:49:43.457+0000] {dagbag.py:587} INFO - Filling up the DagBag from /home/airflow/.local/lib/python3.12/site-packages/airflow/example_dags/tutorial_taskflow_api_virtualenv.py
[2026-08-12T05:49:43.475+0000] {processor.py:925} INFO - DAG(s) 'tutorial_taskflow_api_virtualenv' retrieved from /home/airflow/.local/lib/python3.12/site-packages/airflow/example_dags/tutorial_taskflow_api_virtualenv.py
[2026-08-12T05:49:43.507+0000] {logging_mixin.py:190} INFO - [2026-08-12T05:49:43.507+0000] {dag.py:3211} INFO - Sync 1 DAGs
[2026-08-12T05:49:43.529+0000] {logging_mixin.py:190} INFO - [2026-08-12T05:49:43.529+0000] {dag.py:4138} INFO - Setting next_dagrun for tutorial_taskflow_api_virtualenv to None, run_after=None
[2026-08-12T05:49:43.564+0000] {processor.py:208} INFO - Processing /home/airflow/.local/lib/python3.12/site-packages/airflow/example_dags/tutorial_taskflow_api_virtualenv.py took 0.120 seconds
[2026-08-12T05:50:13.989+0000] {processor.py:186} INFO - Started process (PID=9611) to work on /home/airflow/.local/lib/python3.12/site-packages/airflow/example_dags/tutorial_taskflow_api_virtualenv.py
[2026-08-12T05:50:13.991+0000] {processor.py:914} INFO - Processing file /home/airflow/.local/lib/python3.12/site-packages/airflow/example_dags/tutorial_taskflow_api_virtualenv.py for tasks to queue
[2026-08-12T05:50:13.995+0000] {logging_mixin.py:190} INFO - [2026-08-12T05:50:13.994+0000] {dagbag.py:587} INFO - Filling up the DagBag from /home/airflow/.local/lib/python3.12/site-packages/airflow/example_dags/tutorial_taskflow_api_virtualenv.py
[2026-08-12T05:50:14.010+0000] {processor.py:925} INFO - DAG(s) 'tutorial_taskflow_api_virtualenv' retrieved from /home/airflow/.local/lib/python3.12/site-packages/airflow/example_dags/tutorial_taskflow_api_virtualenv.py
[2026-08-12T05:50:14.032+0000] {logging_mixin.py:190} INFO - [2026-08-12T05:50:14.032+0000] {dag.py:3211} INFO - Sync 1 DAGs
[2026-08-12T05:50:14.049+0000] {logging_mixin.py:190} INFO - [2026-08-12T05:50:14.048+0000] {dag.py:4138} INFO - Setting next_dagrun for tutorial_taskflow_api_virtualenv to None, run_after=None
[2026-08-12T05:50:14.077+0000] {processor.py:208} INFO - Processing /home/airflow/.local/lib/python3.12/site-packages/airflow/example_dags/tutorial_taskflow_api_virtualenv.py took 0.096 seconds
[2026-08-12T05:50:44.460+0000] {processor.py:186} INFO - Started process (PID=9674) to work on /home/airflow/.local/lib/python3.12/site-packages/airflow/example_dags/tutorial_taskflow_api_virtualenv.py
[2026-08-12T05:50:44.463+0000] {processor.py:914} INFO - Processing file /home/airflow/.local/lib/python3.12/site-packages/airflow/example_dags/tutorial_taskflow_api_virtualenv.py for tasks to queue
[2026-08-12T05:50:44.466+0000] {logging_mixin.py:190} INFO - [2026-08-12T05:50:44.466+0000] {dagbag.py:587} INFO - Filling up the DagBag from /home/airflow/.local/lib/python3.12/site-packages/airflow/example_dags/tutorial_taskflow_api_virtualenv.py
[2026-08-12T05:50:44.482+0000] {processor.py:925} INFO - DAG(s) 'tutorial_taskflow_api_virtualenv' retrieved from /home/airflow/.local/lib/python3.12/site-packages/airflow/example_dags/tutorial_taskflow_api_virtualenv.py
[2026-08-12T05:50:44.504+0000] {logging_mixin.py:190} INFO - [2026-08-12T05:50:44.504+0000] {dag.py:3211} INFO - Sync 1 DAGs
[2026-08-12T05:50:44.521+0000] {logging_mixin.py:190} INFO - [2026-08-12T05:50:44.521+0000] {dag.py:4138} INFO - Setting next_dagrun for tutorial_taskflow_api_virtualenv to None, run_after=None
[2026-08-12T05:50:44.541+0000] {processor.py:208} INFO - Processing /home/airflow/.local/lib/python3.12/site-packages/airflow/example_dags/tutorial_taskflow_api_virtualenv.py took 0.088 seconds
[2026-08-12T05:51:15.336+0000] {processor.py:186} INFO - Started process (PID=9738) to work on /home/airflow/.local/lib/python3.12/site-packages/airflow/example_dags/tutorial_taskflow_api_virtualenv.py
[2026-08-12T05:51:15.339+0000] {processor.py:914} INFO - Processing file /home/airflow/.local/lib/python3.12/site-packages/airflow/example_dags/tutorial_taskflow_api_virtualenv.py for tasks to queue
[2026-08-12T05:51:15.343+0000] {logging_mixin.py:190} INFO - [2026-08-12T05:51:15.343+0000] {dagbag.py:587} INFO - Filling up the DagBag from /home/airflow/.local/lib/python3.12/site-packages/airflow/example_dags/tutorial_taskflow_api_virtualenv.py
[2026-08-12T05:51:15.366+0000] {processor.py:925} INFO - DAG(s) 'tutorial_taskflow_api_virtualenv' retrieved from /home/airflow/.local/lib/python3.12/site-packages/airflow/example_dags/tutorial_taskflow_api_virtualenv.py
[2026-08-12T05:51:15.391+0000] {logging_mixin.py:190} INFO - [2026-08-12T05:51:15.391+0000] {dag.py:3211} INFO - Sync 1 DAGs
[2026-08-12T05:51:15.410+0000] {logging_mixin.py:190} INFO - [2026-08-12T05:51:15.410+0000] {dag.py:4138} INFO - Setting next_dagrun for tutorial_taskflow_api_virtualenv to None, run_after=None
[2026-08-12T05:51:15.434+0000] {processor.py:208} INFO - Processing /home/airflow/.local/lib/python3.12/site-packages/airflow/example_dags/tutorial_taskflow_api_virtualenv.py took 0.106 seconds
[2026-08-12T05:51:46.606+0000] {processor.py:186} INFO - Started process (PID=9801) to work on /home/airflow/.local/lib/python3.12/site-packages/airflow/example_dags/tutorial_taskflow_api_virtualenv.py
[2026-08-12T05:51:46.609+0000] {processor.py:914} INFO - Processing file /home/airflow/.local/lib/python3.12/site-packages/airflow/example_dags/tutorial_taskflow_api_virtualenv.py for tasks to queue
[2026-08-12T05:51:46.614+0000] {logging_mixin.py:190} INFO - [2026-08-12T05:51:46.613+0000] {dagbag.py:587} INFO - Filling up the DagBag from /home/airflow/.local/lib/python3.12/site-packages/airflow/example_dags/tutorial_taskflow_api_virtualenv.py
[2026-08-12T05:51:46.634+0000] {processor.py:925} INFO - DAG(s) 'tutorial_taskflow_api_virtualenv' retrieved from /home/airflow/.local/lib/python3.12/site-packages/airflow/example_dags/tutorial_taskflow_api_virtualenv.py
[2026-08-12T05:51:46.670+0000] {logging_mixin.py:190} INFO - [2026-08-12T05:51:46.670+0000] {dag.py:3211} INFO - Sync 1 DAGs
[2026-08-12T05:51:46.687+0000] {logging_mixin.py:190} INFO - [2026-08-12T05:51:46.686+0000] {dag.py:4138} INFO - Setting next_dagrun for tutorial_taskflow_api_virtualenv to None, run_after=None
[2026-08-12T05:51:46.709+0000] {processor.py:208} INFO - Processing /home/airflow/.local/lib/python3.12/site-packages/airflow/example_dags/tutorial_taskflow_api_virtualenv.py took 0.112 seconds
[2026-08-12T05:52:17.240+0000] {processor.py:186} INFO - Started process (PID=9864) to work on /home/airflow/.local/lib/python3.12/site-packages/airflow/example_dags/tutorial_taskflow_api_virtualenv.py
[2026-08-12T05:52:17.243+0000] {processor.py:914} INFO - Processing file /home/airflow/.local/lib/python3.12/site-packages/airflow/example_dags/tutorial_taskflow_api_virtualenv.py for tasks to queue
[2026-08-12T05:52:17.246+0000] {logging_mixin.py:190} INFO - [2026-08-12T05:52:17.246+0000] {dagbag.py:587} INFO - Filling up the DagBag from /home/airflow/.local/lib/python3.12/site-packages/airflow/example_dags/tutorial_taskflow_api_virtualenv.py
[2026-08-12T05:52:17.262+0000] {processor.py:925} INFO - DAG(s) 'tutorial_taskflow_api_virtualenv' retrieved from /home/airflow/.local/lib/python3.12/site-packages/airflow/example_dags/tutorial_taskflow_api_virtualenv.py
[2026-08-12T05:52:17.286+0000] {logging_mixin.py:190} INFO - [2026-08-12T05:52:17.285+0000] {dag.py:3211} INFO - Sync 1 DAGs
[2026-08-12T05:52:17.303+0000] {logging_mixin.py:190} INFO - [2026-08-12T05:52:17.303+0000] {dag.py:4138} INFO - Setting next_dagrun for tutorial_taskflow_api_virtualenv to None, run_after=None
[2026-08-12T05:52:17.329+0000] {processor.py:208} INFO - Processing /home/airflow/.local/lib/python3.12/site-packages/airflow/example_dags/tutorial_taskflow_api_virtualenv.py took 0.095 seconds
[2026-08-12T05:52:48.457+0000] {processor.py:186} INFO - Started process (PID=9927) to work on /home/airflow/.local/lib/python3.12/site-packages/airflow/example_dags/tutorial_taskflow_api_virtualenv.py
[2026-08-12T05:52:48.459+0000] {processor.py:914} INFO - Processing file /home/airflow/.local/lib/python3.12/site-packages/airflow/example_dags/tutorial_taskflow_api_virtualenv.py for tasks to queue
[2026-08-12T05:52:48.463+0000] {logging_mixin.py:190} INFO - [2026-08-12T05:52:48.463+0000] {dagbag.py:587} INFO - Filling up the DagBag from /home/airflow/.local/lib/python3.12/site-packages/airflow/example_dags/tutorial_taskflow_api_virtualenv.py
[2026-08-12T05:52:48.477+0000] {processor.py:925} INFO - DAG(s) 'tutorial_taskflow_api_virtualenv' retrieved from /home/airflow/.local/lib/python3.12/site-packages/airflow/example_dags/tutorial_taskflow_api_virtualenv.py
[2026-08-12T05:52:48.500+0000] {logging_mixin.py:190} INFO - [2026-08-12T05:52:48.499+0000] {dag.py:3211} INFO - Sync 1 DAGs
[2026-08-12T05:52:48.516+0000] {logging_mixin.py:190} INFO - [2026-08-12T05:52:48.516+0000] {dag.py:4138} INFO - Setting next_dagrun for tutorial_taskflow_api_virtualenv to None, run_after=None
[2026-08-12T05:52:48.546+0000] {processor.py:208} INFO - Processing /home/airflow/.local/lib/python3.12/site-packages/airflow/example_dags/tutorial_taskflow_api_virtualenv.py took 0.095 seconds
[2026-08-12T05:53:18.892+0000] {processor.py:186} INFO - Started process (PID=9990) to work on /home/airflow/.local/lib/python3.12/site-packages/airflow/example_dags/tutorial_taskflow_api_virtualenv.py
[2026-08-12T05:53:18.894+0000] {processor.py:914} INFO - Processing file /home/airflow/.local/lib/python3.12/site-packages/airflow/example_dags/tutorial_taskflow_api_virtualenv.py for tasks to queue
[2026-08-12T05:53:18.898+0000] {logging_mixin.py:190} INFO - [2026-08-12T05:53:18.898+0000] {dagbag.py:587} INFO - Filling up the DagBag from /home/airflow/.local/lib/python3.12/site-packages/airflow/example_dags/tutorial_taskflow_api_virtualenv.py
[2026-08-12T05:53:18.918+0000] {processor.py:925} INFO - DAG(s) 'tutorial_taskflow_api_virtualenv' retrieved from /home/airflow/.local/lib/python3.12/site-packages/airflow/example_dags/tutorial_taskflow_api_virtualenv.py
[2026-08-12T05:53:18.950+0000] {logging_mixin.py:190} INFO - [2026-08-12T05:53:18.949+0000] {dag.py:3211} INFO - Sync 1 DAGs
[2026-08-12T05:53:18.979+0000] {logging_mixin.py:190} INFO - [2026-08-12T05:53:18.978+0000] {dag.py:4138} INFO - Setting next_dagrun for tutorial_taskflow_api_virtualenv to None, run_after=None
[2026-08-12T05:53:19.013+0000] {processor.py:208} INFO - Processing /home/airflow/.local/lib/python3.12/site-packages/airflow/example_dags/tutorial_taskflow_api_virtualenv.py took 0.128 seconds
[2026-08-12T05:53:49.894+0000] {processor.py:186} INFO - Started process (PID=10053) to work on /home/airflow/.local/lib/python3.12/site-packages/airflow/example_dags/tutorial_taskflow_api_virtualenv.py
[2026-08-12T05:53:49.896+0000] {processor.py:914} INFO - Processing file /home/airflow/.local/lib/python3.12/site-packages/airflow/example_dags/tutorial_taskflow_api_virtualenv.py for tasks to queue
[2026-08-12T05:53:49.901+0000] {logging_mixin.py:190} INFO - [2026-08-12T05:53:49.901+0000] {dagbag.py:587} INFO - Filling up the DagBag from /home/airflow/.local/lib/python3.12/site-packages/airflow/example_dags/tutorial_taskflow_api_virtualenv.py
[2026-08-12T05:53:49.923+0000] {processor.py:925} INFO - DAG(s) 'tutorial_taskflow_api_virtualenv' retrieved from /home/airflow/.local/lib/python3.12/site-packages/airflow/example_dags/tutorial_taskflow_api_virtualenv.py
[2026-08-12T05:53:49.958+0000] {logging_mixin.py:190} INFO - [2026-08-12T05:53:49.958+0000] {dag.py:3211} INFO - Sync 1 DAGs
[2026-08-12T05:53:49.995+0000] {logging_mixin.py:190} INFO - [2026-08-12T05:53:49.994+0000] {dag.py:4138} INFO - Setting next_dagrun for tutorial_taskflow_api_virtualenv to None, run_after=None
[2026-08-12T05:53:50.051+0000] {processor.py:208} INFO - Processing /home/airflow/.local/lib/python3.12/site-packages/airflow/example_dags/tutorial_taskflow_api_virtualenv.py took 0.170 seconds
[2026-08-12T05:54:21.233+0000] {processor.py:186} INFO - Started process (PID=10116) to work on /home/airflow/.local/lib/python3.12/site-packages/airflow/example_dags/tutorial_taskflow_api_virtualenv.py
[2026-08-12T05:54:21.235+0000] {processor.py:914} INFO - Processing file /home/airflow/.local/lib/python3.12/site-packages/airflow/example_dags/tutorial_taskflow_api_virtualenv.py for tasks to queue
[2026-08-12T05:54:21.239+0000] {logging_mixin.py:190} INFO - [2026-08-12T05:54:21.238+0000] {dagbag.py:587} INFO - Filling up the DagBag from /home/airflow/.local/lib/python3.12/site-packages/airflow/example_dags/tutorial_taskflow_api_virtualenv.py
[2026-08-12T05:54:21.253+0000] {processor.py:925} INFO - DAG(s) 'tutorial_taskflow_api_virtualenv' retrieved from /home/airflow/.local/lib/python3.12/site-packages/airflow/example_dags/tutorial_taskflow_api_virtualenv.py
[2026-08-12T05:54:21.276+0000] {logging_mixin.py:190} INFO - [2026-08-12T05:54:21.276+0000] {dag.py:3211} INFO - Sync 1 DAGs
[2026-08-12T05:54:21.293+0000] {logging_mixin.py:190} INFO - [2026-08-12T05:54:21.293+0000] {dag.py:4138} INFO - Setting next_dagrun for tutorial_taskflow_api_virtualenv to None, run_after=None
[2026-08-12T05:54:21.318+0000] {processor.py:208} INFO - Processing /home/airflow/.local/lib/python3.12/site-packages/airflow/example_dags/tutorial_taskflow_api_virtualenv.py took 0.093 seconds
[2026-08-12T05:54:52.080+0000] {processor.py:186} INFO - Started process (PID=10181) to work on /home/airflow/.local/lib/python3.12/site-packages/airflow/example_dags/tutorial_taskflow_api_virtualenv.py
[2026-08-12T05:54:52.083+0000] {processor.py:914} INFO - Processing file /home/airflow/.local/lib/python3.12/site-packages/airflow/example_dags/tutorial_taskflow_api_virtualenv.py for tasks to queue
[2026-08-12T05:54:52.089+0000] {logging_mixin.py:190} INFO - [2026-08-12T05:54:52.088+0000] {dagbag.py:587} INFO - Filling up the DagBag from /home/airflow/.local/lib/python3.12/site-packages/airflow/example_dags/tutorial_taskflow_api_virtualenv.py
[2026-08-12T05:54:52.105+0000] {processor.py:925} INFO - DAG(s) 'tutorial_taskflow_api_virtualenv' retrieved from /home/airflow/.local/lib/python3.12/site-packages/airflow/example_dags/tutorial_taskflow_api_virtualenv.py
[2026-08-12T05:54:52.130+0000] {logging_mixin.py:190} INFO - [2026-08-12T05:54:52.130+0000] {dag.py:3211} INFO - Sync 1 DAGs
[2026-08-12T05:54:52.153+0000] {logging_mixin.py:190} INFO - [2026-08-12T05:54:52.153+0000] {dag.py:4138} INFO - Setting next_dagrun for tutorial_taskflow_api_virtualenv to None, run_after=None
[2026-08-12T05:54:52.181+0000] {processor.py:208} INFO - Processing /home/airflow/.local/lib/python3.12/site-packages/airflow/example_dags/tutorial_taskflow_api_virtualenv.py took 0.111 seconds
[2026-08-12T05:55:23.689+0000] {processor.py:186} INFO - Started process (PID=10244) to work on /home/airflow/.local/lib/python3.12/site-packages/airflow/example_dags/tutorial_taskflow_api_virtualenv.py
[2026-08-12T05:55:23.692+0000] {processor.py:914} INFO - Processing file /home/airflow/.local/lib/python3.12/site-packages/airflow/example_dags/tutorial_taskflow_api_virtualenv.py for tasks to queue
[2026-08-12T05:55:23.696+0000] {logging_mixin.py:190} INFO - [2026-08-12T05:55:23.696+0000] {dagbag.py:587} INFO - Filling up the DagBag from /home/airflow/.local/lib/python3.12/site-packages/airflow/example_dags/tutorial_taskflow_api_virtualenv.py
[2026-08-12T05:55:23.717+0000] {processor.py:925} INFO - DAG(s) 'tutorial_taskflow_api_virtualenv' retrieved from /home/airflow/.local/lib/python3.12/site-packages/airflow/example_dags/tutorial_taskflow_api_virtualenv.py
[2026-08-12T05:55:23.753+0000] {logging_mixin.py:190} INFO - [2026-08-12T05:55:23.753+0000] {dag.py:3211} INFO - Sync 1 DAGs
[2026-08-12T05:55:23.975+0000] {logging_mixin.py:190} INFO - [2026-08-12T05:55:23.975+0000] {dag.py:4138} INFO - Setting next_dagrun for tutorial_taskflow_api_virtualenv to None, run_after=None
[2026-08-12T05:55:23.999+0000] {processor.py:208} INFO - Processing /home/airflow/.local/lib/python3.12/site-packages/airflow/example_dags/tutorial_taskflow_api_virtualenv.py took 0.316 seconds
[2026-08-12T05:55:54.291+0000] {processor.py:186} INFO - Started process (PID=10307) to work on /home/airflow/.local/lib/python3.12/site-packages/airflow/example_dags/tutorial_taskflow_api_virtualenv.py
[2026-08-12T05:55:54.294+0000] {processor.py:914} INFO - Processing file /home/airflow/.local/lib/python3.12/site-packages/airflow/example_dags/tutorial_taskflow_api_virtualenv.py for tasks to queue
[2026-08-12T05:55:54.299+0000] {logging_mixin.py:190} INFO - [2026-08-12T05:55:54.299+0000] {dagbag.py:587} INFO - Filling up the DagBag from /home/airflow/.local/lib/python3.12/site-packages/airflow/example_dags/tutorial_taskflow_api_virtualenv.py
[2026-08-12T05:55:54.315+0000] {processor.py:925} INFO - DAG(s) 'tutorial_taskflow_api_virtualenv' retrieved from /home/airflow/.local/lib/python3.12/site-packages/airflow/example_dags/tutorial_taskflow_api_virtualenv.py
[2026-08-12T05:55:54.339+0000] {logging_mixin.py:190} INFO - [2026-08-12T05:55:54.339+0000] {dag.py:3211} INFO - Sync 1 DAGs
[2026-08-12T05:55:54.357+0000] {logging_mixin.py:190} INFO - [2026-08-12T05:55:54.357+0000] {dag.py:4138} INFO - Setting next_dagrun for tutorial_taskflow_api_virtualenv to None, run_after=None
[2026-08-12T05:55:54.551+0000] {processor.py:208} INFO - Processing /home/airflow/.local/lib/python3.12/site-packages/airflow/example_dags/tutorial_taskflow_api_virtualenv.py took 0.268 seconds
[2026-08-12T05:56:24.833+0000] {processor.py:186} INFO - Started process (PID=10370) to work on /home/airflow/.local/lib/python3.12/site-packages/airflow/example_dags/tutorial_taskflow_api_virtualenv.py
[2026-08-12T05:56:24.839+0000] {processor.py:914} INFO - Processing file /home/airflow/.local/lib/python3.12/site-packages/airflow/example_dags/tutorial_taskflow_api_virtualenv.py for tasks to queue
[2026-08-12T05:56:24.845+0000] {logging_mixin.py:190} INFO - [2026-08-12T05:56:24.845+0000] {dagbag.py:587} INFO - Filling up the DagBag from /home/airflow/.local/lib/python3.12/site-packages/airflow/example_dags/tutorial_taskflow_api_virtualenv.py
[2026-08-12T05:56:24.863+0000] {processor.py:925} INFO - DAG(s) 'tutorial_taskflow_api_virtualenv' retrieved from /home/airflow/.local/lib/python3.12/site-packages/airflow/example_dags/tutorial_taskflow_api_virtualenv.py
[2026-08-12T05:56:24.895+0000] {logging_mixin.py:190} INFO - [2026-08-12T05:56:24.895+0000] {dag.py:3211} INFO - Sync 1 DAGs
[2026-08-12T05:56:24.911+0000] {logging_mixin.py:190} INFO - [2026-08-12T05:56:24.911+0000] {dag.py:4138} INFO - Setting next_dagrun for tutorial_taskflow_api_virtualenv to None, run_after=None
[2026-08-12T05:56:24.934+0000] {processor.py:208} INFO - Processing /home/airflow/.local/lib/python3.12/site-packages/airflow/example_dags/tutorial_taskflow_api_virtualenv.py took 0.116 seconds
[2026-08-12T05:56:55.020+0000] {processor.py:186} INFO - Started process (PID=10433) to work on /home/airflow/.local/lib/python3.12/site-packages/airflow/example_dags/tutorial_taskflow_api_virtualenv.py
[2026-08-12T05:56:55.022+0000] {processor.py:914} INFO - Processing file /home/airflow/.local/lib/python3.12/site-packages/airflow/example_dags/tutorial_taskflow_api_virtualenv.py for tasks to queue
[2026-08-12T05:56:55.027+0000] {logging_mixin.py:190} INFO - [2026-08-12T05:56:55.027+0000] {dagbag.py:587} INFO - Filling up the DagBag from /home/airflow/.local/lib/python3.12/site-packages/airflow/example_dags/tutorial_taskflow_api_virtualenv.py
[2026-08-12T05:56:55.041+0000] {processor.py:925} INFO - DAG(s) 'tutorial_taskflow_api_virtualenv' retrieved from /home/airflow/.local/lib/python3.12/site-packages/airflow/example_dags/tutorial_taskflow_api_virtualenv.py
[2026-08-12T05:56:55.066+0000] {logging_mixin.py:190} INFO - [2026-08-12T05:56:55.065+0000] {dag.py:3211} INFO - Sync 1 DAGs
[2026-08-12T05:56:55.084+0000] {logging_mixin.py:190} INFO - [2026-08-12T05:56:55.083+0000] {dag.py:4138} INFO - Setting next_dagrun for tutorial_taskflow_api_virtualenv to None, run_after=None
[2026-08-12T05:56:55.106+0000] {processor.py:208} INFO - Processing /home/airflow/.local/lib/python3.12/site-packages/airflow/example_dags/tutorial_taskflow_api_virtualenv.py took 0.092 seconds
[2026-08-12T05:57:27.214+0000] {processor.py:186} INFO - Started process (PID=10498) to work on /home/airflow/.local/lib/python3.12/site-packages/airflow/example_dags/tutorial_taskflow_api_virtualenv.py
[2026-08-12T05:57:27.217+0000] {processor.py:914} INFO - Processing file /home/airflow/.local/lib/python3.12/site-packages/airflow/example_dags/tutorial_taskflow_api_virtualenv.py for tasks to queue
[2026-08-12T05:57:27.222+0000] {logging_mixin.py:190} INFO - [2026-08-12T05:57:27.221+0000] {dagbag.py:587} INFO - Filling up the DagBag from /home/airflow/.local/lib/python3.12/site-packages/airflow/example_dags/tutorial_taskflow_api_virtualenv.py
[2026-08-12T05:57:27.431+0000] {processor.py:925} INFO - DAG(s) 'tutorial_taskflow_api_virtualenv' retrieved from /home/airflow/.local/lib/python3.12/site-packages/airflow/example_dags/tutorial_taskflow_api_virtualenv.py
[2026-08-12T05:57:27.456+0000] {logging_mixin.py:190} INFO - [2026-08-12T05:57:27.456+0000] {dag.py:3211} INFO - Sync 1 DAGs
[2026-08-12T05:57:27.474+0000] {logging_mixin.py:190} INFO - [2026-08-12T05:57:27.473+0000] {dag.py:4138} INFO - Setting next_dagrun for tutorial_taskflow_api_virtualenv to None, run_after=None
[2026-08-12T05:57:27.507+0000] {processor.py:208} INFO - Processing /home/airflow/.local/lib/python3.12/site-packages/airflow/example_dags/tutorial_taskflow_api_virtualenv.py took 0.300 seconds
[2026-08-12T05:57:57.837+0000] {processor.py:186} INFO - Started process (PID=10561) to work on /home/airflow/.local/lib/python3.12/site-packages/airflow/example_dags/tutorial_taskflow_api_virtualenv.py
[2026-08-12T05:57:57.840+0000] {processor.py:914} INFO - Processing file /home/airflow/.local/lib/python3.12/site-packages/airflow/example_dags/tutorial_taskflow_api_virtualenv.py for tasks to queue
[2026-08-12T05:57:57.844+0000] {logging_mixin.py:190} INFO - [2026-08-12T05:57:57.844+0000] {dagbag.py:587} INFO - Filling up the DagBag from /home/airflow/.local/lib/python3.12/site-packages/airflow/example_dags/tutorial_taskflow_api_virtualenv.py
[2026-08-12T05:57:57.859+0000] {processor.py:925} INFO - DAG(s) 'tutorial_taskflow_api_virtualenv' retrieved from /home/airflow/.local/lib/python3.12/site-packages/airflow/example_dags/tutorial_taskflow_api_virtualenv.py
[2026-08-12T05:57:57.882+0000] {logging_mixin.py:190} INFO - [2026-08-12T05:57:57.882+0000] {dag.py:3211} INFO - Sync 1 DAGs
[2026-08-12T05:57:57.898+0000] {logging_mixin.py:190} INFO - [2026-08-12T05:57:57.897+0000] {dag.py:4138} INFO - Setting next_dagrun for tutorial_taskflow_api_virtualenv to None, run_after=None
[2026-08-12T05:57:57.925+0000] {processor.py:208} INFO - Processing /home/airflow/.local/lib/python3.12/site-packages/airflow/example_dags/tutorial_taskflow_api_virtualenv.py took 0.094 seconds
[2026-08-12T05:58:28.234+0000] {processor.py:186} INFO - Started process (PID=10624) to work on /home/airflow/.local/lib/python3.12/site-packages/airflow/example_dags/tutorial_taskflow_api_virtualenv.py
[2026-08-12T05:58:28.237+0000] {processor.py:914} INFO - Processing file /home/airflow/.local/lib/python3.12/site-packages/airflow/example_dags/tutorial_taskflow_api_virtualenv.py for tasks to queue
[2026-08-12T05:58:28.240+0000] {logging_mixin.py:190} INFO - [2026-08-12T05:58:28.240+0000] {dagbag.py:587} INFO - Filling up the DagBag from /home/airflow/.local/lib/python3.12/site-packages/airflow/example_dags/tutorial_taskflow_api_virtualenv.py
[2026-08-12T05:58:28.256+0000] {processor.py:925} INFO - DAG(s) 'tutorial_taskflow_api_virtualenv' retrieved from /home/airflow/.local/lib/python3.12/site-packages/airflow/example_dags/tutorial_taskflow_api_virtualenv.py
[2026-08-12T05:58:28.280+0000] {logging_mixin.py:190} INFO - [2026-08-12T05:58:28.279+0000] {dag.py:3211} INFO - Sync 1 DAGs
[2026-08-12T05:58:28.296+0000] {logging_mixin.py:190} INFO - [2026-08-12T05:58:28.295+0000] {dag.py:4138} INFO - Setting next_dagrun for tutorial_taskflow_api_virtualenv to None, run_after=None
[2026-08-12T05:58:28.321+0000] {processor.py:208} INFO - Processing /home/airflow/.local/lib/python3.12/site-packages/airflow/example_dags/tutorial_taskflow_api_virtualenv.py took 0.095 seconds
[2026-08-12T05:58:58.641+0000] {processor.py:186} INFO - Started process (PID=10687) to work on /home/airflow/.local/lib/python3.12/site-packages/airflow/example_dags/tutorial_taskflow_api_virtualenv.py
[2026-08-12T05:58:58.643+0000] {processor.py:914} INFO - Processing file /home/airflow/.local/lib/python3.12/site-packages/airflow/example_dags/tutorial_taskflow_api_virtualenv.py for tasks to queue
[2026-08-12T05:58:58.647+0000] {logging_mixin.py:190} INFO - [2026-08-12T05:58:58.646+0000] {dagbag.py:587} INFO - Filling up the DagBag from /home/airflow/.local/lib/python3.12/site-packages/airflow/example_dags/tutorial_taskflow_api_virtualenv.py
[2026-08-12T05:58:58.663+0000] {processor.py:925} INFO - DAG(s) 'tutorial_taskflow_api_virtualenv' retrieved from /home/airflow/.local/lib/python3.12/site-packages/airflow/example_dags/tutorial_taskflow_api_virtualenv.py
[2026-08-12T05:58:58.688+0000] {logging_mixin.py:190} INFO - [2026-08-12T05:58:58.687+0000] {dag.py:3211} INFO - Sync 1 DAGs
[2026-08-12T05:58:58.708+0000] {logging_mixin.py:190} INFO - [2026-08-12T05:58:58.708+0000] {dag.py:4138} INFO - Setting next_dagrun for tutorial_taskflow_api_virtualenv to None, run_after=None
[2026-08-12T05:58:58.742+0000] {processor.py:208} INFO - Processing /home/airflow/.local/lib/python3.12/site-packages/airflow/example_dags/tutorial_taskflow_api_virtualenv.py took 0.109 seconds
[2026-08-12T05:59:29.137+0000] {processor.py:186} INFO - Started process (PID=10750) to work on /home/airflow/.local/lib/python3.12/site-packages/airflow/example_dags/tutorial_taskflow_api_virtualenv.py
[2026-08-12T05:59:29.141+0000] {processor.py:914} INFO - Processing file /home/airflow/.local/lib/python3.12/site-packages/airflow/example_dags/tutorial_taskflow_api_virtualenv.py for tasks to queue
[2026-08-12T05:59:29.147+0000] {logging_mixin.py:190} INFO - [2026-08-12T05:59:29.147+0000] {dagbag.py:587} INFO - Filling up the DagBag from /home/airflow/.local/lib/python3.12/site-packages/airflow/example_dags/tutorial_taskflow_api_virtualenv.py
[2026-08-12T05:59:29.165+0000] {processor.py:925} INFO - DAG(s) 'tutorial_taskflow_api_virtualenv' retrieved from /home/airflow/.local/lib/python3.12/site-packages/airflow/example_dags/tutorial_taskflow_api_virtualenv.py
[2026-08-12T05:59:29.191+0000] {logging_mixin.py:190} INFO - [2026-08-12T05:59:29.191+0000] {dag.py:3211} INFO - Sync 1 DAGs
[2026-08-12T05:59:29.207+0000] {logging_mixin.py:190} INFO - [2026-08-12T05:59:29.206+0000] {dag.py:4138} INFO - Setting next_dagrun for tutorial_taskflow_api_virtualenv to None, run_after=None
[2026-08-12T05:59:29.234+0000] {processor.py:208} INFO - Processing /home/airflow/.local/lib/python3.12/site-packages/airflow/example_dags/tutorial_taskflow_api_virtualenv.py took 0.102 seconds
[2026-08-12T05:59:59.783+0000] {processor.py:186} INFO - Started process (PID=10813) to work on /home/airflow/.local/lib/python3.12/site-packages/airflow/example_dags/tutorial_taskflow_api_virtualenv.py
[2026-08-12T05:59:59.785+0000] {processor.py:914} INFO - Processing file /home/airflow/.local/lib/python3.12/site-packages/airflow/example_dags/tutorial_taskflow_api_virtualenv.py for tasks to queue
[2026-08-12T05:59:59.788+0000] {logging_mixin.py:190} INFO - [2026-08-12T05:59:59.788+0000] {dagbag.py:587} INFO - Filling up the DagBag from /home/airflow/.local/lib/python3.12/site-packages/airflow/example_dags/tutorial_taskflow_api_virtualenv.py
[2026-08-12T05:59:59.806+0000] {processor.py:925} INFO - DAG(s) 'tutorial_taskflow_api_virtualenv' retrieved from /home/airflow/.local/lib/python3.12/site-packages/airflow/example_dags/tutorial_taskflow_api_virtualenv.py
[2026-08-12T05:59:59.837+0000] {logging_mixin.py:190} INFO - [2026-08-12T05:59:59.836+0000] {dag.py:3211} INFO - Sync 1 DAGs
[2026-08-12T05:59:59.860+0000] {logging_mixin.py:190} INFO - [2026-08-12T05:59:59.860+0000] {dag.py:4138} INFO - Setting next_dagrun for tutorial_taskflow_api_virtualenv to None, run_after=None
[2026-08-12T05:59:59.891+0000] {processor.py:208} INFO - Processing /home/airflow/.local/lib/python3.12/site-packages/airflow/example_dags/tutorial_taskflow_api_virtualenv.py took 0.115 seconds
[2026-08-12T06:00:30.754+0000] {processor.py:186} INFO - Started process (PID=10876) to work on /home/airflow/.local/lib/python3.12/site-packages/airflow/example_dags/tutorial_taskflow_api_virtualenv.py
[2026-08-12T06:00:30.756+0000] {processor.py:914} INFO - Processing file /home/airflow/.local/lib/python3.12/site-packages/airflow/example_dags/tutorial_taskflow_api_virtualenv.py for tasks to queue
[2026-08-12T06:00:30.760+0000] {logging_mixin.py:190} INFO - [2026-08-12T06:00:30.759+0000] {dagbag.py:587} INFO - Filling up the DagBag from /home/airflow/.local/lib/python3.12/site-packages/airflow/example_dags/tutorial_taskflow_api_virtualenv.py
[2026-08-12T06:00:30.776+0000] {processor.py:925} INFO - DAG(s) 'tutorial_taskflow_api_virtualenv' retrieved from /home/airflow/.local/lib/python3.12/site-packages/airflow/example_dags/tutorial_taskflow_api_virtualenv.py
[2026-08-12T06:00:30.801+0000] {logging_mixin.py:190} INFO - [2026-08-12T06:00:30.801+0000] {dag.py:3211} INFO - Sync 1 DAGs
[2026-08-12T06:00:30.818+0000] {logging_mixin.py:190} INFO - [2026-08-12T06:00:30.818+0000] {dag.py:4138} INFO - Setting next_dagrun for tutorial_taskflow_api_virtualenv to None, run_after=None
[2026-08-12T06:00:30.842+0000] {processor.py:208} INFO - Processing /home/airflow/.local/lib/python3.12/site-packages/airflow/example_dags/tutorial_taskflow_api_virtualenv.py took 0.095 seconds
[2026-08-12T06:01:01.343+0000] {processor.py:186} INFO - Started process (PID=10939) to work on /home/airflow/.local/lib/python3.12/site-packages/airflow/example_dags/tutorial_taskflow_api_virtualenv.py
[2026-08-12T06:01:01.349+0000] {processor.py:914} INFO - Processing file /home/airflow/.local/lib/python3.12/site-packages/airflow/example_dags/tutorial_taskflow_api_virtualenv.py for tasks to queue
[2026-08-12T06:01:01.354+0000] {logging_mixin.py:190} INFO - [2026-08-12T06:01:01.354+0000] {dagbag.py:587} INFO - Filling up the DagBag from /home/airflow/.local/lib/python3.12/site-packages/airflow/example_dags/tutorial_taskflow_api_virtualenv.py
[2026-08-12T06:01:01.370+0000] {processor.py:925} INFO - DAG(s) 'tutorial_taskflow_api_virtualenv' retrieved from /home/airflow/.local/lib/python3.12/site-packages/airflow/example_dags/tutorial_taskflow_api_virtualenv.py
[2026-08-12T06:01:01.396+0000] {logging_mixin.py:190} INFO - [2026-08-12T06:01:01.395+0000] {dag.py:3211} INFO - Sync 1 DAGs
[2026-08-12T06:01:01.414+0000] {logging_mixin.py:190} INFO - [2026-08-12T06:01:01.414+0000] {dag.py:4138} INFO - Setting next_dagrun for tutorial_taskflow_api_virtualenv to None, run_after=None
[2026-08-12T06:01:01.444+0000] {processor.py:208} INFO - Processing /home/airflow/.local/lib/python3.12/site-packages/airflow/example_dags/tutorial_taskflow_api_virtualenv.py took 0.107 seconds
[2026-08-12T06:01:31.976+0000] {processor.py:186} INFO - Started process (PID=11002) to work on /home/airflow/.local/lib/python3.12/site-packages/airflow/example_dags/tutorial_taskflow_api_virtualenv.py
[2026-08-12T06:01:31.978+0000] {processor.py:914} INFO - Processing file /home/airflow/.local/lib/python3.12/site-packages/airflow/example_dags/tutorial_taskflow_api_virtualenv.py for tasks to queue
[2026-08-12T06:01:31.984+0000] {logging_mixin.py:190} INFO - [2026-08-12T06:01:31.984+0000] {dagbag.py:587} INFO - Filling up the DagBag from /home/airflow/.local/lib/python3.12/site-packages/airflow/example_dags/tutorial_taskflow_api_virtualenv.py
[2026-08-12T06:01:32.001+0000] {processor.py:925} INFO - DAG(s) 'tutorial_taskflow_api_virtualenv' retrieved from /home/airflow/.local/lib/python3.12/site-packages/airflow/example_dags/tutorial_taskflow_api_virtualenv.py
[2026-08-12T06:01:32.023+0000] {logging_mixin.py:190} INFO - [2026-08-12T06:01:32.023+0000] {dag.py:3211} INFO - Sync 1 DAGs
[2026-08-12T06:01:32.039+0000] {logging_mixin.py:190} INFO - [2026-08-12T06:01:32.039+0000] {dag.py:4138} INFO - Setting next_dagrun for tutorial_taskflow_api_virtualenv to None, run_after=None
[2026-08-12T06:01:32.073+0000] {processor.py:208} INFO - Processing /home/airflow/.local/lib/python3.12/site-packages/airflow/example_dags/tutorial_taskflow_api_virtualenv.py took 0.103 seconds
[2026-08-12T06:02:02.718+0000] {processor.py:186} INFO - Started process (PID=11065) to work on /home/airflow/.local/lib/python3.12/site-packages/airflow/example_dags/tutorial_taskflow_api_virtualenv.py
[2026-08-12T06:02:02.722+0000] {processor.py:914} INFO - Processing file /home/airflow/.local/lib/python3.12/site-packages/airflow/example_dags/tutorial_taskflow_api_virtualenv.py for tasks to queue
[2026-08-12T06:02:02.727+0000] {logging_mixin.py:190} INFO - [2026-08-12T06:02:02.726+0000] {dagbag.py:587} INFO - Filling up the DagBag from /home/airflow/.local/lib/python3.12/site-packages/airflow/example_dags/tutorial_taskflow_api_virtualenv.py
[2026-08-12T06:02:02.747+0000] {processor.py:925} INFO - DAG(s) 'tutorial_taskflow_api_virtualenv' retrieved from /home/airflow/.local/lib/python3.12/site-packages/airflow/example_dags/tutorial_taskflow_api_virtualenv.py
[2026-08-12T06:02:02.789+0000] {logging_mixin.py:190} INFO - [2026-08-12T06:02:02.786+0000] {dag.py:3211} INFO - Sync 1 DAGs
[2026-08-12T06:02:02.820+0000] {logging_mixin.py:190} INFO - [2026-08-12T06:02:02.819+0000] {dag.py:4138} INFO - Setting next_dagrun for tutorial_taskflow_api_virtualenv to None, run_after=None
[2026-08-12T06:02:02.857+0000] {processor.py:208} INFO - Processing /home/airflow/.local/lib/python3.12/site-packages/airflow/example_dags/tutorial_taskflow_api_virtualenv.py took 0.147 seconds
[2026-08-12T06:02:33.641+0000] {processor.py:186} INFO - Started process (PID=11128) to work on /home/airflow/.local/lib/python3.12/site-packages/airflow/example_dags/tutorial_taskflow_api_virtualenv.py
[2026-08-12T06:02:33.644+0000] {processor.py:914} INFO - Processing file /home/airflow/.local/lib/python3.12/site-packages/airflow/example_dags/tutorial_taskflow_api_virtualenv.py for tasks to queue
[2026-08-12T06:02:33.649+0000] {logging_mixin.py:190} INFO - [2026-08-12T06:02:33.649+0000] {dagbag.py:587} INFO - Filling up the DagBag from /home/airflow/.local/lib/python3.12/site-packages/airflow/example_dags/tutorial_taskflow_api_virtualenv.py
[2026-08-12T06:02:33.666+0000] {processor.py:925} INFO - DAG(s) 'tutorial_taskflow_api_virtualenv' retrieved from /home/airflow/.local/lib/python3.12/site-packages/airflow/example_dags/tutorial_taskflow_api_virtualenv.py
[2026-08-12T06:02:33.690+0000] {logging_mixin.py:190} INFO - [2026-08-12T06:02:33.690+0000] {dag.py:3211} INFO - Sync 1 DAGs
[2026-08-12T06:02:33.714+0000] {logging_mixin.py:190} INFO - [2026-08-12T06:02:33.713+0000] {dag.py:4138} INFO - Setting next_dagrun for tutorial_taskflow_api_virtualenv to None, run_after=None
[2026-08-12T06:02:33.740+0000] {processor.py:208} INFO - Processing /home/airflow/.local/lib/python3.12/site-packages/airflow/example_dags/tutorial_taskflow_api_virtualenv.py took 0.105 seconds
[2026-08-12T06:03:04.910+0000] {processor.py:186} INFO - Started process (PID=11191) to work on /home/airflow/.local/lib/python3.12/site-packages/airflow/example_dags/tutorial_taskflow_api_virtualenv.py
[2026-08-12T06:03:04.913+0000] {processor.py:914} INFO - Processing file /home/airflow/.local/lib/python3.12/site-packages/airflow/example_dags/tutorial_taskflow_api_virtualenv.py for tasks to queue
[2026-08-12T06:03:04.920+0000] {logging_mixin.py:190} INFO - [2026-08-12T06:03:04.919+0000] {dagbag.py:587} INFO - Filling up the DagBag from /home/airflow/.local/lib/python3.12/site-packages/airflow/example_dags/tutorial_taskflow_api_virtualenv.py
[2026-08-12T06:03:04.943+0000] {processor.py:925} INFO - DAG(s) 'tutorial_taskflow_api_virtualenv' retrieved from /home/airflow/.local/lib/python3.12/site-packages/airflow/example_dags/tutorial_taskflow_api_virtualenv.py
[2026-08-12T06:03:04.984+0000] {logging_mixin.py:190} INFO - [2026-08-12T06:03:04.984+0000] {dag.py:3211} INFO - Sync 1 DAGs
[2026-08-12T06:03:05.015+0000] {logging_mixin.py:190} INFO - [2026-08-12T06:03:05.015+0000] {dag.py:4138} INFO - Setting next_dagrun for tutorial_taskflow_api_virtualenv to None, run_after=None
[2026-08-12T06:03:05.057+0000] {processor.py:208} INFO - Processing /home/airflow/.local/lib/python3.12/site-packages/airflow/example_dags/tutorial_taskflow_api_virtualenv.py took 0.155 seconds
[2026-08-12T06:03:36.227+0000] {processor.py:186} INFO - Started process (PID=11254) to work on /home/airflow/.local/lib/python3.12/site-packages/airflow/example_dags/tutorial_taskflow_api_virtualenv.py
[2026-08-12T06:03:36.231+0000] {processor.py:914} INFO - Processing file /home/airflow/.local/lib/python3.12/site-packages/airflow/example_dags/tutorial_taskflow_api_virtualenv.py for tasks to queue
[2026-08-12T06:03:36.239+0000] {logging_mixin.py:190} INFO - [2026-08-12T06:03:36.238+0000] {dagbag.py:587} INFO - Filling up the DagBag from /home/airflow/.local/lib/python3.12/site-packages/airflow/example_dags/tutorial_taskflow_api_virtualenv.py
[2026-08-12T06:03:36.296+0000] {processor.py:925} INFO - DAG(s) 'tutorial_taskflow_api_virtualenv' retrieved from /home/airflow/.local/lib/python3.12/site-packages/airflow/example_dags/tutorial_taskflow_api_virtualenv.py
[2026-08-12T06:03:36.349+0000] {logging_mixin.py:190} INFO - [2026-08-12T06:03:36.348+0000] {dag.py:3211} INFO - Sync 1 DAGs
[2026-08-12T06:03:36.392+0000] {logging_mixin.py:190} INFO - [2026-08-12T06:03:36.392+0000] {dag.py:4138} INFO - Setting next_dagrun for tutorial_taskflow_api_virtualenv to None, run_after=None
[2026-08-12T06:03:36.432+0000] {processor.py:208} INFO - Processing /home/airflow/.local/lib/python3.12/site-packages/airflow/example_dags/tutorial_taskflow_api_virtualenv.py took 0.224 seconds
[2026-08-12T06:04:06.638+0000] {processor.py:186} INFO - Started process (PID=11317) to work on /home/airflow/.local/lib/python3.12/site-packages/airflow/example_dags/tutorial_taskflow_api_virtualenv.py
[2026-08-12T06:04:06.641+0000] {processor.py:914} INFO - Processing file /home/airflow/.local/lib/python3.12/site-packages/airflow/example_dags/tutorial_taskflow_api_virtualenv.py for tasks to queue
[2026-08-12T06:04:06.648+0000] {logging_mixin.py:190} INFO - [2026-08-12T06:04:06.647+0000] {dagbag.py:587} INFO - Filling up the DagBag from /home/airflow/.local/lib/python3.12/site-packages/airflow/example_dags/tutorial_taskflow_api_virtualenv.py
[2026-08-12T06:04:06.669+0000] {processor.py:925} INFO - DAG(s) 'tutorial_taskflow_api_virtualenv' retrieved from /home/airflow/.local/lib/python3.12/site-packages/airflow/example_dags/tutorial_taskflow_api_virtualenv.py
[2026-08-12T06:04:06.710+0000] {logging_mixin.py:190} INFO - [2026-08-12T06:04:06.710+0000] {dag.py:3211} INFO - Sync 1 DAGs
[2026-08-12T06:04:06.741+0000] {logging_mixin.py:190} INFO - [2026-08-12T06:04:06.740+0000] {dag.py:4138} INFO - Setting next_dagrun for tutorial_taskflow_api_virtualenv to None, run_after=None
[2026-08-12T06:04:06.775+0000] {processor.py:208} INFO - Processing /home/airflow/.local/lib/python3.12/site-packages/airflow/example_dags/tutorial_taskflow_api_virtualenv.py took 0.149 seconds
[2026-08-12T06:04:38.034+0000] {processor.py:186} INFO - Started process (PID=11382) to work on /home/airflow/.local/lib/python3.12/site-packages/airflow/example_dags/tutorial_taskflow_api_virtualenv.py
[2026-08-12T06:04:38.047+0000] {processor.py:914} INFO - Processing file /home/airflow/.local/lib/python3.12/site-packages/airflow/example_dags/tutorial_taskflow_api_virtualenv.py for tasks to queue
[2026-08-12T06:04:38.065+0000] {logging_mixin.py:190} INFO - [2026-08-12T06:04:38.064+0000] {dagbag.py:587} INFO - Filling up the DagBag from /home/airflow/.local/lib/python3.12/site-packages/airflow/example_dags/tutorial_taskflow_api_virtualenv.py
[2026-08-12T06:04:38.130+0000] {processor.py:925} INFO - DAG(s) 'tutorial_taskflow_api_virtualenv' retrieved from /home/airflow/.local/lib/python3.12/site-packages/airflow/example_dags/tutorial_taskflow_api_virtualenv.py
[2026-08-12T06:04:38.184+0000] {logging_mixin.py:190} INFO - [2026-08-12T06:04:38.183+0000] {dag.py:3211} INFO - Sync 1 DAGs
[2026-08-12T06:04:38.216+0000] {logging_mixin.py:190} INFO - [2026-08-12T06:04:38.215+0000] {dag.py:4138} INFO - Setting next_dagrun for tutorial_taskflow_api_virtualenv to None, run_after=None
[2026-08-12T06:04:38.261+0000] {processor.py:208} INFO - Processing /home/airflow/.local/lib/python3.12/site-packages/airflow/example_dags/tutorial_taskflow_api_virtualenv.py took 0.266 seconds
[2026-08-12T06:05:09.570+0000] {processor.py:186} INFO - Started process (PID=11455) to work on /home/airflow/.local/lib/python3.12/site-packages/airflow/example_dags/tutorial_taskflow_api_virtualenv.py
[2026-08-12T06:05:09.574+0000] {processor.py:914} INFO - Processing file /home/airflow/.local/lib/python3.12/site-packages/airflow/example_dags/tutorial_taskflow_api_virtualenv.py for tasks to queue
[2026-08-12T06:05:09.580+0000] {logging_mixin.py:190} INFO - [2026-08-12T06:05:09.579+0000] {dagbag.py:587} INFO - Filling up the DagBag from /home/airflow/.local/lib/python3.12/site-packages/airflow/example_dags/tutorial_taskflow_api_virtualenv.py
[2026-08-12T06:05:09.597+0000] {processor.py:925} INFO - DAG(s) 'tutorial_taskflow_api_virtualenv' retrieved from /home/airflow/.local/lib/python3.12/site-packages/airflow/example_dags/tutorial_taskflow_api_virtualenv.py
[2026-08-12T06:05:09.623+0000] {logging_mixin.py:190} INFO - [2026-08-12T06:05:09.623+0000] {dag.py:3211} INFO - Sync 1 DAGs
[2026-08-12T06:05:09.638+0000] {logging_mixin.py:190} INFO - [2026-08-12T06:05:09.638+0000] {dag.py:4138} INFO - Setting next_dagrun for tutorial_taskflow_api_virtualenv to None, run_after=None
[2026-08-12T06:05:09.662+0000] {processor.py:208} INFO - Processing /home/airflow/.local/lib/python3.12/site-packages/airflow/example_dags/tutorial_taskflow_api_virtualenv.py took 0.105 seconds
[2026-08-12T06:05:40.038+0000] {processor.py:186} INFO - Started process (PID=11520) to work on /home/airflow/.local/lib/python3.12/site-packages/airflow/example_dags/tutorial_taskflow_api_virtualenv.py
[2026-08-12T06:05:40.040+0000] {processor.py:914} INFO - Processing file /home/airflow/.local/lib/python3.12/site-packages/airflow/example_dags/tutorial_taskflow_api_virtualenv.py for tasks to queue
[2026-08-12T06:05:40.044+0000] {logging_mixin.py:190} INFO - [2026-08-12T06:05:40.043+0000] {dagbag.py:587} INFO - Filling up the DagBag from /home/airflow/.local/lib/python3.12/site-packages/airflow/example_dags/tutorial_taskflow_api_virtualenv.py
[2026-08-12T06:05:40.067+0000] {processor.py:925} INFO - DAG(s) 'tutorial_taskflow_api_virtualenv' retrieved from /home/airflow/.local/lib/python3.12/site-packages/airflow/example_dags/tutorial_taskflow_api_virtualenv.py
[2026-08-12T06:05:40.103+0000] {logging_mixin.py:190} INFO - [2026-08-12T06:05:40.103+0000] {dag.py:3211} INFO - Sync 1 DAGs
[2026-08-12T06:05:40.125+0000] {logging_mixin.py:190} INFO - [2026-08-12T06:05:40.124+0000] {dag.py:4138} INFO - Setting next_dagrun for tutorial_taskflow_api_virtualenv to None, run_after=None
[2026-08-12T06:05:40.158+0000] {processor.py:208} INFO - Processing /home/airflow/.local/lib/python3.12/site-packages/airflow/example_dags/tutorial_taskflow_api_virtualenv.py took 0.127 seconds
[2026-08-12T06:06:10.953+0000] {processor.py:186} INFO - Started process (PID=11585) to work on /home/airflow/.local/lib/python3.12/site-packages/airflow/example_dags/tutorial_taskflow_api_virtualenv.py
[2026-08-12T06:06:10.956+0000] {processor.py:914} INFO - Processing file /home/airflow/.local/lib/python3.12/site-packages/airflow/example_dags/tutorial_taskflow_api_virtualenv.py for tasks to queue
[2026-08-12T06:06:10.960+0000] {logging_mixin.py:190} INFO - [2026-08-12T06:06:10.959+0000] {dagbag.py:587} INFO - Filling up the DagBag from /home/airflow/.local/lib/python3.12/site-packages/airflow/example_dags/tutorial_taskflow_api_virtualenv.py
[2026-08-12T06:06:10.975+0000] {processor.py:925} INFO - DAG(s) 'tutorial_taskflow_api_virtualenv' retrieved from /home/airflow/.local/lib/python3.12/site-packages/airflow/example_dags/tutorial_taskflow_api_virtualenv.py
[2026-08-12T06:06:11.002+0000] {logging_mixin.py:190} INFO - [2026-08-12T06:06:11.002+0000] {dag.py:3211} INFO - Sync 1 DAGs
[2026-08-12T06:06:11.020+0000] {logging_mixin.py:190} INFO - [2026-08-12T06:06:11.020+0000] {dag.py:4138} INFO - Setting next_dagrun for tutorial_taskflow_api_virtualenv to None, run_after=None
[2026-08-12T06:06:11.050+0000] {processor.py:208} INFO - Processing /home/airflow/.local/lib/python3.12/site-packages/airflow/example_dags/tutorial_taskflow_api_virtualenv.py took 0.104 seconds
[2026-08-12T06:06:42.173+0000] {processor.py:186} INFO - Started process (PID=11649) to work on /home/airflow/.local/lib/python3.12/site-packages/airflow/example_dags/tutorial_taskflow_api_virtualenv.py
[2026-08-12T06:06:42.176+0000] {processor.py:914} INFO - Processing file /home/airflow/.local/lib/python3.12/site-packages/airflow/example_dags/tutorial_taskflow_api_virtualenv.py for tasks to queue
[2026-08-12T06:06:42.180+0000] {logging_mixin.py:190} INFO - [2026-08-12T06:06:42.179+0000] {dagbag.py:587} INFO - Filling up the DagBag from /home/airflow/.local/lib/python3.12/site-packages/airflow/example_dags/tutorial_taskflow_api_virtualenv.py
[2026-08-12T06:06:42.194+0000] {processor.py:925} INFO - DAG(s) 'tutorial_taskflow_api_virtualenv' retrieved from /home/airflow/.local/lib/python3.12/site-packages/airflow/example_dags/tutorial_taskflow_api_virtualenv.py
[2026-08-12T06:06:42.220+0000] {logging_mixin.py:190} INFO - [2026-08-12T06:06:42.220+0000] {dag.py:3211} INFO - Sync 1 DAGs
[2026-08-12T06:06:42.237+0000] {logging_mixin.py:190} INFO - [2026-08-12T06:06:42.237+0000] {dag.py:4138} INFO - Setting next_dagrun for tutorial_taskflow_api_virtualenv to None, run_after=None
[2026-08-12T06:06:42.263+0000] {processor.py:208} INFO - Processing /home/airflow/.local/lib/python3.12/site-packages/airflow/example_dags/tutorial_taskflow_api_virtualenv.py took 0.095 seconds
[2026-08-12T06:07:12.859+0000] {processor.py:186} INFO - Started process (PID=11713) to work on /home/airflow/.local/lib/python3.12/site-packages/airflow/example_dags/tutorial_taskflow_api_virtualenv.py
[2026-08-12T06:07:12.862+0000] {processor.py:914} INFO - Processing file /home/airflow/.local/lib/python3.12/site-packages/airflow/example_dags/tutorial_taskflow_api_virtualenv.py for tasks to queue
[2026-08-12T06:07:12.866+0000] {logging_mixin.py:190} INFO - [2026-08-12T06:07:12.866+0000] {dagbag.py:587} INFO - Filling up the DagBag from /home/airflow/.local/lib/python3.12/site-packages/airflow/example_dags/tutorial_taskflow_api_virtualenv.py
[2026-08-12T06:07:12.880+0000] {processor.py:925} INFO - DAG(s) 'tutorial_taskflow_api_virtualenv' retrieved from /home/airflow/.local/lib/python3.12/site-packages/airflow/example_dags/tutorial_taskflow_api_virtualenv.py
[2026-08-12T06:07:12.904+0000] {logging_mixin.py:190} INFO - [2026-08-12T06:07:12.903+0000] {dag.py:3211} INFO - Sync 1 DAGs
[2026-08-12T06:07:12.920+0000] {logging_mixin.py:190} INFO - [2026-08-12T06:07:12.920+0000] {dag.py:4138} INFO - Setting next_dagrun for tutorial_taskflow_api_virtualenv to None, run_after=None
[2026-08-12T06:07:12.944+0000] {processor.py:208} INFO - Processing /home/airflow/.local/lib/python3.12/site-packages/airflow/example_dags/tutorial_taskflow_api_virtualenv.py took 0.091 seconds
[2026-08-12T06:07:43.250+0000] {processor.py:186} INFO - Started process (PID=11777) to work on /home/airflow/.local/lib/python3.12/site-packages/airflow/example_dags/tutorial_taskflow_api_virtualenv.py
[2026-08-12T06:07:43.252+0000] {processor.py:914} INFO - Processing file /home/airflow/.local/lib/python3.12/site-packages/airflow/example_dags/tutorial_taskflow_api_virtualenv.py for tasks to queue
[2026-08-12T06:07:43.258+0000] {logging_mixin.py:190} INFO - [2026-08-12T06:07:43.258+0000] {dagbag.py:587} INFO - Filling up the DagBag from /home/airflow/.local/lib/python3.12/site-packages/airflow/example_dags/tutorial_taskflow_api_virtualenv.py
[2026-08-12T06:07:43.274+0000] {processor.py:925} INFO - DAG(s) 'tutorial_taskflow_api_virtualenv' retrieved from /home/airflow/.local/lib/python3.12/site-packages/airflow/example_dags/tutorial_taskflow_api_virtualenv.py
[2026-08-12T06:07:43.298+0000] {logging_mixin.py:190} INFO - [2026-08-12T06:07:43.298+0000] {dag.py:3211} INFO - Sync 1 DAGs
[2026-08-12T06:07:43.313+0000] {logging_mixin.py:190} INFO - [2026-08-12T06:07:43.313+0000] {dag.py:4138} INFO - Setting next_dagrun for tutorial_taskflow_api_virtualenv to None, run_after=None
[2026-08-12T06:07:43.335+0000] {processor.py:208} INFO - Processing /home/airflow/.local/lib/python3.12/site-packages/airflow/example_dags/tutorial_taskflow_api_virtualenv.py took 0.101 seconds
[2026-08-12T06:08:14.238+0000] {processor.py:186} INFO - Started process (PID=11842) to work on /home/airflow/.local/lib/python3.12/site-packages/airflow/example_dags/tutorial_taskflow_api_virtualenv.py
[2026-08-12T06:08:14.241+0000] {processor.py:914} INFO - Processing file /home/airflow/.local/lib/python3.12/site-packages/airflow/example_dags/tutorial_taskflow_api_virtualenv.py for tasks to queue
[2026-08-12T06:08:14.246+0000] {logging_mixin.py:190} INFO - [2026-08-12T06:08:14.245+0000] {dagbag.py:587} INFO - Filling up the DagBag from /home/airflow/.local/lib/python3.12/site-packages/airflow/example_dags/tutorial_taskflow_api_virtualenv.py
[2026-08-12T06:08:14.260+0000] {processor.py:925} INFO - DAG(s) 'tutorial_taskflow_api_virtualenv' retrieved from /home/airflow/.local/lib/python3.12/site-packages/airflow/example_dags/tutorial_taskflow_api_virtualenv.py
[2026-08-12T06:08:14.283+0000] {logging_mixin.py:190} INFO - [2026-08-12T06:08:14.283+0000] {dag.py:3211} INFO - Sync 1 DAGs
[2026-08-12T06:08:14.300+0000] {logging_mixin.py:190} INFO - [2026-08-12T06:08:14.299+0000] {dag.py:4138} INFO - Setting next_dagrun for tutorial_taskflow_api_virtualenv to None, run_after=None
[2026-08-12T06:08:14.320+0000] {processor.py:208} INFO - Processing /home/airflow/.local/lib/python3.12/site-packages/airflow/example_dags/tutorial_taskflow_api_virtualenv.py took 0.088 seconds
[2026-08-12T06:08:44.866+0000] {processor.py:186} INFO - Started process (PID=11906) to work on /home/airflow/.local/lib/python3.12/site-packages/airflow/example_dags/tutorial_taskflow_api_virtualenv.py
[2026-08-12T06:08:44.869+0000] {processor.py:914} INFO - Processing file /home/airflow/.local/lib/python3.12/site-packages/airflow/example_dags/tutorial_taskflow_api_virtualenv.py for tasks to queue
[2026-08-12T06:08:44.873+0000] {logging_mixin.py:190} INFO - [2026-08-12T06:08:44.873+0000] {dagbag.py:587} INFO - Filling up the DagBag from /home/airflow/.local/lib/python3.12/site-packages/airflow/example_dags/tutorial_taskflow_api_virtualenv.py
[2026-08-12T06:08:44.888+0000] {processor.py:925} INFO - DAG(s) 'tutorial_taskflow_api_virtualenv' retrieved from /home/airflow/.local/lib/python3.12/site-packages/airflow/example_dags/tutorial_taskflow_api_virtualenv.py
[2026-08-12T06:08:44.911+0000] {logging_mixin.py:190} INFO - [2026-08-12T06:08:44.911+0000] {dag.py:3211} INFO - Sync 1 DAGs
[2026-08-12T06:08:44.927+0000] {logging_mixin.py:190} INFO - [2026-08-12T06:08:44.926+0000] {dag.py:4138} INFO - Setting next_dagrun for tutorial_taskflow_api_virtualenv to None, run_after=None
[2026-08-12T06:08:44.955+0000] {processor.py:208} INFO - Processing /home/airflow/.local/lib/python3.12/site-packages/airflow/example_dags/tutorial_taskflow_api_virtualenv.py took 0.094 seconds
[2026-08-12T06:09:15.440+0000] {processor.py:186} INFO - Started process (PID=11969) to work on /home/airflow/.local/lib/python3.12/site-packages/airflow/example_dags/tutorial_taskflow_api_virtualenv.py
[2026-08-12T06:09:15.442+0000] {processor.py:914} INFO - Processing file /home/airflow/.local/lib/python3.12/site-packages/airflow/example_dags/tutorial_taskflow_api_virtualenv.py for tasks to queue
[2026-08-12T06:09:15.448+0000] {logging_mixin.py:190} INFO - [2026-08-12T06:09:15.447+0000] {dagbag.py:587} INFO - Filling up the DagBag from /home/airflow/.local/lib/python3.12/site-packages/airflow/example_dags/tutorial_taskflow_api_virtualenv.py
[2026-08-12T06:09:15.465+0000] {processor.py:925} INFO - DAG(s) 'tutorial_taskflow_api_virtualenv' retrieved from /home/airflow/.local/lib/python3.12/site-packages/airflow/example_dags/tutorial_taskflow_api_virtualenv.py
[2026-08-12T06:09:15.488+0000] {logging_mixin.py:190} INFO - [2026-08-12T06:09:15.488+0000] {dag.py:3211} INFO - Sync 1 DAGs
[2026-08-12T06:09:15.502+0000] {logging_mixin.py:190} INFO - [2026-08-12T06:09:15.502+0000] {dag.py:4138} INFO - Setting next_dagrun for tutorial_taskflow_api_virtualenv to None, run_after=None
[2026-08-12T06:09:15.524+0000] {processor.py:208} INFO - Processing /home/airflow/.local/lib/python3.12/site-packages/airflow/example_dags/tutorial_taskflow_api_virtualenv.py took 0.094 seconds
[2026-08-12T06:09:45.894+0000] {processor.py:186} INFO - Started process (PID=12031) to work on /home/airflow/.local/lib/python3.12/site-packages/airflow/example_dags/tutorial_taskflow_api_virtualenv.py
[2026-08-12T06:09:45.897+0000] {processor.py:914} INFO - Processing file /home/airflow/.local/lib/python3.12/site-packages/airflow/example_dags/tutorial_taskflow_api_virtualenv.py for tasks to queue
[2026-08-12T06:09:45.902+0000] {logging_mixin.py:190} INFO - [2026-08-12T06:09:45.901+0000] {dagbag.py:587} INFO - Filling up the DagBag from /home/airflow/.local/lib/python3.12/site-packages/airflow/example_dags/tutorial_taskflow_api_virtualenv.py
[2026-08-12T06:09:45.918+0000] {processor.py:925} INFO - DAG(s) 'tutorial_taskflow_api_virtualenv' retrieved from /home/airflow/.local/lib/python3.12/site-packages/airflow/example_dags/tutorial_taskflow_api_virtualenv.py
[2026-08-12T06:09:45.949+0000] {logging_mixin.py:190} INFO - [2026-08-12T06:09:45.949+0000] {dag.py:3211} INFO - Sync 1 DAGs
[2026-08-12T06:09:45.975+0000] {logging_mixin.py:190} INFO - [2026-08-12T06:09:45.975+0000] {dag.py:4138} INFO - Setting next_dagrun for tutorial_taskflow_api_virtualenv to None, run_after=None
[2026-08-12T06:09:46.005+0000] {processor.py:208} INFO - Processing /home/airflow/.local/lib/python3.12/site-packages/airflow/example_dags/tutorial_taskflow_api_virtualenv.py took 0.118 seconds
[2026-08-12T06:10:16.606+0000] {processor.py:186} INFO - Started process (PID=12094) to work on /home/airflow/.local/lib/python3.12/site-packages/airflow/example_dags/tutorial_taskflow_api_virtualenv.py
[2026-08-12T06:10:16.609+0000] {processor.py:914} INFO - Processing file /home/airflow/.local/lib/python3.12/site-packages/airflow/example_dags/tutorial_taskflow_api_virtualenv.py for tasks to queue
[2026-08-12T06:10:16.614+0000] {logging_mixin.py:190} INFO - [2026-08-12T06:10:16.613+0000] {dagbag.py:587} INFO - Filling up the DagBag from /home/airflow/.local/lib/python3.12/site-packages/airflow/example_dags/tutorial_taskflow_api_virtualenv.py
[2026-08-12T06:10:16.629+0000] {processor.py:925} INFO - DAG(s) 'tutorial_taskflow_api_virtualenv' retrieved from /home/airflow/.local/lib/python3.12/site-packages/airflow/example_dags/tutorial_taskflow_api_virtualenv.py
[2026-08-12T06:10:16.655+0000] {logging_mixin.py:190} INFO - [2026-08-12T06:10:16.655+0000] {dag.py:3211} INFO - Sync 1 DAGs
[2026-08-12T06:10:16.672+0000] {logging_mixin.py:190} INFO - [2026-08-12T06:10:16.671+0000] {dag.py:4138} INFO - Setting next_dagrun for tutorial_taskflow_api_virtualenv to None, run_after=None
[2026-08-12T06:10:16.701+0000] {processor.py:208} INFO - Processing /home/airflow/.local/lib/python3.12/site-packages/airflow/example_dags/tutorial_taskflow_api_virtualenv.py took 0.102 seconds
